TIMESTAMP,BUS30_VA_ANG,BUS30_VA_MAG,BUS30_VB_ANG,BUS30_VB_MAG,BUS30_VC_ANG,BUS30_VC_MAG,BUS30_IA_ANG,BUS30_IA_MAG,BUS30_IB_ANG,BUS30_IB_MAG,BUS30_IC_ANG,BUS30_IC_MAG,BUS30_Freq,BUS30_ROCOF,DATA_PRESENT,Event
0.000000,-63.922477,205379.702874,176.084682,206730.481370,56.040768,206798.031321,93.960313,645.420884,-26.015830,640.663727,-146.336754,640.742501,59.967032,0.005650,1,0
0.033000,-63.990512,206310.593240,175.952351,206303.241367,56.075788,204884.822893,94.177188,644.898895,-26.307248,646.357979,-145.853127,644.354645,59.977026,-0.005674,1,0
0.067000,-63.802350,206650.729826,176.023119,205237.043077,56.234635,205214.825726,94.223069,641.826058,-25.924134,641.879835,-145.776270,644.623995,59.970472,-0.001227,1,0
0.100000,-63.996676,206128.628101,175.878159,204692.613503,56.017710,206101.944329,93.727370,646.530008,-25.635498,640.114637,-145.897032,643.635608,59.966840,0.003135,1,0
0.133000,-64.003058,206312.864036,175.943793,205819.674332,55.757453,204948.597905,94.060248,647.204860,-25.837750,646.419983,-146.216969,650.497523,59.962136,-0.011011,1,0
0.167000,-64.087742,205765.600698,176.209782,205581.364136,55.949468,206064.790017,93.935748,644.228308,-25.789349,643.902619,-145.931439,643.987172,59.972566,0.002818,1,0
0.200000,-63.893422,206661.449144,175.811473,205383.272051,55.920780,204903.236019,94.495601,639.923065,-26.517095,645.969510,-146.056450,644.171802,59.975840,-0.000280,1,0
0.233000,-64.049202,206483.275485,175.774963,208133.447867,56.070993,205909.307805,94.267946,635.836008,-26.145633,641.612699,-145.769800,644.012215,59.977500,0.008594,1,0
0.267000,-63.899829,205616.977444,176.053933,205890.029625,55.816660,205488.157474,94.172835,640.975939,-25.997264,645.562900,-146.063973,646.713418,59.965908,-0.007697,1,0
0.300000,-64.110818,207253.991295,175.850700,207881.449277,56.161734,205923.918644,94.192619,645.234681,-26.406253,639.742078,-145.876944,652.197490,59.973751,0.017531,1,0
0.333000,-63.892187,206846.434294,176.071540,207444.934241,55.989404,206509.659265,94.030361,638.845287,-25.954078,642.773087,-145.905161,647.543016,59.963711,-0.010428,1,0
0.367000,-63.939461,205871.045766,175.948377,207959.842202,55.965618,205951.298908,94.226941,652.046857,-26.217573,650.120738,-145.883114,640.835069,59.961434,-0.000170,1,0
0.400000,-64.058103,207106.196782,176.080979,206032.006809,56.087958,204401.102420,93.904652,644.326035,-25.850813,653.372759,-146.038770,646.791294,59.967888,0.003914,1,0
0.433000,-63.920155,205786.645819,175.870867,206137.892599,56.018186,204651.332427,94.130233,649.088561,-26.001075,649.429058,-146.008429,646.451160,59.975099,-0.009808,1,0
0.467000,-64.027190,206852.416771,175.853809,207543.919418,55.967233,205012.895902,93.876527,651.215648,-25.882579,642.064126,-146.135817,646.022726,59.970882,0.008504,1,0
0.500000,-64.099470,206694.106852,175.826425,207033.058548,55.981891,207230.807593,93.863394,646.090328,-26.090556,645.712068,-146.094447,641.197752,59.969856,-0.002891,1,0
0.533000,-64.050346,205302.939370,175.878251,205966.355680,56.091159,207753.126570,93.765476,638.761650,-26.104322,644.899133,-146.153305,641.547295,59.970350,-0.002026,1,0
0.567000,-64.092001,205681.488038,176.069538,205574.080231,55.998710,206892.193457,93.806166,637.344707,-25.777320,643.736594,-145.698721,642.471422,59.973678,-0.002563,1,0
0.600000,-63.955909,205976.797138,176.118005,206018.540366,55.931776,205498.599137,93.955193,641.417147,-25.735690,639.220700,-145.790555,640.417648,59.967549,-0.005877,1,0
0.633000,-64.034166,206321.728867,176.141132,206763.939064,56.047435,206560.172113,94.062814,646.815761,-25.777477,648.717240,-145.575116,643.959907,59.971503,0.014961,1,0
0.667000,-63.934241,203967.114779,176.126155,206053.517452,55.967927,206812.895224,93.729708,646.115871,-26.114460,643.513208,-145.923502,649.280942,59.968991,-0.001888,1,0
0.700000,-63.918371,206630.275263,175.862487,206503.742204,55.953882,205549.432708,94.117265,639.585873,-26.160596,644.958550,-146.153596,643.868861,59.966845,0.004730,1,0
0.733000,-64.166414,205456.404264,175.962081,207244.330704,55.899751,207780.619513,94.004284,648.339133,-26.266681,652.646190,-146.276742,650.955122,59.968212,0.004028,1,0
0.767000,-63.933118,206521.959098,175.919831,207218.220300,55.870132,205510.053832,94.109875,640.814272,-26.041393,637.513464,-146.179066,639.486393,59.961437,0.000382,1,0
0.800000,-63.990075,207465.543208,175.986133,207041.896711,56.004846,206617.128424,93.930296,644.051035,-25.955079,651.278986,-145.865184,641.633147,59.971826,0.008850,1,0
0.833000,-63.775899,207091.892776,175.984997,207474.225387,55.954829,206823.554810,94.388813,648.049634,-25.601863,639.166982,-146.028106,641.157603,59.967161,0.000681,1,0
0.867000,-63.924768,207404.766654,176.008642,208068.939308,55.935039,205764.158276,94.182949,645.573967,-25.643178,646.573648,-145.968403,643.729855,59.971728,0.013009,1,0
0.900000,-63.943621,207384.163889,175.938451,206883.341103,56.023041,206717.756100,93.886242,642.487016,-26.037579,640.704831,-145.869286,645.682039,59.967162,0.002245,1,0
0.933000,-63.888807,207238.998376,175.903422,205938.165398,56.052769,206001.595828,93.912576,642.932725,-26.134413,637.469207,-145.570043,642.722916,59.968478,0.003801,1,0
0.967000,-63.954205,206053.487991,175.920750,206417.084739,55.987888,205825.517381,93.601124,639.633265,-26.017673,634.825710,-146.031682,645.994043,59.971028,0.001324,1,0
1.000000,-63.879262,206397.713851,176.106923,206423.011460,56.048221,205791.787211,93.792450,647.729137,-26.318947,644.447705,-145.677470,647.618447,59.967682,0.007484,1,0
1.033000,-63.941246,207604.780172,175.940540,208742.169997,56.051163,208458.517505,94.393355,648.666554,-26.296584,640.304320,-145.980951,643.349841,59.972722,-0.005302,1,0
1.067000,-64.185091,207238.017372,176.184036,208977.900153,56.092087,206815.021649,93.789754,645.149251,-25.685723,642.398649,-146.299020,645.471362,59.970530,-0.003696,1,0
1.100000,-63.856665,206940.047078,175.947826,206654.503858,56.158202,205576.490543,94.130493,642.194155,-25.861532,647.654240,-145.665306,640.851612,59.971513,0.005763,1,0
1.133000,-64.112918,206373.596766,176.010434,206681.557320,56.294473,206923.772930,94.043590,645.003192,-25.632411,645.559145,-145.982613,640.431517,59.974787,-0.005788,1,0
1.167000,-64.032562,206865.234781,175.829690,207959.283288,55.986053,206165.220510,93.668682,639.586399,-26.339357,642.313825,-146.088401,645.591119,59.979796,0.014201,1,0
1.200000,-64.017567,208305.587417,175.791439,206924.630640,56.028072,208466.664106,93.775532,644.191400,-26.517523,645.876019,-145.909531,644.143009,59.966819,0.008607,1,0
1.233000,-64.108657,205421.956368,175.903970,208709.894248,55.843875,209699.026091,93.861255,644.295271,-25.974506,651.202980,-146.251559,642.807370,59.973465,0.001673,1,0
1.267000,-63.993837,206877.474167,175.711939,208279.949180,56.052290,207883.165522,93.845439,642.700744,-26.574111,640.494195,-146.197756,642.496152,59.980440,0.002403,1,0
1.300000,-63.918693,206890.400281,176.058385,208423.070101,55.878716,207190.542828,93.997673,637.080527,-25.902358,640.953033,-146.158467,642.529028,59.976216,-0.005807,1,0
1.333000,-64.010623,207613.908557,176.016723,206837.739282,55.819785,207553.787545,93.888215,640.414189,-25.849933,640.891382,-146.157654,639.883860,59.976780,0.009505,1,0
1.367000,-64.110187,208239.110605,176.001690,208174.803345,55.789238,206846.656353,93.889647,636.479848,-25.945211,645.464678,-146.299152,635.854985,59.978666,0.009493,1,0
1.400000,-64.030793,206371.778805,175.882054,206753.426196,55.903405,208554.953431,93.922512,644.573155,-26.233831,642.231355,-145.960031,633.121651,59.969251,-0.001854,1,0
1.433000,-64.185995,207223.739132,175.798806,207676.002276,55.822776,208772.299620,93.889137,639.205380,-26.485150,638.303222,-146.120955,646.424456,59.967905,-0.002323,1,0
1.467000,-64.042008,207266.894718,175.944958,209142.366873,56.091643,206805.816553,94.224516,638.484504,-26.139086,636.332645,-146.008349,634.891921,59.978110,-0.010117,1,0
1.500000,-63.932821,207234.139793,175.720938,208330.974963,55.965025,207347.141998,93.739981,636.516997,-26.074083,638.961515,-146.091593,649.510952,59.976662,-0.002489,1,0
1.533000,-63.899523,206630.743026,176.098930,209897.932781,56.023666,207119.896029,94.005311,642.610337,-25.898646,640.494487,-145.868187,645.230233,59.977147,0.003381,1,0
1.567000,-63.974628,207345.888677,175.912910,209853.547010,56.003141,206913.959082,93.887331,632.941599,-25.709464,638.541247,-145.604612,629.128864,59.980362,-0.000564,1,0
1.600000,-64.153843,208303.378603,176.094536,209045.132018,55.894345,207517.812702,93.686911,639.232853,-26.222138,637.817866,-146.230175,638.600318,59.963581,0.003409,1,0
1.633000,-64.171248,208082.284002,175.934302,207523.859496,55.773622,207861.040215,93.907638,641.464279,-26.132169,637.174525,-146.366821,638.363570,59.971319,-0.003865,1,0
1.667000,-64.072157,208131.831636,175.930602,207008.269997,55.889448,209192.896994,93.813039,641.179251,-26.076546,645.058067,-146.182699,641.400043,59.975274,0.005093,1,0
1.700000,-64.009210,207864.322793,175.848112,208471.018920,56.149360,207122.545110,94.063498,637.916584,-26.111663,641.237024,-145.618739,640.566906,59.975748,0.010431,1,0
1.733000,-64.065938,208381.804706,175.808212,206263.639709,56.058943,207220.953726,94.274548,646.955169,-26.093983,644.859253,-145.646967,636.645243,59.979014,0.003701,1,0
1.767000,-63.933122,207372.736402,176.063164,207529.882175,56.122486,208287.416116,94.052344,647.859207,-25.759301,640.842606,-145.781409,641.366234,59.979619,-0.004307,1,0
1.800000,-64.080136,208070.326402,176.038009,208389.366967,55.837800,208492.926315,94.040917,642.473471,-25.774080,642.537377,-146.126319,646.893032,59.982717,-0.007627,1,0
1.833000,-63.953901,209399.295800,175.958827,208976.899002,55.971494,209363.148367,93.791000,635.885300,-25.806421,633.178336,-146.055176,645.170042,59.976554,-0.003252,1,0
1.867000,-64.064215,207520.487567,176.067623,209975.376004,56.078829,208794.824776,93.945327,637.510549,-25.501325,641.476612,-146.002294,641.361007,59.982866,0.006326,1,0
1.900000,-64.159593,207729.189948,175.878060,206729.855234,55.939373,207058.563946,93.997208,647.687082,-26.516363,638.688504,-145.829016,644.869246,59.980553,-0.002479,1,0
1.933000,-64.048077,208759.543523,175.938792,208792.172973,55.988476,208305.025342,93.851593,641.049601,-26.245595,629.925933,-146.303214,638.451974,59.980922,-0.008047,1,0
1.967000,-64.026250,208505.914820,176.014520,208528.717091,55.980758,208857.435164,94.183656,641.351088,-26.420933,643.478089,-146.111271,645.282522,59.986899,-0.007587,1,0
2.000000,-63.972198,208371.557450,176.010854,208416.591886,56.075708,209534.747350,94.016562,641.344847,-25.706289,645.437439,-145.669467,648.906644,59.979647,0.021946,1,0
2.033000,-64.096933,207601.277312,176.068633,205954.393278,56.158330,208855.334954,94.117012,640.811781,-25.870262,641.298945,-145.762768,641.533270,59.973848,0.014539,1,0
2.067000,-63.976208,209599.899512,175.904500,209927.247711,55.928566,206699.177280,94.066283,639.683498,-26.294917,644.843204,-145.989082,644.418794,59.978404,-0.001071,1,0
2.100000,-64.006977,207542.436825,175.888925,208329.867556,56.019789,207205.534234,94.173165,647.714719,-26.239434,643.362584,-146.256502,642.155739,59.968348,-0.011170,1,0
2.133000,-63.883554,208235.031212,176.033171,207457.224218,56.167143,208095.142084,94.007133,642.105194,-25.797153,648.820827,-146.131507,645.431427,59.965717,0.005500,1,0
2.167000,-64.040971,208737.238126,175.958400,210424.537669,55.938962,208684.038611,93.919356,645.528344,-26.155097,641.884794,-145.998429,649.740812,59.977001,0.002721,1,0
2.200000,-64.101450,207264.688113,176.088879,208340.614139,55.942769,209205.877353,93.893615,644.257115,-25.887117,647.445287,-146.294060,642.666915,59.975201,-0.001132,1,0
2.233000,-64.193012,207918.022928,176.081867,208649.953636,56.022516,208858.077058,94.010825,651.198104,-26.034870,647.546949,-146.145312,646.649034,59.980738,0.010017,1,0
2.267000,-64.014538,208730.320409,176.077783,209130.841131,55.877927,208005.218866,94.277660,642.085880,-26.086366,648.266135,-146.063384,649.334720,59.974492,0.004250,1,0
2.300000,-63.948181,206832.170201,176.189711,208724.468453,55.914196,207026.695423,94.225453,648.816142,-26.081645,643.965034,-146.059261,648.662062,59.975513,0.002004,1,0
2.333000,-63.891522,208883.699354,175.837573,208132.432932,55.894213,208704.413709,94.129288,641.667946,-25.928081,641.031214,-146.116084,645.377619,59.982812,0.005314,1,0
2.367000,-64.164974,207681.788260,175.996967,208942.811418,56.086842,207165.037902,93.801315,644.310164,-25.930052,638.062816,-146.074881,645.191437,59.985023,0.013302,1,0
2.400000,-64.034025,206979.868866,175.739292,208748.406407,55.952554,208396.753156,94.197524,645.282437,-26.498262,643.139949,-146.203036,638.068303,59.981309,0.005503,1,0
2.433000,-64.054663,207137.509186,175.849918,208171.866346,55.895820,207589.160899,94.091823,642.170313,-25.937282,644.756049,-146.037266,637.056644,59.983507,-0.014386,1,0
2.467000,-64.021717,207637.578442,175.677013,208274.582804,55.795241,206504.255323,94.084382,639.308737,-26.149218,641.300297,-146.180914,640.114201,59.986563,0.007822,1,0
2.500000,-64.058986,205744.797379,175.779631,207556.551716,55.774611,207575.179970,93.770908,634.368990,-26.086745,638.405709,-146.350794,635.326006,59.983449,0.005683,1,0
2.533000,-64.108274,206176.399860,175.862333,207127.219630,56.057357,206284.381771,94.030995,634.475000,-26.166218,643.427289,-146.083266,638.057453,59.979299,-0.008635,1,0
2.567000,-64.264038,207799.329966,175.980441,207388.273406,55.806200,207987.458704,93.765627,639.997610,-26.136564,641.035068,-146.344921,642.004611,59.988263,-0.001520,1,0
2.600000,-64.242401,208375.230838,175.928550,207829.684842,56.038181,206102.534547,93.461930,639.540355,-26.114167,638.281684,-146.039302,641.414588,59.972865,-0.000319,1,0
2.633000,-64.096951,207522.435381,175.972574,207571.345678,55.909402,207694.309614,93.537799,635.219686,-26.343395,639.833640,-145.861868,643.270681,59.986399,-0.016543,1,0
2.667000,-64.238393,207580.260937,175.841034,207999.531334,55.906387,209515.041730,93.663314,641.181973,-26.158978,641.967561,-146.013931,641.072367,59.980894,-0.006487,1,0
2.700000,-64.100948,206609.768430,175.797200,208248.915719,55.967772,208776.150023,93.593660,642.865477,-26.159716,636.958987,-146.025476,638.065275,59.978432,-0.004085,1,0
2.733000,-64.304073,207330.829954,175.908469,207918.847621,55.955823,207799.238890,93.852712,637.267595,-26.021383,638.663939,-145.938298,632.823595,59.975368,0.011144,1,0
2.767000,-64.282809,208382.633668,175.730108,209473.348259,55.893885,206977.236601,93.705824,635.930899,-26.292473,636.940188,-146.008259,637.530061,59.972727,-0.008437,1,0
2.800000,-64.360676,206560.727676,175.859952,209198.731014,55.859867,207994.866814,93.581420,640.134440,-26.310154,645.392084,-146.278944,643.899000,59.984476,0.004075,1,0
2.833000,-64.342558,207322.729291,175.801769,207409.884343,55.767308,208136.408935,93.690319,644.573873,-26.332660,645.091693,-146.431856,629.068994,59.972687,0.006435,1,0
2.867000,-64.297345,208164.303613,175.615500,207939.069134,55.898091,208486.781499,93.649722,639.217773,-26.391826,639.676348,-145.962765,643.899062,59.977493,-0.006337,1,0
2.900000,-64.235770,207660.765565,175.966997,208810.335415,55.859100,207757.070850,93.507309,639.255390,-25.832661,644.698522,-146.006394,638.714241,59.980228,0.007216,1,0
2.933000,-64.312635,207901.091413,175.698617,207407.568550,55.761903,207904.688428,93.501071,641.890544,-26.082299,644.310768,-146.422825,638.350720,59.985702,0.000687,1,0
2.967000,-64.020595,207822.751832,175.835130,207780.103313,55.601434,205544.485229,93.918976,636.940081,-26.277160,641.072611,-146.501424,642.122147,59.976641,0.004148,1,0
3.000000,-64.387877,207459.856213,175.835185,208531.600897,55.617390,208186.651236,93.444975,640.665446,-25.731748,643.119934,-146.244462,640.950963,59.978123,-0.000512,1,0
3.033000,-64.356114,209105.227785,176.012412,208548.664388,55.773994,206920.153600,93.918483,643.208233,-25.683171,643.908714,-146.300805,645.120583,59.983134,0.006489,1,0
3.067000,-64.230418,207176.226657,175.765394,207366.442501,55.891530,207670.763135,93.452733,640.033214,-26.385113,650.049618,-145.997479,641.111855,59.977996,-0.001314,1,0
3.100000,-64.220637,208803.651838,175.790730,208755.038453,55.937275,209762.282155,93.848293,649.928537,-26.371217,642.908058,-146.085901,648.306559,59.976906,0.015237,1,0
3.133000,-64.191165,209086.087002,175.692675,209552.783398,55.769090,208514.599642,93.739143,643.808827,-26.394499,642.667673,-146.344273,643.034008,59.980128,-0.004991,1,0
3.167000,-64.305610,208916.440576,175.726149,208726.038177,55.863417,209661.950497,93.918077,644.193214,-26.384814,644.659140,-146.545203,643.018482,59.982817,-0.014938,1,0
3.200000,-64.045056,208419.015532,175.758775,208432.151497,55.752657,210165.321504,94.095880,643.026897,-26.199383,646.208954,-146.224667,642.492573,59.978632,0.001228,1,0
3.233000,-64.331163,207981.521478,175.791781,209245.890820,55.744912,209398.670004,93.608779,644.141785,-25.916376,650.110796,-146.199338,644.490659,59.973783,0.010392,1,0
3.267000,-64.200916,210254.609224,175.830685,207249.389863,55.842289,210301.008515,93.998476,651.049708,-25.780147,647.393684,-146.194524,649.091018,59.977813,-0.004042,1,0
3.300000,-64.229781,209635.517013,175.816251,209469.331144,55.810890,208953.259172,93.989778,643.695950,-26.301467,646.193314,-146.370835,650.095158,59.979944,0.000532,1,0
3.333000,-64.274050,208943.021645,175.596623,208110.427719,55.860754,208731.648651,93.456352,642.899198,-26.573825,647.355796,-146.005282,646.885775,59.980633,0.008120,1,0
3.367000,-64.251976,207385.908178,175.742307,208368.680676,55.897045,208826.417497,93.950916,640.895939,-26.475349,641.023571,-146.226283,643.280963,59.970431,0.009253,1,0
3.400000,-64.068021,208178.808441,175.699311,209955.297273,55.763769,207964.031702,93.924533,644.136122,-26.376945,637.435241,-146.426081,634.641430,59.976626,-0.000164,1,0
3.433000,-64.169430,207876.151610,175.854372,208208.686954,55.810579,207321.472132,94.047468,647.936706,-26.103588,634.057995,-146.219538,645.395073,59.972986,0.000339,1,0
3.467000,-64.135031,208289.282004,175.992525,207257.861172,55.791867,207421.307625,93.776268,649.640616,-25.896312,647.291220,-146.371848,649.019342,59.971488,0.007001,1,0
3.500000,-64.426999,209487.839989,175.827862,210050.972209,55.773562,208720.508745,93.702097,640.186165,-26.095992,645.416157,-146.357596,642.745297,59.968011,0.006332,1,0
3.533000,-64.353219,208179.621844,175.639432,207727.468578,55.578163,208200.913877,93.895186,645.530087,-26.747933,646.442295,-146.473748,646.098126,59.975354,0.001502,1,0
3.567000,-64.293763,206990.087455,175.799445,206995.659345,55.667231,207120.290052,93.931485,643.838879,-26.274043,641.595819,-146.235497,647.633902,59.968675,0.002661,1,0
3.600000,-64.288329,206407.351768,175.730255,209455.460006,55.785508,208271.496141,93.826341,646.386392,-26.396950,644.456428,-146.068307,646.432010,59.963734,-0.001841,1,0
3.633000,-64.306993,209579.360800,175.734802,209849.015588,55.759753,209181.284770,93.785662,647.651145,-26.504258,646.161340,-146.190840,642.535134,59.965998,-0.002847,1,0
3.667000,-64.235792,208734.274508,175.759006,209375.456488,55.828229,207275.227421,93.895224,650.821066,-25.987653,648.507069,-146.258338,645.110121,59.968581,0.000241,1,0
3.700000,-64.357279,206886.175141,175.705391,206498.245541,55.719376,207554.430998,93.581221,640.529086,-26.235468,648.031656,-146.146172,639.536722,59.969515,-0.005754,1,0
3.733000,-64.456288,208046.036181,175.542503,207781.724723,55.530470,207580.918665,93.584762,649.807058,-26.476083,651.606508,-146.419766,644.790180,59.971644,-0.000416,1,0
3.767000,-64.434911,206712.213104,175.816414,209027.981138,55.816384,210151.699275,93.638704,643.636358,-26.275234,648.357031,-146.138781,653.303930,59.967467,-0.001951,1,0
3.800000,-64.286995,209826.946667,175.565527,208624.544544,55.852761,208929.874773,94.021189,648.673635,-26.247614,654.807714,-146.011714,647.799198,59.973410,-0.012593,1,0
3.833000,-64.099440,208356.930502,175.713562,209112.333121,55.688018,208769.267954,93.765302,648.363190,-25.851816,655.723085,-146.493870,648.361669,59.965103,-0.008304,1,0
3.867000,-64.163676,208787.740301,175.841470,207105.359269,55.732455,207557.988893,93.539330,651.619296,-26.263883,653.380881,-146.170325,656.042965,59.962267,0.004036,1,0
3.900000,-64.275391,209214.302810,175.739554,209083.151114,55.662663,207811.607290,93.768648,650.608934,-26.474485,646.130138,-146.224962,655.668458,59.968677,-0.003853,1,0
3.933000,-64.284917,210082.809887,175.791473,207529.584387,55.811531,209350.473893,93.674109,650.363289,-26.337168,647.128173,-146.208323,649.387249,59.959563,-0.009404,1,0
3.967000,-64.174660,207750.841888,175.669215,207196.704249,55.886557,208655.880912,93.978621,654.362663,-26.416134,643.560772,-146.009382,653.348604,59.961768,0.001643,1,0
4.000000,-64.439479,208821.111825,175.700593,207362.036769,55.812407,207468.377077,93.732991,654.612417,-26.326834,649.204783,-146.029503,650.420252,59.965822,0.003700,1,0
4.033000,-64.241763,207866.120976,175.650750,208836.364619,55.727401,206988.186338,93.691192,650.936974,-26.382330,646.106120,-146.117757,651.923335,59.959359,-0.005531,1,0
4.067000,-64.231537,207576.098055,175.867966,210236.482142,55.693608,207381.069172,93.779310,652.924783,-26.088493,659.088204,-146.156263,649.512991,59.966128,0.005239,1,0
4.100000,-64.239782,208411.478645,175.810857,208715.334147,55.972652,208126.597820,93.589320,650.130184,-26.087356,650.668647,-146.138706,643.031602,59.966408,-0.001940,1,0
4.133000,-64.277608,208135.313483,175.419618,207584.210544,55.757215,208653.992043,94.152269,660.169694,-26.638407,649.540763,-146.084690,654.044204,59.954267,-0.005550,1,0
4.167000,-64.355053,206756.732244,175.653989,207343.734445,55.631282,205238.428893,93.428433,653.301694,-26.221928,654.375760,-146.326181,650.653246,59.965528,0.004858,1,0
4.200000,-64.254744,206127.320849,175.688102,208733.215721,55.722586,206704.547254,93.632262,651.899764,-26.367993,653.854173,-145.995430,653.587855,59.955467,-0.007592,1,0
4.233000,-64.382987,207914.839183,175.693704,208088.094334,55.632880,206448.091410,93.610254,652.880416,-26.230901,651.935883,-146.300352,655.121010,59.961416,-0.000742,1,0
4.267000,-64.331646,208188.727936,175.742279,208833.472704,55.762282,206558.656931,93.773950,653.641405,-26.202260,655.115509,-146.104460,657.427777,59.950407,0.011257,1,0
4.300000,-64.347988,208333.031424,175.621716,208206.557592,55.668782,207928.079259,93.658353,652.827442,-26.421904,650.665056,-146.281536,651.798693,59.967461,-0.009286,1,0
4.333000,-64.317127,206407.598720,175.744611,207773.207288,55.697709,207562.925781,93.703352,654.371127,-26.109118,653.909652,-146.050878,648.920927,59.961039,0.007176,1,0
4.367000,-64.263445,209729.695177,175.484980,208900.713327,55.734682,207999.614857,93.965776,653.321684,-26.396199,653.891341,-146.388194,654.835340,59.959028,-0.004699,1,0
4.400000,-64.246264,207355.940292,175.816210,208427.298697,55.884505,208051.089640,93.786009,653.539809,-26.022377,649.241258,-146.091865,652.516899,59.959936,-0.016219,1,0
4.433000,-64.250319,208131.577611,175.800499,207979.144095,55.610881,206776.641719,93.832940,655.663782,-26.064384,659.817482,-146.847624,653.722083,59.963974,0.000467,1,0
4.467000,-64.246018,209895.529580,175.752111,207949.991975,55.753868,208801.435322,93.516007,655.331494,-26.278059,656.383256,-146.121355,650.752836,59.967073,0.001967,1,0
4.500000,-64.378399,208159.321610,175.577562,208152.592724,55.709640,207292.289953,93.579764,654.781725,-26.657221,654.274773,-146.248060,656.953502,59.958987,-0.002066,1,0
4.533000,-64.256669,207619.733601,175.726216,207596.482013,55.715861,210157.168756,93.996990,650.363656,-26.200280,654.722363,-146.292862,651.115275,59.963000,-0.000733,1,0
4.567000,-64.120533,204729.310978,175.641960,208803.697799,55.736472,205562.653478,93.974336,652.407440,-26.230570,656.001536,-146.171661,651.768453,59.965954,-0.011744,1,0
4.600000,-64.360261,207691.576715,175.825573,208506.114425,55.621791,207082.237024,93.622516,654.204284,-26.120069,654.583966,-146.679850,653.834769,59.964082,-0.000505,1,0
4.633000,-64.342155,206299.933108,175.863072,207504.688976,55.731411,206971.394209,93.465369,650.542588,-25.892750,654.046944,-146.083428,657.797537,59.972395,0.014689,1,0
4.667000,-64.373881,206447.242148,175.778374,208438.472264,55.796674,206793.968516,93.748189,654.762299,-26.138691,647.948933,-146.026949,648.177154,59.963376,0.001110,1,0
4.700000,-64.356080,205859.083128,175.762588,205559.026863,55.845271,207194.809782,93.869810,650.200028,-26.021361,647.543915,-146.106475,643.449284,59.978888,-0.008693,1,0
4.733000,-64.297587,205714.522195,175.794105,209608.211993,55.593159,208012.587472,93.727951,652.771759,-26.307775,653.451032,-146.465656,656.563693,59.972869,0.004293,1,0
4.767000,-64.248119,204583.005715,175.742705,206424.902666,55.756031,206654.556355,93.945119,649.474269,-26.036975,647.919270,-146.231656,653.804608,59.967249,0.001407,1,0
4.800000,-64.236649,207642.412687,175.754211,207638.009602,55.871036,206714.412556,93.945752,651.955081,-26.104660,654.237731,-146.009510,657.891872,59.974260,0.014672,1,0
4.833000,-64.122698,206092.719989,175.696076,205643.580232,55.708932,206777.853786,93.906364,654.465191,-26.108777,650.998083,-146.358233,648.814268,59.975458,0.019043,1,0
4.867000,-64.117653,205375.690500,175.692621,206373.279363,55.701195,207137.296085,94.202196,649.788816,-26.133958,652.773713,-146.291661,656.825325,59.979361,0.006947,1,0
4.900000,-64.116479,206661.565522,175.857437,203794.665413,55.671712,202680.739490,94.152203,653.834435,-26.056204,655.148894,-146.060238,651.886601,59.964107,-0.001701,1,0
4.933000,-64.038029,206654.779241,175.802086,205964.520162,55.698678,206310.870962,94.053201,654.184374,-26.208764,649.677490,-146.680347,652.681630,59.976170,0.001212,1,0
4.967000,-64.341055,205987.524831,175.866637,208277.830895,55.831422,207756.360425,93.840309,652.348009,-25.916605,650.467133,-145.935605,650.693523,59.967663,0.008296,1,0
5.000000,-64.195131,204733.391311,175.819476,206646.806815,56.056281,204727.775749,93.937105,655.191518,-26.360503,647.943286,-145.757729,650.283726,59.971505,-0.003700,1,0
5.033000,-64.341501,206985.996863,175.831734,206266.510416,55.841261,204857.918027,93.498130,649.023896,-25.954083,648.875484,-146.127196,647.169889,59.975660,0.002463,1,0
5.067000,-64.066897,207555.851562,175.818053,205941.108604,55.890445,207894.011260,93.918740,656.002776,-26.091246,644.771366,-145.977215,648.393680,59.976384,0.003683,1,0
5.100000,-64.240649,204497.560297,175.870494,206327.404227,55.518282,205134.739733,93.538834,644.340657,-25.942615,652.611917,-146.466294,647.955217,59.967108,0.016170,1,0
5.133000,-64.309402,205731.483769,175.717915,206473.089123,55.713405,205569.506282,93.710403,651.172582,-26.374828,642.760061,-146.134011,647.557044,59.971800,-0.012701,1,0
5.167000,-64.368378,206949.083111,175.895488,205916.170119,55.769776,206460.115920,93.708551,647.734287,-26.309136,649.398859,-146.246812,649.258111,59.976746,-0.009452,1,0
5.200000,-64.283044,206649.855490,175.926889,207880.400614,55.787029,206597.120027,93.551789,648.562087,-25.892873,652.073048,-146.313737,657.212481,59.981054,0.009044,1,0
5.233000,-64.160410,205030.118260,175.779759,205280.410278,55.953165,207473.652073,93.729247,649.910210,-26.186692,654.386350,-146.152456,652.506966,59.968258,-0.005597,1,0
5.267000,-64.038907,204624.935850,175.698933,205889.909008,55.931556,205312.685976,94.087467,652.581939,-26.131431,648.258597,-146.034891,648.236118,59.974765,0.001582,1,0
5.300000,-64.073480,206203.152341,175.880675,207037.119706,55.950831,205785.084329,93.711810,648.902281,-26.033569,651.652840,-146.049219,644.248972,59.966897,-0.006505,1,0
5.333000,-64.198803,207517.072558,175.739867,205556.522146,55.920384,206343.050183,94.018827,645.858024,-26.552108,643.518645,-146.092655,645.030979,59.970463,0.004247,1,0
5.367000,-64.197775,206351.502233,175.892811,206820.265817,55.832022,206001.659744,93.860907,642.588727,-26.105971,641.672922,-146.457705,649.593303,59.969073,-0.012870,1,0
5.400000,-64.166798,207483.679250,175.907153,205803.398661,55.671185,205977.755921,93.766957,657.836997,-26.100801,652.754267,-146.307108,647.176148,59.975143,0.013465,1,0
5.433000,-64.159623,206222.315300,175.868086,205125.153502,55.651938,206821.541978,93.874342,643.742590,-25.912469,654.029284,-146.517390,648.777318,59.968733,0.006926,1,0
5.467000,-64.151685,205952.738395,175.933169,206825.641422,55.824982,204434.081562,94.061765,651.534806,-25.938417,652.481199,-146.479913,652.147846,59.972165,0.010861,1,0
5.500000,-64.162612,206253.903384,175.906373,206400.399346,55.803861,207488.165597,93.893928,650.805328,-26.197219,647.491379,-146.402387,645.533965,59.968626,-0.005301,1,0
5.533000,-64.120355,206551.625588,175.816318,206029.478633,55.872812,205499.921535,93.976367,649.566736,-26.160934,644.674281,-146.053381,646.410972,59.971297,0.007190,1,0
5.567000,-64.144406,204354.710770,175.782591,206174.217787,55.794171,205425.781069,94.168444,656.354892,-25.747119,652.503959,-146.605630,655.555433,59.971779,0.000633,1,0
5.600000,-64.030746,204652.201036,175.834355,206026.507007,55.838905,206096.883209,94.181437,649.480379,-26.521611,650.517608,-146.100086,641.486690,59.964421,-0.001144,1,0
5.633000,-64.140611,205700.977963,175.943400,206009.519624,56.053312,206508.925994,93.876546,646.400801,-26.192403,646.872802,-146.248609,655.701545,59.965756,0.004622,1,0
5.667000,-64.052521,204926.282776,176.140093,205768.474981,55.821492,205611.520035,93.950018,649.770914,-25.358896,645.781053,-146.335600,648.978016,59.965191,0.014308,1,0
5.700000,-64.114580,205875.204139,175.908944,204480.945941,56.109881,204529.208869,93.686709,643.554347,-26.008771,649.155618,-145.988269,642.705985,59.973214,0.005595,1,0
5.733000,-64.109466,205613.591500,175.881067,206422.514306,55.965530,205232.826247,93.893666,648.260713,-26.008936,648.615460,-146.185203,649.805278,59.974946,-0.001434,1,0
5.767000,-64.088016,205009.349204,175.945254,205952.314477,55.893977,206007.651790,94.132464,642.435716,-26.370418,645.041217,-146.190580,641.512816,59.967129,0.012723,1,0
5.800000,-64.108120,205367.292431,175.880557,206892.153108,55.821966,205252.587541,93.694699,647.552017,-26.100754,649.049130,-146.330204,641.188346,59.960767,-0.005159,1,0
5.833000,-63.972874,207760.915432,176.040518,206907.278835,55.924110,204877.807106,93.836331,646.053366,-26.054837,649.102224,-146.166724,643.175950,59.970374,-0.005132,1,0
5.867000,-64.015748,204911.616478,175.801929,207186.714346,56.056192,204721.213024,94.026772,649.221357,-25.588188,647.007534,-146.079606,642.581931,59.961182,0.004452,1,0
5.900000,-64.087995,204939.577540,175.884188,206056.022494,55.936356,205994.222114,93.917942,650.061703,-26.231639,644.997350,-146.117870,644.770870,59.966330,0.004024,1,0
5.933000,-63.995539,204602.561972,175.729829,207056.908228,55.988295,206675.434521,93.948711,651.165493,-26.459637,645.282837,-145.933480,648.609561,59.965567,0.007811,1,0
5.967000,-63.914075,205721.371174,176.028636,205558.060526,55.953444,206318.211907,94.062974,648.516534,-25.982415,644.545651,-146.180113,654.509394,59.965164,-0.001026,1,0
6.000000,-63.960464,205930.850927,175.995212,206621.939167,55.934663,205490.644678,94.247464,647.458441,-25.583810,642.474780,-145.900681,645.969227,59.964204,0.000710,1,0
6.033000,-64.007289,206655.977445,176.012871,208059.858382,56.070346,205453.786581,94.094336,643.433521,-26.143219,647.462816,-146.015252,643.560733,59.970544,0.005329,1,0
6.067000,-63.931566,204583.842142,176.001992,207496.280756,56.245782,207413.055595,94.202741,649.065902,-25.919636,644.275602,-145.753669,633.929157,59.958839,-0.004238,1,0
6.100000,-64.034984,206561.278808,176.075117,206550.635871,55.996357,205845.210812,94.147462,642.363352,-26.011073,643.976485,-145.915173,642.237739,59.968543,0.003215,1,0
6.133000,-63.972505,207118.945066,176.077576,206334.923554,56.130090,205963.132637,94.081722,637.031469,-26.105490,637.522133,-145.852228,645.895410,59.955147,-0.011965,1,0
6.167000,-64.126375,204430.552567,176.035100,204681.125221,56.013685,207042.903394,93.795672,639.965481,-26.092769,647.383929,-146.332053,650.720550,59.964880,0.016548,1,0
6.200000,-63.999911,204334.205222,176.186318,205767.495633,56.038035,207356.082165,94.009177,645.315391,-25.739564,643.217138,-145.732511,650.306324,59.956899,0.013268,1,0
6.233000,-63.999498,206568.866766,176.035960,209074.863638,55.950527,206060.745948,94.033827,644.410964,-25.721088,644.859873,-145.930594,644.486589,59.953784,-0.004469,1,0
6.267000,-63.964709,206082.429795,176.010178,206882.968371,55.896276,206458.285177,94.010418,649.038891,-26.114171,649.812369,-146.174568,654.004335,59.952309,0.000956,1,0
6.300000,-63.805795,204803.658056,176.068045,206174.045577,56.263528,207649.648779,94.263036,646.040405,-25.757218,652.175006,-145.457507,646.111093,59.956087,-0.002705,1,0
6.333000,-63.795711,206022.220291,176.079915,206312.532246,55.989596,205988.668158,94.469071,648.009377,-25.898251,643.102159,-145.827061,648.287307,59.954011,0.004844,1,0
6.367000,-63.996136,205797.126728,176.084134,207741.457013,55.997005,205475.476710,93.761203,651.011785,-25.655523,653.082551,-145.894070,655.227246,59.960381,-0.000028,1,0
6.400000,-63.794629,208603.433507,176.201623,207864.627130,56.067073,206413.667649,94.237040,652.236659,-25.665981,644.796896,-146.040762,648.441902,59.966373,0.000665,1,0
6.433000,-63.885361,206155.034657,176.245298,206484.617894,56.239454,205796.501548,93.992194,652.617220,-25.952156,646.000236,-145.526760,659.934855,59.952777,0.004494,1,0
6.467000,-63.874393,203829.146487,176.170884,206040.909028,56.121950,206550.916868,94.288285,653.066873,-26.055147,651.198456,-146.209740,656.032042,59.953030,0.005896,1,0
6.500000,-63.612072,205571.110518,176.211930,204866.408648,56.361465,206804.314479,94.401173,649.026902,-25.845996,650.869476,-145.420493,655.285582,59.949422,-0.002131,1,0
6.533000,-64.064936,208431.269473,176.352457,207269.021759,56.087257,204110.449184,94.091519,652.069821,-25.607325,647.471209,-145.950291,649.177694,59.957735,0.001338,1,0
6.567000,-63.701698,206185.307708,176.031808,207012.265143,56.102534,204407.547846,94.317293,640.536531,-25.899456,650.167105,-145.499337,650.110360,59.954251,-0.001091,1,0
6.600000,-63.623976,206389.619743,176.034087,204354.068015,56.167424,204344.728346,94.688115,650.342379,-26.039828,653.285494,-145.732073,644.122528,59.959163,-0.004808,1,0
6.633000,-63.908361,206051.651576,176.099695,205009.530022,56.086032,205328.688649,93.910481,646.355176,-25.816411,647.530647,-146.144195,649.032576,59.965485,-0.006707,1,0
6.667000,-63.796256,205181.450970,176.201774,205108.633041,56.111369,205474.942865,94.359918,645.004064,-25.935358,649.327200,-145.471001,644.451656,59.965841,0.007583,1,0
6.700000,-63.746410,206341.637194,176.150773,206665.898799,56.248171,204480.797390,94.351813,644.763875,-25.937537,650.230423,-145.578838,645.758059,59.955223,0.001781,1,0
6.733000,-64.007233,204616.867956,176.318600,206213.468033,56.142372,205291.059472,94.374482,647.129371,-25.708271,637.155253,-145.967285,644.678158,59.969668,0.005106,1,0
6.767000,-63.690525,206374.529429,176.211043,205132.434738,56.207532,204847.321750,94.042078,650.930581,-25.794010,656.264016,-145.998678,651.349175,59.959654,0.021251,1,0
6.800000,-63.788841,205773.102143,176.023623,207590.991610,56.085134,206004.457618,94.313696,648.677066,-26.236506,650.928649,-145.938863,651.543507,59.966953,-0.004393,1,0
6.833000,-64.002049,205184.246034,176.111024,206634.270192,56.331004,206738.102145,93.872159,650.322052,-25.690798,648.556333,-145.905346,651.253010,59.965133,0.012686,1,0
6.867000,-63.808054,206396.772301,176.116682,205311.788041,56.065642,207243.149478,94.014973,649.046586,-25.670091,650.809597,-146.211295,645.150576,59.965121,-0.003275,1,0
6.900000,-63.785520,207423.808555,176.256651,204362.534422,56.161165,206042.994492,94.169371,654.409462,-26.053812,647.878009,-145.801712,646.424155,59.967777,0.006495,1,0
6.933000,-63.840692,205323.451786,176.219010,206557.049145,56.299344,206854.500242,94.048192,653.203042,-25.907893,650.862769,-145.741142,648.350574,59.961140,-0.001530,1,0
6.967000,-63.808709,206757.073795,176.112755,205621.952732,56.131071,205336.867860,94.189798,651.840823,-25.597548,649.724716,-146.256362,653.198753,59.965246,-0.002343,1,0
7.000000,-63.704791,205297.161012,176.065651,208616.131106,56.238843,206534.668631,94.322845,653.230268,-25.938626,653.032997,-145.766148,648.739889,59.956558,-0.006128,1,0
7.033000,-63.886968,206070.864252,176.269931,206298.025052,56.073773,204680.468869,94.098800,647.699193,-25.653538,651.283111,-145.620778,658.843192,59.951431,-0.003208,1,0
7.067000,-63.710728,206492.158075,176.001859,205397.821748,56.285143,206983.115976,94.096338,656.191528,-26.094434,656.027717,-145.765342,652.641829,59.959963,-0.003480,1,0
7.100000,-63.855662,205585.525106,176.171741,207238.117777,56.147012,205044.691725,94.009688,648.983379,-25.670594,657.373190,-145.781161,654.203126,59.948826,-0.002629,1,0
7.133000,-63.987569,205506.201744,176.240417,206102.235775,56.233782,206074.300407,94.128325,651.566819,-25.892054,651.868386,-145.427444,658.194761,59.958604,0.003367,1,0
7.167000,-63.906886,205681.664322,176.114881,206161.864708,56.051223,205843.733591,94.056912,656.102421,-25.810121,657.117477,-145.795626,655.223875,59.958452,0.000431,1,0
7.200000,-63.792384,205891.347212,176.130793,206852.144544,56.303800,206840.664552,94.006050,647.750846,-25.946614,653.242489,-146.085450,651.881154,59.951550,0.000130,1,0
7.233000,-63.793356,206629.280701,176.404830,207488.494146,56.127062,206317.867425,94.368549,653.380967,-25.731619,654.577840,-145.839877,654.001151,59.954195,0.003845,1,0
7.267000,-63.660567,207150.958864,176.183659,205955.373830,56.101129,206635.643344,94.516631,660.406330,-26.046255,662.079478,-145.609583,653.100362,59.955036,-0.002862,1,0
7.300000,-63.678549,205216.737529,176.312467,206924.825428,56.001392,208082.228314,94.144974,649.018763,-25.823670,655.775357,-146.042586,655.965776,59.955762,-0.001881,1,0
7.333000,-63.805801,205773.745817,176.236626,205188.767326,56.057474,207071.311786,94.295125,655.954138,-25.831747,648.971393,-145.942045,648.977888,59.960397,-0.002867,1,0
7.367000,-63.860598,206377.837046,176.246394,208053.333856,56.266192,205273.366301,94.061458,656.758113,-25.899249,652.603068,-145.688483,656.252378,59.956764,0.007358,1,0
7.400000,-63.755799,206036.086090,175.984694,206197.075851,56.336055,207703.071629,94.228392,655.390062,-26.187638,648.188556,-145.761324,650.569981,59.959800,-0.002793,1,0
7.433000,-63.743378,206928.752171,176.302425,207578.596004,56.370927,204877.967472,94.382925,654.047060,-25.706677,657.004654,-145.699063,657.545038,59.950541,0.010269,1,0
7.467000,-63.813805,205310.518998,176.115351,206809.231468,55.865201,205838.169571,94.256759,653.350237,-25.848256,657.578777,-146.040999,645.348244,59.958408,0.008208,1,0
7.500000,-63.600271,207149.225047,176.167087,206804.192748,56.014899,206325.120307,94.542731,655.469632,-25.313141,654.612211,-145.570715,650.828313,59.952409,0.005503,1,0
7.533000,-63.716275,207142.765178,176.264658,206647.452105,56.180802,206503.196990,94.101173,654.070772,-25.641962,654.698805,-145.666255,655.710191,59.944956,-0.011570,1,0
7.567000,-63.920528,206685.123929,176.142692,208367.163188,56.218161,205607.050573,94.167208,655.336082,-25.918054,659.356554,-145.652590,656.084740,59.948104,0.003811,1,0
7.600000,-63.816889,205129.332662,176.068517,208431.936685,56.175762,205164.532398,94.124059,654.555457,-25.948105,656.627013,-145.903897,651.057788,59.946231,-0.010259,1,0
7.633000,-63.936400,205429.675019,176.111934,206545.823962,55.941523,205915.263614,93.809826,648.851524,-25.754534,651.050817,-145.965392,648.778349,59.946190,0.006802,1,0
7.667000,-63.721229,205758.101043,175.995560,206556.141369,55.989686,207007.596854,94.036775,655.650621,-25.855749,655.153252,-145.775062,648.192729,59.937324,-0.004735,1,0
7.700000,-63.913144,207271.379503,176.305616,207241.247889,56.132726,207224.365202,94.064142,650.287377,-25.829713,653.106044,-145.855499,649.486730,59.939491,0.002347,1,0
7.733000,-63.918180,207396.125033,176.290871,206149.190571,56.057846,207473.235675,94.304745,649.683360,-25.704565,645.850453,-145.982075,655.564967,59.949668,-0.005113,1,0
7.767000,-63.832681,205911.874026,176.080012,205726.777590,56.017238,206850.206069,94.117230,651.472188,-25.737186,649.827442,-145.916846,646.047689,59.947700,-0.000244,1,0
7.800000,-63.950510,206507.815566,175.921983,207145.885401,56.073894,206143.845689,94.096610,654.935309,-25.690287,646.297356,-145.675081,655.250772,59.941426,-0.001284,1,0
7.833000,-63.979035,206908.125876,176.118991,207386.551269,55.929255,205995.896179,93.665805,649.744806,-25.672776,653.536664,-146.085019,648.726801,59.941676,-0.013954,1,0
7.867000,-63.918234,206427.676280,175.897259,206854.749018,55.943983,206135.809157,93.969527,652.072048,-26.380780,649.139793,-145.707108,658.140994,59.942603,0.005799,1,0
7.900000,-64.058592,205713.312354,176.007242,206869.702518,55.950337,206889.108866,93.664464,652.062257,-26.268795,649.437748,-145.983900,646.177407,59.938578,-0.005205,1,0
7.933000,-64.058360,205563.633703,175.944450,207228.573655,56.182103,206488.460982,94.031108,656.746940,-25.987719,653.883507,-145.932065,654.487333,59.939087,0.006247,1,0
7.967000,-63.981551,205567.373803,176.085933,207974.393616,56.202864,207504.730938,94.196800,650.388610,-25.826693,653.798915,-145.676446,652.089010,59.943061,-0.001096,1,0
8.000000,-64.082747,206227.382286,176.218882,206922.784162,56.120713,206416.599892,94.149720,645.368571,-25.897306,650.660443,-146.027696,648.887805,59.941829,0.008261,1,0
8.033000,-64.012507,205933.300631,175.960663,206804.101067,56.145363,207738.300542,94.043164,651.612278,-25.966079,652.101993,-145.875169,651.201378,59.943513,0.010678,1,0
8.067000,-63.924891,206328.269006,176.025900,205663.324209,56.055508,204471.218435,93.885418,648.173064,-26.026962,645.588990,-146.077903,647.877530,59.944761,0.002073,1,0
8.100000,-64.095638,204838.303708,175.923248,206070.956283,55.985799,207202.565459,93.887614,648.217666,-26.310330,655.178324,-146.018342,651.624130,59.943814,0.002542,1,0
8.133000,-64.105592,205958.909251,175.952920,204610.757737,56.040336,205533.068367,94.007803,653.032276,-26.139808,649.799450,-146.064515,654.413472,59.944298,-0.000912,1,0
8.167000,-63.735901,206155.100753,175.994212,206543.325739,55.934772,205243.903644,93.932292,653.167668,-26.067618,645.957176,-145.676694,647.558049,59.936904,-0.011122,1,0
8.200000,-63.932266,206042.406551,175.892166,206784.253193,55.950032,205706.603685,94.408071,656.870187,-25.888655,656.233425,-145.861991,654.254419,59.944273,0.000806,1,0
8.233000,-64.100326,205953.009018,175.943044,206218.154783,55.998268,206462.468929,94.013010,661.117234,-26.125224,653.587817,-146.028395,657.197395,59.946161,0.001749,1,0
8.267000,-63.997939,204832.922181,176.031972,204771.786602,55.928807,206977.893604,93.651803,653.212131,-25.879788,656.166230,-145.977278,650.230311,59.937579,0.003859,1,0
8.300000,-63.957564,205386.709608,175.925246,208290.199728,55.986036,207433.518761,93.966744,657.093110,-26.044439,655.364621,-146.362586,659.044062,59.945956,-0.003497,1,0
8.333000,-63.976179,206889.702725,175.821707,206068.475888,55.895344,206107.849404,94.081800,655.958614,-26.327199,652.595674,-145.916945,661.112876,59.947721,-0.004580,1,0
8.367000,-64.103276,206938.700981,175.980511,206410.388331,55.971214,204240.225325,93.800474,651.438661,-25.398712,651.876178,-146.151364,649.412276,59.942101,-0.010769,1,0
8.400000,-64.005463,206912.022533,176.105141,206621.942666,55.835458,206075.689884,93.919242,654.716853,-26.016934,653.836659,-146.173553,654.973037,59.949860,0.009481,1,0
8.433000,-64.087620,205807.119258,175.991171,207473.580538,55.983854,207341.715679,94.082960,657.357098,-25.789464,662.033321,-146.035792,655.238907,59.947283,0.008743,1,0
8.467000,-64.189262,207147.992055,175.989617,206724.897339,55.858871,206607.165742,93.700115,660.271010,-26.204144,651.462831,-146.492875,655.085068,59.946956,0.000336,1,0
8.500000,-64.149323,207146.027135,175.963214,206935.272022,55.928655,207335.793385,93.991397,655.189291,-25.999131,661.355514,-145.947227,655.041893,59.943152,0.011653,1,0
8.533000,-64.160532,206600.071833,176.089986,206976.536262,56.129569,206924.011833,93.906241,659.388311,-26.162678,656.059980,-146.014576,654.243844,59.949768,-0.002628,1,0
8.567000,-63.936736,208078.239281,175.968130,205379.727041,55.830946,204300.985198,94.011020,649.417286,-26.065032,662.900519,-146.190280,656.744132,59.954487,0.001460,1,0
8.600000,-63.835120,207112.364392,175.629702,205832.265647,56.187512,206922.940277,94.232926,654.676588,-26.634306,656.040174,-146.017202,645.963889,59.947519,0.001726,1,0
8.633000,-63.973111,205027.356141,176.022368,206500.820374,56.004689,206483.743744,94.021995,650.853464,-26.090178,658.479632,-145.973740,651.983425,59.949057,0.000639,1,0
8.667000,-63.930891,206133.061598,175.980332,205913.639575,55.872390,205971.579870,94.239333,658.174872,-25.837954,657.574727,-146.033038,652.252842,59.946725,0.002662,1,0
8.700000,-64.134686,205071.617165,175.917628,205553.147397,56.043054,205245.945965,93.614049,653.306285,-26.235009,658.431599,-146.035255,659.200640,59.955336,-0.004315,1,0
8.733000,-64.007841,205120.794729,176.023718,206735.516998,56.057480,204889.669241,93.547136,652.413508,-25.913444,663.621753,-146.124056,657.516747,59.945352,-0.009078,1,0
8.767000,-63.956306,206370.447291,176.271919,205196.632398,56.247398,206408.192870,94.132498,652.719988,-25.405081,661.064565,-145.717206,662.173254,59.956650,-0.002296,1,0
8.800000,-64.108908,205605.941717,176.068650,207251.311955,55.994877,204956.199889,94.044237,658.539203,-26.329586,656.182089,-146.115383,661.503164,59.948283,-0.003394,1,0
8.833000,-63.976738,206505.823726,175.950083,207089.177533,55.982589,206306.148134,93.825968,657.667311,-26.127410,663.839878,-146.036298,659.764878,59.945041,-0.003637,1,0
8.867000,-64.059483,206528.738169,175.829399,204086.724527,55.861492,207377.461196,94.026774,664.359479,-26.046554,659.876614,-146.353705,652.736865,59.944608,-0.012007,1,0
8.900000,-63.994335,205564.307061,175.881216,206894.782376,55.885836,206302.493027,94.099748,659.181006,-25.981705,661.754815,-146.149570,662.446090,59.949068,-0.000615,1,0
8.933000,-63.992644,205985.217231,176.156745,206424.065834,56.043114,206652.762829,94.229002,657.043855,-26.053409,663.777957,-145.813443,654.540952,59.950164,-0.002044,1,0
8.967000,-64.237541,206737.263188,176.082257,206837.008517,55.876345,205385.274393,93.672952,659.894334,-25.649511,654.782922,-146.409536,668.416703,59.944730,-0.002230,1,0
9.000000,-64.048544,207345.886842,175.953140,204873.924212,55.904698,205620.501826,93.889635,659.955969,-26.044822,659.003491,-146.340314,655.418089,59.947915,0.009139,1,0
9.033000,-64.052287,206042.432948,176.064828,205022.812358,55.960945,207047.643924,93.830425,658.211091,-26.003167,657.808849,-145.872088,657.523341,59.943365,0.002956,1,0
9.067000,-64.084682,206724.990359,176.059255,205141.494368,55.840819,206588.568651,93.955548,660.207683,-25.918779,662.867680,-146.298101,661.017201,59.944207,0.002099,1,0
9.100000,-63.992474,205054.875645,175.950045,205287.859296,56.157874,206917.887018,94.148953,662.762959,-26.235578,660.575430,-146.149480,659.956121,59.942251,-0.004952,1,0
9.133000,-64.160298,204488.999977,175.922451,206670.832088,56.153801,205141.657576,93.958127,661.288887,-25.814450,659.191467,-145.787012,654.021479,59.940874,-0.000521,1,0
9.167000,-64.077025,206507.146535,175.836808,206357.058956,55.915990,206651.441207,93.926057,656.705539,-26.073788,662.058069,-146.281528,660.547277,59.950128,0.005438,1,0
9.200000,-64.092623,206094.520879,175.866093,205381.808578,55.772982,205448.804769,93.610938,657.633663,-26.338187,652.142595,-146.225640,657.782441,59.941142,0.002337,1,0
9.233000,-64.007463,204800.854430,175.726468,207248.411784,55.827326,203944.517278,94.229137,659.549977,-26.399484,656.902156,-146.319804,662.353932,59.937725,-0.002751,1,0
9.267000,-64.088158,204713.152849,175.699790,205758.356072,55.877090,205800.786046,93.726096,660.108630,-26.354741,659.220472,-146.256315,651.089039,59.939229,0.004960,1,0
9.300000,-64.053554,204536.922877,175.892386,206229.941625,55.754775,205664.853744,94.259543,648.112252,-25.966964,658.451689,-146.487903,659.759534,59.944207,-0.000741,1,0
9.333000,-64.262361,206187.293090,175.791637,206603.766093,55.765774,204204.367478,94.028730,657.637599,-26.178787,660.405494,-146.315995,657.476876,59.945270,0.004290,1,0
9.367000,-64.219752,204864.289418,175.882519,205449.944521,55.910082,205403.783770,93.946384,656.929856,-25.827245,661.443546,-145.977888,664.721626,59.945075,0.002040,1,0
9.400000,-64.132369,203976.868390,175.834788,204579.115615,55.886540,205534.456383,93.759624,662.910461,-26.271761,660.907181,-146.161316,655.011951,59.944808,0.007118,1,0
9.433000,-63.876807,205512.225848,175.948692,206253.620534,55.959217,204930.841055,94.238465,651.725351,-25.930257,659.285482,-145.938940,649.792103,59.941220,0.010033,1,0
9.467000,-64.107556,205170.915590,175.925242,205532.600911,55.854816,204041.590893,93.992168,661.289024,-26.233034,656.087260,-146.449735,664.046935,59.950059,0.014309,1,0
9.500000,-64.076952,205741.848244,175.890542,203776.299031,55.770494,204674.363200,93.722253,653.310906,-26.176191,653.438815,-146.129504,656.844661,59.958788,0.005413,1,0
9.533000,-63.993106,203626.089688,175.841845,204825.983194,55.904051,205507.204770,93.994746,653.747121,-26.131862,653.588219,-146.245100,659.840692,59.949851,-0.000029,1,0
9.567000,-64.049322,203675.697662,175.989093,204024.811475,55.869062,206043.563516,94.137024,654.665863,-26.031190,653.835643,-145.936852,658.534404,59.947722,-0.009971,1,0
9.600000,-63.910605,204985.498819,175.905752,205341.821825,55.817600,204214.214000,94.323135,661.114010,-26.417432,654.499491,-146.047011,656.084987,59.941898,0.009007,1,0
9.633000,-64.187039,204410.388571,175.569700,205125.842871,55.715719,205888.342282,93.724882,652.315725,-26.615744,655.276591,-146.200533,662.296397,59.948755,-0.006615,1,0
9.667000,-64.109771,206475.493124,175.884766,203821.511273,55.917206,205059.160603,93.842519,650.821193,-26.231461,656.881698,-146.312537,652.823003,59.949310,-0.006714,1,0
9.700000,-64.102249,204518.744339,175.902654,204488.500522,55.772578,204600.983053,94.183176,649.506026,-25.901997,656.008879,-145.952710,652.757336,59.957846,0.011657,1,0
9.733000,-64.292731,204616.570250,175.871865,204247.105944,55.844104,204681.175763,93.849517,654.325946,-26.157247,653.422211,-146.303747,655.123371,59.951640,0.005097,1,0
9.767000,-64.166144,205346.187668,175.941533,205691.601987,55.800726,206408.953338,93.899473,655.419574,-26.059722,648.522416,-146.423384,656.063592,59.946142,0.004909,1,0
9.800000,-64.290345,205100.347806,175.823776,204998.399012,55.841185,204896.785342,93.676180,653.633306,-26.127682,654.248199,-146.264383,659.375939,59.946973,0.006144,1,0
9.833000,-64.042453,203654.661329,175.768491,203468.615178,55.999672,204467.131125,93.985877,654.503514,-26.272837,656.678836,-145.698370,653.213388,59.948822,-0.000623,1,0
9.867000,-64.346606,205057.230162,175.786640,204359.392620,55.911112,204549.935057,93.212558,660.711712,-26.303890,657.291779,-146.110714,658.771240,59.952639,0.005397,1,0
9.900000,-64.022393,205270.350553,175.761032,203875.424081,55.733264,203739.368613,93.875133,657.281935,-26.159055,659.402583,-146.704227,662.684157,59.950040,-0.000697,1,0
9.933000,-64.261312,205444.179423,176.020715,206107.350250,55.755574,204026.108839,93.546746,655.726479,-26.134553,660.961925,-146.383105,657.344639,59.950071,0.001374,1,0
9.967000,-64.007149,204893.182509,175.806925,206115.892575,55.784896,204254.924279,93.958918,661.319800,-25.955153,651.979512,-146.207465,655.337423,59.957823,-0.008924,1,0
10.000000,-64.134710,203649.420581,175.871983,205812.796383,55.791248,202529.193789,94.041887,654.858761,-26.247485,655.179993,-146.237670,649.877164,59.957858,-0.009918,1,0
10.033000,-64.042917,206157.890351,175.869435,205028.396454,55.738688,203259.207465,93.820867,662.355532,-25.931043,653.783296,-146.442266,648.679815,59.951749,-0.010254,1,0
10.067000,-64.060393,204968.049155,175.864632,206193.954926,55.800404,204186.438151,94.059701,656.611859,-26.316430,652.279565,-146.267719,659.683670,59.955655,-0.004877,1,0
10.100000,-64.043162,204673.806267,175.975120,203562.846220,55.942715,204511.098117,93.885054,665.228080,-26.070417,651.316491,-146.415934,651.231164,59.954028,-0.010645,1,0
10.133000,-63.967445,203710.820192,175.823294,205505.484368,55.955610,205251.415776,94.361154,657.622893,-26.054584,657.446733,-146.285819,656.098154,59.956986,-0.002150,1,0
10.167000,-64.048687,205644.216717,175.955549,203769.923471,55.872520,205058.417246,93.559630,652.605266,-26.208586,656.723615,-146.212939,655.348394,59.951830,0.006214,1,0
10.200000,-64.028921,203965.276958,176.165982,206237.409101,56.028515,205222.314707,93.870735,665.862173,-25.644405,654.390753,-146.194248,662.749751,59.959957,0.009107,1,0
10.233000,-63.823620,205622.698570,175.946252,204458.589844,55.985625,203845.617715,94.810774,657.691280,-25.938633,651.941135,-146.298168,653.112236,59.953097,0.003802,1,0
10.267000,-64.175324,204797.073517,175.908007,205418.764002,56.090359,203953.578002,94.020284,653.042838,-26.103555,656.796204,-146.103240,654.889732,59.958281,0.005562,1,0
10.300000,-64.090190,203997.023898,175.887662,205289.824016,55.953638,205886.238291,93.993025,656.905155,-26.204944,655.018307,-146.218773,656.161411,59.950592,0.018206,1,0
10.333000,-64.137942,204758.219945,175.805013,204720.201219,55.956812,204909.386878,93.890949,660.665423,-26.383920,654.922498,-145.984008,656.160554,59.962385,0.002156,1,0
10.367000,-64.153591,204545.220290,175.858502,205033.576959,56.107804,206310.822889,94.005806,651.755009,-26.273238,657.134712,-145.482819,656.176828,59.959858,-0.001956,1,0
10.400000,-63.991385,205681.543704,175.886096,205959.313700,55.850106,204532.915110,94.088015,659.152693,-25.914353,651.880939,-146.393802,657.703898,59.958196,0.012341,1,0
10.433000,-64.252749,204669.841872,176.082779,204993.245869,55.777477,204053.866152,93.617266,651.612179,-25.907704,646.610897,-146.053098,651.513701,59.957194,0.011056,1,0
10.467000,-63.986885,204801.056217,176.016694,205204.065322,55.957154,204508.745126,93.703694,656.974652,-25.999696,652.102466,-145.946296,653.572648,59.957334,-0.003317,1,0
10.500000,-64.008641,206013.225686,176.143888,205394.576566,55.842271,205838.136175,94.187856,660.264007,-25.787513,657.019474,-146.417423,648.739726,59.958513,-0.000724,1,0
10.533000,-63.953440,204110.466990,176.113098,204976.188692,56.055139,205576.928421,94.199686,652.979529,-25.944991,652.139865,-146.101987,651.924972,59.963916,-0.003966,1,0
10.567000,-64.052108,204391.585878,175.988956,204984.810429,56.069135,205759.685333,93.699373,660.051677,-25.993130,658.329907,-146.013003,650.747506,59.966703,-0.000973,1,0
10.600000,-63.979451,204403.032731,175.994045,205260.768824,56.223664,206007.515122,93.995225,658.349974,-25.797326,661.697448,-146.036224,654.201892,59.961805,0.015045,1,0
10.633000,-63.894536,205359.054001,175.869409,203409.966472,56.098882,204058.750882,94.074580,654.377965,-26.088398,647.064397,-145.901416,647.230720,59.960577,0.000207,1,0
10.667000,-63.752083,203719.584480,176.010739,205841.721679,56.040456,203501.752313,94.255327,649.217755,-25.819353,660.769307,-146.029418,651.708258,59.968780,0.011599,1,0
10.700000,-63.909932,204960.400187,176.201570,205407.561243,56.201989,205000.954290,94.064139,650.566332,-26.041276,654.997044,-145.624417,647.430710,59.960512,0.003292,1,0
10.733000,-63.999000,205122.386752,176.000133,205047.199671,56.219501,205211.362634,94.187605,644.673488,-26.191842,652.486208,-145.909541,648.186210,59.964081,-0.010205,1,0
10.767000,-63.908123,204806.785880,175.976220,205196.246700,55.940419,205293.061836,94.046846,647.696059,-26.144786,654.415617,-145.892646,640.853704,59.964276,0.005235,1,0
10.800000,-63.884656,204112.161173,176.253011,205349.040177,56.128579,203155.724566,94.240942,643.250344,-25.729184,647.926851,-146.042842,648.870065,59.962841,-0.004574,1,0
10.833000,-63.764707,204282.009206,175.944434,203407.595447,55.761574,203552.989945,94.227533,654.187311,-26.047569,646.087057,-146.173539,658.745437,59.955565,0.011855,1,0
10.867000,-64.074096,205143.292728,175.981147,201806.912307,55.964915,202319.133287,93.874392,650.488873,-26.180443,646.073906,-145.973855,650.109982,59.963583,-0.009244,1,0
10.900000,-63.832722,203784.885648,176.075158,204040.872043,56.123805,203816.798420,94.175320,651.042230,-26.020449,656.341823,-146.000731,654.158155,59.962500,0.006160,1,0
10.933000,-64.041046,203620.667893,175.990501,203784.991561,56.227091,205727.351251,94.097439,650.301193,-26.015733,653.444352,-145.899687,658.229137,59.953994,0.003979,1,0
10.967000,-63.874100,202830.410806,176.021912,205549.534674,56.084527,204179.320614,93.997140,649.636669,-25.926245,655.325435,-146.097029,651.823920,59.950559,0.013208,1,0
11.000000,-63.862221,203379.753312,175.856730,205493.801069,55.955231,202380.452953,94.215491,653.433257,-25.984130,647.808833,-146.149503,658.238743,59.957018,0.002458,1,0
11.033000,-63.980958,204280.904517,176.052567,204357.401476,55.968437,204643.809148,93.941056,649.467775,-25.696158,648.532330,-146.277782,655.494311,59.952031,0.002850,1,0
11.067000,-64.070700,203990.545534,175.928794,203333.714458,56.066810,203494.325600,93.503096,656.489108,-26.029022,651.425265,-145.960542,655.345252,59.954333,-0.001879,1,0
11.100000,-63.984449,202205.713010,176.005525,205884.696185,55.971207,202511.481219,94.241761,649.156109,-26.247743,649.467823,-145.987872,655.036557,59.952908,-0.009620,1,0
11.133000,-64.009551,202132.652429,176.167976,203624.997804,56.005317,203905.674812,93.952759,653.435198,-25.873391,653.318382,-145.904971,650.177200,59.949433,-0.005436,1,0
11.167000,-63.882178,205790.889634,176.052998,202968.841705,56.070855,203249.729399,94.127872,653.110448,-25.491604,646.414897,-145.728739,655.010242,59.949980,-0.011394,1,0
11.200000,-63.869295,202772.742223,176.030890,204873.805667,56.034786,202836.567172,93.772918,644.187781,-26.176031,652.302240,-145.860473,649.709291,59.950823,0.006536,1,0
11.233000,-63.888795,204954.008849,176.168134,203718.092150,56.218987,206789.081174,93.993611,641.948638,-25.679301,647.358810,-145.664216,651.131086,59.944228,0.005663,1,0
11.267000,-63.936269,206333.788563,176.045247,205340.645098,55.943902,205342.917132,94.064375,642.464341,-25.856654,641.827166,-146.233791,646.593939,59.945363,-0.010141,1,0
11.300000,-63.736869,204005.566646,176.195636,205228.159035,56.051475,204102.107636,93.934164,643.732511,-25.943779,646.839663,-145.863443,643.046754,59.945449,-0.009498,1,0
11.333000,-64.040688,205360.682320,176.014245,203428.653195,56.031848,206544.080291,94.054967,637.253957,-26.262963,651.993279,-145.960097,649.382439,59.946697,-0.005427,1,0
11.367000,-63.731321,204416.363519,176.226539,203972.012166,56.226057,201670.181270,94.401374,647.035999,-25.537649,643.568955,-145.775090,649.449424,59.939954,-0.003294,1,0
11.400000,-63.973366,204728.291892,176.022149,204314.025159,56.268091,203045.786392,93.776552,645.494014,-25.705702,641.220714,-146.008112,644.703305,59.952336,-0.004067,1,0
11.433000,-63.966573,204363.914985,176.069288,204957.873700,55.831534,204456.442885,94.037382,649.533808,-25.838745,646.024708,-146.194651,648.765429,59.942536,0.005370,1,0
11.467000,-64.141937,204901.423245,176.105119,205650.751233,56.143257,205551.737387,93.821844,646.351190,-25.871605,642.197255,-145.894128,643.811051,59.945341,0.005048,1,0
11.500000,-63.883809,203808.116754,176.117813,205199.745120,55.793620,205719.881891,94.230554,644.218471,-25.596904,633.066559,-146.489713,641.791318,59.955525,0.005324,1,0
11.533000,-64.022529,205631.618635,175.987478,204230.959130,56.091115,205798.073980,93.793821,644.771652,-25.766746,642.809016,-145.629601,649.838902,59.951607,0.001881,1,0
11.567000,-63.792574,204906.701973,176.053453,206096.506191,55.930104,204774.070607,94.245857,645.042828,-25.957348,639.253924,-146.071468,641.335427,59.948466,0.011596,1,0
11.600000,-63.990544,203269.565891,176.090520,206222.176033,56.137518,205932.183737,93.990571,641.807753,-26.011589,640.524415,-145.844255,641.995777,59.954018,0.001015,1,0
11.633000,-64.021284,202824.877630,176.027051,204725.753564,56.106009,206047.688480,94.215485,641.402510,-25.964926,639.599169,-145.785661,645.516429,59.949890,-0.004933,1,0
11.667000,-64.081083,203881.456290,176.070679,204962.753992,56.005209,204427.419750,93.880769,643.264749,-26.370345,643.175429,-146.155145,641.274441,59.942140,0.007863,1,0
11.700000,-64.052075,205244.692360,176.058859,204925.949693,55.890454,205609.067138,93.659224,640.463386,-25.811552,636.827431,-145.896777,643.644539,59.943266,0.004460,1,0
11.733000,-63.954483,204583.341517,175.905541,204852.881003,56.100707,203506.885360,93.760434,644.628567,-26.289602,638.592237,-145.990358,640.293672,59.947431,0.003884,1,0
11.767000,-64.046594,205641.004077,176.074763,203902.208813,56.026629,205018.428257,93.801767,644.788674,-26.074548,644.999074,-146.165827,637.775814,59.947456,0.009830,1,0
11.800000,-63.806142,204810.647832,175.979576,205757.077745,56.245853,205451.527498,93.919759,642.879697,-26.096360,637.911894,-145.686343,638.200242,59.947807,0.002247,1,0
11.833000,-64.111549,206560.474284,175.872426,204761.270064,56.169070,204928.807067,93.989138,637.408372,-25.958766,640.563349,-145.817066,640.872322,59.957965,0.010739,1,0
11.867000,-63.860930,204549.869419,175.975655,206435.184464,56.223721,205562.143083,94.044667,637.225297,-25.976615,636.485465,-146.075258,641.830682,59.957222,0.007613,1,0
11.900000,-64.014683,207446.066216,176.104106,204571.846153,56.046916,205995.794803,93.906107,641.510467,-25.769743,638.797526,-146.036173,635.231132,59.959553,-0.004505,1,0
11.933000,-63.940680,205254.232648,176.045105,206282.283664,55.928110,206795.003976,93.805084,640.600322,-25.738163,641.247780,-145.908256,639.424403,59.959374,0.017381,1,0
11.967000,-63.903532,205456.105418,176.186435,206726.328635,55.981901,206415.270384,93.849689,635.992979,-26.051829,640.372617,-146.077128,638.837137,59.954275,0.000037,1,0
12.000000,-63.790592,205479.155605,176.136938,204818.699333,56.176156,206559.444293,94.412153,638.989198,-26.281154,633.589006,-146.113046,633.930097,59.952301,-0.005515,1,0
12.033000,-63.978604,206292.048754,176.143017,205650.372934,56.259994,203199.529084,94.189709,642.525240,-25.599177,639.020599,-145.665427,638.723748,59.956183,0.015249,1,0
12.067000,-63.924594,205225.350101,176.152548,206101.624668,56.014794,205826.973522,94.104577,647.062113,-25.757417,630.136125,-146.391620,640.157898,59.959323,-0.002037,1,0
12.100000,-63.783689,205739.500764,176.234457,205475.890119,56.205265,206232.416106,94.248086,647.021772,-25.712446,641.514758,-145.776372,641.438944,59.949168,0.003014,1,0
12.133000,-63.837167,205945.343198,176.231231,206510.128604,56.074946,206378.036560,94.098639,648.358200,-26.103977,642.434217,-145.847097,637.011966,59.966605,0.011063,1,0
12.167000,-64.017402,204185.867462,176.259936,204647.490852,56.279247,202721.689104,93.925478,640.345654,-25.953318,640.276372,-145.690292,650.286373,59.956641,0.010831,1,0
12.200000,-64.001280,203493.073179,176.196097,205203.420706,56.095469,204737.772623,93.582218,644.284706,-25.738390,634.822887,-145.783745,645.815665,59.960290,0.001232,1,0
12.233000,-63.896366,204772.681715,176.201550,206007.945817,55.961548,202975.658306,93.809189,634.651558,-25.976397,641.823211,-146.218282,642.586679,59.960119,0.013773,1,0
12.267000,-63.800389,204032.948736,176.121549,204054.822196,56.081990,205616.348194,94.311615,639.743180,-26.156651,649.420889,-145.943622,641.477428,59.955526,-0.002053,1,0
12.300000,-63.983390,205356.156555,176.171860,204050.939414,56.031248,204762.941037,93.909205,644.083171,-25.916642,642.071507,-146.064470,640.652703,59.962268,0.008362,1,0
12.333000,-63.766779,204248.068616,175.845469,206403.320498,56.240602,207072.328395,94.203398,640.954256,-26.450228,648.141310,-145.801369,641.357283,59.955417,-0.000494,1,0
12.367000,-63.964344,205818.915118,176.231368,205033.022257,55.919734,204923.857863,93.940984,638.294602,-25.589012,645.468574,-145.890773,643.962601,59.960658,-0.008912,1,0
12.400000,-63.862982,206241.014074,176.139144,205118.678493,56.152279,205464.642514,94.244424,645.870554,-25.713400,647.593066,-145.939476,643.715797,59.963785,-0.004000,1,0
12.433000,-63.878866,205058.973697,176.203501,206138.975099,56.037106,205507.138438,93.939467,643.117774,-26.042837,645.413868,-145.779281,644.968215,59.966399,0.002831,1,0
12.467000,-63.875187,204441.620086,176.114131,206483.866251,55.956013,207507.997631,93.997526,642.874908,-26.081413,642.721654,-145.755535,638.980849,59.971649,-0.004768,1,0
12.500000,-63.819594,204757.700725,176.304220,204628.699989,56.067855,204755.020887,93.969775,638.646294,-25.999737,644.154028,-145.848428,643.822047,59.964768,0.015324,1,0
12.533000,-64.202206,203860.844780,176.127955,205458.868711,55.941746,207188.803230,93.684188,643.454920,-25.942212,637.163477,-146.059472,642.045845,59.967063,-0.000223,1,0
12.567000,-63.925926,206112.760893,176.042601,205494.845580,56.127835,207040.950525,94.091289,640.334685,-25.991477,645.203704,-145.760671,642.600442,59.967460,-0.009036,1,0
12.600000,-63.896663,204802.878352,175.939373,207424.822458,55.947332,205863.496599,94.098442,642.274998,-26.123233,642.501471,-145.995809,645.997301,59.973713,0.000111,1,0
12.633000,-63.664426,206032.503834,176.105536,206956.109323,56.194883,207570.396481,94.436963,643.256357,-25.923662,645.895982,-145.658340,646.418368,59.971227,-0.011476,1,0
12.667000,-64.116156,205855.451885,176.084941,206886.392750,56.184036,207045.524131,93.883295,644.463058,-25.914553,640.776510,-145.876377,645.650325,59.965106,-0.011579,1,0
12.700000,-63.824264,206605.674532,176.034715,205677.922144,56.054218,205116.633238,94.053113,641.965174,-25.716746,634.965655,-145.996463,645.390196,59.967321,-0.007430,1,0
12.733000,-63.952201,206388.264396,176.070086,206452.533618,55.963729,206512.386548,93.877434,650.947691,-25.983167,646.827124,-145.844679,649.728952,59.969634,-0.005308,1,0
12.767000,-63.820353,204435.547883,176.020908,204767.292555,55.973920,204634.059102,94.063962,650.247276,-26.228518,642.339580,-146.203300,650.969851,59.959930,0.004610,1,0
12.800000,-63.867271,205386.756126,176.031481,206710.778165,56.032629,206455.584231,94.009434,649.918420,-26.039869,643.093258,-145.840487,649.026696,59.954023,-0.001969,1,0
12.833000,-63.998381,206297.536535,176.040957,205574.943990,55.977835,205885.881383,93.738244,653.440465,-25.817096,651.988075,-146.230489,647.947366,59.960687,0.007998,1,0
12.867000,-63.928680,205928.289451,175.934371,206538.373938,55.955475,205806.270382,94.348986,650.688850,-25.969279,648.629331,-146.038639,646.638982,59.956140,0.008054,1,0
12.900000,-63.843158,206997.101504,176.037115,206630.858517,56.018923,206560.213419,93.830973,651.244612,-25.711232,643.486833,-145.820146,641.991569,59.958931,-0.008315,1,0
12.933000,-64.036399,204225.232439,176.240600,205247.066117,56.061533,205680.681900,94.321977,652.514345,-25.921199,649.217629,-145.795577,653.656778,59.964069,-0.008795,1,0
12.967000,-63.937734,206040.224959,176.122836,207023.197675,56.103215,204565.891989,94.044440,648.286966,-26.085756,653.909035,-145.850863,655.593136,59.963575,-0.001196,1,0
13.000000,-63.766264,203879.778614,176.181800,204244.898156,56.076845,204334.329122,94.320017,650.766902,-25.754849,651.109797,-145.876178,657.608430,59.961549,-0.001439,1,0
13.033000,-63.912664,205905.038378,176.097474,205740.850194,56.229780,207135.243771,94.035407,644.836769,-25.950786,649.922284,-145.745738,656.605765,59.957328,-0.005033,1,0
13.067000,-63.873282,204695.561511,176.279099,205854.379806,56.203879,204763.023140,94.104279,646.835448,-25.620310,652.151155,-145.961134,649.456177,59.957765,0.012648,1,0
13.100000,-63.651644,204750.221216,176.246426,203758.328294,56.328939,203778.348911,94.453059,656.054533,-25.732385,655.052107,-145.476673,651.688995,59.950141,0.012926,1,0
13.133000,-63.648154,204532.033433,176.244402,205174.955887,56.168489,203902.799078,94.315928,653.899679,-25.684991,656.124242,-145.968463,653.744602,59.959936,0.008676,1,0
13.167000,-63.651437,205856.801004,176.212874,206183.590977,56.141487,204452.451048,94.346884,652.035404,-25.681392,658.877901,-145.902836,654.925753,59.960840,0.001196,1,0
13.200000,-63.762266,205139.305158,176.068159,205271.048173,56.277339,205183.663508,94.145460,653.949007,-25.936672,646.644643,-145.827513,653.917166,59.960293,0.006263,1,0
13.233000,-63.914469,204906.288168,176.209424,206407.028456,56.083276,205453.213297,93.881594,653.784488,-25.743490,651.803575,-146.017300,650.993541,59.963711,-0.007967,1,0
13.267000,-63.904161,206257.486999,176.412428,204594.316747,56.032240,204153.158979,93.920155,657.805260,-25.514746,654.766537,-145.701265,655.784351,59.963105,-0.002196,1,0
13.300000,-63.938104,205370.309169,176.086363,204380.051015,55.945097,206782.726960,93.823335,658.899119,-25.504069,657.117494,-145.886434,657.182436,59.962644,0.001899,1,0
13.333000,-63.775120,204686.977755,176.122781,203308.344732,56.144238,205637.832445,94.221550,654.026431,-25.833009,658.105392,-146.062721,656.637120,59.962094,0.005007,1,0
13.367000,-63.699121,205031.477824,176.169678,205523.467808,55.988884,203854.635951,93.895772,657.133969,-25.987215,654.777036,-146.362479,657.514635,59.958128,0.002895,1,0
13.400000,-63.582336,203470.952122,175.956332,204929.789946,56.197007,205108.636696,94.316300,654.629248,-26.238720,658.970616,-146.006827,653.464390,59.969830,-0.006308,1,0
13.433000,-63.893645,203658.012751,176.208737,204974.230220,56.163764,203842.724915,94.180411,658.995236,-25.781593,659.613687,-145.834510,659.213028,59.965307,0.003348,1,0
13.467000,-63.925224,204606.204320,176.269719,204062.393670,56.264666,204092.974229,93.587895,659.263271,-25.722653,656.767465,-145.807484,657.618977,59.960912,0.005105,1,0
13.500000,-63.907870,206410.451521,176.167333,206592.926339,56.253684,203787.139807,94.025204,665.979364,-26.076362,660.407972,-145.877059,659.872906,59.955730,-0.001064,1,0
13.533000,-64.004413,203517.378348,176.045557,203397.318796,56.158391,203539.068180,94.261286,659.965642,-25.756094,661.087445,-145.623536,661.046529,59.969974,0.000214,1,0
13.567000,-63.650156,204243.677386,176.288115,203702.114677,56.119626,203876.116802,94.450952,654.559400,-25.686285,662.047931,-145.949393,662.223348,59.963597,-0.001300,1,0
13.600000,-63.680660,204596.229501,176.058256,202986.896674,56.307193,204388.705428,94.259875,662.664314,-26.048865,657.861151,-145.832450,663.577782,59.964208,0.014352,1,0
13.633000,-63.883274,203568.833270,176.297064,202767.293079,56.255942,203694.578631,94.096425,657.887644,-25.841258,659.310917,-145.750683,653.183873,59.959792,0.007772,1,0
13.667000,-63.974527,204142.118550,176.021975,205797.225574,56.168279,202760.712142,93.880951,662.876901,-26.089704,658.179269,-145.667868,657.511793,59.965215,-0.003293,1,0
13.700000,-64.008587,203032.052385,176.382810,205651.172802,55.994870,204661.571953,94.168480,662.882897,-25.711954,659.033312,-145.972251,659.781714,59.966304,0.009992,1,0
13.733000,-63.852335,203581.805001,176.090466,204774.023496,56.075821,204330.232777,94.490571,662.853462,-26.094678,660.768567,-146.084039,655.420644,59.965906,0.006329,1,0
13.767000,-63.773611,203319.852012,176.175752,205211.021698,56.069989,205859.909651,94.143707,658.417333,-25.859777,657.448544,-145.750256,662.523008,59.957004,-0.002433,1,0
13.800000,-63.870387,206189.579621,176.286596,203479.298367,56.068163,203499.919447,94.257503,661.413005,-25.557132,657.103598,-145.845034,660.965452,59.970188,0.008582,1,0
13.833000,-64.024728,203693.040883,176.211492,202749.251045,56.151186,203725.305891,93.808092,658.847904,-25.769084,657.516099,-145.799203,657.984956,59.962405,0.011663,1,0
13.867000,-63.848036,204265.916703,176.245939,203812.059571,56.207346,205167.442762,94.023852,654.408833,-25.730260,653.117136,-145.711384,665.101677,59.962351,-0.007041,1,0
13.900000,-63.805501,203094.851073,176.221970,204746.941567,56.233214,205376.094766,94.257734,654.142095,-25.672802,655.578614,-145.737732,659.933036,59.960699,0.008424,1,0
13.933000,-63.862284,205091.847517,176.198265,204921.216365,56.103928,205061.818794,94.327135,663.314552,-25.686669,661.991884,-146.125589,654.139795,59.959201,0.001839,1,0
13.967000,-63.814596,202778.711916,176.103097,204245.479263,56.136997,204364.882794,94.333092,655.436657,-25.955165,655.680705,-145.927816,657.014270,59.961152,-0.003290,1,0
14.000000,-63.915838,203603.618794,176.303734,203068.762116,55.967456,203147.309632,93.870674,659.142456,-25.744671,660.106232,-146.020322,659.322378,59.963726,-0.000626,1,0
14.033000,-63.856328,203477.361564,176.142306,204061.856579,56.140670,204092.202059,94.209501,659.121099,-25.609229,654.985515,-145.590356,655.529419,59.969596,0.001717,1,0
14.067000,-63.851057,204768.539719,175.979340,204396.402905,56.230679,203336.305757,94.300720,653.588162,-25.819372,653.903463,-145.919535,652.828731,59.964892,-0.005422,1,0
14.100000,-63.814179,204546.164433,175.917145,206188.413402,56.213045,205801.534382,94.525042,653.788418,-26.201036,650.985489,-145.663357,648.404952,59.962628,-0.009149,1,0
14.133000,-63.929928,203053.245880,176.097458,204256.358775,56.156777,206142.453703,93.925780,655.091515,-25.839152,658.563035,-146.134344,654.017564,59.968890,0.001435,1,0
14.167000,-63.793177,202851.597998,176.091168,204794.776064,56.317756,203770.151876,94.139845,647.620651,-25.853456,648.841445,-145.631343,651.428306,59.966959,-0.002232,1,0
14.200000,-64.058043,203136.946413,175.982168,202973.600989,56.169833,204092.560991,93.790828,658.359198,-26.098998,657.522514,-145.873219,654.659643,59.965649,-0.004483,1,0
14.233000,-64.007086,203968.656668,175.992825,203527.616088,56.296342,203823.157680,93.978876,647.641370,-26.086128,659.705722,-145.694902,653.273362,59.968540,0.008375,1,0
14.267000,-63.889992,203273.108424,176.089580,202766.463364,56.146879,204258.209427,93.718642,656.503964,-26.039568,657.625356,-146.045887,655.842571,59.965341,-0.009880,1,0
14.300000,-63.927068,203668.519273,176.214788,204161.526071,56.097315,202504.664738,94.222461,659.819356,-25.793932,656.088650,-146.003889,657.019046,59.967841,0.007501,1,0
14.333000,-63.834285,204844.156471,176.242900,204044.603767,56.184267,202637.284765,94.490191,660.233130,-25.845743,658.399647,-145.712983,657.660459,59.957272,-0.007466,1,0
14.367000,-63.936444,203870.467587,175.984388,204006.722959,56.185330,204293.943099,94.123874,658.757164,-26.063653,652.666137,-145.909800,661.182292,59.961018,0.004004,1,0
14.400000,-63.897271,205499.301660,176.170538,203444.091596,56.193468,204306.686975,93.821289,654.037289,-25.904822,657.099340,-145.525955,650.476591,59.954943,0.000424,1,0
14.433000,-63.952542,202587.600764,176.057099,203787.896836,56.106839,202612.687645,94.065264,653.649754,-26.377737,649.017952,-145.980596,653.135105,59.959711,0.001834,1,0
14.467000,-63.828949,203552.752671,175.999881,205032.529257,56.217377,204012.841632,94.323966,654.021439,-25.663185,656.086019,-145.917705,652.353775,59.959586,-0.010507,1,0
14.500000,-63.722601,201692.171156,176.001667,204122.351513,56.187818,203359.368427,94.144020,653.232650,-26.014753,658.012577,-145.876048,656.048279,59.955819,0.001922,1,0
14.533000,-63.816995,202062.488676,176.191902,205100.357011,56.153866,201950.517620,94.072708,662.220838,-25.831253,651.610960,-145.888058,659.132736,59.963182,0.009256,1,0
14.567000,-63.613067,203693.160894,176.154485,203860.192096,56.079470,202819.433726,94.383513,652.579911,-25.926744,656.555800,-145.933710,653.382590,59.965742,0.010903,1,0
14.600000,-63.922509,202546.076972,176.360246,203417.904932,56.168797,203747.714494,94.133701,653.875949,-25.760888,655.740035,-145.679015,654.643615,59.970335,0.005424,1,0
14.633000,-63.786043,204231.987437,176.351792,205831.634914,56.381275,203625.831279,94.263277,651.241309,-25.830285,654.906148,-145.874988,652.184922,59.965256,-0.002061,1,0
14.667000,-63.917886,202474.029090,176.340716,205780.622840,56.288737,204615.926195,94.010270,661.760846,-25.829360,657.332695,-145.537150,661.690001,59.970414,-0.003260,1,0
14.700000,-63.944475,203530.906561,176.194160,204146.723801,56.219871,204866.155502,93.848986,648.007181,-25.768006,652.685372,-146.000026,655.037343,59.970106,0.001621,1,0
14.733000,-63.630070,203698.378936,176.040388,205426.615038,56.167060,204358.838056,94.892946,647.023974,-25.821316,654.188696,-145.969160,655.521622,59.974269,-0.005159,1,0
14.767000,-63.806972,202178.387007,176.069552,204766.540925,56.058618,203665.639299,93.888916,652.376356,-25.733852,653.799026,-145.812647,656.253725,59.962143,0.016209,1,0
14.800000,-63.979860,203078.675112,176.202105,204025.435218,56.165094,205009.295902,93.914029,656.052626,-26.242949,650.914444,-145.367167,651.788393,59.968527,-0.000380,1,0
14.833000,-63.686910,203111.678142,176.070759,204602.075754,56.208417,203632.513819,94.286092,651.487348,-25.748341,654.020311,-145.803217,652.775672,59.970539,0.001543,1,0
14.867000,-63.805388,202975.483777,176.008271,203379.970203,56.304924,203078.395506,94.263891,644.647430,-26.062684,648.080152,-145.523795,646.758848,59.965050,0.000396,1,0
14.900000,-63.767769,203449.440997,175.911955,204152.425191,56.181122,202972.757851,94.165168,651.842434,-26.136602,647.919756,-145.820772,650.385354,59.968502,0.013648,1,0
14.933000,-63.785408,204761.999215,176.257707,202939.850628,56.048980,202336.245943,94.152109,649.408046,-26.010539,650.974570,-146.208004,648.065619,59.972108,-0.008230,1,0
14.967000,-63.932254,203144.759058,176.064280,202225.904871,56.090147,204419.257106,93.960557,652.619382,-25.557447,647.758418,-146.007832,645.025594,59.969061,-0.002928,1,0
15.000000,-63.953341,201305.476704,175.982310,204024.518330,56.185266,202744.243657,93.760463,649.853483,-25.983826,640.547822,-145.924940,649.169612,59.960046,0.001990,1,0
15.033000,-64.032495,203103.181963,176.251547,202208.673964,56.112591,203374.506837,93.991685,647.154217,-25.616458,655.620286,-146.141477,648.964236,59.976614,-0.000768,1,0
15.067000,-63.775662,203833.102847,176.002957,204563.275341,56.050776,204245.977405,93.843758,647.481928,-25.943978,650.706978,-145.642042,650.796326,59.972498,-0.001924,1,0
15.100000,-63.935885,204643.884669,176.114163,203265.781999,56.047257,204541.316110,93.999614,652.973058,-26.010782,651.124559,-145.935057,650.348016,59.975803,0.001067,1,0
15.133000,-64.208642,202505.605260,175.939554,203764.401563,56.019276,203686.564811,94.060062,648.889641,-25.637603,643.103333,-145.525498,650.089874,59.975426,-0.000995,1,0
15.167000,-64.029537,202389.351065,175.907707,203156.206707,56.010174,206280.293820,93.689172,645.089260,-26.168500,647.920337,-145.969997,647.523424,59.972453,0.002590,1,0
15.200000,-63.968901,204046.616805,175.929623,204728.742395,56.124321,202274.184448,94.121267,653.301571,-25.979583,650.207255,-146.012450,653.844981,59.966150,0.009868,1,0
15.233000,-63.778318,205150.597576,176.041181,204786.081717,56.131055,203422.054135,94.017615,641.524153,-25.932612,647.223717,-146.048072,654.135483,59.968274,0.000650,1,0
15.267000,-64.052464,203513.448757,176.071219,204853.526296,56.067845,204452.390719,94.142861,649.365815,-25.611872,653.163355,-145.551739,646.176173,59.967662,0.000452,1,0
15.300000,-63.932662,203354.235449,176.167276,203851.636048,55.944273,203194.767304,94.126337,642.629702,-25.772908,654.570841,-146.062686,649.788896,59.969336,0.005801,1,0
15.333000,-63.897843,202389.624156,176.145510,203386.728800,56.075603,205205.082645,93.978873,653.356852,-25.857648,654.702358,-145.912691,646.759775,59.973743,0.007014,1,0
15.367000,-63.886783,201507.261813,176.022140,203110.764626,55.986361,202420.601918,94.285381,651.886436,-26.014116,650.356779,-146.527235,648.474080,59.960893,-0.017640,1,0
15.400000,-63.871757,203748.962958,176.102062,203885.375880,56.023732,203222.004776,94.429616,655.357413,-26.080603,651.145171,-146.058562,649.417328,59.965534,-0.002077,1,0
15.433000,-63.880592,202814.672986,176.098329,205752.685396,55.878115,204216.184147,94.182612,649.551289,-25.932578,649.157556,-145.692330,652.907881,59.961835,0.000786,1,0
15.467000,-63.939663,204356.928511,176.242890,203607.019192,55.904840,201581.124707,93.895603,646.147322,-25.912910,650.065796,-145.797478,650.667133,59.963194,-0.004124,1,0
15.500000,-63.959127,202174.453377,175.941883,202609.565154,56.152595,202919.962857,94.026939,656.109194,-26.048296,651.627743,-145.613103,648.424745,59.967643,0.007379,1,0
15.533000,-64.104746,202731.318942,176.094207,203433.442071,55.960568,202265.496974,93.626472,643.194845,-26.153803,652.315815,-146.485678,651.160360,59.963890,0.005806,1,0
15.567000,-64.069874,203867.486893,176.011892,202654.753047,55.942109,203982.113953,93.995307,645.898778,-26.365836,644.162595,-146.330460,650.088695,59.959607,0.019895,1,0
15.600000,-64.009967,203710.121184,175.938533,203784.850726,55.869560,204554.587183,93.947753,648.950296,-25.978335,648.138051,-146.118374,651.027612,59.961569,0.002994,1,0
15.633000,-64.113158,201410.444289,176.013236,203984.457790,56.165917,201733.255312,93.907938,648.239315,-26.154149,654.776120,-146.077939,653.178378,59.958895,-0.003224,1,0
15.667000,-63.749861,202819.372068,176.016266,203251.528207,56.080116,203286.233477,94.342958,650.708438,-25.881044,651.111812,-145.803815,646.917515,59.965892,0.006719,1,0
15.700000,-63.869182,202627.889218,175.991945,202742.930392,56.263016,202706.450958,94.177852,647.698532,-25.861422,658.478847,-145.525228,654.752393,59.966275,0.007338,1,0
15.733000,-63.809212,201690.113086,176.098337,202543.466969,56.205604,202847.636613,93.994062,653.561831,-25.832222,656.758234,-146.140210,654.001256,59.964425,-0.004755,1,0
15.767000,-63.923254,201511.313233,176.191201,203428.893751,56.093271,202255.962933,94.316275,649.076015,-25.404572,648.252773,-145.686338,647.244096,59.959978,-0.000896,1,0
15.800000,-63.896627,203400.745151,176.247214,203232.935739,56.238886,202369.228214,94.295383,658.529347,-25.735582,652.716326,-145.672716,654.090023,59.963605,0.007053,1,0
15.833000,-63.815227,201400.424023,176.172929,202299.221623,56.084250,201833.788265,94.059730,653.277821,-25.910551,655.939670,-146.059133,655.932430,59.959406,0.000108,1,0
15.867000,-63.724809,201932.234604,176.100430,203423.050466,56.140580,203972.042074,94.628572,655.392312,-26.059424,650.385909,-145.649330,655.270464,59.968802,0.005929,1,0
15.900000,-63.855318,202835.154427,176.245904,203394.440918,56.066821,203697.192202,94.262732,660.767793,-25.718802,652.863987,-146.371836,652.919338,59.960318,0.008372,1,0
15.933000,-63.745382,201668.413954,175.952478,203385.364295,56.090467,202562.431617,94.474132,651.549816,-25.949001,653.141528,-146.063131,653.355045,59.964527,-0.012496,1,0
15.967000,-63.865700,202085.296964,176.167765,204256.285337,56.180245,200476.983705,94.273619,649.927236,-25.975581,651.868906,-145.637587,660.141723,59.964532,-0.002111,1,0
16.000000,-63.714719,200998.548286,176.176913,202863.554346,56.119422,202083.707428,94.591197,653.267651,-25.818529,649.766518,-146.309055,650.408161,59.972903,0.003370,1,0
16.033000,-63.862648,202265.801860,175.935425,202285.956012,56.262860,202018.326259,94.159199,651.460947,-25.800834,649.214307,-145.831447,649.536113,59.968513,-0.003507,1,0
16.067000,-63.813366,203332.915792,176.295742,204147.768172,56.192028,203218.569957,94.291116,647.770428,-25.400371,651.383197,-145.975942,646.401176,59.969399,0.007277,1,0
16.100000,-63.712514,200899.144091,176.256093,203530.868685,56.207797,202548.409062,94.128806,648.604527,-25.703027,650.179936,-145.607389,647.681287,59.968396,-0.005738,1,0
16.133000,-63.551049,202561.899674,176.260363,202886.774544,56.323355,202735.402144,94.512775,651.812851,-25.660293,653.890723,-145.623366,648.974467,59.968729,-0.000579,1,0
16.167000,-63.810917,201802.883804,176.310934,203677.115650,56.157476,202967.290860,93.823554,652.772061,-26.028768,650.490347,-145.669900,654.118640,59.978992,-0.002261,1,0
16.200000,-63.663026,202304.106102,176.211737,203113.163574,56.185919,202879.420219,94.254112,644.091476,-25.850301,643.657191,-145.508235,651.142873,59.964779,0.009655,1,0
16.233000,-63.713963,201671.676135,176.200472,204110.926471,56.296326,201057.617836,94.498485,642.913139,-25.842839,646.279197,-145.945463,646.040380,59.961161,-0.015869,1,0
16.267000,-63.908499,202433.200158,176.358394,203831.014123,56.161142,201795.213100,94.162752,651.101827,-25.985736,657.336446,-146.182635,643.907740,59.968458,-0.003445,1,0
16.300000,-63.815795,204359.741974,176.146196,203183.886971,56.149721,202228.432273,94.034939,647.719049,-25.319123,652.375006,-145.900424,650.254888,59.954994,0.005054,1,0
16.333000,-63.603084,203123.049001,176.156305,200119.520803,56.357687,202794.077809,94.656977,644.072064,-26.001409,641.111345,-145.877800,644.783226,59.957216,0.006595,1,0
16.367000,-63.776992,202207.804503,176.352865,203192.216239,56.250175,203071.318854,94.316424,645.209783,-25.803358,647.492162,-145.456939,652.726474,59.961737,0.008429,1,0
16.400000,-63.774413,203493.514949,176.167492,203507.224267,56.070112,202930.401328,94.535989,644.217945,-25.742579,650.979390,-145.948260,646.380552,59.951284,0.010325,1,0
16.433000,-63.790066,203936.048670,176.282276,203301.819668,56.098538,202439.897334,94.312606,644.875051,-25.520676,649.843115,-146.244610,649.414373,59.956950,-0.001381,1,0
16.467000,-63.862295,200900.106836,176.169849,202697.861004,56.239299,202008.724979,94.336655,646.615224,-25.601462,639.812729,-145.830200,644.659514,59.953238,-0.000384,1,0
16.500000,-63.793613,202770.135367,176.160247,201909.787694,56.201388,201908.370180,94.079824,644.634769,-25.919854,648.761346,-145.677356,646.229106,59.954616,-0.006547,1,0
16.533000,-63.687461,201489.207717,176.161390,204172.135901,56.160512,202933.008513,94.220083,646.809841,-25.586130,652.247280,-145.660512,645.071659,59.959385,0.021688,1,0
16.567000,-63.838424,202635.414614,176.205314,202256.879819,56.303421,204971.694278,93.941353,650.557580,-25.655758,644.668874,-145.553498,644.369369,59.962871,0.000192,1,0
16.600000,-63.846983,203036.599502,176.233443,202868.144394,56.136780,200291.157269,94.023134,633.972741,-25.449968,643.820580,-145.879687,642.054573,59.959979,0.006471,1,0
16.633000,-63.613780,203214.031835,176.433202,202835.903292,56.291145,202350.796217,94.650237,647.899674,-25.813078,641.544016,-145.947015,643.496813,59.968364,-0.003226,1,0
16.667000,-63.790601,203874.949955,176.179944,202512.164082,56.203572,202680.363958,93.961315,643.483266,-25.910347,643.399902,-145.911177,641.741871,59.970244,0.003706,1,0
16.700000,-63.762022,205144.493681,176.354451,204466.021334,56.414203,203015.532460,94.237405,647.170185,-25.224926,644.539872,-145.753173,638.349360,59.962982,-0.010245,1,0
16.733000,-63.768883,201242.062130,176.365000,202517.686320,56.297764,202467.310410,94.337299,648.907270,-25.824723,644.788682,-145.802123,637.424438,59.966690,-0.005769,1,0
16.767000,-63.552726,201934.173381,176.325869,202424.637927,56.482241,204434.770030,94.377182,644.511435,-25.642196,643.465527,-145.565106,638.238335,59.965180,0.011915,1,0
16.800000,-63.616243,201451.666433,176.328707,203069.193043,56.411563,202711.013268,94.517562,643.027644,-25.880597,641.856026,-145.812016,644.273395,59.962896,0.015263,1,0
16.833000,-63.575386,203429.013398,176.542207,202051.950300,56.249552,201771.487749,94.640575,647.169534,-25.387062,641.678154,-145.517491,647.057865,59.972091,0.006548,1,0
16.867000,-63.740394,203179.078101,176.071272,202690.316137,56.340635,203801.026064,94.228814,644.413557,-25.931650,642.717056,-145.798205,644.301035,59.968101,0.001364,1,0
16.900000,-63.809535,202438.662306,176.375900,202571.807267,56.198703,202607.160678,94.084216,640.472815,-25.444327,640.148004,-145.753011,633.387291,59.963760,0.004644,1,0
16.933000,-63.672974,203261.969028,176.360756,204165.249254,56.501525,202644.871809,94.098995,639.866094,-25.705926,639.764605,-145.630697,639.642622,59.960683,0.014891,1,0
16.967000,-63.811222,200614.304864,176.096326,202732.577807,56.177040,202370.088737,94.493097,642.780891,-25.778503,641.788887,-146.082764,636.702757,59.967209,0.006241,1,0
17.000000,-63.798349,202431.786016,176.398190,203741.655352,56.227522,202931.334993,94.108622,641.904186,-25.557839,631.451873,-145.746949,636.386826,59.957677,0.010169,1,0
17.033000,-63.683900,201313.082894,176.344673,201827.319177,56.365796,202260.709253,94.461843,632.090507,-25.330352,629.574126,-145.871567,644.450384,59.967933,-0.002162,1,0
17.067000,-63.582766,201791.328317,176.188586,202708.571092,56.338516,201369.430398,94.126247,639.353234,-25.710229,639.075856,-145.418654,639.181238,59.967179,-0.007604,1,0
17.100000,-63.671044,201335.336826,176.411249,203334.694812,56.327113,203282.556577,94.118582,638.011370,-25.825545,639.596955,-145.535380,641.479693,59.953315,0.007667,1,0
17.133000,-63.741167,204015.439038,176.232258,203045.973070,56.156411,204403.906855,94.207339,638.047715,-25.968062,638.383887,-146.048934,642.062228,59.954023,0.004443,1,0
17.167000,-63.676899,200844.960448,176.107234,202407.408678,56.317440,202897.553599,94.421304,640.208855,-26.054821,636.281794,-145.622051,638.723041,59.958608,0.004862,1,0
17.200000,-63.656127,201540.394122,176.022303,203820.898530,56.212674,202996.482396,94.318809,634.470716,-25.827237,640.633625,-145.721242,645.159349,59.959988,0.004610,1,0
17.233000,-63.784875,200539.188814,176.251992,201375.025431,56.101796,202532.645075,94.432539,638.120038,-25.511895,632.317057,-145.819672,636.841161,59.958247,-0.004558,1,0
17.267000,-64.012509,203050.762260,176.395751,200742.289661,56.297986,201992.250817,93.672229,640.642562,-25.621913,636.099120,-145.794303,634.145837,59.959557,-0.002616,1,0
17.300000,-63.641445,202632.538867,176.147259,203314.736671,56.196895,201695.602070,94.474231,642.828903,-26.209509,641.739643,-146.049731,641.342664,59.956226,0.020218,1,0
17.333000,-63.778147,203433.325067,176.245485,202015.798703,56.166873,202275.017885,94.026675,639.128452,-25.911869,636.187784,-145.900138,642.825661,59.962216,-0.005324,1,0
17.367000,-63.823911,204697.964973,176.369440,201709.754901,56.337112,202487.238591,94.202053,638.569446,-25.562467,638.249018,-145.593479,634.904592,59.963358,-0.009065,1,0
17.400000,-63.705629,203366.230903,176.150748,204467.697644,56.149006,204039.323332,94.512176,640.745476,-25.964625,639.112241,-145.693817,634.161879,59.959165,0.003211,1,0
17.433000,-63.818534,202207.120249,176.213905,201299.987679,56.322903,202723.238921,93.927935,640.164305,-25.715672,640.675021,-145.766202,640.135315,59.954153,0.004528,1,0
17.467000,-63.805525,202775.882598,176.170427,205666.145422,56.304796,203192.030193,94.342560,642.312404,-26.020133,635.961119,-145.467222,637.062709,59.959680,-0.003856,1,0
17.500000,-63.714557,202711.496377,176.369458,203751.793021,56.302424,202766.943946,94.036792,640.496312,-25.666058,634.441821,-145.835521,637.762612,59.962706,0.003544,1,0
17.533000,-63.699052,203766.956917,176.295205,203878.593919,56.258955,202640.107149,94.262336,639.755649,-25.776059,639.253199,-145.565960,642.262366,59.955144,-0.008424,1,0
17.567000,-63.802467,202602.271557,176.162398,201644.451690,56.374624,201631.777536,94.127647,642.355143,-25.864282,636.806907,-145.783649,637.633239,59.961920,-0.004432,1,0
17.600000,-63.598106,202629.124517,176.282287,203049.606135,56.193021,202298.071547,94.475414,640.763688,-25.856860,646.574450,-145.556540,642.720273,59.965389,0.006436,1,0
17.633000,-63.796437,201869.764715,176.268082,203765.680689,56.313852,202738.002458,93.931880,645.135378,-25.755999,639.507702,-145.445241,643.824496,59.960924,-0.001800,1,0
17.667000,-63.698064,202699.482605,176.295384,202271.013223,56.405472,202392.413169,94.254260,643.183016,-25.724076,642.850258,-145.392862,645.461210,59.966930,-0.007918,1,0
17.700000,-63.802680,204854.536551,176.145584,202643.136301,56.089244,201801.340736,93.698099,640.192072,-26.191723,639.477797,-146.065983,643.185897,59.957420,-0.013464,1,0
17.733000,-63.676086,202578.081131,176.242225,203338.313712,56.148389,203480.790787,94.290537,640.162214,-25.761700,649.284264,-145.821878,647.302004,59.966299,-0.013361,1,0
17.767000,-63.709367,204245.216122,176.213535,203435.291161,56.238367,204061.043483,94.458744,647.091413,-25.785273,637.425979,-145.764472,649.227962,59.971945,-0.000975,1,0
17.800000,-63.697254,203637.953752,176.233045,202686.562065,55.966264,203397.028933,94.185648,643.736024,-25.685132,640.852465,-146.385994,637.075521,59.963550,-0.000843,1,0
17.833000,-63.794537,202821.446447,176.219065,204582.274542,56.228874,203044.718945,94.304184,640.138800,-25.587457,639.640665,-145.968186,646.115655,59.961479,-0.013207,1,0
17.867000,-63.637965,203240.442028,176.261619,202900.087220,56.213426,200761.389044,94.541460,642.480287,-25.616182,643.428041,-146.182706,644.167229,59.964960,-0.000301,1,0
17.900000,-64.009136,202732.049963,176.089387,203771.137351,56.281542,203557.503391,93.916016,646.645499,-25.769861,651.477647,-145.533234,645.204175,59.966396,-0.003407,1,0
17.933000,-63.890162,202548.882260,176.219600,202484.135186,56.146581,204244.395761,94.090930,637.688159,-26.097830,643.902390,-145.996388,650.611809,59.964839,-0.005922,1,0
17.967000,-64.031165,201926.057222,176.219714,203251.671637,56.199396,201770.152370,93.844602,648.042756,-25.771006,642.723899,-145.805818,648.311928,59.969795,-0.004157,1,0
18.000000,-63.848642,202173.087769,176.136087,203711.688033,56.036184,202194.306808,94.193289,640.499642,-25.980793,650.750172,-145.784899,649.305213,59.972908,-0.012042,1,0
18.033000,-63.817775,203293.865203,176.247896,204401.326883,56.272623,202790.690300,94.067633,648.814993,-25.656329,642.751390,-145.681157,653.047263,59.969138,0.013272,1,0
18.067000,-63.833705,202184.078050,176.009505,203820.843580,56.084568,202016.999505,93.949885,649.127213,-25.737745,649.366537,-145.979482,644.535550,59.976328,-0.002644,1,0
18.100000,-63.795640,202492.459432,176.038715,202801.556958,56.093994,201749.573335,94.328071,656.286192,-25.987877,647.532897,-145.972022,654.917372,59.973667,-0.014859,1,0
18.133000,-63.710441,202027.569099,175.989815,202029.181880,56.138217,202229.481946,94.277145,646.469009,-26.259964,647.919118,-145.911533,647.480675,59.966634,0.000798,1,0
18.167000,-63.796434,201026.482122,176.007255,203321.986662,56.121125,201649.025303,94.473284,639.562870,-25.947687,641.468322,-145.914015,650.140130,59.968721,-0.003306,1,0
18.200000,-63.859425,201719.612387,176.163045,203803.828515,56.223926,205006.286462,94.167774,649.932159,-25.882668,644.058034,-145.721568,650.701128,59.971165,-0.016998,1,0
18.233000,-63.840802,203381.274767,176.121317,202279.309769,55.992985,202217.572266,94.145714,648.729908,-25.589175,646.060725,-145.998388,645.253655,59.978334,0.003804,1,0
18.267000,-63.853766,202888.593638,176.263309,204363.404451,55.993295,204552.722370,93.836106,655.409877,-25.766074,652.698546,-146.192921,646.674788,59.973308,-0.001836,1,0
18.300000,-63.841047,204367.265428,176.134632,204525.538064,56.148073,203137.276161,94.406878,652.464082,-26.031143,650.520650,-145.464331,651.310706,59.974242,0.001272,1,0
18.333000,-64.023491,203176.344704,175.843917,203663.518086,56.240347,203438.550320,94.166969,648.470419,-26.220111,659.150578,-145.903730,650.002145,59.970915,-0.005257,1,0
18.367000,-63.928152,203741.204398,176.085541,206118.845927,56.033607,203408.928790,93.996804,653.672534,-25.683836,650.284047,-146.113526,654.300620,59.969382,-0.008716,1,0
18.400000,-63.874408,205033.007838,176.273477,201066.822574,56.061431,203884.415639,94.130034,652.056659,-25.802440,652.191458,-145.890198,657.562548,59.971474,-0.012907,1,0
18.433000,-63.813037,203189.748108,176.000276,201718.532075,56.008253,203740.966739,94.388060,654.224072,-25.964035,657.178371,-145.945021,651.833369,59.974935,-0.000596,1,0
18.467000,-63.933311,203524.302119,176.031908,203564.551743,56.035789,202136.228259,94.436386,655.187006,-25.982047,656.192196,-145.842162,655.485230,59.977827,-0.003378,1,0
18.500000,-64.029441,202670.070235,176.156030,202794.894133,56.176369,201231.597536,93.733527,649.386953,-25.869648,648.265525,-145.867880,653.726019,59.975262,0.000315,1,0
18.533000,-63.829234,202094.508602,176.152310,203182.036482,56.160068,200679.095156,94.172559,651.978634,-25.814973,653.082725,-145.717259,658.753853,59.970760,-0.001375,1,0
18.567000,-64.016327,200911.553674,176.049905,200969.220863,55.997713,202613.273244,94.139015,658.118446,-25.971702,648.058952,-145.672231,657.789083,59.973381,-0.006688,1,0
18.600000,-64.081318,202606.569685,176.029984,203875.622708,55.749439,202224.074202,94.277149,650.708840,-25.805754,655.872947,-145.781180,652.204991,59.964651,0.002763,1,0
18.633000,-64.076508,201980.973393,175.804469,204815.410606,56.047829,203495.093054,94.036560,654.264517,-26.053525,655.072600,-146.156265,655.463533,59.965072,-0.004921,1,0
18.667000,-63.937388,203522.401970,175.913560,201692.606485,55.963488,202360.879585,94.379496,661.631330,-26.065845,656.203307,-145.806138,657.675909,59.970072,0.000006,1,0
18.700000,-63.944483,202932.590590,176.013296,201646.485779,55.967130,202197.643805,94.345152,654.804953,-25.829757,654.789729,-145.747084,658.826394,59.963615,-0.000938,1,0
18.733000,-64.134375,201889.326111,175.832459,203485.323563,56.177122,202652.786735,94.170641,664.631340,-26.421446,656.916409,-145.944691,662.690955,59.969122,-0.002452,1,0
18.767000,-63.911105,201793.095500,176.118105,201861.671582,56.198477,202322.839514,94.019474,659.613516,-25.805457,662.318382,-145.824329,660.896249,59.965245,0.010930,1,0
18.800000,-63.893216,202410.747814,176.175068,204785.070874,56.121568,202166.180410,94.171515,658.888031,-25.865827,654.066453,-145.622948,664.278468,59.974879,-0.003755,1,0
18.833000,-64.121927,202599.115732,175.990564,202539.114260,56.080157,204432.333071,94.218514,655.782238,-26.084564,661.427286,-145.802415,659.409153,59.963087,0.011112,1,0
18.867000,-63.888126,200830.992827,176.107874,202527.730483,56.206890,203765.998437,94.071669,660.796006,-25.733749,662.798822,-146.039732,660.465450,59.964800,0.000001,1,0
18.900000,-63.848302,202635.590899,176.079207,204319.385582,56.101610,203680.177534,94.113155,658.310107,-25.805497,660.276144,-145.970797,662.529011,59.970030,0.000493,1,0
18.933000,-63.746128,201956.340892,176.145673,203683.654426,56.060174,204144.964177,94.262274,665.579978,-26.049232,659.758492,-145.891184,657.914192,59.969064,0.000750,1,0
18.967000,-63.922876,201937.418617,176.197145,204016.978449,56.104628,203067.786794,93.836925,660.254872,-25.665219,656.562387,-145.756524,654.054457,59.966177,-0.004175,1,0
19.000000,-64.035474,202616.025164,176.232552,203561.688347,55.865319,204108.757299,93.816716,654.615826,-25.657704,656.647004,-146.197332,662.987247,59.959828,-0.006836,1,0
19.033000,-63.936784,203585.374506,176.148210,204071.735754,55.911642,202952.465153,94.182341,654.616526,-25.936269,659.704690,-146.199636,659.865715,59.968391,-0.002418,1,0
19.067000,-63.827486,203199.820506,175.802943,202970.406130,56.065747,201424.639778,93.969585,662.557494,-26.499121,657.428144,-145.824256,667.795138,59.970158,-0.003957,1,0
19.100000,-63.889711,202942.647854,176.199996,202308.737550,55.917324,203012.137533,94.223941,660.657436,-25.814387,656.957071,-146.446136,659.600201,59.962449,-0.005189,1,0
19.133000,-63.959519,203067.269003,176.124170,202901.574722,55.922990,203684.171399,94.130520,657.034552,-25.879660,660.318233,-145.991904,663.845847,59.969668,-0.000945,1,0
19.167000,-63.846844,202633.419032,176.156183,202781.145516,55.966308,204461.167393,94.314539,652.501115,-26.088715,668.494098,-146.245536,661.303123,59.964801,-0.000360,1,0
19.200000,-63.754412,202446.676204,176.118137,203053.345589,56.138893,204357.569506,94.306661,658.694313,-25.816024,659.535644,-146.099141,665.880743,59.964588,0.003229,1,0
19.233000,-63.928795,202477.452515,176.068624,201419.394717,56.183768,203415.399093,93.802064,656.572043,-25.809188,662.857969,-145.680549,657.483246,59.958448,-0.005738,1,0
19.267000,-63.993934,202490.785732,176.016617,203267.244239,56.001439,203955.253837,93.917621,655.881159,-26.056089,658.126810,-145.965635,654.851627,59.965236,-0.005237,1,0
19.300000,-63.921286,201868.554445,175.981796,203568.337270,56.031833,202797.999852,94.598929,663.793385,-25.909224,657.756924,-145.981022,661.082682,59.963163,0.007133,1,0
19.333000,-64.000868,201992.085242,176.157190,201912.672976,56.100115,203100.027439,93.856067,657.293139,-25.725710,663.227614,-146.288631,659.115408,59.960601,0.011612,1,0
19.367000,-63.935611,203424.949941,176.071883,204237.941730,56.149786,203121.263089,94.283995,661.543115,-25.943932,665.437835,-145.553490,657.031892,59.967805,-0.004769,1,0
19.400000,-63.998464,201730.965148,176.158567,202059.876810,55.936097,204127.297823,93.896278,658.910963,-25.437783,657.835986,-146.053675,662.372006,59.968375,0.001009,1,0
19.433000,-64.032412,204286.462371,175.942392,202586.975300,56.041237,203590.808861,94.230603,652.931745,-25.914328,656.575034,-146.193232,657.382933,59.963415,0.001776,1,0
19.467000,-63.967446,200932.958863,176.087589,202505.014737,56.053571,201379.999576,93.708878,660.121042,-25.771935,659.868233,-145.950484,660.501579,59.963205,0.004325,1,0
19.500000,-64.022011,201777.040527,176.016548,203926.006865,56.093256,203621.871577,93.788339,662.068363,-25.993990,658.985922,-146.084450,662.210972,59.965165,0.000998,1,0
19.533000,-63.812588,202866.316427,175.959581,204119.144178,56.078450,203266.591606,94.124337,659.889906,-25.942295,655.127451,-145.790460,662.748143,59.959519,0.009024,1,0
19.567000,-63.965167,203544.832285,176.114141,204014.377484,55.921535,202982.553373,94.009562,658.507275,-25.778596,652.798967,-146.161704,655.245254,59.961510,-0.003382,1,0
19.600000,-63.889081,202623.351211,176.181314,201902.822557,56.019384,202188.136718,94.154070,664.049987,-25.821080,656.048167,-146.141795,657.217804,59.959197,-0.002724,1,0
19.633000,-63.960479,203340.340285,176.250036,201532.027218,56.124940,202023.393837,94.038142,664.949386,-25.804893,659.871163,-145.881870,658.234780,59.965685,0.008420,1,0
19.667000,-63.891845,202716.229420,176.086473,203367.991659,56.092848,203023.196042,94.512824,662.736871,-25.981431,661.486693,-145.781315,661.260001,59.960606,-0.010821,1,0
19.700000,-63.950082,203121.629398,176.136886,201997.997295,56.049224,202093.908710,94.113784,659.180972,-25.770740,658.661685,-145.884867,662.879325,59.955601,-0.003894,1,0
19.733000,-63.878367,203188.171040,175.963927,202871.113745,56.084864,202422.723028,93.831096,661.834937,-25.977187,662.932098,-146.278910,660.953978,59.952602,0.001793,1,0
19.767000,-64.131726,200767.046408,176.097657,202471.605288,56.100067,201025.742710,94.168395,659.884649,-25.657471,657.222809,-145.652100,655.719464,59.956952,-0.003619,1,0
19.800000,-64.060650,202596.108249,175.882388,202656.475396,55.854878,201753.857445,93.942524,659.136719,-25.614294,653.076347,-146.108005,661.382470,59.952124,0.007682,1,0
19.833000,-63.854575,202295.113416,175.925412,202186.626722,55.981656,203080.918188,94.055450,664.620514,-26.027964,656.973555,-145.848743,655.359361,59.949315,-0.004782,1,0
19.867000,-63.788710,202417.709515,175.989351,201294.222834,55.947918,202596.184140,94.457889,652.987632,-26.151908,654.695524,-145.741354,654.883644,59.947592,-0.015873,1,0
19.900000,-64.158445,202661.980429,176.037920,203346.956513,56.140717,204331.165260,93.931201,657.356557,-25.854731,667.490394,-146.081285,660.448936,59.946409,0.001610,1,0
19.933000,-64.061154,202999.741175,176.132754,203077.862446,55.955984,201917.712442,93.934958,660.165397,-25.796683,659.140212,-146.019152,657.701755,59.955266,0.005634,1,0
19.967000,-63.887729,202371.473751,175.901770,200929.986633,56.160193,203407.277164,93.816734,658.554621,-26.373762,654.764326,-145.924630,658.284317,59.960610,-0.001682,1,0
20.000000,-63.991913,204464.834780,176.282949,204876.208831,56.178730,203551.838293,93.968948,657.311294,-25.894250,661.045630,-145.505992,658.521548,59.947281,0.006702,1,0
20.033000,-63.942065,203179.468222,176.109707,202130.822037,56.097816,202498.150175,94.095715,653.713007,-26.009147,662.983984,-145.741049,668.289271,59.952904,-0.001955,1,0
20.067000,-63.986455,202731.565157,176.158199,202915.363719,55.930799,202179.870645,93.899205,656.826764,-25.783152,655.915486,-146.032354,659.442989,59.961198,0.000394,1,0
20.100000,-63.977678,202918.544924,175.939973,202730.978686,56.029378,203287.710299,94.184935,659.462057,-25.689246,660.329754,-146.142278,661.011164,59.951111,-0.004715,1,0
20.133000,-64.275854,203754.325056,175.986960,203440.138975,56.124775,202162.133219,93.981835,657.075446,-25.874900,656.545534,-145.616647,660.069899,59.951013,-0.011232,1,0
20.167000,-63.753430,203560.205752,176.176781,202466.273098,56.091810,203259.715110,94.242942,656.994730,-25.623169,657.635674,-146.483443,653.588574,59.959288,-0.006586,1,0
20.200000,-63.981638,200928.358885,175.934837,202614.284050,55.867003,203554.264896,94.296751,654.930202,-26.307215,665.179026,-145.916746,652.347639,59.946956,0.007870,1,0
20.233000,-63.954393,203271.554234,176.018608,201828.887545,56.112671,202733.553541,94.240971,664.014319,-25.879110,656.970110,-145.629268,664.161584,59.953721,-0.003314,1,0
20.267000,-63.979942,203926.157159,176.108034,203124.584247,56.078252,202561.549015,94.039678,653.776215,-25.803813,661.443186,-146.181357,660.141682,59.951609,0.003059,1,0
20.300000,-63.962877,201652.028485,176.091388,201742.149017,55.922056,201968.163725,94.241250,658.745067,-25.785741,659.172086,-146.355528,654.269733,59.946511,0.011250,1,0
20.333000,-63.947021,204691.744134,176.066952,204123.834615,55.864176,202232.647799,94.207063,654.410473,-25.869171,657.810193,-146.171629,652.572887,59.949433,0.002511,1,0
20.367000,-64.046194,202650.156979,175.890766,202988.238663,55.939943,203238.465391,94.037181,654.748430,-26.309013,653.849030,-146.230216,659.089142,59.949500,-0.004513,1,0
20.400000,-63.907279,203440.806923,175.951134,203000.695356,56.053939,201786.412264,94.236377,650.691635,-25.855203,650.250801,-145.422187,654.301470,59.948432,-0.001760,1,0
20.433000,-63.931515,202334.295528,175.990427,201593.725426,56.013788,203741.361122,93.956031,648.302971,-25.875694,650.711858,-145.768879,652.104634,59.953812,-0.003106,1,0
20.467000,-63.975574,201616.334548,175.953711,203070.893459,56.182573,200752.713265,94.103411,659.723198,-26.132270,646.225544,-145.936566,659.726159,59.948893,-0.007019,1,0
20.500000,-63.919516,202957.765216,176.116559,203247.217112,56.078424,203852.036871,94.029489,652.757166,-26.021874,648.106748,-145.451287,651.192526,59.952006,-0.000803,1,0
20.533000,-63.944162,202352.240958,176.044188,203748.646744,55.863104,201237.562291,93.852949,656.482203,-25.982384,655.428516,-146.329333,659.250397,59.945118,0.004339,1,0
20.567000,-63.727011,203465.778241,176.117725,202648.617555,56.080097,201548.308510,94.304404,652.864754,-25.858560,648.810550,-145.955391,656.954484,59.947463,-0.005483,1,0
20.600000,-63.968840,200782.125506,176.021489,202133.180430,56.013070,203354.904986,94.253409,653.319183,-25.968475,655.461278,-146.104520,651.919290,59.944771,-0.005909,1,0
20.633000,-63.802286,201427.771140,175.996232,202539.398251,55.925861,202712.556553,94.246304,647.311042,-26.119574,649.187686,-146.233645,649.689306,59.943166,-0.004956,1,0
20.667000,-64.001475,203346.874130,176.129397,202986.532757,56.079693,204940.602831,93.912158,653.389061,-25.774741,654.585825,-145.755168,655.829906,59.952280,0.007179,1,0
20.700000,-63.971743,202070.368216,176.036451,203831.399471,55.914965,202566.974256,94.029798,653.151050,-25.985871,655.032843,-145.713878,650.662058,59.950107,0.002202,1,0
20.733000,-63.869270,200728.784088,175.890523,202930.850361,55.984367,203048.553846,94.199868,648.541935,-26.270774,647.497107,-145.808029,655.608724,59.949591,-0.009212,1,0
20.767000,-63.996166,204130.769750,176.075531,203792.939705,55.848140,203568.633026,94.057575,655.968729,-25.991588,648.815011,-146.200813,653.444454,59.944863,0.000523,1,0
20.800000,-64.220206,201543.800438,175.872378,203050.641167,55.984277,202899.564781,93.648038,652.393174,-26.168411,653.181410,-146.025960,649.435839,59.954691,-0.001256,1,0
20.833000,-63.916370,202683.553798,175.866764,202747.883401,55.951621,202658.617361,93.719234,645.964010,-26.359691,653.264989,-146.315634,650.638309,59.952100,0.006984,1,0
20.867000,-64.054062,203320.475244,175.950919,203470.908694,56.006107,202226.037416,93.915547,651.852847,-25.930322,651.269510,-145.788722,646.877679,59.957506,0.002502,1,0
20.900000,-64.157494,201344.505218,175.949698,204772.190841,56.076101,201608.941028,93.875265,652.451916,-26.290822,644.557863,-145.783238,652.305699,59.952358,-0.007413,1,0
20.933000,-64.216180,202276.942517,175.919444,203361.819387,55.975691,203214.256734,93.490348,653.181779,-25.918615,649.776390,-145.932579,651.470484,59.956648,0.008380,1,0
20.967000,-63.885223,203447.805639,176.039638,201690.338651,55.966806,201771.427413,94.008875,649.712955,-25.991586,651.287202,-146.003712,650.276813,59.953421,-0.000839,1,0
21.000000,-64.135956,202939.309773,176.044686,204409.049547,55.849064,203658.069875,93.809260,647.348271,-25.997964,649.568788,-145.908402,647.655601,59.953205,0.008021,1,0
21.033000,-64.107640,202110.299470,175.721038,203461.893166,56.005515,202740.023239,93.677976,654.742358,-26.210057,650.744436,-145.931498,651.905084,59.949964,-0.007557,1,0
21.067000,-64.199979,203578.097380,175.839991,201624.956691,55.943726,201397.315812,93.305556,654.438839,-26.145496,654.335800,-146.292386,653.458054,59.946766,-0.002135,1,0
21.100000,-64.134619,203383.182623,175.981042,200935.061198,55.932147,202241.115330,93.794850,655.356587,-26.012864,654.626392,-145.954828,650.894653,59.947169,-0.014421,1,0
21.133000,-63.836355,201313.502322,176.040248,201334.496429,55.955475,202069.961052,94.256491,654.466051,-26.245750,655.096506,-146.019673,659.387615,59.954593,-0.019552,1,0
21.167000,-64.167430,202205.111916,175.984635,202689.763973,55.868893,201130.065374,93.817765,657.130104,-26.150973,655.664891,-145.907549,651.409176,59.949763,0.008510,1,0
21.200000,-64.143191,201628.441708,175.616336,203192.246326,55.927356,202584.683908,93.995109,658.045652,-26.304795,659.526141,-146.167954,656.960661,59.948189,0.000780,1,0
21.233000,-64.076580,201476.942676,175.664362,204187.752345,55.879527,203548.640444,93.917094,657.215669,-26.659892,664.145830,-146.291718,656.328345,59.956303,0.000285,1,0
21.267000,-64.231581,203246.702128,175.734526,203105.475101,55.714723,202741.072425,93.668141,657.067549,-26.636617,656.269118,-145.947290,656.336149,59.949120,-0.011792,1,0
21.300000,-64.101883,201941.599207,175.743551,202227.435567,55.826101,203054.510025,93.348438,653.544104,-26.110054,659.460846,-146.304537,652.768741,59.951395,-0.001912,1,0
21.333000,-64.392330,202509.014945,175.796209,202706.442766,55.868580,204101.031936,93.845607,657.527675,-26.273361,657.747170,-146.037195,665.549063,59.950642,0.004012,1,0
21.367000,-64.341029,203039.012419,175.833441,203627.525706,55.913633,201471.726000,93.827733,652.757607,-26.139506,663.077438,-145.924927,654.304682,59.959308,0.004136,1,0
21.400000,-64.142660,201985.867443,175.902028,203537.418920,56.007609,203717.255589,94.074768,658.919821,-25.897749,653.841757,-145.978262,655.133602,59.951772,-0.003945,1,0
21.433000,-64.208189,201767.291780,175.758797,202195.966382,55.867481,203835.366416,93.864772,657.795869,-26.221795,654.869538,-146.043104,665.804482,59.964386,-0.005364,1,0
21.467000,-64.271983,200676.178444,175.934220,204007.743455,55.932803,202176.214378,94.133712,653.809209,-26.099292,648.900365,-146.452721,655.255984,59.956992,0.003599,1,0
21.500000,-64.243203,201798.637518,175.714092,202093.820527,55.734562,202651.594830,93.548307,647.532466,-26.109934,653.469925,-146.474089,655.191083,59.955529,0.010468,1,0
21.533000,-63.989078,202817.952846,175.968626,201623.084629,55.996020,202779.714118,94.157198,648.353961,-26.169897,659.471168,-145.829166,660.341051,59.964173,0.011336,1,0
21.567000,-63.950298,201050.279486,175.922501,201463.455493,55.619721,203036.590311,94.134922,653.449104,-26.384262,658.633253,-146.388015,649.847371,59.963768,-0.012399,1,0
21.600000,-64.101998,202773.520931,175.736094,202560.061579,55.652169,202393.392729,93.649248,651.396539,-26.098379,658.161468,-146.416910,651.871064,59.955077,-0.003757,1,0
21.633000,-64.238198,202816.778039,175.827013,203012.222895,55.988489,202079.103749,93.822633,652.674475,-26.182688,654.932397,-145.967353,648.735782,59.960329,-0.004436,1,0
21.667000,-64.249798,202292.402737,175.635189,203299.544276,55.845720,203059.203187,93.988068,652.350558,-26.678759,652.816299,-146.230198,651.668824,59.956654,0.003071,1,0
21.700000,-64.200685,201937.922581,175.909431,200797.208179,55.823957,204322.482999,93.917376,651.950964,-25.992472,658.130438,-146.169029,653.249307,59.953347,-0.014845,1,0
21.733000,-64.278489,201699.811926,175.837298,204064.736434,55.701256,204280.087228,93.497487,650.831247,-26.159937,654.048539,-146.745265,651.862840,59.960966,0.000454,1,0
21.767000,-64.227917,201551.640050,175.912651,201212.282422,56.004731,200882.056048,93.920077,652.656190,-26.228570,653.381389,-145.725656,660.671893,59.955228,0.004270,1,0
21.800000,-64.253993,202460.720632,175.783775,202257.549522,55.967348,202089.861624,93.574105,655.409588,-26.438186,657.337128,-145.902895,651.304466,59.959247,-0.005490,1,0
21.833000,-64.111033,202410.724411,175.821788,202995.386165,55.727691,203706.857382,94.045687,653.924016,-26.349395,652.628003,-146.241123,658.529744,59.956033,-0.021665,1,0
21.867000,-64.081957,204502.688969,175.820153,203864.393584,55.664034,202905.533513,93.701339,652.307051,-26.254795,654.235387,-146.461565,653.165334,59.949136,0.001884,1,0
21.900000,-64.276210,202803.781474,175.852340,201379.433218,55.782243,201814.179126,93.689327,662.007582,-26.358320,655.843044,-146.389631,658.537346,59.958743,-0.004530,1,0
21.933000,-64.276036,202043.594978,175.952742,201546.912865,55.715669,202885.106147,93.874178,658.670268,-26.247101,650.946307,-146.617517,648.372260,59.950354,-0.018381,1,0
21.967000,-64.076826,201671.438493,175.928275,203448.000561,56.009002,200991.336303,94.063927,654.087949,-26.070407,653.979560,-146.231266,656.576819,59.955599,0.007258,1,0
22.000000,-64.123345,203282.821946,176.088483,204804.003468,55.809634,203422.662268,93.741542,658.302021,-25.455185,653.634922,-146.325126,653.601460,59.956094,-0.000986,1,0
22.033000,-64.076287,201134.264910,175.664640,203125.105719,55.929251,203626.957960,93.924807,659.574075,-26.352322,650.132578,-146.035014,652.815619,59.954695,0.002159,1,0
22.067000,-64.142308,202452.391939,175.795930,201458.872255,55.951770,202776.447219,93.886041,651.181342,-26.086969,653.093650,-145.874925,655.838860,59.952364,-0.016745,1,0
22.100000,-64.032893,203618.593113,176.005383,203454.772269,56.008383,202163.664959,93.859127,649.369505,-26.027931,658.011904,-146.005159,647.606818,59.956241,-0.000801,1,0
22.133000,-64.245341,201420.661333,175.948105,203901.141284,55.973268,201681.412973,93.596677,654.734607,-26.045199,651.833329,-145.750831,650.407524,59.953875,-0.001048,1,0
22.167000,-64.141091,202246.061005,175.855435,203807.213851,55.804016,204857.313707,93.995365,651.792256,-26.090934,652.000301,-145.988410,647.291298,59.944999,0.004548,1,0
22.200000,-64.160585,202502.291072,175.763925,204310.343062,56.028269,203816.583630,93.793895,648.777743,-26.100075,650.430405,-146.008854,652.779354,59.948887,-0.005127,1,0
22.233000,-64.131301,201968.613091,175.712574,204674.090250,55.734770,204982.207364,94.073411,651.062422,-26.517998,650.462410,-146.077098,647.884834,59.951486,-0.008932,1,0
22.267000,-64.049231,202645.153276,175.812033,202817.370120,55.889879,203414.141407,93.778298,644.480891,-26.331919,651.308211,-146.222573,650.554994,59.954249,0.005329,1,0
22.300000,-64.075136,204021.429502,175.959101,204207.386764,55.848200,203341.096434,94.120225,645.350925,-25.984613,647.452325,-146.191304,654.262668,59.956867,0.007834,1,0
22.333000,-64.115661,201804.948419,175.954604,202876.744152,55.952934,202819.426011,93.877901,653.975004,-26.135122,650.184612,-145.941310,647.728890,59.955680,-0.007765,1,0
22.367000,-64.075882,202642.606575,175.904224,204738.141329,55.804960,203294.347928,93.914947,650.610303,-26.298450,645.971717,-146.387758,650.136264,59.960810,-0.008580,1,0
22.400000,-64.237200,203445.388248,175.793489,203327.732196,56.077309,203481.370679,93.387616,648.271772,-26.569778,649.536553,-145.932334,655.023056,59.958786,-0.004021,1,0
22.433000,-64.262492,204630.211598,175.812903,204274.901578,55.805651,204104.620188,93.878458,655.612660,-26.394387,651.002225,-146.033764,649.799772,59.965230,0.001688,1,0
22.467000,-64.198330,203394.787952,175.872829,203391.405715,55.763663,204123.827115,93.979898,651.535992,-26.181921,646.798762,-145.841340,651.976224,59.956085,-0.004268,1,0
22.500000,-64.166915,202086.802512,175.951878,205275.103912,55.764932,203358.331482,93.724937,651.007357,-26.162505,653.015018,-146.285579,647.589307,59.966118,0.003834,1,0
22.533000,-64.294035,205716.891887,175.888679,203513.413409,55.809072,203913.045770,93.726650,644.996228,-26.191086,649.934301,-145.837318,648.313583,59.957629,0.002484,1,0
22.567000,-64.191827,202786.474692,175.847807,204887.045351,55.856471,203413.567406,94.014332,646.223605,-26.236038,643.561249,-146.185553,640.467630,59.960573,-0.009641,1,0
22.600000,-64.002257,203383.615894,175.872561,204603.294573,55.841413,204373.706509,93.890958,647.827149,-26.322858,646.637109,-146.131791,659.184667,59.959329,0.003146,1,0
22.633000,-64.122075,202731.532946,175.923680,204949.042762,55.927138,203388.976426,93.780567,646.867296,-25.976141,644.829056,-145.871615,657.407949,59.967415,-0.001413,1,0
22.667000,-64.203244,203588.252793,175.936388,203104.992843,55.850807,203161.905264,94.056234,646.136202,-26.139863,643.561239,-145.994548,649.435153,59.955870,-0.009682,1,0
22.700000,-64.082954,203976.361690,175.942579,203194.898336,55.682839,204074.523935,93.718662,649.773014,-26.169727,648.047812,-146.354671,647.429760,59.964352,0.013026,1,0
22.733000,-64.259127,203638.952633,176.208116,204209.047929,55.885901,204305.422889,94.036428,649.895008,-25.920572,646.532552,-146.100518,651.644017,59.960280,-0.003963,1,0
22.767000,-64.004839,203930.488640,175.830281,202917.860940,56.040370,202650.947586,94.041543,651.412225,-26.257152,654.765692,-145.691780,649.108804,59.963444,-0.005232,1,0
22.800000,-64.092104,205497.515836,176.005267,204676.728456,55.897837,204802.921284,93.867314,649.154979,-25.625879,649.406476,-146.199013,651.671606,59.968207,0.008488,1,0
22.833000,-63.936298,203071.556173,176.016878,203352.559720,55.988476,205624.867769,94.149890,645.733427,-25.836212,650.478672,-145.983072,650.442695,59.958315,0.012643,1,0
22.867000,-63.954249,205357.648432,175.994840,203514.314414,55.876623,205551.193359,94.180582,650.619421,-25.735140,651.655895,-146.434384,657.796394,59.966804,0.009666,1,0
22.900000,-63.798756,204913.245350,176.034275,202802.484980,55.960814,204052.859436,94.490304,651.815518,-25.951380,652.703551,-146.236387,654.465136,59.956485,0.008972,1,0
22.933000,-64.013303,203476.054490,176.126850,204060.710191,56.130480,204113.566993,94.017927,648.015408,-25.627741,653.893083,-146.060809,653.188422,59.960539,0.017602,1,0
22.967000,-64.084610,203637.500721,176.027265,203100.251761,55.989441,203080.326433,93.920868,655.389363,-26.004960,651.246789,-146.033090,654.227468,59.966241,-0.007785,1,0
23.000000,-63.743083,201689.321142,176.006793,202753.564970,55.970585,203509.708048,94.107029,649.738586,-25.880744,652.567683,-145.982450,654.457355,59.956050,-0.002004,1,0
23.033000,-63.758475,201507.586522,176.094300,203295.794253,56.136304,203272.439596,94.297613,650.779590,-25.782341,649.495581,-145.975771,649.588922,59.968400,0.001541,1,0
23.067000,-63.888239,204081.827870,176.027607,204928.138592,56.019052,202527.138784,94.047525,648.530067,-26.071275,653.502992,-145.869161,652.095806,59.965346,-0.004140,1,0
23.100000,-63.999828,205181.443723,176.163847,205433.845298,56.157595,202951.527869,94.108985,651.175533,-25.647147,651.283380,-145.525995,653.625937,59.960730,0.000805,1,0
23.133000,-63.716858,204307.345975,176.132085,204559.878748,56.027509,203572.137193,94.213437,648.725856,-25.563366,645.936307,-146.074897,648.260723,59.963389,0.007811,1,0
23.167000,-63.971465,202536.235632,176.103894,205453.076221,56.197861,205685.073398,94.184384,651.471982,-25.785738,654.279546,-145.789500,646.882750,59.972916,-0.011372,1,0
23.200000,-63.852974,203905.243457,176.124331,203805.895670,56.175872,204609.182457,94.264722,646.749045,-26.046572,655.414106,-145.535097,647.047731,59.970299,0.004777,1,0
23.233000,-63.963917,204183.510760,176.120537,202989.420524,56.101420,203879.210484,93.965762,650.849035,-25.953289,653.661185,-145.799111,646.179553,59.961193,0.006807,1,0
23.267000,-63.995146,203468.315922,175.993567,203535.222090,55.940871,205041.513594,94.043599,649.529464,-25.959287,647.482948,-146.090891,653.614106,59.966810,0.012480,1,0
23.300000,-64.039545,204575.588102,176.220047,205970.296867,56.045389,203599.801142,93.876206,647.532048,-25.813096,643.092924,-145.709085,649.359331,59.958530,0.000781,1,0
23.333000,-64.085867,202418.452503,176.040537,203547.282021,56.118915,203721.113863,93.949143,645.081006,-25.963115,648.708545,-145.721187,640.643109,59.958466,0.001573,1,0
23.367000,-63.978143,204618.656137,175.826762,203995.344947,56.034859,204151.440687,93.950329,646.433699,-25.949933,652.397393,-146.235371,645.606381,59.959876,0.014352,1,0
23.400000,-64.028941,203927.493055,176.120597,204038.671686,55.827435,204617.231127,94.139768,651.416388,-25.890852,646.524206,-146.373956,648.745733,59.962808,-0.006411,1,0
23.433000,-63.956216,203989.340608,176.237531,204190.568598,56.104954,203788.667351,93.966600,650.183822,-25.596986,651.671921,-145.758920,646.548578,59.962293,0.008563,1,0
23.467000,-63.912649,203889.816599,175.977782,205951.137572,55.988182,203204.118152,94.034352,645.154006,-25.965789,651.218899,-145.732796,649.666891,59.949382,0.000046,1,0
23.500000,-63.952015,204769.718102,176.053030,202779.012697,55.978552,204216.274957,93.874324,631.151734,-26.179109,644.462880,-145.728757,645.210245,59.951175,0.001076,1,0
23.533000,-64.048283,204976.725809,176.172185,202268.062012,55.966978,203683.874194,93.952252,643.802683,-25.765674,648.075616,-145.978986,645.311416,59.960575,0.003628,1,0
23.567000,-63.975887,201484.043869,176.130926,205225.137980,55.894179,202679.879902,93.945390,637.964275,-25.740857,645.170225,-146.077434,646.795646,59.961982,-0.004014,1,0
23.600000,-63.886884,203137.867286,175.992771,204870.918278,56.083496,203094.226915,94.146550,644.442924,-26.011760,647.786488,-145.848885,646.824364,59.950215,-0.005252,1,0
23.633000,-64.065533,204796.098517,176.180206,203783.535715,55.968019,204709.867858,93.997379,647.421885,-25.726910,652.409603,-146.161981,649.551588,59.958190,0.001026,1,0
23.667000,-64.067595,205193.298367,175.978166,204154.269926,56.046729,205204.711382,94.130142,643.906072,-26.130182,640.637862,-146.157963,643.430218,59.952455,-0.000401,1,0
23.700000,-63.932508,203244.341537,176.091852,203103.086035,56.152658,203600.618325,93.844585,643.787551,-26.172658,650.570207,-145.760610,647.970236,59.958479,0.003472,1,0
23.733000,-63.960284,201684.946605,176.061940,204111.072172,56.044725,203905.617116,93.887801,648.670041,-26.189560,640.199255,-145.978278,642.595719,59.961751,0.012705,1,0
23.767000,-64.018373,202706.736749,176.018579,202407.059748,56.097682,202734.714196,93.969617,640.053524,-25.873245,641.616136,-145.965371,641.564818,59.959125,-0.006058,1,0
23.800000,-63.857546,200875.070580,176.140373,204010.610924,55.926311,204127.241402,94.134103,643.202993,-25.959301,641.229490,-146.172713,636.738754,59.958693,0.004136,1,0
23.833000,-63.978759,204144.175907,175.986051,205105.012336,56.063302,204202.730915,94.117949,633.844696,-26.092791,641.913675,-145.631435,636.115767,59.959606,-0.008881,1,0
23.867000,-63.854465,203659.409166,175.850570,203624.113201,55.978503,202005.719231,94.092392,651.015320,-25.927059,637.695195,-145.818387,636.576137,59.968571,0.001703,1,0
23.900000,-63.989362,203081.335365,176.062468,204164.192330,56.069331,203329.457120,94.077808,630.847194,-25.847969,635.488810,-145.651658,639.975401,59.963033,-0.001484,1,0
23.933000,-63.879856,202211.645558,175.926479,203021.055799,56.004707,202842.683695,94.237946,640.762903,-25.945589,638.103373,-146.295689,635.701930,59.965065,-0.005035,1,0
23.967000,-63.907745,203318.206615,175.976190,203747.467004,56.015673,202185.982249,94.219601,637.566949,-26.204513,646.197023,-146.141706,637.659168,59.976651,-0.005751,1,0
24.000000,-64.049811,202455.476773,175.857906,202977.252717,55.758859,203031.405992,94.149403,644.487342,-25.982102,643.851318,-146.435700,640.448403,59.963006,0.000862,1,0
24.033000,-63.981278,203010.420070,175.870193,201751.693785,55.816661,203395.863002,93.924117,644.063296,-26.047829,637.574721,-146.338870,646.345336,59.961986,0.010211,1,0
24.067000,-64.230765,201412.850816,175.807071,204497.352119,55.828426,201649.048765,93.858454,639.438566,-26.098083,646.593573,-146.359434,641.227319,59.969279,-0.000744,1,0
24.100000,-63.947852,203065.577683,175.972370,202294.951636,55.979440,202746.620743,94.006596,643.713480,-26.138800,644.870758,-145.909313,656.079656,59.969363,0.008415,1,0
24.133000,-64.107714,202711.718557,176.033159,203564.473056,56.128511,204267.730224,93.712595,642.546358,-25.988669,641.893433,-146.150076,642.441279,59.964870,0.004165,1,0
24.167000,-64.121174,201875.706892,176.257259,203106.004758,56.098732,201550.465113,93.586987,645.352116,-25.776213,645.082578,-145.843846,646.446458,59.963669,0.013487,1,0
24.200000,-63.708579,203074.942176,176.050001,202519.485408,55.939025,202801.124243,94.059641,642.261852,-25.737404,644.736230,-145.967223,640.281296,59.972044,0.004095,1,0
24.233000,-64.032871,201436.431706,176.002027,204029.757478,55.946510,204095.332612,94.085157,648.875948,-26.173025,640.199535,-145.854586,638.235783,59.975953,-0.001526,1,0
24.267000,-64.012682,203148.820756,176.181400,203820.823280,55.999319,203269.859018,93.699904,648.261082,-25.785118,647.663289,-146.152329,646.889706,59.978130,0.011295,1,0
24.300000,-63.934306,202917.777556,175.990738,203366.251007,56.003985,201441.608979,94.145687,648.443735,-26.291051,633.407966,-146.292795,647.231475,59.960095,-0.007044,1,0
24.333000,-64.175667,200356.867417,176.027861,202050.361315,55.648520,203386.858989,93.622911,645.958966,-26.034330,641.448618,-146.089115,643.081924,59.965291,0.001544,1,0
24.367000,-63.970984,203253.734568,176.049562,203281.407380,56.241082,202329.823355,94.191391,642.908970,-25.775071,644.552929,-145.620970,639.015082,59.965839,-0.000448,1,0
24.400000,-64.008009,201452.996842,176.167437,201806.126802,56.013355,201381.218498,93.971830,649.733282,-25.863770,647.743016,-145.558068,648.830257,59.974581,0.004872,1,0
24.433000,-63.922536,202464.677597,176.152511,202178.936713,55.955393,202957.935009,93.792119,650.477621,-25.856849,648.868066,-145.913317,644.739748,59.975152,0.004055,1,0
24.467000,-63.773195,202630.775935,175.904416,201778.483865,56.114363,201444.580058,94.545619,643.809174,-26.102115,653.726160,-145.796474,649.499504,59.963316,0.000296,1,0
24.500000,-63.831366,201275.732791,176.127163,201481.405487,56.231166,202109.360902,93.910489,644.529572,-25.933434,638.250671,-145.648791,645.608623,59.977224,-0.003758,1,0
24.533000,-63.999279,203342.404948,176.172336,202876.384773,56.203008,201991.030265,94.037556,639.567303,-25.812854,643.011282,-146.066772,641.856151,59.960725,0.007353,1,0
24.567000,-63.917585,201261.622390,175.987500,201735.430777,56.035038,201474.185384,93.881580,637.212218,-25.760558,648.372913,-145.578438,640.572302,59.962713,0.003995,1,0
24.600000,-63.942409,202146.522369,175.986952,201051.059434,55.806440,203792.854405,93.830637,636.242408,-26.248774,639.053371,-146.094156,631.450033,59.971251,0.012108,1,0
24.633000,-63.914117,201131.329552,176.211679,202435.359391,55.935598,203970.329424,93.840357,645.766518,-25.977177,641.184701,-146.284262,639.256266,59.972621,-0.004368,1,0
24.667000,-63.652045,203238.884443,176.132270,202031.835791,56.072281,201028.983513,94.447951,643.708957,-26.033547,641.381378,-145.946221,638.477248,59.959226,-0.013194,1,0
24.700000,-63.790320,201602.328953,176.081799,201515.616178,56.088769,202304.902983,94.022255,637.825380,-25.903340,642.947828,-145.823399,643.458349,59.967283,-0.001899,1,0
24.733000,-63.801216,203656.138178,176.016316,201429.504174,55.958580,202451.972959,93.998832,641.836342,-25.901992,650.358603,-146.084615,645.956185,59.964761,-0.007805,1,0
24.767000,-63.733001,201191.984495,176.106432,202017.151211,56.140781,201498.910005,94.481876,648.002313,-25.762035,637.103846,-145.757974,644.211847,59.965923,-0.014816,1,0
24.800000,-63.857540,200850.901982,176.065249,201888.591808,56.067813,201438.078645,94.136259,638.909852,-25.820391,646.563315,-145.996658,646.581992,59.964889,-0.001084,1,0
24.833000,-63.699010,202174.308961,176.189020,204253.898760,56.146310,200687.986319,94.385923,646.098904,-25.842955,648.147771,-145.944390,643.617286,59.971622,0.003562,1,0
24.867000,-63.875872,202305.487985,176.261403,201400.666981,56.066439,202010.325349,93.939867,645.528837,-25.760977,648.464352,-145.663732,648.387204,59.965144,-0.003993,1,0
24.900000,-63.793611,203163.253695,176.231300,202959.460160,56.255418,202244.381374,94.218598,643.285847,-26.002177,649.900471,-145.884750,642.235463,59.962213,0.000737,1,0
24.933000,-63.692369,201300.792442,176.082630,201346.776762,56.290262,200189.967537,94.180481,643.302718,-25.940518,647.804770,-145.829966,645.838284,59.965546,-0.006520,1,0
24.967000,-64.021121,203183.591985,176.076739,203023.836530,56.163450,201879.673896,94.185895,637.072126,-26.051553,648.729949,-145.637679,639.671449,59.963761,0.005897,1,0
25.000000,-63.901674,202172.557469,176.069968,200229.422532,56.194407,201602.140662,94.202919,635.613267,-25.830145,646.172245,-145.801940,639.854212,59.967472,-0.008341,1,0
25.033000,-63.940360,200228.987877,176.136162,202355.234133,56.093892,200296.357854,94.269408,642.941662,-25.779550,640.052710,-146.002910,637.889947,59.966428,-0.001793,1,0
25.067000,-63.789737,200916.496024,176.220262,201772.049742,55.984783,201410.984901,94.492760,636.309344,-25.863187,637.321154,-146.166630,643.229513,59.968960,0.001966,1,0
25.100000,-63.974992,201456.187040,176.006702,200322.873937,56.065269,200471.202950,94.019165,641.326123,-26.026332,641.676492,-145.966620,634.609378,59.969920,0.007681,1,0
25.133000,-64.085311,200516.886523,175.881654,201231.928523,56.056098,201259.480311,93.660314,635.483882,-26.316757,642.501606,-145.527871,639.335280,59.965864,-0.023095,1,0
25.167000,-63.960894,201219.977544,176.222573,202798.391696,56.029596,200351.622478,93.939132,641.841093,-25.834001,638.120725,-146.213023,632.731351,59.959695,-0.001301,1,0
25.200000,-63.963092,204356.239379,176.290751,200421.666443,56.214522,201952.336695,94.066587,636.679475,-25.874146,636.684671,-145.932085,640.897900,59.957466,0.006625,1,0
25.233000,-63.926463,202217.005158,176.213994,201781.871401,56.168291,202076.429380,94.156714,636.357632,-25.850427,633.536231,-145.844784,643.546865,59.963225,0.004140,1,0
25.267000,-64.299489,203893.745350,176.135721,201221.881304,56.095681,200580.938629,93.608065,642.207826,-25.834644,637.217048,-146.126418,638.338286,59.975015,0.004877,1,0
25.300000,-63.995754,201593.156865,176.176956,202138.619273,56.250208,202876.632445,93.637448,641.788105,-25.935716,636.369856,-146.190341,644.675328,59.966382,0.008314,1,0
25.333000,-64.019425,200589.897195,175.970898,200487.740756,56.008439,200630.078705,94.048660,646.225575,-25.911161,639.642046,-145.795990,634.428695,59.959572,0.003026,1,0
25.367000,-64.046998,200200.803489,176.079818,201044.432662,55.960850,201659.906491,94.035028,648.109928,-25.978173,637.450133,-146.109804,643.268336,59.967548,-0.005169,1,0
25.400000,-64.030063,201861.008394,176.124342,201135.088369,56.114424,201292.408014,94.265481,642.876252,-26.173395,641.487152,-145.782422,639.536283,59.961984,-0.002728,1,0
25.433000,-63.868575,200643.512414,176.054871,200024.946594,56.108716,201443.454194,94.175780,642.559404,-25.891553,638.555860,-145.958621,637.587532,59.960205,0.012567,1,0
25.467000,-64.030358,201553.616209,176.169945,203091.837506,56.106713,201220.264504,93.561010,638.613784,-26.151431,638.657083,-145.766375,651.112857,59.966488,-0.003854,1,0
25.500000,-63.981307,201681.123506,176.177188,201910.042119,56.148987,202521.857484,93.919026,645.866657,-25.501913,640.268829,-145.920333,649.317225,59.967247,0.002130,1,0
25.533000,-63.931783,202965.845358,176.037492,202105.310379,56.246792,201456.245274,94.258279,649.411674,-26.095459,641.762110,-146.259693,645.262023,59.967173,0.015004,1,0
25.567000,-63.870672,200633.014508,176.147822,203049.284320,56.523737,201006.897701,94.365682,641.997415,-25.575638,634.253391,-145.357281,645.646245,59.964289,0.002110,1,0
25.600000,-63.950308,202235.528575,176.266109,203319.830921,56.259229,203096.566931,94.053979,642.196578,-25.837960,635.685834,-145.748517,644.941793,59.968109,0.008249,1,0
25.633000,-63.817721,202603.104220,176.284977,201292.554721,56.233445,200131.539112,93.842747,648.314792,-25.459649,642.051657,-145.913728,642.389274,59.961534,0.002044,1,0
25.667000,-63.829516,200993.201344,176.441088,201420.624966,56.256417,201918.532019,93.934215,645.527169,-25.288622,637.115228,-145.769857,646.321645,59.962262,-0.008733,1,0
25.700000,-63.615162,202778.713324,176.235583,201978.389454,56.119520,200128.879466,94.464627,643.166587,-25.899285,645.320015,-145.725773,633.961367,59.952663,-0.002310,1,0
25.733000,-63.689234,201948.654079,176.097318,201770.929677,55.980839,201011.898999,94.747364,638.763407,-26.061796,639.606031,-145.966981,641.933551,59.961096,0.006620,1,0
25.767000,-63.623057,199831.575636,176.338276,201067.738852,56.183031,201902.895993,94.336227,637.401859,-25.480151,640.417950,-146.117719,644.131413,59.959117,-0.001887,1,0
25.800000,-63.848364,202252.054447,176.280056,202664.334076,56.118489,201461.925883,94.026902,639.470558,-25.514453,641.238358,-146.169646,641.757489,59.969094,-0.004537,1,0
25.833000,-63.887327,201766.248264,176.317791,202521.451333,56.064686,201584.275541,94.078720,642.067893,-26.206035,648.047030,-146.062368,642.079723,59.969370,0.001171,1,0
25.867000,-63.699446,202120.533076,176.140994,203233.848212,56.188619,201851.042664,94.012969,644.675369,-26.124453,645.278422,-146.093257,637.322549,59.963465,-0.000453,1,0
25.900000,-63.669918,201131.082586,176.071716,202517.448671,56.212727,200583.433775,94.410880,641.727196,-26.188666,647.872358,-145.540140,644.628078,59.960985,0.008014,1,0
25.933000,-63.861373,201062.517238,176.096563,202996.613125,56.162132,201533.699518,94.212197,644.004001,-26.037147,642.194087,-145.994065,650.361339,59.962103,0.004001,1,0
25.967000,-63.701961,201333.896774,176.402389,202130.259577,56.177138,200692.202825,94.379399,647.637890,-25.646448,647.413063,-145.824113,640.748299,59.966115,0.001240,1,0
26.000000,-63.808522,201898.164669,176.246692,202597.843765,56.223145,201746.242160,94.422327,635.136327,-25.903712,643.259570,-146.093222,638.426128,59.972301,-0.012403,1,0
26.033000,-63.658573,201463.335169,175.994764,202385.065767,56.190864,201503.340418,94.700631,641.840697,-25.928142,636.924885,-145.726100,640.489604,59.967567,0.003653,1,0
26.067000,-63.583257,199360.076140,176.318564,202977.028166,56.406221,202023.546726,94.475969,638.169739,-25.579167,632.459704,-145.640234,640.384612,59.960315,-0.003166,1,0
26.100000,-63.720320,202036.150099,176.205749,202858.752638,56.114524,201146.091054,94.189774,640.838751,-25.607193,641.549702,-145.697365,637.353780,59.969905,-0.004066,1,0
26.133000,-63.858461,203347.912194,176.235847,202096.776795,56.271019,201690.378757,94.164871,637.518589,-25.782645,641.200203,-146.014343,643.570348,59.971998,-0.004787,1,0
26.167000,-63.850369,202258.352611,176.287853,200865.859583,56.187749,201500.177262,94.156740,638.829966,-26.028168,640.846684,-145.737454,639.526882,59.965466,0.008200,1,0
26.200000,-64.000165,201961.601115,176.219579,202103.748665,56.212301,202282.016723,93.750611,641.319460,-25.829157,640.816172,-146.007276,640.048150,59.969944,-0.017932,1,0
26.233000,-63.769586,201826.425585,176.322124,200874.962903,56.113609,202779.919047,94.277174,644.864254,-25.810785,643.363255,-145.790638,642.738805,59.967951,-0.003063,1,0
26.267000,-63.979035,201799.012748,176.046256,201599.673036,56.331391,201336.934118,93.996757,642.728695,-25.961711,639.501612,-145.465122,640.370353,59.974348,-0.009546,1,0
26.300000,-63.774525,201385.122825,176.057805,203334.183064,56.201262,200660.136853,93.986892,642.222594,-25.857507,646.061424,-145.955971,636.586586,59.970784,-0.000540,1,0
26.333000,-63.754289,200397.199927,176.135770,201216.185973,56.191008,200720.095730,93.794589,637.069978,-25.603682,639.040241,-145.864890,639.378622,59.970672,-0.001562,1,0
26.367000,-63.575900,202736.348720,176.027033,201788.184320,56.171651,200663.137194,94.401794,641.608658,-25.958281,634.209913,-145.388910,640.050281,59.974449,-0.002764,1,0
26.400000,-63.786627,201367.224359,176.184473,202217.818536,56.224882,200051.135525,94.087641,642.275565,-25.944555,643.664758,-145.793626,632.298727,59.972989,0.003343,1,0
26.433000,-63.599953,201316.464258,176.163090,204170.004219,56.231859,201673.581521,94.602317,644.578780,-25.842946,637.372042,-145.685655,639.786731,59.975376,0.002941,1,0
26.467000,-63.877604,201140.332776,176.043476,201525.193509,56.235128,202285.888117,94.244647,642.589820,-26.033860,642.664425,-145.539903,639.646825,59.977580,-0.000327,1,0
26.500000,-63.782776,201645.634161,176.092351,200990.796088,56.209115,201041.080642,94.410050,642.172376,-26.132071,638.237569,-145.691557,637.518283,59.975465,-0.002678,1,0
26.533000,-63.930813,201615.591574,176.152736,203464.823339,56.074107,201306.851320,94.138683,633.444155,-25.879589,639.669091,-146.329615,639.542883,59.958262,0.000621,1,0
26.567000,-63.804733,201619.404379,175.975879,201360.446543,56.261120,202022.208765,94.267452,638.752715,-26.206684,635.244048,-145.924142,629.260474,59.976439,-0.001604,1,0
26.600000,-63.843471,200734.840798,176.195302,203618.278979,55.999792,202568.561386,93.647180,636.536469,-25.998365,640.556679,-145.790960,639.887719,59.975545,0.006346,1,0
26.633000,-63.896308,201783.029126,175.944768,202766.882847,56.175615,202581.720634,94.260896,634.843888,-26.078719,638.217474,-145.739490,634.134905,59.965722,-0.016705,1,0
26.667000,-63.818558,204221.297531,175.964227,202507.705350,56.037246,201594.501424,94.091329,636.918160,-26.223091,633.317719,-146.028579,638.857343,59.972720,0.002487,1,0
26.700000,-64.122545,201905.091894,175.916466,202337.530447,56.085488,202541.762494,93.625967,632.785581,-25.772913,632.769169,-146.108312,632.371770,59.974288,-0.002120,1,0
26.733000,-63.900042,201579.858038,176.093795,200712.093917,56.088935,200462.469133,94.333962,638.077395,-25.645898,634.524681,-145.616324,641.459094,59.959702,-0.011956,1,0
26.767000,-63.835040,201434.791752,175.973231,202530.423861,56.043998,202645.190694,94.583251,632.881945,-25.662451,629.909713,-146.386140,635.605676,59.965364,-0.002822,1,0
26.800000,-63.791826,202744.591894,176.257084,202513.917646,55.969681,202224.546274,94.489785,627.454439,-25.743834,636.064435,-145.773566,636.102726,59.956198,-0.006150,1,0
26.833000,-63.908637,202641.371925,175.967947,201431.661626,56.028644,200827.634321,94.275672,636.015459,-25.950075,635.907198,-145.782815,626.483777,59.969687,-0.002132,1,0
26.867000,-64.004550,200111.382495,176.091475,201614.914125,55.899170,200735.757091,93.873129,628.410995,-25.911932,624.015902,-146.437291,635.768731,59.960705,-0.007172,1,0
26.900000,-63.962893,200952.337732,176.130685,200903.677327,56.082298,199737.743578,94.174976,633.778296,-26.056683,625.641195,-146.256838,628.398170,59.965741,-0.000363,1,0
26.933000,-63.914825,200417.956390,176.068242,201010.445786,56.181508,202476.112956,94.140629,624.131153,-26.386478,626.185931,-145.791324,633.615932,59.959847,-0.006963,1,0
26.967000,-63.908939,201204.536776,176.042045,204068.949426,55.761956,201763.150485,93.791240,631.476403,-25.845509,633.714985,-146.066659,630.848991,59.962806,0.003558,1,0
27.000000,-64.053965,202261.925624,175.926181,202871.123532,56.016985,202346.170697,93.843996,627.146282,-26.084580,625.578440,-146.251583,629.150725,59.963331,0.014870,1,0
27.033000,-63.998938,201875.141098,176.074323,202127.735950,56.024814,201877.984233,93.839896,631.890970,-25.752128,627.645300,-145.606654,631.138829,59.963655,-0.004321,1,0
27.067000,-63.944372,201959.085908,176.143708,201944.491134,56.246091,202593.775987,94.097178,634.508277,-26.112816,626.759364,-145.588947,622.050993,59.964004,-0.002277,1,0
27.100000,-64.020370,202584.827951,176.018438,201990.814951,55.959978,202510.547992,94.001647,627.545330,-26.067339,624.095477,-146.126615,634.493286,59.967133,-0.003770,1,0
27.133000,-63.839155,200263.816050,176.035435,202403.618754,56.208251,202841.052340,94.133800,626.219148,-25.858488,625.472864,-145.751661,637.097494,59.965730,-0.002005,1,0
27.167000,-63.963965,203261.630073,175.927437,202903.103886,56.084659,203928.585115,93.880249,628.222536,-26.436560,632.444436,-145.936553,624.493226,59.963709,-0.001593,1,0
27.200000,-63.743880,202197.207225,176.112412,202918.398019,56.123408,202331.267458,94.278190,629.221423,-25.726146,626.008897,-146.055891,625.883882,59.961756,-0.015506,1,0
27.233000,-63.853137,202425.584944,176.399206,204280.389694,56.342836,202155.518241,94.195002,630.675955,-25.484940,638.554032,-145.615354,624.813289,59.960612,-0.007503,1,0
27.267000,-63.809723,202203.271807,176.169798,201149.804480,56.037982,201982.334068,94.473635,628.845156,-25.971524,624.725244,-146.409525,624.501340,59.962289,0.005578,1,0
27.300000,-64.164829,201474.715051,176.025845,202444.912052,56.210805,201168.975373,93.620514,624.437527,-26.034091,624.627058,-145.923650,623.759229,59.967785,-0.009264,1,0
27.333000,-63.775060,200379.711760,176.030309,200920.591609,56.149251,200878.327708,94.121221,628.071801,-25.979921,625.301266,-145.701722,629.774716,59.956306,0.005076,1,0
27.367000,-64.035094,201840.985066,175.982855,202786.225295,56.231229,201022.343791,93.877961,628.530703,-26.140835,630.235743,-145.858279,628.211579,59.965252,-0.010423,1,0
27.400000,-63.831107,202205.023866,176.230057,202008.390730,56.191958,200574.052753,94.170722,625.610750,-25.728497,630.475665,-145.987715,628.593199,59.964170,-0.000878,1,0
27.433000,-63.698635,200854.361220,176.170101,201386.904709,56.200218,201972.799043,94.529947,626.780243,-25.639484,624.765292,-145.758132,631.353724,59.957794,0.002752,1,0
27.467000,-63.824742,201517.681278,176.014498,201370.066326,56.165380,202888.664784,94.224687,626.277780,-26.166272,624.970918,-145.884053,629.868974,59.958320,0.007571,1,0
27.500000,-63.867102,202608.777917,176.020798,203282.193810,56.063159,202016.130662,94.078763,625.671100,-25.701972,631.358631,-145.998963,626.993273,59.968240,-0.003799,1,0
27.533000,-63.849087,203513.991200,176.041718,201968.789565,56.281822,201627.137860,94.506132,633.353073,-25.532817,632.994518,-145.629781,627.050520,59.968123,-0.009872,1,0
27.567000,-63.805833,201171.776886,176.163819,202564.326758,56.024619,201960.562656,94.091485,631.248195,-25.497626,631.360750,-145.947787,636.444481,59.963334,-0.009232,1,0
27.600000,-63.753773,202821.450321,176.065274,202928.943996,56.303905,200806.392827,94.887573,635.596484,-25.724720,635.795617,-145.575138,632.157332,59.967235,0.015736,1,0
27.633000,-63.939303,200319.781840,176.117151,203341.771216,56.003593,202192.695894,93.806724,629.644104,-25.605131,638.041685,-145.646720,630.037753,59.959844,-0.003367,1,0
27.667000,-63.752278,201228.374050,176.254447,202354.624468,56.024929,201412.885700,94.339346,634.456684,-25.800159,633.643716,-146.079022,635.683901,59.966260,-0.001667,1,0
27.700000,-63.764173,202255.250992,176.166367,201794.669873,56.118161,200453.890229,94.647603,633.681154,-26.065706,631.830438,-145.915369,626.474547,59.960711,-0.006127,1,0
27.733000,-63.996946,201928.689466,176.109244,201071.315829,56.085887,201019.885529,93.824556,636.736243,-26.028545,634.145532,-145.779664,626.780440,59.958004,-0.008005,1,0
27.767000,-63.729203,201379.576860,176.063676,203101.447951,56.050334,204757.624425,94.263766,630.331796,-26.074456,632.207929,-145.695908,628.550376,59.965133,0.001957,1,0
27.800000,-63.790693,202336.857966,176.208395,202543.235861,56.038887,199977.383682,94.211957,633.732076,-25.781593,629.560059,-145.800932,631.280637,59.963555,-0.004967,1,0
27.833000,-63.796491,203336.790091,176.293516,202026.047750,56.230269,201303.984789,94.136859,631.568836,-25.775345,631.257194,-145.705484,636.769684,59.967323,0.000072,1,0
27.867000,-63.666192,202301.233955,176.283246,203822.844896,56.148767,202228.105339,94.348333,626.248158,-25.873558,631.763847,-145.704740,634.342288,59.970927,0.009445,1,0
27.900000,-63.817349,202480.520511,176.366006,201030.919968,56.120925,202825.182086,94.009379,627.847497,-25.505787,635.473430,-145.904193,624.638928,59.963016,-0.007214,1,0
27.933000,-63.698634,203255.018722,176.116974,202977.703130,56.219222,202460.522653,94.391962,628.349916,-25.876586,630.194463,-145.804308,623.878550,59.952578,-0.005948,1,0
27.967000,-63.812683,201309.132157,176.306746,204558.960706,56.310393,201881.589546,94.106740,635.249617,-25.737793,626.674763,-145.566696,630.601942,59.963850,-0.006126,1,0
28.000000,-63.649839,202762.718911,176.290063,203969.542429,56.186403,201181.589844,94.411283,627.804984,-25.767285,627.632801,-145.510284,629.550968,59.962428,-0.005211,1,0
28.033000,-63.645565,201610.870359,176.175543,201766.731965,56.289112,204001.866575,94.409360,627.316372,-25.795489,629.814936,-145.940935,631.503471,59.965540,-0.003711,1,0
28.067000,-63.768168,201891.808462,176.222010,202124.993064,56.089974,202200.886302,94.300430,628.282872,-25.525659,627.460482,-145.623024,624.711551,59.968455,0.001308,1,0
28.100000,-63.704880,203045.026628,176.374196,202681.698464,56.220613,202952.899272,94.209254,636.622738,-25.840897,629.033842,-145.841371,634.887106,59.964174,-0.006180,1,0
28.133000,-63.821880,200883.857064,176.100986,200411.758538,56.252807,203040.883982,94.174474,626.545235,-26.124833,630.061598,-145.397143,631.315569,59.963240,-0.003511,1,0
28.167000,-63.607067,201339.371667,176.287472,203807.836611,56.129128,200677.941383,94.447542,634.217128,-25.783131,631.537893,-146.329602,624.193818,59.962999,0.002873,1,0
28.200000,-63.939839,203257.769259,176.402546,201989.948174,56.272437,201626.521375,94.057627,633.107048,-25.501676,634.349830,-145.790020,624.667696,59.962785,0.011519,1,0
28.233000,-63.762701,202513.518629,176.483984,202866.487129,56.259737,201748.010659,94.123940,629.728923,-25.763826,636.522957,-145.456822,628.395245,59.952718,-0.006157,1,0
28.267000,-63.808737,203392.890403,176.279412,202872.862126,56.365082,203273.378700,93.946951,629.798269,-25.701607,627.546678,-145.601443,631.248594,59.962098,-0.008655,1,0
28.300000,-63.803278,202065.379478,176.186826,199996.736669,56.342119,201805.066948,94.157461,631.001535,-25.729549,631.815873,-145.767496,630.676146,59.955369,0.005060,1,0
28.333000,-63.756420,201284.060357,176.305909,201949.748190,56.234787,201105.993074,94.286206,630.676655,-25.526002,634.995745,-146.063034,634.259147,59.957186,0.000518,1,0
28.367000,-63.835916,201843.141896,176.234868,203549.064836,56.386309,199807.227943,93.993274,633.954744,-25.869462,645.386997,-145.347233,636.723638,59.946580,-0.000475,1,0
28.400000,-63.615283,201031.203452,176.406298,200927.761367,56.304549,202665.436418,94.392688,637.395897,-25.641514,628.166524,-145.805984,637.446415,59.951395,0.009429,1,0
28.433000,-63.801376,200843.540304,176.249863,202893.541519,56.201511,199933.785456,94.250226,628.149025,-25.436699,635.210970,-145.759248,633.677406,59.949550,-0.000887,1,0
28.467000,-63.608397,201468.483227,176.391024,202895.183148,56.238146,201436.788078,94.459530,639.036068,-25.933455,635.304826,-145.861857,631.293130,59.960693,-0.006386,1,0
28.500000,-63.774608,203132.038964,176.072140,201212.976173,56.419533,202809.701659,94.185119,627.857362,-26.189799,634.299358,-145.416908,632.175560,59.960610,-0.002128,1,0
28.533000,-63.678667,202428.366950,176.162504,203651.643608,56.354656,202413.687334,94.191244,633.112279,-25.844723,636.329606,-145.678351,631.162774,59.961373,-0.007054,1,0
28.567000,-63.770469,201188.501117,176.375614,201026.567300,56.233479,201957.620317,94.325114,629.323726,-25.131460,637.502692,-145.400983,635.469368,59.963818,0.003472,1,0
28.600000,-63.955096,199483.945166,176.216308,202937.222157,56.131954,202034.035002,94.478273,638.924311,-25.719952,636.453987,-145.606397,640.958556,59.970015,0.009359,1,0
28.633000,-63.607300,201998.436651,176.248279,201187.414724,56.385949,201911.566971,94.178725,635.929613,-25.898688,633.061829,-145.870655,636.873170,59.960676,0.003859,1,0
28.667000,-63.651893,201686.991982,176.107093,202968.646766,56.312583,201217.990486,94.391080,635.582053,-25.851428,631.370315,-145.754528,634.307673,59.956562,-0.007204,1,0
28.700000,-63.724723,202093.703238,176.390172,201444.998520,56.259134,201241.352408,94.420329,643.792686,-25.551560,634.473877,-145.834311,644.286575,59.963505,0.001895,1,0
28.733000,-63.858969,202915.690984,176.332059,202097.845408,56.323549,202110.418078,93.949303,644.466328,-25.718058,641.189622,-145.418958,637.744109,59.960747,-0.005924,1,0
28.767000,-63.663961,200240.525229,176.245055,201667.324691,56.001418,201863.747922,94.455549,644.687670,-25.642501,641.241861,-146.017750,641.967428,59.960841,0.012437,1,0
28.800000,-63.791182,203968.209828,176.312640,200102.382057,56.336782,200958.738556,93.965106,644.457950,-25.619355,642.588542,-145.732115,651.987334,59.962321,-0.000963,1,0
28.833000,-63.459095,200384.089342,176.231008,201771.592935,56.255036,200891.695191,94.609882,643.113436,-25.513877,643.413996,-145.554182,648.156011,59.958565,-0.004726,1,0
28.867000,-63.704411,201578.647499,176.341910,202509.067931,56.212031,202206.656731,94.563525,643.789721,-25.822260,637.071314,-145.763411,646.347949,59.957152,-0.007457,1,0
28.900000,-63.499716,202647.262315,176.537056,201600.307269,56.376998,200398.942903,94.596057,644.650105,-25.475782,644.655652,-145.523536,644.928278,59.958612,-0.010889,1,0
28.933000,-63.570701,201291.095284,176.424154,203229.804507,56.282616,200819.582896,94.539316,648.703869,-25.977462,646.149030,-145.874696,640.178245,59.961524,-0.001402,1,0
28.967000,-63.728916,202327.725266,176.485614,201001.831919,56.300572,201989.572783,93.946428,644.964380,-25.551690,642.909789,-145.733988,642.542744,59.958250,-0.012484,1,0
29.000000,-63.883163,200495.947421,176.369720,201878.654016,56.345090,199808.246338,94.358523,639.818238,-25.762710,640.325671,-145.538766,642.183584,59.964941,-0.002192,1,0
29.033000,-63.820878,200963.678118,176.312557,202420.077348,56.313620,201641.817642,94.022939,637.070621,-25.811034,641.319695,-145.918683,635.104850,59.973204,0.004061,1,0
29.067000,-63.592704,201454.954479,176.273947,200726.351569,56.085986,200062.590269,94.231862,642.495919,-25.588671,639.096300,-145.969062,638.088341,59.970746,0.004972,1,0
29.100000,-63.884366,202286.178441,176.200576,201926.284452,56.309464,200743.952363,93.835356,635.431822,-25.893547,639.508597,-145.339840,632.443333,59.970750,0.009294,1,0
29.133000,-63.853944,199995.803046,176.191860,201352.613461,56.277399,200349.827322,93.987268,642.980387,-25.830305,637.704381,-145.583670,635.119196,59.966969,0.006582,1,0
29.167000,-63.939401,201036.750332,176.103158,202290.756210,56.106987,202115.265413,94.368993,638.756660,-26.102130,639.496706,-146.077587,639.396961,59.972085,-0.002892,1,0
29.200000,-63.817642,200455.012662,176.052818,201722.536596,56.156161,203002.637930,94.489600,644.693722,-25.924529,643.478292,-145.563315,638.545969,59.960454,0.003209,1,0
29.233000,-63.629495,202267.770840,176.197640,202187.316770,56.254693,200857.102323,94.321382,638.444595,-25.984265,636.373443,-145.755417,637.921339,59.972878,-0.002432,1,0
29.267000,-63.915691,201793.930716,176.192862,203146.463264,56.221053,201073.180184,93.967456,631.418723,-25.752241,637.100238,-145.853363,638.029042,59.970608,0.009063,1,0
29.300000,-63.615216,201960.356045,176.092540,201455.715950,56.325149,200148.333319,94.351148,637.861287,-26.317553,638.527847,-145.660136,640.140891,59.975852,0.001151,1,0
29.333000,-63.806285,200583.674304,176.170241,201822.863553,56.172434,201443.789082,94.083464,630.349638,-25.670517,636.144437,-145.659413,637.155338,59.966527,0.002860,1,0
29.367000,-63.909304,202720.314897,176.301353,203054.853889,56.149728,203176.031000,94.063600,638.979738,-25.845061,632.843067,-145.870600,638.784620,59.966422,0.003383,1,0
29.400000,-63.861548,201896.483320,176.047558,204668.240666,56.148649,201571.998864,93.968497,636.962632,-26.026976,637.005927,-146.016126,640.363238,59.970903,-0.013649,1,0
29.433000,-63.841800,202847.431801,176.237481,201513.786364,56.073512,201738.466324,94.261648,636.708560,-25.764081,637.324071,-146.019340,628.497220,59.966941,-0.006148,1,0
29.467000,-63.762775,202188.424584,176.036796,201557.670384,56.370980,202459.814717,94.127607,635.309183,-26.060651,633.526391,-145.792213,634.596690,59.978394,0.002803,1,0
29.500000,-63.897119,200542.417640,176.208006,202813.364230,55.999351,202108.302651,94.258263,634.714606,-25.594458,639.220487,-146.318382,638.658352,59.973085,0.004160,1,0
29.533000,-63.806461,200666.063609,176.346277,202389.121925,56.253617,201794.140672,94.162851,636.373323,-25.674279,634.929853,-145.341337,640.384305,59.970172,-0.004792,1,0
29.567000,-64.014500,203339.625043,176.160404,200698.795717,56.146301,199869.077051,93.889401,637.590490,-25.704595,638.367634,-145.992691,637.361022,59.970018,-0.005699,1,0
29.600000,-63.999013,203331.754836,176.170900,201632.956067,56.035333,202987.283817,93.922081,641.594669,-26.101196,635.052420,-145.761462,637.552018,59.974626,0.004957,1,0
29.633000,-63.837846,202586.548807,176.246962,202971.801147,56.215012,200862.316236,94.250744,635.533140,-25.618106,638.055967,-145.981886,636.220846,59.969128,0.000130,1,0
29.667000,-63.709737,200950.928711,176.268605,202799.538559,56.138852,202598.692288,94.391692,635.801798,-25.663726,641.530967,-145.966600,640.813165,59.974078,-0.003808,1,0
29.700000,-63.677596,202363.928506,176.234425,201039.298235,56.286608,204267.211837,93.908254,639.076735,-25.797317,642.833872,-145.488357,645.113584,59.969049,-0.000152,1,0
29.733000,-63.939602,203289.145423,176.119773,202191.947103,56.340125,201293.446473,94.277594,641.150714,-25.973028,642.440826,-145.804644,642.321284,59.962670,-0.001545,1,0
29.767000,-63.841980,201022.394684,176.154493,200679.092211,56.100947,200326.608525,94.164905,642.385594,-25.489454,640.325383,-145.932428,647.770614,59.960525,-0.002093,1,0
29.800000,-63.734125,201850.823899,176.060339,201988.886107,56.132408,201962.646357,94.461850,638.146934,-26.124362,642.477035,-146.049664,646.508392,59.966254,0.005570,1,0
29.833000,-63.700421,201941.913728,176.172717,201222.426810,56.162806,202538.500515,94.331957,643.955375,-25.936721,636.640258,-145.822030,638.218250,59.962303,0.006391,1,0
29.867000,-64.139407,201270.301969,175.941051,201203.428485,56.115103,201095.495505,93.806857,650.203515,-26.248996,638.203202,-145.780808,637.789819,59.968282,0.007134,1,0
29.900000,-63.941333,201112.533398,176.142025,201523.308360,56.020114,203752.074441,94.046198,646.428101,-25.641455,650.622840,-146.091579,637.607467,59.964402,-0.002742,1,0
29.933000,-63.932587,203561.033135,175.896110,203102.148875,56.142215,201816.637399,94.180782,641.468394,-25.994727,644.169362,-145.568606,641.647198,59.963461,-0.013239,1,0
29.967000,-64.178238,201904.885627,175.909683,202884.370019,56.053375,200814.842948,93.783414,637.945903,-26.131107,643.547308,-145.935549,636.641219,59.969148,0.000647,1,0
30.000000,-64.007578,202733.428215,176.154511,202149.375964,56.009704,201417.239073,93.925716,637.996044,-25.875715,648.908434,-145.926312,639.965488,59.966426,-0.002063,1,0
