TIMESTAMP,BUS14_VA_ANG,BUS14_VA_MAG,BUS14_VB_ANG,BUS14_VB_MAG,BUS14_VC_ANG,BUS14_VC_MAG,BUS14_IA_ANG,BUS14_IA_MAG,BUS14_IB_ANG,BUS14_IB_MAG,BUS14_IC_ANG,BUS14_IC_MAG,BUS14_Freq,BUS14_ROCOF,DATA_PRESENT,Event
0.000000,-63.072889,208043.323295,176.881711,208129.183328,56.912510,208013.575598,95.024721,653.785655,-24.811226,655.295822,-144.892706,656.645328,59.971079,0.003323,1,0
0.033000,-63.022247,208285.430854,176.954835,208601.567549,56.824620,209901.431267,95.231701,646.914177,-24.918330,650.421868,-145.151312,658.211312,59.974519,0.003885,1,0
0.067000,-62.963439,207283.542526,177.056346,207438.083722,56.937670,207703.815207,94.794045,662.766544,-24.822597,652.571943,-145.249408,656.036294,59.962071,-0.002586,1,0
0.100000,-63.046935,206582.276417,177.074771,209812.462928,56.907674,209764.613291,94.725562,658.529104,-25.116677,654.491940,-144.901323,649.532747,59.974334,0.003762,1,0
0.133000,-62.967263,208250.906908,176.857625,208274.972346,56.960494,208447.141372,94.890914,653.627364,-25.061738,652.994373,-144.904716,657.304784,59.963433,-0.001549,1,0
0.167000,-63.018166,208490.471923,177.012392,209713.478933,56.887281,208594.004529,95.032272,662.297061,-25.031065,661.988642,-145.024295,656.145697,59.966738,0.013247,1,0
0.200000,-62.913308,206847.654055,177.048781,209025.632909,57.105966,208815.069938,95.151571,657.154010,-25.120616,662.682171,-144.837812,652.091763,59.968218,-0.006626,1,0
0.233000,-62.787495,208821.740199,176.906386,209225.341485,57.044785,209466.021072,95.195147,657.558124,-25.339827,661.260707,-145.045461,648.340577,59.964414,-0.007624,1,0
0.267000,-63.075625,208331.823250,177.050424,208031.277872,57.139063,209596.361140,94.634827,664.973674,-25.271181,664.158113,-145.256270,655.322104,59.965955,-0.005099,1,0
0.300000,-62.910415,208603.162576,176.708904,208017.039978,56.995768,209170.516520,95.173874,661.992050,-25.263512,658.387493,-145.183976,661.356042,59.969852,0.007955,1,0
0.333000,-63.041899,207284.761774,176.921346,208015.049460,57.008026,209335.266892,94.939274,659.375497,-25.296899,661.789249,-145.014698,654.487098,59.967346,0.002993,1,0
0.367000,-62.978885,208107.132863,177.030087,210206.218633,56.868406,207799.640404,94.971712,655.324997,-25.259469,655.669988,-145.206653,658.783069,59.967833,0.002149,1,0
0.400000,-62.835700,208256.787586,177.036513,206598.842334,57.012483,209499.141887,95.005226,663.520172,-25.158908,659.290650,-145.411974,654.915914,59.971014,0.006464,1,0
0.433000,-62.792867,209378.200855,177.196317,208072.123827,56.984543,208498.328260,95.297668,663.201827,-24.681477,660.684571,-144.927728,660.645860,59.963935,-0.005610,1,0
0.467000,-62.915876,208946.681111,177.166612,208306.594168,56.977238,209808.571311,95.152052,653.481371,-24.604894,659.329965,-144.960724,656.425909,59.961646,-0.012408,1,0
0.500000,-63.149614,207106.739857,177.145295,209438.671826,57.130489,207621.894424,94.979604,655.524181,-24.839451,653.969311,-145.261567,659.722034,59.969258,0.000103,1,0
0.533000,-62.954221,208313.413819,177.266061,208801.024585,57.071289,208563.926735,94.942296,649.370551,-24.925546,647.684426,-145.018143,649.113689,59.958045,0.006794,1,0
0.567000,-63.099215,209529.561626,176.945688,207919.535709,56.939605,208217.859807,94.782291,657.721223,-24.922072,653.716599,-144.901174,659.800992,59.963812,0.001881,1,0
0.600000,-63.076477,208927.145267,176.961381,207916.409121,57.219683,209506.118440,95.119484,661.849274,-25.295986,657.698241,-145.261455,661.688663,59.963012,-0.002874,1,0
0.633000,-62.863319,207700.513911,177.213638,207058.647507,57.126907,207386.304972,95.071678,662.961642,-24.683026,652.468968,-144.984462,661.874342,59.968204,0.002183,1,0
0.667000,-62.794141,208433.391042,177.285733,208047.605727,57.386655,206501.656887,95.115873,665.715114,-25.005901,658.887875,-144.773796,656.897983,59.964189,-0.009493,1,0
0.700000,-62.973769,206632.849137,177.044810,206405.080727,57.028475,208837.611944,94.935118,661.061129,-24.557674,662.440556,-145.097438,654.388118,59.961328,0.002579,1,0
0.733000,-62.765397,208548.427359,177.086127,208467.308024,57.087361,207953.104109,95.200466,659.747412,-25.354342,658.309965,-144.935498,662.296149,59.969147,-0.007165,1,0
0.767000,-62.883345,207029.121883,177.081597,209909.951510,56.851988,208900.787694,94.893956,661.596234,-25.003954,661.098997,-145.217153,654.000725,59.962574,0.007088,1,0
0.800000,-62.937009,208849.152215,177.182285,209007.047116,57.102715,208296.624894,95.093207,655.956730,-25.040314,660.304803,-144.879293,658.360375,59.966001,0.002461,1,0
0.833000,-62.871148,207745.617184,177.119835,207832.849170,57.188466,208498.423003,95.139976,655.495337,-24.888227,659.547717,-144.526001,650.880720,59.961526,0.004122,1,0
0.867000,-62.930590,206499.831350,177.138949,206330.502756,56.942320,208211.474031,95.177898,660.299776,-24.822319,656.698136,-145.115649,659.872773,59.966898,0.006940,1,0
0.900000,-62.753200,206629.831399,177.003044,208204.910795,57.200517,208057.117847,95.123203,664.676104,-24.885290,654.456720,-144.739779,663.526765,59.959526,0.005976,1,0
0.933000,-62.662972,208526.237911,177.178232,207209.491344,57.196620,208492.303824,95.563861,657.133204,-25.004479,660.738421,-144.727252,657.251495,59.955496,0.003475,1,0
0.967000,-62.685068,206676.073746,177.244268,206840.376010,57.270627,208545.037045,95.250253,661.719341,-24.764009,657.699117,-144.680087,655.452590,59.951834,-0.003822,1,0
1.000000,-62.836474,207662.280800,177.280676,209364.609379,57.259989,207966.889629,95.108145,656.533831,-24.335535,663.789152,-145.003689,659.155748,59.957518,-0.007806,1,0
1.033000,-62.694299,208803.209728,177.081816,207546.292929,57.253186,209031.676691,95.286047,662.410041,-24.899997,659.709151,-144.770839,666.209106,59.962736,0.001192,1,0
1.067000,-62.725876,207933.265370,177.509626,206274.424475,57.144235,207012.350335,95.325250,661.968823,-24.773697,665.502358,-144.751315,661.773782,59.958121,-0.001858,1,0
1.100000,-62.630602,207582.472249,177.177202,209253.632609,57.146495,206683.540143,95.332271,660.541279,-25.042611,658.657110,-144.881922,659.714087,59.964469,0.006624,1,0
1.133000,-62.608396,206269.643554,177.431575,207505.065458,57.341848,210079.718577,95.358926,662.165378,-24.611525,654.223716,-144.450853,661.026437,59.961853,-0.003436,1,0
1.167000,-62.579764,209126.495787,177.234111,208493.799160,57.218838,207047.979894,95.462921,662.672659,-24.733722,663.343549,-144.579807,658.542860,59.961201,0.010501,1,0
1.200000,-62.528858,209236.519333,177.136283,209887.480927,57.146903,207958.419656,95.511102,657.187004,-24.936022,665.458766,-144.701222,659.735895,59.967897,-0.002576,1,0
1.233000,-62.797714,208815.263072,177.234845,208393.445777,57.333393,208593.866794,95.021990,659.826545,-24.692453,659.427181,-144.551491,661.332220,59.967424,-0.012032,1,0
1.267000,-62.764956,207560.600913,177.288875,206765.734960,57.142609,207705.289385,95.208530,659.283382,-24.835691,663.111865,-145.233097,656.533964,59.966892,0.006668,1,0
1.300000,-62.654566,206332.647430,177.344795,206700.860142,57.262580,208144.895879,95.362503,657.812071,-24.885590,655.345845,-144.913917,663.513491,59.964656,0.009769,1,0
1.333000,-62.676963,207958.486681,177.177179,206812.071420,57.191761,208397.931540,95.220883,658.497577,-24.899678,651.836391,-145.001748,658.110297,59.955955,0.008148,1,0
1.367000,-62.845743,207920.535615,177.298059,209107.585821,57.180131,207056.374663,95.446799,658.283388,-24.714926,663.681511,-144.567545,659.459842,59.966136,-0.001232,1,0
1.400000,-62.644346,207131.529585,177.268463,207587.143340,57.312368,208769.547657,95.384001,662.713054,-24.665459,656.871106,-144.341503,663.132734,59.962489,-0.002988,1,0
1.433000,-62.717599,206507.003860,177.237851,207184.245060,57.260611,208303.048796,95.401915,661.899296,-24.654816,660.122628,-144.851885,660.098228,59.962898,0.002809,1,0
1.467000,-62.698189,210059.645614,177.446568,206983.301899,57.451870,208440.431772,95.148605,661.166437,-24.795817,657.068661,-144.389466,655.773517,59.960355,0.005745,1,0
1.500000,-62.625705,206579.778571,177.441413,207819.585214,57.540308,208487.577344,95.255140,664.055778,-24.234015,661.058000,-144.261312,665.080523,59.966114,0.005983,1,0
1.533000,-62.469473,208187.846502,177.401129,209733.659133,57.352230,207613.361605,95.495903,663.779220,-24.496080,663.522845,-144.753073,665.359172,59.966227,0.004790,1,0
1.567000,-62.643288,206758.433667,177.429837,207861.858112,57.357216,207286.686308,95.306012,663.950244,-24.759672,661.909294,-144.388020,662.940612,59.961530,-0.004254,1,0
1.600000,-62.759024,206683.299769,177.244666,207337.889780,57.308639,206824.664147,95.169034,658.030005,-24.330784,660.659394,-144.490577,660.355679,59.967028,0.004320,1,0
1.633000,-62.711098,207352.862897,177.310137,207113.363981,57.299865,206446.292307,95.108194,661.879677,-24.745293,667.749635,-144.893003,659.543104,59.967733,0.002221,1,0
1.667000,-62.436385,205940.530426,177.496876,208636.497012,57.267940,207794.331049,95.483348,654.120415,-24.079810,662.827632,-144.643622,661.620806,59.966097,0.012156,1,0
1.700000,-62.525171,205914.906829,177.387242,207013.179856,57.340490,206260.716571,95.171794,659.460986,-24.576167,654.851301,-144.354534,658.672849,59.963381,0.002908,1,0
1.733000,-62.733295,206944.311679,177.403196,205627.262308,57.363917,207639.398317,95.285518,658.319924,-24.838567,659.979838,-144.736545,653.763968,59.968163,-0.012645,1,0
1.767000,-62.590064,209397.526486,177.296200,207709.826572,57.628972,207554.752356,95.491876,663.291622,-24.473746,653.158207,-144.772164,658.504497,59.961232,0.005610,1,0
1.800000,-62.503629,205308.601840,177.364039,206316.897964,57.153787,206665.745975,95.125901,657.540950,-24.761616,659.527639,-144.681197,660.197912,59.962631,0.007446,1,0
1.833000,-62.615556,208480.151525,177.267831,207755.396399,57.489692,210078.228344,95.444885,661.088772,-24.780481,657.364753,-144.642644,667.507522,59.961027,-0.009491,1,0
1.867000,-62.871929,206520.445998,177.243942,207606.889853,57.376538,209067.196084,95.383860,658.642794,-24.814703,656.874084,-144.454685,661.758243,59.956891,-0.004872,1,0
1.900000,-62.649724,207529.333539,177.235897,206218.372523,57.289742,208013.162436,95.248685,653.308026,-24.972900,656.761567,-144.703590,657.516022,59.964765,0.004002,1,0
1.933000,-62.601333,206397.182359,177.387755,207231.406717,57.430965,208872.050497,95.449781,652.882625,-24.227670,657.746230,-144.158533,655.424030,59.962676,-0.000929,1,0
1.967000,-62.645238,206625.394140,177.237550,207959.537356,57.263062,207505.481365,95.458065,659.624952,-24.633714,664.000219,-145.029045,667.815495,59.959689,-0.012650,1,0
2.000000,-62.717552,208303.899150,177.387150,207136.183650,57.365197,205672.220144,95.279052,658.283197,-24.915101,668.373050,-144.662564,662.617055,59.961788,0.000070,1,0
2.033000,-62.611981,208118.315200,177.386319,209086.018679,57.269905,205969.211342,95.183861,661.854920,-24.832838,656.962954,-144.661306,667.248823,59.952063,0.002140,1,0
2.067000,-62.804426,207903.022307,177.417868,207061.338558,57.360166,207391.396898,95.167106,660.675429,-24.701264,664.508877,-144.731186,661.979475,59.954024,-0.011469,1,0
2.100000,-62.690553,207129.852926,177.369528,206630.771759,57.358364,206223.034034,95.111387,664.118650,-24.582691,663.980893,-144.537570,660.827185,59.962017,0.004301,1,0
2.133000,-62.721250,207450.247906,177.424236,206109.045070,57.338548,206218.165639,95.120021,665.952076,-24.627007,665.280237,-144.725537,660.903402,59.963088,0.002357,1,0
2.167000,-62.638693,205411.147753,177.141788,207239.337558,57.218895,208196.782546,95.279429,664.121159,-24.958581,667.028243,-144.852435,660.994536,59.962108,0.011585,1,0
2.200000,-62.890573,207988.851556,177.190127,207581.680370,57.451376,206443.161431,95.200238,660.144595,-24.899452,664.971429,-144.716946,656.995009,59.959920,0.003988,1,0
2.233000,-62.693701,206473.270357,177.167662,207740.248822,57.306595,206900.966509,95.209366,668.418263,-24.588106,662.225890,-144.652762,660.501783,59.958064,0.004278,1,0
2.267000,-62.654277,206347.978241,177.322219,205859.643288,57.316856,205837.432270,95.546295,658.008293,-24.518038,666.204707,-144.667406,662.421686,59.954016,-0.007471,1,0
2.300000,-62.690846,205755.766132,177.385754,207219.868709,57.339904,205529.486642,95.153729,666.950077,-24.838906,664.370765,-144.804174,658.344650,59.957959,-0.001182,1,0
2.333000,-62.737999,206122.251882,177.352392,206413.363184,57.170776,207989.868943,95.235845,662.203006,-24.787219,663.724461,-144.687592,669.878656,59.959124,0.005192,1,0
2.367000,-62.641110,207546.339102,177.338264,205897.270937,57.335149,207896.125557,95.197928,658.875003,-24.626158,657.218863,-144.695772,659.126405,59.952577,0.000655,1,0
2.400000,-62.661899,207394.938797,177.147056,206785.684383,57.115886,207788.549004,95.030608,655.445473,-24.884456,664.348048,-145.187356,660.292633,59.959499,-0.006022,1,0
2.433000,-62.661698,206937.670133,177.392149,206331.326738,57.343926,207440.716259,95.486718,669.412589,-24.735325,668.038209,-144.448959,663.746067,59.966883,-0.003111,1,0
2.467000,-62.707269,206663.647053,177.213455,208226.320224,57.247393,207416.160786,95.185555,666.041361,-24.830782,657.783032,-144.877440,661.369756,59.973442,0.003544,1,0
2.500000,-62.644291,207247.806063,177.254638,205007.577147,57.348666,208823.751302,95.532571,667.066188,-24.645370,657.121376,-144.819999,666.640865,59.960835,0.003742,1,0
2.533000,-62.846981,207620.095690,177.368712,204430.149406,57.218232,208358.129628,95.385418,664.140318,-24.462120,661.735789,-144.853428,665.595270,59.963463,-0.001514,1,0
2.567000,-62.752351,206041.406903,177.111185,208016.139488,57.266958,206732.099938,95.023535,671.293315,-24.962624,670.949521,-144.856386,658.510563,59.968060,0.001920,1,0
2.600000,-62.735272,206935.161515,177.334411,208118.316714,57.316778,208944.410808,95.132429,658.365276,-24.801522,663.697166,-144.767457,663.537846,59.967377,0.001992,1,0
2.633000,-62.639749,207968.304412,177.338207,208616.649372,57.298311,207736.399926,95.375442,663.934824,-24.722164,670.313351,-144.688830,657.689662,59.965525,0.001569,1,0
2.667000,-62.778351,206190.186732,177.294892,206919.807585,57.138225,206194.668835,95.389503,662.673495,-24.435992,663.968868,-144.995618,665.601836,59.968853,0.005733,1,0
2.700000,-62.744441,207230.668693,177.174225,207079.006978,57.273260,207757.126344,95.482293,661.546469,-24.716844,668.206085,-144.884053,657.726001,59.957891,-0.003628,1,0
2.733000,-62.613620,206556.666180,177.254415,205415.264655,57.315622,205616.989789,95.558465,663.110715,-24.667445,661.577800,-144.671888,661.692902,59.956939,0.000448,1,0
2.767000,-62.792790,207643.261059,177.259030,207629.655463,57.358784,207669.526232,95.226987,666.837191,-24.797864,658.742480,-144.739349,667.655629,59.961752,-0.001748,1,0
2.800000,-62.986248,206631.272864,177.159553,207374.009672,57.223501,206236.247623,94.886236,662.677920,-24.927518,663.608315,-144.885204,662.324808,59.968283,-0.004225,1,0
2.833000,-62.652596,208927.149340,177.390467,205934.188515,57.465757,209176.553159,95.252630,663.014555,-24.493858,659.420433,-144.484424,659.663388,59.963448,-0.000018,1,0
2.867000,-62.673928,206432.273670,177.256781,208852.423630,57.135007,209375.415085,95.266553,662.647131,-24.775094,658.801252,-144.572789,667.443850,59.960478,-0.014195,1,0
2.900000,-62.604034,206870.655325,177.241207,206654.930290,57.422360,207570.911428,95.535137,663.639619,-24.796742,665.081577,-144.765968,663.588548,59.960686,0.010474,1,0
2.933000,-62.606947,207539.242393,177.469375,206707.547888,57.291509,207593.049052,95.557993,667.502725,-24.322145,667.143387,-144.786062,663.401010,59.966506,-0.005103,1,0
2.967000,-62.579924,208162.586142,177.296376,207196.013120,57.282734,207633.255353,95.341685,669.687475,-24.669114,671.046715,-144.714563,662.605623,59.954737,0.004696,1,0
3.000000,-62.690150,206839.241957,177.156588,206803.173814,57.315553,207285.279688,95.395410,669.676693,-24.992702,657.990295,-144.359274,662.354892,59.963568,0.001141,1,0
3.033000,-62.825226,207298.242336,177.253913,207230.863668,57.222220,205909.724606,95.079074,666.445980,-24.730636,668.467244,-144.987572,663.186824,59.974326,-0.000905,1,0
3.067000,-62.760536,206858.394664,177.146999,207144.814057,57.310769,206827.223349,95.470774,664.000933,-25.328267,666.187201,-144.658110,662.701641,59.970332,-0.000584,1,0
3.100000,-62.751377,205264.586230,177.194125,206208.949005,57.188346,208290.150227,95.128617,664.531643,-24.675950,666.108568,-144.810792,655.902783,59.966357,-0.008420,1,0
3.133000,-62.719205,208534.576188,177.173407,205804.408230,57.241520,209456.975100,95.163274,657.132610,-24.976139,660.584631,-144.918837,654.610225,59.969425,-0.003806,1,0
3.167000,-62.809984,206824.417840,177.515939,207136.742213,57.151668,206351.034423,94.777000,661.456378,-24.737689,661.424690,-144.850599,661.018829,59.964130,0.006438,1,0
3.200000,-62.874293,208697.856310,177.233472,207405.527130,57.256532,207518.100995,95.368534,654.738197,-24.690989,659.962518,-144.766291,661.504949,59.961224,-0.001404,1,0
3.233000,-62.655717,207752.165502,177.120063,207105.927399,57.317549,207307.322198,95.509919,659.512247,-24.842376,656.738317,-144.792505,660.603191,59.978226,-0.003395,1,0
3.267000,-62.785135,207484.086387,177.234830,209181.193168,57.081936,205583.211868,95.078798,668.732649,-24.598342,663.744502,-144.723460,660.309917,59.966180,-0.007446,1,0
3.300000,-62.705354,206328.038024,177.149914,208763.590827,57.438546,208355.536329,95.282024,669.073078,-24.856826,667.792555,-144.678002,661.587389,59.969636,0.004860,1,0
3.333000,-62.946533,207358.742493,177.104790,207394.871357,57.074915,207321.657127,94.891314,667.425118,-24.616623,660.702935,-144.913827,661.649563,59.969600,0.003266,1,0
3.367000,-63.059519,207465.053031,177.082604,206736.360235,57.002523,209093.187974,95.081848,668.638483,-24.927203,666.991744,-144.987508,660.608323,59.965118,-0.000777,1,0
3.400000,-62.955880,205666.651220,177.298185,208053.853249,57.046052,208295.781907,94.925240,654.641439,-24.416537,662.047353,-145.183173,661.600770,59.959522,-0.006975,1,0
3.433000,-62.973754,208015.336982,177.081133,208172.827188,57.135874,208099.763999,95.281356,665.125375,-24.944591,661.385745,-144.664639,662.188996,59.969369,-0.011962,1,0
3.467000,-63.028060,206767.973677,177.182953,206870.401851,57.082307,208491.230017,95.250268,659.188530,-24.981971,657.582930,-145.305487,657.730951,59.964387,-0.002500,1,0
3.500000,-62.767281,206197.814885,177.123819,207890.664495,57.155716,207341.345821,95.342127,662.206385,-25.143576,653.398136,-145.052812,666.637553,59.961215,-0.007559,1,0
3.533000,-62.777549,207480.951546,177.086731,206996.143690,56.967508,208265.511193,95.343263,657.374932,-25.045095,658.206861,-145.023138,664.609317,59.961790,0.006732,1,0
3.567000,-62.741980,206798.477786,177.166294,208018.051739,57.259623,207052.535298,95.393666,657.576480,-25.060962,661.445747,-144.708801,656.579459,59.963914,-0.004815,1,0
3.600000,-62.814741,207317.959447,177.156254,207755.052052,57.235685,207628.064173,95.097324,660.165873,-25.023959,655.835736,-144.759354,664.368809,59.970814,0.001998,1,0
3.633000,-62.921195,208156.954844,177.215403,208904.780808,57.365233,206353.680024,95.110331,658.473576,-24.766529,665.204688,-144.631775,660.004855,59.971046,0.010590,1,0
3.667000,-62.674851,208024.556008,177.136472,209535.444560,57.124086,210038.138060,95.528212,661.475084,-25.089477,656.694741,-144.515511,656.624575,59.971315,-0.000835,1,0
3.700000,-62.989369,208184.386555,177.176879,208068.425026,57.125722,208237.414470,95.256798,661.106484,-24.805380,653.733930,-144.459503,662.200534,59.977827,-0.009632,1,0
3.733000,-62.848776,209162.487134,177.090370,208657.555039,57.059462,207030.647441,95.354031,663.122321,-24.912192,659.025408,-145.143477,654.335116,59.962405,0.007991,1,0
3.767000,-63.087597,207158.553057,177.308434,207186.125495,56.967697,208348.160668,94.922228,665.880801,-24.445080,659.059120,-145.019204,659.950927,59.966933,0.005942,1,0
3.800000,-62.753464,207460.061049,177.152681,209230.582861,57.199713,208828.643220,95.201237,658.083773,-24.852451,666.946122,-145.041073,662.177504,59.970089,-0.001600,1,0
3.833000,-62.746895,208365.948156,177.110521,207335.934864,57.297196,207412.808821,95.311514,669.306734,-25.117057,668.234645,-144.803937,670.116581,59.973545,-0.002067,1,0
3.867000,-62.832770,206913.898727,177.047119,208888.042805,56.943727,208077.447444,95.460020,664.265202,-25.016278,657.415161,-145.048106,663.509478,59.968105,0.005043,1,0
3.900000,-62.751438,207734.344465,177.152725,207172.684408,57.093916,206851.295043,95.281704,660.506826,-25.235488,667.451923,-144.940027,658.492174,59.977022,0.002098,1,0
3.933000,-62.822451,207523.849499,177.180396,207773.384977,57.076040,207916.933610,95.258189,661.783710,-24.824754,660.974415,-145.167089,670.572922,59.970474,-0.000205,1,0
3.967000,-62.996054,207058.547614,177.340806,208015.934267,57.088929,208001.810208,94.880716,669.924047,-24.445569,666.219059,-144.722358,668.376585,59.979470,0.003845,1,0
4.000000,-63.031116,208083.934233,176.953183,207300.626917,57.124315,207659.485667,95.301420,664.617179,-24.933921,664.550315,-145.062315,668.445074,59.974337,-0.006089,1,0
4.033000,-62.923866,208206.419956,177.000979,208465.872246,57.049827,210013.082518,94.788088,671.818144,-24.679728,670.285205,-145.025217,668.975555,59.977274,0.001993,1,0
4.067000,-62.900472,207225.152394,177.124740,208021.036327,57.139800,209119.853603,94.957331,664.256385,-24.666536,664.362133,-144.629847,666.976444,59.962191,0.004269,1,0
4.100000,-62.841141,206972.419953,177.164154,206700.013793,57.344426,207178.733327,95.446608,660.855199,-24.661401,663.272217,-144.721229,671.031964,59.962258,-0.000027,1,0
4.133000,-62.967039,207905.305399,177.087469,207525.047981,57.122787,207680.604050,95.128583,667.804525,-24.804654,668.558408,-144.707988,669.248614,59.964984,-0.003882,1,0
4.167000,-63.039720,207087.448483,177.122838,207096.684445,57.158427,207921.148514,95.117571,667.754369,-24.671201,673.145547,-144.828611,672.583998,59.967877,-0.000031,1,0
4.200000,-62.744483,207107.182864,177.206781,207629.765914,57.022027,206411.733948,95.566025,668.488883,-24.548532,667.701770,-144.921391,668.468244,59.962697,0.002586,1,0
4.233000,-62.889035,207475.802404,176.935383,207606.601804,57.034204,207141.940918,95.017584,671.751120,-25.070143,669.561149,-145.081414,672.139058,59.968688,0.004538,1,0
4.267000,-62.901631,206665.075254,176.890852,208507.861808,56.943654,206474.292608,94.889950,672.371904,-25.218711,671.310926,-145.086414,666.417988,59.968557,0.001798,1,0
4.300000,-62.891465,207149.597160,176.983535,206953.734912,57.072809,207285.684355,94.953419,670.255341,-24.854589,668.937317,-144.794110,671.352261,59.962294,0.010361,1,0
4.333000,-62.902941,206778.377852,176.898383,207266.025856,56.926652,207754.789991,94.950131,668.313472,-25.020735,666.703889,-145.038784,663.087732,59.967322,-0.001192,1,0
4.367000,-63.032083,208485.121596,177.082279,208273.631904,56.974300,206156.826319,94.903364,667.241354,-24.609638,670.295757,-145.113927,668.785650,59.965113,-0.009670,1,0
4.400000,-62.954991,208230.480897,176.881664,209151.358567,57.027615,208881.018592,94.804470,662.254853,-25.071728,673.842720,-144.839873,665.783811,59.947847,0.012241,1,0
4.433000,-63.012163,208291.573911,177.171451,206625.141287,56.955520,206242.313565,95.209679,668.918865,-24.483793,666.286227,-145.023853,674.590326,59.959877,-0.002242,1,0
4.467000,-62.856497,206253.872835,177.184050,205969.683922,57.019224,209025.563948,95.126784,668.378017,-24.959412,668.332162,-144.936174,666.230545,59.953480,0.007001,1,0
4.500000,-63.069223,206144.349555,177.073526,208783.396580,57.009669,208406.628879,95.072899,667.621447,-24.869736,662.900377,-145.311444,668.054113,59.953606,0.004113,1,0
4.533000,-62.746843,207031.588983,177.002167,208162.207635,57.173112,208207.443309,95.221560,666.723756,-25.144582,665.823466,-144.797345,667.153941,59.957494,0.010363,1,0
4.567000,-62.913427,208084.931003,177.014134,207697.484342,57.107145,208314.833402,94.942139,672.824059,-24.863775,670.341145,-145.225409,667.530889,59.954157,-0.008399,1,0
4.600000,-63.007606,206428.371152,176.918266,207854.225825,56.944344,208066.452912,95.183262,667.537427,-24.924894,668.520660,-144.795938,668.486367,59.958437,0.010333,1,0
4.633000,-62.800058,206550.937801,177.035940,206501.684333,57.140828,208094.144439,95.180260,660.548434,-24.775735,659.279229,-144.759773,671.269518,59.960219,0.015379,1,0
4.667000,-62.946876,205736.126379,177.153282,207640.612789,57.041444,208298.556340,95.063980,666.567912,-24.369205,655.699154,-144.994811,662.588578,59.954724,-0.003475,1,0
4.700000,-62.598156,206629.990038,177.144979,207937.100560,56.835616,206202.431523,95.287130,665.785543,-24.621113,665.869122,-145.230384,665.029393,59.958361,0.001563,1,0
4.733000,-62.852694,206791.380429,177.134267,206514.341814,57.249032,206960.548912,95.139935,663.173893,-24.636960,656.164718,-145.074541,671.423020,59.956817,-0.008745,1,0
4.767000,-62.679359,207311.235489,177.248288,208055.098360,57.206316,207053.003202,95.260823,662.076178,-24.479992,660.443349,-144.729414,667.666210,59.951719,0.009351,1,0
4.800000,-62.779011,207302.049161,177.139344,208328.653400,57.282953,206680.933069,95.270434,662.881053,-25.028751,663.478426,-144.533659,663.819057,59.960818,-0.011242,1,0
4.833000,-62.998649,208076.011206,177.034181,207577.299351,57.042341,205514.631496,94.976612,657.081842,-25.132030,659.036833,-144.736741,659.696973,59.959478,0.000548,1,0
4.867000,-62.857326,208428.210702,177.064223,207364.296969,57.000394,205565.623438,95.226697,654.208916,-24.753530,654.782805,-144.957172,660.780966,59.958641,0.006032,1,0
4.900000,-62.982570,205422.962027,177.012696,207863.375211,57.140536,207496.888636,95.083733,662.840409,-24.863763,662.206497,-144.853942,665.054066,59.958653,0.000544,1,0
4.933000,-62.847556,206727.572821,177.004367,207666.122836,57.095394,206162.202429,95.032341,653.768312,-24.970122,659.608055,-145.062501,663.511488,59.956043,0.011703,1,0
4.967000,-62.878797,206666.182481,177.013129,205488.110088,56.885514,205939.824300,95.138072,660.413969,-25.098645,655.535636,-144.813172,653.221204,59.953103,0.003950,1,0
5.000000,-62.819305,206702.543357,177.106357,207056.838662,57.058529,206540.637579,95.272720,652.680276,-24.960085,658.653165,-145.151535,656.048055,59.952171,0.000328,1,0
5.033000,-63.039681,205973.866184,177.152667,208396.691754,57.193412,206880.426292,95.242085,660.042685,-24.774739,650.096693,-145.258227,652.108461,59.950181,-0.007617,1,0
5.067000,-63.067991,205753.156027,177.085325,208010.341401,56.933787,208041.908152,95.071305,659.167667,-24.834879,651.442362,-145.135229,656.498167,59.953740,-0.007697,1,0
5.100000,-63.068969,205447.954692,177.000003,207262.759998,56.871148,208666.166150,94.621165,661.021793,-24.923626,655.127416,-145.168712,655.646493,59.947914,0.005004,1,0
5.133000,-63.168248,206686.098638,176.849876,206064.509785,56.981282,207913.077220,94.960775,654.811098,-25.075827,659.995504,-145.036845,654.886435,59.956597,0.001684,1,0
5.167000,-63.042308,205847.589331,176.912654,207324.898235,57.180553,208332.639610,95.038013,655.003250,-24.793976,654.893643,-144.828195,658.156807,59.949484,-0.002366,1,0
5.200000,-63.172470,209460.624486,176.933774,206710.239611,56.884948,207248.914775,94.748766,661.291288,-25.172018,654.651094,-145.032048,655.535052,59.954828,0.005445,1,0
5.233000,-63.126332,206514.572229,177.003637,206452.675725,56.932102,206851.085309,94.762847,656.221106,-25.091592,660.446593,-145.238564,659.531783,59.949736,-0.002208,1,0
5.267000,-63.148029,206856.882276,176.765276,205863.584749,56.906536,207506.853818,94.936287,658.994473,-24.921351,658.333164,-145.142547,653.543606,59.946261,0.003427,1,0
5.300000,-63.056162,206908.303421,176.971516,207295.961422,56.872685,206848.613301,94.870503,653.525182,-25.201698,655.670580,-144.890627,657.384105,59.946367,-0.003606,1,0
5.333000,-62.960391,207059.619464,176.946247,206387.434114,56.993604,208138.951669,94.842341,655.668284,-25.008510,656.413527,-145.029654,649.292226,59.951571,-0.000482,1,0
5.367000,-63.134344,206085.851530,177.108859,207073.073228,56.805376,206540.735698,94.802111,656.886222,-24.568477,654.175643,-145.108137,645.136681,59.956819,-0.020122,1,0
5.400000,-63.161934,205759.222847,176.823696,206909.554657,56.933194,208462.059305,94.674062,652.328930,-25.304567,650.044317,-144.951888,652.765691,59.951261,-0.001493,1,0
5.433000,-63.105226,206691.462390,177.008858,207894.113417,57.047404,207397.575454,95.052465,657.461536,-24.936412,656.891753,-144.956886,647.343563,59.955895,0.008120,1,0
5.467000,-63.043786,207361.277351,176.686248,208349.268765,56.827871,206775.410139,94.839762,651.453675,-25.724415,647.763607,-145.282895,651.091730,59.954791,-0.004293,1,0
5.500000,-63.071293,206409.282283,176.879973,207820.902372,56.911003,206545.227333,94.934719,647.695038,-24.862138,649.548596,-145.018862,645.509352,59.954142,-0.006436,1,0
5.533000,-63.203835,208508.008736,177.056156,206850.525694,56.995772,206309.486050,94.755243,652.651820,-24.991374,653.520710,-145.087370,650.883141,59.955392,0.010156,1,0
5.567000,-63.077169,207447.374806,177.017579,207615.541385,56.942522,207807.909022,94.683682,650.209976,-24.951986,646.906128,-144.748299,648.021486,59.954583,-0.008671,1,0
5.600000,-62.999674,205848.043253,177.000863,205862.040694,56.582794,207870.471029,95.120766,641.055865,-25.178348,654.381609,-145.464089,648.608622,59.952821,-0.010944,1,0
5.633000,-63.087531,208331.500846,176.729994,208031.769460,56.943660,208292.363901,95.144886,651.123098,-24.800293,653.811158,-145.146088,654.518338,59.952321,0.002294,1,0
5.667000,-63.186102,206177.168398,176.869182,207966.943429,56.819434,206093.861809,95.006019,648.290306,-24.999850,648.702322,-145.658156,651.369999,59.947769,-0.000331,1,0
5.700000,-63.124746,207283.577330,176.776210,205560.599370,56.860853,207111.744286,94.814640,654.949749,-24.971962,653.087747,-145.278111,650.859705,59.956382,-0.007165,1,0
5.733000,-63.287936,206403.107708,176.708074,207396.289095,56.836382,207958.915559,94.652642,655.730647,-25.552001,649.503342,-145.304287,661.058442,59.947332,-0.001655,1,0
5.767000,-63.175435,207647.965040,176.727607,206796.149483,56.806505,207753.900014,94.730510,656.339447,-25.214539,654.174493,-145.173257,651.323914,59.953579,0.010315,1,0
5.800000,-63.234023,206716.858843,177.021832,207332.626042,56.827292,206732.341087,94.642439,643.742056,-25.296071,651.607946,-145.160754,651.111173,59.950014,-0.006549,1,0
5.833000,-63.252290,206905.849853,176.864546,206504.311077,57.035062,209245.741027,95.263855,654.601595,-24.703392,651.573909,-144.630488,651.938870,59.942750,-0.007682,1,0
5.867000,-63.104516,206828.033152,176.982870,208014.258367,56.812772,208713.444743,94.517419,648.448061,-24.941722,650.598049,-145.135810,656.439584,59.941348,-0.001404,1,0
5.900000,-62.851725,206807.089768,176.845356,206507.701815,56.870609,208082.784352,95.104151,649.071377,-25.189063,647.156717,-145.273547,657.178287,59.949026,0.009954,1,0
5.933000,-62.955798,208879.083792,177.001580,207882.598425,57.055515,208129.402513,95.198801,645.400129,-25.077984,657.579782,-145.117060,648.381305,59.947689,-0.004614,1,0
5.967000,-63.036699,209183.849172,177.064113,206093.639116,57.239977,206621.184334,94.940830,653.581672,-24.810764,658.046017,-144.651403,650.785437,59.948830,-0.003717,1,0
6.000000,-63.167924,206591.666963,176.906962,208980.348857,57.127572,207575.424113,94.593450,655.650032,-25.088306,653.740764,-144.599621,654.962829,59.953509,-0.000340,1,0
6.033000,-63.053535,207794.770315,176.750824,207665.227121,56.802371,207224.254479,94.812532,649.390056,-25.441344,650.611507,-145.403140,655.261617,59.949489,-0.002502,1,0
6.067000,-63.131846,206907.230816,176.963325,207706.331098,57.042482,207308.641807,94.887677,652.642900,-25.203571,650.818597,-145.018543,658.482665,59.955711,0.012903,1,0
6.100000,-63.133743,207838.914234,176.874731,207879.207936,56.886007,208367.167812,95.123692,656.520613,-25.189171,655.373849,-144.948529,653.734716,59.948925,0.003758,1,0
6.133000,-63.075946,208810.538765,177.012027,206588.288804,56.875610,207341.239651,94.920721,649.455826,-24.922453,651.120911,-145.071770,649.870506,59.956363,-0.009562,1,0
6.167000,-62.856709,206826.820238,176.966736,206258.377263,56.892144,206830.402371,95.538748,649.840527,-25.251364,655.191379,-145.318571,654.505694,59.954180,0.004342,1,0
6.200000,-63.058424,206404.446266,177.035212,208304.131095,57.048122,207059.912570,95.240691,651.505777,-24.494881,653.430914,-145.000377,647.337978,59.951491,0.000923,1,0
6.233000,-63.058322,207025.310503,177.101898,206499.261500,56.866480,206442.814382,94.978894,645.855172,-25.098464,651.241105,-145.135495,652.548459,59.955091,-0.000937,1,0
6.267000,-63.120614,207358.396000,176.928958,206590.057321,56.912414,207759.527161,94.603446,650.156170,-25.030234,652.246171,-145.068672,648.811709,59.958652,-0.005874,1,0
6.300000,-62.983304,208387.725377,177.032962,208642.386949,57.070374,207705.660196,95.103291,652.256212,-24.837120,645.575386,-144.790787,645.354257,59.953774,-0.001540,1,0
6.333000,-62.965120,206983.265886,176.773316,207461.447620,56.978192,205940.012905,95.036007,643.920392,-24.859311,661.617205,-145.189778,658.761952,59.958957,-0.004274,1,0
6.367000,-63.011588,206903.128019,176.985162,207916.111948,57.184765,206418.710023,95.128351,652.943026,-24.898083,646.136721,-144.895299,647.724828,59.952435,0.001179,1,0
6.400000,-62.937435,206759.161716,177.030586,206926.242061,56.955451,207016.562037,95.607885,644.775408,-25.152619,652.156871,-145.113038,651.796794,59.961973,0.008513,1,0
6.433000,-63.029379,208200.741054,176.902752,207506.220245,57.017045,207397.875593,94.870244,651.084586,-25.077098,649.036539,-145.213829,646.626401,59.961091,0.003976,1,0
6.467000,-63.001850,205272.701196,177.139812,207655.164607,57.184812,207429.426997,94.782710,648.306994,-24.882100,650.325151,-144.824463,649.940141,59.957605,0.018714,1,0
6.500000,-62.979331,206870.475202,176.952183,209237.071642,57.062625,207606.054379,94.899240,645.486212,-24.899496,654.208221,-144.698040,652.846035,59.959625,0.000062,1,0
6.533000,-62.752249,207637.215909,177.102136,207029.636815,57.220196,205911.589673,95.063657,652.117849,-24.798112,649.885802,-144.776508,652.289451,59.953026,0.007087,1,0
6.567000,-62.943349,204966.418265,177.058200,207387.050788,57.034271,207850.697239,95.046866,653.242898,-24.881286,648.609267,-144.768515,643.467953,59.946649,0.008047,1,0
6.600000,-62.985801,207706.130260,177.172767,208347.245496,57.070127,208167.487419,95.378178,650.730781,-24.803595,652.465852,-145.090207,642.843190,59.945089,0.002550,1,0
6.633000,-62.783363,205617.884225,177.073142,208581.930221,56.960617,207608.236636,94.912461,650.888977,-25.159117,651.177568,-144.795108,656.961923,59.949213,0.014494,1,0
6.667000,-62.876043,207056.654261,176.995828,208238.435574,57.071103,207545.910542,95.194636,653.923878,-25.233452,655.875630,-144.908279,655.882838,59.939088,0.000042,1,0
6.700000,-63.015730,207720.885862,177.023017,208441.604414,57.040051,207969.852612,94.976382,645.471421,-25.111134,657.768138,-144.809726,655.774693,59.948157,-0.006543,1,0
6.733000,-62.915598,209127.497478,176.843855,207494.255242,56.885613,207125.906815,95.120997,651.271992,-25.132306,654.221868,-145.006503,650.138062,59.943460,0.002768,1,0
6.767000,-62.893379,208008.849537,177.064947,207082.329931,56.822878,208057.574492,95.086820,656.929439,-24.644913,646.533342,-145.099546,648.319769,59.942167,0.015159,1,0
6.800000,-62.900416,206925.804221,177.090130,206712.137783,57.133724,206555.218581,95.376878,659.226916,-24.766134,649.941191,-144.690616,647.854266,59.946423,0.003199,1,0
6.833000,-62.982667,207534.663317,177.028414,207283.969594,56.882647,208182.985329,94.827829,648.583947,-25.012253,642.384459,-145.071528,651.916660,59.946844,-0.003598,1,0
6.867000,-62.980642,206953.641285,177.000888,208344.579596,57.108069,207875.188284,94.877857,654.939580,-24.981204,647.903359,-145.143258,646.847860,59.948996,0.002408,1,0
6.900000,-62.988714,206875.650829,177.062490,210310.904533,56.873654,207339.291759,95.307435,653.567532,-24.895143,649.993789,-145.019996,651.203801,59.949257,0.010109,1,0
6.933000,-62.739302,205224.390594,177.144965,208661.815956,56.993926,207434.047428,95.465502,645.690978,-24.974584,649.573263,-145.235831,650.329073,59.946586,0.015213,1,0
6.967000,-63.005156,205991.521984,177.013565,208459.759863,57.117996,207155.711645,95.054617,645.003845,-25.006709,655.497644,-144.799276,642.798092,59.944103,0.003820,1,0
7.000000,-62.801342,209560.103152,177.141269,208184.598203,57.272175,208943.601413,95.406145,647.173755,-24.785357,644.578436,-144.693504,654.522339,59.946904,-0.005250,1,0
7.033000,-62.876291,206796.068822,177.321979,207223.012421,57.283401,207358.034104,95.163304,644.596807,-24.630747,648.429337,-144.579230,644.683293,59.947821,-0.006537,1,0
7.067000,-63.008873,207225.463979,177.373702,208104.939157,57.100581,206046.207793,94.747269,649.008838,-24.783898,655.132466,-144.964902,649.097024,59.946028,0.002780,1,0
7.100000,-62.930940,207630.056202,177.225183,208094.086863,57.171880,207388.639879,95.323350,639.157648,-24.825863,648.445388,-144.764937,647.469222,59.950344,0.001587,1,0
7.133000,-62.893075,209272.511846,177.160880,207423.731989,57.356060,207575.164898,94.955586,649.605979,-24.907049,648.941977,-144.605967,656.718548,59.946209,0.001915,1,0
7.167000,-62.820341,208094.945168,177.013425,207859.421445,57.148540,208514.332763,95.491191,645.144576,-24.979176,650.789720,-145.119472,642.913040,59.943419,-0.010346,1,0
7.200000,-62.788968,208068.686696,177.108658,206271.765575,57.145739,207756.109804,95.220877,641.940725,-25.194717,650.231211,-144.808753,646.256122,59.943311,0.009219,1,0
7.233000,-62.928383,207160.350039,177.265192,208030.913621,56.938959,206807.296627,95.095528,648.368237,-24.588435,652.184123,-145.088492,654.449168,59.948684,-0.004051,1,0
7.267000,-62.760350,208090.203080,177.233540,207024.092461,57.228732,208561.780688,94.983025,650.028678,-24.885088,646.075696,-144.839559,646.529997,59.947923,-0.000608,1,0
7.300000,-62.740321,207217.404153,177.107949,206464.081046,57.128461,208625.802196,95.215063,646.042479,-24.631273,646.036721,-144.833695,650.536919,59.945127,0.011363,1,0
7.333000,-62.799367,207502.962676,177.144460,208959.712546,57.239322,208651.475356,95.164608,648.017648,-24.739701,647.735237,-144.613449,652.096364,59.940610,-0.010896,1,0
7.367000,-63.014716,209281.575374,176.948174,209014.775125,57.008614,208259.138725,94.571175,648.147790,-24.970544,644.179334,-144.828865,644.957768,59.938215,-0.015130,1,0
7.400000,-62.740997,207810.538268,177.192055,207300.118518,57.203612,208946.603198,95.338494,641.461418,-25.002841,653.879792,-144.728475,644.330760,59.949451,-0.008102,1,0
7.433000,-62.906399,207551.967659,177.198212,207084.338847,57.012197,208183.317738,95.163393,651.288164,-24.856979,644.837334,-145.196177,649.518538,59.941631,-0.004730,1,0
7.467000,-63.003795,208158.822293,177.155202,207824.632682,57.088691,208241.195541,94.490022,658.361377,-25.093283,644.938437,-145.041067,649.577132,59.943125,-0.002069,1,0
7.500000,-63.043012,207213.331321,177.052665,207237.314933,57.008705,209115.148325,95.170741,649.032997,-25.047111,655.057239,-144.921609,650.505938,59.936400,-0.009689,1,0
7.533000,-62.901738,206692.745580,177.056176,208285.885403,57.120926,208098.781868,94.922304,652.109701,-24.943454,656.263884,-145.102220,646.997474,59.941359,0.003927,1,0
7.567000,-62.917829,207273.645808,177.040758,206778.131892,57.147044,207030.091613,95.817366,651.471714,-25.072037,650.828526,-144.894501,655.819295,59.944367,-0.007373,1,0
7.600000,-62.969070,206417.021536,177.000863,207725.216754,57.136573,208179.780103,94.755213,649.108022,-25.105096,651.936813,-144.774937,653.167309,59.948955,0.006208,1,0
7.633000,-62.969059,207635.457350,177.274913,208401.973231,57.257320,208749.342329,94.568948,652.508169,-24.753772,653.973132,-144.901619,653.012805,59.942897,0.006578,1,0
7.667000,-62.757960,207599.724569,177.132045,208646.203462,57.070608,207641.933273,95.017032,648.583275,-24.625099,659.016246,-144.893825,655.316315,59.948576,0.003396,1,0
7.700000,-62.870886,207776.281480,177.113580,205645.675252,57.086347,207135.758359,95.377627,651.017285,-24.989500,659.613900,-145.487007,651.432743,59.948717,0.009877,1,0
7.733000,-62.707774,207745.180836,177.143509,208970.015498,57.086282,208082.297348,95.160600,647.695344,-24.969293,647.548163,-145.264559,654.744191,59.940945,0.002778,1,0
7.767000,-62.792317,207800.190988,177.192526,208201.634545,57.083023,208321.251830,95.457509,650.379244,-25.084520,651.174386,-144.720755,647.338284,59.949959,-0.003317,1,0
7.800000,-62.855301,206691.503270,177.257497,207912.046209,57.264884,206750.501695,95.052991,652.018815,-24.712584,655.308283,-144.884628,652.839629,59.947045,-0.009591,1,0
7.833000,-62.785109,206244.256360,177.159165,207358.046069,57.201018,207992.154081,95.280900,650.299447,-24.850884,646.399840,-144.811421,655.646587,59.946974,-0.012833,1,0
7.867000,-62.849985,206704.436862,177.155972,208680.269113,57.292960,206417.922766,95.132186,655.452379,-25.042870,649.159369,-144.262852,648.812768,59.941961,0.006702,1,0
7.900000,-62.873654,206875.850240,177.196074,208370.090185,57.006542,207575.206994,95.018751,649.415444,-24.736196,650.071083,-144.745065,643.403096,59.949465,0.003109,1,0
7.933000,-62.735675,207288.997596,177.148200,206981.489131,57.217434,207528.636719,95.514688,649.052620,-24.927498,647.569730,-144.683194,655.899052,59.942062,0.002618,1,0
7.967000,-62.629580,206636.502802,176.991258,207204.463057,57.266465,208183.469273,95.509929,646.768276,-25.140706,650.358126,-144.805548,645.716149,59.947380,-0.007097,1,0
8.000000,-62.705501,207297.446952,177.063701,207328.577543,56.963402,207160.783788,95.398223,651.710676,-24.892480,651.289629,-145.140806,657.097786,59.951142,-0.005980,1,0
8.033000,-62.711129,208089.172685,177.120029,206978.998021,57.125269,206984.542449,95.604778,650.080365,-24.981235,655.223830,-144.969984,656.751843,59.952209,0.001643,1,0
8.067000,-62.713056,207684.523692,177.176623,208949.668688,57.177057,206398.104764,95.393039,646.500484,-24.896433,652.028819,-144.633451,655.792450,59.949042,-0.003474,1,0
8.100000,-62.860210,208129.237680,177.013450,206154.176616,57.103601,208185.540798,95.115491,651.025051,-24.780653,654.999762,-145.117093,648.948199,59.939423,-0.011143,1,0
8.133000,-62.827661,208047.052085,177.184253,207707.635179,57.132330,207528.902788,95.077266,648.590065,-24.699071,650.816452,-144.999851,655.590902,59.944003,0.002210,1,0
8.167000,-62.624827,206208.932335,177.324847,207556.387560,57.263847,209092.618552,95.563989,648.682416,-24.742655,649.316963,-145.227095,646.894633,59.947699,-0.016651,1,0
8.200000,-63.032895,207868.223982,177.276760,206501.727244,56.977467,208578.687349,95.093562,647.019536,-24.940010,653.090351,-145.073808,650.168720,59.940392,-0.002818,1,0
8.233000,-62.846520,207834.184611,177.213717,208242.784476,57.168361,208495.325591,95.028078,648.024335,-24.657816,646.659356,-144.694846,649.811541,59.948127,0.010488,1,0
8.267000,-62.828925,207142.033421,177.383477,207911.744468,57.389691,207935.004321,95.138968,651.858921,-24.656322,645.810257,-144.722487,643.724595,59.950495,-0.007770,1,0
8.300000,-62.683183,207798.505511,177.323785,207060.782829,57.314232,208483.415604,95.099098,646.477022,-24.400031,650.858910,-144.830534,649.536809,59.956073,-0.008665,1,0
8.333000,-62.691957,207360.654856,177.279577,208717.942978,57.283480,208569.059694,95.267187,649.910867,-24.684736,652.699423,-144.867124,651.101645,59.948638,-0.006365,1,0
8.367000,-62.642908,209147.628922,177.284372,208528.634713,57.067924,207519.120702,95.446666,649.286854,-24.883737,651.725393,-144.815439,648.943187,59.952706,0.001033,1,0
8.400000,-62.520695,208972.552215,177.221621,209325.416563,57.123511,209577.159888,95.671225,654.613340,-24.435960,653.512622,-144.563337,654.780861,59.951021,-0.006267,1,0
8.433000,-62.813482,207891.909858,177.281646,209386.061495,57.181394,208242.918299,95.327325,657.265517,-24.599557,651.631289,-144.609212,656.250247,59.954744,-0.002476,1,0
8.467000,-62.616240,208663.587204,177.302989,207897.260379,57.331697,208332.845371,95.274077,661.927554,-24.952377,651.835360,-144.529262,651.670872,59.960269,0.001287,1,0
8.500000,-62.655750,210389.083547,177.190037,207537.449979,57.399521,208238.559534,95.313941,657.644691,-24.436129,650.609311,-144.268367,649.611294,59.954078,0.006605,1,0
8.533000,-62.675295,208100.700025,177.455920,207662.649579,57.205013,208608.382544,95.450010,644.101425,-24.071821,648.527026,-144.822879,645.428038,59.953578,0.001879,1,0
8.567000,-62.625069,209755.139920,177.157686,208695.932367,57.420660,208059.434400,95.297825,655.608323,-24.771180,654.797172,-144.654846,648.414741,59.942150,-0.000629,1,0
8.600000,-62.498463,206854.596780,177.490056,208505.018826,57.335336,209503.491802,95.999366,648.234925,-24.385233,652.510650,-144.680433,653.355404,59.940173,0.007948,1,0
8.633000,-62.725471,207967.968419,177.428877,209037.908414,57.239357,208857.174098,95.117920,656.173337,-24.440861,650.043219,-144.593185,653.607556,59.954677,-0.005019,1,0
8.667000,-62.671347,206507.075572,177.340000,208974.719021,57.372982,209158.870196,94.951388,644.754593,-24.888040,647.530493,-145.016273,649.659708,59.954274,0.010665,1,0
8.700000,-62.629232,206475.618343,177.603373,209073.486840,57.345747,208894.912182,95.277554,645.830253,-24.264268,645.503736,-144.708951,653.945555,59.960926,0.000189,1,0
8.733000,-62.628419,206723.859731,177.321125,206735.348376,57.300356,207141.274606,95.115945,649.929211,-24.883684,656.503681,-144.485110,654.078215,59.963638,-0.004901,1,0
8.767000,-62.564850,208343.823963,177.349740,208118.211368,57.386103,208293.711801,95.499022,654.839064,-24.787368,656.053592,-144.726068,653.047947,59.962646,-0.008027,1,0
8.800000,-62.641949,207064.034236,177.270317,207924.756563,57.283490,208764.998042,95.312632,652.402451,-24.711666,652.206964,-144.970269,653.095327,59.950574,0.002138,1,0
8.833000,-62.813452,207903.166657,177.274372,208423.074867,57.297617,209866.182767,95.221113,652.114624,-24.478381,652.052636,-144.588197,657.243377,59.953009,0.002040,1,0
8.867000,-62.631103,207865.273933,177.370022,208832.615085,57.157846,209560.771591,95.372913,641.778931,-24.544877,646.320546,-144.782521,654.336099,59.954876,-0.002396,1,0
8.900000,-62.660498,208538.712058,177.295693,207200.984040,57.193413,207493.634756,95.505979,653.591143,-24.498744,646.164979,-144.747610,652.413725,59.947944,0.001573,1,0
8.933000,-62.807564,208298.422044,177.227781,208305.247610,57.218364,207693.189455,94.910464,653.207892,-24.811081,646.265003,-144.645030,652.072201,59.946130,0.002729,1,0
8.967000,-62.780718,209868.740754,177.094998,208995.497380,57.333560,209215.479046,95.463451,648.513602,-25.329706,649.905407,-144.697740,652.275323,59.950419,-0.003972,1,0
9.000000,-62.641920,208365.637014,177.257774,208898.261797,57.308524,206817.496990,95.402898,657.858916,-24.772897,651.084242,-144.744805,650.591063,59.958317,0.001551,1,0
9.033000,-62.554431,207189.384898,177.300072,207882.875857,57.222078,208331.172174,95.272451,651.995916,-24.598646,652.808975,-144.803781,650.780933,59.953336,-0.003816,1,0
9.067000,-62.657978,209460.704267,177.240375,209131.518101,57.217601,207139.732120,95.557116,650.969253,-24.970013,656.425822,-144.730371,647.669890,59.954440,0.009185,1,0
9.100000,-62.438631,209295.588053,177.382131,205865.708285,57.158347,208954.379787,95.478143,656.134756,-24.814775,648.480526,-145.107212,647.084280,59.953549,0.008658,1,0
9.133000,-62.666148,208893.024368,177.535601,208454.328259,57.265397,207946.440654,94.785902,653.614873,-23.959829,646.282518,-144.451432,651.563433,59.952632,0.018881,1,0
9.167000,-62.753818,208058.697209,177.459720,208064.083430,57.322287,209104.093310,95.225662,654.605318,-24.704501,657.296348,-144.719930,652.989118,59.955512,-0.002390,1,0
9.200000,-62.565116,207826.957586,177.301320,210531.862027,57.412763,210958.784858,95.326047,643.292905,-24.678971,651.818545,-144.411198,647.030269,59.953769,-0.001095,1,0
9.233000,-62.820248,210090.424794,177.491717,209226.087966,57.326220,207716.803049,94.745259,651.751187,-24.205950,651.595216,-144.715171,644.853739,59.956862,-0.008756,1,0
9.267000,-62.699169,209395.164808,177.375733,207642.386157,57.296547,209535.722618,95.601365,648.332914,-24.718248,649.012217,-144.898552,653.917226,59.948461,-0.003096,1,0
9.300000,-62.644617,209830.479111,177.255714,209263.735970,57.185184,208988.184775,95.214449,652.047292,-24.867681,646.262974,-144.832017,648.865204,59.943796,0.000444,1,0
9.333000,-62.690717,207300.733877,177.268174,207030.942354,57.379115,206772.611188,95.476085,648.532469,-24.930111,652.383350,-144.846911,651.336668,59.944537,-0.008687,1,0
9.367000,-62.650442,209281.777773,177.349380,209977.090742,57.302826,208345.252096,95.418764,647.660388,-24.957937,653.049472,-144.762220,647.191188,59.945769,0.000466,1,0
9.400000,-62.744083,208435.763941,177.209621,208674.330568,57.458539,208249.614130,95.117167,647.380475,-24.852937,654.631374,-144.695012,651.086580,59.946394,-0.005228,1,0
9.433000,-62.777616,207863.813935,177.312915,207494.136733,57.341155,209825.926491,95.433079,649.703389,-24.422380,649.647570,-144.138776,654.844799,59.953789,-0.009696,1,0
9.467000,-62.646421,208962.626983,177.398710,208092.367132,57.451299,209167.976855,95.338415,649.454453,-24.458104,648.477577,-144.658998,650.475610,59.946644,-0.010877,1,0
9.500000,-62.637406,207748.895595,177.352350,208326.327059,57.457813,209572.383718,95.331365,651.521565,-25.076587,649.793080,-144.627765,645.811332,59.949045,-0.001221,1,0
9.533000,-62.649975,209268.990947,177.302167,209208.639103,57.287390,209111.674179,95.286640,656.063314,-24.707075,651.050977,-144.749017,651.637283,59.947158,-0.007652,1,0
9.567000,-62.681617,208716.538221,177.428282,209141.202566,57.423791,209121.661426,95.671137,659.743497,-24.552506,651.243237,-144.684056,646.455066,59.943292,-0.009732,1,0
9.600000,-62.634042,207037.874732,177.426048,208390.978696,57.168852,207387.260824,95.379967,653.580112,-24.347251,642.330894,-144.840958,650.357543,59.947374,0.009069,1,0
9.633000,-62.605080,207732.021064,177.328200,208279.231960,57.261305,208758.595657,95.189584,649.924368,-24.858576,654.906754,-144.530343,644.712043,59.937828,0.008067,1,0
9.667000,-62.801431,207992.429111,177.261521,209592.438475,57.184551,207397.707094,94.898114,651.087370,-24.835707,653.748373,-145.025623,646.518086,59.943661,0.000950,1,0
9.700000,-62.824005,208252.864604,177.473133,208840.818272,57.187947,209866.635468,94.992516,648.638883,-24.681629,654.384946,-144.800466,651.893205,59.946863,0.008938,1,0
9.733000,-62.641091,209263.591947,177.425967,207544.052543,57.221344,207683.393941,95.525976,651.445301,-24.440104,654.068662,-144.652493,652.690369,59.953496,0.005037,1,0
9.767000,-62.743167,208137.692661,177.272288,208889.933958,57.205265,208864.894915,95.194239,653.145097,-24.969576,651.841137,-144.686013,652.638808,59.941993,0.007563,1,0
9.800000,-62.614583,207127.934995,177.438184,208544.956418,57.273929,210517.780568,95.488569,659.671794,-24.535834,658.067112,-144.548341,652.301327,59.945877,-0.008186,1,0
9.833000,-62.624287,209565.382208,177.378639,209658.188095,57.389577,208483.676179,95.545204,654.629655,-24.816195,659.620331,-144.868224,654.927055,59.949921,-0.001735,1,0
9.867000,-62.603813,208801.501710,177.461466,209441.838972,57.471002,209871.154818,95.675794,655.939820,-24.423361,648.448002,-144.505781,648.942118,59.946505,0.003781,1,0
9.900000,-62.584374,209547.065759,177.365070,209186.667178,57.234823,209458.759328,95.165379,658.130291,-24.610279,657.602698,-144.831973,652.716031,59.950109,-0.005774,1,0
9.933000,-62.665885,210623.387846,177.325755,212184.151959,57.497754,209169.328463,95.259964,658.299043,-24.553654,654.778165,-144.130084,659.903390,59.947124,0.001454,1,0
9.967000,-62.599290,209570.582306,177.272079,208050.662065,57.413945,207585.854284,95.398501,662.836147,-24.603367,654.496701,-144.105052,659.005329,59.953448,0.002264,1,0
10.000000,-62.724640,209161.911473,177.345942,208945.231698,57.268304,210582.671565,95.204434,656.905804,-24.427925,648.991542,-144.338725,647.981588,59.948807,-0.000156,1,0
10.033000,-62.790481,207620.850141,177.354265,208124.929025,57.273265,210482.558962,95.377130,649.776164,-24.915703,650.899765,-145.010181,651.241231,59.956802,0.001327,1,0
10.067000,-62.644306,209049.550213,177.316671,209655.576314,57.103236,209365.534411,95.373051,652.007948,-24.399312,649.440793,-144.819887,653.523788,59.958163,-0.012506,1,0
10.100000,-62.624405,207327.561723,177.296386,208074.767390,57.317156,208278.001073,95.586768,651.518497,-24.614534,646.192596,-144.703116,653.272712,59.940371,-0.003491,1,0
10.133000,-62.493707,208494.789692,177.335512,210052.915442,57.191873,210562.618035,95.338908,648.998771,-24.297648,646.877290,-144.874029,645.423124,59.950874,0.008913,1,0
10.167000,-62.633516,209439.006836,177.383095,210592.711786,57.375137,208815.194017,95.347494,645.408774,-24.478482,650.294255,-144.573094,647.667918,59.948695,0.002943,1,0
10.200000,-62.708013,209846.880017,177.396166,210603.202739,57.252504,209058.930771,95.169620,658.211365,-24.314557,649.577590,-144.655978,646.034078,59.944346,0.007955,1,0
10.233000,-62.718486,209131.027269,177.460953,209661.634561,57.448434,207558.015818,95.202043,652.320216,-24.945972,651.715447,-144.685719,644.062556,59.940601,-0.003147,1,0
10.267000,-62.508327,210133.271295,177.383598,209407.964862,57.322937,210209.175889,95.535980,651.439383,-24.453006,653.852427,-144.633420,650.258268,59.942233,-0.001210,1,0
10.300000,-62.775832,209467.100011,177.391476,209532.484644,57.363805,208618.167626,95.051239,650.493874,-24.499395,655.173624,-144.768382,653.474217,59.941620,-0.010527,1,0
10.333000,-62.262913,209176.838394,177.440761,208249.065712,57.566195,208499.343632,95.606897,654.500509,-24.837891,655.280816,-144.382621,659.121261,59.950238,-0.006594,1,0
10.367000,-62.581292,209800.615455,177.549774,210516.941883,57.436817,208360.154477,95.629504,653.956364,-24.288026,653.189812,-144.400109,654.722579,59.948396,-0.004344,1,0
10.400000,-62.702263,209774.527578,177.550567,209234.070596,57.558663,210199.271746,95.179522,653.149123,-24.271590,649.878749,-144.112384,654.659445,59.947043,0.006163,1,0
10.433000,-62.586755,208909.016227,177.311815,209280.909019,57.617927,209125.446874,95.304306,657.979905,-24.578523,654.369307,-144.392496,646.474317,59.943177,0.017828,1,0
10.467000,-62.595654,210127.563794,177.341735,210331.758003,57.648690,209746.138432,95.312831,653.802547,-24.454568,654.325595,-144.500536,651.252526,59.942305,0.003068,1,0
10.500000,-62.641799,208952.894186,177.360812,210135.298817,57.383630,210273.527353,95.535018,651.841731,-24.680142,654.562888,-144.567265,653.956874,59.944974,0.007814,1,0
10.533000,-62.687846,208863.739383,177.437121,208353.882240,57.335016,208610.528126,95.145676,653.020431,-24.710166,652.525908,-144.442412,656.515698,59.939608,-0.000435,1,0
10.567000,-62.579103,209302.110109,177.737230,210408.418298,57.385514,208937.096249,95.318954,649.811116,-24.584428,656.617677,-144.706216,657.205940,59.947790,0.004846,1,0
10.600000,-62.694052,209883.140686,177.487142,209254.658064,57.442659,209971.357855,95.331316,658.311936,-24.344790,654.582657,-144.638691,656.070205,59.947550,0.013764,1,0
10.633000,-62.751930,209882.390821,177.393305,209163.069044,57.367132,209808.851093,95.232415,653.473517,-24.378951,651.712296,-144.420095,651.868914,59.945387,0.006282,1,0
10.667000,-62.383086,208636.733657,177.479340,208999.748175,57.504499,210924.977940,95.644543,660.060915,-24.400297,653.156850,-144.549449,657.127607,59.940522,0.000149,1,0
10.700000,-62.615213,210216.541447,177.187420,211526.916663,57.483418,208771.459159,95.554860,655.102271,-24.978565,651.979395,-144.119116,654.227257,59.946259,-0.005458,1,0
10.733000,-62.594617,209311.178496,177.465474,210264.875589,57.642878,209097.259718,95.335094,650.038483,-24.622956,648.907961,-144.278324,652.217607,59.938375,-0.014162,1,0
10.767000,-62.649124,209345.517817,177.292131,209276.421666,57.150907,210049.971140,95.301677,652.336559,-24.841580,650.613674,-145.302746,647.286323,59.931188,-0.004454,1,0
10.800000,-62.575470,210018.997150,177.409590,210105.363998,57.540677,210132.781532,95.422559,653.878271,-24.887788,651.475388,-144.411084,645.916593,59.935911,0.005605,1,0
10.833000,-62.531069,209500.335637,177.316149,209859.792312,57.478338,208149.947511,95.556609,655.528067,-24.573641,666.433054,-144.343882,659.905703,59.944643,-0.007163,1,0
10.867000,-62.551696,209109.355405,177.437958,207747.397218,57.499649,208883.284307,95.621443,662.391813,-24.534136,662.135755,-144.666841,657.427790,59.940703,0.006751,1,0
10.900000,-62.370610,209776.045598,177.397270,209721.463774,57.364607,209460.314236,95.527242,662.102199,-24.573044,658.700330,-144.559187,660.712107,59.937079,-0.004782,1,0
10.933000,-62.436291,208822.852238,177.581723,209436.933249,57.471852,210675.220199,95.565444,657.664787,-24.360211,656.946064,-144.743613,663.899806,59.942855,-0.001113,1,0
10.967000,-62.417434,210717.995695,177.667176,210404.777733,57.565975,209716.749762,95.539720,661.772545,-24.331613,669.548136,-144.813581,654.469473,59.937278,-0.011442,1,0
11.000000,-62.468300,207987.021194,177.556610,209062.159260,57.347941,210616.166973,95.529382,668.664875,-24.616105,667.087357,-144.646891,666.524927,59.932702,-0.007732,1,0
11.033000,-62.567918,207652.210302,177.408853,208303.182674,57.487640,211215.989246,95.254539,660.977475,-24.751114,657.749017,-144.702725,660.426037,59.940251,-0.003156,1,0
11.067000,-62.556757,208429.571538,177.353623,209179.690634,57.531364,209984.611005,95.726595,664.649307,-24.647886,667.637117,-144.503575,659.446767,59.937182,-0.004277,1,0
11.100000,-62.337756,209850.880681,177.486252,209114.210397,57.656215,209641.573875,95.599107,660.156094,-24.437865,662.108767,-144.477189,661.896924,59.941215,-0.002928,1,0
11.133000,-62.351897,210627.399195,177.546115,209491.549109,57.603740,210117.555740,95.445487,667.656886,-24.577642,661.492842,-144.596522,662.198829,59.936910,0.001496,1,0
11.167000,-62.628910,210019.024824,177.481949,208923.302509,57.561445,208339.925794,95.696836,664.111049,-24.190036,661.752091,-144.649326,658.271124,59.937563,-0.005500,1,0
11.200000,-62.435710,209782.685462,177.483076,209843.236205,57.578099,209698.207036,95.788956,662.810104,-24.525742,662.964872,-144.590305,661.142500,59.941819,-0.007349,1,0
11.233000,-62.739104,209436.444955,177.534434,207938.139520,57.571166,209366.919903,95.270504,666.978367,-24.319643,667.755528,-144.202550,662.556081,59.941134,0.006834,1,0
11.267000,-62.506953,207795.288003,177.337149,208198.305223,57.521611,208966.425042,95.748926,664.262608,-24.482288,672.741314,-144.371045,667.430569,59.945360,-0.008754,1,0
11.300000,-62.643221,209970.857952,177.276352,208446.272889,57.412966,208004.861492,95.533073,665.433937,-24.458749,671.414705,-144.673625,659.306585,59.938244,-0.004497,1,0
11.333000,-62.668629,207871.042437,177.458197,209831.037269,57.402844,209831.563694,95.626189,665.547611,-24.701834,673.510410,-144.784349,661.281441,59.941097,-0.001107,1,0
11.367000,-62.510088,208339.669507,177.461536,208879.319379,57.517884,207515.194488,95.341657,673.878320,-24.452473,664.435858,-144.495319,668.361702,59.944363,-0.012021,1,0
11.400000,-62.604401,208543.687379,177.420493,208637.032943,57.511788,209751.229808,95.523202,669.963667,-24.561359,666.863089,-144.278606,668.521789,59.945186,-0.007379,1,0
11.433000,-62.609418,208751.908402,177.182057,209138.561383,57.530410,210367.738922,95.395992,661.166673,-24.955021,667.150973,-144.459788,666.931792,59.942026,0.006215,1,0
11.467000,-62.570740,209797.237539,177.531688,211258.171856,57.557627,208403.548500,95.450473,663.185039,-24.405303,663.614508,-144.457246,664.773845,59.941215,0.002062,1,0
11.500000,-62.503702,209986.453803,177.467080,208869.064492,57.356992,207417.316807,95.364535,660.716410,-24.394857,669.629834,-144.434109,669.854804,59.933753,-0.000097,1,0
11.533000,-62.524868,208553.833030,177.438265,209267.870945,57.256323,209973.671799,95.340363,664.361558,-24.823290,672.023527,-144.798184,662.710049,59.948185,0.015562,1,0
11.567000,-62.394485,208674.031028,177.548435,208538.622404,57.500096,208456.882627,95.747845,662.245743,-24.276956,668.385813,-144.583935,666.762801,59.952828,0.002743,1,0
11.600000,-62.368920,209728.622671,177.578796,209372.495487,57.322473,210839.839969,95.374058,666.831347,-23.782976,667.004407,-144.757135,658.950808,59.943991,0.005699,1,0
11.633000,-62.492560,208416.620504,177.507680,208253.384007,57.574079,210186.186494,95.388097,668.384478,-24.527638,661.624600,-144.161625,669.651112,59.944115,0.004698,1,0
11.667000,-62.402361,209568.589012,177.456054,209463.966085,57.421786,208796.159161,95.563731,665.746118,-24.758959,660.425981,-144.817501,662.524396,59.950413,0.006520,1,0
11.700000,-62.453253,208650.802912,177.722967,209444.859895,57.596267,209411.446710,95.615971,670.514741,-24.067255,664.182184,-144.370810,657.401763,59.954382,-0.001407,1,0
11.733000,-62.476718,207803.592422,177.541700,210279.204165,57.504187,209108.264174,95.568385,667.763783,-23.872019,656.618740,-144.459466,659.523409,59.947626,-0.005244,1,0
11.767000,-62.473192,209406.678462,177.508108,209061.108904,57.567832,208895.520328,95.327040,668.705454,-24.533431,666.509735,-144.305227,659.172649,59.949922,-0.005495,1,0
11.800000,-62.522169,209815.722632,177.427676,211289.738742,57.597904,210228.063563,95.842778,665.712297,-24.293078,662.946771,-144.472822,663.578937,59.963920,-0.010714,1,0
11.833000,-62.353971,208935.579586,177.527677,207523.619317,57.632065,209004.101903,95.991517,661.789861,-24.497597,663.216515,-144.423776,663.323555,59.958281,-0.003652,1,0
11.867000,-62.207599,208714.107847,177.635159,210185.371143,57.618512,208507.057203,95.834866,663.671213,-24.438915,664.133617,-144.157361,667.247737,59.953456,0.004442,1,0
11.900000,-62.398590,207530.494279,177.921568,208098.844439,57.520396,208354.892962,95.854479,668.131773,-24.183793,668.560934,-144.642988,665.815895,59.955799,-0.000919,1,0
11.933000,-62.488184,209300.214072,177.621948,210732.050506,57.728918,208418.939548,95.554487,663.851776,-24.521474,660.442991,-144.398356,662.912140,59.959921,-0.002388,1,0
11.967000,-62.343005,209846.009491,177.744327,209960.058779,57.363945,208601.321117,95.675522,662.391990,-24.183257,665.214284,-144.777145,665.287092,59.963857,-0.008208,1,0
12.000000,-62.401362,208259.117697,177.473465,209721.848796,57.460737,208310.021522,95.570498,657.087153,-24.477766,657.440414,-144.781640,658.278468,59.960318,0.007947,1,0
12.033000,-62.475230,211013.868925,177.495895,208716.314796,57.481023,209137.592708,95.490508,663.777163,-24.283101,658.717694,-144.368838,661.887126,59.962447,0.003808,1,0
12.067000,-62.538979,209156.303263,177.620542,210347.578820,57.471615,209758.592354,95.245475,654.144229,-24.563599,654.583957,-144.681163,651.324806,59.953798,0.002289,1,0
12.100000,-62.416384,210258.512646,177.526737,209974.064669,57.706901,209461.396369,95.987354,660.557921,-24.355127,659.443126,-144.124739,657.118427,59.953094,0.005882,1,0
12.133000,-62.470795,209551.355436,177.597554,211015.392438,57.482347,209706.229002,95.553040,665.133495,-23.934667,662.311584,-144.360226,657.869648,59.953828,0.004954,1,0
12.167000,-62.458241,208610.822612,177.305930,210677.497320,57.230256,209564.720466,95.463634,661.274095,-24.764083,653.711162,-144.740369,658.890914,59.948644,-0.001648,1,0
12.200000,-62.574449,209385.591555,177.662959,211342.153905,57.489983,208905.828708,95.237524,654.242681,-24.635115,657.888462,-144.633722,659.763815,59.954915,-0.004019,1,0
12.233000,-62.507918,209192.769807,177.454368,209989.209094,57.583413,210288.372692,95.194098,653.979849,-24.882073,656.946081,-144.577683,658.242303,59.948676,0.000438,1,0
12.267000,-62.425588,209606.106205,177.592451,209398.683722,57.565216,209690.279517,95.519101,664.803860,-24.282972,660.772847,-144.838472,661.263932,59.953530,-0.001134,1,0
12.300000,-62.406188,209371.414606,177.549817,209951.966764,57.528336,211016.795149,95.569736,666.476661,-24.613802,661.884683,-144.370539,667.034762,59.956786,-0.008458,1,0
12.333000,-62.481096,210473.779546,177.428589,210613.560902,57.524990,209845.265982,95.518579,664.890872,-24.653894,666.934349,-144.501592,664.788700,59.953769,0.002829,1,0
12.367000,-62.482686,209516.538095,177.646465,209549.209288,57.530889,208984.335526,95.353441,662.285155,-24.334003,660.429190,-144.647932,657.552802,59.965963,0.003725,1,0
12.400000,-62.530399,209875.425637,177.554048,208469.199215,57.720836,209730.204085,95.691008,659.193704,-24.564428,664.179021,-144.355945,656.421319,59.960016,0.001849,1,0
12.433000,-62.427369,209421.888598,177.602732,208714.439530,57.364150,209074.642464,95.416396,660.019687,-24.323466,653.364983,-144.518605,655.713403,59.951273,0.007902,1,0
12.467000,-62.385155,209517.990659,177.513733,208523.138032,57.594003,208974.616722,95.691877,663.689451,-24.578799,648.356024,-144.350968,653.004427,59.951635,-0.002483,1,0
12.500000,-62.373168,210584.252139,177.428396,210079.350435,57.452930,209398.860070,95.615583,649.623113,-24.724057,648.227610,-144.660146,655.000393,59.955130,-0.006894,1,0
12.533000,-62.420579,209257.536302,177.506194,209131.204727,57.386367,210302.822434,95.574334,655.467264,-24.592390,648.769716,-144.679407,655.657351,59.950570,0.004185,1,0
12.567000,-62.453816,209713.899569,177.506886,210723.444083,57.433777,210908.947646,95.475639,656.106888,-24.685218,654.351498,-144.483662,656.731436,59.962408,-0.001947,1,0
12.600000,-62.379494,211195.037372,177.366753,210051.993951,57.544863,207716.697655,95.596968,653.986230,-24.576671,649.922724,-144.642931,645.603438,59.947934,-0.007332,1,0
12.633000,-62.429872,208715.610329,177.366821,208906.568330,57.464296,209607.544588,95.682486,649.792383,-24.548569,655.558611,-144.487503,644.763995,59.953721,0.004227,1,0
12.667000,-62.621328,209367.175407,177.448253,208744.606861,57.326588,209328.597332,95.413487,656.743958,-24.761116,654.111095,-144.810328,645.563543,59.964452,0.007414,1,0
12.700000,-62.680732,209064.135685,177.320328,210254.205233,57.630114,209253.427445,95.314939,645.060708,-24.708605,649.935828,-144.500861,647.743525,59.966377,-0.007752,1,0
12.733000,-62.408167,208028.232411,177.572447,210018.998186,57.429509,208074.062803,95.468227,644.638988,-24.439412,643.241223,-144.255991,646.014126,59.963779,0.002327,1,0
12.767000,-62.500533,209386.638220,177.472159,210704.017506,57.257195,209567.440019,95.838255,647.145840,-24.491876,645.204585,-144.583698,647.581643,59.965404,-0.008014,1,0
12.800000,-62.612113,208930.084954,177.444615,208551.303009,57.558976,208728.647266,95.158792,652.392800,-24.512437,652.352781,-144.153692,652.294617,59.957125,-0.001409,1,0
12.833000,-62.450746,207667.990605,177.556075,209683.344351,57.641621,209499.554205,95.651348,642.608645,-23.944537,651.988738,-144.182587,651.356737,59.959435,-0.005266,1,0
12.867000,-62.420703,209953.267492,177.518654,209737.488259,57.566152,209813.644776,95.707302,645.044946,-24.266510,648.065214,-144.578212,644.293517,59.958531,0.002618,1,0
12.900000,-62.476460,209353.704920,177.547039,210464.970432,57.566239,210232.697689,95.557533,648.262122,-24.832946,647.784831,-144.326144,642.649007,59.965148,-0.001664,1,0
12.933000,-62.568980,209272.985527,177.675411,208544.297020,57.372228,209241.218429,95.084079,645.185438,-24.270355,645.842292,-144.513623,642.888176,59.958805,-0.000746,1,0
12.967000,-62.558404,206478.867518,177.537194,208723.915279,57.463113,207792.279284,95.641594,643.406866,-24.224989,642.724482,-144.577384,645.978927,59.959172,-0.003422,1,0
13.000000,-62.408502,208787.548037,177.595026,209513.220391,57.337201,208726.871980,95.278750,650.389590,-24.308762,648.616528,-144.474784,644.733562,59.960028,-0.001893,1,0
13.033000,-62.545357,207411.250258,177.503326,209152.594347,57.530336,207538.709005,95.495966,645.901563,-24.340142,643.570397,-144.637453,641.517878,59.958170,-0.004290,1,0
13.067000,-62.424703,208624.243827,177.722789,209223.250528,57.599009,208255.879640,95.474711,652.698988,-24.100837,642.293733,-144.326145,646.504739,59.959640,-0.001150,1,0
13.100000,-62.458873,208763.922053,177.618820,206700.083276,57.742752,208940.530488,95.363334,645.786341,-24.142495,644.823027,-144.138424,647.967113,59.964989,-0.004241,1,0
13.133000,-62.391103,208748.820796,177.702946,208809.033310,57.402546,208555.742984,95.520462,645.509505,-23.965005,644.786971,-144.386629,644.585365,59.969430,0.000134,1,0
13.167000,-62.161378,209807.029659,177.753043,207237.421022,57.615866,209695.907941,96.251653,646.596034,-24.699935,643.997510,-144.395494,633.803106,59.957791,-0.000714,1,0
13.200000,-62.498047,208616.001070,177.514799,208679.454565,57.623094,208401.701659,95.376802,645.881974,-24.502852,650.687997,-144.300048,652.088728,59.968281,0.008738,1,0
13.233000,-62.376324,208632.280443,177.509361,208860.980607,57.734711,207687.456456,95.505305,648.655046,-24.245735,650.939178,-144.394661,643.112992,59.962657,-0.004456,1,0
13.267000,-62.320770,209059.472103,177.720716,208133.471739,57.531663,209621.962688,95.618757,651.682467,-24.285323,643.849772,-144.165893,643.453371,59.961561,-0.004542,1,0
13.300000,-62.398919,208829.028564,177.731228,208835.101353,57.525508,208515.321885,95.420630,645.161780,-24.349248,647.370132,-144.198386,642.983507,59.966181,0.014989,1,0
13.333000,-62.282532,208276.567948,177.723086,208987.529792,57.629479,208774.268592,95.750257,641.274281,-24.330591,646.286781,-144.241377,647.111031,59.958379,-0.002226,1,0
13.367000,-62.338648,209047.124170,177.589888,207147.216415,57.593042,208507.304410,95.873266,641.574273,-24.356753,643.006601,-144.256056,643.626009,59.969491,-0.002856,1,0
13.400000,-62.426285,209510.441961,177.711550,208201.162186,57.688554,209722.350107,95.324010,644.266781,-24.405540,645.413194,-144.401976,654.519836,59.953637,0.000103,1,0
13.433000,-62.543987,207904.189358,177.658386,209123.143821,57.697232,208187.682419,95.277517,648.517350,-24.490907,644.458507,-144.308445,640.973182,59.971622,0.003268,1,0
13.467000,-62.162804,208471.008813,177.745346,208966.656906,57.747111,207768.420246,95.744578,640.883229,-24.647863,637.649360,-144.391411,649.811349,59.965438,0.001154,1,0
13.500000,-62.478457,208511.649078,177.629319,208857.724866,57.713041,206678.496060,95.452079,645.646091,-24.482112,642.832577,-144.286291,640.255076,59.968232,-0.003557,1,0
13.533000,-62.382776,208107.597296,177.707991,210295.317558,57.511507,207150.688908,96.058037,644.123613,-24.199104,640.742701,-144.715982,641.589788,59.976017,-0.012269,1,0
13.567000,-62.290988,208682.507577,177.615409,208362.863443,57.770818,207826.961941,96.012586,645.855592,-24.222921,643.648661,-144.398986,643.507226,59.966725,-0.002525,1,0
13.600000,-62.388117,208813.103209,177.678466,209009.403304,57.618115,210350.354116,95.905855,634.780632,-24.262818,644.522924,-144.082617,646.526121,59.969218,0.007712,1,0
13.633000,-62.468669,209030.614103,177.619606,209839.938646,57.759847,208928.578792,95.702787,641.503646,-24.293203,642.753946,-144.035126,636.747293,59.965772,0.007835,1,0
13.667000,-62.432573,208236.312340,177.735775,209384.382208,57.646743,207194.118006,95.771040,632.812167,-24.125157,643.042582,-144.220378,638.225786,59.964918,-0.002816,1,0
13.700000,-62.243583,207515.701808,177.520777,209939.053282,57.581515,208483.511503,95.957321,640.310001,-24.277966,635.674950,-144.419955,643.722498,59.968338,-0.010143,1,0
13.733000,-62.322256,208409.577760,177.430107,208577.557931,57.553651,208555.441900,95.809069,635.873845,-24.773703,640.849562,-144.478717,648.280064,59.968155,0.000576,1,0
13.767000,-62.280082,209571.547140,177.617274,208623.278862,57.599959,207609.835263,95.743445,642.619932,-24.459692,637.503240,-144.286150,639.534602,59.969696,-0.004371,1,0
13.800000,-62.391273,207118.856984,177.514113,209423.070853,57.575061,209124.778930,95.651387,650.405804,-24.253984,645.604685,-144.348650,646.940604,59.967077,0.008013,1,0
13.833000,-62.559101,209751.938894,177.506093,207588.055476,57.517063,208019.013153,95.284764,646.825819,-24.444744,640.701991,-144.518807,645.454214,59.963051,-0.003360,1,0
13.867000,-62.490872,208154.241633,177.622030,208163.992135,57.472111,210387.427152,95.283166,644.877232,-24.454352,640.004853,-144.654333,639.668031,59.955542,0.003183,1,0
13.900000,-62.424204,208793.743752,177.523337,209323.528008,57.577696,208133.925320,95.620853,636.018233,-24.324192,639.734003,-144.348734,644.640747,59.958368,0.001758,1,0
13.933000,-62.534980,210507.155472,177.612448,209951.068237,57.767172,209070.471513,95.437340,641.037539,-24.006923,638.087000,-144.196683,640.869767,59.961428,0.001796,1,0
13.967000,-62.261247,209442.736096,177.625195,208697.238289,57.813304,209730.555693,96.170140,635.543502,-24.533543,634.343942,-144.330056,641.074444,59.953679,0.009912,1,0
14.000000,-62.575272,210507.869068,177.587095,210750.786207,57.703449,210347.407042,95.499249,642.162343,-24.410212,643.978785,-144.269889,643.932207,59.951906,0.006951,1,0
14.033000,-62.246823,208271.228719,177.643006,209977.035824,57.633604,209740.550359,95.949292,643.366732,-24.441936,647.145470,-144.245182,646.227671,59.951170,-0.008168,1,0
14.067000,-62.506820,210103.764510,177.554367,209759.582915,57.530988,209964.966667,95.260550,638.710177,-24.775184,645.311648,-144.455614,639.683422,59.955259,0.010797,1,0
14.100000,-62.350050,209171.042573,177.592596,208403.454922,57.512635,210172.630614,95.631205,646.290884,-24.583703,631.867597,-144.027498,635.605241,59.946893,-0.008184,1,0
14.133000,-62.528758,210606.863768,177.500451,209187.180487,57.768967,211514.906830,95.472762,642.612428,-24.375798,648.555563,-144.292190,645.833336,59.957004,-0.004473,1,0
14.167000,-62.220343,211113.348201,177.671566,209638.336585,57.540564,210355.577600,95.650877,641.730942,-24.577389,641.271094,-144.587811,636.436704,59.949187,0.012379,1,0
14.200000,-62.598030,209568.104991,177.592685,208720.460266,57.421055,208943.606533,95.135120,631.693124,-24.395840,648.184305,-144.789055,639.635387,59.954501,-0.004842,1,0
14.233000,-62.637311,209296.612079,177.534916,208652.894811,57.602674,209042.290376,95.379258,638.907127,-24.650180,641.909353,-144.298465,638.297513,59.957890,-0.003212,1,0
14.267000,-62.421562,210208.049041,177.494396,209805.360062,57.533222,208963.478340,95.475406,647.991295,-24.484678,641.804370,-144.484345,648.984014,59.955203,-0.000846,1,0
14.300000,-62.378651,208560.152706,177.678931,208701.712565,57.572031,208134.516196,95.605091,645.144042,-24.334606,638.546632,-144.391311,641.496025,59.956162,-0.001263,1,0
14.333000,-62.427582,209346.797190,177.504499,208403.552467,57.584604,210438.537012,95.654784,646.711287,-24.492126,647.351771,-144.515288,645.547462,59.951779,-0.006240,1,0
14.367000,-62.478008,209631.977312,177.457510,209057.131542,57.548175,209843.328875,95.512141,645.795922,-24.454993,639.378989,-144.385576,641.435632,59.954639,0.002601,1,0
14.400000,-62.346370,208806.245387,177.473409,209890.116069,57.641815,209080.657539,95.560511,646.487707,-24.320493,637.769386,-144.376332,646.614946,59.954058,0.019224,1,0
14.433000,-62.472408,208212.280879,177.578522,209971.531392,57.698573,209816.231371,95.457021,651.652111,-24.340261,645.860903,-144.446358,652.843130,59.946233,0.010441,1,0
14.467000,-62.444367,210170.290033,177.584470,209779.450201,57.678327,208936.541767,95.311888,646.475771,-24.699803,652.917908,-144.757239,653.497379,59.947846,0.007374,1,0
14.500000,-62.468634,210402.812682,177.565530,208473.650662,57.689564,208918.432447,95.472861,655.250445,-24.644624,645.226480,-144.411863,650.400205,59.942132,-0.006594,1,0
14.533000,-62.580128,209440.723127,177.616967,210921.225623,57.702553,210411.543038,95.362455,648.231945,-24.456677,650.447179,-144.691887,652.595272,59.946707,0.010671,1,0
14.567000,-62.378829,209164.749292,177.609117,209494.470207,57.588854,211099.609433,95.552924,651.649073,-24.613335,653.984196,-144.730492,654.159338,59.948959,0.007571,1,0
14.600000,-62.461039,208581.211106,177.715844,209939.687939,57.590726,208002.915016,95.407475,649.284898,-24.432211,654.237122,-144.450582,650.228120,59.956384,-0.000078,1,0
14.633000,-62.501280,207397.329304,177.639459,208739.496285,57.676210,209194.579775,95.747182,647.291792,-24.452901,648.064036,-144.202869,649.267464,59.947821,0.002807,1,0
14.667000,-62.306199,208971.234535,177.595373,210041.238251,57.598150,209088.470561,95.815740,650.132806,-24.239442,649.052195,-144.400825,644.603887,59.948579,0.006733,1,0
14.700000,-62.493259,206295.855910,177.670715,209350.508260,57.531685,209195.993272,95.803199,649.570099,-24.341927,643.749395,-144.407912,640.991784,59.958980,-0.005460,1,0
14.733000,-62.266211,210040.011524,177.687156,208494.828911,57.441490,208193.696573,95.850825,645.583692,-24.202247,652.295766,-144.535769,647.500150,59.950208,-0.005258,1,0
14.767000,-62.769564,208418.550983,177.711098,209278.426394,57.357936,209983.703300,95.309482,655.969369,-24.393270,651.680301,-144.612441,651.736397,59.950300,0.000343,1,0
14.800000,-62.564165,209218.920394,177.563750,211014.522778,57.529210,208143.943292,95.329347,651.746198,-24.401182,651.588298,-144.489154,647.891096,59.954429,0.000248,1,0
14.833000,-62.584252,208314.162806,177.504283,208955.556972,57.350516,209483.290287,95.474468,648.356284,-24.470292,654.546792,-144.708337,651.598592,59.957030,0.004433,1,0
14.867000,-62.459400,210609.851620,177.479173,209663.162530,57.477709,209078.258369,95.635921,648.448842,-24.470718,653.870933,-144.368000,654.906931,59.959265,0.000799,1,0
14.900000,-62.408248,207964.030716,177.492739,209422.027041,57.633377,208624.757497,95.579893,656.554004,-24.706665,647.784706,-143.994360,655.597419,59.960221,-0.003832,1,0
14.933000,-62.438611,208638.781399,177.449865,208812.359193,57.501775,208713.116996,95.361816,651.859788,-24.864830,650.158102,-144.186873,655.506261,59.966694,0.005834,1,0
14.967000,-62.627869,209300.393869,177.570878,207715.003853,57.649242,208239.739803,95.134345,648.384373,-24.471502,659.124686,-144.189972,652.721819,59.964071,-0.000088,1,0
15.000000,-62.446779,209587.504858,177.522077,209447.360960,57.519411,208779.310699,95.492099,644.049526,-24.312491,647.075999,-144.481487,647.265521,59.958213,0.004696,1,0
15.033000,-62.484756,208513.720965,177.587540,208805.356543,57.597648,208485.538784,95.376031,650.159680,-24.260562,643.079567,-144.443602,653.908399,59.959390,-0.009078,1,0
15.067000,-62.481896,208393.119896,177.510249,208141.455462,57.293685,208951.493170,95.731354,642.799858,-24.520072,642.376988,-144.811543,648.094354,59.970041,-0.005053,1,0
15.100000,-62.547982,208402.504258,177.361653,210408.933425,57.403415,210364.260379,95.175661,646.354844,-24.689060,638.435860,-144.379172,642.360854,59.964921,0.002797,1,0
15.133000,-62.610685,208709.940725,177.484176,209513.961136,57.272796,209184.502568,95.111482,650.323515,-24.702559,646.317540,-144.547541,648.488796,59.964232,0.000232,1,0
15.167000,-62.559520,209362.585779,177.381914,209201.329314,57.387895,210243.063015,95.666074,641.707671,-24.746371,651.924700,-144.434548,647.509492,59.962655,0.002156,1,0
15.200000,-62.626287,210434.717088,177.430914,209615.072407,57.391817,208494.191913,95.361052,636.954933,-24.507744,647.427268,-144.732071,650.042110,59.954579,0.018051,1,0
15.233000,-62.576639,209549.858993,177.401041,208769.441423,57.220380,211615.029487,95.652492,653.432927,-24.602291,644.880824,-144.515105,647.859139,59.958745,-0.003045,1,0
15.267000,-62.608040,209423.035192,177.242222,209239.049722,57.361933,208270.812947,95.368067,647.973586,-24.837040,646.852456,-144.841700,647.494420,59.968605,0.000308,1,0
15.300000,-62.520926,209258.953358,177.272672,210571.498419,57.294084,209194.805912,95.674310,647.950820,-24.665005,643.011575,-144.393711,647.549755,59.962723,0.000533,1,0
15.333000,-62.578393,208057.962724,177.314032,210281.243868,57.391587,207705.861582,95.609245,653.356166,-24.829811,649.812591,-144.534249,649.702153,59.962726,-0.012344,1,0
15.367000,-62.596133,209362.249547,177.396080,208257.587683,57.272789,209827.121608,95.477084,648.555421,-24.823913,649.310505,-144.478440,646.614812,59.969766,0.001745,1,0
15.400000,-62.571539,209302.779287,177.243861,208896.123298,57.415314,210415.342041,95.795219,651.147679,-24.393504,648.002198,-144.821962,651.609557,59.961441,-0.008253,1,0
15.433000,-62.748107,208185.506957,177.378752,209134.267816,57.428616,209952.307484,95.417602,647.194377,-24.380225,643.867986,-144.365125,646.554447,59.965547,-0.003394,1,0
15.467000,-62.565875,209750.806883,177.349689,209378.943776,57.261369,208317.700437,95.600810,651.528538,-24.477872,650.434138,-144.641815,649.292140,59.969017,0.003118,1,0
15.500000,-62.588761,207924.992653,177.361161,209761.113107,57.616417,208849.380094,95.375226,649.876208,-24.565883,646.698117,-144.623139,649.187974,59.972546,0.003609,1,0
15.533000,-62.553220,209924.100236,177.310744,209714.378855,57.371217,210305.487829,95.832988,650.975234,-24.905830,650.099273,-144.335244,639.915317,59.958571,0.006395,1,0
15.567000,-62.554207,209146.833533,177.304002,209313.868513,57.244838,207404.954196,95.605802,651.976553,-24.882697,655.692001,-144.770806,650.817044,59.971911,-0.001722,1,0
15.600000,-62.792556,210254.395042,177.439521,208632.867726,57.241097,210364.239673,95.361539,645.466987,-24.550183,642.618016,-144.468175,648.349392,59.976921,0.006652,1,0
15.633000,-62.633271,208244.457909,177.460503,209798.591054,57.167371,208789.693461,95.591032,647.308969,-24.125103,646.105500,-144.611286,647.618716,59.963426,0.000996,1,0
15.667000,-62.607207,210102.886906,177.192276,208753.902304,57.320579,210127.373790,95.301013,647.640426,-25.033803,646.533567,-144.611538,644.450734,59.973063,0.010174,1,0
15.700000,-62.477275,209524.797187,177.318908,208709.470237,57.302728,209748.627852,95.264193,647.702064,-24.665797,642.423078,-144.919628,636.438703,59.964455,0.001197,1,0
15.733000,-62.566149,208557.251052,177.455498,209986.810280,57.329855,208683.491407,95.572445,646.136937,-24.552490,645.379113,-144.708762,643.362002,59.973939,-0.001534,1,0
15.767000,-62.658407,208697.990047,177.319784,210933.671781,57.269809,209056.307577,95.480431,640.818992,-24.853709,636.159793,-144.412506,643.734039,59.964224,0.005571,1,0
15.800000,-62.574353,210957.807108,177.296948,208568.190754,57.534121,209838.767685,95.639755,650.283026,-24.698298,642.206937,-144.271145,640.402467,59.972055,0.003439,1,0
15.833000,-62.618735,209531.431747,177.346850,208697.462986,57.382859,208609.352865,95.556400,642.352816,-24.736701,648.505791,-144.405021,646.298969,59.973201,0.007985,1,0
15.867000,-62.523306,209012.413492,177.549580,208194.006782,57.413230,207582.829156,95.236360,644.950230,-24.356848,648.084145,-144.824833,646.689781,59.959663,0.001464,1,0
15.900000,-62.529901,209166.853029,177.441158,209438.249006,57.386460,211707.832485,95.171617,650.158960,-24.505992,646.053678,-144.889997,648.945506,59.971262,-0.007835,1,0
15.933000,-62.598292,210281.445877,177.555768,209229.884369,57.328232,208409.088248,95.421820,641.003529,-24.525512,652.848667,-144.708218,647.718709,59.969759,0.002390,1,0
15.967000,-62.671811,209080.042905,177.497429,210937.329227,57.388420,209435.834811,95.666373,645.156867,-24.363268,654.175224,-144.648043,653.304432,59.976820,0.002637,1,0
16.000000,-62.615947,207852.528513,177.540058,208077.604035,57.351729,210774.422006,95.536807,654.266925,-24.670035,646.644481,-144.659432,646.444205,59.982708,0.004210,1,0
16.033000,-62.484041,207040.102750,177.306069,209393.571847,57.499835,208816.188554,95.575819,645.153200,-24.807665,640.479098,-144.440976,652.495130,59.980724,0.006876,1,0
16.067000,-62.468803,210916.926906,177.434216,209833.755953,57.476755,209070.254858,95.612104,644.947984,-24.820514,642.674848,-144.367304,649.778703,59.981522,-0.001258,1,0
16.100000,-62.617938,208663.874933,177.335807,209516.818831,57.372247,208460.685649,95.690592,642.243156,-24.654251,648.790540,-144.790801,643.787191,59.970720,-0.001989,1,0
16.133000,-62.551560,209540.348268,177.419619,209052.321104,57.282489,210472.735440,95.313360,641.160438,-24.385612,644.644577,-144.844836,651.891626,59.974537,0.006238,1,0
16.167000,-62.648002,210213.789228,177.378305,209705.162831,57.292292,208397.056944,95.139361,651.646386,-24.821610,649.746886,-144.663348,643.460702,59.986501,-0.004454,1,0
16.200000,-62.733613,209676.575357,177.543792,209045.440345,57.286352,209556.163726,94.988090,641.700865,-24.333689,646.006110,-144.719320,643.217381,59.987743,0.008472,1,0
16.233000,-62.567640,207579.931083,177.325365,210022.998000,57.520125,209484.826105,95.257284,657.141607,-24.675576,633.573481,-144.769802,641.325310,59.980084,-0.002659,1,0
16.267000,-62.642870,209198.338889,177.444578,207598.542314,57.281930,209784.248480,95.331135,646.876981,-24.730494,645.424866,-144.879131,643.764173,59.988675,0.005795,1,0
16.300000,-62.477593,208045.124325,177.522070,208450.366079,57.520819,208252.726561,95.430349,644.476815,-24.486820,648.686698,-144.704991,641.789462,59.986495,0.000351,1,0
16.333000,-62.500474,208303.869179,177.426572,206158.325509,57.355122,207574.216777,95.819213,647.221286,-24.825409,641.747019,-144.203061,647.844832,59.982661,0.008868,1,0
16.367000,-62.603537,210223.455504,177.249465,209150.409004,57.445305,207841.345278,95.137959,642.289634,-24.813047,641.221889,-144.981000,641.537608,59.986221,0.001542,1,0
16.400000,-62.847335,208281.109259,177.241888,207092.156790,57.322451,207264.287773,95.637477,648.913583,-24.749416,649.411278,-144.567125,648.965317,59.987999,-0.007096,1,0
16.433000,-62.631260,207797.014038,177.461326,207735.014398,57.550229,210417.036208,95.093184,647.929781,-24.497005,646.345530,-144.597278,649.939398,59.985143,-0.004294,1,0
16.467000,-62.464428,208203.732978,177.338243,207629.064247,57.388047,208727.281485,95.293659,647.465992,-24.638940,646.851231,-144.322912,645.318556,59.988192,-0.011674,1,0
16.500000,-62.625101,208011.163806,177.277553,208209.108888,57.452752,207743.727293,95.415226,650.355004,-24.824411,652.160050,-144.705165,654.494341,59.984990,0.004971,1,0
16.533000,-62.507520,208917.342358,177.474897,208302.645666,57.407663,209505.274208,95.253312,655.187427,-24.358423,654.449269,-144.266073,646.756044,59.982996,-0.004786,1,0
16.567000,-62.548806,209197.084666,177.532814,208283.591698,57.420434,208355.955311,95.287456,651.612745,-24.716519,651.260814,-144.847501,642.653516,59.987714,0.010242,1,0
16.600000,-62.708920,206703.434483,177.434978,208733.404225,57.402750,209523.294836,95.280951,644.312170,-24.669798,645.469035,-144.444065,643.743023,59.981444,0.009048,1,0
16.633000,-62.365910,208057.864064,177.537992,209376.719932,57.430817,208070.569650,95.832709,646.488402,-24.642200,638.035977,-144.297962,648.966036,59.983465,-0.006800,1,0
16.667000,-62.520299,206382.520489,177.599947,207922.134924,57.757621,207732.465297,95.429951,649.209879,-24.373432,644.888470,-144.251381,643.258080,59.980830,-0.005717,1,0
16.700000,-62.273744,208588.510211,177.398532,208851.073338,57.318321,206702.708474,95.366006,643.054112,-24.555903,647.531351,-144.544878,641.549567,59.979978,0.006946,1,0
16.733000,-62.650243,206539.223649,177.495377,205802.290801,57.464576,207714.207902,95.419328,647.397534,-24.591209,645.710793,-144.582851,643.515613,59.978862,-0.001011,1,0
16.767000,-62.586754,207583.257552,177.488086,207295.088976,57.559713,207971.977412,95.180233,641.179886,-24.507291,643.598448,-144.536398,645.852393,59.979494,-0.001153,1,0
16.800000,-62.556524,207370.102767,177.499601,207291.456836,57.558204,207375.327789,95.175384,637.181395,-24.225828,645.140742,-143.988319,644.464199,59.984566,0.000952,1,0
16.833000,-62.589481,207652.509279,177.426454,207528.048507,57.455281,208065.911960,95.564012,648.036016,-24.449907,647.626642,-144.753676,638.140965,59.976659,-0.011319,1,0
16.867000,-62.373504,206598.047839,177.464189,208691.499386,57.459593,209922.953735,95.477313,644.395860,-24.497200,646.890541,-144.789755,643.567927,59.976644,-0.000173,1,0
16.900000,-62.517146,210533.592386,177.518934,208583.476391,57.473653,207976.130592,95.427386,642.302384,-24.370150,641.458280,-144.824000,647.195170,59.973586,-0.000413,1,0
16.933000,-62.626608,207959.147850,177.369685,207994.861330,57.678640,208418.938594,95.444915,644.579564,-24.925128,650.535885,-144.787703,649.140521,59.967627,-0.003394,1,0
16.967000,-62.641296,208849.983548,177.540001,206520.862151,57.703437,207508.274859,95.260880,651.058987,-24.372752,648.827079,-144.124558,647.388809,59.970762,0.002217,1,0
17.000000,-62.499906,208908.169480,177.276860,207051.743663,57.472002,209222.837231,95.476593,651.113546,-24.765432,643.965888,-144.625663,652.830676,59.977810,-0.013743,1,0
17.033000,-62.653193,207774.004438,177.520473,208074.437462,57.513248,209025.748096,95.627013,650.484144,-24.618153,646.669064,-144.867434,646.556737,59.973975,0.009450,1,0
17.067000,-62.634970,207558.937582,177.430788,206427.750109,57.540432,208207.383298,95.345412,653.028593,-24.638433,651.009278,-144.784320,648.920112,59.972321,0.000170,1,0
17.100000,-62.587581,206610.591141,177.560433,209040.965432,57.621820,208646.484108,95.229997,646.603785,-24.609593,650.364458,-144.383591,655.480037,59.968931,-0.004942,1,0
17.133000,-62.363523,208005.195050,177.641331,207838.048420,57.429559,205036.524823,95.612481,651.443554,-24.437573,646.760461,-144.471562,646.753668,59.970829,-0.002338,1,0
17.167000,-62.652058,205801.553613,177.596000,207625.987830,57.375932,207856.148698,95.473541,645.161745,-24.277389,658.124576,-144.652773,648.344867,59.974018,0.003894,1,0
17.200000,-62.541465,207486.319688,177.413740,208230.845662,57.562847,208207.799638,95.455908,647.151189,-24.533714,646.672468,-144.273557,649.336477,59.974166,0.006194,1,0
17.233000,-62.510925,207058.071014,177.559640,208693.190442,57.415249,206846.873986,95.506254,648.023996,-24.447313,649.379593,-144.805762,649.583240,59.972580,-0.010974,1,0
17.267000,-62.428860,208242.586561,177.452111,207273.690280,57.543172,207260.963259,95.634848,643.315667,-24.702858,648.992878,-144.314902,647.855810,59.972156,-0.010607,1,0
17.300000,-62.712386,208009.379393,177.452570,207367.641252,57.541164,208337.078075,94.988829,647.436300,-24.335435,646.401047,-144.500521,648.248789,59.975167,-0.000357,1,0
17.333000,-62.545967,207513.661287,177.455792,208596.185337,57.304661,208763.274149,95.615525,645.799202,-24.643274,645.430084,-144.953040,648.705469,59.976076,0.000711,1,0
17.367000,-62.615663,208783.616178,177.314476,206573.275531,57.429943,208129.788180,95.167245,649.870801,-24.939784,647.388927,-144.324269,647.466883,59.977400,-0.007454,1,0
17.400000,-62.495297,209160.907779,177.295061,209204.711709,57.346652,208878.719622,95.609778,650.582097,-24.829431,648.438415,-144.156753,645.826764,59.969064,-0.005406,1,0
17.433000,-62.864305,207894.638276,177.386548,207853.427697,57.290956,208889.952128,95.079137,649.519596,-24.586852,656.586520,-144.286232,644.210277,59.978802,0.001006,1,0
17.467000,-62.665808,207601.854389,177.393670,208923.700178,57.369606,208158.360588,95.243246,653.517401,-24.694509,649.602559,-144.476634,652.872093,59.968033,-0.000329,1,0
17.500000,-62.629607,208229.817271,177.577764,208356.306778,57.400227,207432.555747,95.609041,645.081936,-24.144402,648.701122,-144.316172,647.844338,59.977403,0.002631,1,0
17.533000,-62.837792,207555.652434,177.297836,208691.737272,57.358783,208570.097825,95.189354,650.274135,-24.486731,651.316311,-144.627135,650.658618,59.975850,0.010599,1,0
17.567000,-62.633175,208679.082310,177.438557,207627.364051,57.366011,208581.123170,95.233995,648.780401,-24.319433,654.647355,-144.954692,655.184302,59.974967,0.000297,1,0
17.600000,-62.616397,208264.256855,177.358306,207894.272448,57.443417,207924.077771,95.305926,650.526734,-24.495638,642.451200,-144.407323,652.670308,59.978545,-0.003449,1,0
17.633000,-62.789061,206638.512672,177.314438,208892.765843,57.187034,208463.980663,95.172774,649.494754,-24.778875,650.816757,-144.486870,650.639397,59.972923,0.009104,1,0
17.667000,-62.698695,208959.866317,177.207433,207735.228613,57.380301,209834.792949,95.049171,654.120180,-25.039613,649.622475,-144.413248,653.543432,59.973468,-0.005936,1,0
17.700000,-62.753266,208052.709707,177.324301,208672.582894,57.407130,211060.689879,95.191227,647.607055,-24.447379,650.086760,-144.360837,650.528286,59.971396,-0.018208,1,0
17.733000,-62.631037,209894.623116,177.366137,209199.318576,57.342658,208060.867317,95.008297,655.207143,-24.615238,647.373262,-144.778063,650.148879,59.964264,0.007068,1,0
17.767000,-62.586532,208947.965360,177.256809,210377.303794,57.333464,206970.936077,95.335052,649.883587,-24.816755,649.357207,-144.488467,652.185961,59.971591,-0.002173,1,0
17.800000,-62.588864,209773.840737,177.251433,209276.768943,57.489595,209473.679789,95.554278,650.489198,-24.801290,657.549397,-144.398490,644.694466,59.968832,0.001410,1,0
17.833000,-62.765023,210044.860193,177.462720,208782.194918,57.397537,209812.465287,95.135781,654.189007,-24.548975,656.014292,-144.495082,647.513960,59.976355,-0.005533,1,0
17.867000,-62.706113,207724.219380,177.227953,207449.140749,57.407800,209312.183040,95.278657,653.685676,-24.753501,653.222164,-144.424743,658.257952,59.967080,0.002637,1,0
17.900000,-62.712948,208274.929921,177.579107,209386.775965,57.430577,209780.134634,95.260377,650.145207,-24.346580,661.422443,-144.852541,661.574499,59.977065,0.010351,1,0
17.933000,-62.686566,208560.185439,177.219218,209026.494852,57.428769,208775.303233,94.971142,648.347567,-24.733581,652.340896,-144.779323,647.005799,59.976060,0.007037,1,0
17.967000,-62.683817,208973.087614,177.594433,208324.533708,57.451451,209381.751830,95.367581,653.560082,-24.531545,648.173104,-144.457999,648.706208,59.977813,-0.003408,1,0
18.000000,-62.629529,208500.586639,177.345494,209541.957656,57.483113,207754.158873,95.621406,653.090833,-24.725394,657.997350,-144.643162,656.307151,59.972663,0.006755,1,0
18.033000,-62.508568,210302.655767,177.427067,207112.918462,57.461385,208233.749970,95.685538,651.515367,-24.841373,658.137845,-144.781172,655.716497,59.972452,0.007506,1,0
18.067000,-62.513675,208682.793474,177.238443,208314.685746,57.369810,209356.401693,95.616855,655.012183,-24.778588,663.406834,-144.763577,655.538856,59.975457,-0.002838,1,0
18.100000,-62.699073,209125.353944,177.301932,208848.171068,57.365319,208560.970777,95.390599,660.981578,-24.773719,660.333479,-144.643963,660.143189,59.968628,-0.005958,1,0
18.133000,-62.642782,209566.886443,177.297725,208849.745503,57.418423,209942.688637,95.236810,659.571316,-24.724725,659.357119,-144.681852,650.680910,59.970828,0.008288,1,0
18.167000,-62.593596,207927.276666,177.556275,209029.696558,57.407564,208532.301127,95.430469,650.932246,-24.507810,651.349156,-144.763885,657.078553,59.975811,0.007762,1,0
18.200000,-62.733685,207939.155846,177.348372,209754.256568,57.445976,207667.206067,95.349966,649.764817,-25.055656,659.106139,-144.290964,653.622918,59.971264,0.017573,1,0
18.233000,-62.673608,208337.108030,177.256648,208618.589137,57.265262,208746.218622,95.544181,651.792758,-24.565501,658.851623,-144.462801,661.127551,59.976809,-0.001112,1,0
18.267000,-62.615338,210265.194985,177.466029,207033.057274,57.469027,207816.602285,95.725381,651.645838,-24.615018,650.193328,-144.934017,651.416575,59.975376,0.004892,1,0
18.300000,-62.659428,208948.304411,177.268760,209836.993140,57.608117,208723.977305,95.069287,659.520618,-24.786173,648.662758,-144.701305,656.044546,59.970428,-0.002485,1,0
18.333000,-62.635093,208576.000570,177.382459,209596.936335,57.375731,207160.636903,95.601580,658.835545,-24.510656,656.151563,-144.648449,658.013927,59.974635,0.003818,1,0
18.367000,-62.474424,208467.202272,177.493502,209061.401582,57.504235,209110.977504,95.437299,659.399841,-24.610183,662.146616,-144.334949,653.878925,59.965540,-0.013382,1,0
18.400000,-62.594254,208693.842221,177.654394,209382.640401,57.309482,208554.456224,95.322215,662.102368,-24.283360,651.327811,-144.596248,654.833890,59.973525,0.002430,1,0
18.433000,-62.461633,209547.100022,177.351997,208301.524667,57.466760,210007.897726,95.755889,660.896023,-24.727287,654.567122,-144.489678,661.120903,59.974838,0.000631,1,0
18.467000,-62.719842,209265.662392,177.369810,206729.020677,57.460046,208338.207381,95.122406,656.903084,-24.281885,656.968279,-144.520754,654.232178,59.972407,0.003783,1,0
18.500000,-62.484895,207725.131607,177.525182,210035.498909,57.333264,209237.097284,95.416435,658.736238,-24.400172,658.874268,-144.571558,661.953910,59.973413,-0.004118,1,0
18.533000,-62.602298,207967.879319,177.454836,210614.730481,57.642305,209487.012370,95.075504,663.345886,-24.283178,660.350795,-144.630153,660.125709,59.972735,0.005934,1,0
18.567000,-62.654185,209327.629158,177.372437,209142.642297,57.421883,210258.939979,95.502221,665.389230,-24.796279,657.056837,-144.460340,664.589031,59.970571,0.000690,1,0
18.600000,-62.617919,208439.951683,177.614246,210058.186364,57.512806,207293.821138,95.622007,664.117020,-24.036075,658.156658,-144.689534,653.368226,59.977731,-0.001069,1,0
18.633000,-62.573900,207112.423083,177.396866,207213.648076,57.365338,208901.249476,95.575930,662.752239,-24.716918,658.329131,-144.738260,655.730220,59.964747,-0.002077,1,0
18.667000,-62.561888,209751.118397,177.328746,208437.109261,57.484307,210219.476676,95.032409,659.513302,-24.381805,649.924191,-144.422659,652.480652,59.970868,0.002687,1,0
18.700000,-62.647238,208661.828534,177.481848,209429.442070,57.302935,208791.357149,95.174088,658.085193,-24.295075,658.825779,-144.480204,661.406607,59.968951,-0.004565,1,0
18.733000,-62.570868,209353.587541,177.423664,208417.726891,57.256022,209484.817505,95.526896,659.676263,-24.765258,660.216011,-144.758769,660.022856,59.976695,-0.003330,1,0
18.767000,-62.701336,208451.448775,177.270171,208240.368455,57.448014,210528.353295,95.311738,663.952558,-24.381301,657.131459,-144.712477,662.877619,59.973268,0.003157,1,0
18.800000,-62.827618,208576.717266,177.561325,209718.022105,57.278250,210051.969912,95.118518,666.756527,-24.330102,658.531391,-144.582954,662.629562,59.977074,-0.004827,1,0
18.833000,-62.710324,210062.660819,177.300803,208810.656267,57.297444,207982.165588,95.548204,661.668763,-24.542837,662.352893,-144.675022,663.500161,59.967614,0.008685,1,0
18.867000,-62.844416,208643.113130,177.250818,208786.225231,57.291595,209939.074235,95.315490,665.342957,-24.555792,661.858880,-144.894413,658.881382,59.965901,-0.011973,1,0
18.900000,-62.547644,207687.574409,177.154726,208185.198863,57.158771,206615.853925,95.719225,663.717718,-24.947066,660.743472,-144.791893,662.593691,59.970780,0.003149,1,0
18.933000,-62.600943,207652.182124,177.241103,208510.622980,57.159860,208526.092788,95.198808,660.485292,-24.569563,663.523793,-144.829005,667.336469,59.970597,-0.009551,1,0
18.967000,-62.901333,209394.489083,177.302581,207845.587791,57.198235,208367.419737,95.215609,657.650142,-24.556560,664.859039,-144.880174,665.137255,59.963176,0.002477,1,0
19.000000,-62.814857,209203.270298,177.224447,209198.437698,57.156367,209227.625323,94.996618,660.826817,-24.665880,662.682311,-145.002221,666.558158,59.967353,-0.012065,1,0
19.033000,-62.625715,209155.707393,177.339535,208370.743927,57.121748,208492.976008,95.607870,665.621627,-24.829469,665.584420,-144.903757,670.738250,59.972687,0.004185,1,0
19.067000,-62.746503,208705.671019,177.208284,208224.487547,57.239242,208087.649299,95.129453,664.157912,-24.749417,666.375785,-145.213335,665.132448,59.968256,-0.001690,1,0
19.100000,-62.746500,207462.072165,177.232195,207975.292199,56.932567,209551.163287,95.313846,662.021207,-24.695332,666.500193,-145.151692,662.943791,59.974577,-0.007307,1,0
19.133000,-62.823182,209308.347284,177.229429,208460.856366,57.160268,210428.141944,95.216999,666.093971,-24.551515,668.231259,-144.744340,669.603083,59.968251,0.000227,1,0
19.167000,-62.980171,208590.187793,176.994774,208347.705478,57.225971,208473.078206,95.096425,666.511871,-24.932947,665.929937,-144.961732,660.526828,59.960601,-0.012207,1,0
19.200000,-62.857572,208049.453062,177.126311,208516.088067,57.253568,208947.530354,95.204329,671.813265,-24.929439,664.642380,-144.837358,669.370180,59.956722,-0.017581,1,0
19.233000,-62.940211,208142.042535,177.012075,209514.396984,57.142851,209375.230561,94.881744,668.588789,-24.863035,664.250895,-144.753223,667.109573,59.965482,0.005298,1,0
19.267000,-62.762678,209604.966615,177.193825,208108.785671,57.132225,210724.632520,95.421219,671.544411,-24.952064,667.144894,-144.697386,662.344877,59.956187,-0.016871,1,0
19.300000,-62.885907,208357.760982,177.145173,207534.109764,57.027535,209587.965744,95.361205,666.686000,-24.902940,670.772148,-145.155742,666.949244,59.959565,0.010712,1,0
19.333000,-62.852708,207631.070266,177.256658,211030.727277,57.163841,208946.285536,95.468256,675.925265,-24.822421,672.150725,-144.854272,668.412964,59.962551,0.004911,1,0
19.367000,-62.889171,209275.596678,177.313856,207350.640609,57.231144,211230.507995,95.275366,665.769260,-24.607223,666.497896,-144.832008,673.214387,59.963766,-0.005471,1,0
19.400000,-62.783501,208158.968283,177.102233,210015.526221,57.379023,210437.374004,95.298830,665.310650,-24.989690,663.479297,-144.780370,660.961641,59.960563,-0.001904,1,0
19.433000,-62.728380,207212.395959,177.225716,208530.631028,57.132089,209594.536948,95.325768,670.079408,-24.731723,675.538329,-144.872457,669.129581,59.960625,-0.001992,1,0
19.467000,-62.854319,208073.957240,177.067235,208894.007500,57.175644,208020.742147,95.153044,674.707900,-24.973167,669.201049,-144.730144,667.876786,59.966608,0.001095,1,0
19.500000,-62.677392,208346.064173,177.228136,208314.501373,57.275843,207549.048117,95.392281,668.874829,-25.029757,668.227303,-144.971584,671.859204,59.956738,0.002554,1,0
19.533000,-62.918995,207132.248910,177.121877,208449.992457,57.174074,208065.490190,95.309318,678.598713,-24.310631,669.864940,-145.109330,671.649271,59.959889,0.002944,1,0
19.567000,-62.926284,208866.267125,177.293898,208454.939240,57.239859,209209.136862,95.139738,674.623543,-24.806638,675.099558,-144.644479,670.414257,59.964039,0.001830,1,0
19.600000,-62.816563,209282.177041,177.172893,208683.964036,57.212316,208679.941486,94.904721,670.403653,-24.709933,674.247191,-144.912255,668.371435,59.960571,-0.003127,1,0
19.633000,-62.867792,209662.342912,177.340400,209598.120600,57.364543,208647.771255,94.700476,666.984705,-24.537712,671.894927,-144.521006,665.006415,59.968070,-0.001361,1,0
19.667000,-62.881141,208833.617181,177.128778,207656.738781,57.159163,209719.193421,95.021599,672.422657,-24.750240,672.550684,-144.798080,672.404117,59.968104,-0.001707,1,0
19.700000,-62.838246,206876.760288,177.156217,209310.404345,57.064521,208512.508762,95.251794,677.455095,-24.705745,673.341238,-145.262512,669.878731,59.957654,0.002745,1,0
19.733000,-62.759624,207654.071881,177.261046,208203.131893,57.146785,209671.848964,95.071265,669.889089,-25.012039,670.327675,-144.849658,668.867539,59.964589,0.006045,1,0
19.767000,-62.703581,209768.700972,177.353497,207645.696853,57.304885,209847.691164,95.039399,667.370979,-24.759276,675.295725,-144.769031,673.050954,59.964938,-0.008098,1,0
19.800000,-62.656762,208496.923319,177.221344,208175.420073,57.115388,208076.851770,95.190851,675.293710,-24.899610,678.591156,-144.738591,672.267794,59.964958,-0.002905,1,0
19.833000,-62.897430,208397.638770,177.098235,209024.520616,57.208659,208718.041774,95.311105,673.828237,-24.671723,671.191923,-145.084354,668.475528,59.969822,0.005545,1,0
19.867000,-62.749273,206889.932626,177.243006,207990.949277,57.013609,206952.391291,95.318093,669.366258,-24.721661,678.199663,-145.315042,674.917834,59.966267,-0.008672,1,0
19.900000,-62.835981,208129.752264,177.216397,209172.165723,57.199748,206401.425871,95.158158,665.506946,-24.756596,667.278164,-144.509455,665.712057,59.957336,0.013260,1,0
19.933000,-62.910701,209212.376308,176.945954,208093.800924,57.324887,209514.061126,95.082501,666.099742,-25.007372,667.122396,-144.535273,669.331029,59.958598,0.001884,1,0
19.967000,-62.841144,209035.656173,177.108661,207714.995704,57.175232,208746.487072,94.926302,669.313917,-24.946327,664.012287,-145.031632,658.529360,59.953970,0.004668,1,0
20.000000,-62.945188,208476.830191,177.190912,209083.666646,57.241219,208540.494384,95.003020,664.317658,-24.840036,665.177618,-144.634189,662.338187,59.967328,0.003556,1,0
20.033000,-62.814727,212094.145903,177.237445,208447.519566,57.289774,208696.026102,95.308952,662.988201,-24.632750,660.317540,-144.917308,654.923132,59.961528,0.006818,1,0
20.067000,-62.716297,208076.446700,177.270930,209571.303938,56.994916,208064.465817,95.240820,667.690253,-24.746391,664.097587,-144.963312,661.859415,59.960832,0.009570,1,0
20.100000,-62.615761,207142.979229,177.199914,210426.152093,57.045068,207510.706634,95.243830,664.558382,-24.755702,666.961567,-145.133942,665.436867,59.962036,0.009789,1,0
20.133000,-62.649269,208661.304240,177.218488,210201.102296,57.089023,209740.076206,94.934840,663.998632,-24.581001,665.652164,-144.819054,666.522766,59.954125,-0.004029,1,0
20.167000,-62.745818,208537.277903,177.244165,208673.785575,57.148935,207986.813226,94.900143,665.556998,-24.940607,664.871893,-145.052930,663.463271,59.965837,0.002097,1,0
20.200000,-62.576854,207944.462946,177.437075,209742.206028,57.262476,208160.439394,95.238829,665.324847,-24.677470,667.578198,-144.525855,668.097836,59.954385,-0.008927,1,0
20.233000,-62.855243,208504.804665,177.437223,207230.371157,57.317445,209147.913038,95.406802,665.796195,-24.717933,668.034728,-144.476682,665.671730,59.959936,-0.008928,1,0
20.267000,-62.573432,208565.141810,177.237162,209389.512521,57.189310,207687.838533,95.243294,673.617034,-25.046876,668.639842,-145.022914,667.932061,59.956387,0.002316,1,0
20.300000,-62.680945,208568.220251,177.411021,208941.561441,57.070792,206348.047061,95.432943,672.549324,-24.798126,678.483454,-144.936740,667.672932,59.958276,-0.005908,1,0
20.333000,-62.648986,206217.320483,177.312251,207246.718591,57.360840,207950.273308,95.703107,667.595644,-24.762021,674.180579,-144.801501,674.600472,59.963660,-0.020027,1,0
20.367000,-62.762044,206190.435372,177.377657,206121.646476,57.493657,207619.139669,94.978350,670.760058,-24.550873,670.348568,-144.516224,670.929331,59.964506,-0.004479,1,0
20.400000,-62.785581,207216.478082,177.393100,207978.145787,57.290465,206869.059841,95.186873,674.172949,-24.647074,665.319273,-144.898300,671.729048,59.966665,0.009209,1,0
20.433000,-62.753264,207606.459355,177.306256,206575.477927,57.135574,207699.064991,95.251297,669.894015,-24.722332,674.363138,-145.039288,670.158866,59.966427,0.004529,1,0
20.467000,-62.701938,206953.462651,177.219211,206406.771154,57.261763,208859.495568,95.290822,669.776351,-24.643972,671.482012,-144.713709,671.944999,59.961902,0.000676,1,0
20.500000,-62.743165,206254.986174,177.285593,207416.033539,57.510915,208573.931269,95.447513,665.935995,-24.573366,665.159098,-144.210145,675.116745,59.952378,-0.001679,1,0
20.533000,-62.722242,208046.853975,177.376322,207256.160533,57.187458,206997.173166,95.363220,669.391884,-24.734077,671.462872,-144.924804,670.989872,59.954548,0.010544,1,0
20.567000,-62.575487,208404.574146,177.325582,208631.328067,57.388332,207667.132101,95.240792,674.037590,-24.789738,670.878291,-144.407744,665.678620,59.958850,0.013595,1,0
20.600000,-62.657348,206616.634183,177.217380,206807.497292,57.228944,205815.393231,95.573324,668.690924,-25.292556,669.581763,-144.866957,678.303877,59.953635,0.001663,1,0
20.633000,-62.563500,208030.877969,177.311140,206392.145848,57.456540,205591.628302,95.977850,666.042235,-24.401522,674.437376,-144.677636,676.580077,59.949292,-0.004764,1,0
20.667000,-62.584465,206946.613561,177.321880,207680.080540,57.412669,207283.268195,95.545788,672.918912,-24.662550,677.823112,-144.813000,676.735480,59.957194,-0.006612,1,0
20.700000,-62.568242,205891.280025,177.593845,209098.772813,57.352728,206611.785468,95.501698,664.466766,-24.552816,666.988222,-144.391524,662.610843,59.955031,-0.007929,1,0
20.733000,-62.697246,208048.643275,177.358319,207832.977645,57.483008,206232.895513,95.385544,669.860660,-24.706224,672.029674,-144.569811,671.454320,59.957037,0.002046,1,0
20.767000,-62.683138,205589.209570,177.271901,207147.832111,57.400941,206619.749093,95.072416,668.917210,-25.025139,670.777668,-144.777703,676.081422,59.956485,0.002785,1,0
20.800000,-62.754248,206410.852043,177.408239,207636.386660,57.193393,208822.808067,95.029827,671.092812,-24.534409,671.781244,-144.758313,672.103647,59.950428,-0.008591,1,0
20.833000,-62.835215,206956.483374,177.446283,207774.860392,57.327840,205890.590566,95.260475,670.891179,-24.630423,663.252716,-144.820570,672.031748,59.947234,-0.006078,1,0
20.867000,-62.652035,205665.276681,177.318067,207233.787186,57.445863,208201.534590,95.242624,671.374197,-24.933275,673.001067,-144.349248,676.174469,59.958221,0.004490,1,0
20.900000,-62.691054,207367.791862,177.296977,207113.184849,57.494162,206009.806908,95.582460,672.088135,-24.451605,680.636995,-144.660221,671.160034,59.957024,-0.003493,1,0
20.933000,-62.472093,206249.695799,177.528236,207841.030366,57.334726,208520.669075,95.492625,671.436056,-24.511014,671.475735,-144.892743,674.345387,59.953546,0.002782,1,0
20.967000,-62.561471,206469.319082,177.375689,206181.659546,57.484997,207657.478774,95.433429,667.864381,-24.434852,659.182303,-144.529214,664.596505,59.958389,-0.003067,1,0
21.000000,-62.728322,206878.927319,177.353384,208269.217973,57.466078,207264.668752,95.215665,666.810905,-24.678478,666.505224,-144.584600,671.333359,59.961054,0.003174,1,0
21.033000,-62.486418,206252.789855,177.472178,206237.133371,57.267195,208682.371001,95.577611,665.662784,-24.479634,660.646384,-144.697524,666.844459,59.959822,-0.003510,1,0
21.067000,-62.644042,206475.393804,177.345644,207482.147384,57.342955,207538.086082,94.986570,668.228352,-24.534098,663.402643,-144.608240,669.297332,59.962015,-0.000617,1,0
21.100000,-62.625874,206390.630100,177.535429,207185.231454,57.183225,206615.555351,95.313839,664.410708,-24.298613,663.867446,-144.974204,657.417851,59.958770,0.000262,1,0
21.133000,-62.447002,205227.648167,177.262809,208778.678351,57.277134,207249.158950,95.670714,660.197662,-24.883441,659.183878,-145.158364,662.056972,59.960043,-0.017048,1,0
21.167000,-62.621634,205902.229896,177.336740,207310.215728,57.435454,206753.217048,95.700080,663.970724,-24.691866,670.805016,-144.806204,655.548259,59.964339,0.002648,1,0
21.200000,-62.591323,206138.643016,177.532277,207193.794732,57.459155,205340.205516,95.511263,667.608151,-24.508759,661.727258,-144.241084,669.052392,59.963490,0.003623,1,0
21.233000,-62.595502,207452.722853,177.326834,207161.968440,57.550750,207488.298706,95.565860,663.356664,-24.742596,665.321348,-144.304612,664.130729,59.967805,-0.012582,1,0
21.267000,-62.496091,207518.473173,177.420724,208028.653430,57.218128,206924.951910,95.665553,664.304617,-24.816831,662.376651,-144.662377,666.605296,59.966896,-0.004557,1,0
21.300000,-62.741064,206696.774693,177.257523,205744.656570,57.370910,205763.612039,95.336966,666.468802,-24.696336,674.883776,-144.577840,659.968525,59.970931,0.014942,1,0
21.333000,-62.665318,205855.431385,177.453849,207166.480448,57.547749,208020.345388,95.434760,668.683780,-24.798111,664.622900,-144.419387,665.801900,59.970679,0.000537,1,0
21.367000,-62.814263,206296.872287,177.467775,207227.066808,57.382317,206514.333150,95.107103,671.735772,-24.751923,668.088502,-144.684385,660.356012,59.966689,0.001039,1,0
21.400000,-62.680708,207228.407677,177.389218,207300.949151,57.327290,207700.772668,95.195713,668.028648,-24.925985,667.256682,-144.743293,669.235949,59.965059,-0.006335,1,0
21.433000,-62.719605,208091.548008,177.552986,206898.547220,57.539950,207349.519372,95.288641,669.936762,-24.670664,667.706374,-144.062338,674.366582,59.966139,0.003183,1,0
21.467000,-62.749249,205453.915005,177.341432,206242.403360,57.460333,206833.561725,95.143963,668.812616,-24.810988,669.006216,-144.261138,666.525217,59.963240,-0.000938,1,0
21.500000,-62.471357,207276.882241,177.275184,206796.471684,57.334538,207544.483816,95.385876,668.818365,-24.789868,663.028632,-144.668886,672.102592,59.958342,0.006199,1,0
21.533000,-62.679801,207224.921213,177.470941,208035.349875,57.316925,208483.931875,95.457585,664.853234,-24.637437,666.928991,-145.028169,664.812372,59.953926,-0.004053,1,0
21.567000,-62.589539,206702.304067,177.236333,207922.554122,57.344720,206976.141414,95.131513,659.969850,-24.830967,663.707957,-144.683936,658.468246,59.968472,0.013806,1,0
21.600000,-62.686975,206136.154184,177.165210,207804.469045,57.229296,208088.439279,95.255023,656.808684,-25.054758,656.310128,-144.695338,658.552567,59.974358,0.001271,1,0
21.633000,-62.797461,205673.679605,177.390941,207518.817416,57.361832,207123.283634,95.153661,659.278341,-24.792161,663.990403,-144.678649,659.952051,59.958001,0.006179,1,0
21.667000,-62.722240,207102.022881,177.175600,207458.775430,57.306085,206609.532573,95.282256,658.695298,-25.053919,657.111679,-144.551183,659.320477,59.966269,0.000758,1,0
21.700000,-62.807522,207825.572509,177.523711,207765.557426,57.375568,206488.284287,95.062802,656.626569,-24.394558,656.483633,-144.451138,658.978021,59.970822,-0.000896,1,0
21.733000,-62.779228,207508.753316,177.330814,206242.561180,57.400935,205984.661337,94.937543,657.247590,-24.517030,657.406962,-144.395178,649.777971,59.969487,0.003740,1,0
21.767000,-62.533253,206674.462104,177.458309,206092.083109,57.281757,207316.912022,95.102865,660.778318,-24.396175,651.438009,-144.702130,653.421694,59.961667,0.000689,1,0
21.800000,-62.686067,208700.651078,177.322779,207418.335374,57.329333,206096.599182,95.562337,655.024235,-24.623931,657.015735,-144.737751,654.921144,59.958212,-0.002734,1,0
21.833000,-62.769850,208660.622437,177.356015,208122.883230,57.262914,206919.750680,95.182564,661.415067,-24.656691,660.776323,-144.588159,658.257211,59.963172,0.004275,1,0
21.867000,-62.524922,207505.084752,177.285140,209490.734717,57.317863,207607.371364,95.211664,649.651844,-24.926074,655.590322,-144.857501,661.513304,59.964964,0.003068,1,0
21.900000,-62.679348,206657.550899,177.384108,208645.909017,57.368202,207294.598947,95.547844,653.270196,-24.733749,654.349553,-144.863589,663.585272,59.972592,-0.005442,1,0
21.933000,-62.902631,206436.802076,177.316184,205847.966104,57.344818,208089.771203,95.001260,657.337998,-24.346121,654.531419,-144.818615,658.447305,59.970492,0.000105,1,0
21.967000,-62.689012,208448.440424,177.390621,208347.921448,57.416647,207194.048494,95.285906,656.835483,-24.954475,653.858271,-144.671154,660.892768,59.964767,0.008155,1,0
22.000000,-62.614940,207525.600878,177.409250,206931.428693,57.304845,208546.185219,95.390023,663.864629,-24.472140,655.290447,-144.371492,652.643994,59.965820,-0.000259,1,0
22.033000,-62.610668,207463.315889,177.365014,208346.284961,57.237970,208013.168483,95.706401,654.318055,-24.674532,661.032189,-144.857497,664.878178,59.964268,-0.010777,1,0
22.067000,-62.533687,206825.264040,177.195292,207583.552958,57.480900,206362.208589,95.390082,657.087940,-24.820923,661.628175,-144.580310,659.620671,59.963322,-0.006352,1,0
22.100000,-62.768027,208454.794923,177.424132,208254.443223,57.332485,208466.279292,95.024944,662.415662,-24.753594,663.547792,-144.614896,656.235258,59.962562,0.012350,1,0
22.133000,-62.710741,207184.251776,177.289531,207384.109681,57.116633,207642.137919,94.994471,659.443901,-24.567567,663.359062,-144.668998,663.843575,59.965231,0.018907,1,0
22.167000,-62.859145,205135.150091,177.284967,208005.941341,57.167608,207064.981357,94.924350,664.237521,-24.533521,659.168679,-144.875385,665.745681,59.969296,0.004493,1,0
22.200000,-62.578107,206036.585703,177.221386,206747.351880,57.078938,207985.442699,95.329664,662.891619,-24.836796,664.085889,-144.823221,656.461767,59.960597,-0.008255,1,0
22.233000,-62.630572,206685.742705,177.414944,207973.015077,57.247287,207368.378321,95.245171,663.916928,-24.511931,663.267264,-144.847702,663.137470,59.961070,0.002704,1,0
22.267000,-62.651697,207601.730103,177.324855,206268.709344,57.193641,206143.891042,95.270378,659.013997,-25.007270,655.479236,-144.734062,659.762938,59.962841,-0.001785,1,0
22.300000,-62.832472,207971.736673,177.276903,207144.097802,57.343775,207296.556506,95.208873,659.633403,-24.450486,656.959461,-144.598014,663.052358,59.953535,-0.005572,1,0
22.333000,-62.842020,206350.500090,177.000129,207655.660526,57.155606,206967.256463,95.314357,654.834199,-24.952825,657.438650,-144.903392,652.610755,59.956474,0.016990,1,0
22.367000,-62.875686,207129.604985,177.037509,208212.069891,57.169535,207117.511783,95.078906,660.928458,-24.938601,651.388740,-144.827849,655.296283,59.960207,0.005030,1,0
22.400000,-62.782197,207077.040960,177.127750,208989.299588,57.181614,207903.515196,95.346321,655.840739,-24.980846,657.845897,-144.779792,662.804963,59.963667,0.004261,1,0
22.433000,-62.801351,206949.051120,177.297392,207886.462856,57.088509,206087.367127,95.214049,659.508909,-24.727270,666.481083,-144.947004,662.192761,59.957078,0.005317,1,0
22.467000,-62.696124,206650.693851,177.415261,209435.917152,57.137339,205633.434496,95.348493,654.777600,-24.778625,657.541661,-144.809646,652.132219,59.959461,-0.001328,1,0
22.500000,-62.883866,207190.680938,177.094267,207636.662344,57.194044,207330.060300,94.940081,658.850941,-24.662141,661.363653,-144.865333,656.237581,59.961758,-0.003082,1,0
22.533000,-62.903621,206445.245866,177.071715,205447.107458,57.093282,205590.047089,95.156706,654.617401,-24.980546,655.071775,-144.729557,661.250203,59.953800,-0.003055,1,0
22.567000,-62.901818,207212.352232,177.268969,206790.017652,57.131133,206950.718014,94.775332,658.988237,-24.934103,665.898258,-144.823728,651.782754,59.963717,-0.005475,1,0
22.600000,-62.977375,205998.151445,176.983017,207754.869134,57.123430,208018.321689,94.892148,658.672408,-25.053726,661.444635,-144.748604,666.659804,59.957685,0.006387,1,0
22.633000,-62.850404,205827.257403,176.967791,206852.297745,57.225628,208504.433009,95.047498,656.679232,-24.679523,658.502485,-144.935715,662.953694,59.962986,-0.006199,1,0
22.667000,-62.766985,206057.410670,177.174967,207380.215615,57.357368,206370.260485,95.144440,656.391410,-24.644971,657.809990,-144.691968,653.088499,59.957582,-0.008342,1,0
22.700000,-62.819780,208593.582984,177.076011,206771.752246,57.165694,206372.327214,95.046655,657.350210,-24.922399,662.366396,-144.893319,659.113637,59.955331,0.003088,1,0
22.733000,-62.880039,208311.225080,177.204647,205595.206319,57.136770,206507.149562,95.046583,656.546664,-24.748936,655.257193,-145.060268,658.027488,59.966163,0.001690,1,0
22.767000,-62.932220,206502.495928,177.213035,206439.397000,57.392219,205528.748648,95.080005,656.513234,-24.819766,662.112734,-144.547691,660.771383,59.958252,0.006639,1,0
22.800000,-63.035674,206488.568645,177.039189,207797.961834,57.332759,207664.543262,95.171210,660.898360,-25.076032,658.433009,-144.785863,655.553734,59.958283,-0.010101,1,0
22.833000,-63.032310,206895.336602,177.297545,206332.103497,57.280601,205403.049550,94.845732,653.160677,-24.823653,659.915968,-144.741274,662.080987,59.974802,-0.005917,1,0
22.867000,-62.912621,205034.044631,177.225015,207804.435621,56.827262,207471.816231,95.009851,659.045840,-24.457134,657.282487,-145.454966,652.900142,59.968304,-0.003142,1,0
22.900000,-62.828063,206385.411348,177.169719,207280.686166,57.193439,206595.722528,95.094459,664.069620,-24.805755,655.627557,-144.823545,658.890928,59.969127,0.004144,1,0
22.933000,-62.813096,205859.458626,177.163563,206745.729962,57.274368,208813.362374,94.801294,656.955057,-24.701796,657.626808,-144.880340,653.997635,59.969671,-0.001685,1,0
22.967000,-62.826537,207242.661352,177.321372,207072.505624,57.177405,206885.280632,95.031138,650.230059,-24.989844,657.501016,-144.953461,658.368330,59.976844,0.005274,1,0
23.000000,-62.767495,207781.792724,177.331799,206777.989471,57.237315,207579.100939,95.036314,661.983647,-24.948882,654.781073,-144.844247,662.949688,59.979049,0.001363,1,0
23.033000,-62.876196,207192.048704,177.234692,205572.816744,57.175147,206367.795949,95.159411,660.375862,-24.869322,666.360476,-145.095520,654.552026,59.971304,-0.003273,1,0
23.067000,-62.580612,205077.689269,177.139026,207726.664983,57.312069,207146.132636,95.195258,657.318098,-24.701792,658.176740,-144.911062,651.024570,59.962992,-0.000733,1,0
23.100000,-62.718760,205862.749373,177.289182,207048.961677,57.241975,204628.990791,95.459920,651.790505,-25.017088,662.465167,-144.913418,654.096585,59.966133,0.006967,1,0
23.133000,-62.858455,206280.196805,177.025412,206565.260200,57.207739,206034.211019,94.906076,658.641769,-24.775201,658.806850,-144.650461,658.316739,59.972513,-0.009772,1,0
23.167000,-62.983170,206699.585935,177.074097,205642.802694,57.513449,206402.785135,94.755143,664.031853,-25.106199,661.837205,-144.452267,663.136668,59.967751,-0.007656,1,0
23.200000,-62.841538,205632.499054,177.312965,205396.568172,57.292772,206295.749265,94.996709,660.922235,-24.803121,665.442603,-144.677353,663.541441,59.973574,0.008194,1,0
23.233000,-62.704895,206596.199599,177.206048,206902.575422,57.239198,207021.491821,95.337494,666.169750,-24.795930,662.653821,-144.655726,660.182585,59.972968,0.005771,1,0
23.267000,-62.993954,207207.802343,177.271200,205820.875379,57.074514,206556.943995,95.010764,670.348251,-24.553527,660.729321,-145.241178,658.701978,59.968348,0.009284,1,0
23.300000,-62.853095,207393.156709,177.228062,205812.045742,57.282922,205897.161221,95.272198,661.245867,-24.906152,659.633729,-144.553609,658.979738,59.965706,0.009530,1,0
23.333000,-62.872493,204246.470475,177.088800,206604.992148,57.287415,204544.642427,95.250751,663.592483,-25.079583,665.391248,-144.958500,668.277466,59.974631,0.003279,1,0
23.367000,-62.851280,206731.007941,177.097209,205735.933071,57.150552,206679.924060,95.041969,658.570238,-24.765397,658.537002,-144.725626,668.605896,59.970293,-0.008819,1,0
23.400000,-62.832616,203729.826735,177.115914,206014.068835,57.128186,205433.943430,94.855787,661.489638,-24.695057,658.133524,-144.766670,664.514442,59.964902,-0.001638,1,0
23.433000,-63.045696,204951.413812,177.262166,206084.743769,57.173575,207250.328035,95.080252,662.557207,-24.567852,660.823854,-144.792094,664.035664,59.969746,-0.002939,1,0
23.467000,-62.962758,206526.210585,177.122997,207943.743906,57.066512,205468.557203,94.858790,666.237549,-24.994735,669.827165,-144.953456,663.670948,59.969527,-0.001274,1,0
23.500000,-63.036678,206413.894240,177.084602,205416.026426,57.011824,205484.047638,94.901602,662.505019,-25.053466,661.711269,-144.919436,666.336474,59.962845,0.007048,1,0
23.533000,-62.876648,207425.830254,177.088948,207562.283471,57.163582,206196.163072,94.771331,667.412732,-24.956129,664.666815,-144.893703,668.850749,59.972749,-0.000434,1,0
23.567000,-62.939767,206559.046044,177.323804,206830.974957,57.160877,206786.232918,95.144122,669.352484,-24.505389,667.564513,-144.879780,671.225952,59.975802,-0.006465,1,0
23.600000,-62.617011,206772.458092,177.134078,207761.403778,57.198167,206730.604635,95.613848,663.232941,-24.807069,669.264906,-144.778629,664.601151,59.972583,0.000164,1,0
23.633000,-62.783687,206174.196450,177.160016,207125.642276,57.151446,206444.615858,95.227368,670.307591,-25.024940,666.992070,-144.672772,672.062006,59.969293,-0.001779,1,0
23.667000,-62.707699,206244.336209,177.230071,207102.307704,57.182829,206850.627834,95.090226,666.820918,-25.000418,670.416763,-144.973874,667.313101,59.964284,0.000768,1,0
23.700000,-62.800362,205970.685403,177.123564,208147.588835,57.123243,205471.281625,95.245963,667.399699,-24.595642,663.596024,-145.067621,668.301396,59.961913,-0.009108,1,0
23.733000,-62.728853,206218.653874,177.204499,205439.401845,57.255255,205934.587402,95.136686,664.532468,-24.587960,667.047947,-144.861687,662.345038,59.967573,0.008835,1,0
23.767000,-62.720429,205907.484835,177.230631,207223.940365,57.275537,204973.523996,95.340826,662.094507,-25.033681,665.552407,-144.549460,661.801510,59.958271,-0.001345,1,0
23.800000,-62.821036,206709.398564,177.448064,206698.044299,57.225420,206557.289826,94.960897,666.070476,-24.374006,669.842007,-144.626034,659.180980,59.967267,0.004047,1,0
23.833000,-62.605080,206315.092360,177.340668,207069.983683,57.116387,206705.214005,95.132505,662.570674,-24.356787,662.405668,-145.170306,665.162953,59.965315,-0.002795,1,0
23.867000,-62.921429,207371.366652,177.321459,206778.106518,57.162979,206737.807035,94.781618,659.810801,-24.587564,660.482568,-144.857820,665.694426,59.960568,0.002759,1,0
23.900000,-62.722724,206338.774142,177.389552,206364.178612,57.097877,207465.194512,95.122872,667.511377,-24.548594,663.541945,-144.768872,665.386101,59.958238,0.008416,1,0
23.933000,-62.756284,206445.372822,177.312361,207396.615872,57.365437,206114.199399,95.168912,667.909766,-24.671340,667.322005,-144.584115,669.469650,59.963759,-0.009155,1,0
23.967000,-62.597486,207322.304917,176.989938,206850.538886,57.278685,206541.425426,95.386737,664.689839,-25.077779,671.191989,-144.651150,664.220777,59.953491,0.002045,1,0
24.000000,-62.778407,205209.141000,177.288166,206705.594364,57.276571,206472.937626,95.067715,662.747164,-24.454054,661.708329,-144.854478,666.059968,59.950907,-0.010382,1,0
24.033000,-62.555540,206056.162444,177.282659,208021.596503,57.368350,207443.221184,95.471075,661.723156,-24.335970,663.771080,-144.648333,670.440415,59.946919,-0.003087,1,0
24.067000,-62.902944,208036.448583,177.204825,206071.776357,57.187492,206400.352742,95.220316,662.257344,-24.427648,664.435447,-144.430909,665.037516,59.945455,-0.003019,1,0
24.100000,-62.727545,206572.311193,177.327061,206000.197508,57.327560,207780.200852,95.191059,663.502018,-24.971511,669.606797,-144.501773,667.697218,59.959256,0.004585,1,0
24.133000,-62.686396,205382.004860,177.161195,207417.421534,57.153414,205978.303595,95.567682,666.102834,-24.830726,661.698682,-145.187060,663.862461,59.951460,0.001216,1,0
24.167000,-62.703977,205224.494804,177.106907,205655.325050,57.321542,206220.779569,95.144758,666.623681,-24.900905,664.275122,-144.797624,669.727231,59.942256,-0.006925,1,0
24.200000,-62.637476,205190.364792,177.136435,205834.967753,57.284210,207482.021202,95.275465,659.030780,-24.414536,668.141206,-144.386780,666.986837,59.946922,0.000302,1,0
24.233000,-62.648921,206509.295906,177.460878,206353.353959,57.160589,206845.459633,95.105968,661.085908,-24.324247,662.591387,-144.857742,660.996338,59.945869,-0.004985,1,0
24.267000,-62.852976,205321.311725,177.339768,204932.759296,57.241512,207008.040818,95.056591,663.541147,-24.615360,665.644101,-144.626722,662.978933,59.942415,-0.006526,1,0
24.300000,-62.843437,205912.912751,177.260150,206045.167648,57.200296,207014.331292,95.043972,663.982474,-24.800920,667.113083,-144.827054,661.328346,59.943206,0.004368,1,0
24.333000,-62.939483,206811.127746,177.401186,206391.956506,57.302038,205605.997771,94.918251,667.810278,-24.738851,665.898975,-144.775544,660.590349,59.943128,-0.016027,1,0
24.367000,-62.873754,205930.075656,177.181004,205830.027928,57.123322,206034.658089,95.183503,663.413041,-24.848612,659.509651,-144.940838,664.415472,59.950253,-0.007786,1,0
24.400000,-62.953914,206245.990960,177.176727,204761.461298,57.256419,204917.334313,95.131965,667.606770,-24.730892,666.620492,-145.080296,666.452275,59.954759,-0.009286,1,0
24.433000,-62.852369,205842.984005,177.246502,206279.042207,57.147014,206725.014616,95.098421,664.733590,-24.608892,663.782859,-144.773363,662.760205,59.955253,0.011330,1,0
24.467000,-62.901577,206679.577512,176.907711,207094.786184,57.031097,205877.127912,95.112014,661.475210,-25.009996,658.672042,-145.052530,663.170592,59.949379,0.016034,1,0
24.500000,-62.831707,206090.812773,177.126647,206867.271549,57.001821,206563.601021,95.290816,665.223618,-24.743015,666.060272,-145.154713,657.176002,59.949069,0.003674,1,0
24.533000,-62.884889,206637.334987,177.076684,204567.985136,57.096322,207049.576391,95.216317,669.638563,-24.851018,664.599323,-144.873828,670.155955,59.954168,0.004324,1,0
24.567000,-62.949279,206500.332329,176.953116,206957.542328,57.074536,205352.418499,95.128238,659.074147,-25.055720,664.421426,-145.085039,665.369261,59.956591,0.003883,1,0
24.600000,-62.847491,206689.962074,176.979653,206658.527542,57.071166,205323.195264,95.270220,668.082664,-24.971830,669.440065,-144.994720,658.279294,59.958624,-0.005495,1,0
24.633000,-62.996503,205880.246659,177.219555,205197.235187,56.959312,205777.652301,94.736624,660.057880,-24.657021,655.605680,-145.068981,659.148102,59.957509,0.001114,1,0
24.667000,-63.028648,204988.918109,177.159134,206533.564326,57.048483,204715.475119,94.736424,660.023710,-25.198134,658.535387,-144.683402,658.292984,59.957290,0.007414,1,0
24.700000,-62.789088,206905.460812,176.935981,204566.304016,57.262668,205482.106306,94.808910,662.118523,-25.194500,663.183394,-144.966974,666.403468,59.959922,-0.007301,1,0
24.733000,-62.911447,205114.425527,177.070246,207185.202985,57.183022,205491.792592,95.150815,658.209698,-24.776675,659.399933,-144.826142,655.345092,59.956447,0.017187,1,0
24.767000,-62.820982,204673.837294,177.183539,204278.393514,57.059863,205915.292697,95.325835,658.586718,-25.035331,658.191718,-144.725380,661.945468,59.952823,0.006830,1,0
24.800000,-63.069566,204107.669395,177.008108,206711.614419,56.979182,206895.676739,94.844543,659.530241,-24.728369,662.310662,-145.287776,661.661411,59.956119,0.002023,1,0
24.833000,-62.815904,204797.518507,177.078273,204761.025375,57.157254,206076.724929,95.374130,666.739074,-25.037171,669.116763,-145.000857,661.718643,59.958822,-0.002482,1,0
24.867000,-62.834481,205534.426973,177.103513,206032.801079,57.112423,205176.674778,95.052898,661.809577,-24.938994,659.891545,-144.901244,663.435398,59.960842,-0.011800,1,0
24.900000,-62.906808,205546.684039,177.055356,205908.226353,57.004681,205629.439172,94.640237,660.167539,-24.648663,660.670726,-145.242021,665.859361,59.952392,-0.008762,1,0
24.933000,-62.896939,205893.529659,176.929108,206738.152196,56.957472,205326.612190,94.884276,659.680049,-25.081820,655.465321,-145.051022,659.550943,59.954154,-0.001029,1,0
24.967000,-62.821299,205922.451602,177.310080,206493.502569,57.259270,206900.812303,95.111490,661.082749,-24.774072,656.932751,-144.606017,660.995409,59.960061,0.001379,1,0
25.000000,-62.832601,204541.456258,176.953505,205927.037167,57.240174,205803.324833,95.053804,656.046678,-25.011963,663.878628,-144.594684,657.483764,59.962009,0.007666,1,0
25.033000,-62.915698,205520.539002,177.112344,208401.819222,57.222729,205546.759890,95.049590,662.540287,-24.704025,667.299623,-144.957448,660.352177,59.968426,-0.006787,1,0
25.067000,-62.778907,205872.466808,177.099041,206742.804808,57.150956,207427.594535,95.502930,664.937639,-24.949480,662.546838,-144.741670,658.578520,59.961028,0.003543,1,0
25.100000,-62.987902,206794.824340,177.188466,206811.019116,57.430053,206910.819127,95.261056,657.403738,-25.004482,656.568454,-144.105746,653.465208,59.956902,0.000642,1,0
25.133000,-62.966318,206883.658074,177.019446,205868.579261,57.250905,205481.307378,95.210618,656.389655,-24.946577,656.976906,-144.901869,654.041997,59.964362,-0.005915,1,0
25.167000,-62.784772,206757.640953,177.109072,206999.123855,57.099779,205825.109823,95.072662,653.409382,-25.113332,661.898548,-144.644239,656.318811,59.955584,0.004284,1,0
25.200000,-62.847955,204553.057750,177.216803,208012.867685,56.968495,207513.520586,95.157374,658.714793,-24.600194,653.008850,-145.149612,652.963690,59.951721,0.003344,1,0
25.233000,-63.038657,205644.995165,177.082233,206342.322732,57.120046,205066.629519,94.921866,655.164204,-25.022305,653.916177,-145.058444,650.742963,59.954306,-0.001888,1,0
25.267000,-62.875123,205202.934418,176.926800,207689.936813,57.085344,207320.343809,95.002810,643.861664,-24.927681,656.796426,-144.948308,649.160465,59.955785,-0.010213,1,0
25.300000,-63.058310,206330.337653,177.388373,205633.274850,57.199976,207205.725202,95.155913,646.165974,-24.292548,656.019669,-144.934884,656.555346,59.953143,0.001596,1,0
25.333000,-63.109461,206405.403504,177.033622,206021.186295,56.895598,207514.761226,94.680371,650.626355,-25.042631,656.876982,-145.209044,655.897728,59.948732,-0.003444,1,0
25.367000,-62.973794,205875.680297,176.965911,207301.800546,56.981824,207949.243382,95.156014,649.813469,-24.650005,650.312134,-145.065264,655.241964,59.945233,0.003517,1,0
25.400000,-63.001716,207939.239873,177.044024,206479.882912,57.115562,207016.655944,95.259240,652.085332,-24.985218,652.783010,-145.042477,658.369783,59.948047,0.006945,1,0
25.433000,-62.937678,205798.182637,177.007555,206446.242559,57.051308,206062.186744,94.913977,662.654935,-24.971825,655.774393,-145.068297,652.796464,59.946516,0.002256,1,0
25.467000,-62.870999,207234.722730,177.151800,207585.962081,57.056908,207009.815081,95.105295,659.226680,-24.815621,658.682589,-144.643089,653.290696,59.949077,0.012526,1,0
25.500000,-62.885351,206021.339188,177.122122,208125.224644,56.926238,208671.785165,95.041106,656.617900,-24.937348,657.942741,-145.186969,653.322581,59.946108,0.010899,1,0
25.533000,-62.937506,205669.154128,177.299289,206190.355962,57.056433,205334.078499,95.491433,656.369152,-24.462952,651.752282,-144.937382,654.944849,59.951692,0.006539,1,0
25.567000,-62.801264,206758.462279,176.934626,206584.504284,57.009752,206202.401246,95.264208,655.188703,-25.072940,653.655928,-144.878753,656.338676,59.942212,0.000755,1,0
25.600000,-62.833579,207420.769555,177.203451,207754.431374,57.118499,209385.594068,95.080244,657.911921,-24.664456,657.704148,-144.816276,652.999753,59.935626,-0.003937,1,0
25.633000,-62.928466,207858.244197,176.988167,208311.703008,57.090300,207113.617932,95.057797,651.996572,-24.788251,645.129936,-144.871888,649.051750,59.940736,-0.000603,1,0
25.667000,-62.757170,206846.553977,177.129895,207434.802939,57.099758,209443.614078,95.625933,655.592187,-24.747698,655.619144,-144.713725,661.171251,59.946337,-0.012885,1,0
25.700000,-63.069200,206411.509144,176.982733,207895.074395,57.077045,207112.208903,94.953286,649.814365,-25.223406,651.771420,-145.121140,656.712160,59.947122,-0.012444,1,0
25.733000,-63.093591,207893.373567,177.111490,206719.036549,57.177885,205877.388683,95.302174,655.066201,-25.174335,649.905353,-144.876504,654.571481,59.939760,0.003985,1,0
25.767000,-63.009708,207395.175360,177.125442,207712.254297,57.126948,208875.163869,95.099479,655.434440,-24.950316,652.846254,-144.725706,659.930643,59.940098,0.002260,1,0
25.800000,-63.033364,207670.467032,176.947542,205923.797491,57.246337,207812.254667,95.003606,650.653104,-25.028827,654.838234,-145.084382,655.538190,59.942937,0.000669,1,0
25.833000,-62.943211,207719.097810,176.861679,207558.763142,57.109938,206194.453397,94.858113,654.313648,-25.193643,651.873302,-144.708018,654.250138,59.938773,-0.001422,1,0
25.867000,-62.794714,208317.428313,177.067724,207818.114491,56.996978,208494.879963,95.364217,648.524497,-25.140454,653.675891,-145.319936,653.712653,59.939468,0.008938,1,0
25.900000,-62.788139,204873.354172,176.955086,205524.426937,57.122489,208283.993107,95.534494,651.866028,-25.363859,653.023774,-144.800922,654.799608,59.947155,0.007006,1,0
25.933000,-62.834148,207974.955277,176.967361,205862.937009,57.141758,206464.901760,95.066790,654.797680,-24.754353,655.430165,-144.504153,648.829684,59.948312,-0.002008,1,0
25.967000,-62.701504,208113.326383,176.990676,207381.146375,57.097358,205989.059764,95.299180,659.098499,-24.608431,654.131661,-144.789937,656.856563,59.954157,0.002051,1,0
26.000000,-62.795246,207277.004613,176.988548,207585.741479,57.121666,207082.230668,94.962438,658.223560,-24.935759,652.005019,-144.819695,650.283461,59.943817,0.021091,1,0
26.033000,-63.051230,207540.533971,177.082611,207749.234280,57.090930,208069.834155,94.995961,650.346232,-24.925835,652.773926,-145.039618,653.281067,59.956854,0.006470,1,0
26.067000,-63.040828,207097.011630,177.033478,206964.946298,56.885197,208561.426290,94.955304,658.889585,-24.956800,650.060205,-145.065108,651.038978,59.944583,0.000383,1,0
26.100000,-62.869976,207204.922756,177.111197,206536.392973,57.172468,206926.256758,94.753033,644.450864,-24.641287,652.704817,-144.656948,651.071327,59.944934,0.001299,1,0
26.133000,-62.884388,209193.210903,177.230930,207613.818536,57.130840,207012.940572,94.934328,643.747667,-24.879349,653.969629,-144.331768,649.625466,59.940974,0.014788,1,0
26.167000,-63.162288,206800.652384,177.148604,205813.003880,57.088616,206520.533905,94.943958,648.828810,-25.239085,648.964432,-145.003585,653.555434,59.945833,-0.002182,1,0
26.200000,-62.805168,205606.005412,177.014541,207825.320245,57.200415,207489.216188,95.009353,651.116147,-24.951465,651.957284,-144.889005,654.087823,59.948504,0.012063,1,0
26.233000,-62.846039,205900.777269,177.233988,207294.432061,57.192192,207390.269011,94.808712,653.039104,-24.722360,658.476509,-145.183047,656.470587,59.944840,-0.005979,1,0
26.267000,-62.668486,206383.842594,177.149984,207922.483687,57.160612,207015.194844,95.481756,653.617795,-24.771869,656.769200,-144.875245,652.344090,59.946368,0.001583,1,0
26.300000,-62.841285,207668.270271,177.241789,206468.091816,57.069427,207939.010174,95.068550,645.764786,-24.823811,650.816411,-144.755130,653.374135,59.946606,-0.003024,1,0
26.333000,-63.002369,206079.673577,177.235410,207275.481213,57.278634,206915.786331,94.799669,652.231276,-24.353305,655.797564,-144.744074,651.659710,59.945421,-0.004943,1,0
26.367000,-62.901461,206595.586953,177.139222,205260.320622,57.204045,206551.745621,95.224910,657.091118,-24.737208,654.451695,-144.833764,654.489523,59.948305,0.002404,1,0
26.400000,-62.754836,206028.848068,176.964675,206468.061793,57.040739,206552.354874,95.217075,654.556038,-25.004723,650.010737,-145.196199,650.737875,59.948318,-0.004241,1,0
26.433000,-62.867043,207552.338329,177.304740,205702.332270,57.289862,206997.352552,95.137048,652.858977,-24.777496,653.221556,-144.782819,655.569215,59.950816,-0.001389,1,0
26.467000,-62.635861,207250.194324,176.994824,207681.529250,56.979647,207442.710428,95.376721,657.101024,-24.888665,657.321253,-144.710000,656.032887,59.951321,-0.007761,1,0
26.500000,-62.861226,206092.204517,177.196811,207082.703365,57.135258,206916.087074,95.376537,660.759504,-24.780514,657.022505,-144.699885,662.017231,59.955137,-0.004321,1,0
26.533000,-62.806303,207849.527494,177.034016,206295.937352,57.178074,207418.428016,95.103156,659.660224,-25.128638,654.391822,-144.635898,653.083236,59.952320,-0.008824,1,0
26.567000,-62.651905,207679.504071,177.092216,207024.294770,57.154392,206720.536091,95.324256,653.934229,-25.038340,651.771333,-144.879666,663.530943,59.953712,0.000303,1,0
26.600000,-62.729940,207219.241129,177.182815,206177.188168,57.314871,205743.535807,95.369698,662.663098,-25.029585,662.748589,-144.950162,656.215210,59.948267,-0.006934,1,0
26.633000,-62.834770,206079.773926,177.114955,207523.981253,57.326548,206543.779233,95.262301,657.573446,-24.626834,654.946005,-144.645922,662.533885,59.953818,-0.004755,1,0
26.667000,-62.765094,206489.506302,177.411985,208568.065071,57.130273,208829.998997,95.179259,664.378316,-24.440645,658.791846,-144.678226,656.220728,59.947274,0.005064,1,0
26.700000,-62.778701,206864.113238,177.528074,209207.190702,57.325345,206150.586096,95.090246,663.261887,-24.535866,657.679906,-144.802306,663.458588,59.948304,0.001992,1,0
26.733000,-62.674367,206820.390938,177.292519,207929.312954,57.121625,208370.567362,95.280048,661.841917,-24.642779,660.808317,-145.221012,658.993786,59.951419,-0.015169,1,0
26.767000,-62.760857,206683.333740,177.283504,208589.304486,57.300193,207665.593416,95.100930,653.597191,-25.075425,658.042452,-144.889813,654.580213,59.952894,0.001653,1,0
26.800000,-62.861323,207045.396092,177.225166,206307.246628,57.241310,207335.924986,95.230939,655.306024,-24.589805,649.105978,-144.792934,658.605358,59.951017,-0.002793,1,0
26.833000,-62.517889,208205.610794,177.166164,207764.719638,57.229124,206512.570439,95.612650,655.364073,-24.694380,651.216874,-144.698083,656.548957,59.948679,0.006037,1,0
26.867000,-62.811926,207536.851723,177.298171,208348.036157,57.183474,206834.242371,95.301044,653.254950,-24.664176,657.995705,-144.621781,658.258553,59.949252,-0.002108,1,0
26.900000,-62.580082,206320.630624,177.400920,206395.804943,57.465855,208186.741389,95.313134,656.074210,-24.779703,657.595092,-144.249102,658.617597,59.938364,-0.003516,1,0
26.933000,-62.725277,206787.976043,177.521186,208993.221450,57.290601,205226.764355,95.136134,655.044891,-24.517838,653.344927,-144.732924,661.648971,59.954420,0.006343,1,0
26.967000,-62.833265,207148.063648,177.380408,207651.857883,57.496404,207897.904330,95.195058,655.120430,-24.680837,653.051781,-144.497910,652.326307,59.945179,-0.005104,1,0
27.000000,-62.514580,209141.696821,177.477854,207744.731624,57.318346,206385.306560,95.361701,651.011219,-24.517705,657.087947,-144.917630,658.208823,59.952002,-0.003073,1,0
27.033000,-62.606707,206503.780065,177.261524,207065.942725,57.339187,207976.386618,95.346781,643.923688,-24.669066,655.645489,-144.444722,660.285938,59.945325,-0.005462,1,0
27.067000,-62.707857,209170.113231,177.408873,207489.314222,57.489621,207169.308721,95.261527,661.020536,-24.544060,657.249933,-144.627112,649.460468,59.946010,0.003659,1,0
27.100000,-62.547998,207618.050964,177.365554,208793.826203,57.290107,207239.851345,95.331274,652.465785,-24.808122,654.811804,-144.920256,653.958803,59.949312,0.013745,1,0
27.133000,-62.657036,206942.031618,177.135879,207356.663400,57.249391,206893.973512,95.351502,650.254979,-24.964030,655.404571,-144.494222,652.774572,59.955993,-0.002041,1,0
27.167000,-62.727528,206894.358340,177.555113,208200.587674,57.445681,207493.939359,95.187475,653.135965,-24.429179,648.538381,-144.406372,649.677809,59.950229,-0.003192,1,0
27.200000,-62.590737,208185.070775,177.279806,207261.233692,57.502438,208957.520966,95.796691,644.542289,-24.907080,655.027185,-144.337691,648.936357,59.945038,-0.004003,1,0
27.233000,-62.671839,208836.571818,177.465639,208127.437151,57.500403,207931.049401,95.274413,657.147253,-24.454887,658.137905,-144.416770,658.349921,59.954459,-0.000687,1,0
27.267000,-62.775852,209086.895283,177.412846,209052.420778,57.396196,208004.658713,95.141871,651.067199,-24.545562,661.228403,-144.451288,650.272228,59.952576,-0.008321,1,0
27.300000,-62.450949,207135.833177,177.540919,208222.357235,57.574713,206492.774345,95.512837,647.581682,-24.239488,656.147168,-144.439510,653.637496,59.953852,0.002714,1,0
27.333000,-62.517252,207673.598729,177.357975,206866.963189,57.326511,208279.256375,95.486525,654.761083,-24.514387,648.214207,-144.636670,648.318707,59.947386,0.002875,1,0
27.367000,-62.767533,207402.543785,177.401821,206818.163614,57.287602,208786.073711,94.987623,654.700984,-24.496041,651.610462,-144.564617,657.533709,59.951173,-0.009740,1,0
27.400000,-62.638394,207695.888313,177.273859,207276.519773,57.289090,207876.182116,95.308842,654.236451,-24.799911,656.571381,-144.491704,654.379305,59.955066,0.000400,1,0
27.433000,-62.486560,208407.245309,177.388018,206351.801761,57.314599,208130.956321,95.709171,649.152854,-24.405829,649.948966,-144.203515,654.257879,59.945874,-0.001100,1,0
27.467000,-62.486591,208307.623672,177.367757,207972.560874,57.531968,206881.058407,95.244337,655.446181,-24.488556,655.090238,-144.575513,659.021630,59.946679,-0.002826,1,0
27.500000,-62.560397,208034.990563,177.479973,209429.505985,57.595532,206754.158944,95.290802,661.994650,-24.560014,655.629663,-144.308558,654.356799,59.949432,-0.001239,1,0
27.533000,-62.618918,206857.579060,177.443315,208514.486274,57.440410,208651.606378,95.369513,661.713742,-24.773317,661.723710,-144.644108,654.217808,59.943196,0.011467,1,0
27.567000,-62.611456,207294.039050,177.413781,206579.974465,57.466440,206220.204197,95.386803,653.922635,-24.875095,653.736869,-144.502951,656.131215,59.956889,0.001444,1,0
27.600000,-62.468711,207258.829331,177.315819,206660.025530,57.248776,206066.087733,95.563941,658.753487,-24.578799,661.850048,-144.572370,664.105719,59.957887,-0.010093,1,0
27.633000,-62.591406,205978.027885,177.358779,208106.763368,57.359581,207523.901167,95.396187,659.804728,-24.624709,660.809606,-144.372117,658.119478,59.954301,0.007247,1,0
27.667000,-62.714591,207674.029123,177.269047,206391.080009,57.250580,207450.195517,95.304385,657.709486,-24.511296,660.626391,-144.895217,656.563751,59.951521,0.003671,1,0
27.700000,-62.611950,207248.534128,177.354290,208238.443366,57.233136,208206.317548,95.364285,657.976497,-24.533228,654.947483,-144.901069,657.242754,59.951703,0.009504,1,0
27.733000,-62.712333,206783.596467,177.285802,206648.115689,57.451016,207272.376872,95.450376,653.727186,-24.676086,659.172638,-144.760778,655.108799,59.955494,-0.003747,1,0
27.767000,-62.619542,207733.712362,177.324328,205108.267028,57.406676,208426.235277,95.121539,655.675633,-24.632010,661.925387,-144.912031,655.848040,59.956703,0.008100,1,0
27.800000,-62.610344,207670.771123,177.514085,207400.256282,57.454879,205583.969043,95.270000,653.354576,-24.557235,654.262485,-144.918993,653.705420,59.952325,0.000463,1,0
27.833000,-62.503145,207980.488638,177.428534,205967.779321,57.400104,209001.424106,94.980016,656.204296,-24.807784,660.199750,-144.709716,657.585093,59.956550,0.009376,1,0
27.867000,-62.608854,208378.499291,177.203881,208001.890017,57.411620,209031.391723,95.381512,658.930392,-24.758617,646.720900,-144.385332,657.835533,59.952515,-0.000347,1,0
27.900000,-62.529878,206495.744760,177.296229,207807.558486,57.370608,208166.556345,95.060079,655.369789,-24.644112,658.846517,-144.446366,656.324537,59.947763,-0.003808,1,0
27.933000,-62.513581,208105.115650,177.305591,208327.714043,57.387541,206907.506641,95.884304,657.910842,-24.536402,663.598856,-144.649599,655.993510,59.948158,-0.013738,1,0
27.967000,-62.667948,208641.595973,177.269022,207843.702198,57.373691,208036.952843,95.445658,659.252244,-24.485809,662.765421,-144.314753,658.243510,59.948418,-0.013374,1,0
28.000000,-62.618877,208808.124102,177.262889,207498.240885,57.212534,205941.788209,95.717991,656.526190,-24.652581,657.188378,-144.402294,656.434482,59.946530,-0.006504,1,0
28.033000,-62.756347,207802.708586,177.355422,207038.664386,57.335866,207946.299520,94.955624,662.622873,-24.539119,654.180255,-144.709410,664.144592,59.947847,0.007453,1,0
28.067000,-62.665306,207209.454149,177.500753,207648.017651,57.428818,207427.496036,95.360668,661.790307,-24.612067,658.262403,-144.388785,658.156301,59.948853,0.011661,1,0
28.100000,-62.395913,209182.583196,177.154986,207687.451252,57.269227,205861.977310,95.503113,668.155817,-24.947003,661.243668,-144.746829,657.914401,59.952660,0.009291,1,0
28.133000,-62.701010,208279.762430,177.467501,206497.538616,57.355247,207380.533151,95.549977,660.925341,-24.617721,660.530497,-144.411011,663.039971,59.946414,-0.001141,1,0
28.167000,-62.478243,208849.551867,177.486145,207526.961184,57.486886,205317.799844,95.623343,667.121109,-24.263122,667.862719,-144.470718,662.810082,59.954434,0.001085,1,0
28.200000,-62.466439,208677.370691,177.439380,207471.257675,57.462800,206638.397048,95.559647,661.689314,-24.504778,666.241373,-144.461408,663.991703,59.957350,-0.008904,1,0
28.233000,-62.596274,205467.080848,177.515843,204847.848561,57.501681,206616.999881,95.508376,668.571295,-24.430955,667.808301,-144.766829,666.367389,59.955471,-0.014426,1,0
28.267000,-62.627159,205146.164653,177.349301,206888.054032,57.367870,206519.924626,95.424915,668.811109,-24.738286,662.437158,-144.226136,664.451789,59.950770,-0.014676,1,0
28.300000,-62.551358,205238.400775,177.385679,206172.231311,57.362285,205599.772207,95.216121,666.011226,-24.255122,659.610347,-144.246161,667.316973,59.952796,-0.001549,1,0
28.333000,-62.620070,206738.944833,177.387836,206627.638345,57.377261,206808.702352,95.563387,654.980339,-24.762290,652.810212,-144.645451,658.865524,59.953279,0.002360,1,0
28.367000,-62.853460,208373.214316,177.422014,206291.429449,57.242021,205608.960672,94.646439,659.690576,-24.629164,659.346550,-144.870657,659.848031,59.954025,-0.003700,1,0
28.400000,-62.542332,207734.472609,177.337020,206239.690172,57.438214,206352.507657,95.580856,666.318524,-24.708245,662.946228,-144.705708,663.189614,59.957224,0.005944,1,0
28.433000,-62.582526,206167.985268,177.308730,207653.434445,57.422776,207044.583146,95.670118,663.977822,-24.943741,658.970975,-144.323345,664.011203,59.959015,-0.001557,1,0
28.467000,-62.684614,206704.476447,177.571441,206003.353303,57.494267,206803.179535,95.103828,664.385050,-24.329943,662.079394,-144.839905,659.119596,59.955809,0.004112,1,0
28.500000,-62.753406,207711.658336,177.472016,205411.818180,57.253863,207499.635409,95.054628,666.025295,-24.244552,661.486057,-144.777968,663.349834,59.957211,-0.002661,1,0
28.533000,-62.598628,207151.108995,177.441438,207765.710563,57.294442,204787.521294,95.247495,662.529581,-24.699972,662.773832,-144.652326,666.083973,59.955063,0.004885,1,0
28.567000,-62.610305,206196.118252,177.220736,205610.995305,57.323961,207063.948873,95.480292,666.556717,-24.607146,665.039058,-144.649912,665.655805,59.955853,0.014952,1,0
28.600000,-62.534310,205562.523158,177.366972,207342.629982,57.215339,204106.698835,95.248947,664.079131,-24.639113,661.995321,-144.768674,655.674841,59.961743,0.002499,1,0
28.633000,-62.498880,205459.351387,177.180837,207713.546146,57.299139,207706.583841,95.784108,658.270940,-25.033028,665.550521,-144.834547,657.409136,59.956865,-0.003178,1,0
28.667000,-62.578264,205246.691526,177.290477,206846.726379,57.180453,206310.501268,95.453527,662.890882,-24.553749,665.330197,-144.753810,664.894888,59.956078,-0.002970,1,0
28.700000,-62.591764,206212.380436,177.368986,206229.234759,57.375551,207859.467059,95.365075,662.906746,-24.463510,658.821146,-144.603012,662.706086,59.955416,0.005029,1,0
28.733000,-62.762966,204921.762948,177.234968,204204.413266,57.354557,205773.104898,95.478466,664.780898,-24.427375,659.114929,-144.634821,665.444099,59.962027,-0.005758,1,0
28.767000,-62.783731,206287.073995,177.079502,206164.565453,57.114505,205792.381264,95.042155,661.403933,-24.920149,659.795671,-144.861349,659.450514,59.960265,-0.003136,1,0
28.800000,-62.711210,206777.200839,177.237090,205879.139808,57.294816,205504.475946,95.540637,657.170318,-24.684769,662.323430,-144.876440,663.784796,59.961561,-0.004347,1,0
28.833000,-62.834326,203992.222857,177.323442,205701.666107,57.116185,205575.499550,95.416247,664.362096,-24.722237,665.555175,-145.113507,668.384986,59.951856,-0.000556,1,0
28.867000,-62.860786,207042.486956,177.305333,206200.976849,57.159188,206816.793801,95.290575,670.609645,-24.699839,668.706420,-144.994003,663.907243,59.960251,0.002107,1,0
28.900000,-62.915870,206160.111030,177.088367,204236.094053,57.063798,204995.400683,94.735922,664.639240,-24.872555,664.472632,-144.577531,665.626725,59.951435,0.002820,1,0
28.933000,-62.618444,205353.540870,177.446223,206079.832513,57.060136,207203.140911,94.887880,668.493513,-24.382149,661.248746,-144.665329,662.864313,59.963523,0.010484,1,0
28.967000,-62.875596,206056.959056,177.216739,205458.123793,57.380764,205931.823261,94.987016,658.791163,-24.521902,661.921943,-144.219675,659.875285,59.950823,-0.004468,1,0
29.000000,-62.717728,205799.170445,177.250053,204935.492229,57.269005,206600.193222,95.325040,657.957304,-24.951764,657.362200,-144.715764,660.869259,59.950505,-0.008639,1,0
29.033000,-62.704056,207203.437388,177.231343,205203.630288,57.360152,205042.629466,95.579410,657.318401,-24.765620,663.201038,-144.601397,659.055116,59.958186,-0.002917,1,0
29.067000,-62.698517,206642.255270,177.337651,206996.445260,57.292013,207350.290491,95.516757,654.296378,-24.702483,666.704186,-144.838193,664.541477,59.953535,0.011667,1,0
29.100000,-62.798989,203961.146203,177.245627,207777.211661,57.185432,205860.281529,95.375214,665.486328,-24.819006,666.715032,-144.538361,663.985807,59.960196,0.003704,1,0
29.133000,-62.621205,206358.720862,177.554796,206605.440161,57.347136,205468.135608,95.329260,665.764089,-24.326790,659.257589,-144.542998,663.372970,59.955091,0.009082,1,0
29.167000,-62.846109,204317.761822,177.226568,207039.251129,57.263261,206148.797965,95.222749,674.995864,-24.754183,668.130455,-144.751692,666.404045,59.954548,0.016174,1,0
29.200000,-62.734527,207846.286243,177.367941,205338.635906,57.304559,206212.877495,95.288058,664.332270,-24.721470,657.452650,-144.740314,662.874741,59.965446,-0.011163,1,0
29.233000,-62.708747,208047.538926,177.324552,206453.440685,57.254851,207519.863552,95.367132,669.778017,-24.853261,667.075284,-144.765210,670.629500,59.963318,0.005253,1,0
29.267000,-62.718849,206565.829174,177.138713,204948.320771,57.135418,208064.807917,95.506010,666.982906,-24.903754,665.484245,-144.603197,662.479296,59.964630,-0.005344,1,0
29.300000,-62.644387,207066.239522,177.176135,207315.745671,57.239368,207992.737619,95.175295,663.622426,-24.546414,675.987349,-144.766365,665.684978,59.954913,0.002417,1,0
29.333000,-62.589219,205883.457341,177.185844,205113.644745,57.147890,206869.856093,95.096017,670.218503,-24.844123,669.207612,-144.904556,664.063610,59.963158,0.013828,1,0
29.367000,-62.775361,207010.586696,177.256351,205641.307437,57.264855,206427.015428,95.168079,667.059400,-24.420437,663.616698,-144.600894,663.484221,59.954871,-0.010292,1,0
29.400000,-62.756319,206354.924252,177.413288,205053.638831,57.196237,206930.842023,95.446427,670.569960,-24.761905,662.051635,-144.840243,665.360345,59.962918,-0.010455,1,0
29.433000,-62.905809,205240.593485,177.229807,207633.587518,57.185663,206464.006288,94.791152,661.808772,-24.779915,667.381963,-145.288718,671.742088,59.956954,0.007765,1,0
29.467000,-62.760473,206815.140258,177.158995,205862.939598,57.202789,205484.619030,94.915036,659.666342,-24.549100,666.071978,-144.896277,657.545009,59.952077,-0.006170,1,0
29.500000,-62.849025,205614.922455,177.136585,206281.496210,56.976052,206612.379400,95.347399,666.114460,-25.088823,666.344073,-145.210708,664.034211,59.949660,0.009980,1,0
29.533000,-62.943348,206809.741828,177.166620,207665.197477,57.249264,206918.128859,94.942772,660.728323,-24.749933,656.600022,-144.900673,667.585240,59.944681,-0.000441,1,0
29.567000,-62.886645,205151.108274,177.067211,206118.019932,57.234731,206843.834109,94.998942,663.329925,-24.892611,657.947869,-144.733756,661.584087,59.952387,0.006969,1,0
29.600000,-62.697273,207320.285300,177.164604,204125.357404,57.086639,206434.584823,95.287619,654.822008,-25.098566,659.982229,-144.911204,663.856077,59.954442,0.001750,1,0
29.633000,-62.830541,206049.479879,177.394295,205456.816079,57.341645,207268.391276,95.144661,666.602207,-24.538021,669.387511,-144.412553,667.675953,59.958496,-0.006528,1,0
29.667000,-62.737989,207636.005807,177.185461,206001.675528,57.228312,206784.117073,95.444968,667.722533,-24.832924,665.044704,-144.809830,668.831034,59.954249,0.002992,1,0
29.700000,-62.790348,206290.104165,177.186769,207539.104497,57.411092,205482.717164,95.241620,662.717301,-24.856112,661.599481,-144.559450,670.614715,59.954728,-0.009996,1,0
29.733000,-62.848156,205689.809184,177.280890,205839.973648,57.402118,205846.772066,94.920889,662.083942,-24.608223,668.639609,-144.515400,670.352994,59.950861,0.010188,1,0
29.767000,-62.811079,205232.790975,177.167699,206758.815950,57.344877,205642.618404,94.886848,670.519958,-24.956298,672.464330,-144.729304,668.302876,59.942660,-0.012054,1,0
29.800000,-62.676960,206000.429119,177.281512,207415.340858,57.132599,205913.288786,95.309462,661.759999,-25.012290,669.851211,-144.822138,668.976374,59.946286,0.004150,1,0
29.833000,-62.675000,206393.691545,177.361981,205507.342840,57.029222,205107.531081,95.244903,668.704257,-24.544085,668.252189,-145.006205,667.832127,59.936245,0.000626,1,0
29.867000,-62.917798,204668.420333,177.025326,204732.649022,57.301466,206901.686375,95.300349,667.971439,-25.096962,666.425845,-144.811184,667.866731,59.947189,-0.000895,1,0
29.900000,-62.757761,205166.151366,177.115638,207435.183499,57.171598,207475.027655,95.493763,668.036335,-24.734979,668.647525,-144.788493,663.923852,59.950543,0.011202,1,0
29.933000,-62.760372,207253.427023,177.490879,204280.974874,57.196906,207644.325946,95.375080,661.976589,-24.631133,662.958902,-144.401816,658.552594,59.948838,-0.000740,1,0
29.967000,-62.765367,206993.480250,177.144325,207131.943032,57.112811,204838.817232,95.383651,662.748828,-24.833095,662.730277,-144.496486,663.877960,59.945691,-0.007058,1,0
30.000000,-62.850441,205749.297407,177.294135,205202.752132,57.360904,207509.748829,95.178398,661.230949,-24.877914,650.412699,-144.623462,663.803182,59.937633,-0.001650,1,0
