TIMESTAMP,BUS33_VA_ANG,BUS33_VA_MAG,BUS33_VB_ANG,BUS33_VB_MAG,BUS33_VC_ANG,BUS33_VC_MAG,BUS33_IA_ANG,BUS33_IA_MAG,BUS33_IB_ANG,BUS33_IB_MAG,BUS33_IC_ANG,BUS33_IC_MAG,BUS33_Freq,BUS33_ROCOF,DATA_PRESENT,Event
0.000000,-58.553255,206809.734778,-178.620866,208015.874626,61.378811,208011.191106,99.760281,664.392559,-20.429476,666.684863,-140.588397,668.348115,59.942020,-0.000623,1,0
0.033000,-58.778954,206869.957602,-178.667243,208392.375857,61.288350,207619.627913,99.259912,671.047284,-20.507096,671.464875,-141.085898,668.131728,59.949389,0.011836,1,0
0.067000,-58.643030,205050.023220,-178.807366,206756.316602,61.391696,207574.907325,99.314788,671.548949,-20.828052,666.446712,-140.997539,665.629463,59.950137,0.006447,1,0
0.100000,-58.810380,207667.397547,-178.656356,206959.294079,61.467584,207537.232168,99.190681,671.943105,-20.448395,667.287477,-140.312864,667.105866,59.951270,-0.002561,1,0
0.133000,-58.719123,206861.775891,-178.660840,206412.189399,61.512132,207422.582758,99.263765,671.388629,-20.457187,665.379659,-140.544251,670.011989,59.958267,-0.010008,1,0
0.167000,-58.668252,206856.763843,-178.529204,206912.122681,61.358019,207161.772560,99.236350,665.040223,-20.321651,671.621050,-140.800598,665.460990,59.955715,-0.005496,1,0
0.200000,-58.802694,206451.759386,-178.470036,206831.314941,61.275923,206898.296630,99.167484,664.282322,-20.596640,663.831170,-140.511583,668.945901,59.954850,0.010457,1,0
0.233000,-58.532728,207960.192136,-178.657293,207094.000602,61.384433,205805.501178,99.768425,670.493685,-20.581400,664.332807,-140.629576,663.260809,59.955477,-0.003187,1,0
0.267000,-58.619822,205188.286179,-178.586074,207083.191236,61.427078,208117.758511,99.411045,667.094629,-20.213898,673.990863,-140.724475,670.981826,59.960424,-0.001882,1,0
0.300000,-58.594415,205319.595436,-178.620936,206843.414404,61.441780,207460.600581,99.481143,672.983581,-20.573477,663.574164,-140.532981,668.457933,59.937321,0.003620,1,0
0.333000,-58.523656,207313.094041,-178.543747,205448.080780,61.360901,206258.982681,99.280671,665.745185,-20.528753,666.762943,-140.966709,666.073137,59.953664,-0.006019,1,0
0.367000,-58.631796,202920.312941,-178.794146,207020.410932,61.367049,206751.829441,99.107254,671.925161,-20.660245,664.901171,-140.531520,675.021762,59.955310,-0.004486,1,0
0.400000,-58.635806,204038.858663,-178.633510,205589.454002,61.442102,206695.250348,98.896161,665.532895,-20.424916,663.856671,-140.849632,667.245310,59.960293,0.011759,1,0
0.433000,-58.665674,205816.532464,-178.560216,205850.797923,61.425842,206472.304810,99.636877,666.358239,-20.495680,673.112128,-140.458054,667.084601,59.954152,-0.005328,1,0
0.467000,-58.550670,205397.125777,-178.624273,206474.816998,61.551922,204168.303228,99.400972,667.761600,-20.589725,668.641037,-140.816490,668.186424,59.945472,0.003348,1,0
0.500000,-58.526577,205333.837068,-178.399472,205920.533053,61.481487,206256.482189,99.540017,667.002819,-20.278560,667.916217,-140.343507,667.162834,59.955079,0.004532,1,0
0.533000,-58.624969,206894.937371,-178.625880,207137.791037,61.290833,205890.693025,99.338754,661.650945,-20.550794,668.064826,-140.429544,670.501251,59.943970,0.007740,1,0
0.567000,-58.683198,206197.375876,-178.670818,206986.660138,61.675277,207052.132898,99.633077,669.759588,-20.715210,666.400693,-140.523652,666.757613,59.950265,0.006002,1,0
0.600000,-58.650847,207578.050367,-178.412310,205547.204633,61.352923,206337.627529,99.543661,666.296408,-20.457120,671.439333,-140.481790,672.859194,59.946254,-0.005115,1,0
0.633000,-58.635131,205512.347086,-178.765226,207710.285862,61.288652,204897.551000,99.451508,670.522422,-20.590079,672.481211,-140.642005,668.614119,59.951895,0.004977,1,0
0.667000,-58.572984,205949.849577,-178.571418,206748.680359,61.376846,205739.424785,99.553615,664.503271,-20.574779,665.764098,-140.829145,661.792218,59.956611,-0.004780,1,0
0.700000,-58.518047,206688.489914,-178.734985,207449.436624,61.405284,207185.511169,99.119758,668.412498,-20.785730,674.935018,-140.251554,664.837103,59.956841,0.008832,1,0
0.733000,-58.642665,206326.742547,-178.724208,206115.249057,61.492636,206863.009661,99.286387,661.995057,-20.984203,662.493856,-140.555609,667.585744,59.949202,0.015705,1,0
0.767000,-58.826155,206635.654648,-178.553973,207752.971367,61.451541,207661.391204,99.387317,665.065855,-20.389814,667.138546,-140.569344,665.984657,59.950114,0.014198,1,0
0.800000,-58.797673,204754.006888,-178.786859,206361.969267,61.226189,206932.453644,98.976082,668.134115,-20.768457,665.792707,-141.085791,668.343569,59.944548,0.005377,1,0
0.833000,-58.748244,206982.556156,-178.574018,205103.774000,61.215264,205454.888540,99.038210,664.874799,-20.752801,667.779066,-141.074302,663.046319,59.945349,-0.005695,1,0
0.867000,-58.700933,206811.555311,-178.779333,207086.233045,61.339258,206038.127192,99.177715,662.750276,-21.138264,665.048472,-140.713346,665.116191,59.947603,-0.000378,1,0
0.900000,-58.617306,206779.672234,-178.795114,206339.383173,61.416810,207771.251323,99.400977,669.427607,-20.635686,672.045162,-140.384571,670.093480,59.939086,0.003186,1,0
0.933000,-58.804238,205946.868810,-178.657172,206358.410456,61.382056,206759.976416,99.253430,673.694307,-20.544335,666.151235,-140.689697,672.596274,59.952547,0.000840,1,0
0.967000,-58.577490,205956.297557,-178.699826,205828.763830,61.212913,208088.230132,99.248311,669.751593,-20.848095,673.474711,-140.487343,671.650987,59.947879,0.002663,1,0
1.000000,-58.695974,207435.457125,-178.663590,206962.828191,61.256662,207634.615077,99.478071,674.088258,-20.794793,673.385427,-141.030735,668.915900,59.945988,-0.004308,1,0
1.033000,-58.876864,207339.286383,-178.771243,206915.042428,61.271615,205456.048432,98.980570,670.122748,-20.677452,669.554969,-140.623046,670.817077,59.945132,0.002820,1,0
1.067000,-58.841798,205933.359156,-178.770814,205901.812839,61.293195,207952.263283,99.082809,666.975603,-20.998646,670.644152,-140.746826,670.328178,59.941673,0.005936,1,0
1.100000,-58.725881,206466.617111,-178.598847,207687.493239,61.308284,207319.067124,99.109132,675.963657,-20.654740,667.370841,-140.305802,670.649207,59.952694,0.009006,1,0
1.133000,-58.687623,208040.637554,-178.891316,207065.317742,61.261900,206986.365171,99.482225,665.285572,-21.001500,667.976430,-141.030983,670.012738,59.949378,0.004367,1,0
1.167000,-58.643671,208172.308036,-178.560124,207746.408601,61.367049,207719.521246,99.310377,675.046239,-20.255973,671.405441,-140.892562,669.129849,59.953134,0.012616,1,0
1.200000,-58.599511,205234.061199,-178.696544,207460.985532,61.265208,205456.237156,99.585347,669.593707,-20.785843,666.903305,-140.598041,663.345239,59.949046,0.002133,1,0
1.233000,-58.533428,206512.926722,-178.618289,207399.720914,61.324511,205227.512365,99.774188,671.385213,-20.526144,667.190228,-140.733811,671.058898,59.946950,-0.006565,1,0
1.267000,-58.626729,206931.309090,-178.689101,207193.360708,61.359506,207934.078031,99.543987,664.827055,-20.886551,660.545362,-140.458666,663.741770,59.956666,-0.000452,1,0
1.300000,-58.713011,205900.777819,-178.616345,205203.420485,61.285669,206199.036180,99.321184,673.418785,-20.669872,667.033593,-140.661506,666.158521,59.948349,0.004265,1,0
1.333000,-58.661782,206801.519268,-178.477968,207157.519036,61.324000,206608.485693,99.410607,669.848834,-20.625741,674.375120,-140.544048,668.336694,59.954561,-0.001981,1,0
1.367000,-58.620732,206565.415757,-178.729621,205959.311316,61.219371,207220.002470,99.610172,670.360709,-20.842241,675.718052,-141.051587,671.074305,59.950152,0.012856,1,0
1.400000,-58.741452,205252.748570,-178.657444,207828.992269,61.125217,205126.549175,99.487256,670.644807,-20.793914,667.388871,-141.136748,669.397792,59.948126,-0.017716,1,0
1.433000,-58.494649,207300.744520,-178.478713,204966.124746,61.427963,206718.171378,99.573275,667.325944,-20.717968,665.886942,-140.573032,668.302958,59.942218,-0.007248,1,0
1.467000,-58.711063,205341.846245,-178.667696,207768.192894,61.265595,206191.950813,99.401891,669.727694,-20.649621,667.783992,-140.485514,668.851010,59.948222,0.006023,1,0
1.500000,-58.723347,205812.494368,-178.803665,205702.843164,61.263427,207192.209691,99.177776,666.329869,-20.635579,663.998202,-141.164114,674.551987,59.943188,0.009889,1,0
1.533000,-58.619059,207191.384736,-178.553754,207032.116876,61.349112,206475.255399,99.612364,667.048902,-20.272756,669.665628,-140.687438,666.302714,59.933382,0.006620,1,0
1.567000,-58.516065,206496.983527,-178.516478,207626.978202,61.446822,206111.370733,99.467538,665.032109,-20.450779,662.662362,-140.188823,672.524075,59.940582,-0.002662,1,0
1.600000,-58.532107,206314.027053,-178.793651,206864.382817,61.258566,206762.204689,99.793212,670.604831,-20.624015,668.526253,-140.959694,668.600424,59.944805,-0.003509,1,0
1.633000,-58.634977,205266.632045,-178.791612,207386.789147,61.323682,207611.549563,99.568984,662.729434,-20.752086,668.710643,-140.815090,664.454613,59.946264,-0.001578,1,0
1.667000,-58.715626,206337.853043,-178.733608,207453.278030,61.266883,207002.945488,99.312353,661.986198,-20.508425,668.701472,-140.770937,669.747337,59.944108,0.004457,1,0
1.700000,-58.831736,204970.065140,-178.597197,205789.143040,61.185463,206624.924298,99.229481,663.001273,-20.645262,671.179928,-140.906379,665.108466,59.939639,-0.007698,1,0
1.733000,-58.703055,208289.732912,-178.714289,206812.524214,61.101973,206314.308529,99.397542,662.269129,-20.764200,665.320999,-141.202505,663.556953,59.938257,0.011442,1,0
1.767000,-58.830461,206151.738723,-178.817897,208826.728824,61.116723,206516.995179,99.399595,660.014066,-20.904511,666.494138,-140.999623,662.471674,59.942867,0.005798,1,0
1.800000,-58.683482,208530.835000,-178.790838,208301.283274,61.206531,208273.616668,99.493947,666.327635,-20.842450,672.634509,-140.900065,673.676666,59.941158,-0.006720,1,0
1.833000,-58.671917,207453.123841,-178.714873,206884.285767,61.136064,206853.612329,99.692102,663.479992,-20.879919,661.094438,-140.645445,659.485007,59.942037,-0.002588,1,0
1.867000,-58.755804,206827.195759,-178.598905,205688.242869,61.223034,207027.194312,99.304600,663.262847,-20.651061,660.599617,-140.919685,664.372529,59.933204,0.013923,1,0
1.900000,-58.901131,206447.013072,-178.767624,208251.011974,61.251075,207311.157949,99.254209,669.374595,-20.595915,673.139170,-140.783415,666.853491,59.939389,-0.001822,1,0
1.933000,-58.784127,207737.269992,-178.737305,207817.865168,61.087089,206301.837981,99.143049,665.078881,-20.948017,670.477342,-140.838478,666.130037,59.939154,0.008005,1,0
1.967000,-58.735379,207780.445064,-178.972093,209198.564509,61.075404,208524.070188,99.401497,664.866578,-21.250023,667.585376,-141.031639,664.317512,59.938812,0.020683,1,0
2.000000,-58.848244,208085.905953,-178.647219,206650.427678,61.274158,208156.371982,99.118602,664.104498,-20.901342,661.725000,-140.968520,665.952950,59.933353,0.005272,1,0
2.033000,-58.880910,206603.166946,-178.763199,206978.292515,61.080709,207862.902874,99.022861,659.907055,-20.776279,665.634303,-140.825642,658.445538,59.949013,-0.002206,1,0
2.067000,-58.938153,207181.175708,-178.871133,207236.016080,61.342966,207738.134496,98.955045,667.738694,-21.069116,664.248467,-140.842235,665.385000,59.940712,0.014340,1,0
2.100000,-58.970920,206127.650552,-178.725965,207831.362934,61.192021,207309.981044,98.711613,674.220149,-20.584724,668.325197,-140.984164,673.455716,59.935506,0.009872,1,0
2.133000,-58.756221,206323.764691,-178.844035,206986.932738,61.263252,205653.780142,99.091506,673.266585,-20.785292,665.353277,-140.525013,666.088555,59.946048,0.003562,1,0
2.167000,-58.616509,208314.017939,-178.935656,206196.615298,61.235512,207691.941127,99.208993,669.909194,-20.990333,672.244811,-140.742179,669.633233,59.933026,-0.002142,1,0
2.200000,-59.038967,206263.002543,-178.981371,207542.356865,61.129817,207948.460210,99.058650,670.926842,-20.798752,670.854621,-140.753393,671.321277,59.936330,-0.011797,1,0
2.233000,-58.805318,206767.424608,-178.804537,208225.301970,60.955115,206272.387074,99.040205,670.879035,-21.097059,673.160905,-140.985495,667.992436,59.950314,0.003362,1,0
2.267000,-58.951764,208303.751738,-178.828273,209419.384701,61.239867,209137.878650,99.281157,672.572222,-20.957065,668.985857,-140.656136,667.327606,59.952547,0.011336,1,0
2.300000,-58.639082,207035.429165,-178.739636,206931.692138,61.317889,208833.090690,99.117561,671.821095,-20.870097,677.604480,-140.395471,676.222901,59.947954,0.002880,1,0
2.333000,-58.721183,207366.668722,-178.702128,206662.183419,61.352802,207921.537372,99.124505,667.720481,-20.888834,671.253669,-141.125585,673.503066,59.943177,0.002391,1,0
2.367000,-58.721343,211173.677361,-178.795017,207760.319245,61.189616,208534.040070,99.049611,668.249126,-20.697511,674.094699,-140.487879,672.439546,59.945488,-0.010829,1,0
2.400000,-58.669253,209443.787488,-178.885451,207624.595322,61.281562,207345.342770,99.133996,674.412402,-20.744198,665.137913,-140.806166,674.018957,59.945791,-0.007426,1,0
2.433000,-58.652947,206422.651555,-178.815364,208902.294378,61.227566,207538.783095,99.396718,673.177307,-20.544890,671.954519,-140.825484,674.124429,59.956587,-0.006002,1,0
2.467000,-58.784017,207222.871448,-179.156949,208722.787744,61.189715,206332.861057,99.272803,676.068955,-21.349631,673.500311,-141.027123,674.908086,59.957966,0.003001,1,0
2.500000,-58.795870,208807.979061,-178.764874,207840.510488,61.215255,208906.134768,98.883073,669.251885,-20.997553,673.951217,-140.653202,674.696165,59.944125,-0.004325,1,0
2.533000,-58.731349,206750.322261,-178.661601,206672.439601,61.167161,208112.420535,98.891968,672.047445,-20.487482,664.585070,-140.939895,676.988863,59.946863,0.002164,1,0
2.567000,-58.592221,207220.751506,-178.785991,210078.947216,61.154874,206844.738209,99.506861,672.809328,-20.607383,673.809141,-140.807998,678.293142,59.936618,-0.001642,1,0
2.600000,-58.891072,206295.330710,-178.752174,208462.353581,61.393960,207405.848009,99.356807,668.747879,-20.685726,670.713467,-140.311875,670.344699,59.942633,-0.009732,1,0
2.633000,-58.570877,207880.922100,-178.789765,207455.447485,61.340326,204917.589529,99.532890,670.723653,-20.585243,675.115968,-140.803453,665.928093,59.941885,-0.003434,1,0
2.667000,-58.659078,207786.974912,-178.824690,208608.130335,61.216507,208526.439386,99.471848,668.926226,-20.484953,673.830691,-141.026780,664.538451,59.946939,-0.014552,1,0
2.700000,-58.840320,206780.440620,-178.677411,207264.607694,61.201152,207775.258358,98.930314,667.274957,-20.437270,672.446280,-140.913515,673.225657,59.947429,0.011221,1,0
2.733000,-58.775368,206636.189958,-178.761578,205860.409308,61.015998,207634.545880,99.663053,675.630785,-20.787896,667.043863,-141.078115,674.540219,59.941732,-0.002378,1,0
2.767000,-58.725930,205282.970134,-178.751760,208007.587797,61.375264,208673.291988,99.162068,670.289192,-20.268137,668.577010,-140.739888,675.043820,59.936305,-0.001832,1,0
2.800000,-58.766953,207799.558099,-178.585567,206975.968259,61.200356,205840.813282,99.197094,672.594877,-20.661627,678.852233,-140.828881,668.742371,59.946178,-0.014515,1,0
2.833000,-58.720733,206404.740296,-178.702446,207082.675156,61.311860,206783.096534,99.463128,672.706282,-20.407901,673.128763,-140.780946,675.150830,59.945531,-0.002206,1,0
2.867000,-58.916485,207438.685257,-178.589706,207971.820529,61.412319,207820.000920,99.161346,657.123161,-20.880340,674.715733,-140.894829,670.871450,59.934175,0.002341,1,0
2.900000,-58.636376,206096.368467,-178.649321,207861.861858,61.287024,207892.267430,99.337911,667.303882,-20.441209,672.421275,-140.919159,674.347172,59.945646,-0.002544,1,0
2.933000,-58.707950,207359.241485,-178.752982,208049.619667,61.451525,208506.765100,99.287138,667.247026,-20.626923,665.187020,-140.810151,670.957306,59.937767,-0.002195,1,0
2.967000,-58.573878,207796.923367,-178.867187,207828.702406,61.425398,207369.524370,99.266053,669.354665,-21.064938,670.553605,-140.032200,665.375491,59.940715,0.005265,1,0
3.000000,-58.541527,204967.459919,-178.917282,207284.293195,61.277896,206970.624999,99.583023,664.098103,-20.675664,674.178775,-140.810431,673.604597,59.939592,-0.004170,1,0
3.033000,-58.473320,205966.701107,-178.629292,207056.026030,61.235138,206992.918180,99.400522,663.387298,-20.724973,666.407145,-141.084897,668.874264,59.937278,-0.009578,1,0
3.067000,-58.639174,206475.489252,-178.612087,206042.215833,61.226435,208323.811796,99.382427,663.153158,-20.469432,664.916129,-140.774264,665.304265,59.932064,-0.001701,1,0
3.100000,-58.549466,205447.816477,-178.816604,206530.503268,61.368883,206783.604109,99.164242,668.756863,-20.764047,661.215562,-140.778368,666.101327,59.933628,-0.011220,1,0
3.133000,-58.668236,206261.257083,-178.654023,209360.844074,61.345165,206127.257548,99.365095,663.917976,-20.904362,664.891972,-140.429422,663.441011,59.937683,-0.004817,1,0
3.167000,-58.570169,203683.874111,-178.701061,206730.989922,61.216640,206956.667428,99.529825,666.697813,-20.656891,667.962657,-140.605280,661.931822,59.945408,0.000653,1,0
3.200000,-58.644487,208094.078192,-178.721921,207766.025007,61.078334,206337.181638,99.085830,659.816096,-20.633935,663.114025,-141.073680,670.597975,59.935916,-0.006842,1,0
3.233000,-58.779621,206260.785269,-178.598241,206653.556883,61.186694,207381.907764,99.255720,661.090221,-20.331094,659.693271,-140.962746,665.035468,59.937756,0.008238,1,0
3.267000,-58.731694,206101.762978,-178.664505,206250.363098,61.170631,207132.991824,99.054837,655.653787,-20.631971,660.775200,-140.763613,659.131184,59.935211,-0.003365,1,0
3.300000,-58.546618,206116.901011,-178.735800,206424.344804,61.208618,205772.934551,99.500062,661.218621,-20.833765,656.643425,-140.918167,658.627497,59.937663,-0.000267,1,0
3.333000,-58.742676,207314.214105,-178.726581,206228.498311,61.455837,205535.833257,99.054922,663.284008,-20.689891,659.191194,-140.571288,665.234410,59.935251,0.000043,1,0
3.367000,-58.702488,207597.739623,-178.651487,205647.273380,61.361712,205649.112854,99.164347,659.420706,-20.633184,658.517632,-140.349636,655.600165,59.935644,-0.007848,1,0
3.400000,-58.661707,205197.157715,-178.873651,204131.498658,61.287102,205952.420256,99.291772,658.915461,-20.691860,661.523743,-140.716541,659.481418,59.939391,-0.004567,1,0
3.433000,-58.727411,205811.933833,-178.613273,206287.095144,61.385181,206021.077993,99.407212,664.062092,-20.858744,658.673640,-140.898021,656.517602,59.935901,-0.000869,1,0
3.467000,-58.702596,206007.519775,-178.686405,206111.756323,61.420072,206964.720531,99.276116,660.374013,-20.553723,664.965837,-140.420919,667.914424,59.941948,0.001103,1,0
3.500000,-58.541440,206701.521956,-178.587463,207950.429021,61.281997,206865.155294,99.494110,658.458346,-20.628846,657.827933,-140.693978,658.985130,59.940659,-0.007136,1,0
3.533000,-58.517595,206465.144701,-178.458569,206113.265041,61.485095,207258.293582,99.351010,658.505084,-20.572865,665.330210,-140.583230,660.108983,59.939719,-0.007844,1,0
3.567000,-58.640278,206239.190101,-178.623941,207644.390728,61.244683,208385.635537,99.134877,661.768579,-20.247358,666.188833,-140.965494,658.909019,59.935731,-0.009492,1,0
3.600000,-58.654075,206418.194451,-178.754848,205245.653751,61.373868,206516.909178,99.728003,665.256550,-20.779630,670.447567,-140.539642,665.066035,59.939728,0.014491,1,0
3.633000,-58.693114,205416.963491,-178.732191,206842.200632,61.333223,203836.242150,99.409735,665.897649,-20.724612,661.165596,-140.445869,663.383529,59.941358,-0.005692,1,0
3.667000,-58.753936,205958.891947,-178.695810,205564.535925,61.380203,205065.107856,99.380343,669.001134,-20.764228,665.410235,-140.478787,663.955920,59.936874,-0.004083,1,0
3.700000,-58.658865,207006.835977,-178.638631,208022.592428,61.216963,206455.927941,99.464889,663.946766,-20.749165,667.546194,-141.121510,660.889693,59.948753,0.012620,1,0
3.733000,-58.596030,206354.898667,-178.473320,207352.962706,61.320787,207078.827157,99.301011,670.699072,-20.551923,663.715029,-140.732485,665.308645,59.938888,0.001560,1,0
3.767000,-58.748164,206751.807130,-178.791560,206410.479901,61.464604,207690.755605,99.262712,663.240792,-20.674287,672.906814,-140.450571,680.966035,59.938931,0.008635,1,0
3.800000,-58.696754,205508.956640,-178.670967,206220.269420,61.197392,204782.417641,99.018292,670.075552,-20.515948,665.514096,-141.087229,663.555956,59.942348,0.003709,1,0
3.833000,-58.766071,206484.610881,-178.719348,208897.619080,61.445747,205929.969591,99.172967,666.910911,-20.784373,666.554518,-140.155571,666.152348,59.945385,-0.000109,1,0
3.867000,-58.897466,207769.193219,-178.740730,204751.226111,61.139348,205911.721356,99.229493,663.082195,-20.918525,665.473902,-141.022604,664.863429,59.944582,0.012561,1,0
3.900000,-58.701951,203702.235291,-178.691444,205582.250549,61.378370,205357.309011,99.306717,666.934189,-20.800946,664.563301,-140.610212,663.072954,59.947954,0.000469,1,0
3.933000,-58.809886,205369.189112,-178.708070,205995.438914,61.256800,206241.755779,99.049709,669.515871,-20.562342,667.190849,-140.871780,662.787698,59.950955,-0.003320,1,0
3.967000,-58.734811,206677.680992,-178.879728,206246.328157,61.286092,205225.937314,99.099613,667.424598,-20.809898,666.405164,-140.636822,661.372404,59.949248,-0.009433,1,0
4.000000,-58.771016,204357.213546,-178.806245,204823.356325,61.195482,204995.756055,99.430303,668.458701,-21.102561,666.350200,-140.650230,669.557898,59.948525,0.000803,1,0
4.033000,-58.887743,206389.964785,-178.786446,205745.882095,61.359379,205386.839170,99.192810,671.017533,-20.604344,673.097829,-140.478855,665.983278,59.946508,-0.010403,1,0
4.067000,-58.877295,205470.837417,-178.765758,206360.557218,61.208696,207311.789813,99.110654,657.667936,-20.924525,669.910371,-140.903164,668.940752,59.948796,-0.002770,1,0
4.100000,-58.911491,205626.003857,-178.780260,205416.500120,61.183793,206586.764326,98.961350,667.750792,-20.880204,665.087472,-140.977653,668.498432,59.945347,-0.011729,1,0
4.133000,-58.818905,205899.679773,-178.806127,206543.605249,61.223644,204975.196707,99.217524,664.897971,-20.724210,672.529935,-140.725717,664.863017,59.940831,0.007017,1,0
4.167000,-58.531665,204265.833783,-178.546901,206165.389641,61.252563,207191.111860,99.695661,662.199417,-20.538397,659.117143,-140.851418,666.363760,59.952295,-0.009419,1,0
4.200000,-58.726947,206805.308504,-178.571154,207647.022320,61.167533,205189.474965,99.363161,659.367564,-20.808038,660.432708,-140.537815,670.221824,59.957571,-0.000535,1,0
4.233000,-58.702178,203986.481260,-178.668985,207252.287611,61.392105,204958.360678,99.461629,658.970522,-20.700546,663.673227,-140.867550,668.511480,59.951089,-0.002914,1,0
4.267000,-58.898925,206161.564039,-178.564414,205650.793485,61.349166,205768.836795,99.101408,660.697408,-20.671438,663.751217,-140.381781,664.275616,59.948057,0.004786,1,0
4.300000,-58.639636,205586.117968,-178.610333,206217.173149,61.366342,207051.470287,98.974813,661.765782,-20.778778,665.482163,-140.605133,660.721238,59.955143,0.009489,1,0
4.333000,-58.562351,203930.040528,-178.506050,203839.805180,61.412177,205698.600121,99.302077,669.598276,-20.673523,660.497354,-140.239175,660.357922,59.956758,-0.005395,1,0
4.367000,-58.485957,207532.275666,-178.706215,205153.005427,61.409689,205708.807726,99.633729,668.427246,-20.722872,667.801445,-140.635424,667.471045,59.957769,0.003727,1,0
4.400000,-58.604609,204756.174535,-178.532305,205876.743040,61.489644,208106.111876,99.317325,662.635483,-20.640717,661.368898,-140.256547,671.336653,59.954565,0.001236,1,0
4.433000,-58.580682,205708.844608,-178.710080,206130.952816,61.311568,206183.832504,99.564284,659.209162,-20.747928,660.301594,-140.469042,663.379275,59.948448,-0.007882,1,0
4.467000,-58.685670,203657.817664,-178.710188,206340.347379,61.453664,205363.655988,99.633932,665.046855,-20.734189,676.739849,-140.731736,668.268549,59.947462,-0.010063,1,0
4.500000,-58.672358,207369.530449,-178.506700,206377.089148,61.471716,206930.212598,99.555730,670.746290,-20.497099,668.102326,-140.291851,671.445363,59.943121,0.004012,1,0
4.533000,-58.570082,204327.821745,-178.418662,204980.895066,61.405985,204974.496064,99.309537,661.801584,-20.388781,669.160921,-140.228128,670.580278,59.947416,0.000154,1,0
4.567000,-58.657796,206242.633610,-178.367874,205651.863950,61.309589,205195.628137,99.123599,665.348987,-20.838101,664.580217,-140.728991,672.672993,59.956310,-0.005057,1,0
4.600000,-58.503724,205184.402945,-178.531508,205400.934902,61.482785,206318.025949,99.560660,671.020014,-20.531546,666.112807,-140.336260,666.988676,59.957844,0.009965,1,0
4.633000,-58.639257,204932.391879,-178.772242,205753.216258,61.370385,206846.385920,99.247700,666.888433,-21.011889,675.826926,-140.559834,666.731921,59.950137,-0.009722,1,0
4.667000,-58.782142,205447.782333,-178.643487,206274.620316,61.359448,205376.798017,99.373595,667.777271,-20.820721,670.348054,-140.652290,671.087855,59.948240,-0.004507,1,0
4.700000,-58.604878,205120.251530,-178.578539,205218.353708,61.589450,206057.336821,99.541765,669.131093,-20.500195,674.613880,-140.706666,673.864921,59.944972,0.002617,1,0
4.733000,-58.552948,205588.300269,-178.784267,206300.256436,61.338956,205681.249883,99.486134,669.350332,-20.673040,656.969400,-140.719553,656.864657,59.946622,0.009890,1,0
4.767000,-58.699311,206442.090739,-178.623414,206486.894368,61.208774,207356.127936,99.669542,660.955467,-20.976171,665.134959,-140.909458,660.322355,59.949394,-0.011772,1,0
4.800000,-58.802759,205491.430970,-178.565697,205944.230892,61.402847,206491.367128,99.167001,665.412869,-20.872336,670.713287,-141.088265,669.431760,59.948037,-0.018905,1,0
4.833000,-58.695576,204635.495827,-178.852710,206731.855238,61.404618,205209.768236,99.102434,661.593804,-20.948702,668.863760,-140.533787,662.999774,59.952668,-0.002245,1,0
4.867000,-58.809924,206457.052647,-178.868123,205618.765556,61.309946,205083.312549,99.134327,659.981327,-20.935994,669.839611,-140.404121,669.218012,59.949039,0.004549,1,0
4.900000,-58.654086,204403.419846,-178.643924,206731.750717,61.387525,205932.068853,99.437099,667.948608,-20.988654,660.824133,-140.664508,666.209085,59.945910,-0.003993,1,0
4.933000,-58.859797,207156.916607,-178.605886,206238.601581,61.528032,205912.342309,98.947278,663.420974,-20.268210,663.062073,-140.681004,662.618137,59.936073,-0.001130,1,0
4.967000,-58.699034,204937.107198,-178.649492,206984.335050,61.168501,205702.076994,99.283848,665.784192,-20.728098,658.662927,-140.556413,675.791526,59.949051,0.004871,1,0
5.000000,-58.629424,206867.305496,-178.721643,205541.333252,61.315210,206259.466393,99.066595,672.835601,-20.781695,671.787692,-140.767894,661.844894,59.951600,-0.001638,1,0
5.033000,-58.876163,205173.412959,-178.597776,206064.201254,61.293850,205483.559446,98.886670,662.407861,-20.454349,674.143177,-140.558202,668.170877,59.945904,0.003654,1,0
5.067000,-58.637334,204202.360730,-178.594411,206961.395340,61.409739,204461.001012,99.286622,669.495800,-20.316402,666.297047,-140.520973,670.362335,59.949244,0.003104,1,0
5.100000,-58.711933,204095.195531,-178.539380,205144.592754,61.428426,205035.889931,99.437541,664.995018,-20.538384,670.328253,-140.581409,665.547694,59.941441,-0.005993,1,0
5.133000,-58.946467,204973.272896,-178.753976,205463.951924,61.166702,206049.136369,99.164362,665.334158,-20.640839,668.858751,-140.946820,672.046824,59.949829,0.012594,1,0
5.167000,-58.895343,204135.919799,-178.926635,207186.061061,61.173969,207158.730374,99.049754,675.650907,-21.152472,673.109687,-140.759031,669.057839,59.945676,0.002707,1,0
5.200000,-58.770330,205591.737656,-178.644089,204528.713110,61.241320,203787.856605,99.380185,670.957849,-20.570439,671.571415,-140.780699,673.283333,59.938322,0.008046,1,0
5.233000,-58.693400,205947.460029,-178.805744,206635.511069,61.461865,207040.768704,99.078525,668.250023,-21.101802,663.319725,-140.859649,672.826220,59.947182,0.000061,1,0
5.267000,-58.688556,205600.982062,-178.754150,205185.656730,61.243949,204266.994247,99.002362,667.536669,-20.895113,673.211121,-140.596350,665.730924,59.946426,-0.006735,1,0
5.300000,-58.787616,206410.565142,-178.530307,205367.437244,61.431242,206020.117791,99.198446,667.265713,-20.354706,668.897618,-140.460493,669.716994,59.945122,-0.001252,1,0
5.333000,-58.669494,204829.026843,-178.732338,205322.444314,61.435430,205931.880700,99.217238,669.389860,-20.678243,668.596385,-140.502147,662.025943,59.942954,-0.006397,1,0
5.367000,-58.666174,203254.537905,-178.606311,204515.382318,61.410465,204463.825687,99.528878,671.920808,-20.384439,674.840875,-140.770034,669.745844,59.948760,0.004091,1,0
5.400000,-58.777193,205568.904185,-178.521239,205773.772886,61.285729,206352.845663,99.078678,678.421782,-20.697649,677.922983,-140.788816,662.248065,59.950539,-0.002319,1,0
5.433000,-58.450310,206067.132289,-178.630772,207569.764048,61.328439,205089.851763,99.636019,674.882820,-20.588137,677.237192,-140.611471,667.877938,59.952964,0.015221,1,0
5.467000,-58.596335,206466.398047,-178.784743,204860.122478,61.376642,205626.841126,99.428450,674.706861,-20.839299,669.472444,-140.739709,670.236190,59.947839,0.008768,1,0
5.500000,-58.588134,203888.336882,-178.548785,205518.860018,61.366707,203933.969260,99.550076,673.247122,-20.704112,670.677528,-140.767193,678.610359,59.946306,0.002421,1,0
5.533000,-58.607710,203779.330263,-178.598583,206645.658311,61.287880,207352.078291,99.559334,668.927962,-20.302136,678.462383,-140.613321,673.488742,59.948569,-0.003967,1,0
5.567000,-58.784379,205623.959092,-178.653153,205492.356401,61.409370,205613.377604,99.153084,678.783481,-20.563031,664.348606,-140.617443,673.633638,59.954101,-0.000297,1,0
5.600000,-58.648950,204355.795170,-178.727884,206253.221642,61.378232,205200.699968,99.527710,674.783358,-20.871591,670.513363,-140.561552,672.617829,59.949149,-0.002472,1,0
5.633000,-58.462726,205426.095454,-178.748611,204996.542565,61.401101,204723.651092,99.890895,672.509281,-20.382465,674.798382,-140.621599,667.623608,59.951950,0.007678,1,0
5.667000,-58.509805,205673.476824,-178.579144,205757.186671,61.509082,205811.722449,99.632714,669.684283,-20.225928,672.114815,-140.371849,668.390212,59.949239,-0.006645,1,0
5.700000,-58.751208,204344.495000,-178.878796,204927.921751,61.430017,203464.360532,99.023104,677.969603,-21.080844,678.247290,-140.461649,670.979186,59.938585,0.008902,1,0
5.733000,-58.533419,205806.790952,-178.686033,205138.933487,61.474139,205078.364919,99.505636,672.231380,-20.504933,669.293964,-140.495005,674.825783,59.949147,-0.001588,1,0
5.767000,-58.275582,206202.795785,-178.492719,204797.932271,61.491289,205909.195230,99.509850,670.569759,-20.381583,671.303899,-140.215663,670.553994,59.939940,0.000155,1,0
5.800000,-58.526204,206920.458538,-178.813288,204917.242365,61.230499,204466.596026,99.637911,672.475706,-20.349127,669.426293,-140.947764,676.946965,59.943137,0.006573,1,0
5.833000,-58.536385,205624.441942,-178.486154,207188.506883,61.314288,205758.663931,99.435022,669.738747,-20.517493,670.836901,-140.659199,673.357442,59.932664,-0.011053,1,0
5.867000,-58.619136,205363.814107,-178.490263,206085.128629,61.516334,205212.993099,99.521938,673.138432,-20.436047,676.458630,-140.537190,669.519471,59.930847,0.019516,1,0
5.900000,-58.604023,203164.759493,-178.551373,204653.983608,61.276583,206393.410721,99.199113,672.539756,-20.530504,679.542888,-140.792282,672.008100,59.940683,0.006187,1,0
5.933000,-58.527144,205215.267699,-178.706394,204835.196687,61.394463,207133.711393,99.497374,672.303384,-20.658654,666.910755,-140.581277,672.065282,59.938001,0.006722,1,0
5.967000,-58.556213,205716.184501,-178.554517,208097.389374,61.450107,205277.041729,99.519465,682.154639,-20.340780,669.345565,-140.443335,676.116931,59.940276,0.000126,1,0
6.000000,-58.428447,205144.148053,-178.402964,205752.984147,61.364675,206121.402260,99.749065,672.313146,-20.221114,670.281703,-140.615473,677.626619,59.939936,0.011756,1,0
6.033000,-58.512370,205704.620469,-178.693748,206027.317069,61.246148,205868.391549,99.252836,677.803889,-20.767422,677.860595,-140.627256,673.550534,59.936236,-0.001844,1,0
6.067000,-58.590969,205355.033458,-178.753501,205950.710932,61.350240,206097.092051,99.744465,675.301874,-20.583092,670.892113,-140.495942,675.295147,59.940970,-0.002646,1,0
6.100000,-58.712067,204410.823470,-178.529801,204361.852792,61.334535,206611.684396,99.384241,669.839927,-20.558165,677.054509,-140.739256,675.784232,59.938801,0.012663,1,0
6.133000,-58.576861,206944.589827,-178.621759,205209.981514,61.281840,207604.678385,99.628819,670.895535,-21.083012,671.339682,-140.918388,676.390964,59.934055,-0.001782,1,0
6.167000,-58.656137,206409.716473,-178.746973,205322.574629,61.339031,205342.966156,99.533585,675.021521,-20.591560,671.425831,-140.622704,672.271703,59.935905,-0.004673,1,0
6.200000,-58.639552,205407.747169,-178.581696,206257.367603,61.296366,205715.638185,99.424231,666.044826,-20.516944,667.106392,-140.499412,667.126203,59.940080,-0.000273,1,0
6.233000,-58.659597,206611.490560,-178.595304,204865.472910,61.339638,203837.520421,99.427655,665.529354,-20.481652,670.910864,-140.882012,668.295246,59.932165,0.003438,1,0
6.267000,-58.635050,204630.784863,-178.754151,204740.288315,61.537195,204558.558175,99.470283,671.659345,-20.664987,663.196996,-140.794837,667.920177,59.936701,0.007138,1,0
6.300000,-58.637040,204461.377816,-178.648319,204949.121618,61.233538,204675.512305,99.676270,666.288854,-20.689645,674.565027,-140.647268,670.829077,59.933738,-0.009338,1,0
6.333000,-58.570083,205772.485227,-178.771072,204846.980274,61.397686,206004.622787,99.530509,667.810031,-20.948448,675.097589,-140.299822,676.349486,59.938627,-0.000831,1,0
6.367000,-58.621314,204893.119267,-178.541757,204132.362197,61.392588,204120.014278,99.285792,669.291550,-20.674301,662.422027,-140.775345,670.729034,59.934225,0.012231,1,0
6.400000,-58.728516,204953.383759,-178.543144,204288.765225,61.081762,203539.657807,99.076818,669.037822,-20.328222,668.486971,-140.606437,672.400398,59.934149,-0.001942,1,0
6.433000,-58.718387,204533.091315,-178.564650,203954.903377,61.598856,205123.110820,99.195454,672.247650,-20.448539,673.854568,-140.403086,670.901252,59.929578,-0.009272,1,0
6.467000,-58.666340,203761.416920,-178.693538,204637.609685,61.457920,205095.112067,99.506092,677.466919,-20.731018,684.845571,-140.843009,680.134142,59.943444,0.005182,1,0
6.500000,-58.590474,204189.783315,-178.495816,205538.125487,61.268136,206289.087501,99.232684,681.783308,-20.530201,675.193808,-140.455153,678.514656,59.934357,0.001498,1,0
6.533000,-58.583471,204705.809554,-178.645758,205937.714960,61.340839,206088.564189,99.633956,674.489329,-20.813704,674.668420,-140.541191,673.857037,59.934537,0.008820,1,0
6.567000,-58.529218,205432.269241,-178.575760,205092.850219,61.555511,205034.398043,99.562561,677.028765,-20.293742,676.460104,-140.417377,675.527678,59.934481,-0.001662,1,0
6.600000,-58.493955,202988.105017,-178.611371,204911.592429,61.355106,205855.722041,99.675037,674.225512,-20.180110,673.312586,-140.175894,678.558439,59.931672,0.001154,1,0
6.633000,-58.629724,205247.053278,-178.552699,205454.196491,61.474818,203293.258339,99.407048,677.198995,-20.504444,679.971482,-140.286581,675.704440,59.934467,0.002560,1,0
6.667000,-58.889631,204839.373933,-178.723910,205011.392368,61.188948,204511.071605,99.132625,677.628411,-20.842421,676.387483,-141.058926,676.980009,59.934719,-0.000634,1,0
6.700000,-58.640932,204947.263844,-178.810574,204972.320594,61.356650,206280.325190,99.646049,673.942077,-20.648624,672.618207,-140.643506,669.284360,59.934793,-0.011860,1,0
6.733000,-58.677465,204700.159786,-178.813651,205287.411311,61.262820,205460.536411,99.412913,673.577112,-20.497744,675.124203,-140.462999,666.386180,59.936617,0.000208,1,0
6.767000,-58.696647,204420.329776,-178.775361,204119.659122,61.308570,204709.256118,99.524598,673.557096,-20.716006,676.459067,-140.459128,680.183670,59.940769,0.013400,1,0
6.800000,-58.589331,203390.436456,-178.671969,204883.011635,61.217950,203818.708889,99.679518,671.279289,-20.679158,673.473232,-140.719262,672.849521,59.938587,0.005086,1,0
6.833000,-58.686678,203481.564062,-178.754924,205603.387343,61.219070,204192.665278,99.458032,672.691397,-20.689132,675.131488,-140.847140,676.099463,59.933639,-0.005932,1,0
6.867000,-58.514183,204868.141371,-178.706866,204740.892626,61.396771,205455.032027,99.470945,674.090559,-20.765666,672.539446,-140.634081,673.987556,59.928773,-0.005849,1,0
6.900000,-58.778793,205013.545121,-178.669858,205168.011875,61.424664,205518.098879,99.089994,676.013829,-21.040613,671.084307,-140.776511,670.061829,59.943295,0.003416,1,0
6.933000,-58.653686,203128.193358,-178.628369,204129.352673,61.529612,207936.071028,99.133906,667.176310,-20.549631,662.787450,-140.367575,666.627143,59.938083,-0.006010,1,0
6.967000,-58.615162,207952.146045,-178.339874,206630.625079,61.196006,205205.259196,99.440685,670.742066,-20.481071,664.057739,-140.853074,666.574075,59.944498,0.005005,1,0
7.000000,-58.655716,206796.756587,-178.883956,206334.403229,61.254577,205237.096304,99.414375,667.230892,-21.074647,662.583743,-140.724295,662.896816,59.940640,0.008571,1,0
7.033000,-58.705939,204356.604280,-178.732024,206701.997107,61.305300,206004.103094,99.229279,661.735258,-20.866802,659.173032,-140.720744,660.951545,59.938414,-0.002476,1,0
7.067000,-58.744910,206156.874730,-178.737387,206623.987804,61.411278,205682.758619,99.319108,658.918503,-20.707994,668.442244,-140.615855,656.686992,59.931779,-0.001000,1,0
7.100000,-58.652070,206261.515506,-178.630022,206022.709929,61.294292,207765.087643,99.443588,669.879982,-20.608589,667.820091,-140.553169,666.794751,59.930288,0.000562,1,0
7.133000,-58.548185,203916.142653,-178.796346,205099.737508,61.270663,205229.048295,99.446438,660.459127,-20.684318,658.457831,-140.552760,664.120857,59.935900,0.007695,1,0
7.167000,-58.785672,204977.390693,-178.823120,203774.096531,61.118368,205170.960017,99.009769,662.880127,-20.700296,661.185100,-140.894478,663.458049,59.942559,0.009619,1,0
7.200000,-58.828199,204489.060414,-178.719947,206206.975500,61.099011,206324.892532,99.583423,658.540922,-20.546018,661.443878,-140.898394,659.412683,59.933291,-0.006344,1,0
7.233000,-59.007059,204672.027708,-178.629334,207271.864862,61.332191,205310.307618,99.276782,662.740411,-20.391805,658.668370,-141.112579,655.530760,59.928572,0.005961,1,0
7.267000,-58.863998,205184.907127,-178.706701,205124.755417,60.937755,205340.942798,99.068878,661.735818,-20.815268,658.583882,-140.980496,653.538160,59.934361,0.004658,1,0
7.300000,-58.547176,205005.339352,-178.749052,204330.849314,61.083749,203562.315881,99.242105,660.576712,-20.664447,656.878203,-140.615133,656.529952,59.933518,0.005694,1,0
7.333000,-58.676131,206296.254555,-178.710291,205880.624497,61.147040,206026.847052,99.382560,658.867425,-20.756464,659.742956,-140.933107,656.677306,59.932409,0.009105,1,0
7.367000,-58.851724,205498.476945,-178.928535,204900.259317,61.303832,206901.790903,99.006421,659.806411,-20.823904,657.439070,-140.517043,661.000108,59.939871,-0.004410,1,0
7.400000,-58.823426,204989.932456,-179.074551,205865.966792,61.051038,204300.184548,99.093639,648.348755,-21.086860,665.065010,-141.030883,657.480551,59.933619,0.004148,1,0
7.433000,-58.966514,204723.059299,-178.845073,206951.212515,61.070813,205825.243140,99.105600,663.161921,-20.975528,661.033193,-140.943531,656.536883,59.935929,-0.005999,1,0
7.467000,-58.987775,205406.946467,-178.962855,205305.568398,61.253149,205597.893718,99.111610,655.849880,-20.829253,652.941064,-140.604517,659.387021,59.938552,-0.001670,1,0
7.500000,-59.028103,204109.270295,-178.647543,204998.073133,61.090036,205270.332273,98.856797,661.702316,-20.455520,653.674408,-141.121453,658.688060,59.930498,-0.003834,1,0
7.533000,-58.784971,205586.638100,-179.027037,205371.293946,61.232781,205086.318864,99.321690,660.270352,-20.913457,654.391687,-140.836247,651.045254,59.935002,0.002202,1,0
7.567000,-58.846445,205279.387269,-178.952292,206182.691250,60.935839,205053.741372,99.061450,654.780745,-20.996574,655.530628,-140.961032,658.213096,59.940279,-0.011500,1,0
7.600000,-58.916060,203334.824620,-178.877500,205113.413708,61.083709,205224.319462,99.255743,664.963752,-20.913581,658.201022,-140.929626,658.717156,59.930876,0.000258,1,0
7.633000,-58.859827,205401.387007,-178.942725,203975.921159,61.084560,206147.820855,99.513064,658.985348,-20.866170,663.703082,-140.768933,651.102979,59.939645,-0.010128,1,0
7.667000,-58.829890,204622.960847,-179.033251,204297.180774,61.203725,205607.085557,99.398384,657.051424,-20.742394,656.113333,-141.003812,659.015164,59.935804,0.000078,1,0
7.700000,-59.084567,204543.261005,-178.636427,203004.086299,60.966169,204005.763004,99.150668,652.108444,-20.372178,655.859102,-141.260425,653.888487,59.933152,-0.006177,1,0
7.733000,-59.031562,204149.746469,-178.820190,203412.602496,61.189691,205981.438185,99.229816,663.550196,-20.547934,656.685959,-140.872412,665.367815,59.936680,-0.001352,1,0
7.767000,-58.976792,205456.820099,-179.065342,204898.787810,60.972638,205322.185952,98.792071,648.172930,-21.007148,657.145164,-140.894939,659.323127,59.936112,-0.007742,1,0
7.800000,-58.909404,203931.001401,-178.830784,203914.812340,61.161978,204915.617260,98.656529,658.706118,-20.901413,652.195447,-140.447223,661.795141,59.933898,0.007396,1,0
7.833000,-58.798306,204934.397026,-178.999021,205756.592169,61.040912,206785.798674,99.055917,652.421335,-21.161129,654.172143,-141.013200,654.332886,59.936134,0.009968,1,0
7.867000,-59.050713,205550.299192,-178.999314,205992.378677,61.078011,203972.443774,98.675737,654.436953,-21.140497,651.134747,-140.714946,654.192512,59.939066,-0.003490,1,0
7.900000,-58.747440,205975.149014,-179.001918,204185.770669,61.086756,204120.753214,98.918143,652.877328,-20.944472,653.294163,-141.021496,654.985712,59.937079,-0.001324,1,0
7.933000,-58.885208,205656.100312,-178.818066,205379.753648,61.074952,206827.980256,99.123204,656.032190,-20.715633,645.119999,-141.023409,659.317043,59.935818,0.015465,1,0
7.967000,-58.860288,204515.290566,-178.857937,206533.092968,61.168619,205763.030194,99.002030,654.420850,-20.932438,656.180138,-140.979380,661.228134,59.928762,0.000984,1,0
8.000000,-58.906275,205419.167518,-178.849906,205376.052748,61.002696,205609.243153,99.404009,657.826506,-20.944016,653.319079,-140.700039,650.767738,59.931372,-0.000071,1,0
8.033000,-58.922839,204715.848980,-179.069850,205495.335977,61.138786,206047.927034,99.020987,654.815770,-21.204613,657.361975,-140.644653,652.944214,59.930993,0.007584,1,0
8.067000,-58.917869,205131.770409,-178.956447,206508.289890,61.299266,204361.073758,99.131897,655.662870,-20.884586,654.014416,-140.572005,658.083087,59.933349,-0.008704,1,0
8.100000,-58.877870,204137.921709,-178.747916,204875.228382,61.355000,206680.599667,99.125740,649.634266,-20.922324,647.938742,-140.538271,654.291211,59.933689,-0.003450,1,0
8.133000,-58.794576,205338.690945,-178.853142,205968.365417,61.224482,205210.442019,99.137748,653.656453,-21.092786,648.204545,-140.805409,656.330573,59.927734,-0.002819,1,0
8.167000,-58.607268,205356.214527,-178.759411,204946.916435,61.092259,204987.907652,99.369655,661.753708,-20.767941,653.107884,-140.674169,653.868928,59.933076,0.005318,1,0
8.200000,-58.944756,204433.513834,-178.880411,204184.958697,61.057070,205016.116046,99.068020,655.032706,-20.912733,647.710518,-140.965528,653.963164,59.928948,0.005641,1,0
8.233000,-58.878010,206684.849193,-178.894680,205566.454661,61.038614,206474.255311,99.474436,651.488492,-21.038932,654.392480,-141.016736,650.681343,59.927240,-0.007906,1,0
8.267000,-59.031694,205529.130721,-178.831821,205378.468455,61.148925,206997.717012,99.198565,657.614783,-20.838274,650.313272,-141.087907,651.618995,59.925918,0.001515,1,0
8.300000,-59.003473,205246.232305,-178.988041,203473.694289,61.034439,204152.125378,99.000160,654.262511,-20.830481,652.829212,-140.986391,652.575343,59.919643,0.005924,1,0
8.333000,-58.912804,205796.730234,-178.987742,205553.327549,60.909406,208122.579533,99.059475,654.798569,-21.161433,656.259677,-141.129271,651.493367,59.928966,-0.008694,1,0
8.367000,-58.914797,205309.748672,-179.112126,205306.407540,60.953257,205602.078868,99.031174,650.257181,-20.985886,646.351602,-141.079610,652.367377,59.926189,0.003873,1,0
8.400000,-58.953505,206082.971989,-178.850497,204080.829895,61.176990,205274.395032,99.190745,651.689714,-20.823272,653.001241,-140.663468,647.392433,59.921941,-0.001263,1,0
8.433000,-58.898805,204951.327244,-179.039240,206072.372730,60.943173,204236.981064,99.214475,653.833125,-21.078828,653.608624,-140.654621,651.925424,59.925633,-0.004275,1,0
8.467000,-58.936957,205598.046127,-179.032503,206617.456775,61.178796,205312.104817,98.941337,652.438029,-21.028211,653.061694,-141.057483,657.015491,59.923166,0.003481,1,0
8.500000,-58.880182,206178.520804,-178.928677,204947.252422,61.132086,204370.565041,99.124265,655.591522,-21.025508,654.690760,-140.885544,656.013832,59.927004,-0.004353,1,0
8.533000,-59.072225,204682.303009,-178.974115,206355.855303,61.000983,208329.538290,99.089439,656.864961,-21.102164,658.074090,-140.948304,658.831598,59.926216,0.006454,1,0
8.567000,-58.967174,204283.289479,-178.930952,207203.565401,61.103671,204908.420619,98.775363,657.623111,-21.047379,652.395672,-141.098460,659.119442,59.923890,0.000590,1,0
8.600000,-59.051705,203855.599945,-179.044898,204792.661078,60.958021,205053.815594,98.924399,660.116009,-21.010937,648.126759,-141.100489,654.117999,59.931434,0.007227,1,0
8.633000,-59.002263,206104.969577,-178.909017,204325.842443,60.890014,204589.454962,99.274087,658.482016,-20.776854,654.533247,-141.529567,655.650556,59.928435,-0.001445,1,0
8.667000,-58.923428,204593.767477,-179.006263,205934.107454,60.967964,205415.028912,98.837457,662.823438,-21.110178,664.813609,-140.817402,657.020085,59.927351,0.014661,1,0
8.700000,-59.035551,204720.049964,-179.092769,207057.097517,60.985396,205727.812667,99.020398,658.189799,-21.238233,655.622966,-140.865747,658.446980,59.931021,-0.001157,1,0
8.733000,-59.017805,206849.507152,-179.027724,205881.201898,60.978217,205383.264113,99.196631,662.401158,-21.082976,664.245014,-140.872701,660.142546,59.929496,-0.010381,1,0
8.767000,-58.969312,206270.409754,-179.050515,205968.629885,60.827948,205590.486420,98.909093,656.234622,-20.851737,661.459480,-141.141535,650.853837,59.930702,-0.002242,1,0
8.800000,-58.983088,205575.364647,-179.027043,207796.658715,60.984381,206812.235551,99.208597,661.776695,-21.027613,653.568829,-140.923570,649.842201,59.926777,0.001474,1,0
8.833000,-59.117372,204903.129708,-179.161142,206948.424582,60.918252,204491.193346,98.766052,665.581349,-21.177512,658.380070,-141.140052,650.623947,59.938188,-0.009573,1,0
8.867000,-59.209301,205295.074372,-179.265428,204714.622404,61.027650,204825.663676,98.608528,652.801242,-21.425612,656.323909,-140.807233,656.734380,59.932334,-0.010279,1,0
8.900000,-58.847807,205159.165770,-179.152509,206302.112539,60.895237,207863.370811,99.210925,658.884728,-21.134126,655.161988,-141.227716,650.626827,59.937294,-0.002744,1,0
8.933000,-58.842121,206135.567642,-179.085222,206287.013299,61.037845,205088.583380,99.385401,658.487093,-21.370432,652.930805,-140.828084,659.043898,59.948764,0.002851,1,0
8.967000,-58.790274,205122.186583,-178.935986,205387.513508,61.017814,205563.802959,99.160022,653.072044,-21.185911,654.591509,-141.025066,650.952543,59.938594,0.011256,1,0
9.000000,-58.935608,206131.112402,-178.843228,204811.989993,61.197549,204877.932325,99.308612,654.640774,-20.971317,656.570103,-140.791132,659.487408,59.943056,-0.007397,1,0
9.033000,-58.936549,204894.966972,-178.822585,205850.402359,61.151604,205561.859269,99.023366,657.778254,-20.917252,657.208500,-141.134428,653.648555,59.940064,-0.003613,1,0
9.067000,-58.840852,206528.274595,-179.042847,205977.121927,61.037755,206036.779256,99.144045,648.229366,-20.920111,650.151889,-141.146027,653.374137,59.945512,-0.009925,1,0
9.100000,-58.859609,205161.855790,-178.964781,206682.097475,61.111131,208211.226456,99.107989,648.143412,-21.133018,656.939986,-140.749710,654.645385,59.940761,0.012380,1,0
9.133000,-59.019343,202981.163420,-178.812730,206561.600569,60.946197,205846.189891,98.977494,655.137239,-20.418009,651.531165,-141.108955,650.637956,59.937991,-0.004136,1,0
9.167000,-59.038716,205002.639229,-178.984881,206542.311466,60.921122,206925.702753,99.268522,647.606388,-21.023633,651.590833,-141.243188,652.713903,59.937832,0.003924,1,0
9.200000,-58.962355,206448.976760,-178.803801,205807.509037,61.042029,205679.096321,98.758418,654.498567,-20.617570,648.559131,-140.822240,657.013653,59.938835,-0.002972,1,0
9.233000,-58.969347,205993.672526,-178.697984,206952.042455,61.125941,206725.480573,98.794797,650.440820,-21.051275,643.150004,-140.802360,643.633364,59.933516,0.010764,1,0
9.267000,-58.938660,206617.631897,-179.070033,205036.845076,61.096523,206998.226453,99.049612,651.182026,-21.097157,648.550849,-140.840043,653.688842,59.939402,-0.004893,1,0
9.300000,-58.877292,206045.914012,-179.016045,204702.652566,61.112673,205854.626317,99.142590,647.197636,-21.044130,649.770162,-141.177673,643.808937,59.939039,0.015185,1,0
9.333000,-59.016942,206706.123996,-178.884515,206326.253522,61.148748,206250.083087,99.321409,647.002494,-20.885865,649.717083,-140.873051,647.446365,59.933748,-0.014057,1,0
9.367000,-59.034287,206468.958556,-178.894695,204725.591593,61.021140,207136.903244,99.245215,647.944017,-20.881234,640.407006,-141.117557,652.186714,59.938441,-0.009306,1,0
9.400000,-58.863226,207182.373009,-178.975101,205648.753753,60.942146,206008.122116,99.179494,644.587093,-20.909739,644.805976,-140.900978,637.092412,59.934100,0.009779,1,0
9.433000,-58.859650,206276.244593,-179.016169,206773.954275,60.991223,206941.084115,99.262044,644.482737,-21.208306,649.081940,-141.243843,652.055085,59.929709,-0.007720,1,0
9.467000,-58.998132,204831.501804,-178.746355,206693.596773,61.168757,205891.056770,99.230395,649.284731,-20.914908,645.667833,-140.870359,643.129489,59.937896,0.003189,1,0
9.500000,-58.820650,205011.731697,-178.813580,206832.686438,61.226427,205293.161867,99.124604,647.474043,-20.795552,644.542284,-140.727495,652.175268,59.937683,0.007861,1,0
9.533000,-59.002404,206656.177365,-178.929820,206389.690072,60.705028,207031.191488,98.891231,655.080394,-20.839239,651.509565,-141.352591,653.478716,59.938180,-0.002892,1,0
9.567000,-58.838103,206354.796159,-178.825351,206420.043414,61.246080,207127.716756,98.904962,646.301831,-20.793043,648.806914,-140.849179,644.192992,59.940806,0.003636,1,0
9.600000,-58.829035,206726.417871,-179.086573,207108.607932,61.229086,205907.667787,99.224262,646.692258,-21.073074,645.709471,-141.060088,650.894137,59.934913,-0.009269,1,0
9.633000,-58.755352,207997.251848,-178.914955,205821.390488,61.054573,205634.998146,99.418819,651.368939,-20.970459,643.282037,-140.836981,650.394984,59.938152,-0.011770,1,0
9.667000,-59.104951,203917.116996,-178.797649,205752.927628,61.113532,205998.175245,98.913954,647.684933,-20.290071,643.264721,-140.775895,646.893772,59.933247,0.015659,1,0
9.700000,-58.660896,206726.396604,-178.824287,205784.994913,61.054028,204814.792906,99.409868,645.744872,-20.697978,646.583746,-140.715761,646.043676,59.938666,-0.000115,1,0
9.733000,-58.996790,205405.099899,-178.842886,206876.942819,60.975098,207484.480620,99.117537,649.729605,-20.612614,652.565273,-141.291660,655.230657,59.937183,0.000789,1,0
9.767000,-58.906117,205250.868652,-178.954580,206091.782795,61.016886,203641.767452,99.502218,645.089227,-21.000107,648.065454,-141.083771,647.801199,59.932637,0.010708,1,0
9.800000,-59.079128,206138.747201,-178.901990,206804.205200,61.169783,205087.111549,99.033559,647.593395,-20.901475,645.729973,-140.700479,648.853802,59.934398,0.008293,1,0
9.833000,-58.938322,206029.196046,-178.793620,205966.597210,61.254559,205801.617426,98.877107,642.601095,-21.043781,648.974184,-140.658358,649.051041,59.940265,0.008674,1,0
9.867000,-58.881247,204896.601323,-178.869249,206144.453728,61.137704,205474.684601,99.040774,639.476388,-20.700393,644.093735,-140.719471,648.600209,59.940897,0.004426,1,0
9.900000,-58.759594,203317.965860,-178.738203,206317.123774,61.159233,206194.721707,99.360172,657.369951,-20.957477,643.458270,-141.082850,651.323953,59.948623,-0.005338,1,0
9.933000,-58.982662,207476.344808,-178.792661,204007.330274,61.019282,206425.814604,99.017402,653.894305,-20.871891,653.259346,-140.666329,651.925097,59.949298,-0.015614,1,0
9.967000,-58.959077,207510.409783,-178.821697,205705.972762,61.149524,203535.354778,98.803768,649.876887,-20.704489,639.982176,-140.764878,647.764325,59.942099,-0.008180,1,0
10.000000,-58.951745,204820.883967,-178.987646,204487.807263,61.000504,205151.677849,99.184014,645.517945,-20.672666,642.844094,-141.041873,641.296745,59.946504,0.001880,1,0
10.033000,-58.808719,206466.582468,-178.814445,206348.008835,61.147858,207387.619443,98.854179,651.828497,-20.604887,649.987121,-140.869664,648.476865,59.942364,-0.003173,1,0
10.067000,-58.755337,204989.632596,-178.833408,207635.480350,61.188020,206369.410294,98.675979,655.079426,-20.842302,646.132292,-140.933664,656.559981,59.954735,0.007249,1,0
10.100000,-58.746807,204887.604177,-178.791532,205625.364188,60.977714,205636.075449,99.226898,649.532351,-20.714280,647.220709,-140.918827,645.037626,59.954652,0.010333,1,0
10.133000,-59.013592,205851.477266,-178.999988,205436.259433,60.915183,205004.463933,98.837083,648.241062,-20.869152,647.086079,-140.878719,646.548747,59.946881,-0.001563,1,0
10.167000,-58.791437,206181.112966,-179.017621,205278.967534,61.241355,205629.046086,99.467641,647.393510,-20.819704,642.143392,-140.823182,641.783495,59.947425,-0.004241,1,0
10.200000,-58.733140,206342.809845,-179.016625,207509.025552,61.039098,207562.700150,99.464370,649.990150,-21.103852,645.889896,-140.811807,646.602373,59.947024,-0.006653,1,0
10.233000,-58.870027,206434.811483,-178.761067,206210.936647,61.072669,206855.066346,98.918861,643.272821,-20.726134,642.817692,-140.953491,646.544346,59.937357,0.011357,1,0
10.267000,-59.089322,205896.825963,-178.953750,206017.515202,61.021012,206527.730345,98.824033,645.773377,-21.000233,644.639080,-141.197292,640.394304,59.942888,0.002235,1,0
10.300000,-58.744192,204928.428584,-178.920242,206097.405736,61.153732,205933.632944,99.203873,647.625244,-21.060733,647.156039,-140.509413,640.225020,59.952474,-0.007667,1,0
10.333000,-58.888854,206054.244155,-178.943826,205656.491835,60.972957,203689.632112,98.949658,645.796620,-20.894862,648.528569,-141.009602,651.667777,59.940391,-0.014506,1,0
10.367000,-58.776876,207294.218135,-178.930984,205416.347653,60.991233,205057.963517,99.062900,651.739685,-20.900143,645.562300,-141.346628,647.160229,59.944605,0.012270,1,0
10.400000,-58.766825,205234.480595,-179.053891,208074.217334,60.900251,205429.304022,99.246181,643.637850,-20.845866,646.287846,-141.160043,649.805319,59.941849,-0.009228,1,0
10.433000,-58.725848,205434.652007,-178.913840,207590.722264,60.962335,206674.632251,99.334869,657.876461,-20.693456,647.103949,-141.013817,643.913364,59.949868,0.002341,1,0
10.467000,-58.921248,205695.678955,-178.997172,208143.946938,61.106424,207862.864925,98.830325,640.620303,-21.110543,639.626060,-140.869457,650.925745,59.948604,-0.006900,1,0
10.500000,-58.707030,205407.364622,-178.844800,207539.721983,61.159626,208653.957473,99.269649,648.984327,-20.832098,649.355328,-140.995436,647.717031,59.943937,-0.009742,1,0
10.533000,-58.993306,205926.732887,-178.906824,206317.082841,61.250129,208181.945971,98.652287,646.645358,-20.985690,645.677090,-140.923196,649.632821,59.952689,-0.004649,1,0
10.567000,-58.639547,205963.855716,-178.854506,207277.951209,61.142573,206495.223981,99.646332,651.133044,-20.712271,645.571728,-140.905917,648.840020,59.945172,0.001547,1,0
10.600000,-58.727982,206663.736807,-178.716639,206824.750582,61.106526,207879.173039,99.143122,644.664286,-21.148184,649.872634,-140.634729,645.264931,59.944244,0.002713,1,0
10.633000,-58.700550,206024.454848,-178.844542,205132.569132,61.107129,208672.836943,99.217512,645.483156,-20.686185,647.713550,-140.589374,642.178224,59.948845,-0.003123,1,0
10.667000,-58.958757,207044.027579,-178.871994,206511.379283,61.034013,207520.388881,98.992150,649.029565,-20.877981,650.971931,-140.885654,640.827606,59.948002,0.004673,1,0
10.700000,-58.978348,205955.890339,-178.897191,206090.716600,61.127020,206191.111558,99.222916,649.614972,-20.822284,647.310506,-140.794212,645.702570,59.956624,0.002268,1,0
10.733000,-58.720054,206127.303613,-178.603022,207224.231725,61.019340,207045.052326,99.248156,644.337245,-20.583915,642.676834,-140.846045,646.173932,59.955262,-0.005036,1,0
10.767000,-58.891156,207197.320437,-178.869724,204869.851483,61.389942,207021.206652,99.260797,645.552923,-21.042787,649.516250,-140.840754,639.985838,59.943754,0.001422,1,0
10.800000,-58.991614,207364.916465,-178.973995,207494.652247,61.141392,205726.546922,99.219404,650.293634,-20.974562,640.376775,-140.782487,646.909032,59.946157,0.001552,1,0
10.833000,-59.008741,205684.161722,-178.799890,205283.511598,61.075131,206233.706052,99.067346,641.643932,-20.517637,645.448609,-141.088759,645.280490,59.950045,0.013958,1,0
10.867000,-58.851234,206362.044031,-178.884377,205905.165858,60.956739,206934.529311,99.376386,650.684037,-20.843063,646.862738,-141.129363,645.565225,59.951679,0.001464,1,0
10.900000,-59.031996,204460.574484,-178.875268,206204.959810,61.203115,206365.860422,99.020393,650.804318,-20.860275,642.162195,-141.004229,647.997691,59.956658,0.001442,1,0
10.933000,-58.999269,205336.423794,-178.819241,204744.465901,61.035869,205638.213450,99.288803,649.540892,-21.139185,642.983740,-140.832473,646.880803,59.954050,-0.004326,1,0
10.967000,-59.081256,206255.030398,-178.882838,205842.194483,61.030012,205504.492941,98.910632,653.152421,-20.663510,642.126239,-141.051444,647.778894,59.946327,-0.001309,1,0
11.000000,-58.851447,206166.203073,-178.893365,207175.562684,61.213742,206183.704010,99.172372,653.994582,-21.024864,649.729277,-140.253799,655.189878,59.958261,0.001945,1,0
11.033000,-58.896422,204628.125457,-178.839640,205926.170494,60.979371,206385.551007,98.918221,651.991383,-20.924822,649.401392,-141.200956,646.412308,59.955686,0.006387,1,0
11.067000,-58.899368,206302.848906,-178.793756,206957.068468,61.087653,206639.766798,98.951815,652.298259,-20.839933,655.064818,-140.871628,650.809727,59.954879,0.004281,1,0
11.100000,-59.038999,205720.395845,-178.922599,206957.272631,61.017021,207074.378462,98.898268,642.606777,-21.069208,650.200727,-141.059941,648.173583,59.956915,0.000402,1,0
11.133000,-59.005316,205337.216717,-178.842836,204663.134565,60.932793,206082.303568,98.940972,648.023430,-20.694374,651.812046,-140.910632,653.113824,59.953664,-0.011358,1,0
11.167000,-58.982561,205633.010783,-178.965349,206392.056873,61.135033,205873.028901,99.023082,648.957227,-21.037091,653.014265,-140.928900,650.851843,59.952648,-0.000533,1,0
11.200000,-59.066906,205829.852014,-178.927410,206597.479504,60.970196,204737.556623,98.806162,646.287920,-20.747370,646.888232,-140.934455,645.949377,59.949226,-0.009079,1,0
11.233000,-59.087820,205682.062037,-179.184712,206887.383832,60.905438,206121.755838,99.043231,654.610489,-21.388342,646.884693,-140.920854,645.832984,59.949930,0.004053,1,0
11.267000,-59.115623,204806.684363,-178.865896,207255.895027,60.964292,205066.321760,99.036445,640.908389,-20.749544,643.841697,-141.175150,649.526751,59.952589,0.000253,1,0
11.300000,-58.950772,205676.239188,-178.973356,206872.054245,60.988299,205947.120310,98.858794,640.683264,-21.318100,653.493058,-140.947331,642.786711,59.959216,0.005970,1,0
11.333000,-58.911167,205525.837297,-178.956077,205767.827496,61.172513,207511.358902,99.018106,643.123082,-20.922049,644.041193,-140.724926,648.355255,59.950041,-0.010771,1,0
11.367000,-59.039507,205385.762361,-179.010064,206922.744125,60.973181,205119.745382,99.237930,644.168439,-20.945255,641.555504,-141.026477,641.804904,59.941903,0.000689,1,0
11.400000,-59.075158,207528.342740,-179.037246,206521.873763,60.827617,206092.321324,98.466542,650.761544,-20.972986,641.164186,-141.205074,643.521357,59.947341,-0.011372,1,0
11.433000,-58.939425,206721.166939,-179.089355,205551.928603,61.143123,208773.484321,98.994835,643.512638,-20.884660,646.307033,-140.853687,642.952312,59.944056,-0.004370,1,0
11.467000,-59.011928,205733.459311,-179.077002,206655.565707,61.007633,206579.657271,98.988785,646.335972,-21.074680,642.794841,-140.964114,644.656030,59.952603,-0.011487,1,0
11.500000,-59.230021,205258.289557,-178.821130,206057.967195,61.061047,206766.107971,98.712938,644.145958,-20.289860,649.871666,-140.958553,647.987066,59.947780,-0.007924,1,0
11.533000,-59.193821,205723.974688,-179.147162,206205.844292,61.051776,206974.471244,98.859412,643.234414,-21.245801,650.540147,-140.916084,643.025705,59.954528,0.008691,1,0
11.567000,-59.004209,205033.734838,-179.238260,205803.210998,60.991847,206520.401170,99.102850,643.850057,-21.176878,645.178876,-140.876240,649.583514,59.943265,0.010567,1,0
11.600000,-59.208450,205919.550631,-179.009359,208734.587676,60.880552,206182.715390,98.834674,647.534927,-20.770205,645.516452,-141.193650,649.825013,59.945392,-0.000308,1,0
11.633000,-59.151863,206460.614272,-179.244863,206854.992961,60.717781,205359.383251,98.710601,652.309575,-21.183221,640.741914,-141.190144,644.570919,59.937105,-0.005698,1,0
11.667000,-59.207836,204670.030075,-179.263572,206367.048271,60.816058,207662.311849,98.585265,641.024812,-21.229256,654.170202,-141.200573,642.944254,59.945071,-0.001551,1,0
11.700000,-59.217040,205214.669361,-179.114513,207397.018088,60.997735,206557.001446,98.928041,646.673419,-20.893720,648.252469,-141.047064,646.209758,59.947666,0.003537,1,0
11.733000,-59.169819,206581.639550,-179.049331,207465.504407,61.000637,207632.450305,98.552822,647.273090,-21.092021,646.804886,-141.006408,650.128447,59.944790,0.001230,1,0
11.767000,-59.087975,207159.149983,-178.982351,208235.087045,61.005704,206479.720123,99.032057,645.618666,-20.835589,652.443280,-141.095442,651.491974,59.954175,0.003843,1,0
11.800000,-59.005039,206914.516028,-179.201486,207670.021284,60.852115,206973.748018,99.089940,647.806535,-21.040618,653.433848,-140.734234,648.447987,59.954832,-0.003846,1,0
11.833000,-59.121011,206227.237098,-178.985463,206855.054908,60.841783,205547.266094,98.792258,647.548853,-21.218134,658.444944,-141.029598,655.009793,59.942362,-0.004016,1,0
11.867000,-59.048770,205375.939597,-179.030614,207596.053908,60.817050,205726.541863,98.902958,648.630928,-20.821251,655.548495,-141.332158,652.177049,59.956091,-0.005168,1,0
11.900000,-59.185379,206060.773328,-179.112866,207738.354592,61.001422,206289.535033,98.726343,648.131724,-21.291266,653.714444,-141.323946,655.483059,59.952769,0.004394,1,0
11.933000,-59.128528,205809.302699,-179.158933,207142.801799,61.095892,208184.074980,98.711398,658.420143,-21.522522,655.852416,-140.834552,657.117272,59.956144,-0.010439,1,0
11.967000,-59.189773,207963.667013,-178.908312,207386.992650,60.997495,208294.216287,98.796572,652.691087,-20.881003,653.832719,-140.896967,651.571737,59.955609,0.004710,1,0
12.000000,-58.914609,207352.422262,-178.932005,206667.870311,60.826967,206629.145884,98.720375,646.972319,-20.975578,655.979921,-141.082531,659.548674,59.955306,0.002549,1,0
12.033000,-58.943167,206372.934233,-178.966771,208240.298197,61.004912,208483.921758,99.114824,649.285064,-21.196861,644.877501,-140.593232,650.341998,59.951092,-0.005491,1,0
12.067000,-58.903426,208704.647648,-179.069981,207856.534859,60.920475,206657.488325,99.298611,656.815950,-21.498388,651.847891,-141.178531,650.800691,59.950532,-0.004645,1,0
12.100000,-59.044792,204632.016144,-178.944490,205871.785745,61.006747,205314.321054,99.006947,654.276610,-20.910123,654.545071,-141.333957,653.587694,59.954606,-0.000909,1,0
12.133000,-59.102173,206236.188958,-179.199750,206041.599156,60.720727,206082.041843,98.859979,651.939318,-21.014328,655.148554,-141.039235,656.096551,59.949147,0.010362,1,0
12.167000,-58.936853,205156.197672,-178.847824,207846.153941,60.906320,207875.293473,99.270792,651.554357,-20.833452,651.216392,-141.139626,655.580512,59.947847,0.000533,1,0
12.200000,-58.966758,205199.794515,-178.928940,207980.524702,60.941113,207540.432095,99.175056,657.296887,-20.817203,654.623789,-141.042705,658.975712,59.950201,-0.011465,1,0
12.233000,-58.963880,206908.712396,-179.024846,207249.264139,61.016703,207124.380909,98.896703,658.833724,-21.075832,654.976550,-141.043535,657.808436,59.948521,-0.003324,1,0
12.267000,-58.854954,204899.072239,-178.941821,206148.678806,61.009724,207213.772237,99.188582,662.554292,-20.918676,658.569929,-140.948357,653.974286,59.949814,-0.006208,1,0
12.300000,-59.049443,205152.946622,-178.963495,205444.232130,61.130459,206760.347512,98.930871,650.181756,-21.260972,657.786484,-140.955119,660.538291,59.955497,-0.000475,1,0
12.333000,-59.057563,204630.211880,-178.840264,206548.389817,61.106533,206640.886006,98.677626,658.206797,-21.111490,655.546228,-141.353129,660.853099,59.954392,0.002219,1,0
12.367000,-58.817908,206643.480622,-179.104952,207265.578873,61.241216,207663.653888,99.162104,656.993838,-20.953586,659.109909,-140.869974,662.245450,59.942510,-0.008233,1,0
12.400000,-58.934524,206198.939819,-178.991151,207217.175090,61.092328,206865.448337,98.727701,655.511620,-21.240158,657.306508,-140.767400,656.192800,59.949725,-0.004947,1,0
12.433000,-58.936585,205062.850445,-178.955155,205993.864141,61.015683,205016.423357,99.251921,659.178346,-20.745783,651.428943,-140.372481,667.078930,59.949996,-0.004770,1,0
12.467000,-58.841620,205300.585582,-178.906052,204213.346471,61.121558,206213.870237,98.939692,661.371855,-20.999235,655.403914,-140.804333,652.783925,59.960574,-0.005386,1,0
12.500000,-58.857986,206573.473558,-178.858913,206621.205209,60.982080,206521.025314,99.142509,653.648037,-20.876083,655.046891,-140.964716,658.768695,59.953290,-0.010747,1,0
12.533000,-58.910884,204614.389343,-178.960495,206183.067211,61.065885,206581.695014,98.783965,662.636326,-20.543824,655.996828,-140.823737,663.788358,59.954831,-0.019432,1,0
12.567000,-58.902717,205488.839933,-178.748628,207246.368311,61.337976,207519.976993,99.129050,656.688458,-20.731594,664.443879,-140.915468,656.264805,59.950959,-0.003262,1,0
12.600000,-59.089204,206102.011011,-178.890099,205476.992981,61.005150,206083.927372,99.006254,656.681525,-21.129503,655.086905,-141.297308,655.894605,59.953540,0.006199,1,0
12.633000,-58.821602,205268.176804,-179.179624,205404.788927,60.853823,207537.904012,99.058368,652.798630,-20.883343,654.908602,-141.170069,659.510837,59.956527,0.007093,1,0
12.667000,-58.986656,206794.022676,-178.957401,206331.037288,60.971319,206710.133167,99.207375,652.248367,-20.529557,655.155226,-140.937844,661.291988,59.946729,-0.003301,1,0
12.700000,-59.108968,205148.980426,-178.992270,207896.820658,61.084841,205306.972636,98.646426,663.977700,-20.742221,657.190069,-140.709837,660.104705,59.945852,-0.003339,1,0
12.733000,-58.960825,206951.153286,-179.004310,206660.369927,60.887818,206696.343559,99.056704,658.200111,-21.095571,652.593009,-141.328002,657.778048,59.946542,-0.004811,1,0
12.767000,-59.025708,206369.522354,-178.995120,208049.249023,60.929766,206589.500964,98.824874,661.114081,-21.027682,656.085456,-140.807005,656.541143,59.944139,-0.011449,1,0
12.800000,-59.011262,206104.428798,-178.949136,205650.928244,60.970403,207174.898635,99.331195,659.768433,-20.831067,659.999787,-140.976777,660.542192,59.948337,-0.013651,1,0
12.833000,-58.961946,204612.760319,-179.084687,207701.042914,61.046720,205983.502138,99.087671,657.546163,-21.062217,658.632243,-140.888241,662.409053,59.948546,0.009511,1,0
12.867000,-59.071119,207405.665556,-179.187651,207350.506731,60.902894,206642.800633,98.907962,653.466940,-21.345765,656.357731,-141.040598,656.788827,59.945568,-0.006157,1,0
12.900000,-59.179237,205772.636735,-179.150116,207113.428348,60.997407,207759.369651,98.755692,659.652859,-21.042592,657.112669,-140.873281,657.105408,59.952743,-0.008178,1,0
12.933000,-58.863389,205864.122481,-178.953215,207307.057519,61.018913,207423.053971,98.960415,656.145060,-20.989151,661.036270,-141.052187,657.723743,59.947511,-0.001188,1,0
12.967000,-58.968870,206465.812746,-179.203348,206629.536422,60.940623,205389.520700,99.309548,658.046623,-21.145465,660.615200,-141.170480,661.117832,59.948343,-0.004125,1,0
13.000000,-59.173589,203995.869022,-179.012239,207655.651686,61.010729,207574.701018,98.752540,668.964194,-21.181281,661.168282,-141.221207,659.470266,59.946453,0.003765,1,0
13.033000,-59.161919,207410.630142,-179.152201,207950.345916,60.895861,208076.357747,99.001387,664.193184,-20.975938,668.594822,-141.049650,664.883903,59.947993,-0.004209,1,0
13.067000,-59.036861,207891.461080,-179.265690,207246.505872,60.959213,208364.554534,98.931573,663.030536,-21.003100,669.959089,-141.120514,650.991180,59.949764,0.002831,1,0
13.100000,-59.114147,207457.349223,-178.900451,208586.423433,60.928513,206633.793954,99.285728,658.594645,-20.709021,655.343239,-140.705003,663.781381,59.947229,0.005942,1,0
13.133000,-59.106572,206195.960171,-179.247995,207349.974865,60.976277,206808.296156,98.817457,661.220626,-21.414899,661.423039,-140.853888,655.570970,59.950119,0.006626,1,0
13.167000,-59.064815,205991.554886,-179.125068,208523.330212,60.874263,206160.129627,99.075807,662.804834,-20.749251,660.163814,-140.888825,651.639933,59.945739,-0.003848,1,0
13.200000,-59.010585,206885.795737,-178.942456,208501.234803,61.011359,207383.447419,98.822070,669.516046,-20.965762,657.033201,-140.651015,662.403790,59.944912,-0.002368,1,0
13.233000,-59.148853,206483.718015,-178.933160,208207.139103,60.808886,209913.072770,98.767844,663.534405,-20.750918,655.280328,-141.410974,666.021270,59.957019,0.001186,1,0
13.267000,-58.976356,206563.895276,-179.015148,209691.428672,60.847457,208309.985788,99.149465,666.099032,-20.955574,660.098239,-141.392512,659.940955,59.960487,0.000414,1,0
13.300000,-59.058701,205864.910149,-178.969223,207104.313188,60.848976,207206.872690,98.828473,661.647655,-20.639478,658.341272,-141.370901,664.082984,59.949442,-0.000963,1,0
13.333000,-59.185141,206926.558975,-178.952910,209005.620528,61.095120,205933.917826,98.706516,666.159492,-20.941529,666.675723,-141.012753,658.992570,59.956378,0.010508,1,0
13.367000,-59.258853,206900.596968,-179.010004,206532.429078,61.055209,208468.537267,98.613005,656.212738,-21.028860,658.632695,-141.057958,661.516452,59.953196,0.005349,1,0
13.400000,-59.122064,206497.162057,-179.182344,207022.963892,60.853974,208368.347697,98.854416,661.777671,-21.256558,656.441475,-141.200916,656.675185,59.964882,0.008465,1,0
13.433000,-58.930101,208369.952878,-179.124964,206890.838002,61.032287,206814.357432,99.254404,666.821470,-20.743038,662.475027,-140.872118,656.300447,59.962023,0.002377,1,0
13.467000,-58.997677,206861.633365,-179.046018,209595.138734,60.931544,207319.075030,99.247366,660.028010,-21.158654,665.686291,-141.093563,663.866699,59.966438,-0.003039,1,0
13.500000,-59.157268,206956.645797,-179.007535,207095.038368,60.924453,208290.825879,98.862996,666.343274,-21.100586,666.195099,-141.259635,666.693761,59.960679,-0.001014,1,0
13.533000,-59.124803,208238.542608,-179.130733,209420.265387,60.936415,208271.881133,98.857793,663.425985,-21.042186,664.392945,-140.814711,661.767497,59.955804,-0.018024,1,0
13.567000,-59.111244,207225.730729,-179.010113,209068.008639,60.951672,207251.685310,98.996394,662.814964,-20.819386,661.246100,-140.972586,658.053073,59.956202,-0.003712,1,0
13.600000,-59.039156,208361.915212,-179.103535,207802.511951,60.848807,206643.545807,98.930464,661.394646,-21.361874,657.930010,-141.442726,660.726361,59.962502,0.000285,1,0
13.633000,-58.959036,207206.418346,-179.017231,208489.190260,60.888884,207012.487069,98.994313,661.829363,-21.462137,658.191141,-141.234876,664.768013,59.960461,-0.000265,1,0
13.667000,-59.346487,206997.457995,-179.147845,206836.230300,61.044943,210115.569209,98.521750,659.544397,-21.065216,668.113805,-141.201717,667.150067,59.960142,0.007432,1,0
13.700000,-58.989614,206591.307234,-179.059524,208058.325787,60.911274,208375.218228,98.967807,663.144925,-20.889946,669.115274,-140.973835,669.027000,59.974070,0.004370,1,0
13.733000,-59.147393,208268.001144,-179.070415,207983.872656,60.973380,207434.232012,98.909665,664.791685,-21.275507,663.200485,-141.007513,657.344320,59.954142,0.004533,1,0
13.767000,-59.350552,206745.028043,-178.875605,206236.365381,60.752995,206052.553643,98.581755,661.751156,-21.378894,663.589466,-141.422426,664.819161,59.956808,-0.013346,1,0
13.800000,-59.159928,207299.890961,-179.069592,208720.902596,60.801712,208659.099752,98.872826,666.802768,-20.924016,665.847501,-140.871692,664.689050,59.962003,-0.006470,1,0
13.833000,-59.152984,208451.470664,-178.984158,207528.548523,60.947521,209117.527330,99.092599,660.329521,-20.910000,661.207760,-141.412785,662.525435,59.958471,-0.009888,1,0
13.867000,-59.051505,207584.333821,-179.081684,207838.847016,60.998714,209126.160401,98.842825,661.649494,-21.127475,662.820561,-140.911615,649.998099,59.963284,0.002956,1,0
13.900000,-58.996928,208471.408208,-179.200291,206715.260337,60.888331,209546.104303,98.722403,665.869566,-21.251247,667.758239,-140.911395,662.180659,59.962771,0.002457,1,0
13.933000,-58.974874,208895.820608,-179.100335,207804.661073,61.021698,206806.228615,99.045223,659.921007,-20.672316,658.855897,-140.577273,666.014577,59.969246,0.015389,1,0
13.967000,-58.996134,209308.237529,-178.982196,208363.746107,61.011760,206189.142750,99.180647,661.479392,-20.525872,662.716928,-140.833953,658.910904,59.956840,0.008912,1,0
14.000000,-58.897328,206831.638101,-179.076473,207940.243604,60.966315,206789.976134,99.036014,653.480334,-21.390213,661.255917,-141.001400,654.750777,59.953378,0.003665,1,0
14.033000,-59.157716,208605.210017,-179.073023,206069.855583,60.931124,206386.805361,98.865657,658.967796,-21.328306,662.614014,-140.786772,659.869918,59.956190,0.000781,1,0
14.067000,-59.199053,206198.050820,-179.048249,208301.922776,61.002637,207270.830809,99.135329,664.559123,-20.951273,660.597797,-141.042251,669.381234,59.958948,-0.007851,1,0
14.100000,-58.890232,205678.888483,-179.154143,207102.240915,60.926976,206829.441996,99.235738,652.148768,-21.243053,661.839639,-141.116895,656.847705,59.957170,0.000282,1,0
14.133000,-59.160938,206895.500427,-178.893320,208380.181515,60.948103,206084.473127,98.810935,665.027940,-20.784759,657.365225,-140.877285,664.269420,59.957756,0.009628,1,0
14.167000,-59.099381,208859.773886,-179.112902,207073.927682,60.748643,205526.437859,99.162406,654.218966,-21.014392,663.429529,-141.120712,664.758131,59.954178,-0.007044,1,0
14.200000,-59.025643,206679.174493,-179.048062,208521.485516,60.861486,205967.658249,98.918815,663.544267,-20.973212,659.406068,-140.792762,661.880230,59.959242,-0.001809,1,0
14.233000,-59.121044,206175.383682,-179.060351,206838.657286,60.906259,207242.614502,98.786329,655.630846,-21.013300,665.822102,-141.069208,665.020609,59.958709,-0.001162,1,0
14.267000,-58.849454,206679.152126,-179.028170,205635.548996,60.934824,207605.469724,99.403696,660.367478,-20.959443,656.377378,-141.131668,661.540055,59.945298,-0.004285,1,0
14.300000,-58.968659,205514.755707,-178.863943,206585.819994,61.071730,207307.232615,99.282565,659.874272,-20.932589,657.173422,-140.815649,654.795151,59.952650,-0.003743,1,0
14.333000,-58.959412,204990.000354,-178.978594,208440.467289,60.991505,207420.361773,98.959725,658.904759,-21.364570,659.845001,-141.023453,657.076699,59.954537,0.010926,1,0
14.367000,-58.773441,206108.273003,-179.138335,206161.639683,60.839076,207134.592867,99.171239,662.848003,-21.483794,664.437820,-140.961022,664.195918,59.945792,0.000004,1,0
14.400000,-59.056391,206456.029155,-178.995655,207939.210265,60.845164,208757.274682,98.929307,663.985196,-21.322072,663.122454,-140.767595,662.122764,59.944158,-0.007162,1,0
14.433000,-58.848772,205962.521002,-179.186792,208297.731790,61.006854,208252.290516,99.015138,665.260333,-21.079025,663.899851,-140.952420,669.576399,59.936433,0.009892,1,0
14.467000,-58.834221,208427.671047,-178.999942,206235.653500,61.076977,207187.085473,99.005629,671.438686,-20.936617,667.944167,-140.792202,666.991710,59.945785,-0.018141,1,0
14.500000,-59.000861,207445.616545,-178.831628,205510.955932,61.030619,206342.183059,99.071315,661.179766,-20.719781,666.145398,-140.980138,673.413571,59.942892,-0.002169,1,0
14.533000,-58.899257,206051.264938,-178.977720,206951.218210,60.993217,205659.586494,99.226886,663.257933,-21.247676,660.666232,-140.914679,665.395738,59.948141,0.012341,1,0
14.567000,-59.000009,206293.184286,-178.961580,206456.566632,61.204752,206515.255983,98.790193,654.554543,-20.693639,664.109147,-141.052680,669.158972,59.940509,-0.004725,1,0
14.600000,-59.017021,206401.451943,-179.072592,206315.463606,61.068415,206519.048590,98.868491,666.994325,-20.802636,667.084412,-141.001648,659.263775,59.939973,-0.005406,1,0
14.633000,-58.967238,207270.105798,-178.887004,206872.431266,60.995878,207219.316527,99.253267,666.788240,-20.901664,665.973854,-141.172888,666.634566,59.947249,0.007783,1,0
14.667000,-59.000204,206188.117784,-178.907878,208344.781156,61.035018,207572.955228,98.719616,671.660326,-20.802107,672.509062,-141.202355,668.379055,59.945850,0.001648,1,0
14.700000,-58.930787,207977.658218,-178.954714,207113.596489,61.121900,207105.873937,99.370946,666.065144,-21.061465,666.109478,-141.134246,663.531043,59.950070,-0.013455,1,0
14.733000,-58.832352,204841.725817,-178.960085,205717.907231,61.070993,204911.223045,98.907717,666.062076,-20.945426,663.154626,-140.806152,661.666780,59.943389,-0.004103,1,0
14.767000,-59.047124,207971.677695,-178.928229,208231.194723,60.948102,207863.327626,98.866250,668.120990,-20.782957,657.522018,-140.919791,658.651458,59.939663,0.011279,1,0
14.800000,-59.011437,206292.243973,-178.951169,207812.178338,61.131057,207499.512381,99.192251,667.956478,-20.969921,659.799435,-140.860789,659.849221,59.942933,-0.001579,1,0
14.833000,-59.250957,204961.898354,-179.020097,206275.819422,61.063100,206944.254308,98.775789,665.353147,-21.071757,660.008418,-140.960818,664.482749,59.949893,0.002390,1,0
14.867000,-59.019301,206714.735391,-179.073814,208020.966418,60.971681,206735.998309,98.738095,659.054931,-20.918737,660.353244,-141.088339,661.484109,59.952153,0.004118,1,0
14.900000,-58.939337,207130.690085,-178.925031,208526.465572,60.942299,207552.159047,99.203721,662.769955,-20.960045,665.917340,-140.766563,664.413129,59.943122,0.004550,1,0
14.933000,-59.005804,206206.332908,-178.920701,206387.162939,61.004230,207388.727255,98.681425,659.000138,-21.054800,659.665372,-141.020758,653.181591,59.945761,0.010867,1,0
14.967000,-58.788127,206969.507706,-179.055236,205870.335885,60.968966,205077.614603,99.325086,655.630667,-21.001044,666.960339,-140.662990,658.296098,59.954480,-0.007222,1,0
15.000000,-59.054635,206509.114617,-178.998837,205556.811123,61.084601,206517.672758,99.005613,658.489986,-20.968101,662.489742,-141.041788,657.116856,59.945511,-0.010431,1,0
15.033000,-59.122970,205810.467620,-178.981286,207279.712156,61.139598,206181.532181,99.016833,661.105681,-20.849397,662.238752,-140.766881,666.787857,59.948848,-0.001803,1,0
15.067000,-58.973950,205544.118698,-178.951688,205711.936225,61.072474,205220.285022,99.106464,664.653141,-21.258212,663.045464,-140.970843,664.469734,59.944921,0.000636,1,0
15.100000,-58.839465,206476.756357,-179.003383,206832.629007,61.105688,204548.612118,99.081463,668.039251,-21.096376,666.627818,-141.016064,665.318175,59.952375,-0.010433,1,0
15.133000,-58.707252,204788.715048,-178.871865,207407.092657,61.028051,205844.765904,99.421601,659.469888,-20.844794,656.448456,-140.995757,660.245948,59.948877,-0.008076,1,0
15.167000,-58.833665,207700.301652,-178.714801,204924.767801,60.996349,206190.221487,99.270937,664.172775,-20.475629,662.664815,-140.798711,660.898430,59.948120,0.004722,1,0
15.200000,-58.788039,204696.220627,-178.952303,205211.079173,61.178169,205020.973270,99.280937,667.158273,-20.794345,665.142202,-140.886365,665.941193,59.951508,0.001088,1,0
15.233000,-58.767980,204105.668728,-178.825913,206317.628282,61.058341,205890.443907,99.340879,667.525108,-20.698550,661.909112,-140.848531,663.329201,59.946221,0.001713,1,0
15.267000,-58.912663,205215.839686,-178.848314,205292.128700,61.147413,206417.794420,98.921829,666.523903,-20.641017,661.398279,-140.688217,661.328388,59.956098,-0.011945,1,0
15.300000,-58.971857,206659.134672,-178.580238,204467.023424,61.014070,206408.949242,98.971591,663.635436,-20.382218,665.540687,-140.993723,670.250080,59.944826,0.003040,1,0
15.333000,-58.748935,205516.255256,-178.889045,205786.877067,61.171899,206839.203314,99.057288,664.565132,-21.012905,656.004370,-140.701107,662.540392,59.951579,0.001930,1,0
15.367000,-58.948034,205712.698017,-178.841541,206353.491258,61.201318,205300.793655,99.106591,672.592638,-20.403285,663.426459,-141.028347,661.228479,59.954282,0.002768,1,0
15.400000,-58.862960,207189.765356,-178.950950,207647.784097,61.106673,206090.483184,99.223326,664.634534,-20.808782,661.961614,-141.130546,663.591876,59.947004,-0.002101,1,0
15.433000,-58.684851,204919.897269,-178.755373,205783.838805,61.150506,204970.504540,99.205172,664.123321,-20.740616,660.873376,-140.981141,668.698522,59.949415,0.003650,1,0
15.467000,-58.858253,205150.634017,-178.694600,206668.745094,61.188429,205624.762538,99.455597,659.835979,-20.832718,660.236235,-140.468849,663.975666,59.952781,-0.000880,1,0
15.500000,-58.794874,205871.612413,-178.763420,207630.173663,61.163942,206129.205114,99.454738,653.145108,-20.820780,663.318829,-140.820664,664.278092,59.946159,-0.000839,1,0
15.533000,-58.925300,204664.576916,-178.936576,205585.704068,61.116207,206112.728845,99.335072,663.394636,-20.988043,664.699225,-140.945608,664.245153,59.949970,-0.009033,1,0
15.567000,-58.888468,205348.878335,-178.836136,204595.710086,61.106292,205324.595830,99.057279,669.242794,-20.836043,669.542187,-141.140623,660.173225,59.943473,0.006208,1,0
15.600000,-58.869209,204614.062334,-178.862842,205499.370716,61.173167,207294.773351,99.323048,662.889537,-20.712167,661.739166,-140.917105,657.880758,59.949906,-0.015923,1,0
15.633000,-58.880438,205767.317232,-178.951007,206024.138800,61.276931,206817.843050,99.318129,662.374705,-20.719025,657.995047,-140.856585,660.315950,59.949370,0.011011,1,0
15.667000,-58.833061,205392.889932,-178.901625,207589.662176,61.301005,204718.474761,99.240366,664.541575,-20.864015,662.430115,-141.030551,657.479972,59.952087,0.004675,1,0
15.700000,-58.831769,206662.776022,-178.828653,207558.937102,61.184448,207467.636880,98.878619,663.028878,-20.633141,656.871858,-140.800407,657.476385,59.943785,0.002994,1,0
15.733000,-58.767909,205218.198530,-178.967578,206570.172449,61.020704,205080.357703,99.446117,664.674199,-21.053766,660.166465,-141.116054,660.859923,59.955223,0.011731,1,0
15.767000,-58.844296,205215.449203,-178.830834,205014.323274,61.140568,204035.374741,99.150810,661.701127,-21.094268,663.859798,-141.013506,667.134087,59.953991,0.005341,1,0
15.800000,-58.717957,205336.857720,-178.894082,206107.956657,61.330885,205700.457999,99.110550,661.566625,-20.886109,664.569857,-140.648875,661.562660,59.956689,0.000127,1,0
15.833000,-58.624427,206428.840797,-178.727584,207181.453655,61.358524,206674.007631,99.440574,665.312216,-21.130998,662.927861,-140.734352,663.102134,59.952952,-0.001228,1,0
15.867000,-58.786538,204945.029988,-178.727415,205964.177478,61.143378,206221.289112,99.073718,658.784678,-20.921728,660.962057,-141.056992,656.340844,59.947837,0.014658,1,0
15.900000,-58.876123,204572.393458,-178.691507,206483.683991,61.137305,205025.693750,98.941774,658.862793,-21.197661,664.136439,-141.046822,658.693007,59.955199,-0.002470,1,0
15.933000,-58.760990,204595.768729,-178.861279,204853.105481,61.252357,206095.202324,99.186400,654.876721,-21.100013,661.649286,-140.801230,663.530061,59.955370,-0.016665,1,0
15.967000,-58.707059,206048.491341,-178.784986,205145.531652,61.228313,207024.916005,99.375778,653.538341,-21.144884,656.019971,-140.930825,661.048332,59.963024,-0.011324,1,0
16.000000,-58.789752,205067.545719,-178.765215,205732.016240,61.107388,205969.322876,99.390406,657.079803,-20.570533,648.600024,-140.843409,659.461869,59.965249,0.002593,1,0
16.033000,-58.832730,205830.004148,-178.660219,207145.569676,61.330154,206205.612989,99.160216,659.731623,-20.860679,655.962443,-140.954191,648.552883,59.954582,-0.009362,1,0
16.067000,-58.842800,204240.797053,-178.624656,205831.280899,61.045941,204770.242187,99.318418,654.640761,-20.429712,663.561611,-140.725504,661.262348,59.966328,0.012936,1,0
16.100000,-58.649335,205962.551617,-178.766915,205749.099583,61.232811,206213.542615,99.239365,663.677032,-20.714886,660.177767,-140.536840,657.668349,59.948311,0.006653,1,0
16.133000,-58.749446,204688.722276,-178.709907,205995.408307,61.226149,208492.327627,99.388547,658.999148,-20.940582,655.269459,-140.779797,657.144442,59.951172,0.002027,1,0
16.167000,-58.468240,205957.885101,-178.691825,207763.370810,61.290907,206165.215299,99.871870,654.140952,-20.468147,662.063784,-140.878796,655.282527,59.956229,-0.007129,1,0
16.200000,-58.685329,205209.118539,-178.765375,207065.092576,61.282531,207310.192465,99.360269,657.400816,-20.474346,657.023924,-140.753670,658.378043,59.947738,-0.008589,1,0
16.233000,-58.617268,206554.880073,-178.700281,205461.168802,61.320987,206880.814010,99.129852,653.392602,-20.952329,652.918742,-140.488039,652.735828,59.948916,0.002167,1,0
16.267000,-58.733986,205321.889844,-178.765575,205460.731627,61.248450,204726.600776,99.478368,653.675894,-20.815163,653.663924,-140.833759,653.479078,59.939622,0.003597,1,0
16.300000,-58.742782,204847.576478,-178.704234,207112.611773,61.254321,205668.623032,99.434398,649.739938,-20.755955,652.710062,-140.508028,654.503296,59.949951,0.007775,1,0
16.333000,-58.743955,204702.385192,-178.745042,204089.928383,61.186455,206935.808761,99.569935,653.198361,-20.723694,652.095326,-140.851181,653.956256,59.939315,-0.001737,1,0
16.367000,-58.686505,204677.254469,-178.691526,205784.158566,61.325905,206822.503260,99.245405,650.272108,-21.143764,653.964107,-140.826496,660.176824,59.952468,-0.006654,1,0
16.400000,-58.851524,205993.408761,-178.672675,205366.496538,61.107287,204442.986809,99.283663,652.075212,-20.892789,653.575144,-140.409543,653.966157,59.952699,0.000973,1,0
16.433000,-58.694518,204735.938733,-178.763180,203873.576711,61.271589,206266.513498,99.372733,652.253072,-20.926455,652.522049,-140.989532,652.690531,59.952395,0.008680,1,0
16.467000,-58.561919,206293.845848,-178.716589,205926.212108,61.181457,204716.170258,99.439371,654.145080,-20.768409,655.846099,-140.844052,654.441195,59.941782,0.001268,1,0
16.500000,-58.629437,205567.085753,-178.639922,204828.122242,61.306891,206555.955846,99.233649,654.546047,-20.627639,652.434525,-140.553060,655.248712,59.948103,-0.002519,1,0
16.533000,-58.658691,205143.224825,-178.698041,203896.625815,61.103518,207018.058632,99.172651,660.992984,-20.411602,657.753939,-141.118771,655.191906,59.936279,-0.010603,1,0
16.567000,-58.818034,205023.190333,-178.675597,206657.555685,61.208945,205994.857830,98.876489,656.510064,-20.807665,655.583346,-141.118881,653.302829,59.941793,-0.001310,1,0
16.600000,-58.881593,206732.193810,-178.835475,206233.405374,61.426066,205384.919328,98.871162,656.744095,-20.890972,653.818121,-140.421407,648.943572,59.938248,-0.006187,1,0
16.633000,-58.898305,205438.027601,-178.738965,205750.886385,61.165553,205032.831721,99.245576,660.408315,-21.140577,654.665677,-140.757009,656.294609,59.938115,-0.002770,1,0
16.667000,-58.756248,205518.363610,-178.562072,205728.472245,61.284721,204922.883538,99.215727,655.993336,-20.449992,657.434722,-140.695692,660.217003,59.936898,-0.003871,1,0
16.700000,-58.767211,204705.676987,-178.622289,206471.687796,61.164875,206531.326180,99.515603,651.975643,-20.481803,658.121901,-140.837006,658.323477,59.942082,-0.006506,1,0
16.733000,-58.840528,207185.714769,-178.686556,203613.954205,61.217563,205177.560737,99.084205,655.818093,-20.331714,658.626310,-140.623635,659.570923,59.943791,-0.005453,1,0
16.767000,-58.705904,204171.083638,-178.601335,207199.505176,61.400705,205659.834724,99.201252,668.895624,-20.380179,653.825119,-140.594374,659.694451,59.943819,-0.000299,1,0
16.800000,-58.566571,205556.684774,-178.589130,205214.482351,61.331971,205408.302260,99.788683,659.454785,-20.485851,658.481428,-140.682948,659.227432,59.943505,0.001716,1,0
16.833000,-58.653120,207580.048523,-178.695794,205181.124760,61.327096,205586.516717,99.781543,663.677039,-20.877258,658.007723,-140.779247,665.489619,59.939014,-0.008567,1,0
16.867000,-58.579925,204504.806112,-178.636357,206201.856261,61.174876,204733.103002,99.662599,663.746395,-20.737939,654.044443,-140.935069,655.100279,59.932659,0.003327,1,0
16.900000,-58.771088,203131.557974,-178.722692,206187.109886,61.346355,207333.621464,98.962532,661.619782,-20.804945,658.595584,-140.539736,660.791793,59.938605,-0.002153,1,0
16.933000,-58.744141,204860.351806,-178.701932,206588.367401,61.061118,205532.915719,99.135400,662.263434,-20.989321,664.954044,-140.844382,660.672256,59.940094,0.003428,1,0
16.967000,-58.626356,205391.133542,-178.786379,206400.964974,61.347376,204575.384443,99.388761,657.994609,-20.773722,649.560078,-140.746710,663.235526,59.939905,-0.011492,1,0
17.000000,-58.733679,204582.026584,-178.813294,205354.265444,61.418958,205384.854207,99.104666,656.132648,-21.031174,655.727557,-140.509921,657.672070,59.940237,-0.003731,1,0
17.033000,-58.698891,205947.216309,-178.538143,206793.942811,61.304383,205964.536720,99.296413,649.563729,-20.406060,653.661621,-140.686181,658.667753,59.939518,0.011141,1,0
17.067000,-58.726128,204048.886570,-178.631879,205542.961956,61.232794,205672.551231,99.217395,661.760239,-20.675010,663.020474,-140.410673,660.902580,59.941958,0.009439,1,0
17.100000,-58.678578,207102.123711,-178.687920,206337.670737,61.352153,204247.975032,99.672015,653.848139,-20.885855,662.395484,-140.357820,662.649833,59.943256,0.011837,1,0
17.133000,-58.720330,206019.329973,-178.474776,208043.898634,61.144459,205161.043918,99.512609,662.002244,-20.185738,648.810757,-140.906094,665.186040,59.937524,-0.007459,1,0
17.167000,-58.751855,206054.105925,-178.697788,206582.098350,61.297253,206456.511218,99.052113,656.932000,-20.435693,660.735295,-141.009727,654.881349,59.942020,0.004460,1,0
17.200000,-58.648813,205507.346053,-178.837306,204720.634479,61.242522,206668.182262,99.547581,661.916917,-20.920099,658.615272,-140.863585,661.188486,59.944903,0.004989,1,0
17.233000,-58.456878,205057.674941,-178.836916,206883.657831,61.441965,205411.215630,99.514950,654.966990,-20.955918,658.448583,-140.746113,663.885143,59.946603,0.004665,1,0
17.267000,-58.834883,205906.039719,-178.551666,206458.211494,61.304076,207152.301908,99.223835,659.045978,-20.779914,651.727697,-140.522418,658.342926,59.944884,0.005163,1,0
17.300000,-58.733531,204509.888567,-178.822304,206528.235374,61.299133,205201.367703,99.185648,661.883480,-20.935581,660.194787,-140.671273,654.474652,59.943919,-0.010010,1,0
17.333000,-58.699592,205586.050072,-178.887805,204906.639417,61.355663,206422.428355,99.577725,656.907178,-20.849102,657.348179,-140.922995,664.147037,59.943641,0.012008,1,0
17.367000,-58.919618,206646.585410,-178.813114,204885.573385,61.227832,206250.390682,99.171315,662.332255,-20.800922,659.856844,-140.687195,657.036677,59.951947,0.007126,1,0
17.400000,-58.799820,205638.494924,-178.685595,206669.123159,61.215713,205888.147449,99.499450,653.694597,-20.578425,661.112896,-140.958798,658.517258,59.943284,0.006858,1,0
17.433000,-58.725442,204822.139596,-178.664272,206407.502112,61.410476,205873.689876,99.546036,658.340417,-20.408080,661.015562,-140.853474,664.179886,59.953234,0.007046,1,0
17.467000,-58.558793,205377.022124,-178.760350,205353.299984,61.521897,205416.559965,99.640522,655.462996,-20.727020,653.404129,-140.649682,663.006902,59.949243,0.005965,1,0
17.500000,-58.626065,204696.390312,-178.756875,205518.906276,61.198458,205037.905254,99.350201,650.781666,-20.412823,659.787225,-140.883790,659.017900,59.950929,0.004895,1,0
17.533000,-58.798621,203553.702177,-178.594740,205443.392088,61.281600,205048.416651,99.230715,657.773900,-20.691830,655.976652,-140.749872,654.980181,59.952117,-0.004051,1,0
17.567000,-58.874604,205250.826521,-178.807885,206507.543540,61.206682,205000.625404,99.186401,660.174505,-20.717090,654.495908,-140.933253,657.095004,59.953350,0.002921,1,0
17.600000,-58.678870,205183.631485,-178.785285,205941.928160,61.115296,205670.930747,99.200004,668.298790,-21.008712,654.892302,-140.864379,659.727615,59.954159,0.008674,1,0
17.633000,-58.601707,206630.756130,-178.722991,207385.249246,61.359195,205612.975903,99.749734,657.728723,-20.817438,652.691433,-140.559992,658.525245,59.953912,0.000561,1,0
17.667000,-58.776190,205366.386096,-178.677502,206007.776236,61.544444,206163.752845,99.393936,657.224525,-20.666180,652.077279,-140.444419,656.533759,59.950615,0.000232,1,0
17.700000,-58.739843,204282.872651,-178.694992,205715.427756,61.259373,206590.683994,99.043474,657.686829,-20.857413,659.549200,-140.765053,654.765545,59.955024,-0.009143,1,0
17.733000,-58.641060,205643.052916,-178.782991,206699.744638,61.099723,205572.727071,99.384389,658.017052,-20.629720,650.254768,-141.036451,655.313941,59.942820,-0.007157,1,0
17.767000,-58.636519,206873.501181,-178.728373,206219.120549,61.316327,206029.050089,99.456887,656.861786,-20.485776,654.223330,-140.797151,652.413861,59.958724,0.005361,1,0
17.800000,-58.812756,205729.034403,-178.728988,205319.118311,61.077988,204858.357532,99.149965,651.029799,-20.702588,661.665525,-140.878276,653.739240,59.946842,0.009261,1,0
17.833000,-58.791763,205276.353014,-178.735479,206474.947239,61.146608,204528.685759,99.136864,652.894393,-20.660497,660.218133,-140.843590,659.577818,59.953239,-0.001811,1,0
17.867000,-58.766946,204077.849709,-178.703026,206405.686657,61.354759,204748.292513,99.107126,660.124158,-20.946676,653.347206,-140.541436,659.029181,59.954964,0.007954,1,0
17.900000,-58.817758,205032.015195,-178.736535,207528.223645,61.327645,204763.937800,99.110900,658.738929,-20.838403,650.637661,-140.722888,659.782570,59.951529,-0.005364,1,0
17.933000,-58.715217,204912.694238,-178.739076,205681.235884,61.266887,205938.456764,99.177668,656.619203,-20.815604,657.749599,-140.591475,656.536848,59.952267,-0.001852,1,0
17.967000,-58.776195,206460.480958,-178.695096,206102.288498,61.353385,204552.480516,98.969658,663.367150,-20.772432,656.184035,-140.403558,654.681303,59.950905,0.000606,1,0
18.000000,-58.746345,204835.700159,-178.773738,205686.280382,61.146710,205595.664316,99.054557,652.047137,-20.750613,658.493855,-140.693729,655.597232,59.952010,-0.001596,1,0
18.033000,-58.643071,205837.710015,-178.746996,208164.489788,61.220369,204910.976539,99.623256,656.195163,-20.948042,652.473566,-140.922954,654.650583,59.955824,-0.001335,1,0
18.067000,-58.707242,205210.905358,-178.662821,205493.870341,61.226169,206014.443730,99.119835,655.440945,-20.603729,655.315488,-140.426207,658.434302,59.957033,-0.002417,1,0
18.100000,-58.750979,205148.774884,-178.667301,206315.497609,61.061487,207858.374234,98.973580,658.519657,-20.848667,658.379846,-140.895869,654.349398,59.957842,0.001754,1,0
18.133000,-58.714772,205424.185871,-178.822658,206249.592346,61.193593,207037.920943,99.210829,657.443371,-20.772603,659.736977,-140.544064,653.694648,59.957778,-0.002101,1,0
18.167000,-58.772519,205716.097358,-178.723907,206056.508191,61.147695,207249.269261,98.965635,663.383510,-20.602437,655.365028,-140.864201,639.317716,59.965985,-0.002104,1,0
18.200000,-58.735025,204775.161153,-178.705332,205758.328751,61.290598,206347.736902,99.448183,653.845819,-20.700915,658.080706,-140.697884,657.615954,59.953571,0.011392,1,0
18.233000,-58.757788,205080.162921,-178.714119,205526.508434,61.389498,205510.386222,99.301992,655.339151,-20.883161,656.510954,-140.623859,653.038683,59.947740,0.008370,1,0
18.267000,-58.854482,205278.709521,-178.775030,205916.499062,61.386237,206563.038331,99.123145,659.383970,-20.887339,657.014629,-140.547314,649.949535,59.946367,0.007918,1,0
18.300000,-58.818390,206469.147347,-178.802169,207699.998518,61.165719,206377.637590,99.050305,651.446916,-20.446110,655.912291,-141.082344,651.393727,59.943264,0.004347,1,0
18.333000,-58.648754,205401.868246,-178.747863,207024.245840,61.329325,207599.036164,99.471037,659.083075,-20.784870,657.815190,-140.730906,658.600336,59.945446,0.000061,1,0
18.367000,-58.592088,205800.900111,-178.649548,207239.261036,61.167811,206730.909742,99.288375,657.790827,-20.477712,654.139942,-140.934171,662.465419,59.947428,0.006786,1,0
18.400000,-58.657294,205896.144197,-178.657620,206524.824940,61.404299,205667.060049,99.195612,657.285948,-20.457605,655.853833,-140.799432,657.551536,59.944813,-0.000049,1,0
18.433000,-58.789716,205193.715742,-178.450968,205979.689412,61.099414,205682.724782,99.211573,658.920627,-20.357580,663.938529,-140.900920,655.812999,59.943029,0.001281,1,0
18.467000,-58.730763,206046.068552,-178.583601,205625.535607,61.177704,205800.130066,98.858167,658.459931,-20.567729,656.801871,-140.832368,655.198334,59.950299,0.001937,1,0
18.500000,-58.663654,206376.525440,-178.829948,206647.234409,61.284405,203882.643447,99.461797,655.791377,-20.636554,658.720023,-140.564884,658.821499,59.951440,0.012709,1,0
18.533000,-58.809968,206325.177880,-178.840879,206019.436764,61.170383,206462.601884,99.340911,661.433378,-21.219324,658.945980,-141.056528,655.880771,59.948007,0.003593,1,0
18.567000,-58.673619,205113.793592,-178.824859,205029.922998,61.312388,205875.270832,99.236671,664.135461,-20.647188,657.552575,-140.795445,657.155969,59.948544,0.001400,1,0
18.600000,-58.796410,206500.092353,-178.706458,204993.411978,61.107784,205291.899477,99.177178,658.492633,-20.814481,657.836043,-140.743768,656.950719,59.956937,0.008089,1,0
18.633000,-58.698911,205275.515379,-178.752916,204561.502576,61.244025,205228.433618,99.374318,651.037276,-20.803258,662.003726,-140.619777,656.953488,59.949624,-0.010741,1,0
18.667000,-58.663907,205476.431044,-178.890295,206785.771269,61.306939,206908.288718,99.450713,661.939432,-20.831308,657.603646,-140.798319,652.570102,59.954669,0.003322,1,0
18.700000,-58.555092,206460.401001,-178.753060,207106.096778,61.240848,205932.936371,99.351998,654.160712,-21.069329,656.232092,-141.482736,657.643739,59.953039,0.000983,1,0
18.733000,-58.632288,205204.289000,-178.780788,204934.499499,61.263915,205925.055557,98.983538,649.398934,-21.099148,662.208549,-140.697120,652.635623,59.954775,0.007158,1,0
18.767000,-58.710180,205451.772324,-178.482172,206483.115637,61.092704,204934.962716,99.258194,655.981421,-20.430755,654.692086,-140.761323,656.178897,59.955582,0.006628,1,0
18.800000,-58.572572,206196.739396,-178.556482,205093.223220,61.311838,207329.452697,99.630351,652.730584,-20.526406,653.317019,-141.022016,652.719398,59.959159,-0.003176,1,0
18.833000,-58.558048,206183.885792,-178.856864,206941.979543,61.261805,206379.191495,99.324742,656.623671,-20.863119,649.834136,-140.486198,658.327925,59.957468,-0.000664,1,0
18.867000,-58.644829,205134.450679,-178.742253,205985.012501,61.535021,204473.838288,99.459517,656.529361,-20.601856,650.589797,-140.687871,653.760084,59.959502,0.000993,1,0
18.900000,-58.499337,205699.343927,-178.759168,206361.894205,61.420145,206445.175941,99.622647,658.729916,-20.819919,658.737130,-140.622239,657.368058,59.954820,0.008193,1,0
18.933000,-58.815160,204827.694400,-178.730934,204617.035829,61.439910,205493.406784,99.146554,659.465911,-20.699740,657.130435,-140.526181,654.449045,59.963388,0.000902,1,0
18.967000,-58.577199,206329.658880,-178.930158,205438.353219,61.253194,206847.255675,99.420080,656.867343,-21.086536,664.752436,-140.948426,653.892810,59.953776,0.003911,1,0
19.000000,-58.702433,206198.566157,-178.783324,205999.521320,61.288182,205805.056262,99.551638,656.726822,-20.985088,664.423196,-140.786921,655.824113,59.949826,0.003862,1,0
19.033000,-58.724421,203631.139086,-178.599607,206066.741986,61.519899,206249.838161,99.228977,666.221836,-20.538434,662.378113,-140.461690,649.770456,59.959824,-0.010515,1,0
19.067000,-58.891799,204248.987136,-178.691842,205538.184715,61.371756,204283.703664,99.110790,642.359807,-20.696426,654.367987,-140.923534,654.205428,59.953827,0.005045,1,0
19.100000,-58.645665,203030.507892,-178.833297,204407.425013,61.247054,205472.243426,99.234204,652.510474,-20.961715,659.091222,-140.858200,657.104241,59.950181,0.001890,1,0
19.133000,-58.701321,204250.472993,-178.702777,204364.623400,61.303574,204865.553332,99.269940,653.609482,-20.716271,651.532167,-140.587744,651.738263,59.943474,0.009412,1,0
19.167000,-58.650733,205036.829193,-178.896841,205184.886557,61.169290,205060.639723,99.555918,652.287154,-20.698293,655.349766,-140.863340,659.061073,59.953166,-0.001702,1,0
19.200000,-58.563205,203703.267659,-178.560612,205942.020216,61.258407,204638.865129,99.337636,656.175320,-20.688796,651.171625,-140.557570,653.016984,59.948760,-0.008393,1,0
19.233000,-58.622911,203608.680772,-178.758702,205107.011271,61.279765,204627.510848,99.649958,657.600235,-20.871556,653.678397,-140.717437,651.751055,59.952176,0.009503,1,0
19.267000,-58.653216,204703.284873,-178.740732,203927.674276,61.502117,203990.504842,99.515418,652.908311,-20.858435,657.094275,-140.727357,655.763363,59.947492,-0.000943,1,0
19.300000,-58.751932,203688.632398,-178.573173,203535.640131,61.379761,203752.895786,99.305770,657.796982,-20.336052,653.338608,-140.595030,649.695089,59.952673,-0.008836,1,0
19.333000,-58.534425,203503.637177,-178.662353,204048.748653,61.362611,204922.304649,99.298108,661.087069,-20.755509,660.646344,-140.793490,655.407330,59.950213,-0.008097,1,0
19.367000,-58.612315,204921.104477,-178.901018,204455.382685,61.186737,202457.954050,99.204007,652.418511,-20.660810,653.732865,-140.980397,655.556408,59.953871,0.002480,1,0
19.400000,-58.695499,204542.293794,-178.744468,204279.554476,61.368084,202977.060382,99.363743,656.111668,-20.879860,660.417665,-140.591212,661.083138,59.950302,-0.003262,1,0
19.433000,-58.724980,204074.555599,-178.657925,205897.896903,61.435867,205589.062212,99.319635,651.646907,-20.859562,652.503898,-140.471005,656.822122,59.957741,0.002971,1,0
19.467000,-58.633676,202729.857561,-178.612600,203615.245193,61.309275,203674.822220,99.531963,656.025208,-20.417493,659.199149,-140.598641,654.389283,59.948743,-0.003020,1,0
19.500000,-58.531607,204818.429635,-178.721778,202951.394172,61.330139,203975.299070,99.666299,654.214049,-20.789409,658.058792,-140.755267,659.291073,59.951798,0.003214,1,0
19.533000,-58.676465,205410.921502,-178.486995,204057.193641,61.361868,206371.347824,99.138247,653.853186,-20.613405,651.920102,-140.561530,650.731200,59.960035,-0.007106,1,0
19.567000,-58.457031,204427.361060,-178.719517,204661.758309,61.391404,203810.822387,99.408645,654.944950,-20.702731,653.902028,-140.615540,656.548171,59.960983,0.003253,1,0
19.600000,-58.669236,202117.787104,-178.500198,202360.016479,61.202062,201852.354214,99.169535,657.535155,-20.527943,645.505940,-140.738699,650.095002,59.959571,0.005381,1,0
19.633000,-58.574143,203659.056373,-178.710357,205393.261286,61.191570,203087.313823,99.228106,650.113832,-20.510883,657.106325,-140.678243,656.881970,59.963398,0.002337,1,0
19.667000,-58.692591,203261.188120,-178.874291,204926.349629,61.355739,204614.186664,99.183275,649.945074,-20.831521,647.016708,-140.562451,635.978948,59.956647,0.002353,1,0
19.700000,-58.639789,203629.081310,-178.591723,204581.490078,61.220254,205872.720143,98.987707,650.417518,-20.506722,650.182923,-140.673749,656.927759,59.959745,0.008662,1,0
19.733000,-58.703752,203543.503150,-178.649332,204485.430499,61.451095,204208.560004,99.313255,649.179400,-20.652520,653.125591,-140.491930,650.787260,59.954098,-0.004454,1,0
19.767000,-58.679212,203048.906413,-178.598394,204820.272163,61.333347,204438.085286,99.403121,648.536334,-20.381658,654.290775,-140.833853,651.765882,59.960744,-0.002212,1,0
19.800000,-58.727392,202774.908298,-178.699319,205402.962097,61.343284,204268.167449,99.569383,648.415329,-20.773577,650.357233,-140.321409,646.059245,59.952371,-0.003779,1,0
19.833000,-58.605724,203559.573863,-178.767067,205035.130829,61.399331,203526.969432,99.411808,651.105730,-20.939670,650.820850,-140.648647,646.034899,59.962423,-0.014447,1,0
19.867000,-58.602031,204478.772251,-178.564943,204557.802920,61.501357,205130.304494,99.332528,645.302753,-20.869730,646.340642,-140.483467,648.509981,59.960908,-0.012728,1,0
19.900000,-58.597734,204616.080977,-178.757646,203886.512048,61.499264,204956.358749,99.434778,644.869021,-20.714888,644.135995,-140.512826,641.620561,59.955223,-0.003147,1,0
19.933000,-58.521422,205736.353096,-178.671469,204324.714656,61.323436,205236.806762,99.438548,641.923769,-20.383371,647.467831,-140.567958,640.632732,59.959112,-0.003264,1,0
19.967000,-58.812874,203640.767847,-178.537069,205065.565661,61.289599,203520.060025,98.927855,648.832069,-20.553796,649.974479,-140.938876,645.816659,59.966814,0.008163,1,0
20.000000,-58.768102,204579.558506,-178.746441,205021.666381,61.249598,203947.946953,98.843040,644.375994,-20.560812,645.546454,-140.879959,642.037587,59.960847,-0.007248,1,0
20.033000,-58.566875,202756.848770,-178.872305,205344.882512,61.404911,203374.223134,99.708993,650.408626,-20.762920,641.917501,-140.512943,643.177954,59.958492,-0.009576,1,0
20.067000,-58.623784,203445.811119,-178.681325,204223.434438,61.212147,203008.877454,99.371927,646.669995,-20.420320,645.479786,-140.452794,645.519433,59.958513,0.009048,1,0
20.100000,-58.650914,202699.438291,-178.841145,205189.667203,61.224184,203004.462027,99.289066,643.586292,-20.736971,638.875914,-141.197978,643.108776,59.956517,0.001996,1,0
20.133000,-58.522328,204609.144339,-178.727639,204235.373977,61.332065,204329.705274,99.391701,644.490319,-21.087690,646.661294,-141.014913,638.379172,59.954495,0.010143,1,0
20.167000,-58.842186,203126.204615,-178.648430,203464.994852,61.281832,202821.444974,99.087066,642.332507,-20.471001,638.595147,-140.675538,641.311954,59.945115,-0.002032,1,0
20.200000,-58.685638,202473.881601,-178.761356,204060.260138,61.206172,204631.418801,99.470666,641.571792,-20.846275,632.763780,-140.656506,642.962912,59.963528,0.012829,1,0
20.233000,-58.810400,203490.877677,-178.766186,204966.267747,61.132350,202314.440027,99.247492,641.747640,-20.600743,638.619391,-141.094574,642.877292,59.953540,-0.012239,1,0
20.267000,-58.734703,203574.255011,-178.964373,203857.871776,61.272628,206005.537852,99.207383,642.309208,-21.108470,638.168413,-140.820434,643.845914,59.963502,-0.008858,1,0
20.300000,-58.928319,204539.550872,-178.703833,203216.274121,61.329954,205437.443741,98.977197,637.117370,-20.911560,642.304742,-140.598348,637.772711,59.950092,-0.002887,1,0
20.333000,-58.894151,205488.367674,-178.831691,206422.592713,61.075908,206408.797777,99.145973,645.453400,-20.874112,647.082041,-140.814765,642.866091,59.955677,-0.002670,1,0
20.367000,-58.764152,204261.672073,-178.686950,205075.929705,61.223982,205585.984753,99.056359,642.533232,-20.422655,645.544094,-140.887758,649.411610,59.956363,-0.002454,1,0
20.400000,-58.956869,203866.130069,-178.661492,205891.127077,61.194577,205976.345544,98.881338,639.909745,-20.529905,634.625335,-140.710660,640.440046,59.956469,-0.002798,1,0
20.433000,-58.693172,203277.324700,-178.642674,203340.845471,61.274174,203888.660936,99.402260,638.933150,-20.704650,636.854466,-140.636909,630.830943,59.961567,-0.008309,1,0
20.467000,-58.601981,206135.996901,-178.631322,205781.362632,61.334133,203833.374823,99.230756,636.647493,-20.907014,643.037817,-140.553350,639.236196,59.956291,0.014997,1,0
20.500000,-58.578329,204450.332707,-178.686455,205789.374362,61.226605,204270.628686,99.301941,636.577063,-20.669330,633.154339,-140.964526,641.890921,59.956488,-0.011720,1,0
20.533000,-58.713467,204775.151729,-178.674290,205776.575875,61.268816,206860.263614,99.362812,640.353883,-20.812059,640.510370,-140.805720,634.611646,59.959507,-0.001434,1,0
20.567000,-58.893908,203978.201429,-178.794185,204868.727300,61.384024,204956.532605,99.068905,644.015722,-20.772114,645.122567,-140.656393,640.919482,59.953913,0.004247,1,0
20.600000,-58.747829,205886.865545,-178.647305,204274.682312,61.231064,203769.003316,99.363931,639.573159,-20.431613,635.995064,-140.789647,633.438397,59.951259,0.007126,1,0
20.633000,-58.555574,206835.936666,-178.761283,205238.776258,61.387358,204757.384929,99.480937,641.889128,-20.300950,638.464969,-140.431203,640.311393,59.953546,0.006822,1,0
20.667000,-58.763560,203210.726513,-178.591760,202266.192804,61.270192,203702.817793,99.533920,631.172597,-20.741982,636.173526,-140.596896,635.678328,59.948154,-0.006010,1,0
20.700000,-58.537596,205390.119840,-178.557902,203844.427231,61.244149,204145.605733,99.360631,639.697973,-20.558195,639.127382,-140.956158,636.040483,59.946195,0.006265,1,0
20.733000,-58.844114,204971.327619,-178.604472,206721.157832,61.261783,202853.853651,98.984961,642.184466,-20.600306,640.969622,-140.849669,640.331830,59.942581,-0.004987,1,0
20.767000,-58.639692,203165.018438,-178.611640,203880.510502,61.597712,204560.305873,99.385338,638.235397,-20.723678,637.561248,-140.576869,637.166735,59.943506,-0.003416,1,0
20.800000,-58.875317,204302.321466,-178.745540,204365.556662,61.358021,204111.848812,99.612709,634.174093,-21.043632,637.368674,-140.719857,628.778912,59.945561,-0.001450,1,0
20.833000,-58.826627,203489.155693,-178.700835,206137.493707,61.159404,204344.287241,99.089579,632.877181,-20.752894,637.692888,-140.917183,630.734757,59.934222,0.004883,1,0
20.867000,-58.774765,205395.301445,-178.705279,206277.813567,61.325702,205636.254151,99.315544,636.238606,-20.916801,633.680578,-140.713806,630.336225,59.940663,-0.003952,1,0
20.900000,-58.779339,203586.193668,-178.692262,204800.942228,61.149356,205070.895951,99.358340,636.174441,-20.802566,634.850194,-140.800832,638.338579,59.942987,0.008034,1,0
20.933000,-58.580326,204261.096319,-178.609919,203599.945253,61.066955,203311.096289,99.239183,634.478611,-20.388606,639.703906,-140.747887,642.418593,59.942933,0.001054,1,0
20.967000,-58.730676,203974.987714,-178.708939,202991.130896,61.232452,202821.840899,99.559806,640.149449,-20.398725,639.419472,-140.355598,633.805971,59.939010,0.005669,1,0
21.000000,-58.560946,205562.975118,-178.586316,206802.892293,61.321206,204385.211599,99.309217,629.872124,-20.499248,639.957856,-140.713549,634.157553,59.937405,-0.012012,1,0
21.033000,-58.774010,203156.753834,-178.658170,205610.056548,61.230657,205120.345942,98.982871,639.646504,-20.554119,635.301133,-140.503455,634.289060,59.937962,0.001474,1,0
21.067000,-58.656446,202522.592587,-178.588089,206442.997943,61.338117,205247.267909,99.552975,634.872081,-20.577844,630.955920,-140.482145,638.768578,59.937250,0.007023,1,0
21.100000,-58.714465,205235.506183,-178.547923,204394.033480,61.162074,206019.514862,99.162387,629.189917,-20.504697,635.620298,-141.207237,638.190805,59.934555,0.002668,1,0
21.133000,-58.616961,204602.728815,-178.660479,205096.775174,61.270896,204842.111144,99.443584,641.544368,-20.653859,636.842540,-140.452440,637.552645,59.935591,0.002689,1,0
21.167000,-58.951545,203806.168571,-178.770220,205914.437384,60.921076,205802.103941,98.995411,633.306524,-20.892886,640.023592,-141.362373,637.185168,59.933161,-0.002919,1,0
21.200000,-58.878643,204596.363448,-178.730306,205521.219644,61.257330,204994.108325,98.837531,637.789041,-21.128801,636.351800,-140.366012,638.787221,59.940245,-0.002685,1,0
21.233000,-58.908852,204814.796124,-178.620692,203884.632259,61.319850,204062.904575,99.203981,638.982729,-20.615955,636.799953,-140.721451,631.369501,59.938249,0.013544,1,0
21.267000,-58.726036,204290.383335,-178.594755,206128.292172,61.266717,203830.673487,99.141053,642.460878,-20.435150,634.567715,-140.874083,635.131532,59.937053,-0.012536,1,0
21.300000,-58.751796,205506.492810,-178.627512,205839.786050,61.135609,205823.469419,99.483278,632.469255,-20.500185,639.132878,-141.105223,628.747407,59.935420,-0.001682,1,0
21.333000,-58.881300,204706.114782,-178.768516,206389.111555,61.372794,205332.295438,99.170352,635.209974,-20.831986,635.667290,-140.937514,629.595938,59.937129,-0.007262,1,0
21.367000,-58.671045,204514.727094,-178.553102,206296.782589,61.407762,204179.102982,99.243112,627.614499,-20.411244,632.109567,-140.641974,636.576641,59.939406,0.010275,1,0
21.400000,-58.918242,202985.292156,-178.686402,205561.441448,61.187627,203554.245224,98.877193,627.561505,-20.701125,627.444441,-140.655008,634.154926,59.939979,-0.004028,1,0
21.433000,-58.883156,203635.833177,-179.211199,204535.408483,61.310815,202980.621527,99.218399,630.676178,-21.475285,628.413788,-140.700276,634.224203,59.938665,0.005463,1,0
21.467000,-58.806539,205514.247135,-178.856904,204209.047348,61.255413,204399.106313,99.009297,635.431748,-20.961603,633.441687,-140.955118,629.187135,59.936238,0.003764,1,0
21.500000,-58.680651,203533.677131,-178.877880,203467.090903,61.266698,205576.983813,99.115927,635.498167,-20.663479,631.446245,-140.624697,631.914174,59.940484,0.005095,1,0
21.533000,-58.682161,205195.603865,-178.812066,206698.224920,61.183790,203180.614641,99.429133,635.906003,-21.024329,633.321234,-140.594860,636.332617,59.935861,0.013874,1,0
21.567000,-58.799235,203457.398059,-178.761942,204940.071282,61.212242,204739.965490,99.045458,636.772014,-20.963166,635.190066,-140.883770,632.354751,59.929988,0.004285,1,0
21.600000,-58.851100,202627.046766,-178.818873,203597.147237,61.334004,205224.583209,98.791608,629.896003,-20.964591,629.806545,-140.580518,634.652670,59.937836,-0.006233,1,0
21.633000,-58.826911,203233.204660,-178.723177,204598.422773,61.099527,203392.215867,98.881464,627.039707,-20.799287,638.908966,-140.718658,639.059034,59.931362,-0.008113,1,0
21.667000,-58.736340,204806.537865,-178.737032,202691.063977,61.261492,203407.211395,99.307975,640.558208,-20.785473,633.815331,-140.707157,633.564749,59.931096,-0.006940,1,0
21.700000,-58.731276,205880.670962,-178.721442,204870.807885,61.354586,205683.040722,99.176869,629.377007,-20.766506,636.462458,-140.662186,642.385635,59.945343,-0.009506,1,0
21.733000,-58.869956,204351.570776,-178.763509,206079.307445,61.268949,205770.085622,99.264785,631.014015,-20.697064,635.791060,-140.413487,635.086786,59.933789,-0.007214,1,0
21.767000,-58.933883,206188.653282,-178.702408,206286.931262,61.368180,205373.131864,99.401500,640.323358,-20.443656,640.638093,-141.009835,630.980351,59.948528,-0.000250,1,0
21.800000,-58.815225,203358.035405,-178.731493,202325.321865,61.222680,203908.648924,99.190905,635.925401,-20.784820,631.621540,-140.551577,632.806545,59.938567,0.000133,1,0
21.833000,-58.746733,203894.052903,-178.745564,204028.291799,61.118686,203305.563918,99.515522,631.411996,-20.761528,635.829607,-140.667281,627.455041,59.948016,0.005209,1,0
21.867000,-59.006749,203621.609427,-178.856802,204259.104127,61.089156,204712.179353,98.742733,637.079607,-20.772661,645.220541,-140.986323,637.111952,59.948105,0.002428,1,0
21.900000,-58.869754,203794.706015,-178.849926,203839.011920,61.065360,203358.171406,98.950984,624.494786,-21.084486,635.341993,-140.838002,638.577873,59.946493,0.007822,1,0
21.933000,-58.751555,204466.980774,-178.997685,202845.651641,61.166175,206371.751351,99.089413,629.861190,-20.878816,630.497774,-140.853338,638.787367,59.943157,-0.008451,1,0
21.967000,-58.829267,203573.530542,-178.858038,205095.447293,61.126868,205840.649240,99.453829,632.709986,-21.175064,635.648615,-141.276080,631.195892,59.944770,0.002952,1,0
22.000000,-58.966216,204784.500165,-178.812713,204859.013127,61.208126,205421.886129,99.047041,637.378782,-20.857405,633.551168,-140.502297,630.367649,59.945864,0.006651,1,0
22.033000,-58.991640,205216.452086,-178.831696,205748.596411,60.804018,203039.611990,99.128041,626.357727,-20.718728,634.589205,-141.303493,633.132905,59.951868,0.006238,1,0
22.067000,-58.842244,204467.166796,-179.033985,204776.240899,61.025604,205288.454189,99.306206,642.247826,-20.490628,628.991494,-140.941509,629.659766,59.945014,0.007095,1,0
22.100000,-58.939833,203668.988853,-178.977269,204876.328170,60.946697,203522.467336,99.237736,638.413940,-20.870215,636.418727,-141.261261,635.605661,59.950035,-0.002866,1,0
22.133000,-59.030592,202864.696148,-178.853601,203182.538298,61.055931,204236.042566,98.839069,637.671506,-20.701460,634.579355,-140.651887,639.231452,59.949217,0.011791,1,0
22.167000,-58.989970,202663.311724,-178.813798,205319.272244,61.197627,205095.021141,98.968846,638.241689,-21.055889,631.558742,-140.955483,635.228611,59.949305,0.006583,1,0
22.200000,-59.020003,203752.963705,-178.943210,205514.671136,61.168610,205017.478298,98.581390,633.783909,-20.970798,631.266514,-140.965423,636.235579,59.946174,0.004520,1,0
22.233000,-58.680514,202834.608970,-179.090918,204499.247774,61.099237,204856.648631,99.278427,636.618278,-20.889260,638.336980,-141.070963,634.837418,59.954182,-0.003020,1,0
22.267000,-58.806246,205389.259636,-178.949982,206038.957048,61.275353,203305.631279,99.221618,628.379868,-21.051435,632.393477,-140.706168,637.796821,59.945247,-0.001787,1,0
22.300000,-58.715216,205898.813285,-178.972452,204526.380347,60.965866,203127.949042,99.340985,631.008084,-20.846980,634.263784,-140.981340,639.324148,59.944860,0.005370,1,0
22.333000,-58.765295,203595.367721,-178.808410,203477.618790,61.313566,203158.502108,99.618105,637.261700,-20.965094,637.086094,-140.588193,636.796784,59.936706,-0.004601,1,0
22.367000,-58.925392,203484.756562,-178.911847,204497.799064,61.125669,204511.748233,99.027890,632.356867,-20.816960,628.198581,-141.292434,633.834196,59.945778,-0.007441,1,0
22.400000,-58.709868,205479.035673,-178.903314,203676.568937,61.129006,204382.486583,99.050688,632.318621,-20.803645,640.473690,-140.820895,635.302886,59.951879,-0.013860,1,0
22.433000,-58.836687,204516.559095,-178.792577,205468.427665,61.248775,203912.025682,99.226545,638.852932,-20.751813,632.882022,-140.768314,632.622867,59.946778,-0.000057,1,0
22.467000,-58.943319,205480.312068,-178.849381,205867.094659,61.217070,206290.980879,98.672349,631.885845,-20.734642,636.875763,-140.793131,633.408801,59.958816,-0.006375,1,0
22.500000,-58.913780,203912.712125,-178.898137,203364.532128,61.163477,205899.416534,99.360539,633.071114,-20.926262,631.706738,-140.931830,630.308189,59.946787,0.003563,1,0
22.533000,-58.648134,203534.610976,-178.812863,204056.637316,61.065174,204979.853126,99.319175,635.758567,-20.766667,636.638993,-140.913421,634.421367,59.955729,0.000911,1,0
22.567000,-58.857813,203802.011564,-178.816748,205021.542225,60.948765,204159.738866,99.109612,629.731738,-20.679861,640.789154,-141.130262,638.332688,59.953419,0.002828,1,0
22.600000,-58.832679,204559.412749,-178.840836,204428.929331,61.282883,204335.979906,99.157961,631.346105,-20.872799,630.949809,-140.585167,641.271740,59.954773,-0.009768,1,0
22.633000,-59.071821,205128.680632,-178.702390,203260.330027,61.002857,206851.016543,98.946869,639.012326,-20.679721,637.483497,-141.165411,634.122057,59.963616,-0.001096,1,0
22.667000,-59.032766,204956.565364,-178.968125,207431.494740,61.264444,204847.803929,99.012903,630.842180,-20.883166,630.021936,-140.520452,630.954590,59.955722,-0.009167,1,0
22.700000,-58.657936,203741.911375,-178.794994,205163.413187,61.221408,205635.060418,99.279581,630.245646,-20.682569,634.087865,-140.539708,635.302233,59.960269,0.000448,1,0
22.733000,-58.827342,203867.297586,-178.811908,203066.864147,61.196099,204665.535128,99.013316,627.317708,-20.839613,631.906612,-140.763961,631.378978,59.962010,0.011696,1,0
22.767000,-58.782714,203330.002994,-178.689139,205699.244217,61.191658,205870.388825,99.245593,628.108041,-20.928064,636.913025,-141.131909,636.356335,59.957113,0.010531,1,0
22.800000,-58.786149,204389.129177,-178.674051,202710.256530,61.361131,205841.898129,99.005267,637.479106,-20.988955,632.220031,-140.593915,637.014354,59.942239,0.004709,1,0
22.833000,-58.669913,203419.893300,-178.541401,206107.087007,61.251605,206182.533936,99.383271,631.521582,-20.686405,638.402984,-140.506873,634.083257,59.954321,-0.015458,1,0
22.867000,-58.731564,205095.450765,-178.823149,205038.705325,61.097750,203861.251829,99.131374,641.104844,-20.951259,633.170132,-140.925911,639.921680,59.954263,0.008146,1,0
22.900000,-58.667309,204361.678657,-178.661165,206403.919777,61.341347,204810.601788,99.609065,632.177075,-20.681307,639.194730,-140.512989,635.450897,59.951318,-0.001137,1,0
22.933000,-58.675230,205846.465004,-178.706185,205466.378128,61.351545,207657.881874,99.356579,642.448061,-20.744255,641.782519,-140.520779,639.197043,59.955578,-0.001653,1,0
22.967000,-58.802384,205458.056378,-178.597053,205547.110295,61.357782,205697.719313,98.968105,640.659212,-20.474466,641.410324,-140.594571,644.648537,59.956286,0.014453,1,0
23.000000,-58.688751,205091.851130,-178.607856,204944.097653,61.188498,206072.180610,99.597158,642.201733,-20.649819,640.068505,-140.812592,649.044191,59.949240,-0.002047,1,0
23.033000,-58.682920,203864.861029,-178.762910,206877.318668,61.402279,204989.965883,99.217806,635.744136,-20.717660,634.511453,-140.476400,647.858350,59.947712,0.007760,1,0
23.067000,-58.584407,206811.615348,-178.643570,204356.189622,61.190200,207112.410281,99.277234,645.798045,-20.513817,637.993801,-140.539123,641.600250,59.951922,0.005055,1,0
23.100000,-58.823549,204702.769925,-178.792635,204059.626012,61.205390,206169.593711,98.902252,644.678809,-21.067765,641.284525,-140.922369,640.257701,59.945025,0.001104,1,0
23.133000,-58.809721,204726.188567,-178.635436,206187.834261,61.108684,203497.496417,99.166446,652.717251,-20.873451,640.909259,-140.930907,634.759463,59.937680,-0.003892,1,0
23.167000,-58.687717,204944.658974,-178.540037,203903.412737,61.163625,205253.860178,99.259168,646.108051,-20.590706,645.085564,-140.730888,651.639519,59.947555,0.000961,1,0
23.200000,-58.659241,202935.615729,-178.831049,204426.917749,61.210489,204251.635187,99.427677,649.438965,-20.542582,639.058524,-140.799199,639.319288,59.941112,-0.012128,1,0
23.233000,-58.987762,204640.036807,-178.764770,204514.145955,61.248766,206129.176258,98.969923,646.603761,-20.880648,643.068068,-140.562472,640.113610,59.947090,-0.007445,1,0
23.267000,-58.805875,204721.260070,-178.795813,204580.745707,61.272221,205921.297373,99.197979,651.407587,-20.897497,646.665764,-140.871384,647.531978,59.949999,-0.001115,1,0
23.300000,-58.631183,203771.490582,-178.818921,203383.220564,61.099363,204240.603704,99.242952,639.969745,-21.152655,647.145917,-141.005698,646.744993,59.954859,0.007503,1,0
23.333000,-58.931349,203355.218307,-178.850258,205617.654042,61.307860,206264.673061,98.948787,641.261748,-20.905127,642.030621,-140.573774,642.020989,59.946654,-0.000241,1,0
23.367000,-58.903543,205768.931218,-179.067825,203136.927738,61.194622,203687.014745,99.140503,640.825353,-21.057311,642.616362,-140.708371,642.378711,59.940653,0.000116,1,0
23.400000,-58.934979,202804.947350,-178.871985,203917.133407,61.099711,207088.443320,98.870880,638.136451,-20.579466,648.484864,-140.941927,646.417588,59.940870,-0.001314,1,0
23.433000,-58.806224,204517.039632,-178.880878,204274.132622,61.249080,204854.260903,99.073098,648.102981,-20.891439,648.918533,-141.089181,641.015211,59.945455,-0.000163,1,0
23.467000,-58.905651,204613.818748,-178.873877,206215.644107,61.131989,203918.177727,99.245778,638.788050,-21.153714,646.472465,-140.845554,639.199176,59.932417,0.006774,1,0
23.500000,-58.831484,203548.636742,-178.875826,205817.406607,61.078024,205899.757494,99.214168,642.783028,-20.804214,647.801436,-140.743152,642.941005,59.935707,-0.012112,1,0
23.533000,-58.957590,201744.228370,-178.843637,202713.115310,61.084695,203434.294336,98.693581,643.577245,-21.027531,646.652528,-140.932156,649.894551,59.939768,-0.005070,1,0
23.567000,-58.979218,204882.695703,-178.982188,204081.000940,61.061577,205955.063460,98.827382,643.186239,-21.111145,654.798042,-141.134774,646.041540,59.943375,0.002112,1,0
23.600000,-58.824269,206522.064091,-178.809463,205812.057252,61.095121,204872.197263,99.276182,641.676569,-20.696432,638.281284,-140.877943,644.134100,59.941645,-0.007490,1,0
23.633000,-58.783124,205122.432218,-178.835468,203447.069611,61.095329,203435.016601,99.259586,642.856120,-20.788479,635.901482,-141.170132,645.974382,59.952305,0.003940,1,0
23.667000,-58.717964,202916.589307,-178.916632,203940.123083,61.058440,203335.587904,99.414386,646.565596,-21.154237,642.404823,-140.891701,636.994393,59.959827,-0.019848,1,0
23.700000,-59.072504,203098.498772,-178.810541,204824.785650,61.129242,205047.682133,98.474033,642.611508,-20.749053,638.757393,-140.789519,634.279628,59.941735,0.005289,1,0
23.733000,-58.962746,204725.789359,-178.924359,204715.974605,61.191316,204077.232187,98.994764,637.587228,-20.918567,645.229497,-141.204715,640.729939,59.944672,0.005623,1,0
23.767000,-59.041481,204334.857150,-178.780200,203356.535187,61.143654,204090.084105,99.132139,633.687384,-20.916829,640.071731,-140.933585,640.357699,59.942899,0.008294,1,0
23.800000,-59.033032,204752.007872,-178.772859,203866.154107,60.962599,202598.204646,98.981547,641.780603,-20.948034,638.418328,-140.917399,635.024841,59.945650,-0.000181,1,0
23.833000,-58.873671,203987.746872,-178.936803,204767.388808,60.928839,204976.783121,99.074040,640.459443,-20.974796,634.650152,-141.218977,639.496052,59.942655,-0.007025,1,0
23.867000,-58.742889,205912.472360,-178.884043,204625.374239,60.959329,204649.617201,98.927782,638.722914,-20.823215,640.413662,-140.591536,639.493287,59.952731,-0.017150,1,0
23.900000,-58.896649,204832.308034,-178.799098,205342.699207,60.996262,204223.842865,99.152911,642.447029,-20.513503,642.261381,-140.950009,640.578389,59.950295,-0.002617,1,0
23.933000,-58.794533,203649.929681,-178.822560,204754.538573,61.167963,203525.517212,99.281404,644.354129,-20.804465,633.024141,-141.265752,639.840410,59.952197,0.005371,1,0
23.967000,-58.765340,202317.222043,-178.950724,204433.380852,61.107990,205038.826302,99.138354,646.432102,-20.797409,637.527305,-140.859131,644.666924,59.951407,-0.000443,1,0
24.000000,-58.908818,204840.471117,-178.776342,204106.854202,61.168054,206280.588639,99.107579,650.704591,-21.096842,651.956865,-140.562527,648.670386,59.945173,-0.005715,1,0
24.033000,-58.773237,204033.125093,-178.765803,204743.796097,61.240120,203687.851617,99.365454,644.704360,-20.710385,645.276966,-140.612620,641.892437,59.950863,-0.012436,1,0
24.067000,-58.930072,204741.654536,-178.795973,204480.701468,61.330327,205271.373439,98.914301,646.110337,-20.842911,642.180880,-140.384537,647.520896,59.947225,0.019511,1,0
24.100000,-58.803180,204527.154833,-178.778326,205895.815516,61.134397,205700.289514,99.067141,645.645712,-20.329856,647.969071,-140.852272,645.783670,59.942898,0.001951,1,0
24.133000,-58.877965,204955.325367,-178.892177,206361.589199,61.347363,204807.475119,98.693407,653.279589,-20.889746,642.203149,-140.314342,643.898468,59.943591,0.009322,1,0
24.167000,-58.685814,203923.219569,-178.942756,204055.820305,61.213582,202671.235024,99.210733,646.699740,-21.094010,642.720237,-140.661127,647.569653,59.944040,-0.011873,1,0
24.200000,-58.943909,203183.031997,-178.803941,204189.459403,61.086209,204481.775874,99.212503,650.644580,-21.076445,646.305749,-141.107268,644.550628,59.941452,-0.002848,1,0
24.233000,-58.849732,206171.862286,-178.903037,204257.127748,61.107672,205369.657095,99.020699,649.627101,-21.244139,651.925209,-140.854618,640.948245,59.943838,0.004116,1,0
24.267000,-58.680606,203591.054703,-178.846361,203677.597833,61.204091,204681.778549,99.451874,647.681909,-20.744912,651.966014,-140.822887,645.032676,59.939357,-0.001700,1,0
24.300000,-58.709564,203443.586771,-178.799237,205470.000093,61.248316,204868.597924,99.301375,652.796533,-21.058119,645.027846,-140.750627,649.501114,59.941252,0.003451,1,0
24.333000,-58.906129,203180.706624,-178.714379,204233.228691,61.159001,203706.555018,99.413313,646.551471,-20.823154,646.829682,-140.648715,647.115966,59.941513,0.003995,1,0
24.367000,-58.758943,204825.756700,-178.575137,204338.302766,61.025792,203850.681813,99.158330,641.403226,-20.730393,646.319590,-140.944268,644.905832,59.940076,0.008371,1,0
24.400000,-58.915044,204593.207898,-178.616852,205806.534828,61.244869,204019.119528,98.779808,652.345972,-21.008069,641.561045,-140.654449,650.302881,59.937346,-0.008447,1,0
24.433000,-58.798654,201249.305244,-178.868741,203911.904733,61.387233,204719.327025,99.131605,644.410808,-20.746416,635.872644,-140.694947,647.950971,59.942414,-0.006993,1,0
24.467000,-58.739110,204766.507183,-178.711410,203436.910247,61.413903,204234.425225,99.283649,644.116662,-20.423518,643.028462,-140.692675,650.137129,59.939632,0.000052,1,0
24.500000,-58.920826,203553.568213,-178.856604,204458.258642,61.133929,204382.864390,98.925469,646.284715,-20.723449,643.240145,-140.844374,642.613963,59.940317,-0.010148,1,0
24.533000,-58.839943,203151.914780,-178.805995,203045.688465,61.218995,204263.571008,98.764296,645.650302,-20.933670,653.141960,-140.692001,639.356938,59.943290,-0.003302,1,0
24.567000,-58.856039,203812.282095,-178.767733,205038.668066,61.286639,204422.814442,98.801442,642.408052,-20.943811,642.319381,-140.605282,637.392313,59.940967,-0.015680,1,0
24.600000,-58.697079,205352.013344,-178.797675,204129.357213,61.179521,204009.631625,99.259832,641.626022,-21.092964,646.724638,-140.783735,643.646145,59.938364,0.001214,1,0
24.633000,-59.036193,203393.217263,-178.750997,203976.410496,61.076804,203977.035896,98.597286,641.824696,-21.014762,642.418836,-141.170901,637.912703,59.944516,0.007040,1,0
24.667000,-58.726791,203749.200816,-178.712956,202755.760902,61.127630,206097.983986,98.985079,639.153923,-20.581707,638.944172,-140.994018,639.183973,59.941876,0.006132,1,0
24.700000,-58.788154,203880.147754,-178.753087,205335.592941,61.041383,205278.265248,99.117678,649.028986,-20.941889,641.982386,-140.856426,643.693297,59.943687,-0.001448,1,0
24.733000,-58.810746,203410.413759,-178.785850,204938.800142,61.204355,204340.314733,99.147861,648.957530,-20.693175,643.226971,-140.806712,650.686004,59.947173,-0.003450,1,0
24.767000,-58.673794,203662.515424,-178.779915,204365.753123,61.170325,204413.321962,99.013152,643.426549,-20.371658,648.809101,-141.218955,652.767878,59.937314,0.012070,1,0
24.800000,-58.904678,203315.800677,-178.668438,205068.186870,61.252449,203181.741484,99.193756,651.236737,-20.741091,647.722705,-140.684614,653.406370,59.938595,0.003157,1,0
24.833000,-58.757490,203537.890476,-178.603287,204566.720722,61.251091,203527.576042,99.296725,650.139127,-20.729815,648.617432,-140.989209,644.904068,59.952400,-0.001258,1,0
24.867000,-58.641345,202252.481380,-178.585473,205080.922134,61.286629,203079.584667,99.257777,645.499853,-20.653158,652.584355,-140.803061,647.569776,59.943478,0.002278,1,0
24.900000,-58.716723,202686.499323,-178.811088,205236.273099,61.229108,203806.114084,99.337316,655.192738,-20.684036,650.850169,-140.700276,649.610654,59.949764,0.004132,1,0
24.933000,-58.601056,205564.256936,-178.629366,205988.594032,61.416335,204138.380454,99.576506,657.689731,-21.034076,650.816334,-140.499321,654.943411,59.954890,0.014221,1,0
24.967000,-58.633578,204099.720157,-178.570083,204809.913855,61.211787,203897.165890,99.147884,655.292428,-20.484208,646.922079,-140.834229,654.550140,59.943472,-0.002817,1,0
25.000000,-58.719064,203974.584846,-178.792364,202849.637837,61.184158,205161.382065,99.254521,647.712358,-21.034851,650.354525,-140.960206,648.743894,59.947076,-0.008584,1,0
25.033000,-58.588300,202847.425366,-178.686440,205503.508653,61.274069,202193.873836,99.311804,652.322591,-20.675539,647.081659,-140.984871,644.111359,59.941287,-0.000394,1,0
25.067000,-58.571943,203611.719093,-178.669004,203400.180419,61.234786,204937.654565,99.386780,656.770092,-20.604291,652.632609,-140.826062,654.380660,59.953411,-0.006181,1,0
25.100000,-58.674295,202775.133461,-178.711303,204307.397585,61.246556,202565.447898,99.493782,651.896218,-21.056426,652.825632,-140.649017,651.809906,59.949754,0.006909,1,0
25.133000,-58.701046,203228.040223,-178.900352,202308.036259,61.433001,203571.810290,99.217482,649.658150,-20.848585,653.098143,-140.671586,643.407150,59.950284,-0.002237,1,0
25.167000,-58.630974,203433.966045,-178.701420,204145.429255,61.355859,203143.749255,99.247155,649.878328,-20.426462,649.806481,-140.947899,653.309882,59.945432,0.008513,1,0
25.200000,-58.603140,206413.698890,-178.686968,204805.065899,61.360871,204837.875464,99.290434,659.135320,-20.840185,652.257673,-140.935321,657.109830,59.947866,-0.005556,1,0
25.233000,-58.713301,206182.916026,-178.634769,205021.896128,61.283792,203861.491652,99.377883,649.303580,-20.549558,644.962574,-140.772967,651.863103,59.948717,-0.009637,1,0
25.267000,-58.788335,204099.072496,-178.619976,204558.105237,61.190271,204101.797263,99.044315,655.359446,-20.259206,648.186541,-140.814066,654.308234,59.941262,-0.003016,1,0
25.300000,-58.804299,203468.855852,-178.698234,202645.575251,61.397434,205393.877313,99.215182,649.516829,-20.549454,647.131670,-140.810485,653.991309,59.960032,0.013839,1,0
25.333000,-58.705741,203255.756340,-178.585621,204926.527253,61.197352,204272.824153,99.362668,655.304318,-20.675395,648.666341,-140.843211,651.805080,59.958976,0.005134,1,0
25.367000,-58.647585,205217.116373,-178.829181,204453.037922,61.197413,203740.723796,99.496365,652.890128,-20.741371,656.480885,-140.727303,652.941814,59.960028,-0.001997,1,0
25.400000,-58.526722,203409.842649,-178.715128,205206.260153,61.341498,204773.847199,99.550802,646.368960,-20.387233,651.006313,-140.539682,646.802381,59.955285,0.013220,1,0
25.433000,-58.717184,203743.225063,-178.788164,204161.816373,61.288878,205811.353526,99.280569,651.039944,-20.888790,647.406424,-140.480281,658.488252,59.946701,0.001111,1,0
25.467000,-58.700521,204334.753278,-178.798109,206163.628744,61.381698,203566.924141,99.335648,650.874899,-21.113821,655.938450,-140.789108,651.950682,59.954633,0.008617,1,0
25.500000,-58.757732,203442.219693,-178.456103,204346.175744,61.311288,203070.763011,99.412732,648.069380,-20.501075,645.271790,-140.616251,648.900398,59.952869,0.003622,1,0
25.533000,-58.796262,204059.254270,-178.657888,205077.388745,61.265598,203404.372375,99.389788,649.751284,-20.928282,653.734291,-141.081872,655.454187,59.954278,0.001961,1,0
25.567000,-58.877100,202145.829625,-178.573034,203545.094387,61.448784,205624.320965,99.117158,643.239693,-20.729626,650.910400,-140.753343,653.224264,59.954625,0.008415,1,0
25.600000,-58.677058,204316.224229,-178.478842,204874.522064,61.551288,204699.210982,99.089262,653.931243,-20.683056,650.759258,-140.423993,638.793263,59.947253,-0.011679,1,0
25.633000,-58.676435,205278.126418,-178.805248,204707.013914,61.226824,205708.379699,99.449936,650.243575,-20.759488,643.576119,-140.493506,649.069959,59.953361,0.010694,1,0
25.667000,-58.795270,204520.357000,-178.893525,205615.560526,61.341088,203790.585579,99.055561,642.530343,-20.976601,638.412874,-140.905926,647.152327,59.948797,0.012672,1,0
25.700000,-58.531081,204806.778110,-178.755657,205192.698939,61.161538,204233.374245,99.582584,641.678496,-20.838948,642.414179,-140.904225,641.457897,59.950962,0.005005,1,0
25.733000,-58.852582,205220.715912,-178.750408,207056.917219,61.313904,204224.248238,99.180679,642.297153,-20.950150,642.450510,-140.704020,646.200573,59.957371,-0.003048,1,0
25.767000,-58.818427,204525.928310,-178.706522,205843.791293,61.476571,203578.380168,99.374455,644.195350,-20.431678,641.841916,-140.694569,650.947974,59.948671,-0.007268,1,0
25.800000,-58.654076,203156.589154,-178.716117,205766.503429,61.164555,205172.837058,99.249994,645.357219,-20.562198,645.841666,-140.698672,643.518038,59.945493,-0.002085,1,0
25.833000,-58.567124,206060.109109,-178.721801,205632.019997,61.555902,205804.009239,99.171878,647.972710,-20.940880,642.490673,-140.481013,645.172569,59.942851,0.014122,1,0
25.867000,-58.865031,204548.373724,-178.704137,205014.090482,61.183721,205007.175045,99.289944,642.839041,-20.579665,651.859640,-140.779909,647.170817,59.937939,-0.002557,1,0
25.900000,-58.516426,206129.729526,-178.701290,204535.595737,61.296349,203383.399690,99.590747,649.302040,-20.881818,646.853968,-141.034468,648.838210,59.948246,0.015289,1,0
25.933000,-58.624806,203747.011424,-178.752499,204633.046165,61.287503,204762.568672,99.426378,653.638873,-20.904348,649.139770,-140.517306,643.274386,59.937359,0.008107,1,0
25.967000,-58.718304,204079.379796,-178.643479,205104.610194,61.433133,204179.230049,99.063325,647.623027,-20.353284,648.815369,-140.466780,647.968774,59.940355,-0.006391,1,0
26.000000,-58.504436,204900.979145,-178.631443,205488.647133,61.405395,203759.271728,99.515270,650.242147,-20.274182,642.434411,-140.517944,648.185819,59.935581,-0.007170,1,0
26.033000,-58.708900,202547.157655,-178.654244,203499.952643,61.346840,205210.190788,99.046420,651.531995,-20.545115,650.443980,-140.707999,642.484677,59.948630,-0.000673,1,0
26.067000,-58.772688,204916.370173,-178.510589,205109.876256,61.326244,203563.342760,99.024145,651.734315,-20.349917,656.525737,-140.569321,647.149521,59.936876,-0.002781,1,0
26.100000,-58.506542,204459.199204,-178.516540,205301.206315,61.390192,205994.267886,99.340372,653.588175,-20.630296,649.020004,-140.306296,648.747832,59.940779,0.000193,1,0
26.133000,-58.569465,205057.117583,-178.656178,205142.085360,61.426864,203596.708819,99.405310,654.283625,-20.670536,648.504897,-140.480097,640.451504,59.945141,-0.000112,1,0
26.167000,-58.694470,202910.335755,-178.757138,204418.380216,61.302481,204294.794430,99.183798,653.270550,-20.645676,643.789827,-140.744624,652.739951,59.944800,0.016493,1,0
26.200000,-58.616950,203910.036124,-178.682907,204696.012180,61.513239,205069.166298,99.214847,653.990484,-20.750213,649.528249,-140.433447,656.684688,59.936970,0.011016,1,0
26.233000,-58.758295,204602.868152,-178.682218,203017.462038,61.136078,204312.767188,99.412300,656.883291,-20.494052,647.197927,-140.897387,651.517580,59.944243,-0.014166,1,0
26.267000,-58.835909,204018.788092,-178.558013,203825.826483,60.955680,203390.027816,99.017605,652.237115,-20.752763,649.881472,-140.903739,648.181491,59.943694,-0.010461,1,0
26.300000,-58.567066,204448.673503,-178.670455,203478.963863,61.302536,204976.961827,99.323892,646.534244,-20.862035,652.729632,-140.945940,652.556537,59.945022,-0.004685,1,0
26.333000,-58.556894,203994.696184,-178.673043,203198.093880,61.379468,204584.492761,99.176555,649.809802,-20.751285,648.461673,-140.950951,647.279004,59.943849,-0.015560,1,0
26.367000,-58.712546,202456.008657,-178.733908,203841.181470,61.235756,203941.201196,99.207745,643.116101,-20.673477,651.994436,-140.768178,650.561614,59.945744,-0.000235,1,0
26.400000,-58.706760,203021.130356,-178.557467,205193.494157,61.482235,203889.965627,99.157523,653.092257,-20.574335,648.052711,-140.915583,651.663379,59.935444,-0.016683,1,0
26.433000,-58.806208,204145.815761,-178.624113,204170.626992,61.258273,206053.929298,99.143005,655.009253,-20.476000,656.054219,-141.030958,648.146904,59.941373,-0.004679,1,0
26.467000,-58.586435,202491.015688,-178.752672,203778.796656,61.360283,204547.505167,99.310349,654.601204,-20.848417,648.595282,-140.999336,653.519566,59.933721,0.000692,1,0
26.500000,-58.730756,202082.183954,-178.902475,205357.498439,61.292749,203274.381811,98.989706,644.382754,-21.303154,651.959251,-140.635921,652.177035,59.945948,-0.004316,1,0
26.533000,-58.754656,204587.088355,-178.530360,204124.332854,61.402619,204208.530144,99.525167,646.178989,-20.560236,650.338903,-140.467855,650.346152,59.946839,-0.002310,1,0
26.567000,-58.703992,201769.342465,-178.643829,202227.511552,61.161060,203859.844974,99.475841,651.102418,-20.472719,654.084442,-140.788238,649.883025,59.936823,-0.013650,1,0
26.600000,-58.688380,201733.881318,-178.679440,204386.742597,61.130278,203096.580851,99.064915,657.166108,-20.662143,654.554856,-140.775296,653.463724,59.934574,0.001365,1,0
26.633000,-58.694454,203277.808213,-178.698340,202289.095239,61.383151,203386.096716,99.102236,653.059109,-20.790823,655.887893,-140.646153,655.429935,59.938402,-0.002630,1,0
26.667000,-58.734749,204680.568828,-178.695786,204039.372991,61.258429,204364.730163,99.253703,650.085073,-20.667872,656.403505,-140.532029,652.456893,59.943742,-0.009747,1,0
26.700000,-58.702078,203789.965820,-178.585083,203383.546017,61.248088,203093.863868,99.423276,654.515425,-20.536806,655.611958,-140.953204,663.358224,59.943586,-0.011029,1,0
26.733000,-58.828738,201953.734889,-178.588888,204787.786958,61.260151,201538.594249,99.171446,656.997688,-21.110482,654.061369,-140.536687,654.350387,59.933799,0.002624,1,0
26.767000,-58.804971,202502.287079,-178.681488,206062.988014,61.364360,204295.308023,99.238285,651.347678,-20.704708,656.173300,-140.786521,657.237415,59.937639,-0.003676,1,0
26.800000,-58.747215,201947.963772,-178.894542,204642.961033,61.147473,202903.524610,99.365113,657.206401,-20.856574,663.110593,-141.017440,655.779848,59.939254,0.005778,1,0
26.833000,-58.800529,203361.763652,-178.621164,202776.027952,61.242235,202445.463344,99.243863,658.801715,-21.099790,652.835848,-140.731807,655.652826,59.943543,-0.009012,1,0
26.867000,-58.850386,204620.201359,-178.733783,204499.655616,61.125779,203288.127725,99.297579,660.860847,-20.838814,662.608367,-141.089709,655.793617,59.944493,0.014835,1,0
26.900000,-58.843624,202742.846018,-178.895646,203566.116674,61.362969,204191.905010,99.338650,664.985428,-20.799983,665.272302,-140.608426,662.564528,59.937924,0.001163,1,0
26.933000,-58.737378,203975.010941,-178.853977,202948.802484,61.194327,203406.868309,99.344593,657.176056,-20.665754,667.318315,-140.575554,656.856132,59.934261,-0.007036,1,0
26.967000,-58.773386,204216.412411,-178.951202,204372.217550,61.316980,203476.553307,99.065705,650.736281,-20.782369,657.929517,-140.747071,650.151927,59.934002,0.004887,1,0
27.000000,-58.924159,203124.264709,-178.676131,204655.366943,61.337436,202433.341168,99.003253,653.929409,-20.581470,659.963548,-140.696285,659.202109,59.937753,0.013121,1,0
27.033000,-58.620617,204498.089399,-178.825328,204260.666679,61.295184,201507.409970,99.112049,655.186722,-20.714083,652.108610,-140.774822,659.224767,59.932468,0.002967,1,0
27.067000,-58.780912,204282.482872,-178.786901,204784.120495,61.191773,202668.855260,98.932850,656.457319,-20.647184,661.029230,-140.647183,651.874501,59.936246,0.000170,1,0
27.100000,-58.746635,203074.845407,-178.931508,204806.202137,61.093061,202203.425986,99.242650,653.492615,-20.601528,648.564254,-140.796410,652.157395,59.940534,-0.007321,1,0
27.133000,-58.832962,203493.856253,-178.824902,203493.382588,61.328565,204467.421263,99.190268,665.442824,-20.901104,653.685037,-140.461031,655.341885,59.925597,-0.003302,1,0
27.167000,-58.733496,202620.500445,-178.836656,203092.684816,60.998955,203310.638021,99.014511,655.582166,-21.167328,661.818720,-140.782344,659.914906,59.939473,-0.004060,1,0
27.200000,-58.777970,204957.012829,-178.871102,204634.144560,61.219694,203667.089606,99.236915,661.267712,-20.505678,656.580073,-140.576267,661.729234,59.934194,-0.005037,1,0
27.233000,-58.733047,203511.150439,-178.833552,203234.012302,61.013992,201777.720021,99.362111,657.662540,-20.956022,656.631851,-141.022145,660.785080,59.933238,0.001962,1,0
27.267000,-58.914263,202355.692160,-178.824228,204099.027602,61.198949,203338.998875,99.123208,661.258771,-20.552667,659.149166,-141.032364,657.414259,59.943104,-0.003687,1,0
27.300000,-58.920317,202590.383376,-178.865445,204786.405270,61.120394,203644.238258,98.680505,663.603647,-21.158877,662.816248,-141.183012,661.142601,59.932906,0.002147,1,0
27.333000,-58.729691,203051.159979,-178.989893,203689.775547,61.107818,202000.632408,99.257132,661.928130,-21.058324,665.724802,-140.579591,659.218391,59.940805,-0.010245,1,0
27.367000,-58.619407,203346.172315,-178.845880,202373.800107,61.201206,202936.525809,99.296538,660.728522,-20.868662,666.389606,-140.828726,663.094200,59.938819,-0.000009,1,0
27.400000,-58.875656,204081.608130,-178.891717,202638.712664,61.011073,203528.300666,99.003610,662.673892,-20.807477,662.654472,-140.981160,671.365295,59.941838,-0.012746,1,0
27.433000,-58.826550,200617.399641,-178.918680,204064.763846,61.242331,203311.428459,98.840779,661.576082,-20.614889,659.388004,-141.147008,657.786111,59.949626,0.016178,1,0
27.467000,-58.926744,203089.741670,-178.829924,202687.831988,61.178524,202957.849849,98.831369,663.382369,-20.655540,660.380329,-140.686907,661.407329,59.946546,0.005670,1,0
27.500000,-58.880294,203417.911485,-178.660974,203137.315098,61.226856,202445.274960,99.202967,664.927800,-20.410229,665.928201,-140.472865,667.576248,59.948108,0.001568,1,0
27.533000,-58.883977,202660.261503,-178.878406,202904.151765,61.016087,202711.333288,99.215442,671.345855,-20.685894,669.133146,-141.185706,665.096281,59.945309,-0.003272,1,0
27.567000,-58.919772,203443.556240,-179.199124,202667.609402,61.117466,203010.726315,99.037526,665.265519,-20.850820,666.948769,-140.841877,661.765151,59.940451,-0.006902,1,0
27.600000,-59.016649,203191.650892,-178.915452,206073.511713,61.086322,204269.106733,98.729259,667.011195,-21.098352,659.245688,-140.944591,660.150857,59.946513,-0.011994,1,0
27.633000,-58.970411,203392.840859,-178.907811,203223.300687,61.124974,203785.451846,98.984147,662.856220,-20.821899,665.135978,-140.971075,666.872604,59.948416,0.006014,1,0
27.667000,-58.764426,204145.588211,-178.952118,203723.457622,61.136041,204503.206230,99.091722,659.131257,-21.208100,664.132821,-141.115193,663.089435,59.940013,-0.004692,1,0
27.700000,-59.064947,203856.927234,-178.843027,203569.264948,61.127552,203780.978705,98.989699,665.323614,-21.009056,665.584439,-140.880792,669.800999,59.943171,-0.000094,1,0
27.733000,-58.835949,203023.712491,-178.747217,202244.089359,61.088784,204104.729101,99.422382,667.900801,-21.141506,665.575610,-140.423723,664.893543,59.951460,0.011392,1,0
27.767000,-58.816148,203579.324280,-178.973335,203795.388315,61.160112,203589.355778,99.248225,663.420157,-20.810748,669.906614,-141.120295,656.939357,59.952465,-0.002141,1,0
27.800000,-58.778900,202565.348151,-178.897896,204087.000660,61.096432,203694.394505,99.249951,660.706239,-20.665342,660.713560,-140.837650,667.055681,59.945785,-0.001487,1,0
27.833000,-59.075984,205350.756495,-178.940624,203479.698574,61.064334,201905.029569,98.788684,667.651046,-21.184239,659.983965,-141.078066,671.106890,59.941162,0.008112,1,0
27.867000,-58.983784,202628.493207,-179.001598,204243.942388,61.287391,203859.941761,99.055567,656.929267,-21.330639,661.196844,-140.393843,665.765336,59.937060,-0.006613,1,0
27.900000,-59.036909,204679.913032,-178.804724,204405.779841,61.199718,204535.941133,98.975886,662.693230,-20.647486,667.019806,-141.074019,664.034835,59.942685,0.002483,1,0
27.933000,-58.954780,204816.518015,-178.980337,202430.502527,61.191480,204485.763648,99.075973,658.568024,-20.842374,657.899999,-140.952888,664.368739,59.938861,0.009612,1,0
27.967000,-58.721933,203867.087309,-178.959572,203894.804992,61.049528,203901.909612,99.379285,660.440139,-21.051550,660.486878,-141.039084,663.659488,59.927749,0.005758,1,0
28.000000,-58.849888,203221.476078,-178.809542,204766.718578,61.215004,203907.223233,99.230064,666.787938,-20.834170,667.351953,-140.630756,666.069221,59.936042,-0.017318,1,0
28.033000,-58.961884,203945.970930,-178.956043,203773.511752,61.225917,204292.217464,99.092553,661.905534,-21.047093,664.173594,-140.736633,665.374407,59.938556,0.017504,1,0
28.067000,-58.867659,205154.896146,-178.842881,203182.158260,61.228294,204536.552809,98.926809,665.262679,-20.818117,664.206673,-140.993704,663.444896,59.938297,-0.000095,1,0
28.100000,-58.847894,204705.510488,-178.892723,205607.022040,61.163957,204543.077519,99.242278,663.934113,-21.130410,665.213185,-140.810973,665.421214,59.938294,-0.007700,1,0
28.133000,-58.933809,203859.271545,-178.795706,204431.470876,61.133002,205514.126304,99.127768,664.124916,-20.723047,668.289298,-141.139977,666.784216,59.944089,-0.004530,1,0
28.167000,-58.654417,204558.816795,-178.798525,203463.864822,60.910388,204658.312028,99.473733,663.747117,-20.786461,667.487123,-141.350399,667.178259,59.940383,-0.002023,1,0
28.200000,-58.834281,203281.922412,-178.974888,205271.725129,60.956233,203897.325408,99.363103,664.994402,-21.032297,662.121814,-141.083023,666.160735,59.945437,0.002259,1,0
28.233000,-58.846474,204044.709254,-178.927502,204202.679496,61.134029,204845.860345,99.019519,673.217896,-20.864450,666.075029,-140.780701,664.305195,59.938961,-0.002734,1,0
28.267000,-59.026931,203856.889215,-178.839174,206232.459594,61.078843,203949.076353,98.858111,663.985822,-21.103953,667.200104,-140.720107,674.935021,59.942320,-0.000587,1,0
28.300000,-58.880574,203725.485832,-178.820022,205386.307051,61.183820,206073.000659,99.113894,667.100645,-20.582807,669.720784,-140.946010,666.900435,59.943744,-0.002353,1,0
28.333000,-58.811411,203451.047312,-178.980617,204576.359934,61.056294,203155.227317,98.954287,666.964902,-20.691667,669.212066,-140.965163,662.885604,59.941331,0.015037,1,0
28.367000,-58.840753,204175.621947,-179.053495,204760.821479,61.010250,204310.015385,99.066334,668.140087,-20.679441,668.472980,-140.990453,674.529982,59.949352,-0.006616,1,0
28.400000,-58.815436,204602.196415,-178.827694,205369.863550,60.998873,204156.326012,99.410735,666.633313,-21.393277,670.666925,-140.995893,676.340857,59.948912,0.002525,1,0
28.433000,-58.924877,204754.370744,-179.007061,204270.471346,60.991978,204553.946215,99.193584,668.326674,-20.770330,667.543257,-141.194565,671.363692,59.946196,-0.000438,1,0
28.467000,-58.918201,205781.283278,-178.980811,205509.759764,60.974992,203625.359772,99.087165,665.261268,-21.200722,670.214233,-141.249312,669.429632,59.951204,-0.008892,1,0
28.500000,-58.979782,205082.974816,-178.984921,203730.112985,60.948482,204760.321486,98.761723,667.922680,-21.005798,673.037507,-140.971371,662.553429,59.942230,0.008755,1,0
28.533000,-59.016434,204379.473456,-178.866564,205151.715375,61.136266,204711.776436,99.076048,673.602711,-20.524961,668.463688,-140.696298,669.519742,59.939936,-0.006133,1,0
28.567000,-58.915248,203754.570095,-178.969622,204408.812208,60.934587,203448.304996,98.978555,670.390619,-21.040271,670.978891,-141.165168,671.051709,59.947222,-0.003059,1,0
28.600000,-58.952718,206396.066666,-178.824095,205535.558565,61.137293,203297.142084,99.083304,665.433405,-20.794746,669.961803,-141.041038,666.894090,59.949485,0.009547,1,0
28.633000,-58.896357,204794.755952,-179.011483,202593.779762,61.131601,204599.702691,99.169392,669.992312,-21.321200,665.417528,-140.779557,671.014414,59.952148,-0.020889,1,0
28.667000,-58.948088,204308.225814,-178.733547,202568.093194,61.066398,203450.920623,99.398441,663.049785,-20.652774,670.745035,-140.805413,668.467117,59.943348,0.004714,1,0
28.700000,-59.099078,203249.964609,-178.662638,204303.624156,61.052756,204419.635916,98.857137,673.683037,-20.674885,663.802593,-141.314322,668.915890,59.951893,-0.002990,1,0
28.733000,-58.957831,203491.249890,-179.221542,204113.431283,60.997260,204181.780969,99.253485,674.985503,-21.430994,677.299632,-140.929026,674.951976,59.947517,-0.001175,1,0
28.767000,-58.852475,204938.552085,-179.135638,205154.311880,60.983762,204975.528652,98.810321,673.822737,-21.299552,675.866965,-141.121310,670.761351,59.957301,-0.001483,1,0
28.800000,-58.978095,203920.884507,-178.975489,204715.113397,61.085047,203862.061419,98.867341,672.844124,-20.964866,667.951031,-141.076372,672.293108,59.949998,-0.013931,1,0
28.833000,-58.999577,203796.664726,-179.010281,203681.232940,61.007192,204422.345751,99.150509,670.625669,-21.156853,679.400950,-141.141405,681.069242,59.940877,0.007188,1,0
28.867000,-58.882966,205222.310042,-178.940839,206072.775327,60.964071,205955.171929,99.042605,675.660939,-20.915976,679.392532,-141.268234,679.515650,59.947690,-0.015453,1,0
28.900000,-58.963857,204118.563724,-178.796904,203987.651833,61.047614,205119.319680,98.906851,675.159484,-21.024712,677.376615,-140.974322,676.784476,59.955132,-0.007358,1,0
28.933000,-58.917143,203589.662712,-179.131782,206091.036630,61.019603,204159.139402,99.033817,678.377947,-21.316454,667.434136,-140.909077,676.050500,59.946794,-0.014141,1,0
28.967000,-58.755901,204222.884710,-178.901577,206175.502771,61.222266,206186.018934,99.113790,674.536902,-20.570169,673.263906,-140.939766,675.558373,59.951062,-0.003100,1,0
29.000000,-58.845976,204025.983238,-179.065685,205977.177012,61.106453,205107.299452,99.063468,674.283393,-21.011914,677.897285,-141.059796,672.202422,59.943943,0.004655,1,0
29.033000,-58.838899,204669.837418,-178.783625,204001.786433,61.227338,204634.702729,99.402017,673.537720,-20.863035,670.296312,-140.774513,677.448296,59.948363,0.000941,1,0
29.067000,-58.731780,204462.578697,-178.857515,204659.887263,61.016464,204661.022572,99.084412,672.845195,-20.830845,669.527376,-140.744181,674.630543,59.957120,0.012883,1,0
29.100000,-58.843469,203714.473072,-179.008256,203330.450897,61.203292,204602.646109,98.954931,675.909342,-20.673388,672.707524,-140.671916,671.664347,59.943812,0.005001,1,0
29.133000,-58.974898,204112.745010,-179.063975,205158.798046,61.034616,203976.768426,99.272779,673.378780,-21.027243,678.970186,-140.991045,672.123983,59.949923,-0.002114,1,0
29.167000,-58.775826,204803.329054,-178.854354,206613.043780,61.205768,203420.149086,99.310641,676.582750,-20.803107,680.664289,-140.915695,670.108394,59.956713,-0.007523,1,0
29.200000,-59.003589,204327.885744,-179.042312,204140.277316,61.306617,203691.287131,99.053950,668.189697,-21.116877,672.940526,-140.483468,666.568417,59.952094,-0.012752,1,0
29.233000,-58.746815,205316.143333,-178.696727,203240.836752,61.205923,204506.110236,99.276475,672.120481,-20.869717,674.127111,-140.984030,669.840472,59.950500,0.000949,1,0
29.267000,-58.812599,204442.337825,-178.869639,202225.101215,60.958253,204309.476609,98.932906,670.069311,-20.824693,677.299724,-141.254599,671.271562,59.950248,0.004252,1,0
29.300000,-58.874164,204820.130399,-178.847979,203432.794334,61.064552,203214.115764,98.780431,679.232038,-20.662386,672.966753,-141.020236,672.497630,59.957001,-0.003479,1,0
29.333000,-58.927304,204491.423694,-178.979411,204389.601278,61.081537,203741.733997,99.196637,676.127110,-20.948538,674.612537,-140.954732,672.896555,59.958323,-0.008127,1,0
29.367000,-58.786716,204504.416141,-178.874529,205713.976981,61.117185,203795.122403,99.425036,670.075869,-20.723154,668.355664,-141.309723,666.860664,59.962073,-0.002248,1,0
29.400000,-58.648024,204045.229565,-178.875730,204777.094941,61.153249,205806.558411,99.082632,667.575343,-20.790687,673.190126,-141.017371,665.412233,59.955711,0.000266,1,0
29.433000,-58.931596,205924.920823,-178.835128,205284.755618,61.019739,203496.098305,98.938542,672.260544,-20.550533,674.458488,-141.203457,675.836599,59.955761,-0.005690,1,0
29.467000,-58.791242,204448.071787,-178.742350,202218.719692,61.192158,203948.671573,99.251715,680.349981,-20.369002,673.436554,-140.787958,675.781503,59.962308,-0.015470,1,0
29.500000,-59.023343,203715.951604,-178.982641,204399.446591,61.252450,205197.261281,98.929638,674.392814,-21.081590,672.923485,-140.975723,671.379812,59.953935,0.010283,1,0
29.533000,-58.908823,204175.731002,-178.837838,205326.964205,61.138275,203934.945572,99.114954,674.116913,-20.634570,676.116577,-140.640315,680.961071,59.956969,0.013177,1,0
29.567000,-58.907297,204374.210054,-178.731331,204594.168226,61.327156,204789.035769,99.334093,681.574042,-20.655911,678.860652,-140.568822,671.320880,59.957343,-0.004439,1,0
29.600000,-58.797587,205330.208420,-178.908948,204583.639630,61.158802,204941.888077,99.052704,676.176426,-20.749869,670.101161,-140.461369,673.450420,59.957484,0.010134,1,0
29.633000,-58.918228,203780.077376,-178.962873,203768.491753,61.093256,204195.641085,98.972255,665.656390,-20.693182,678.337001,-141.047592,672.487590,59.966380,0.010339,1,0
29.667000,-58.693801,204238.582840,-179.112450,205012.264498,61.215910,204415.813629,99.399336,673.603066,-21.147687,682.721008,-140.693385,673.032746,59.959802,0.000674,1,0
29.700000,-58.834604,204021.634761,-178.792770,204701.719144,61.223785,204269.352663,99.077299,676.463367,-21.253131,666.767479,-140.983914,670.613355,59.959590,-0.003293,1,0
29.733000,-58.836854,204348.417741,-178.890758,203800.028587,61.045213,203370.427884,99.393853,669.751889,-20.716576,675.450263,-141.058163,677.301013,59.954237,-0.001693,1,0
29.767000,-59.059364,203588.066139,-178.960107,204903.252520,61.186516,204463.267797,99.122088,671.690101,-21.000126,666.636344,-140.649141,670.311530,59.958060,-0.002346,1,0
29.800000,-58.914309,205217.428742,-178.896915,204711.201437,61.046274,203455.791825,99.008362,672.895656,-20.680791,672.131808,-140.735083,673.330296,59.953471,-0.003148,1,0
29.833000,-58.878976,204794.905066,-178.902101,204246.998766,60.992560,203722.673848,99.199185,670.544586,-20.816013,671.459729,-141.287002,668.736818,59.959178,-0.006015,1,0
29.867000,-58.996459,203598.828983,-178.936486,203730.961179,61.119223,203715.902461,99.508646,671.279665,-21.194637,671.447952,-140.988333,673.682777,59.957862,0.001377,1,0
29.900000,-58.814843,204325.186769,-178.758755,204165.392960,61.198751,204641.353473,99.042033,666.365119,-20.649951,672.566828,-140.929954,669.940147,59.957367,-0.006134,1,0
29.933000,-58.871829,203249.385881,-178.781245,205143.326653,60.994139,204291.721882,99.170040,669.759099,-20.697207,671.118688,-141.085351,671.361846,59.955893,-0.012646,1,0
29.967000,-58.917577,205055.048992,-179.145060,204316.823593,61.104234,206193.056071,99.064912,667.720618,-21.254040,666.646717,-141.202018,665.023621,59.958060,0.008117,1,0
30.000000,-58.757419,204624.837767,-178.850774,206071.541637,61.107351,204754.183893,99.536946,667.850567,-21.057469,670.188469,-140.976876,667.325732,59.948536,-0.000429,1,0
