TIMESTAMP,BUS36_VA_ANG,BUS36_VA_MAG,BUS36_VB_ANG,BUS36_VB_MAG,BUS36_VC_ANG,BUS36_VC_MAG,BUS36_IA_ANG,BUS36_IA_MAG,BUS36_IB_ANG,BUS36_IB_MAG,BUS36_IC_ANG,BUS36_IC_MAG,BUS36_Freq,BUS36_ROCOF,DATA_PRESENT,Event
0.000000,-62.015836,204470.341373,177.983065,204015.603538,58.124708,204385.294983,96.052840,673.153179,-24.121353,670.753190,-143.841183,668.313074,59.956039,0.004099,1,0
0.033000,-61.939075,204241.120251,178.041978,204865.953342,58.067989,204164.133839,96.071932,659.332023,-24.203159,663.227527,-143.955703,659.110748,59.956182,-0.003474,1,0
0.067000,-62.031290,205322.216727,178.167289,203124.335429,58.358405,203468.091526,95.992604,663.053144,-23.859333,661.050010,-143.534621,663.061284,59.956161,0.000182,1,0
0.100000,-62.077853,203614.634587,178.091496,202590.465048,58.144099,204326.727004,95.670634,665.556724,-24.141753,652.786021,-143.649839,663.167543,59.957004,-0.001794,1,0
0.133000,-61.944996,204339.727438,178.033096,203646.834967,58.026806,204033.373935,96.039481,661.500612,-23.855441,663.641173,-144.013900,658.894752,59.960646,0.006317,1,0
0.167000,-61.813638,203521.867007,178.283372,202711.627619,58.128460,203697.799758,96.275702,660.721345,-23.767174,658.269274,-143.826342,659.190684,59.962075,-0.005277,1,0
0.200000,-61.932282,202867.970560,178.288211,204106.987747,58.098537,201375.120127,95.973703,665.526694,-23.325562,663.267564,-143.780417,664.377147,59.962292,-0.003314,1,0
0.233000,-61.763771,205361.064997,178.229227,202769.703110,58.214254,203353.249920,95.958120,657.988976,-23.738208,655.189736,-144.063517,662.099246,59.961119,-0.010870,1,0
0.267000,-61.924073,203160.091022,178.127724,204608.110368,58.402417,204113.288652,96.205382,662.582854,-23.752259,662.899424,-143.796060,664.650166,59.955786,0.000959,1,0
0.300000,-61.838040,202802.494434,178.172337,203185.852140,58.046140,204294.579648,96.240996,660.520700,-24.164765,658.189505,-144.038110,658.440480,59.958533,0.010761,1,0
0.333000,-61.649369,202449.100116,178.158620,204569.845924,58.277976,203932.130912,96.352347,666.141366,-24.009593,652.779550,-143.770143,664.678287,59.968283,0.003460,1,0
0.367000,-61.826230,205245.066584,178.286996,204576.815366,57.990718,204035.270606,96.192898,664.452318,-23.715514,661.643193,-144.513713,660.327742,59.962665,0.004850,1,0
0.400000,-61.731244,205523.090474,178.210037,206960.858764,58.184739,204643.194164,96.048799,669.611066,-23.550519,662.809646,-143.939968,661.524601,59.967636,-0.003286,1,0
0.433000,-61.763069,204532.822538,178.113509,204628.417388,58.155704,204628.215896,96.120766,663.635870,-23.673195,665.062594,-143.669728,661.416996,59.962650,-0.002412,1,0
0.467000,-61.834184,207443.856384,178.163972,203271.068709,58.174464,203424.685729,96.135815,660.871974,-23.977667,657.970571,-143.563010,658.575985,59.964724,0.009823,1,0
0.500000,-61.761650,203203.587629,178.225026,203835.867811,58.355156,203857.882430,96.080271,662.459297,-23.511034,658.089361,-143.429686,661.615348,59.961611,-0.001326,1,0
0.533000,-61.944100,204624.714499,178.237623,203818.256549,58.295582,204457.628223,95.666726,668.685533,-23.973886,657.843503,-143.856440,660.709820,59.962570,0.009630,1,0
0.567000,-61.693691,203137.390076,178.306371,204155.038397,58.165872,202918.970813,96.197889,658.129096,-23.754909,654.063332,-144.024321,661.657077,59.964978,0.003567,1,0
0.600000,-61.573939,205132.761893,178.208747,204907.773682,58.323714,202953.186770,96.389947,655.102931,-23.588229,654.772029,-143.588286,658.324947,59.967956,0.004561,1,0
0.633000,-61.638035,203900.463096,178.327821,203259.923495,58.062542,203983.977778,96.327535,657.595957,-23.711455,663.865703,-143.953891,658.960908,59.962996,-0.005452,1,0
0.667000,-61.667955,204759.148005,178.554562,205678.023098,58.249090,204515.049750,96.064482,662.150499,-23.418259,657.356355,-143.489349,653.764465,59.972235,-0.014758,1,0
0.700000,-61.661916,203526.313314,178.228522,202104.833268,58.310134,202245.154161,96.758404,657.761828,-23.718734,653.278648,-143.601847,662.079617,59.968132,0.006941,1,0
0.733000,-61.632459,204593.020459,178.277399,204258.928107,58.260897,203920.481737,96.564440,664.333444,-23.622233,664.379825,-144.040855,664.002518,59.958432,-0.002815,1,0
0.767000,-61.683111,203934.126993,178.205864,205459.224877,58.308857,204682.715205,96.417856,665.163079,-23.720850,665.208008,-143.911211,666.233813,59.961781,-0.000099,1,0
0.800000,-61.790399,201901.477684,178.208576,201625.616667,58.408119,204244.570534,96.446923,671.604185,-23.988880,660.826032,-143.954032,662.003002,59.965521,-0.004465,1,0
0.833000,-61.522680,206342.498029,178.223646,203727.200810,58.485498,203826.714397,96.454169,661.309742,-23.755147,662.626032,-143.575979,668.471683,59.964300,0.008113,1,0
0.867000,-61.614305,203974.174357,178.382555,204610.564319,58.202322,204129.277891,96.329596,666.750040,-23.699445,668.972264,-143.762778,668.217916,59.974105,-0.003962,1,0
0.900000,-61.732691,204640.442226,178.362735,206342.148133,58.357946,202684.100271,96.017166,661.097295,-23.327485,666.348250,-143.503548,659.600663,59.971866,0.003996,1,0
0.933000,-61.751163,205041.466958,178.465108,204239.002293,58.199008,205305.615500,96.191431,666.069400,-23.692165,661.956246,-144.002511,667.129670,59.962610,0.001642,1,0
0.967000,-61.706464,203089.099069,178.409998,204024.338496,58.427795,203942.168113,96.224351,661.260377,-23.433272,665.086868,-143.336940,665.131647,59.957254,0.004111,1,0
1.000000,-61.690272,204607.658420,178.286851,203535.294756,58.274825,203597.772660,96.630550,666.724076,-23.502757,666.219617,-143.424780,661.677607,59.966218,0.002519,1,0
1.033000,-61.980814,204306.638587,178.259964,204549.519939,58.142229,204839.317821,96.029577,665.592113,-23.418543,661.264007,-143.776982,666.232630,59.965425,-0.003822,1,0
1.067000,-61.770633,204387.320025,178.326876,204894.728622,58.114994,204757.296936,96.367586,661.940821,-23.748965,661.226401,-143.840191,662.638071,59.964694,-0.008556,1,0
1.100000,-61.839976,203298.205890,178.316121,203033.896029,58.200296,205296.732319,95.841916,662.466873,-23.457088,657.231239,-143.667286,655.316642,59.966258,-0.008670,1,0
1.133000,-61.871506,204736.541386,178.291702,202483.066521,58.006937,202375.727831,95.938811,661.888685,-23.706364,657.587911,-143.949513,662.606545,59.964696,-0.007198,1,0
1.167000,-61.811274,204505.555696,178.111068,205277.047562,58.334901,203822.554957,96.261221,666.074265,-24.152616,669.552339,-143.777750,660.796250,59.960637,0.001422,1,0
1.200000,-61.641003,203021.113716,178.138978,204434.570033,58.146735,203449.958098,96.442804,661.966570,-23.853463,666.940067,-143.879084,658.595785,59.958559,-0.004913,1,0
1.233000,-62.018941,203296.304020,178.215151,202541.049495,57.969846,203445.220606,96.303767,657.081141,-23.760291,663.742147,-144.081840,666.772735,59.969108,-0.010220,1,0
1.267000,-61.887738,205896.275787,178.095916,203022.905237,58.125472,206369.210671,96.224453,659.590542,-23.802433,665.252650,-144.342367,665.599771,59.962786,0.006377,1,0
1.300000,-61.799401,203928.258380,178.137050,203585.092021,58.210031,204893.993390,96.414959,672.076449,-24.108788,665.470876,-143.830558,669.043826,59.971250,0.002745,1,0
1.333000,-61.690172,205292.336469,177.996335,204012.137641,58.031685,204559.641658,96.304274,662.994314,-24.143734,669.059864,-143.921998,661.937288,59.976456,-0.001988,1,0
1.367000,-61.900021,205986.554707,178.134510,204617.803734,57.999828,205731.086160,95.965414,664.183682,-23.928132,662.515262,-143.814868,663.953837,59.967386,-0.006221,1,0
1.400000,-61.863089,204784.069576,178.231694,204085.159168,58.138054,203897.686459,95.912240,663.269418,-23.721630,663.802194,-143.919948,659.021671,59.968417,0.005349,1,0
1.433000,-61.608289,203353.684796,178.223039,204840.994526,58.076098,203632.360681,96.020792,664.973726,-24.010420,675.604227,-144.069294,672.212409,59.963702,-0.000854,1,0
1.467000,-61.981677,206115.519732,178.183086,203842.021513,58.325408,205488.977954,96.332716,665.829195,-23.837028,663.420992,-143.861303,671.529218,59.972510,0.006451,1,0
1.500000,-61.872135,204532.264772,178.032357,203725.358886,58.143803,204421.251103,95.811581,664.216151,-23.984269,668.379421,-143.792114,666.108188,59.969903,-0.013153,1,0
1.533000,-61.989021,205283.695510,177.946952,205058.091920,58.111859,203625.452795,95.791931,667.009337,-23.937195,666.780347,-144.143597,662.986014,59.961544,0.000127,1,0
1.567000,-61.979958,204312.655597,177.907215,204043.638989,58.075173,203204.935211,96.266411,666.172699,-24.157840,662.652365,-143.478074,667.107636,59.965795,0.004280,1,0
1.600000,-62.039779,205033.667217,178.042721,203175.962586,58.015947,205692.947890,95.957654,661.290129,-24.312374,664.676643,-143.749904,665.780697,59.968318,0.009214,1,0
1.633000,-61.870416,203962.758268,178.115759,203961.946335,57.902185,204298.256154,96.380669,668.339258,-23.833162,666.660931,-144.143965,662.515603,59.959823,-0.002129,1,0
1.667000,-61.837706,206488.453325,178.000388,205281.555671,57.963238,205329.857294,96.231401,656.117192,-23.680431,655.234478,-144.313775,663.547182,59.958662,0.005465,1,0
1.700000,-61.913363,203760.391207,178.112180,205829.271783,58.027831,205533.355702,96.185585,660.445626,-24.112435,667.394889,-143.928567,663.223091,59.970806,-0.004161,1,0
1.733000,-61.976892,202804.471211,177.785502,202905.248907,58.130500,203751.717260,95.812976,668.171754,-24.215319,656.091763,-143.778666,662.380061,59.960535,-0.005352,1,0
1.767000,-62.085378,202427.817872,177.992611,204256.176251,57.818256,203478.701327,96.033667,660.202622,-23.752721,662.344561,-144.129162,659.418679,59.954936,0.006665,1,0
1.800000,-62.096964,203743.827561,177.990313,204920.614478,58.147064,203740.345912,96.066757,656.951374,-24.022514,662.809340,-143.807268,664.179374,59.965220,0.006210,1,0
1.833000,-61.965283,203589.391458,178.054315,202846.100470,57.877566,202434.657831,96.240332,661.670654,-24.137468,660.744333,-143.673738,664.856951,59.958087,-0.006734,1,0
1.867000,-62.048470,204114.902030,178.029526,204343.093792,58.002162,203505.283361,95.965648,667.973565,-24.101254,659.939534,-143.890439,663.339159,59.958982,-0.000236,1,0
1.900000,-61.957649,204222.657484,177.994190,202151.172018,58.050924,204232.761109,96.209990,664.646838,-24.083472,664.123160,-143.750966,662.940150,59.959117,0.000996,1,0
1.933000,-62.058938,202952.720083,177.926957,204068.715076,57.995272,202999.771426,95.708072,664.819240,-23.977601,655.887547,-144.002501,660.523914,59.953785,0.012146,1,0
1.967000,-61.998328,203393.925969,178.220001,204700.500852,58.024938,201480.320532,96.019846,661.962139,-23.325563,659.331573,-144.011986,657.676152,59.951081,-0.007167,1,0
2.000000,-61.938074,204631.884220,178.009840,202263.259804,57.885280,205707.461346,95.934035,660.360061,-23.809777,666.851752,-143.804213,656.624986,59.958789,-0.006887,1,0
2.033000,-61.908919,203710.766531,178.012582,203293.029309,57.942786,203051.794438,96.102379,664.411221,-23.857472,663.182682,-144.321400,663.175316,59.954003,-0.004032,1,0
2.067000,-61.943510,204495.906528,177.985232,203677.200600,58.072645,202853.339902,95.842685,667.177613,-23.727809,663.779605,-144.008569,666.574538,59.957739,0.001695,1,0
2.100000,-61.911991,203106.644182,178.060821,202221.033295,58.125046,203412.913393,96.114110,660.432873,-23.935735,660.895427,-143.623531,662.200597,59.954774,0.002400,1,0
2.133000,-61.885522,202915.616083,177.911685,202406.496961,57.999239,203319.854537,96.020156,665.568648,-24.159431,662.210139,-144.002459,663.207924,59.958378,0.003421,1,0
2.167000,-62.050815,205788.321527,177.797886,202280.964303,57.882886,203158.745625,96.085639,668.496136,-24.341770,661.902343,-144.160399,664.502073,59.956173,-0.006566,1,0
2.200000,-62.008425,205119.978321,178.088461,202889.513318,57.965446,203800.475816,96.062590,667.757626,-24.037077,671.544769,-144.246258,662.682305,59.949628,0.007101,1,0
2.233000,-62.109389,204622.766180,177.996731,204130.041389,58.006187,203588.141780,95.781076,663.860057,-23.717331,669.009363,-143.952751,665.597598,59.957540,0.013679,1,0
2.267000,-62.103223,205758.981363,178.027998,206190.345862,58.000413,203789.052567,95.841346,662.388592,-23.891994,664.478333,-143.913955,661.203603,59.941680,0.011319,1,0
2.300000,-62.124424,203815.620618,177.947030,203297.700378,57.980903,204158.178675,96.006777,657.176650,-24.471324,660.440005,-143.679843,665.918373,59.943417,-0.006074,1,0
2.333000,-61.981708,204205.059099,177.898263,204819.129162,58.095729,202795.413519,96.319580,661.481871,-24.300710,657.706786,-144.137211,663.283548,59.941104,-0.000781,1,0
2.367000,-61.845496,203247.054752,178.033737,204651.390439,57.987823,204140.671781,96.437422,667.922033,-24.184663,660.311935,-144.301101,667.925998,59.944767,-0.005776,1,0
2.400000,-62.119822,204415.342033,177.937278,205412.753725,58.145447,206870.561892,95.882411,662.133885,-24.009095,664.943801,-143.685138,659.238941,59.943100,0.000984,1,0
2.433000,-61.929436,203633.759671,177.895397,203855.675050,57.951636,203531.841271,96.067900,664.312098,-24.089412,673.375135,-144.166947,662.514510,59.943781,0.003910,1,0
2.467000,-62.057432,205235.013931,177.948264,203747.356898,57.813808,204042.585314,95.723235,663.331111,-23.910351,664.197381,-144.042706,668.365602,59.946254,-0.001467,1,0
2.500000,-62.092209,203374.298835,177.969568,203420.180339,58.053731,202620.771458,95.875333,664.591634,-24.010092,665.825404,-143.723233,668.541977,59.940644,-0.004145,1,0
2.533000,-61.739554,203871.645153,177.925847,202539.900189,57.784843,202474.288312,96.166640,667.536984,-24.147030,662.134210,-143.880140,663.845317,59.947400,-0.003322,1,0
2.567000,-62.072547,204093.670569,177.960929,203672.134606,58.033451,203382.378832,95.966734,661.379182,-24.223714,662.977021,-144.174613,660.669160,59.945131,-0.009810,1,0
2.600000,-62.140367,203681.129649,178.038669,202405.073323,57.796494,203055.040382,95.958192,671.608926,-23.997624,667.100840,-144.220225,665.449923,59.947819,-0.008405,1,0
2.633000,-62.122957,203682.074034,178.005479,202182.857311,58.121016,203199.761905,95.857685,661.313050,-24.188799,674.832625,-143.980629,662.821072,59.948548,-0.018454,1,0
2.667000,-62.138002,204402.966877,177.828409,204481.723173,57.888528,203377.329082,95.830343,659.714390,-24.584411,665.678256,-143.931225,662.232007,59.946795,0.011037,1,0
2.700000,-62.252803,204309.966709,178.022876,203551.624534,57.785971,203693.932481,95.828208,659.995830,-23.562580,660.017964,-144.271037,657.931329,59.945015,-0.000788,1,0
2.733000,-62.263053,202795.511128,177.840141,205475.172290,57.776105,203447.080090,95.651456,669.543212,-24.414325,657.623423,-144.176087,666.798909,59.950850,-0.006068,1,0
2.767000,-62.243896,204604.969086,177.837148,203871.228862,57.872018,203610.888374,95.855346,656.707959,-24.311886,663.497711,-144.443713,664.090202,59.953002,0.003490,1,0
2.800000,-62.142093,202477.061889,177.912139,202004.297520,57.869310,202797.195410,96.070981,662.129657,-23.925423,670.056260,-143.994216,664.828861,59.961877,-0.010854,1,0
2.833000,-62.329510,203173.758325,177.815573,203711.132472,57.893953,204496.592107,95.693656,668.950893,-24.093106,664.237867,-144.120711,662.064988,59.960931,-0.004486,1,0
2.867000,-62.126143,204695.399032,177.870038,204150.451408,57.978728,202284.773159,95.847961,662.647735,-24.355943,655.059306,-144.213708,661.442221,59.958236,-0.005507,1,0
2.900000,-62.103266,203501.383689,177.878341,203430.703400,57.810144,202307.165377,95.780482,654.326714,-23.841579,661.393092,-144.157738,659.904403,59.956618,0.002267,1,0
2.933000,-62.270958,203470.462188,177.806117,201496.096208,57.901083,204098.120592,95.730450,660.573582,-24.125567,656.530890,-144.326579,663.004277,59.948382,-0.007415,1,0
2.967000,-62.087403,203547.740842,177.670459,204067.010494,57.879189,204480.901299,96.119652,647.986139,-24.293043,660.758912,-143.965324,657.727534,59.954771,0.005696,1,0
3.000000,-62.126789,204791.080101,177.905984,203485.707504,57.851376,202975.717049,95.625004,651.896562,-24.053131,655.690526,-144.119183,655.493599,59.956773,-0.000621,1,0
3.033000,-61.955780,202757.710930,178.023807,203586.438967,57.973607,203037.087953,96.204818,657.562362,-23.844087,661.068112,-144.205927,653.867841,59.959507,-0.003659,1,0
3.067000,-62.170952,203733.658075,177.777510,204131.735635,57.872263,204209.332756,95.911111,658.733452,-24.062133,656.180525,-144.276958,656.505784,59.949371,0.002670,1,0
3.100000,-62.397034,203632.837343,177.913043,203506.939910,57.774276,202699.381872,95.848242,644.708513,-24.022379,655.297430,-144.143109,651.596263,59.960040,0.001134,1,0
3.133000,-62.089203,203431.194490,177.636245,201226.374903,57.815013,202538.940171,96.079177,654.654462,-24.024568,656.499978,-144.048361,657.543634,59.961187,0.002115,1,0
3.167000,-62.123392,201708.796228,177.922673,203344.795277,57.728131,204195.184220,96.001151,651.412747,-23.807096,655.268559,-143.926073,659.139433,59.960071,0.011424,1,0
3.200000,-62.194943,202610.599539,177.940279,202046.369313,57.766914,203609.974743,96.019584,650.136491,-23.882441,651.487832,-144.501174,654.304788,59.966293,-0.005257,1,0
3.233000,-62.270560,203408.204314,177.817523,204462.349326,57.740158,204111.398727,95.863394,656.837608,-24.096278,657.354954,-143.848999,656.394681,59.959873,-0.001353,1,0
3.267000,-62.318007,203457.266752,177.882219,201938.878436,57.670656,203899.388159,95.473910,656.349376,-23.962788,654.108425,-144.166438,652.428871,59.963949,0.013937,1,0
3.300000,-62.222512,202554.352729,177.799196,202757.721840,57.976936,203748.408360,95.652360,655.112227,-24.307977,654.205507,-144.202693,658.211859,59.958433,-0.001016,1,0
3.333000,-62.118715,202731.796182,177.655756,203958.417103,57.776940,205027.086164,95.627436,652.608340,-24.514326,654.965476,-144.194082,651.728680,59.963515,0.013608,1,0
3.367000,-62.233083,202562.351009,177.701207,203169.884561,57.780377,203084.565266,95.503745,660.004664,-24.282099,652.617229,-144.273534,650.706377,59.958642,0.006296,1,0
3.400000,-62.152491,202140.536752,177.944913,202444.934895,57.807523,203577.079898,96.216960,656.061053,-23.910506,658.746802,-144.029829,657.814604,59.951493,-0.004490,1,0
3.433000,-62.094081,204783.265577,177.805327,205530.219622,57.759901,202372.888609,96.104447,658.331332,-23.988727,658.761429,-144.283398,661.269024,59.952719,0.000965,1,0
3.467000,-62.124460,203243.555470,177.842777,201554.067210,57.713367,203100.147061,95.786115,661.278852,-24.494843,657.233828,-144.186328,657.991745,59.961341,0.010249,1,0
3.500000,-62.200075,202539.928741,177.872351,203194.383833,57.652001,203291.101443,95.587053,663.196668,-24.251887,658.979163,-144.245023,661.914224,59.956980,0.002938,1,0
3.533000,-62.148735,204782.871156,177.817616,202988.227327,58.016055,202711.801925,95.710500,661.796675,-24.333778,656.116675,-143.972169,662.133299,59.962892,-0.009254,1,0
3.567000,-62.090781,204060.952681,177.926846,202399.862692,57.681499,204550.503097,95.687998,660.858001,-24.169115,664.052887,-144.021917,657.949178,59.958607,-0.003746,1,0
3.600000,-62.026630,203000.998078,177.818004,201917.655982,57.780432,202107.014784,95.846511,654.022376,-24.125654,654.518626,-143.906549,661.554346,59.960469,-0.012675,1,0
3.633000,-62.233787,202624.386441,177.952474,203756.869005,57.676486,203101.758036,95.754136,657.358740,-23.924325,657.385070,-144.500279,654.831573,59.952624,0.021039,1,0
3.667000,-62.279350,203254.102977,177.914428,204119.017280,57.814040,202119.745374,95.816609,653.115788,-24.558099,652.623724,-144.208607,651.425652,59.954799,-0.002616,1,0
3.700000,-62.139115,203211.211593,177.829312,203326.688059,57.597639,203516.390666,95.915738,660.473433,-24.533011,656.893984,-143.979092,652.024388,59.955422,0.003938,1,0
3.733000,-62.122253,204516.094542,177.605040,203877.139520,57.764900,203694.956266,96.059025,654.464153,-24.220264,656.861694,-144.316314,657.194907,59.955140,-0.000083,1,0
3.767000,-62.326461,204507.240663,177.729923,204508.396401,57.742774,205400.452624,95.611604,656.673971,-24.312711,656.491595,-144.111778,653.926066,59.961880,-0.004166,1,0
3.800000,-62.365981,204435.005239,177.700193,203941.512174,57.839276,201738.225902,95.345226,660.905410,-24.300499,657.413143,-144.127083,657.632149,59.955535,-0.006849,1,0
3.833000,-62.236630,203475.760730,177.708260,204448.277164,57.898650,202313.788048,95.480552,662.066733,-24.311351,652.521717,-144.235997,659.625300,59.958686,0.011232,1,0
3.867000,-62.207851,203385.678617,177.743801,202629.391461,57.716872,203797.725100,95.999930,660.131159,-24.298037,663.000048,-144.096072,657.387917,59.954935,-0.000860,1,0
3.900000,-62.315300,202227.772335,177.847410,204095.446391,57.801189,203921.136129,95.835054,658.958919,-24.117215,657.975311,-144.207032,659.338145,59.958190,-0.006616,1,0
3.933000,-62.270307,204584.605915,177.823207,203838.137959,57.949272,202567.735734,95.783440,666.045100,-24.220921,661.712013,-144.031057,654.197726,59.958664,-0.012958,1,0
3.967000,-62.223979,203611.155072,177.957125,204268.812128,57.722384,205468.732179,95.674813,662.680088,-23.966524,659.545896,-144.226198,656.628770,59.960104,0.008076,1,0
4.000000,-62.075359,204216.156934,177.624631,203180.137239,57.814400,204829.468757,95.939675,659.963726,-24.358975,664.509764,-144.130613,656.818963,59.955537,0.001820,1,0
4.033000,-62.300994,204166.722374,177.761141,202838.102805,57.691078,205879.103676,95.700426,665.049155,-24.024302,649.860908,-144.588028,655.398807,59.951023,-0.004970,1,0
4.067000,-62.121279,204300.093420,177.849642,204277.824640,57.874282,201984.166379,95.701873,660.083347,-24.371230,665.208861,-144.081223,657.705563,59.954565,0.002643,1,0
4.100000,-62.194516,203517.160616,177.898259,204301.681955,57.756973,202501.349655,95.979169,658.889458,-24.123066,658.760871,-144.220443,659.603252,59.951241,-0.010589,1,0
4.133000,-62.129822,204368.003792,177.963976,205076.389569,57.717881,202294.967567,96.087351,652.666598,-24.080807,668.140768,-144.658275,659.459780,59.962157,-0.019974,1,0
4.167000,-62.230469,204807.106267,177.865722,203371.032080,57.796236,204145.959752,95.878980,656.447072,-24.154395,662.522384,-144.039545,656.568141,59.955612,0.003173,1,0
4.200000,-62.323730,202715.530473,177.864641,203521.311912,57.924128,203329.969048,95.554207,663.403240,-24.352084,664.652732,-144.044077,650.992292,59.954978,-0.002262,1,0
4.233000,-62.283476,204073.255246,177.868940,203248.729681,57.951746,204022.317941,95.486063,661.005590,-24.256326,659.998001,-143.752601,661.374134,59.957862,-0.006445,1,0
4.267000,-62.250904,202872.716749,177.863082,204374.648876,57.625492,203369.831541,95.416688,660.820000,-23.938350,659.633587,-144.520932,664.304972,59.960673,0.008692,1,0
4.300000,-62.014469,204830.889825,177.681053,202649.465292,57.961766,203677.064601,96.239564,664.679910,-24.613430,662.672453,-144.097154,666.996512,59.959400,-0.010122,1,0
4.333000,-62.108649,203352.121534,177.887191,202455.691438,57.720272,203522.080103,96.070102,663.273310,-24.144425,663.978537,-144.157609,666.530814,59.959793,0.001008,1,0
4.367000,-62.281269,203792.278864,177.895834,202612.679789,57.833483,203757.257134,95.499227,665.373167,-24.042867,661.813165,-143.976519,661.154068,59.952834,-0.005787,1,0
4.400000,-62.258665,203231.375404,177.746984,204472.505327,57.890922,203503.735703,95.506315,671.203319,-24.297757,664.399391,-144.116407,666.431667,59.955469,0.012945,1,0
4.433000,-62.159281,203836.698059,177.945015,203935.690543,57.665556,205134.940544,95.974247,662.039285,-23.946832,661.199873,-144.061323,670.505067,59.952364,-0.005954,1,0
4.467000,-62.124535,204449.396879,177.759994,203187.847243,57.784276,205700.290439,96.097775,669.486889,-24.126183,665.691508,-143.909151,665.739219,59.953567,-0.007304,1,0
4.500000,-62.148595,201771.039391,178.029075,204623.449867,57.769585,204037.704931,96.244874,664.799612,-23.805596,665.427116,-144.225292,665.827090,59.957208,-0.004608,1,0
4.533000,-62.061854,202989.591268,177.891343,204040.740323,57.826944,203161.472673,95.826360,664.423890,-24.069692,667.581067,-144.258732,671.735777,59.961313,-0.005352,1,0
4.567000,-62.119883,205311.058451,177.861349,203670.043958,58.026693,203244.165380,95.895491,664.176849,-24.094586,664.911081,-143.862850,672.043709,59.949379,0.003934,1,0
4.600000,-62.092938,202638.138174,177.848649,204456.986206,57.936228,203142.587507,96.123217,667.479697,-24.314042,663.532974,-143.896964,664.280428,59.961383,-0.002687,1,0
4.633000,-62.226032,204221.141585,177.983821,203263.764862,57.878783,203597.694133,95.853345,667.629335,-24.057370,658.247833,-144.306950,670.960241,59.958144,0.002249,1,0
4.667000,-62.050622,203701.349055,177.864709,204300.503311,57.746454,205068.524207,96.191707,669.006742,-24.077288,662.542536,-144.233080,666.397478,59.952920,-0.008219,1,0
4.700000,-62.005356,203061.862734,177.936001,203102.190005,57.749924,203472.368158,95.957553,663.713230,-23.759475,666.344951,-144.094384,668.774463,59.955752,0.005972,1,0
4.733000,-62.142930,203166.145327,177.802385,202903.448319,57.914943,205006.487435,95.830998,671.344394,-24.144864,667.062695,-144.293281,666.074342,59.959510,-0.008161,1,0
4.767000,-62.027847,202869.072693,177.909480,203084.545154,58.015819,202956.131593,96.348507,671.825036,-24.260393,664.781289,-143.762425,666.948687,59.953104,-0.019982,1,0
4.800000,-62.036325,203043.525482,178.105763,201560.353113,57.922706,202301.260431,95.914181,666.309862,-23.698860,666.094264,-144.067010,665.486781,59.954416,-0.007938,1,0
4.833000,-62.107217,202970.316588,178.108031,201954.759997,57.873536,205188.625239,95.805419,660.078858,-24.089469,666.185729,-144.382874,662.516726,59.957702,0.008725,1,0
4.867000,-62.021180,202974.480101,178.061358,203410.948672,58.044185,202511.216829,95.974239,662.149333,-24.300468,665.349137,-143.905090,667.913663,59.950340,-0.004375,1,0
4.900000,-61.897814,203829.348342,178.267269,201965.781187,57.992961,202525.553511,96.252877,669.626028,-23.808565,673.070906,-144.417809,666.656434,59.958401,0.005286,1,0
4.933000,-62.157648,204246.731931,178.032592,200523.239622,58.020972,202185.280085,95.800038,663.125345,-23.819655,663.664845,-144.158143,665.157304,59.952083,-0.010360,1,0
4.967000,-62.088092,203837.624312,177.979861,201703.950105,57.797132,202694.878553,95.948379,673.094685,-24.159886,666.407349,-144.171041,670.553877,59.949836,0.004276,1,0
5.000000,-62.096718,203792.875467,178.221101,201967.829337,57.946619,202673.390233,95.460947,670.636197,-24.109547,665.150009,-144.226201,668.796557,59.953947,-0.007232,1,0
5.033000,-62.131163,201567.877085,177.779358,202007.549536,57.811283,202564.378677,96.007010,667.681134,-24.578557,666.374905,-144.248455,671.190348,59.952091,0.001036,1,0
5.067000,-62.103890,203911.262846,177.740326,201618.695275,57.924420,202355.780137,96.056479,669.691973,-24.412926,667.154533,-144.075096,669.996770,59.954673,0.000695,1,0
5.100000,-61.817513,202660.167916,177.878411,202342.760473,57.694200,203354.735256,96.308014,664.051686,-23.933576,669.105393,-144.383599,669.146443,59.959162,-0.008581,1,0
5.133000,-62.071532,203459.427130,178.140895,202932.647736,57.756499,201690.274525,95.751366,666.626484,-23.947254,669.051712,-144.334268,664.256686,59.950621,0.002540,1,0
5.167000,-61.888314,204804.341353,177.806425,203003.982007,57.939959,201828.637850,95.971460,668.527770,-24.372116,668.199159,-143.795019,672.594594,59.958649,0.008377,1,0
5.200000,-61.890840,204421.797132,178.066631,203342.606269,57.962188,203840.312901,96.091065,667.066666,-23.919085,667.950915,-143.781248,673.797573,59.950918,0.009815,1,0
5.233000,-61.907052,204424.595546,178.024488,203283.449685,57.761313,203762.556758,96.165420,666.267878,-24.061559,668.256696,-144.513937,668.447645,59.956565,0.002326,1,0
5.267000,-62.042089,202962.653678,177.981137,202846.721888,58.128120,203263.190797,95.916111,673.605002,-23.928541,665.958558,-143.709906,669.780178,59.949132,0.004351,1,0
5.300000,-61.914699,204408.510739,177.857659,203477.081114,57.813388,202545.882482,96.294781,671.045277,-23.890599,674.857565,-144.317759,678.687057,59.951613,-0.001999,1,0
5.333000,-62.059559,206426.788519,178.001812,203684.211411,57.891509,202749.827835,95.932478,674.619022,-23.967661,675.584771,-143.840683,672.261369,59.944207,0.000244,1,0
5.367000,-62.124698,202707.508157,178.080082,204078.139269,57.992483,202395.113002,96.005534,673.445746,-23.924707,672.201710,-144.232158,677.397970,59.949291,-0.001336,1,0
5.400000,-61.994619,202800.951177,178.036361,203541.299533,57.966292,204628.703063,96.171654,675.565996,-24.157050,677.488510,-143.790403,674.415719,59.948382,-0.007065,1,0
5.433000,-62.051283,202612.085151,178.044942,203525.548053,58.056540,203830.973204,95.677192,678.662291,-23.811168,666.274353,-144.081044,673.180394,59.949744,-0.004180,1,0
5.467000,-61.722943,203759.206360,178.144628,204969.988078,58.089971,204014.026736,96.207838,668.810476,-23.850036,675.241664,-143.959229,669.261288,59.950809,0.005925,1,0
5.500000,-62.076552,203039.799305,178.058558,203402.829836,58.033049,204556.513708,95.733673,672.997892,-23.954799,671.474704,-143.711711,677.229347,59.955167,-0.004968,1,0
5.533000,-62.104305,202561.887264,178.072991,203448.060218,57.835140,201407.133842,95.732664,673.079040,-23.378955,667.521169,-144.262172,668.118431,59.957724,-0.008551,1,0
5.567000,-61.805009,203840.894833,178.207715,204128.255598,57.996175,204927.886190,96.101792,667.771827,-23.769756,680.273010,-144.416567,676.601546,59.955721,0.001868,1,0
5.600000,-62.256151,203255.378819,177.752918,204429.106882,57.864807,204435.056987,95.617796,673.102023,-24.509848,669.575326,-143.963732,672.142709,59.956856,0.010349,1,0
5.633000,-62.194428,205346.327878,177.926542,203328.611236,57.909033,201486.550812,95.638553,672.927081,-24.535963,673.342050,-144.205508,671.108231,59.951586,0.002980,1,0
5.667000,-62.185907,202824.742506,177.819487,204933.788363,58.048494,202491.042247,95.571892,671.853431,-24.283477,678.013287,-143.916597,669.675938,59.957000,-0.007985,1,0
5.700000,-62.042622,205725.926855,177.848730,202057.916698,57.786944,203054.874482,96.061578,662.570640,-24.034962,667.601439,-144.079325,673.454464,59.956675,0.002781,1,0
5.733000,-61.999889,203233.630679,177.953610,202174.579573,57.928283,203469.570349,95.902295,667.545154,-23.951757,675.168778,-143.452486,671.163285,59.957632,-0.004474,1,0
5.767000,-62.018388,205231.561509,178.040528,203469.344606,57.953654,205573.794211,96.049224,666.539231,-23.989570,672.689820,-144.028526,667.229833,59.948295,0.000950,1,0
5.800000,-61.932662,204331.748914,178.056247,203143.974705,57.970619,204459.944310,96.380192,665.003315,-24.224229,673.946302,-143.794920,669.384731,59.955062,-0.002270,1,0
5.833000,-61.983027,201959.227680,178.076831,203300.301152,58.006712,205307.119341,95.624628,661.545021,-23.752456,675.068451,-144.095619,668.501808,59.961610,0.006053,1,0
5.867000,-61.983665,204545.547653,177.955766,203461.124074,57.967461,202365.718907,96.382300,663.897139,-24.261436,673.711615,-143.935601,668.397201,59.967145,-0.000538,1,0
5.900000,-61.893247,203547.385098,178.018927,202883.010226,57.862667,204034.916461,96.084554,672.467368,-24.028996,664.023957,-144.172222,670.510433,59.970799,-0.006271,1,0
5.933000,-62.137003,202985.306472,177.874949,203799.076355,58.131170,204311.483190,96.187050,668.587289,-24.260400,669.759452,-143.851822,662.040195,59.960427,-0.009387,1,0
5.967000,-62.187127,204969.491914,177.984064,204295.725807,57.957095,204990.774705,95.467643,670.784608,-24.181289,667.473077,-144.095651,667.178345,59.961899,-0.010098,1,0
6.000000,-62.097852,205413.382595,177.933201,203456.501508,57.830392,203829.966659,95.938556,665.825922,-23.873580,672.693073,-144.263057,666.481716,59.956084,0.001613,1,0
6.033000,-62.128217,204917.544556,177.835592,204650.563533,57.827003,202626.532628,95.671068,665.858045,-24.086858,670.846573,-144.438363,670.354410,59.964640,0.003788,1,0
6.067000,-61.909685,201493.780624,178.089557,203786.127889,58.176371,203578.726691,95.623659,667.729380,-24.036691,668.939363,-143.825119,667.247156,59.956407,-0.004044,1,0
6.100000,-61.836025,204165.490275,177.909504,203195.953830,58.095158,204505.967345,96.331002,668.763234,-24.377775,670.815211,-144.075485,671.656554,59.955929,0.013592,1,0
6.133000,-62.097950,202819.595953,178.110543,205657.814860,58.038074,203134.140562,95.791727,673.288227,-23.868294,671.053016,-143.868541,666.329857,59.958292,-0.008462,1,0
6.167000,-62.124188,203372.597453,178.044334,204867.265752,57.982561,203748.202632,95.962961,670.400256,-24.085648,666.106943,-144.147035,678.380115,59.959098,0.001890,1,0
6.200000,-61.908063,204647.831495,178.070824,203421.616725,57.722745,204504.970220,95.906234,672.061948,-24.026903,672.621076,-144.351344,669.318425,59.961832,-0.006710,1,0
6.233000,-62.064942,202833.094477,177.871700,202833.742337,57.957921,202654.328705,95.644531,667.568272,-24.030604,664.940293,-144.066811,670.676284,59.963900,0.011619,1,0
6.267000,-61.947356,204825.864148,177.756046,203026.026341,57.829030,203307.279686,96.247103,672.604618,-24.195477,674.715844,-144.097905,670.321406,59.958499,0.013960,1,0
6.300000,-62.107366,205410.560482,177.882122,204140.862319,57.978039,203059.055265,96.096523,669.248370,-24.076798,668.554462,-144.024407,673.522437,59.961116,0.002686,1,0
6.333000,-62.143691,203231.667057,178.010483,204690.867403,57.993087,203733.294920,96.090224,671.297633,-24.427900,674.073788,-144.015721,675.214682,59.959610,0.010357,1,0
6.367000,-62.102154,203120.419994,177.911260,205260.649796,57.844978,202082.606679,95.578823,681.355949,-24.132441,671.508052,-143.973195,674.067100,59.957819,0.008493,1,0
6.400000,-61.848596,203324.487682,177.780671,202774.937977,58.047713,203368.556825,96.302451,672.646802,-23.901220,669.987527,-144.241461,671.593676,59.960718,-0.003700,1,0
6.433000,-62.149510,202372.099772,177.878466,203009.015220,58.049542,204328.963345,95.726984,671.061565,-24.271536,674.283001,-144.233130,671.825043,59.959368,-0.001608,1,0
6.467000,-62.160071,205131.382036,177.880358,203077.498242,57.980167,202437.783275,95.950217,671.923827,-23.823712,669.984564,-143.902897,674.339019,59.956903,-0.007840,1,0
6.500000,-62.009555,204584.707626,177.893414,203358.189428,58.003628,202552.877718,96.280502,671.995539,-24.029363,665.796269,-144.049248,664.347595,59.960578,-0.003990,1,0
6.533000,-62.300635,202272.168177,177.563775,203951.572569,57.952649,204019.929046,95.940419,665.356677,-24.461133,667.924365,-143.991306,666.152470,59.958934,0.003663,1,0
6.567000,-62.188771,204278.368816,177.867113,204306.339394,57.958040,203046.804608,95.820071,671.453757,-24.250732,672.546963,-143.916839,664.067992,59.957905,0.000630,1,0
6.600000,-62.075548,204269.915424,177.881276,202743.327187,57.919881,203614.931864,95.958786,672.035154,-23.939697,672.776707,-144.345426,676.121942,59.944995,-0.008376,1,0
6.633000,-61.885794,202238.146145,177.933527,203558.156605,57.871538,203176.529740,95.975619,675.023486,-23.667246,671.823898,-143.803479,670.704496,59.953561,0.004049,1,0
6.667000,-62.104778,203321.470804,177.937905,203695.408706,57.832515,203640.342264,95.760902,671.303445,-24.028687,666.130985,-144.048363,661.559931,59.944780,-0.009579,1,0
6.700000,-62.132588,202877.234050,177.728778,203273.292198,57.840096,202073.683545,95.540674,655.460474,-24.225028,669.995137,-144.182206,665.816881,59.945443,0.003174,1,0
6.733000,-62.179034,204187.428631,177.807086,202577.835671,57.644022,203403.544487,95.848252,670.632883,-24.391948,661.401750,-144.324598,675.403155,59.942558,-0.004401,1,0
6.767000,-62.227895,203509.518214,177.652385,203220.074318,57.693285,203962.941740,95.621638,664.188244,-24.540582,663.023115,-144.438087,668.141984,59.953578,-0.002960,1,0
6.800000,-61.997284,203181.855380,177.854773,204642.512074,57.586712,201524.851479,95.890515,663.292439,-24.159722,668.850283,-144.476547,667.898430,59.951209,0.003701,1,0
6.833000,-62.107378,204306.703514,177.773318,202931.310598,57.821659,204742.043431,95.780451,661.058789,-24.204867,664.950407,-144.100054,665.553940,59.953904,-0.002103,1,0
6.867000,-62.061784,204336.112283,178.122740,202132.147795,57.695639,204545.543942,95.978227,670.749711,-24.119583,661.147610,-144.307703,663.587969,59.957753,-0.012910,1,0
6.900000,-62.189133,202948.722454,177.785478,204774.547706,58.070364,203552.599707,95.655328,667.018624,-24.318845,672.577937,-144.216732,660.217009,59.959092,0.006731,1,0
6.933000,-62.191518,201923.585844,177.751862,203007.293986,57.817654,202506.702051,95.703072,667.433708,-24.475270,661.280270,-144.349482,672.327466,59.961611,0.004177,1,0
6.967000,-62.259960,202702.200925,177.997908,203151.532365,57.820610,203166.725736,95.449254,662.009601,-23.946478,661.778072,-144.111503,669.665791,59.954107,-0.002781,1,0
7.000000,-62.218756,201581.062403,177.895889,200880.284058,57.829518,202533.365500,95.771384,664.654060,-23.949166,671.422574,-144.297502,665.734758,59.947871,-0.020841,1,0
7.033000,-62.154241,202509.888955,177.808016,202489.521355,57.576571,202643.994511,95.682890,663.190910,-24.279092,661.511817,-144.309065,659.474612,59.957921,0.002141,1,0
7.067000,-62.144842,203474.141227,177.889756,203159.798864,57.767579,201218.660347,95.782581,664.884445,-24.105783,667.122918,-144.216414,664.325819,59.953349,-0.000813,1,0
7.100000,-62.164566,203070.894706,177.715273,200917.616971,57.606712,200978.763996,95.543728,667.201090,-24.561382,663.657840,-144.286690,667.418967,59.948386,0.000164,1,0
7.133000,-62.079890,203436.505717,177.682663,202433.325660,57.725927,202016.928889,95.667136,664.598100,-23.871188,665.514623,-144.104777,669.681566,59.954753,0.005571,1,0
7.167000,-62.126983,204909.916182,177.769131,204177.377537,57.890699,203308.628784,95.687827,666.690459,-24.509835,671.774576,-144.161779,669.878070,59.955105,-0.004296,1,0
7.200000,-62.299823,203116.971903,177.849131,203003.987369,57.812646,203431.623460,95.733203,669.325045,-23.866866,673.643320,-144.265395,671.769611,59.951778,-0.003879,1,0
7.233000,-62.207079,201744.259716,177.733125,203653.502289,57.725071,202801.915496,95.829060,667.740416,-24.129497,668.696274,-144.336176,670.627328,59.954854,0.006246,1,0
7.267000,-62.117036,201919.635262,177.604007,204050.367341,57.696115,202634.107544,96.003977,674.877052,-24.153225,666.874391,-144.286028,672.489670,59.952102,-0.000095,1,0
7.300000,-62.418453,202916.940603,177.898080,204015.752487,58.051288,202885.526361,95.827168,669.674367,-23.814254,673.099798,-143.935847,677.431032,59.955989,-0.005764,1,0
7.333000,-62.159635,201611.152925,177.842710,202774.757603,57.692231,202670.791312,96.064994,670.922565,-24.028791,674.001461,-144.334075,673.215312,59.950897,-0.006301,1,0
7.367000,-62.293156,203658.470249,177.704777,202792.905261,57.737589,203328.073266,95.416557,670.124866,-24.278323,680.683541,-144.445160,674.146462,59.952891,0.007843,1,0
7.400000,-62.308136,202793.866296,177.907995,202464.772782,57.795413,203835.081276,95.595918,670.488015,-24.244648,670.326640,-144.458786,680.261258,59.959209,-0.003918,1,0
7.433000,-62.110824,201311.314812,177.904309,201179.351421,57.976788,202987.684042,96.050695,679.586784,-24.057204,674.722565,-143.949569,676.990118,59.954030,-0.007099,1,0
7.467000,-62.035743,203031.066215,177.828016,201402.303349,57.893187,201427.521903,96.244910,677.735748,-24.347463,682.431527,-144.220651,683.460488,59.943525,-0.006914,1,0
7.500000,-62.123739,202776.811273,177.825175,203584.237730,57.850058,202699.678516,96.009700,680.970676,-24.121692,684.260549,-144.227324,680.723338,59.944808,0.000551,1,0
7.533000,-62.229446,201906.866130,178.000880,201870.522713,57.912112,202156.951954,95.885434,676.321406,-24.131937,677.216302,-144.138184,676.411906,59.953640,0.001209,1,0
7.567000,-62.160628,201649.997210,177.768468,202631.041317,57.823579,202576.627053,96.116954,676.011022,-24.177573,682.370714,-144.270611,672.538157,59.937768,0.005988,1,0
7.600000,-61.843022,201584.008250,177.950862,201594.786728,57.990958,202518.682760,96.362552,676.354476,-23.968144,675.491239,-143.921012,678.677297,59.945257,0.006422,1,0
7.633000,-62.228583,202204.004420,177.825114,202091.433482,57.814177,202924.145222,95.653374,670.199878,-24.132551,669.860199,-144.048551,674.526734,59.952521,-0.000911,1,0
7.667000,-62.081472,204074.040752,177.643381,202858.147423,57.812083,202324.087691,95.955389,672.005000,-23.974999,667.018689,-144.199814,679.007621,59.941386,-0.000385,1,0
7.700000,-62.150918,203882.997372,177.693661,202312.875232,57.950195,202496.152016,95.938775,671.997169,-24.087336,672.821785,-143.720254,673.159614,59.949331,0.001482,1,0
7.733000,-62.209720,201564.286112,177.947473,203048.781594,57.641987,203981.084621,95.727944,668.592533,-23.960409,674.149911,-144.445782,671.472406,59.941563,0.007167,1,0
7.767000,-61.945188,204970.291649,177.957896,204175.686533,58.011301,202483.152012,96.325263,665.574682,-24.356007,669.267372,-144.021229,671.887976,59.948503,-0.016618,1,0
7.800000,-62.081533,201946.724236,178.044480,203342.963819,57.953578,205244.544396,95.722255,671.131017,-24.033992,672.782806,-144.137439,676.632885,59.948423,-0.004146,1,0
7.833000,-62.219398,202713.925276,177.929345,202022.252475,57.849198,203770.941297,95.649700,670.984286,-24.396199,671.914014,-144.333145,668.864972,59.947509,0.006427,1,0
7.867000,-61.984182,204566.106573,177.954015,202527.447035,57.866275,203215.127401,96.119812,669.010898,-24.355206,679.695838,-144.088801,673.652555,59.955346,-0.003658,1,0
7.900000,-62.039863,202502.368598,178.034856,203512.930246,57.913870,204644.293306,95.822941,665.682463,-23.728437,677.373452,-143.831023,671.226460,59.948131,-0.010831,1,0
7.933000,-62.055554,203298.948376,177.681470,202657.411563,57.843934,203071.459349,95.849811,675.809423,-24.256595,675.454251,-144.165857,671.444011,59.959231,0.001702,1,0
7.967000,-62.159702,202708.314125,177.815885,203375.159736,57.907631,203194.214582,96.230132,679.541071,-24.183737,669.125143,-144.149495,669.634946,59.952885,-0.009184,1,0
8.000000,-62.038046,203960.459466,177.843521,204581.909968,57.919229,203656.595802,96.200456,669.783462,-24.110035,669.140296,-144.358200,667.972248,59.952112,-0.002274,1,0
8.033000,-62.107789,202827.250519,177.915010,203981.445804,58.165975,203353.534938,95.932377,674.011677,-23.839990,668.157939,-143.568548,666.243713,59.955905,0.001848,1,0
8.067000,-62.148565,204191.796478,177.911154,203213.000038,57.878446,202872.460197,95.666730,672.488096,-24.460542,664.844823,-144.071127,668.320302,59.955686,0.011244,1,0
8.100000,-62.160892,203310.230710,177.771172,202034.856914,58.011884,202294.680574,95.938585,674.560575,-24.215624,673.139431,-143.770301,670.400401,59.958942,0.006158,1,0
8.133000,-62.201080,204695.824458,177.770886,204475.043164,57.939425,202678.225886,95.662352,664.806490,-24.106363,670.046605,-143.986715,668.533108,59.957241,0.004956,1,0
8.167000,-62.084819,203597.255889,178.007999,204837.321773,57.759108,202892.558099,95.860979,666.850195,-23.916382,669.848036,-144.018545,666.120785,59.958412,-0.007485,1,0
8.200000,-62.205899,203946.042137,177.821583,203338.490877,58.021292,203912.948067,95.986791,670.573338,-24.473766,668.384694,-143.996398,667.801623,59.954813,0.000732,1,0
8.233000,-62.245372,204911.909969,177.840316,203719.425199,57.788400,203807.431684,95.638618,669.167553,-24.157813,666.810291,-144.561654,665.523505,59.953075,-0.000575,1,0
8.267000,-62.194988,203309.894457,177.703074,202926.124080,57.704502,202381.971163,95.781031,671.301661,-24.203065,667.991348,-144.135856,669.092746,59.959648,-0.001428,1,0
8.300000,-62.290651,202915.990629,177.766461,202355.300744,57.890312,204845.671351,95.779351,671.158564,-23.822806,664.319888,-144.058918,669.464558,59.958590,-0.002674,1,0
8.333000,-62.242676,202572.925991,177.939630,200967.809280,58.028608,200682.211562,95.845101,667.758092,-23.919976,670.309502,-144.075800,664.032799,59.965657,-0.009234,1,0
8.367000,-62.146839,202681.051824,177.697965,202085.709611,57.775495,201737.158028,96.171037,664.234533,-24.355733,672.015732,-144.215573,660.383923,59.959325,-0.002130,1,0
8.400000,-62.206549,202925.191473,177.923900,201666.711959,57.993774,201987.458905,95.959126,666.666706,-24.054657,662.396763,-143.960131,658.749359,59.957790,0.006287,1,0
8.433000,-62.239339,203416.220913,177.899766,201574.973449,57.785569,204100.483360,95.661350,658.771591,-23.834176,668.200770,-144.398725,670.489417,59.954498,0.004680,1,0
8.467000,-62.237474,205018.987425,177.842389,201241.835497,57.757371,205083.433524,95.746892,671.640025,-24.038779,671.029863,-143.964947,674.704309,59.955410,-0.001317,1,0
8.500000,-62.243380,203641.299818,177.684055,202730.745117,57.651600,202708.184472,95.764714,668.699537,-24.096814,660.594662,-144.169408,668.546407,59.955234,-0.010709,1,0
8.533000,-62.296644,204248.208918,177.935655,202312.106163,57.917208,201532.318865,96.035159,664.879230,-23.990444,667.972207,-143.970133,663.803652,59.950922,-0.000778,1,0
8.567000,-62.147219,203573.089404,177.612620,203915.966797,57.734544,203648.090855,95.955628,671.340916,-24.699505,667.115437,-144.267139,667.299780,59.954795,0.001681,1,0
8.600000,-62.121160,202510.295666,177.877924,202026.993482,57.905965,203574.489181,95.811839,673.297360,-24.304153,668.237076,-144.086179,672.012478,59.954706,0.004848,1,0
8.633000,-62.145653,202757.188308,177.768711,203333.753911,57.763840,202816.767335,95.910791,667.812111,-24.285541,677.436859,-143.955444,669.586496,59.949326,-0.001999,1,0
8.667000,-62.169914,202447.141978,177.690970,203104.963175,57.852270,201167.787936,95.795742,664.083624,-24.403580,662.802556,-143.911575,667.771766,59.960286,-0.002993,1,0
8.700000,-62.230591,203353.323596,177.904932,201453.666138,58.004252,202193.416994,96.085660,666.824905,-24.037485,669.521620,-144.244171,665.070412,59.957691,-0.004646,1,0
8.733000,-62.126086,203410.770853,177.806586,200824.266963,57.806779,203078.999308,95.827442,670.872446,-24.024486,671.803027,-144.043688,668.419048,59.949180,-0.001839,1,0
8.767000,-62.065815,202770.745385,177.846170,202501.123425,57.905489,203451.835121,95.930240,667.164169,-24.241038,668.324711,-144.150230,673.118361,59.949680,-0.004562,1,0
8.800000,-62.097317,202671.733592,177.655618,203413.266680,57.755504,203763.225919,95.609386,674.902358,-24.292367,667.416770,-144.123089,664.693558,59.943400,0.005273,1,0
8.833000,-62.158662,202310.230408,177.833790,202444.355891,57.620441,202505.530409,95.775043,664.597609,-24.244118,666.590977,-144.693213,675.731110,59.951656,0.004154,1,0
8.867000,-62.215106,202716.118350,177.725530,201245.380656,57.802646,204489.760056,96.031650,665.872277,-24.331158,661.186912,-144.366522,664.935103,59.948986,0.002185,1,0
8.900000,-61.915989,202361.565528,177.857173,202149.197163,57.941368,202001.408100,95.980302,668.330078,-24.381601,669.712645,-144.346173,664.711198,59.943255,-0.007930,1,0
8.933000,-62.133244,202810.988300,177.881686,202065.667719,57.833893,201678.325130,95.809753,666.673160,-23.955028,672.368822,-144.194751,676.923652,59.954939,-0.008088,1,0
8.967000,-62.097436,202058.205251,177.922941,202381.404748,57.910931,203159.428510,96.087994,673.411884,-23.988220,671.844136,-143.810219,668.727400,59.952530,-0.010094,1,0
9.000000,-61.985261,202848.251182,178.013511,202390.340772,57.948320,202087.529111,96.203568,663.241023,-23.991495,668.044762,-144.216686,666.864811,59.952176,-0.007168,1,0
9.033000,-62.233396,201910.189493,177.844036,202107.373190,57.890173,202086.654034,95.601981,670.016286,-23.733374,662.072995,-143.985154,668.620486,59.952470,-0.007512,1,0
9.067000,-62.168816,202284.450979,177.964301,202132.325263,57.822844,202312.948023,95.850535,675.100217,-23.795184,670.742550,-144.288960,670.677380,59.949466,0.004304,1,0
9.100000,-62.162268,201249.251820,177.903052,203679.005701,57.996132,201953.202328,95.752140,676.139546,-24.356509,671.953994,-143.847481,672.244511,59.955539,0.011112,1,0
9.133000,-62.015608,201944.243999,178.065800,202798.307640,58.075093,199670.755403,96.042115,670.576394,-24.130478,677.726205,-143.604419,670.691439,59.953015,-0.010212,1,0
9.167000,-62.114453,202717.637340,177.863019,199684.241036,57.977967,203019.515023,95.933705,672.721808,-24.124498,669.594236,-144.057322,671.229650,59.952737,0.012345,1,0
9.200000,-62.035554,202397.664180,177.838911,200832.304484,57.802096,201243.473786,95.958955,672.632628,-24.234800,667.010499,-144.357194,673.197024,59.952857,0.008976,1,0
9.233000,-62.322852,201896.153905,177.704980,200685.986991,57.722868,200542.852995,95.541190,676.403686,-24.014058,670.832960,-144.145808,668.131634,59.951085,-0.000528,1,0
9.267000,-62.067194,204068.929994,177.740323,200566.950187,57.820916,201035.000726,96.012543,666.668029,-24.183947,669.301377,-144.094206,669.388078,59.954456,0.001248,1,0
9.300000,-62.273103,201427.606686,177.824937,200148.247116,57.928100,203330.612601,95.641120,669.578341,-24.175653,670.083401,-143.899366,669.545673,59.944187,-0.008183,1,0
9.333000,-62.172577,201250.622135,177.861916,202858.501156,57.849647,201589.790308,96.009437,665.700162,-24.156942,673.368568,-143.761255,671.641388,59.947207,-0.003997,1,0
9.367000,-61.953144,202312.357281,177.827777,200469.657187,58.045756,201408.388198,96.275100,674.128333,-24.339590,669.916086,-144.053058,669.252211,59.952769,-0.001345,1,0
9.400000,-62.275052,201703.136020,177.752614,203079.946868,57.742153,203431.466245,95.930586,672.594919,-24.159109,669.485656,-144.413517,661.105527,59.940611,-0.010339,1,0
9.433000,-62.037745,201862.631148,178.026203,203161.039678,57.697715,202445.685273,96.018059,673.626693,-24.223683,666.987777,-144.412468,670.541454,59.935691,0.011118,1,0
9.467000,-62.242114,202114.141312,177.822255,200314.165170,57.711608,200864.758244,95.657044,674.023291,-24.204377,670.997603,-144.560859,669.079491,59.951547,0.009134,1,0
9.500000,-62.175750,202530.478936,177.918496,200934.366692,57.936962,203103.177076,96.018483,675.546988,-24.047039,674.818063,-144.010638,667.055309,59.944696,0.008098,1,0
9.533000,-62.255357,200716.243150,177.787425,201946.013593,57.934279,202522.464365,95.752534,669.628377,-24.261566,670.482793,-143.977177,666.898048,59.949972,-0.007427,1,0
9.567000,-62.119666,201176.259724,177.856879,200423.812973,57.907843,202457.112901,96.146911,674.012851,-24.347749,676.525964,-143.916340,666.095462,59.948844,0.008757,1,0
9.600000,-62.116930,203651.645468,177.854534,201743.107879,57.848738,200751.652656,95.907123,662.710108,-24.319275,675.946062,-144.045412,671.879279,59.958436,0.009231,1,0
9.633000,-62.042173,201895.861385,177.983280,201820.994340,57.856458,201592.726331,96.001500,674.895806,-23.909183,669.946249,-144.139964,669.695648,59.949284,0.005385,1,0
9.667000,-62.071214,202814.749195,177.870933,201205.967225,57.827509,201395.738110,95.764127,670.168467,-24.154600,668.770874,-144.062989,671.023667,59.954788,0.009492,1,0
9.700000,-62.216650,203451.441298,177.938573,201395.025735,57.997883,203218.783644,95.969039,675.487110,-23.893404,674.217538,-144.195787,676.410628,59.954926,0.010323,1,0
9.733000,-62.139066,203542.443961,178.003414,200418.158542,57.946337,201937.176827,95.713943,675.515058,-24.032267,671.389510,-144.105160,668.669120,59.953696,-0.002248,1,0
9.767000,-62.156342,202477.464744,177.784092,202043.717670,57.868512,203744.737516,95.828911,671.084597,-24.323217,669.433178,-143.937134,668.743681,59.953360,0.007674,1,0
9.800000,-62.212842,202799.989816,177.856035,201266.951030,57.858755,201920.710643,95.844961,669.722019,-24.072431,666.836875,-144.381153,677.095222,59.955708,0.001974,1,0
9.833000,-61.988477,202567.131888,177.811878,203250.222413,57.823234,202695.084269,95.892127,675.156592,-24.337554,676.843715,-143.923293,669.017380,59.949856,0.003354,1,0
9.867000,-62.456301,202521.491461,177.711135,201639.964188,57.965783,202449.170929,95.463988,667.880942,-24.246870,667.792873,-144.118752,676.730556,59.955122,0.006941,1,0
9.900000,-62.032836,203796.098625,177.849929,203111.385739,57.889648,201312.250113,96.209636,673.670862,-24.113525,676.033658,-144.258263,675.620612,59.962536,0.005046,1,0
9.933000,-62.022530,202137.691141,177.655872,202364.238059,57.780601,201188.458575,95.937391,677.524345,-24.065949,681.239792,-144.309199,686.295934,59.954516,0.001169,1,0
9.967000,-62.039009,202721.842705,177.832295,201821.431690,57.845592,202701.062336,95.907688,679.949308,-24.143901,677.262572,-144.107526,675.944568,59.960220,-0.005551,1,0
10.000000,-62.200819,204133.570517,178.066609,202683.540043,57.826423,201145.543221,95.707846,673.313706,-23.879204,677.763866,-144.043952,674.793655,59.963126,-0.000979,1,0
10.033000,-62.057057,201115.194746,177.939896,201765.035507,57.825369,202841.800714,95.859448,670.713136,-24.091952,674.922242,-144.054723,667.992874,59.954096,0.009601,1,0
10.067000,-61.980001,202135.135736,178.176311,201836.041503,58.001395,201467.738985,96.288786,675.781446,-24.058951,674.105439,-144.212264,674.107031,59.967330,0.001025,1,0
10.100000,-62.056490,203726.229673,177.708199,200768.693786,57.874732,203553.289648,95.940145,679.582848,-24.340315,670.720776,-144.227416,678.399426,59.960998,0.007611,1,0
10.133000,-62.038265,202970.031914,177.878740,201814.619457,57.955888,203327.548782,96.139458,677.126058,-24.111773,673.995550,-143.993709,676.304221,59.959180,-0.000972,1,0
10.167000,-62.074424,204061.951939,177.877807,201471.152026,57.885458,201387.637037,96.083820,676.983357,-24.137126,677.655179,-144.123686,676.008180,59.963037,-0.006041,1,0
10.200000,-62.095257,204196.322173,178.031300,202661.756373,57.843931,202109.605049,96.126098,675.303550,-24.228457,678.826798,-144.408384,675.336506,59.963556,-0.019724,1,0
10.233000,-62.159762,203193.085095,177.964425,200879.962200,57.804723,202862.837778,95.669203,678.681103,-23.999784,679.332421,-144.166691,676.915178,59.966860,-0.003027,1,0
10.267000,-62.139925,202392.473376,177.939118,199721.037764,57.733351,202233.431238,95.646361,676.377195,-23.905278,674.003220,-144.686136,681.567345,59.950688,0.003769,1,0
10.300000,-61.942156,201250.953682,177.913720,202269.796521,57.848130,204519.548931,96.275638,681.148209,-24.003485,683.286331,-144.367453,681.585204,59.950315,-0.000135,1,0
10.333000,-62.226508,202880.635322,178.086877,203482.220297,57.724661,203557.559458,96.010019,678.409088,-23.742990,676.266028,-144.146050,682.048341,59.953413,0.008153,1,0
10.367000,-62.060263,203615.820774,177.885474,202224.361910,57.797080,203086.603941,96.063693,684.772407,-23.980428,680.147346,-143.871604,676.619869,59.957442,-0.002945,1,0
10.400000,-62.113351,203906.732905,177.585130,202251.815261,57.874121,202812.603808,96.039066,675.519754,-24.342702,682.177389,-144.109736,678.167377,59.948962,0.006869,1,0
10.433000,-62.082225,203234.662772,177.909819,203141.323677,57.793548,200649.394149,95.995921,682.243867,-24.019345,679.038499,-144.303923,677.968515,59.957906,-0.005162,1,0
10.467000,-62.235250,201358.451448,177.665784,204206.966760,57.717351,202936.914257,95.791324,681.654418,-24.377503,674.118665,-144.194244,676.224677,59.952590,-0.000203,1,0
10.500000,-62.343318,201135.612180,177.789314,202277.432825,57.881346,201865.071264,95.441469,678.583105,-24.239039,675.534085,-144.094132,678.825226,59.953380,0.001657,1,0
10.533000,-62.152645,203180.500847,177.866081,202913.863204,57.846343,202674.852741,95.796451,673.902751,-23.823715,674.557224,-143.812217,681.735979,59.954610,0.003645,1,0
10.567000,-62.074596,203423.832474,177.787124,203450.033851,58.069409,200214.020680,95.992622,673.296502,-24.114851,676.076499,-143.819049,675.378188,59.963801,0.001269,1,0
10.600000,-62.060914,203339.691126,177.856863,203035.374224,57.815233,203553.768933,95.939553,674.604202,-23.907616,680.477965,-144.099879,674.134407,59.954223,0.000532,1,0
10.633000,-61.896063,203360.328441,177.885827,202064.196916,58.059282,203558.652112,96.267403,675.572175,-23.910365,677.138203,-143.855467,674.613439,59.962965,0.000608,1,0
10.667000,-62.016871,203504.760119,177.869392,201764.781351,57.831968,202911.599703,95.716159,679.069698,-24.409505,677.816408,-144.100240,678.212841,59.956392,0.012254,1,0
10.700000,-62.029560,205153.903165,177.984040,203043.305331,57.978807,202652.869530,96.128716,678.626210,-23.644269,666.796987,-144.325588,685.188082,59.962243,0.004365,1,0
10.733000,-61.974838,204206.706192,177.846281,202949.187659,57.843107,202565.397027,96.259385,687.120536,-24.039763,677.770506,-143.980433,680.052520,59.955987,0.002926,1,0
10.767000,-62.077841,203013.164578,177.878158,203224.604609,57.932885,203659.514235,95.820304,675.459098,-24.169252,677.720361,-143.992292,681.728946,59.959087,-0.003789,1,0
10.800000,-62.155252,205378.354561,177.814563,202969.039661,57.888242,200908.158631,95.827042,684.286353,-24.168193,678.033685,-143.982030,679.491039,59.957872,-0.017644,1,0
10.833000,-62.070457,204019.896722,177.824267,202300.778465,57.972796,201632.431614,95.694664,673.870508,-24.527910,677.160586,-144.053219,681.189645,59.962888,-0.011996,1,0
10.867000,-62.184080,202297.583308,177.923116,203567.855859,57.839371,202897.124038,95.882150,676.916872,-24.217168,677.119607,-143.909555,672.341018,59.957887,0.007056,1,0
10.900000,-62.037075,202509.391573,177.994144,202419.693883,57.960241,202835.727283,95.975584,670.050910,-24.006680,670.940181,-144.201375,678.150030,59.963197,-0.010130,1,0
10.933000,-62.021783,204268.348280,178.030332,203707.585581,57.808220,202508.008696,95.942726,670.770796,-24.174445,677.169408,-144.193969,674.646109,59.963850,-0.007733,1,0
10.967000,-61.944978,205297.429666,177.850960,201919.779699,57.895417,203594.294395,96.030539,671.717314,-24.267929,674.804031,-144.038921,669.076519,59.964389,-0.003472,1,0
11.000000,-62.075065,202139.109536,177.817723,204170.716073,57.809732,202935.591042,95.648796,669.267406,-23.934582,674.540688,-144.375855,673.583203,59.959279,0.000318,1,0
11.033000,-62.174746,202168.935160,177.794653,202034.497946,57.836331,203271.303583,96.185350,664.479574,-24.026630,668.300974,-144.046640,675.360337,59.957158,-0.012779,1,0
11.067000,-61.930729,202111.049815,177.982044,203655.830280,57.791128,203444.269095,96.337649,669.040649,-24.091494,666.189491,-144.464940,671.909201,59.966776,-0.007013,1,0
11.100000,-62.018658,202073.387452,177.750948,201738.232030,57.805040,202533.370562,96.333114,676.636968,-23.991395,673.293524,-144.333576,665.655015,59.954114,0.006090,1,0
11.133000,-62.188358,201862.909713,177.863006,202336.112570,57.646467,201974.823390,95.558970,674.394168,-24.209778,669.861388,-144.199870,669.208003,59.964063,-0.000137,1,0
11.167000,-62.289293,202863.883254,177.741498,202792.845860,57.747288,202982.226868,95.630156,671.166198,-24.313841,666.806501,-144.239233,671.191908,59.966760,0.006952,1,0
11.200000,-62.286654,203044.100586,177.627981,202387.208050,57.681540,203365.510574,95.840651,672.387841,-24.478901,673.357211,-144.408189,671.605477,59.965367,-0.006203,1,0
11.233000,-62.030898,203253.181477,177.863244,202433.626576,57.685330,201658.495937,95.880486,669.664113,-24.249135,664.262694,-144.098612,664.140254,59.967752,-0.002288,1,0
11.267000,-61.882837,201627.148190,177.844791,202287.989240,57.812868,201874.349001,95.701270,662.297162,-24.060841,668.822164,-144.197125,665.476092,59.973863,-0.005469,1,0
11.300000,-62.367349,203157.210646,177.676869,201894.314177,57.738610,201450.668047,95.886761,665.136216,-24.314940,664.625182,-144.435805,662.599514,59.973120,-0.020674,1,0
11.333000,-62.207666,202629.184925,177.793461,201476.911164,57.817950,204373.584476,95.715247,662.074551,-24.099522,672.025805,-144.382047,662.115816,59.971575,-0.000093,1,0
11.367000,-62.205748,202924.943242,177.833578,202580.149046,57.843724,205012.338120,95.638042,668.715116,-23.876346,665.629925,-144.338406,671.723657,59.969939,0.006114,1,0
11.400000,-62.186765,203316.562118,177.841547,201255.610340,57.906146,203279.319092,95.830001,664.026157,-24.022546,665.398982,-143.701208,664.933215,59.971563,0.000892,1,0
11.433000,-61.971466,203200.347305,177.691710,203191.006721,57.646462,202955.198015,95.920467,659.478785,-24.349698,667.110723,-144.599291,666.141513,59.966856,0.008349,1,0
11.467000,-62.253838,202803.614846,177.871016,202921.113726,57.798386,201477.681136,95.718239,663.899922,-23.959048,665.318829,-144.056620,659.578785,59.965695,-0.000152,1,0
11.500000,-62.184696,202822.855842,177.991409,200744.603833,57.763542,201796.090910,95.824398,665.872902,-23.785049,663.160044,-144.398847,659.945615,59.964165,0.000988,1,0
11.533000,-62.037941,201998.277720,177.874241,201537.097388,57.736464,200707.516277,95.727804,659.790475,-23.854662,663.775530,-144.526752,660.263169,59.961480,-0.001425,1,0
11.567000,-62.099916,203466.040060,177.640977,201194.621569,57.900158,203436.493104,96.035899,665.912247,-24.597679,661.166658,-144.209819,663.930839,59.958228,0.005405,1,0
11.600000,-61.923479,201017.821925,177.829376,202667.330111,57.823251,201837.543191,96.111131,666.952770,-24.303630,655.717281,-143.942854,666.372731,59.961407,0.001823,1,0
11.633000,-62.105836,204319.194864,177.874841,200814.216494,57.785408,201545.934703,95.779351,663.905791,-24.029823,659.085654,-144.275674,656.771287,59.967684,-0.000112,1,0
11.667000,-62.119467,201109.458801,177.867187,203925.110849,57.918342,202020.121099,96.182496,659.416507,-24.006554,663.296229,-144.051225,664.415484,59.962983,-0.005950,1,0
11.700000,-61.932100,204616.094920,177.933550,202661.197692,58.012157,201647.027149,95.895362,656.303966,-24.373799,656.222685,-144.076989,653.363209,59.969081,0.003802,1,0
11.733000,-62.128512,203029.592943,177.945001,202425.666997,57.853613,202206.035301,96.059215,657.077347,-24.383528,661.575101,-144.352091,663.759955,59.966779,0.004690,1,0
11.767000,-62.006341,201268.110387,177.914590,200692.279404,57.962650,202151.006594,95.743338,664.243254,-24.562174,661.557527,-144.141259,661.665452,59.958182,0.004974,1,0
11.800000,-62.091435,202373.934518,177.776010,201528.591385,57.891352,204141.105457,95.944002,664.706062,-23.919243,658.393861,-143.890987,661.616012,59.956515,-0.003344,1,0
11.833000,-62.158055,201423.464176,177.634113,202452.083169,57.783556,202313.227629,96.038694,660.353262,-24.101799,653.978001,-144.221699,659.657232,59.958105,0.006974,1,0
11.867000,-62.170609,203282.309106,177.543972,202968.917208,57.805618,203665.104245,96.000205,653.966574,-24.425700,650.687564,-144.091083,655.067942,59.958257,-0.008105,1,0
11.900000,-62.096340,203475.323703,177.795895,202190.569205,57.868752,202016.085813,95.960173,655.677435,-23.973446,655.933145,-144.087166,656.219737,59.958477,-0.000759,1,0
11.933000,-62.198552,201650.938759,177.881401,203025.878530,57.817986,203634.464937,95.775802,655.303043,-24.300065,658.883725,-144.326783,652.804913,59.967583,-0.000036,1,0
11.967000,-62.102152,201826.267415,177.943535,202482.596100,57.928174,202874.510520,95.772538,656.273681,-24.285749,660.567257,-143.811840,656.333272,59.958105,-0.006601,1,0
12.000000,-62.136024,203956.996820,177.843933,203631.092692,57.785354,201818.041395,95.733121,657.123799,-24.016019,656.676323,-144.177977,657.919618,59.958229,0.003046,1,0
12.033000,-62.126613,203370.357813,178.091136,203218.070387,58.056581,202304.786397,96.143469,666.144882,-23.667899,661.205685,-144.219607,656.166618,59.951716,0.003736,1,0
12.067000,-62.184598,202338.011364,178.095285,203497.461428,57.911029,202278.472470,95.994590,664.135098,-23.889207,657.802674,-143.914080,658.363749,59.958788,-0.003641,1,0
12.100000,-62.024862,203855.978672,177.881858,203263.895408,57.908162,203263.921220,95.769202,664.164743,-23.931921,661.989691,-144.060651,659.880101,59.953993,-0.000708,1,0
12.133000,-62.072746,205012.412389,178.015614,201393.796324,57.935262,200235.406781,95.964683,656.702307,-23.787136,662.331407,-143.788997,654.352899,59.961704,0.001291,1,0
12.167000,-62.127994,203345.624223,177.885057,201815.368044,57.903603,202956.097790,96.002910,657.203726,-24.104707,657.719756,-143.794122,661.824513,59.950456,0.018436,1,0
12.200000,-62.049849,202516.396416,177.909917,201994.929827,58.071057,201725.467377,95.820898,657.465137,-24.146906,659.680526,-143.781275,662.680856,59.963002,-0.008259,1,0
12.233000,-62.196383,203551.188936,177.985921,203067.535296,58.116100,202914.272816,95.339492,657.666306,-24.102442,662.798885,-143.792377,665.102862,59.956443,0.003083,1,0
12.267000,-61.833913,202004.619982,177.696780,200753.863868,57.990665,201540.549290,96.164024,654.569052,-24.294838,664.047655,-144.040765,657.964911,59.960166,-0.012828,1,0
12.300000,-62.090904,203606.592502,177.926991,201965.316690,57.839263,201357.499651,95.662704,656.842741,-24.011696,658.416217,-144.008716,662.911595,59.953673,-0.013453,1,0
12.333000,-61.971217,202898.812374,178.039174,202539.301682,58.155740,201131.956992,96.047576,659.637242,-24.022772,658.415885,-143.950105,658.948078,59.964445,-0.003362,1,0
12.367000,-61.945900,201902.258204,178.046919,202122.302850,57.844962,201326.359304,96.011240,660.286184,-24.272640,652.332439,-144.224265,656.212481,59.964626,0.004520,1,0
12.400000,-62.181384,203244.844580,177.867215,203313.142460,57.862511,202905.487110,95.911841,661.188317,-24.129068,656.469397,-143.952402,655.923796,59.959544,0.009137,1,0
12.433000,-62.106051,203844.893656,177.944157,204617.125721,58.034505,201889.477194,95.768348,656.692276,-23.987534,652.624751,-144.056733,664.273327,59.962376,0.001789,1,0
12.467000,-61.932492,202534.463334,177.775088,202089.045560,57.963032,200298.350086,96.295631,663.877035,-24.362443,659.934053,-144.016593,658.366393,59.961157,-0.004661,1,0
12.500000,-62.086273,201801.555606,177.769112,202800.423325,57.926884,202205.727547,95.937778,657.740296,-24.206844,657.632879,-144.133237,653.316367,59.964919,-0.004812,1,0
12.533000,-62.112319,201392.670814,177.880244,203553.479685,57.876509,201376.511382,95.771351,654.698890,-23.977647,652.927875,-144.097482,658.859279,59.960717,-0.001508,1,0
12.567000,-62.131790,203272.855552,177.974743,202425.488852,58.025126,202358.945354,96.079848,650.940179,-24.197508,656.217388,-144.148643,647.278495,59.955578,0.005606,1,0
12.600000,-61.873462,203061.083922,177.836603,202506.397173,57.834473,202900.294437,96.218971,650.913373,-24.078845,656.935446,-144.376322,660.398650,59.957545,0.004139,1,0
12.633000,-62.037972,202196.429643,177.986208,203486.526996,57.889987,202661.152944,96.142310,658.257386,-24.239876,657.754483,-143.843179,652.568786,59.956492,-0.008532,1,0
12.667000,-62.211904,202819.777484,177.803119,203514.440585,57.959200,203552.312866,95.935193,662.029566,-24.010386,657.764963,-143.728065,652.204845,59.955664,-0.007708,1,0
12.700000,-62.230862,201242.155351,177.835990,203169.267806,57.767666,204067.256100,95.889740,658.206542,-24.387572,650.799090,-144.217310,652.776889,59.956787,0.000699,1,0
12.733000,-61.985870,200632.737379,177.945106,201300.361508,57.945359,202810.767809,95.901193,653.303129,-24.069032,645.354891,-143.920472,656.232103,59.963114,-0.011906,1,0
12.767000,-61.900514,202675.111952,178.010940,202936.334853,57.995512,203875.557447,96.150026,654.980920,-23.919014,645.655142,-143.829984,657.040171,59.953843,-0.006401,1,0
12.800000,-62.019986,202086.052087,178.058233,204192.795254,57.867261,202486.149629,95.675987,654.491975,-24.001482,649.385396,-144.284905,653.605138,59.960470,0.000676,1,0
12.833000,-62.020233,202682.828587,178.039150,204128.794049,58.186201,203380.184771,96.056256,655.622321,-23.936441,652.005446,-143.812241,652.292561,59.951764,-0.000873,1,0
12.867000,-62.192024,201403.460632,178.090055,202723.073842,57.947131,203919.988458,95.679262,649.579470,-24.111549,647.695263,-143.759548,649.607349,59.958699,-0.002623,1,0
12.900000,-62.111415,202276.629110,178.042202,200918.483039,57.967082,203431.583810,95.695934,652.094963,-23.521229,649.581972,-144.105654,643.203854,59.947295,-0.000546,1,0
12.933000,-62.066605,200923.666903,177.945907,201794.558673,57.807006,204783.997454,95.626311,654.860390,-24.434980,648.010025,-144.169088,651.184178,59.948867,-0.011669,1,0
12.967000,-61.905288,202961.438196,177.958221,202774.728617,57.981557,202779.223100,95.940926,645.803365,-23.930593,648.042832,-144.317072,650.008603,59.948559,-0.001627,1,0
13.000000,-61.931155,203236.038089,178.125050,201330.899726,58.053129,203884.700577,95.799478,642.415855,-24.054038,645.222288,-143.723009,649.043629,59.953523,-0.003325,1,0
13.033000,-61.975368,201009.241558,177.981779,201253.006263,58.015938,203187.967133,96.013018,651.340627,-24.163105,649.962357,-144.060419,648.080806,59.944424,-0.004711,1,0
13.067000,-61.948190,202748.554249,178.051173,202953.227472,58.014015,203043.051945,96.270365,646.471170,-23.651105,650.535139,-143.854508,641.515189,59.945055,0.001126,1,0
13.100000,-62.024807,202297.738520,177.872225,204167.008960,58.061241,203556.481356,96.085254,650.184513,-23.978701,639.230742,-144.074033,649.966424,59.952652,0.008927,1,0
13.133000,-61.849820,203448.369964,177.929636,201661.748410,57.941123,201922.731835,96.009090,652.854281,-24.193359,648.417906,-144.192177,650.591229,59.948809,-0.001239,1,0
13.167000,-62.056507,203208.940298,177.976306,203211.520471,57.935384,202354.166516,96.087297,654.099376,-24.008272,650.109487,-143.782313,648.899652,59.948388,0.004402,1,0
13.200000,-61.946653,204191.508184,178.044044,201753.280319,57.785978,202704.392500,95.925833,646.730000,-23.899101,649.133610,-143.990301,643.244619,59.954764,-0.010347,1,0
13.233000,-61.975473,203208.911224,177.981640,202844.395039,57.998853,203649.321112,96.111792,644.694511,-24.114113,640.743784,-144.061090,643.018831,59.953343,-0.001481,1,0
13.267000,-61.881921,201850.942912,178.002826,201630.432789,57.737244,202239.947184,95.993064,648.440706,-23.915432,646.367342,-144.039255,648.510439,59.945266,0.003485,1,0
13.300000,-62.182112,203463.252405,177.939091,203238.588574,58.042062,201662.081477,95.697623,649.794048,-24.038881,648.798137,-143.914025,651.169379,59.947735,-0.002539,1,0
13.333000,-62.014527,202736.099683,177.936694,203471.473166,57.763230,203001.103817,96.272525,654.500379,-23.882462,645.796761,-144.320062,653.175431,59.947234,0.001950,1,0
13.367000,-61.854418,202236.024834,177.904558,202589.887613,58.040520,201381.370468,96.002602,650.518326,-24.173908,654.016201,-143.824549,652.239234,59.947828,0.013232,1,0
13.400000,-62.081133,201572.089839,177.972226,202767.742745,58.131116,204021.101646,95.687904,655.787189,-23.698971,646.626059,-143.955420,646.717635,59.943942,0.005890,1,0
13.433000,-62.049405,202660.654650,177.985075,202599.264772,57.884685,202090.134801,96.104003,647.044489,-23.738627,645.035737,-144.218063,644.360386,59.943698,0.005545,1,0
13.467000,-61.938330,203299.043785,178.075101,202652.600560,57.960785,201888.878079,96.318932,653.059661,-24.106720,651.860802,-143.594610,651.757334,59.947832,-0.001636,1,0
13.500000,-62.037662,202595.352786,177.928364,202740.120607,57.943063,202222.187900,96.019339,647.678878,-24.289738,653.766934,-144.131301,648.891925,59.946226,-0.006045,1,0
13.533000,-61.930282,202897.725088,177.934879,203145.125921,57.966428,203615.126658,96.010234,654.137681,-24.051849,642.591810,-144.010613,647.777628,59.946883,0.002432,1,0
13.567000,-62.005642,201814.336013,177.978621,201556.785210,58.062768,201375.996850,95.829392,650.293935,-23.969970,643.120589,-143.847026,646.494741,59.939601,0.006564,1,0
13.600000,-62.087965,202318.921798,177.872180,202558.909581,58.095584,200929.438576,95.679958,652.800751,-24.198751,650.845298,-144.063002,651.543293,59.946227,0.008141,1,0
13.633000,-61.916992,202738.943291,178.036657,201986.525321,57.831758,202653.090095,96.329093,646.576842,-23.813485,653.142050,-144.282225,648.032827,59.944004,0.004877,1,0
13.667000,-62.334340,204725.111549,178.160588,202688.333686,58.134589,202784.140919,95.654997,651.041625,-24.116164,651.414546,-143.978549,647.758424,59.940620,-0.004032,1,0
13.700000,-62.142545,200903.923085,177.988279,201684.485296,57.934523,201404.781131,95.725234,642.951004,-24.140314,651.314388,-144.077792,652.936021,59.941983,-0.002076,1,0
13.733000,-62.034630,201008.373378,177.820865,201368.971795,58.172801,201285.823453,95.954221,651.725684,-24.534807,652.918048,-143.988469,647.313709,59.945444,0.004399,1,0
13.767000,-62.130439,203077.100621,178.011704,204000.988418,58.078973,202431.479356,95.845583,653.512535,-23.814017,654.771815,-144.073426,656.864427,59.943750,-0.000560,1,0
13.800000,-62.136766,202026.642241,177.957889,202551.670746,57.957929,201165.295626,95.965946,647.886156,-24.071149,650.565373,-144.077875,653.055793,59.936895,-0.008747,1,0
13.833000,-61.977009,202599.863784,177.965141,202789.302235,57.952878,202028.385234,95.894276,651.740412,-24.370522,656.952584,-143.995744,655.428222,59.938874,-0.011635,1,0
13.867000,-62.148711,203035.315159,178.099329,201200.312926,57.903293,201750.674242,95.740729,655.085267,-23.823451,655.339608,-144.332447,646.549545,59.932177,0.017274,1,0
13.900000,-61.991649,201875.812657,178.193803,202494.211651,57.945432,202617.756612,95.785556,657.772127,-23.840596,649.403946,-143.865846,650.371263,59.941495,0.003074,1,0
13.933000,-61.996202,202416.627842,177.930505,201809.546825,57.830923,201164.452260,95.832823,650.942109,-24.144667,653.005713,-144.453604,642.321627,59.947541,-0.015733,1,0
13.967000,-62.042587,202883.798349,177.964854,202579.198131,58.016117,202071.771273,95.608825,649.084263,-24.063503,646.472430,-144.198046,647.494500,59.950890,-0.006585,1,0
14.000000,-61.999235,202486.673169,178.026876,200434.960279,58.014802,202307.319619,95.824643,651.248735,-23.683857,652.402784,-143.705463,645.909446,59.947239,-0.008287,1,0
14.033000,-62.021681,203421.949273,178.107152,201756.412068,57.813368,201829.785080,95.799708,649.844242,-23.779932,646.359786,-144.144279,647.016151,59.957536,0.003106,1,0
14.067000,-62.113346,203837.550885,178.030465,202461.693183,57.811194,201873.403476,95.771253,644.691262,-23.924116,648.145928,-144.038708,646.854738,59.947729,-0.000963,1,0
14.100000,-61.977074,200321.306886,177.812916,201645.058423,57.829141,202664.790630,96.125602,649.040176,-24.211382,646.016530,-144.285520,648.667886,59.946141,-0.003074,1,0
14.133000,-61.816314,203181.478055,177.816357,202229.306584,57.880860,204101.046525,96.322389,653.801481,-24.295468,642.886432,-144.146268,651.129449,59.953847,-0.002952,1,0
14.167000,-62.084909,202856.190843,177.914094,202062.161745,58.055884,201636.202381,96.201539,647.682890,-24.453057,647.279100,-143.744308,650.679255,59.944118,0.003047,1,0
14.200000,-62.176860,202359.797560,177.646158,201582.136522,57.891008,202382.173982,95.809344,643.736366,-24.735001,647.996668,-144.036783,649.499102,59.955033,0.001487,1,0
14.233000,-62.026322,204199.583676,177.918463,203055.176847,57.726002,202920.744804,96.035243,648.618650,-24.044516,658.615354,-144.092243,647.931095,59.947926,0.004215,1,0
14.267000,-62.191468,202564.144757,177.947850,203198.702186,57.758145,202137.842908,95.916208,647.103186,-24.093468,654.360931,-144.162092,659.666256,59.946019,0.009824,1,0
14.300000,-62.216958,202723.152839,177.955169,201459.087845,58.059486,204035.313721,95.607540,645.746291,-24.150275,648.265691,-143.930751,647.765179,59.958399,0.008129,1,0
14.333000,-62.098876,203480.572143,177.964147,201209.932495,57.987037,201584.935273,95.872040,653.585353,-24.341879,654.555480,-144.126975,650.810219,59.950578,-0.002513,1,0
14.367000,-61.980458,202443.849636,177.990619,200900.495569,57.976399,201916.346708,95.771762,649.045703,-24.154122,650.238381,-143.962024,643.047529,59.941511,0.003344,1,0
14.400000,-62.266332,202038.599968,178.073619,203665.550812,57.903990,202355.879193,95.729322,648.738947,-24.162245,651.157603,-143.893294,656.535794,59.950718,-0.001734,1,0
14.433000,-61.995121,202491.346929,177.977117,201081.384002,58.074610,203509.137779,96.054929,641.116148,-24.037281,651.286425,-144.225015,648.740932,59.949354,-0.000425,1,0
14.467000,-62.097047,201586.277795,177.934105,203493.649462,57.989872,203149.195319,96.132990,652.142392,-24.032224,651.114218,-143.750529,650.415780,59.943614,-0.002401,1,0
14.500000,-61.894910,202178.133395,177.837763,201297.891141,58.057490,200175.413221,96.199884,654.436907,-24.065130,650.567887,-143.851270,651.605758,59.953637,-0.011947,1,0
14.533000,-61.979054,202659.242963,178.125311,201096.494730,58.127853,202530.739140,96.031626,655.302304,-23.692677,641.787347,-143.984688,643.774228,59.941573,-0.000588,1,0
14.567000,-62.037849,201760.796950,178.007507,202509.706772,57.953216,203072.298603,96.011391,639.196653,-24.054497,644.668497,-144.331267,650.825337,59.952168,-0.007911,1,0
14.600000,-61.795482,202514.067164,178.023445,201404.638169,58.168185,201657.179406,96.356135,646.647376,-23.667360,651.164961,-143.886649,652.536103,59.940949,-0.004722,1,0
14.633000,-61.934883,205266.748034,177.840425,202111.385252,58.032991,203036.606796,95.960954,651.268785,-24.308453,649.433579,-143.797761,645.518248,59.942969,0.003047,1,0
14.667000,-62.032874,202904.384260,177.910181,200745.965105,57.935151,201517.294803,96.156182,646.221794,-24.236662,641.757334,-144.127556,645.215544,59.935929,0.009680,1,0
14.700000,-62.032140,200931.216560,178.032783,200924.264846,58.213880,202954.320151,96.322119,648.630342,-23.847275,649.312842,-143.700279,643.421169,59.941622,0.007273,1,0
14.733000,-61.940590,201979.725992,177.931053,201787.294307,57.936299,203287.137989,96.210535,637.788993,-23.950079,641.493796,-143.828656,642.610911,59.939226,0.000420,1,0
14.767000,-62.098426,202515.369114,177.945128,201437.940737,57.916010,200452.181529,96.123253,651.778293,-24.014037,647.607263,-144.191226,644.550967,59.944107,-0.014344,1,0
14.800000,-62.001711,203122.625117,178.006636,201475.225965,58.000375,201746.587422,96.197021,643.244547,-23.821195,646.818003,-143.820954,648.508441,59.943030,-0.005765,1,0
14.833000,-61.992185,201407.869717,177.963461,202089.929067,58.200538,202891.472015,96.445366,644.043413,-23.756925,644.203923,-143.884339,643.146698,59.948693,0.002176,1,0
14.867000,-61.987922,200914.700983,177.914608,202747.279538,58.002026,202292.861377,95.914436,642.946763,-24.045959,639.102104,-144.202670,649.013973,59.948169,-0.001910,1,0
14.900000,-62.050439,200652.010613,177.890153,200906.191218,58.039318,202004.726574,95.968236,638.482480,-24.040278,648.068193,-143.978059,643.099219,59.944162,0.003175,1,0
14.933000,-62.138069,202762.499112,178.120351,201346.815540,58.038821,201507.749180,95.722734,648.809785,-23.932924,649.805076,-143.824111,643.918426,59.945879,0.000894,1,0
14.967000,-62.129398,201601.002190,178.014187,201511.107194,57.717798,200956.750645,95.783744,649.493829,-24.086716,640.590570,-144.253683,640.751878,59.944970,0.002777,1,0
15.000000,-62.055956,203808.625387,177.954685,200428.483449,57.985400,200067.215436,96.231197,639.553313,-24.156914,642.880289,-143.816004,636.697010,59.947752,0.004593,1,0
15.033000,-61.939189,202361.822188,177.951245,201715.208992,57.806717,202337.754647,95.957342,646.212120,-24.172667,644.954893,-144.305141,643.760920,59.945394,-0.006817,1,0
15.067000,-62.094271,202809.437930,177.722985,201045.292027,57.881608,202357.956748,95.652898,646.580238,-23.820942,643.357981,-143.795764,641.424088,59.953585,0.004787,1,0
15.100000,-62.139616,201337.556921,178.019413,203896.333808,57.930018,201972.421857,95.651877,642.277050,-23.878215,639.363851,-143.854553,639.050145,59.950936,-0.000111,1,0
15.133000,-61.983192,201975.056910,177.852424,200881.227664,57.801486,201302.571263,95.922965,643.397670,-23.999400,643.867954,-144.127916,645.576743,59.949698,-0.010563,1,0
15.167000,-61.890489,201732.279009,177.897911,201425.805067,57.999930,203772.004906,96.277117,654.008774,-24.103407,642.973853,-143.874252,643.781657,59.954993,0.005910,1,0
15.200000,-62.082129,204012.717301,177.827388,201844.936914,57.866239,201196.952893,95.948554,645.376359,-24.402580,644.119237,-143.994657,648.917584,59.940236,-0.004639,1,0
15.233000,-62.167083,202546.313930,177.682477,202118.053553,57.863345,200509.578198,95.861466,647.081198,-24.277732,645.012326,-144.056879,649.708970,59.946543,0.012832,1,0
15.267000,-62.354921,202413.651668,177.627110,200947.458810,58.003032,201517.183825,95.755223,652.839718,-24.546962,645.701973,-144.169468,648.890434,59.945205,-0.006632,1,0
15.300000,-62.014000,202310.772139,177.754272,200465.915729,57.986259,202705.838847,95.919016,640.423383,-24.280117,648.034385,-144.290670,650.844831,59.951181,0.007128,1,0
15.333000,-62.104354,202551.353487,177.974937,200314.549364,57.832718,201918.253329,95.679619,650.180237,-24.234342,645.406022,-143.797884,652.048321,59.947206,0.001640,1,0
15.367000,-62.120090,201825.485869,178.052691,203262.140170,57.592506,203197.293641,95.901310,641.009373,-23.981448,644.282793,-144.542815,646.609187,59.944388,-0.003193,1,0
15.400000,-62.000194,201900.896858,177.951128,201723.855104,57.725377,201351.043733,96.020652,645.127351,-24.330116,649.357297,-144.300507,645.507347,59.949717,-0.001809,1,0
15.433000,-62.244180,201873.403015,177.818718,200379.488516,57.857548,202664.421744,95.914065,642.501746,-24.351506,639.153883,-144.309102,638.501251,59.955614,0.002038,1,0
15.467000,-62.086162,200977.375492,177.479819,201450.384389,57.905223,202310.463720,96.107354,641.250183,-24.594404,641.620790,-144.498773,641.213696,59.948920,-0.005805,1,0
15.500000,-62.231151,203340.979268,177.811093,201010.633155,57.653467,201665.921139,95.696071,636.018784,-24.249632,643.136277,-143.974756,646.605890,59.952719,-0.011318,1,0
15.533000,-62.128095,201286.773614,177.954913,201464.204803,57.798091,201639.533297,95.671159,641.986553,-24.142762,648.130854,-144.205430,644.373707,59.942112,0.007771,1,0
15.567000,-62.262967,201704.001082,177.858739,201581.778841,57.942783,202695.887799,95.604132,640.066625,-24.025857,640.360605,-144.358607,647.422844,59.954520,-0.014201,1,0
15.600000,-62.155932,201413.326917,177.989851,202029.370024,57.871547,202478.608379,96.139323,642.245799,-24.227020,636.453291,-144.051349,649.740705,59.944362,0.004159,1,0
15.633000,-62.153929,201698.712330,177.863618,201822.101438,57.853409,203418.484798,95.937653,637.203250,-24.004208,641.444666,-144.167316,641.326906,59.943851,-0.000900,1,0
15.667000,-62.034679,202692.784377,177.854300,201358.682565,58.035686,202557.036121,96.197283,639.467010,-24.013888,648.508470,-143.776036,646.331485,59.946528,-0.005571,1,0
15.700000,-61.970827,200373.526567,177.909924,200813.742031,58.068718,202042.213458,96.118282,641.189910,-24.041838,644.980700,-144.036943,642.830992,59.941416,0.007704,1,0
15.733000,-61.952939,203289.969437,178.039532,202734.335740,57.785313,201313.358625,95.901323,644.003193,-23.710041,647.107862,-144.113066,639.420985,59.949390,-0.003828,1,0
15.767000,-62.132310,203655.373225,178.069978,202727.251799,58.060235,203907.964461,96.075542,644.572916,-23.764996,644.706280,-144.136241,645.509536,59.953834,-0.007460,1,0
15.800000,-61.891251,202874.457800,177.964383,201234.878767,57.894830,201295.999465,96.126657,642.991204,-24.095839,648.031878,-144.706981,644.613440,59.945054,0.002361,1,0
15.833000,-61.906225,202675.568184,178.100597,202952.582017,57.922029,202847.242430,96.418349,642.726090,-23.989304,642.957644,-144.019038,645.375220,59.958212,0.005848,1,0
15.867000,-62.058892,201483.471661,178.123452,201146.289383,57.941490,201668.353592,96.059224,641.326033,-24.095315,645.966026,-144.395452,648.399388,59.953201,0.003182,1,0
15.900000,-62.108670,202800.723731,178.146237,202993.827347,58.006036,202354.251543,95.929679,637.544136,-23.663992,638.839645,-144.255476,641.174463,59.947887,0.016275,1,0
15.933000,-61.965784,202174.575754,178.027935,201865.621169,57.997551,200810.644588,96.265475,637.067574,-24.027586,647.488272,-144.021149,653.760723,59.951881,0.010348,1,0
15.967000,-62.082058,202443.451636,177.913818,200915.439705,57.952652,199957.590451,95.836107,647.060574,-23.950963,639.125979,-144.099082,643.052068,59.943714,-0.001194,1,0
16.000000,-62.189781,203818.598476,178.143480,202105.483260,58.075261,202756.298125,95.541952,650.046065,-23.844503,639.174129,-144.020615,638.306667,59.947400,-0.002142,1,0
16.033000,-62.067479,203424.075076,177.752872,202849.429537,57.861655,202054.768553,96.119700,643.988526,-24.290133,643.667957,-143.924971,639.340763,59.945707,-0.001430,1,0
16.067000,-62.130352,203374.269684,177.861559,202420.547695,57.867162,200892.689046,96.171915,647.252364,-24.324397,643.354662,-144.519192,644.002809,59.938339,0.015300,1,0
16.100000,-61.967236,201045.288183,177.799692,202335.299536,57.996793,202731.316623,96.055330,631.935253,-24.330125,649.386946,-144.029273,643.782394,59.945910,0.013015,1,0
16.133000,-62.089941,202284.245892,177.930674,202064.014212,57.934683,203973.844988,95.768500,645.975064,-24.100018,642.344111,-143.982976,645.628197,59.950114,-0.005426,1,0
16.167000,-62.049500,202617.234737,177.935823,202004.787611,58.068154,200657.005194,95.890930,639.859820,-23.966088,643.460774,-144.040495,650.256571,59.951603,-0.005253,1,0
16.200000,-62.086082,201938.666308,177.955765,201596.298025,57.822054,200480.220462,95.919761,639.650237,-24.566619,640.138163,-144.267397,638.776235,59.953756,0.004983,1,0
16.233000,-61.911230,202722.812955,177.950425,203388.474836,58.078084,203938.060903,96.111771,641.158603,-23.701776,640.655535,-143.681201,636.532998,59.950520,-0.009166,1,0
16.267000,-61.920695,203401.458474,177.858825,202329.304679,57.951526,202897.131314,95.819613,637.746426,-24.192014,637.330364,-144.102622,635.777750,59.940759,-0.013808,1,0
16.300000,-62.100071,200811.175792,177.851173,201579.449990,57.604908,202494.738814,95.874099,638.676859,-24.215976,637.350917,-144.434549,645.871917,59.941459,0.008093,1,0
16.333000,-62.092037,202368.292510,177.974875,201441.650915,58.026440,201191.818891,96.056715,637.222604,-24.075760,635.561710,-143.995802,644.375835,59.945042,-0.006041,1,0
16.367000,-62.115923,202485.497126,177.911692,202168.166939,58.001120,201243.054634,95.983325,632.995299,-24.098850,639.028262,-143.978423,636.551427,59.945134,-0.004402,1,0
16.400000,-62.146253,202031.560671,177.877400,202851.685659,57.874536,201410.188955,95.739209,640.603124,-24.181083,635.172382,-144.080163,647.673092,59.945301,0.013098,1,0
16.433000,-62.036121,201344.284891,177.964485,202009.079473,58.125314,202010.854091,95.891101,646.881738,-23.901674,636.507246,-143.744833,635.466557,59.939885,-0.011360,1,0
16.467000,-61.997180,203539.547813,177.972466,199779.006042,57.931435,201361.195733,95.801489,638.246783,-23.999056,637.307950,-144.109661,639.237852,59.951273,-0.003034,1,0
16.500000,-61.979556,203171.930755,178.078760,202606.246450,57.730009,202127.757038,95.969258,637.008344,-23.796982,640.263886,-144.343709,639.050605,59.941965,-0.014612,1,0
16.533000,-61.882704,202648.627577,178.084478,203105.846598,57.974950,201370.548609,95.901795,646.494309,-23.740417,641.502539,-144.037152,638.307159,59.932749,0.000481,1,0
16.567000,-61.953745,201663.197357,178.040015,202998.027887,58.057605,201657.782697,96.289696,639.579060,-24.104763,641.084818,-143.929051,636.410898,59.945488,-0.000684,1,0
16.600000,-61.969414,202948.604368,177.904533,202629.133424,57.976903,200619.263382,95.852567,641.364726,-23.957633,636.285540,-143.940643,638.442176,59.937755,-0.004287,1,0
16.633000,-62.076326,200283.533792,178.081690,201939.618139,57.997274,202475.878774,96.230283,639.393761,-23.901743,631.161707,-144.040856,633.260392,59.953785,-0.007271,1,0
16.667000,-61.887642,202464.583539,178.065352,200107.449760,58.028528,200936.481267,96.015765,637.770396,-24.404366,638.694370,-144.054523,631.372317,59.944751,-0.007232,1,0
16.700000,-62.023491,201557.838653,177.948795,201528.391767,58.195260,202140.225837,95.987952,635.404469,-24.195417,639.889035,-143.470096,638.688127,59.954869,0.002665,1,0
16.733000,-61.928452,202434.291079,177.950242,200620.967596,57.998100,202654.582068,96.251391,635.850200,-24.166582,640.444603,-143.706787,633.669077,59.949053,0.002846,1,0
16.767000,-61.897744,205223.621123,177.879080,202613.144090,58.047034,201647.056702,96.141839,639.340776,-24.365552,640.894992,-144.049843,632.627671,59.944699,0.000960,1,0
16.800000,-61.708395,202377.063145,178.098711,201911.345399,58.303776,203222.845174,96.253213,638.103895,-23.912437,632.563244,-143.683538,636.172079,59.943627,0.003703,1,0
16.833000,-62.138497,202031.604517,178.222081,200853.920941,58.102614,201823.733022,95.537765,635.164000,-23.462661,635.628761,-143.932566,642.495980,59.946389,0.009820,1,0
16.867000,-61.918214,201756.364567,177.985445,200661.312879,58.095299,202536.734862,95.944722,631.446021,-24.148524,641.327356,-143.533847,634.583733,59.948018,0.015803,1,0
16.900000,-61.747887,201769.343136,178.179660,200670.578667,58.172003,200912.968958,96.155031,634.830429,-23.433673,632.450168,-143.778070,630.837234,59.948427,-0.003956,1,0
16.933000,-61.773841,201504.050854,178.232008,203114.073791,58.179187,201312.446031,96.462373,636.197740,-23.410872,632.655465,-143.951551,632.019849,59.954386,-0.010939,1,0
16.967000,-61.895072,204023.947120,178.003011,201581.724402,58.153995,200840.053823,96.098522,634.235525,-24.081737,630.854423,-143.959823,636.856146,59.950700,0.000107,1,0
17.000000,-61.816704,202880.121577,178.245454,201046.459591,58.185114,203560.871261,95.891712,633.073409,-23.635886,636.406921,-143.674299,630.815340,59.947156,-0.003035,1,0
17.033000,-61.842732,201605.085330,177.916111,200640.869217,58.060965,202074.637625,96.051179,630.572303,-24.425950,625.709764,-143.868866,633.813650,59.943594,-0.009734,1,0
17.067000,-61.941439,202708.059826,177.923575,200655.473526,58.048121,201944.281383,96.081686,633.392687,-23.943992,635.485765,-143.622389,629.061230,59.952219,0.004113,1,0
17.100000,-62.129548,200567.359390,178.067740,201807.475809,58.056888,201786.982757,95.790953,627.841246,-23.635924,633.798065,-143.790198,644.319700,59.943588,0.004531,1,0
17.133000,-61.974799,201257.677279,178.017241,203083.406892,57.815849,202385.605099,96.029236,630.298250,-23.948620,630.210962,-144.135784,634.675326,59.943035,-0.004899,1,0
17.167000,-61.840644,202655.066452,178.226673,201795.937071,57.815926,202087.160164,96.238321,628.222933,-23.618927,629.808702,-144.212606,627.735702,59.940157,-0.003931,1,0
17.200000,-62.031426,201854.180542,178.017779,200650.267660,58.043887,201495.722458,95.841060,630.336343,-23.947857,629.258079,-144.065968,631.438082,59.937736,-0.008244,1,0
17.233000,-61.902223,202316.791660,178.143188,201255.041795,58.213404,201686.978021,96.066028,629.727324,-23.976430,626.172744,-143.696060,633.279799,59.946039,-0.006981,1,0
17.267000,-61.890993,201215.386406,178.015481,202812.176321,57.899199,201325.825600,95.949724,631.223441,-23.933322,633.556904,-144.105094,629.610242,59.948615,0.014699,1,0
17.300000,-61.901544,202332.878521,178.020704,200479.026412,58.023534,200151.985118,95.819073,635.960226,-24.015084,631.799013,-143.865876,631.387312,59.956212,-0.001353,1,0
17.333000,-61.922416,201475.675211,177.910544,200644.962050,58.124085,202524.983076,96.211103,628.195124,-23.801350,638.297921,-143.973294,636.073094,59.950892,0.004136,1,0
17.367000,-62.029315,203117.173439,177.738057,202578.742595,58.108545,202572.627695,96.138373,636.361394,-24.422774,641.209079,-144.089938,639.753440,59.950827,-0.005935,1,0
17.400000,-62.074380,201908.265702,177.952699,202068.949992,58.066670,201963.272810,95.988672,631.447878,-24.051322,631.905965,-143.628702,639.080627,59.950277,-0.011824,1,0
17.433000,-61.961838,202669.092006,177.862467,201612.945759,57.939607,199740.137117,96.303053,631.575012,-24.179734,637.509610,-144.241815,628.386027,59.939395,-0.003419,1,0
17.467000,-61.872324,202086.869944,178.233098,201804.303572,58.115815,201515.955102,95.987048,635.283669,-23.736881,627.212032,-144.029022,629.719149,59.948226,-0.004434,1,0
17.500000,-62.115254,202190.607447,178.203060,201051.636098,58.088226,202343.779635,95.565329,632.890227,-23.695450,635.571415,-143.688684,626.256453,59.946778,0.009899,1,0
17.533000,-61.875457,201426.975413,178.023406,202490.340540,58.095140,202104.371290,96.245995,633.933638,-24.148538,637.440351,-143.916964,632.960057,59.941848,-0.002889,1,0
17.567000,-61.859241,202935.698829,178.168662,202457.722389,58.061571,201570.986267,96.091781,631.725589,-23.705058,631.727105,-143.800218,637.440197,59.947986,0.000434,1,0
17.600000,-61.860640,200142.741059,177.967458,202391.371455,57.954273,201094.980382,96.196001,629.879965,-23.854542,633.891472,-144.030598,634.555892,59.941935,-0.005155,1,0
17.633000,-61.786161,202377.201790,178.094929,201553.562053,58.024162,201490.574407,96.247646,639.196161,-23.848520,634.925854,-143.808779,632.908425,59.945666,0.004472,1,0
17.667000,-62.111702,202071.852368,177.924891,200914.992576,57.843254,201350.238195,96.033983,640.417096,-23.838224,628.483807,-144.062752,630.264285,59.938803,-0.011728,1,0
17.700000,-62.103119,201628.603377,178.126230,201512.150314,58.089059,202682.034370,96.051070,631.443669,-24.094650,637.939348,-143.598629,636.605840,59.938005,0.011532,1,0
17.733000,-62.075617,202563.634798,178.023414,203258.644555,57.869608,203228.900099,96.032364,633.014197,-23.690014,631.262056,-144.260686,626.444300,59.942504,-0.003616,1,0
17.767000,-61.911887,203373.340979,177.973892,203701.751943,58.013447,202790.993665,96.169067,633.337264,-24.013428,633.724085,-143.995934,631.552697,59.939097,0.002025,1,0
17.800000,-62.230286,203243.052208,178.075801,202355.999648,57.930862,202205.380673,95.627907,639.303148,-23.889743,634.636967,-144.048621,636.534850,59.938284,-0.006801,1,0
17.833000,-62.081919,202213.180731,177.912586,204564.831431,57.729101,202694.890743,95.672364,633.329086,-23.927068,629.846521,-143.989914,634.133245,59.937212,0.012431,1,0
17.867000,-62.176819,202417.453314,177.817641,203553.073597,57.967430,202367.975003,95.781130,632.133220,-24.017248,636.718152,-144.098155,635.342053,59.935199,-0.005181,1,0
17.900000,-62.144172,204322.960253,177.828596,202024.430223,58.037468,202126.542777,95.985468,628.456172,-24.169927,630.565212,-143.873303,636.983426,59.941743,-0.000931,1,0
17.933000,-62.037201,202578.226049,177.989196,201095.356429,57.926244,202589.469023,95.902072,633.242523,-23.837439,638.562751,-144.242936,631.936053,59.938742,-0.003233,1,0
17.967000,-62.179615,204088.322340,177.983037,203751.607935,57.787984,203272.210151,96.020384,641.185641,-23.963933,637.138876,-143.884720,634.027738,59.940758,-0.007392,1,0
18.000000,-62.059910,203649.516173,178.155311,203709.412923,58.089560,201684.362707,95.818655,633.630500,-23.826981,636.546662,-144.075015,635.504417,59.940947,-0.000617,1,0
18.033000,-62.188807,202418.593948,178.018645,204061.898934,57.884709,202793.882746,95.456627,641.340481,-24.250548,631.280886,-144.021175,633.108351,59.943188,-0.020336,1,0
18.067000,-62.004896,201938.754329,177.935354,203678.889946,58.047222,203031.214504,95.725683,637.004584,-23.750423,627.327950,-143.819502,634.896609,59.942180,0.002851,1,0
18.100000,-62.141334,203752.054167,177.935129,201953.048037,57.817197,202656.844740,95.876606,634.343649,-23.870414,630.948188,-144.115367,638.474323,59.943042,0.003013,1,0
18.133000,-62.130426,203806.455087,177.800484,201816.345795,57.854676,204213.321412,95.851944,633.925485,-24.329288,634.835941,-144.055206,640.412697,59.938546,0.018911,1,0
18.167000,-62.147133,202462.239847,177.993231,203563.459927,58.028180,203186.766769,95.826649,641.681821,-23.769763,631.113962,-144.195681,638.634869,59.948190,-0.003424,1,0
18.200000,-62.134227,202181.516187,178.091542,202739.119291,57.986069,202930.219575,96.106283,632.520936,-23.891425,638.927694,-143.728115,634.958357,59.952618,-0.000762,1,0
18.233000,-62.063849,203321.799354,177.915792,202333.964395,58.000457,204370.380737,96.057975,638.014337,-24.057444,636.102485,-143.906009,634.748903,59.945261,-0.007541,1,0
18.267000,-61.992320,202744.245220,177.915325,204028.955861,57.857090,203544.885301,95.980294,634.454399,-24.336206,634.334291,-144.301626,637.628764,59.947315,0.013939,1,0
18.300000,-62.237997,201923.794413,177.839047,201910.912168,57.717582,204474.782485,95.624492,636.965493,-23.805484,635.936189,-143.897200,641.918368,59.949852,0.001422,1,0
18.333000,-62.110411,202796.751798,177.932559,202208.795056,57.696650,203518.024586,95.866352,637.161227,-23.874397,642.831940,-144.446420,639.335523,59.948200,-0.006616,1,0
18.367000,-62.061290,203448.687669,177.721794,202606.735544,58.011208,204380.124537,95.826003,638.179453,-24.171003,640.440495,-143.890514,646.338511,59.954792,-0.008087,1,0
18.400000,-62.331006,202817.741469,177.887497,202925.846668,57.724234,202450.615116,95.438401,637.863472,-24.354237,635.774453,-144.004602,646.053486,59.951759,0.009731,1,0
18.433000,-62.092524,202342.042412,177.783087,203484.791654,58.026569,202359.650379,95.883762,643.424605,-24.047176,640.365774,-144.226050,641.556611,59.943059,-0.002651,1,0
18.467000,-62.285634,203416.365753,177.773570,203110.368088,57.804455,203437.927335,95.689820,639.976787,-24.189880,638.820922,-144.221527,638.751108,59.951424,0.004116,1,0
18.500000,-62.167240,202758.837672,177.805350,202321.672341,57.657265,202714.522430,95.935898,639.763556,-24.388966,640.120861,-144.295211,637.769577,59.942683,-0.006053,1,0
18.533000,-62.116734,203188.840236,177.890720,202556.510870,57.957085,202906.007615,96.165190,638.164905,-24.126284,629.835508,-143.832345,635.301280,59.948003,-0.001413,1,0
18.567000,-62.110291,201607.383907,177.656165,202153.094300,58.071695,203132.106848,95.983969,635.460372,-24.356337,634.900059,-143.595537,639.080547,59.951848,0.000817,1,0
18.600000,-62.173475,203053.615409,177.908970,202844.475045,57.938372,201965.478263,95.859655,630.199290,-23.944186,628.717674,-144.093914,640.978219,59.952482,0.005250,1,0
18.633000,-62.232498,204259.573972,177.910334,201806.133720,57.729707,201405.878871,95.559689,635.010742,-23.826755,635.475564,-144.247835,636.125187,59.947700,0.002666,1,0
18.667000,-62.025358,204446.600108,177.869406,201610.847929,57.994638,203518.413325,96.121578,630.821566,-23.947211,637.217929,-143.925227,632.773128,59.957475,-0.009639,1,0
18.700000,-62.177190,203015.202739,177.832022,202884.827428,57.826356,202114.269024,95.592551,633.764504,-23.962034,630.498132,-144.003458,633.875157,59.953952,-0.014829,1,0
18.733000,-62.189604,202862.720128,177.857939,204919.807671,57.968476,202061.191151,95.594329,627.982792,-24.271339,627.511367,-144.136039,634.907556,59.950196,0.004290,1,0
18.767000,-62.240703,203139.889603,177.885266,204077.022892,57.975166,201663.530571,95.568452,633.683043,-23.914593,633.186234,-144.241112,635.325728,59.953646,0.008633,1,0
18.800000,-61.881974,201851.594884,177.687437,202728.358437,57.913559,203686.715509,96.159867,628.059986,-24.507001,632.057501,-143.945303,628.969393,59.950527,0.009309,1,0
18.833000,-61.940242,202625.033139,177.742221,202997.901064,57.833744,202542.159495,95.994983,632.033225,-24.462699,629.889041,-143.890300,630.864962,59.955002,0.008074,1,0
18.867000,-62.136887,203261.680391,177.809243,203540.329742,57.825333,201644.162735,96.016407,629.506508,-24.214542,632.632182,-143.850466,626.684468,59.940206,0.000963,1,0
18.900000,-62.462391,202721.191121,177.802681,203420.457713,57.712921,203956.763734,95.580449,639.160886,-24.130455,636.090955,-144.361995,633.026075,59.948281,-0.001251,1,0
18.933000,-62.381542,203823.862755,177.808686,202098.572238,57.777519,202158.746338,95.436762,639.960014,-24.027229,633.371651,-144.472046,632.500245,59.948899,-0.000448,1,0
18.967000,-62.424191,200390.998193,177.832683,201556.024134,57.769932,201197.771878,95.497848,635.668909,-24.243631,638.247168,-144.333866,629.656811,59.953667,-0.006388,1,0
19.000000,-62.375301,202471.613640,177.697003,202199.636315,57.706115,202943.817975,95.594255,641.579421,-24.457399,649.792237,-144.206776,639.076870,59.957048,-0.004732,1,0
19.033000,-62.226535,203685.566122,177.724408,203206.101605,57.745153,202612.107841,95.375484,638.997840,-24.171799,635.863538,-143.949879,632.698762,59.953835,-0.010048,1,0
19.067000,-62.265431,203545.213776,177.798183,203337.751364,57.441065,202970.682104,95.863897,637.001457,-24.373901,639.496836,-144.196542,631.550167,59.951928,0.005550,1,0
19.100000,-62.153392,203730.686223,177.795123,203253.779592,57.575228,203228.797559,95.881751,636.207258,-23.966321,637.197434,-144.221723,638.839126,59.953706,0.006944,1,0
19.133000,-62.107646,202766.960940,177.493492,203249.408408,57.738452,202706.183859,96.090444,639.334938,-24.615593,627.468232,-144.043224,636.331600,59.951914,0.002063,1,0
19.167000,-62.349317,204534.240709,177.796293,204035.945651,57.470773,202754.718774,96.114419,640.217671,-24.257334,638.196983,-144.576102,635.569675,59.946665,0.003439,1,0
19.200000,-62.429886,204269.910273,177.637380,203322.818414,57.449013,202598.008944,95.458824,632.416629,-24.312880,636.008418,-144.689787,635.734787,59.950679,-0.001371,1,0
19.233000,-62.356580,204341.407480,177.673380,202977.451320,57.734223,203422.550140,95.524125,634.514339,-24.017968,634.562607,-144.179066,634.557526,59.957015,-0.003643,1,0
19.267000,-62.264424,204011.883317,177.685968,203427.497230,57.486472,203991.166823,95.764138,634.985388,-23.886848,642.585817,-144.521793,636.353869,59.950137,0.000837,1,0
19.300000,-62.225500,202606.829054,177.660307,201403.247326,57.562560,200892.719834,95.577131,633.550221,-24.480862,631.180575,-144.440380,637.034285,59.948189,-0.015987,1,0
19.333000,-62.044669,202823.225896,177.705405,203745.863599,57.623838,202815.202282,95.944019,634.233278,-24.328248,628.800609,-144.050522,631.572297,59.944029,-0.006363,1,0
19.367000,-62.454392,203249.238909,177.829341,202145.701243,57.626877,203723.977184,95.393954,633.203944,-24.057608,633.772928,-144.319863,628.963617,59.948607,0.007884,1,0
19.400000,-62.354191,202788.011952,177.635080,204312.142944,57.745822,203784.674803,95.749552,633.509275,-24.130678,636.281061,-144.238439,636.033169,59.942242,0.005525,1,0
19.433000,-62.318892,202073.024630,177.764063,201075.326506,57.598681,201993.774332,95.895763,637.637553,-23.966031,632.783238,-144.420286,636.703095,59.949470,0.003263,1,0
19.467000,-62.342106,203753.708376,177.687420,203417.294401,57.630369,203200.865631,95.519536,633.155774,-24.307985,641.672219,-144.136914,633.846231,59.952767,0.000861,1,0
19.500000,-62.393610,204079.068144,177.606895,201484.141656,57.537926,203872.994631,95.665766,631.039520,-24.459451,632.429328,-144.349011,628.402295,59.953648,-0.005231,1,0
19.533000,-62.141372,204667.528685,177.605089,204568.427566,57.734895,205046.045092,95.867274,633.869871,-24.594240,628.410652,-144.212838,631.867351,59.944336,0.001952,1,0
19.567000,-62.398897,202217.669181,177.577522,202287.508030,57.612904,203936.017585,95.489180,643.832282,-24.494109,633.138832,-144.084252,634.052838,59.948962,0.002620,1,0
19.600000,-62.414062,202151.483842,177.666812,203689.973254,57.533568,204054.975416,95.464320,635.065991,-24.365637,636.006780,-144.633426,627.365082,59.949210,0.003986,1,0
19.633000,-62.315581,203811.131626,177.710342,205010.605230,57.702132,200677.835272,95.678790,632.382449,-24.175401,631.592332,-144.270278,628.871115,59.945495,-0.008180,1,0
19.667000,-62.334288,201961.033091,177.750450,202380.934425,57.855494,203169.344036,95.622404,633.821819,-24.356504,637.147582,-143.972781,638.729690,59.945899,-0.002924,1,0
19.700000,-62.476703,204037.260756,177.466282,202587.061643,57.548158,203217.921150,95.543989,634.489279,-24.134955,641.516159,-144.520497,636.016513,59.957883,-0.006394,1,0
19.733000,-62.600490,203246.389790,177.657290,202186.048449,57.543118,201925.056073,95.211316,644.468567,-24.447422,636.752835,-144.851770,637.754209,59.947882,0.000567,1,0
19.767000,-62.331204,203029.989893,177.659043,204075.955192,57.808122,202952.973313,95.599210,640.589751,-24.485004,640.750063,-144.215717,646.077261,59.947888,-0.001761,1,0
19.800000,-62.475603,203096.902862,177.555351,202541.859727,57.599684,203949.656265,95.724285,641.132365,-24.411720,635.049607,-144.629269,638.446789,59.949992,0.000698,1,0
19.833000,-62.380721,202796.318675,177.645743,202716.409142,57.590449,203509.028944,95.788339,641.064398,-24.249802,637.301578,-144.572882,642.960945,59.953264,0.004522,1,0
19.867000,-62.302964,203342.579581,177.726124,201763.447540,57.455925,203168.402162,95.783475,642.802628,-24.310300,638.970328,-144.318560,634.412427,59.955220,-0.005780,1,0
19.900000,-62.268593,203306.538783,177.751036,202794.490711,57.648574,203467.614360,95.748118,634.256067,-24.130101,643.362232,-144.292478,636.414972,59.954971,0.004106,1,0
19.933000,-62.413518,202883.883079,177.630220,200565.775968,57.462430,204534.926267,95.778387,642.699675,-24.687235,642.843844,-144.761181,645.056668,59.957414,-0.008788,1,0
19.967000,-62.255349,203804.047450,177.829382,202911.887066,57.571967,202123.145828,95.320736,642.276883,-24.138847,647.153478,-144.236440,644.625939,59.958989,0.003388,1,0
20.000000,-62.235624,202666.066428,177.614269,200981.907276,57.626833,202552.226300,95.662856,641.522834,-24.612202,646.156352,-144.358073,640.027462,59.952955,0.001970,1,0
20.033000,-62.321218,202896.671580,177.465432,201310.158741,57.462611,202660.531958,95.572246,642.996244,-24.515988,648.415322,-144.322065,652.033344,59.953014,0.005212,1,0
20.067000,-62.344142,204505.906945,177.747745,204063.157831,57.629181,203239.910755,95.796759,639.445785,-24.355465,640.972107,-144.197711,641.524372,59.949315,0.001980,1,0
20.100000,-62.343710,201264.545939,177.628946,202307.738739,57.519226,201889.200951,95.653208,647.299305,-24.476409,642.044752,-144.768874,645.512300,59.959341,0.000841,1,0
20.133000,-62.347672,204177.285144,177.516100,202522.012450,57.671378,202312.407213,95.630190,641.351978,-24.518289,634.987797,-144.492212,634.701258,59.962368,-0.011306,1,0
20.167000,-62.563115,203774.841845,177.500581,203682.623345,57.563606,202501.137768,95.320742,644.938046,-24.381660,635.261609,-144.380221,646.852517,59.961438,-0.000075,1,0
20.200000,-62.451486,204495.597471,177.489079,202659.815305,57.690079,203700.654566,95.571772,636.703301,-24.538007,639.369489,-144.391934,638.921100,59.955949,-0.001914,1,0
20.233000,-62.328561,202629.893663,177.598337,202129.327405,57.727834,203637.315099,95.644531,640.330172,-24.292135,637.905535,-144.384946,637.661590,59.960197,-0.000891,1,0
20.267000,-62.359050,203083.254925,177.703872,202633.200784,57.431920,202941.377518,95.787156,635.075470,-24.460295,641.784055,-144.415949,643.359242,59.958287,-0.005047,1,0
20.300000,-62.460695,203929.749635,177.753288,204230.232485,57.508948,204263.691446,95.681889,640.801742,-24.048328,640.276983,-144.701351,638.613353,59.963239,0.003642,1,0
20.333000,-62.425822,202927.653651,177.603003,203518.642138,57.656418,203937.243131,95.542748,640.440704,-24.356236,638.405867,-144.446982,645.871914,59.957227,-0.003862,1,0
20.367000,-62.523797,202822.499117,177.627028,201852.655585,57.513307,203441.541131,94.856724,639.139792,-24.294775,640.135580,-144.501864,641.447739,59.959605,0.005862,1,0
20.400000,-62.341197,205127.242897,177.701017,202425.235994,57.642354,203412.912031,95.691246,639.641477,-24.574864,648.145213,-144.277449,651.608380,59.965395,-0.001452,1,0
20.433000,-62.337945,203954.245702,177.538313,205153.356629,57.667308,203120.872170,95.958677,638.205847,-24.855898,644.048123,-144.316313,646.034555,59.959995,0.006848,1,0
20.467000,-62.495201,203505.104519,177.450632,203366.159531,57.445382,205042.922550,95.367929,644.399146,-24.369791,643.035705,-144.483676,642.442173,59.968601,0.001139,1,0
20.500000,-62.360529,204191.873265,177.674679,203726.163205,57.563338,202900.654426,95.521670,653.381937,-24.621343,646.657097,-144.427872,639.060593,59.967477,-0.004525,1,0
20.533000,-62.315992,204750.785511,177.671004,201281.388344,57.601276,202516.355955,95.729477,640.713678,-24.089672,643.848172,-144.339077,644.642585,59.963806,0.002695,1,0
20.567000,-62.244362,203870.524726,177.632670,203569.803998,57.756538,203165.120583,95.787377,646.943514,-24.157011,648.479222,-143.754790,650.172574,59.964816,-0.000085,1,0
20.600000,-62.500758,205150.085293,177.748929,204552.727899,57.521357,202118.394710,95.699283,647.042416,-23.989306,647.284297,-144.557312,644.649658,59.971164,-0.006789,1,0
20.633000,-62.510817,203847.933018,177.495669,202395.586387,57.607329,203725.232202,95.230029,642.954736,-24.824434,646.966350,-144.249773,643.831718,59.970285,-0.002110,1,0
20.667000,-62.378729,205252.008277,177.862468,203668.151169,57.677700,202894.257020,95.523271,634.986490,-24.198021,640.571807,-144.531384,639.617269,59.967813,0.003607,1,0
20.700000,-62.416345,203205.865927,177.503794,205608.056640,57.620856,202661.459715,95.710350,646.857782,-24.325569,649.149377,-144.133021,645.754581,59.966593,0.001579,1,0
20.733000,-62.193574,203172.277179,177.526235,202362.480363,57.438740,202612.458536,95.661573,650.010886,-24.321858,644.499567,-144.529520,647.891833,59.962712,0.009270,1,0
20.767000,-62.504042,205985.838725,177.331769,203040.855201,57.486883,204787.085010,95.486632,653.188266,-24.849197,646.238889,-144.585482,642.984637,59.953560,-0.007938,1,0
20.800000,-62.565778,202549.203389,177.541100,204334.296939,57.553594,203094.258070,95.307392,646.768786,-24.536875,646.027667,-144.476077,643.608464,59.952763,0.001311,1,0
20.833000,-62.498267,204138.820932,177.615750,202754.297228,57.549492,204540.410848,95.192855,647.416440,-24.306874,645.255103,-144.297521,652.359695,59.955877,0.002272,1,0
20.867000,-62.506504,202213.872366,177.633755,203207.047905,57.534803,202429.223125,95.431510,650.967493,-24.317518,647.638154,-144.910772,648.078400,59.961312,0.002002,1,0
20.900000,-62.540997,203441.134437,177.569611,204109.457378,57.651260,202284.343021,95.430102,652.422458,-24.546735,656.317310,-144.418571,647.095298,59.961777,-0.001346,1,0
20.933000,-62.262263,203422.125641,177.395786,202285.634219,57.505950,202646.069726,95.886935,652.103417,-24.765827,653.634113,-144.311404,652.395228,59.956649,0.008898,1,0
20.967000,-62.398167,202277.118054,177.584571,203228.964691,57.325111,203491.615212,95.744553,653.038237,-24.245677,648.773338,-144.509762,653.402498,59.958468,-0.001763,1,0
21.000000,-62.575777,202345.712412,177.595535,203623.172614,57.636624,202081.271269,95.371448,646.462366,-24.563937,651.597944,-144.358680,646.028645,59.951178,-0.016800,1,0
21.033000,-62.373704,203688.006168,177.566316,204585.646264,57.570900,202563.790642,95.787607,643.368343,-24.426310,649.179356,-144.567506,646.642815,59.958961,-0.003356,1,0
21.067000,-62.408136,202504.202674,177.557172,203393.102083,57.725400,201886.115068,95.592995,644.937282,-24.250416,650.376941,-144.095324,653.206484,59.954516,0.005238,1,0
21.100000,-62.462593,203602.940416,177.604542,202272.893648,57.484320,203873.994700,95.450836,650.159340,-24.391819,654.632841,-144.285354,646.054781,59.966051,0.001249,1,0
21.133000,-62.417260,203870.845031,177.742378,202942.376231,57.529246,203203.445021,95.513474,650.065710,-24.036895,646.702145,-144.368755,650.016103,59.957888,-0.001595,1,0
21.167000,-62.365672,204352.330778,177.475453,202500.886046,57.793230,203521.814045,95.611969,653.684436,-24.489988,647.628458,-144.224038,649.995715,59.960409,-0.005661,1,0
21.200000,-62.353577,203288.410965,177.569059,201863.277500,57.802006,204793.311018,95.669836,653.727013,-24.398970,638.700183,-144.108763,648.171745,59.959917,0.005843,1,0
21.233000,-62.457851,204214.644457,177.479801,203146.174787,57.466867,202765.314877,95.527482,648.454807,-24.476207,642.520686,-144.715812,642.454295,59.960701,-0.009278,1,0
21.267000,-62.439604,202092.282132,177.478716,204027.736720,57.393438,204101.656793,95.535523,645.891141,-24.588489,642.553799,-144.355071,643.074051,59.958546,-0.003182,1,0
21.300000,-62.392136,201994.779902,177.559782,201980.629343,57.510462,204376.761792,95.567734,648.777901,-24.800300,647.365851,-144.315841,642.122248,59.957529,0.007456,1,0
21.333000,-62.217568,203830.936754,177.641920,203740.990742,57.460783,204435.409655,95.411160,642.908354,-24.213960,651.844585,-144.457482,645.179257,59.953225,-0.002693,1,0
21.367000,-62.529760,203065.321843,177.441940,203061.898229,57.491749,202684.305764,95.378638,645.443149,-24.651978,651.647890,-144.324540,650.903357,59.956819,0.011072,1,0
21.400000,-62.237157,202248.826980,177.752990,203709.921187,57.527121,203987.400257,95.933586,647.833293,-24.275939,642.770088,-144.451212,648.186569,59.953903,-0.003948,1,0
21.433000,-62.197529,204283.508640,177.449370,201982.586967,57.727502,203899.803391,95.762743,648.404889,-25.091601,652.680312,-144.512815,646.591250,59.960644,0.003425,1,0
21.467000,-62.231698,202061.243737,177.589524,202274.136062,57.506934,202782.458623,95.761598,647.749831,-24.269954,641.599828,-144.458326,655.836903,59.963435,-0.001998,1,0
21.500000,-62.365164,203577.472832,177.665012,202422.668205,57.501855,203208.307627,95.429337,646.420409,-24.357606,646.882011,-144.368669,652.435989,59.947575,-0.003988,1,0
21.533000,-62.398356,203097.346000,177.443873,203364.854715,57.437308,204177.870445,95.602705,649.751756,-24.435246,646.105565,-144.214786,650.403398,59.949606,0.000983,1,0
21.567000,-62.376245,203529.394334,177.593718,204962.942944,57.580814,204066.746079,95.579213,646.978668,-24.295538,645.194441,-144.274649,646.302668,59.946153,-0.014614,1,0
21.600000,-62.258024,202567.032122,177.712190,202075.302371,57.696646,203825.022480,95.820589,648.995737,-24.373479,645.835242,-144.297007,647.897559,59.940885,-0.002493,1,0
21.633000,-62.256034,204293.362289,177.684611,203178.392601,57.489183,203297.331718,95.963836,651.899259,-24.292031,647.248962,-144.398161,651.897177,59.940313,0.000942,1,0
21.667000,-62.555015,203371.302579,177.615203,203113.493257,57.691358,202822.115791,95.406943,650.107143,-24.279411,652.412737,-144.375508,646.774572,59.944046,-0.007733,1,0
21.700000,-62.413600,201856.539499,177.481656,202732.601369,57.566644,202956.707330,95.392180,648.968987,-24.531482,646.550832,-144.594713,651.407896,59.951353,0.003613,1,0
21.733000,-62.368655,202269.006693,177.779826,202769.820455,57.682480,203081.333656,95.652576,645.946443,-24.307359,652.083000,-144.014751,650.567741,59.945988,0.001296,1,0
21.767000,-62.394330,201905.990587,177.682242,202231.278268,57.784230,204523.706563,95.678624,648.806530,-24.219238,637.018235,-144.196656,647.133518,59.938414,0.001237,1,0
21.800000,-62.293693,205016.064755,177.753788,203990.483788,57.521802,201985.281323,95.659840,653.642116,-24.591675,655.313706,-144.544575,650.816330,59.940751,0.004728,1,0
21.833000,-62.342588,202627.262034,177.568425,201814.745435,57.568302,203897.409259,95.551289,651.978767,-24.319658,651.710546,-144.571740,657.561356,59.936656,0.005745,1,0
21.867000,-62.322758,204262.839943,177.585458,204558.427712,57.726902,203653.198510,95.556993,645.231991,-24.376142,650.180020,-144.329729,653.855736,59.944483,0.012385,1,0
21.900000,-62.548986,204858.180348,177.548630,201903.675360,57.699876,202224.057645,95.518736,656.560960,-24.324449,647.686630,-144.207329,653.421543,59.954349,-0.005519,1,0
21.933000,-62.202302,202740.443171,177.641426,201520.405830,57.574553,203451.847340,96.023328,650.826445,-24.111886,645.682917,-144.329684,646.485500,59.952784,-0.003846,1,0
21.967000,-62.470882,204367.118014,177.767102,202642.440588,57.726569,205028.538895,95.430456,646.180600,-24.370817,647.852632,-144.464357,650.152161,59.945566,-0.008253,1,0
22.000000,-62.473786,203530.745549,177.675841,203639.713782,57.600965,203340.559076,95.306460,648.849882,-24.452387,645.960344,-144.230388,643.925229,59.950687,-0.004045,1,0
22.033000,-62.281411,204645.403674,177.751459,205165.375479,57.759755,203333.344807,95.531804,649.544010,-24.516385,639.569065,-144.192106,642.366436,59.942834,-0.007584,1,0
22.067000,-62.433700,204160.592663,177.510470,205260.010912,57.747827,202297.091370,95.270706,648.494390,-24.378395,646.895124,-144.237599,648.381605,59.947400,0.004164,1,0
22.100000,-62.279569,202339.569035,177.449779,205356.095916,57.632251,203675.196320,95.744339,650.103582,-24.384700,638.590374,-144.519885,645.488270,59.950257,-0.007753,1,0
22.133000,-62.382520,202957.689989,177.677024,201821.015041,57.601220,202336.378868,96.000257,642.434446,-24.333584,642.286894,-144.446769,641.694240,59.964138,0.004524,1,0
22.167000,-62.392142,203775.531820,177.609680,201949.058575,57.764246,204572.757376,95.401307,644.466553,-24.519728,648.371796,-144.201168,645.328359,59.951842,-0.002564,1,0
22.200000,-62.516639,204583.908090,177.434949,204113.034679,57.387022,204196.720382,95.592344,644.069478,-24.295022,642.605994,-144.440245,644.039268,59.955537,-0.004376,1,0
22.233000,-62.427349,204374.057220,177.571809,202948.792547,57.682759,203675.344897,95.426656,649.297818,-24.201914,640.523654,-144.167902,649.765473,59.955550,-0.002651,1,0
22.267000,-62.507840,201909.157757,177.561515,205649.626836,57.596401,203723.674572,95.817122,636.258732,-24.391906,643.372858,-144.194589,638.696850,59.959190,-0.000066,1,0
22.300000,-62.267758,206647.980058,177.766919,202897.529627,57.544446,203970.217224,96.171158,645.636011,-23.976374,643.527854,-144.483958,651.353717,59.952698,-0.004285,1,0
22.333000,-62.237977,204700.619418,177.558940,203200.054464,57.716079,203897.812722,95.887184,649.174819,-24.842785,652.373691,-144.248382,650.415197,59.958405,0.007592,1,0
22.367000,-62.404291,205334.476061,177.756427,204263.231447,57.718511,201585.218674,95.445352,649.091458,-24.122559,649.091889,-144.500420,654.577028,59.959411,0.015252,1,0
22.400000,-62.168438,204589.538066,177.556252,204015.345704,57.629830,203022.020771,95.601554,643.466388,-24.605808,646.222300,-144.358550,648.339536,59.955892,0.002657,1,0
22.433000,-62.476747,204086.306276,177.817029,204863.452105,57.538446,204482.621164,95.407600,650.888284,-24.246536,644.530620,-144.544933,651.942334,59.954015,0.016988,1,0
22.467000,-62.206583,203970.692333,177.486358,203705.944755,57.788059,202982.590244,95.830598,644.176387,-24.595660,647.222085,-144.140893,652.469591,59.955497,0.008088,1,0
22.500000,-62.353071,201596.119626,177.620357,203200.109039,57.788537,204235.909508,96.037205,645.406114,-24.837048,637.971577,-144.086225,641.578657,59.956923,0.002224,1,0
22.533000,-62.191147,205962.030508,177.627037,204400.359826,57.731698,204169.703646,95.928535,634.483701,-24.340009,643.812222,-144.354353,646.419482,59.954484,0.004302,1,0
22.567000,-62.324434,204489.796697,177.924416,203865.796660,57.816994,203840.138369,95.461412,636.599962,-24.196108,636.286173,-144.272922,642.313866,59.950182,-0.010134,1,0
22.600000,-62.334240,206637.830423,177.786389,205032.291361,57.623204,204288.377014,95.628491,645.086483,-24.442633,638.232720,-143.914416,633.884874,59.963089,-0.000809,1,0
22.633000,-62.094502,204078.229493,177.718006,201906.767984,57.595685,205890.833478,96.076862,639.527769,-24.291429,642.557514,-144.308334,641.621159,59.949811,0.003621,1,0
22.667000,-62.247406,202373.617189,177.774189,204086.412959,57.654099,203846.605539,95.559087,634.919718,-24.324610,644.865515,-144.364715,637.902405,59.964522,0.002857,1,0
22.700000,-62.144289,203811.638438,177.652105,203400.263256,57.602072,204468.393056,96.286989,640.449691,-24.563077,644.525022,-144.463532,650.135581,59.954849,-0.005035,1,0
22.733000,-62.301130,204382.285794,177.879107,204544.602916,57.711511,204886.600246,95.727724,634.583021,-24.068474,639.543127,-144.353151,641.623638,59.956309,-0.005963,1,0
22.767000,-62.177131,204919.196276,177.938068,204558.438559,57.790386,203287.141613,95.602438,638.581549,-23.998344,638.569216,-144.205734,640.671838,59.948412,-0.001988,1,0
22.800000,-62.201439,204411.982055,177.854961,204411.951597,57.790372,203876.228845,95.878990,643.342576,-23.895349,639.573271,-144.238770,652.183122,59.949851,-0.000011,1,0
22.833000,-62.109575,205403.145550,177.599963,203049.764091,57.969450,202553.342992,95.696302,644.456105,-24.689054,649.409611,-143.988036,645.863620,59.949044,0.002722,1,0
22.867000,-62.236384,204447.499701,177.697807,205794.624194,57.843610,205498.278674,95.865596,643.824244,-24.418389,645.349298,-144.151750,647.228249,59.955145,0.008551,1,0
22.900000,-62.268998,202556.062023,177.887521,204127.826046,57.754364,205502.628238,95.289310,641.112011,-23.869187,651.921375,-144.301267,643.324404,59.953479,0.004236,1,0
22.933000,-62.280887,204718.731521,177.783931,203283.979761,57.697125,205373.592457,95.775512,638.265175,-24.261261,645.266233,-144.510515,646.255728,59.943734,0.003477,1,0
22.967000,-62.226315,203333.193445,177.735616,204951.712129,57.711899,204178.419419,95.561498,648.208276,-24.397222,646.301297,-144.501010,639.911714,59.947695,0.007504,1,0
23.000000,-62.287149,204771.560549,177.582392,204529.387326,57.781699,204903.020142,95.706233,643.045186,-24.485226,646.778500,-144.121569,646.709550,59.957852,0.011411,1,0
23.033000,-62.436053,203218.320378,177.766648,204690.748307,57.613675,205009.654759,95.518361,650.286755,-24.131656,654.554584,-144.254699,649.658524,59.957443,-0.015496,1,0
23.067000,-62.191100,204457.161353,177.673637,204660.332332,57.760874,204552.896543,95.927611,648.550678,-24.173194,647.747285,-144.104913,648.882139,59.951351,0.003701,1,0
23.100000,-62.288965,206312.048102,177.730532,204771.890457,57.649424,206227.383113,95.782738,653.222211,-24.502567,650.894535,-144.496516,642.803886,59.952421,0.002714,1,0
23.133000,-62.339502,205247.298278,177.754428,204831.618216,57.788233,205489.347166,95.569093,650.958433,-24.402415,643.530937,-144.223842,652.372085,59.956222,0.006747,1,0
23.167000,-62.410076,205179.123093,177.769259,203731.612810,57.557584,204408.021246,95.692860,644.789135,-24.371947,649.704012,-144.316318,648.151661,59.951398,-0.013684,1,0
23.200000,-62.352348,204949.699766,177.798485,205049.519033,57.640902,203931.663435,95.577990,644.861712,-24.163315,643.819823,-144.506185,643.498959,59.955125,-0.000653,1,0
23.233000,-62.417222,205272.491804,177.753785,204963.668640,57.607325,206965.266910,95.589320,649.160968,-24.729106,650.649732,-144.455214,639.296282,59.957394,-0.013955,1,0
23.267000,-62.389055,204181.816547,177.584081,205420.541469,57.602519,203252.767915,95.649539,645.158427,-24.097634,635.894801,-144.524465,647.274164,59.950027,0.008539,1,0
23.300000,-62.145156,202852.857518,177.655044,204306.582770,57.695239,203540.399917,95.686689,640.091777,-24.518221,644.489581,-144.176003,648.168102,59.960746,0.009531,1,0
23.333000,-62.171685,203663.200490,177.587041,204075.109070,57.649522,203574.451710,95.674840,647.942577,-24.176935,644.438638,-144.562465,646.005510,59.960675,-0.005785,1,0
23.367000,-62.439551,205522.394414,177.627594,203768.795581,57.768456,204798.570313,95.517152,647.813620,-24.170766,644.243248,-144.145261,642.015333,59.958706,0.005335,1,0
23.400000,-62.278532,206670.970887,177.522867,204825.793071,57.584275,205391.603485,95.772008,644.682503,-24.351487,645.429967,-144.283336,642.246825,59.953547,0.008719,1,0
23.433000,-62.522951,205312.404195,177.719465,204853.540126,57.663904,204775.427233,95.526782,653.264830,-24.564033,655.668786,-143.830283,648.831840,59.958529,-0.007287,1,0
23.467000,-62.378496,202873.999227,177.570534,206188.833487,57.486415,205286.778873,96.115199,643.157493,-24.930620,649.379908,-144.518373,640.336856,59.954722,-0.000768,1,0
23.500000,-62.518546,204256.174673,177.619792,205881.752789,57.595415,204538.219726,95.490599,640.506570,-24.400106,640.958208,-144.563210,644.906315,59.964269,0.004317,1,0
23.533000,-62.461976,209034.506544,177.630726,205869.728531,57.530604,204765.659946,95.583672,644.514263,-24.387594,645.630134,-144.369219,650.288257,59.958662,-0.014645,1,0
23.567000,-62.313554,206408.912715,177.643962,204431.374093,57.742371,204837.308702,95.284315,650.498364,-24.129020,652.112695,-144.293777,651.807075,59.971686,-0.000371,1,0
23.600000,-62.423465,205432.281970,177.583010,206269.766343,57.527441,205314.458398,95.231885,647.375608,-24.303786,644.498345,-144.312949,648.766906,59.965538,-0.000824,1,0
23.633000,-62.399242,205576.254942,177.705120,206158.821868,57.497553,207179.781034,95.736274,645.855842,-24.302807,647.416710,-144.627224,652.641877,59.961649,-0.001964,1,0
23.667000,-62.298696,206327.511645,177.605755,205479.453967,57.557096,205911.380258,95.590732,647.573520,-24.423031,643.352111,-144.479407,643.033579,59.970230,-0.004170,1,0
23.700000,-62.450969,204759.512829,177.622855,205594.931360,57.742317,204237.351870,95.643202,646.163144,-24.497083,648.108944,-144.377549,642.706930,59.958182,-0.005911,1,0
23.733000,-62.386501,204644.291007,177.731766,205143.627592,57.725574,204537.117795,95.420799,641.654495,-24.331090,639.810675,-144.204510,645.731658,59.962183,-0.011088,1,0
23.767000,-62.412733,205385.876863,177.673332,206653.217235,57.644594,204610.044343,95.397621,641.515444,-24.566727,641.334005,-144.188756,639.082095,59.972065,-0.005813,1,0
23.800000,-62.399522,206139.234539,177.544160,202514.602200,57.636723,206219.182006,95.589007,638.441601,-24.435744,637.050824,-144.461403,643.021140,59.968436,0.001698,1,0
23.833000,-62.388565,203832.556792,177.431643,206204.419067,57.687221,205940.578518,95.558564,644.705457,-24.539396,638.572083,-144.501801,643.591429,59.970328,-0.004652,1,0
23.867000,-62.281756,204758.249310,177.641786,206213.159306,57.446995,205135.612434,95.708098,640.419206,-24.351547,638.503265,-144.682250,638.015073,59.961237,0.005509,1,0
23.900000,-62.326531,206230.812980,177.597325,205067.172624,57.464230,203892.822932,95.683749,644.426767,-24.304250,641.435037,-144.175894,646.711217,59.967853,-0.004731,1,0
23.933000,-62.555931,205218.807170,177.618137,206631.937172,57.595501,205922.654455,95.274979,641.297312,-24.088361,646.932516,-144.402412,646.070623,59.959900,0.008955,1,0
23.967000,-62.440527,205893.185508,177.649472,207148.107688,57.305806,205456.352738,95.562294,643.509562,-24.562681,635.589372,-144.719128,638.847532,59.969081,-0.003086,1,0
24.000000,-62.416781,204902.856769,177.600631,205307.993066,57.444030,206227.441901,95.684921,643.059898,-24.417749,643.796590,-144.411597,640.828273,59.964014,0.008348,1,0
24.033000,-62.402010,204948.113314,177.460148,204935.759844,57.443977,205488.850818,95.831266,642.765603,-24.239959,635.915077,-144.304676,636.733434,59.963872,0.004151,1,0
24.067000,-62.231088,206071.744792,177.681004,203457.193140,57.681804,203536.549304,95.610738,639.858772,-24.641370,639.902705,-144.283091,637.358950,59.965615,0.005347,1,0
24.100000,-62.429747,206633.821052,177.661743,204926.504761,57.540093,206512.530170,95.391090,640.066403,-24.067448,640.877259,-144.326014,638.565425,59.971686,0.006795,1,0
24.133000,-62.194150,204870.313164,177.542081,206979.867761,57.663984,205708.031182,95.662307,637.175829,-24.333342,635.899415,-144.288855,648.459446,59.969425,0.006891,1,0
24.167000,-62.366352,206303.008930,177.629272,204668.398673,57.557360,204694.627145,95.502091,639.732268,-24.273833,631.977751,-144.359576,635.633860,59.963777,-0.003572,1,0
24.200000,-62.429221,205016.215742,177.643287,205708.481111,57.599300,203895.075932,95.204882,634.908788,-24.139286,633.179609,-144.457545,636.038073,59.969993,0.000540,1,0
24.233000,-62.353946,204610.178892,177.607093,204161.058947,57.614796,205970.898197,95.619210,641.530530,-24.368225,634.154641,-144.487237,637.286148,59.970834,0.009728,1,0
24.267000,-62.359238,205532.103481,177.552313,206083.983818,57.533109,205453.805482,96.068607,641.249522,-24.656434,636.693496,-144.666594,638.324838,59.967918,-0.006538,1,0
24.300000,-62.339912,207144.895538,177.607994,205441.682749,57.490267,206113.511648,95.914115,638.108702,-24.365885,646.759557,-144.429572,636.666039,59.969142,-0.015148,1,0
24.333000,-62.405154,205909.095674,177.749202,204529.950990,57.617493,204823.027246,95.624313,640.137018,-24.349503,638.998691,-144.465799,642.449055,59.960761,-0.005947,1,0
24.367000,-62.318153,204863.437345,177.658977,206079.646476,57.785710,205351.463983,95.444623,643.759884,-24.380878,649.322407,-144.107249,642.980139,59.956436,-0.001088,1,0
24.400000,-62.311192,209316.625081,177.525290,205917.254244,57.442387,203712.462654,95.624535,647.775806,-24.297708,642.144523,-144.287014,646.891183,59.963097,-0.002959,1,0
24.433000,-62.171490,207619.438558,177.535468,206513.056344,57.820866,206710.276151,95.803641,635.837910,-24.465894,639.174435,-144.319216,650.552539,59.975390,-0.005602,1,0
24.467000,-62.406305,205989.160084,177.782577,206484.916361,57.705966,205963.096655,95.747425,640.317096,-24.104327,643.570139,-144.044233,646.170129,59.963274,0.003891,1,0
24.500000,-62.161651,205209.919301,177.709775,205920.424991,57.475399,205636.096627,95.649806,641.471903,-24.387166,647.910903,-144.539562,642.259781,59.963742,0.002878,1,0
24.533000,-62.089685,205956.444657,177.619169,206048.244781,57.650380,205852.867659,95.912563,645.586729,-24.565347,649.298029,-144.236913,647.868727,59.961375,0.007945,1,0
24.567000,-62.153394,205419.764100,177.766480,206385.947886,57.691075,206215.324131,95.634781,649.978684,-24.070602,643.768382,-144.274334,649.383219,59.965324,-0.002970,1,0
24.600000,-62.095615,206096.953420,177.687770,204027.403618,57.711534,204595.962759,95.897389,647.266998,-24.695118,639.845076,-144.297493,639.777956,59.957200,0.010424,1,0
24.633000,-62.370258,204427.094692,177.947188,204736.790983,57.786530,205652.744705,95.622635,644.074773,-23.752901,637.901665,-144.387966,640.909695,59.963695,-0.003996,1,0
24.667000,-62.330659,205539.906669,177.823566,204516.137420,57.733068,204970.889543,95.947641,647.569321,-24.212062,645.824950,-143.955219,638.867905,59.958487,-0.002397,1,0
24.700000,-62.301641,204268.458885,177.670239,206239.571659,57.698814,204081.703732,95.639411,649.083282,-24.248738,647.558293,-144.369770,649.606366,59.957275,0.002731,1,0
24.733000,-62.574604,203357.338916,177.813038,204751.721501,57.684475,204509.214602,95.407229,639.829920,-24.201162,639.463223,-144.374158,642.190293,59.948260,0.010538,1,0
24.767000,-62.344623,205587.668186,177.755812,206078.452700,57.696386,205957.804881,95.903769,647.921747,-24.175787,637.847972,-144.175810,644.123715,59.954093,0.002057,1,0
24.800000,-62.272557,204008.455399,177.597553,205960.720148,57.756355,202921.442082,95.595259,636.073389,-24.548946,640.627623,-144.257512,641.680982,59.956606,-0.002269,1,0
24.833000,-62.381691,205846.070189,177.716617,205143.607511,57.484305,204957.373344,95.568499,643.317376,-24.482522,641.679333,-144.536920,639.080081,59.962316,-0.003699,1,0
24.867000,-62.264915,205301.860359,177.836565,205314.894621,57.669946,205023.196629,95.716598,641.891646,-24.093523,642.526090,-144.128831,639.260717,59.960846,-0.007499,1,0
24.900000,-62.364957,207152.858124,177.740588,204652.973291,57.736703,206086.864190,95.577129,636.011894,-24.400640,644.591343,-144.029230,638.720231,59.957406,0.009504,1,0
24.933000,-62.306412,206436.060120,177.641573,204137.138686,57.591522,204432.699579,95.583327,646.537852,-24.240335,637.569164,-144.133655,640.536480,59.956546,-0.004013,1,0
24.967000,-62.387779,205230.235967,177.504897,204900.369629,57.742290,205723.258936,95.773578,636.454091,-24.579533,643.079739,-144.380241,633.243319,59.956440,-0.001016,1,0
25.000000,-62.348271,205823.841514,177.620421,205768.317169,57.652312,207194.690828,95.691596,639.188181,-24.433277,641.525172,-144.226897,640.790414,59.953686,0.002767,1,0
25.033000,-62.364847,206983.582192,177.652204,206535.653015,57.694789,206578.032615,95.369306,639.958833,-24.234066,642.362831,-144.455269,639.397193,59.962069,0.001280,1,0
25.067000,-62.445194,205255.993953,177.492476,204459.557145,57.678842,205769.901152,95.687236,640.685008,-24.677622,638.488992,-144.211296,639.345721,59.961321,0.005076,1,0
25.100000,-62.293884,206637.007362,177.658407,206044.575990,57.659479,204460.924681,95.645987,634.756543,-24.251363,636.533653,-144.143110,642.187317,59.963918,0.006009,1,0
25.133000,-62.203179,206079.200072,177.696086,204932.317429,57.708161,205953.898486,95.613944,645.466506,-24.173173,635.527317,-144.281611,639.086171,59.956418,-0.012097,1,0
25.167000,-62.327991,207408.804376,177.683506,207530.956731,57.660175,206178.297666,95.565454,639.648092,-24.120415,641.703901,-144.298438,635.770981,59.958235,-0.001412,1,0
25.200000,-62.319246,206496.903568,177.668023,207513.555430,57.594545,206702.313862,95.799650,645.874329,-24.385260,647.951974,-144.667278,640.466196,59.958929,-0.002883,1,0
25.233000,-62.478666,206150.163836,177.767240,205361.503476,57.526641,205191.152177,95.606024,649.506140,-24.023694,647.707996,-144.250661,642.864975,59.960799,-0.001356,1,0
25.267000,-62.451452,207559.844623,177.666323,208281.177181,57.820362,206560.363962,95.456111,644.789738,-24.197942,650.743846,-144.303040,648.817463,59.955144,-0.003933,1,0
25.300000,-62.298404,206071.774027,177.629298,207349.208804,57.607399,205898.497715,95.497344,644.059306,-24.365229,637.800665,-144.593213,643.633319,59.958348,-0.001263,1,0
25.333000,-62.388773,205409.547150,177.689748,207560.697005,57.641677,205735.735833,95.905048,640.438153,-24.193840,644.776848,-144.431611,632.751211,59.951471,-0.002835,1,0
25.367000,-62.343589,205651.009546,177.792122,206733.075005,57.776517,206534.543859,95.961884,645.877186,-24.018922,637.264303,-144.233474,639.194317,59.951205,0.006930,1,0
25.400000,-62.316593,206419.778555,177.641637,205670.854373,57.484327,205552.852983,95.749455,641.222719,-24.373310,645.862382,-144.611068,645.194926,59.951756,-0.000894,1,0
25.433000,-62.274500,206695.564331,177.642502,208087.301863,57.583315,206371.348828,95.888714,642.171065,-24.523410,641.354852,-144.576752,640.662221,59.951426,0.009531,1,0
25.467000,-62.610985,205924.578659,177.629929,206253.335343,57.732334,204901.806925,95.468244,643.105847,-24.650325,641.224208,-144.155458,642.152643,59.953676,0.005474,1,0
25.500000,-62.331468,205980.586195,177.587299,205403.221491,57.655438,205800.209358,95.177680,637.212166,-24.633180,643.027352,-144.266479,637.952834,59.954607,-0.007549,1,0
25.533000,-62.355957,205807.614840,177.718878,206286.541624,57.754901,205726.619767,95.590464,641.606826,-24.297423,637.332941,-144.254212,643.347275,59.959758,-0.004491,1,0
25.567000,-62.326587,206329.597482,177.717858,206201.941345,57.722122,206301.832995,95.925664,637.178765,-24.393140,645.397125,-144.182501,646.255451,59.950646,0.008983,1,0
25.600000,-62.386511,206995.507049,177.706637,205529.143203,57.744956,204887.750186,95.665478,637.853329,-24.491530,641.921157,-144.575434,645.559735,59.956499,0.000172,1,0
25.633000,-62.655370,206928.473928,177.600125,208247.325755,57.609211,206405.313577,95.526958,646.167555,-24.498945,642.936529,-144.336578,642.603849,59.960824,0.005619,1,0
25.667000,-62.395326,206899.929233,177.529966,205742.206577,57.504720,205105.855856,95.352745,642.116436,-24.435799,641.426677,-144.311383,634.760060,59.960407,-0.000696,1,0
25.700000,-62.530716,206986.947068,177.599690,204803.425058,57.505242,205510.736316,95.223477,650.729858,-24.335290,644.990324,-144.714639,641.724988,59.960310,0.013387,1,0
25.733000,-62.037451,206248.264989,177.484001,205574.972494,57.633886,206705.242092,96.041300,640.925160,-24.725520,641.186099,-144.075653,651.113644,59.953225,0.006694,1,0
25.767000,-62.432244,205696.533428,177.519614,206183.760584,57.590553,204855.272933,95.696925,645.419096,-24.309345,644.694872,-144.393740,646.337886,59.955210,0.007700,1,0
25.800000,-62.649635,206386.122315,177.479163,206475.461245,57.480436,206935.839404,95.824901,648.427054,-24.295160,646.650402,-144.474239,651.600072,59.945115,0.003856,1,0
25.833000,-62.422926,205398.740760,177.639237,206749.952907,57.577874,206642.086626,95.511764,646.392825,-24.012953,649.973851,-144.568964,641.584332,59.947629,0.003886,1,0
25.867000,-62.502623,206365.919721,177.451804,205004.723729,57.554478,207734.528338,95.107861,646.282541,-25.017107,642.574045,-144.627599,644.655026,59.947876,0.000058,1,0
25.900000,-62.201215,206208.944440,177.502880,204359.720783,57.509777,207757.224216,96.225968,650.557619,-24.843702,645.165344,-144.456282,641.146208,59.948903,0.011892,1,0
25.933000,-62.399441,205746.810817,177.615086,205641.630208,57.507721,205142.747944,95.506281,647.319346,-24.073392,639.906008,-144.447500,642.546780,59.938761,-0.001135,1,0
25.967000,-62.216243,204988.010461,177.533111,204278.352781,57.518746,205029.423821,95.807607,648.572284,-24.426567,645.904849,-144.239928,645.879134,59.948724,-0.006601,1,0
26.000000,-62.356298,207156.101822,177.643554,204161.757573,57.510556,206021.655532,95.474641,644.327872,-24.877453,645.436847,-144.398368,644.025792,59.941670,0.000708,1,0
26.033000,-62.235839,205319.204420,177.779737,206824.987012,57.826172,205641.675726,95.835343,640.516904,-24.251313,653.643107,-144.304116,636.942910,59.951485,-0.006090,1,0
26.067000,-62.403454,204193.563777,177.554846,204487.374568,57.563883,205822.144622,95.392252,648.008433,-24.333258,640.346159,-144.332445,641.801359,59.948803,0.009800,1,0
26.100000,-62.263123,205746.039219,177.866396,206745.330916,57.733163,206402.143600,95.694669,639.480427,-24.022841,646.639496,-144.609290,637.713627,59.951869,-0.008698,1,0
26.133000,-62.262278,205998.375986,177.638982,206326.737918,57.621163,205533.474015,96.037887,637.473038,-24.483163,639.263411,-144.467452,639.634050,59.953717,-0.004193,1,0
26.167000,-62.356726,205233.621070,177.596234,206117.210520,57.593567,205334.987624,95.881403,636.345904,-24.552916,637.165390,-144.518404,645.497683,59.951209,-0.002810,1,0
26.200000,-62.503165,206156.458286,177.648333,206565.029861,57.789969,207420.879411,95.133796,643.322343,-24.662738,645.847289,-144.489451,639.469377,59.953573,-0.000314,1,0
26.233000,-62.213203,206184.227104,177.528289,204512.912467,57.713202,205811.987272,95.813236,636.025808,-24.549487,644.464551,-143.917479,640.824672,59.949905,-0.015648,1,0
26.267000,-62.347489,204059.482454,177.438938,204218.105752,57.593214,206448.920560,95.290973,646.373461,-24.323506,647.043091,-144.747701,642.606289,59.946301,0.005658,1,0
26.300000,-62.374772,204702.194381,177.646409,205000.890616,57.669343,204921.649328,95.686112,639.901616,-24.480923,640.997119,-144.182568,645.700803,59.942854,0.009446,1,0
26.333000,-62.487398,206911.409227,177.651142,207492.089513,57.548563,204914.488971,95.431027,641.658303,-24.350686,636.956334,-144.800305,647.451037,59.945145,0.012163,1,0
26.367000,-62.218074,204310.412094,177.729605,204683.508921,57.796873,204789.182158,95.631036,641.787387,-24.308039,642.050415,-144.515822,641.318838,59.938841,0.007825,1,0
26.400000,-62.328603,207213.121533,177.478926,205565.878824,57.752704,207103.529863,95.829411,649.682651,-24.512890,640.421120,-144.367075,640.799995,59.947495,0.005329,1,0
26.433000,-62.349329,205694.221498,177.479578,205667.917612,57.577227,205153.836973,95.483797,643.790016,-24.541762,641.437588,-144.613112,648.590763,59.947370,-0.004906,1,0
26.467000,-62.287943,207062.784486,177.815757,205789.099619,57.472301,205237.372678,95.567131,640.199112,-23.724817,635.834113,-144.666101,637.919193,59.942110,0.004923,1,0
26.500000,-62.342772,208142.910151,177.682090,206295.714529,57.697746,206353.661691,95.636697,645.177262,-24.425420,640.185552,-144.073511,642.877730,59.939776,-0.001334,1,0
26.533000,-62.285749,205952.595190,177.670381,206660.294284,57.687431,205932.576448,95.693236,634.201403,-24.162166,637.534616,-144.258059,637.197506,59.936609,0.007147,1,0
26.567000,-62.514099,207961.397163,177.669888,206339.383396,57.422934,206229.607846,95.464385,645.381069,-24.487201,636.542877,-144.729531,641.120245,59.937772,-0.003224,1,0
26.600000,-62.367552,207572.286245,177.687224,206101.748992,57.520676,207827.872576,95.747579,633.459938,-24.365450,630.201740,-144.638109,640.191394,59.938852,-0.004151,1,0
26.633000,-62.361849,207373.901799,177.672250,206886.829293,57.603642,206704.118739,95.414137,638.242715,-24.391260,643.954072,-144.312100,642.995268,59.932329,-0.008413,1,0
26.667000,-62.535551,207758.689229,177.499895,205697.040816,57.591559,206315.858579,95.197244,634.245821,-24.750340,636.208929,-144.136588,635.746263,59.938289,0.000319,1,0
26.700000,-62.424933,207063.017856,177.447308,206754.301033,57.496009,206914.954651,95.726137,641.854861,-24.264415,632.795458,-144.549633,639.822451,59.941533,0.005111,1,0
26.733000,-62.284891,207764.983557,177.610688,207690.917373,57.550216,206600.819705,95.622831,635.653451,-24.367011,638.556214,-144.361395,639.595925,59.941106,0.006081,1,0
26.767000,-62.412618,206370.060461,177.441878,206112.619060,57.555459,207200.253397,95.305566,643.493349,-24.746316,639.765107,-144.856918,638.138461,59.938589,0.017148,1,0
26.800000,-62.527917,207055.185018,177.663052,205169.206474,57.534746,206640.225218,95.722394,641.181173,-24.220323,640.661697,-144.646927,647.464907,59.937501,0.004315,1,0
26.833000,-62.530933,204961.373466,177.693106,206755.642115,57.605440,205772.418881,95.728263,632.895906,-24.493222,642.598366,-144.685907,634.164943,59.936289,0.004470,1,0
26.867000,-62.515599,206954.249841,177.445594,206054.437610,57.603747,205579.501482,95.783987,635.726222,-24.484476,637.678732,-144.509314,635.782627,59.940168,-0.009850,1,0
26.900000,-62.340196,206827.455351,177.675873,206336.361547,57.606024,207017.981885,95.650891,641.719271,-24.347255,648.731351,-144.618433,641.588227,59.936952,0.002015,1,0
26.933000,-62.441605,206690.389796,177.752220,206567.699670,57.471582,206337.901559,95.733966,638.529899,-24.258598,634.349175,-144.747159,641.159485,59.935240,-0.009535,1,0
26.967000,-62.387585,205562.425397,177.662321,205594.185669,57.644229,206529.698828,95.687709,639.432331,-24.389834,637.511522,-144.685858,633.147591,59.929390,-0.000423,1,0
27.000000,-62.527141,208069.312626,177.616396,205377.929983,57.660905,206661.292980,95.530967,640.501030,-24.197926,634.606088,-144.310475,635.504079,59.933547,0.000347,1,0
27.033000,-62.431279,206972.161775,177.764644,208611.599889,57.770747,206727.345828,95.834392,635.363073,-24.115765,638.259857,-144.201481,637.793099,59.936730,0.002521,1,0
27.067000,-62.398570,205627.311625,177.710832,207298.891202,57.601217,206998.872149,95.756175,634.961777,-24.228399,640.731891,-144.434205,639.330824,59.936341,-0.002552,1,0
27.100000,-62.333643,204943.912573,177.613741,206771.206308,57.663810,206503.342624,95.603432,636.136308,-24.436601,632.445647,-144.580915,640.401844,59.937414,-0.005776,1,0
27.133000,-62.575832,206253.721159,177.668285,205975.961845,57.614978,206202.262177,95.591635,641.923184,-24.546580,630.724654,-144.645590,640.314897,59.936336,-0.000787,1,0
27.167000,-62.203794,207002.527662,177.651451,205493.192227,57.667061,206044.528721,95.466797,631.227313,-24.354790,641.027563,-144.044439,640.452180,59.937081,0.008215,1,0
27.200000,-62.500218,205598.550900,177.735068,205424.861447,57.847429,206229.820778,95.362370,636.783538,-24.443685,630.659274,-143.931667,635.206171,59.936944,0.006600,1,0
27.233000,-62.282279,206588.931645,177.769061,205844.746170,57.560625,206858.515204,95.643621,642.987804,-24.248247,641.859206,-144.599815,648.571273,59.944281,0.006761,1,0
27.267000,-62.249845,207299.723924,177.794768,204427.190753,57.555073,204591.092799,95.882663,636.111403,-24.442482,635.218162,-144.285724,640.837252,59.940549,0.008258,1,0
27.300000,-62.346067,207241.153117,177.799950,207126.492550,57.587281,206356.555822,95.879757,632.234481,-24.807904,639.759983,-144.447954,635.822388,59.934779,-0.008463,1,0
27.333000,-62.326831,206964.312719,177.805333,206413.546549,57.709543,206795.261235,95.576354,632.155337,-24.317611,639.371489,-144.135251,636.507770,59.935131,0.007872,1,0
27.367000,-62.368954,204855.112445,177.800428,205856.532881,57.562182,205164.540256,95.574008,632.506890,-24.151809,630.581592,-144.485726,631.927791,59.940615,0.008670,1,0
27.400000,-62.282023,206740.028265,177.648722,204428.800837,57.737764,204467.207303,95.894028,637.869367,-24.357923,634.191661,-143.932230,635.965663,59.939376,-0.000590,1,0
27.433000,-62.328011,204619.188590,177.828445,206056.071773,57.784290,205678.802479,95.809073,636.590702,-24.247290,635.628188,-144.254964,624.601504,59.947384,0.002313,1,0
27.467000,-62.166735,206672.238689,177.798543,204254.773662,57.838364,205095.713927,96.104029,640.487182,-24.223354,631.802298,-144.068357,628.297891,59.941710,-0.002987,1,0
27.500000,-62.236357,204779.717976,177.793332,203737.797454,57.593732,206072.551559,95.816376,629.835250,-23.875603,638.777243,-144.568141,634.821032,59.937176,-0.008059,1,0
27.533000,-62.185983,205255.613065,177.623594,205836.046092,57.916362,204342.950555,95.786031,636.272315,-24.637249,637.670066,-144.023917,627.756838,59.944788,-0.000660,1,0
27.567000,-62.375149,205107.035412,177.728623,204358.306895,57.837048,206627.444981,95.616525,632.078706,-24.100547,633.966062,-144.310019,634.335747,59.945999,-0.001784,1,0
27.600000,-62.379636,204214.217386,177.672625,203354.822079,57.636056,206979.967750,95.573295,631.762012,-24.486779,631.404529,-144.275824,640.475684,59.939645,0.009257,1,0
27.633000,-62.342097,203573.863281,177.700516,205495.063597,57.880003,205347.093048,95.398284,636.665332,-24.222133,633.726398,-143.722412,638.752672,59.938249,-0.005838,1,0
27.667000,-62.370783,205113.126306,177.817195,204924.710572,57.788513,205281.100294,95.584201,638.231179,-24.360307,636.472083,-144.040692,642.513827,59.954559,-0.011866,1,0
27.700000,-62.299308,205195.186367,177.889383,204924.451113,57.779828,204460.156674,95.515776,633.808520,-23.886025,638.827319,-144.301898,636.952006,59.941538,-0.000800,1,0
27.733000,-62.145008,206272.056969,177.695849,203350.075801,57.839703,205038.166373,95.952000,637.208677,-23.943272,635.514491,-144.215245,638.410068,59.943402,0.002159,1,0
27.767000,-62.217132,205502.500143,177.706624,203878.322600,57.726226,205032.044955,95.946615,637.727012,-24.403368,634.996390,-144.152958,635.508602,59.948921,-0.011303,1,0
27.800000,-62.234506,207108.610524,177.804476,204048.862568,57.841915,206157.254981,95.949049,637.216400,-24.039916,632.244164,-143.916042,637.190190,59.948286,-0.002503,1,0
27.833000,-62.042291,205133.878569,177.856897,202225.347352,57.700643,204410.473300,95.951553,639.396290,-24.054923,627.525349,-144.389392,636.048255,59.938417,-0.001386,1,0
27.867000,-62.135758,207310.501435,177.731797,206029.260549,57.695295,207301.518221,95.768628,628.179808,-24.293117,626.266188,-144.425972,625.619901,59.945911,0.006043,1,0
27.900000,-62.189376,206282.356097,177.701329,206409.211831,57.820306,206125.045671,95.791918,632.408124,-24.326819,638.089903,-144.010775,636.191368,59.940926,-0.001074,1,0
27.933000,-62.201570,204815.305932,177.857223,205443.746178,57.754548,205736.710815,96.132740,638.222855,-24.243982,630.223763,-144.421967,636.928904,59.942228,0.001132,1,0
27.967000,-62.231993,205878.705232,177.930321,205016.969262,57.878008,204686.654751,95.834183,635.434051,-23.998740,630.595058,-143.927815,638.441075,59.944041,-0.001765,1,0
28.000000,-62.091370,206488.551110,178.096736,205487.541445,57.804378,206303.487811,95.962733,640.186809,-24.141544,634.705673,-144.433481,639.110816,59.943349,-0.006423,1,0
28.033000,-62.156600,205639.771431,177.773952,205921.766469,57.874588,204344.358789,95.875833,634.565864,-24.166291,630.427205,-144.181550,635.845038,59.943165,0.003548,1,0
28.067000,-62.191295,206769.940701,177.827168,207798.007295,57.771624,206424.810090,96.096335,641.891450,-24.195244,640.111984,-144.099820,635.949786,59.940734,0.007493,1,0
28.100000,-62.238183,207015.942857,177.750026,205870.109113,57.584889,206546.959090,96.181626,640.423740,-24.173387,636.182056,-144.335369,638.225737,59.949645,-0.002391,1,0
28.133000,-62.333286,206358.540473,177.469991,205225.860226,57.713736,205795.852483,95.838697,639.361233,-24.705957,635.845157,-144.368745,631.622487,59.941296,0.002861,1,0
28.167000,-62.256266,205517.001727,177.839536,205915.092183,57.742894,203959.326594,95.759870,646.153337,-24.223060,640.612013,-144.026033,639.273441,59.939954,-0.002907,1,0
28.200000,-62.208637,205827.622463,177.894033,205484.720347,57.777655,205850.990920,96.018853,636.131900,-23.988135,636.038373,-144.226889,635.169399,59.936415,-0.000440,1,0
28.233000,-62.255586,205832.437381,177.735568,205724.637699,57.686186,205662.929542,95.768071,642.981481,-23.841126,637.592046,-144.529263,643.010199,59.934852,-0.005364,1,0
28.267000,-62.344810,204171.221415,177.755708,205782.721482,57.734307,206720.605933,95.509332,638.328382,-24.092781,648.684754,-144.280384,645.405028,59.932161,0.004715,1,0
28.300000,-62.284656,207615.052490,177.664723,204510.276139,57.795369,205694.235323,95.624910,641.323686,-23.937565,643.434624,-144.379065,649.205461,59.937554,0.004022,1,0
28.333000,-62.203263,205007.536304,177.690940,204870.204401,57.787938,206133.737098,95.928927,641.681993,-24.416943,635.348694,-143.922665,644.249784,59.936516,0.008725,1,0
28.367000,-62.039344,205160.267055,177.785458,205501.812984,57.757402,203569.213484,95.837544,645.040234,-24.100275,649.701007,-144.286393,643.337683,59.933419,0.008428,1,0
28.400000,-62.229305,206195.827356,177.707490,203761.568153,57.848581,207705.564785,95.558550,642.555387,-24.271381,647.989710,-144.168724,650.640724,59.942222,0.003580,1,0
28.433000,-62.176813,207069.778549,177.759870,205176.761506,57.743805,207132.741768,96.033144,650.707207,-24.494757,641.617626,-144.525677,644.658306,59.936457,-0.004920,1,0
28.467000,-62.198456,206497.202610,177.892994,204526.097580,57.712992,205576.443555,95.884225,647.586785,-24.122228,651.427629,-144.389406,645.362486,59.939022,-0.006150,1,0
28.500000,-62.231568,207045.101132,177.608609,206869.930011,57.660203,206436.067483,96.019364,648.308166,-24.105020,650.448647,-144.300494,653.801669,59.938084,-0.002960,1,0
28.533000,-62.414346,205561.448462,177.691337,204199.535928,57.686848,206193.109834,95.397074,653.263681,-24.106873,648.244045,-144.551511,646.992356,59.940356,0.003920,1,0
28.567000,-62.232000,206923.027517,177.521838,205912.030887,57.754852,204600.842210,95.480243,645.573788,-24.376347,649.898363,-144.166582,644.151124,59.935762,-0.010813,1,0
28.600000,-62.238103,205601.491853,177.615799,206287.663973,57.640586,204637.520703,95.485137,649.117247,-24.486536,649.517455,-144.238685,650.663651,59.941706,0.012156,1,0
28.633000,-62.429079,206415.226614,177.688444,204615.472890,57.726767,205594.695637,95.616150,649.375972,-24.541333,647.171037,-143.959281,652.016888,59.933606,-0.000378,1,0
28.667000,-62.386217,206651.719394,177.744235,205703.388106,57.760252,206068.704827,95.458828,650.432365,-24.143515,655.511594,-144.025815,651.603535,59.944779,-0.002949,1,0
28.700000,-62.142873,206161.140309,177.643449,204575.233555,57.523864,205356.573028,96.002087,653.829460,-24.663805,653.455962,-144.485190,650.193891,59.939827,-0.011200,1,0
28.733000,-62.386438,204639.412895,177.615229,204870.533470,57.628539,205478.578773,95.506325,658.273830,-24.067137,662.459040,-144.313953,653.452208,59.939076,-0.002286,1,0
28.767000,-62.498957,205899.220921,177.735401,204835.354538,57.496066,206060.596423,95.402437,657.514785,-24.179202,655.146284,-144.383690,653.534330,59.952149,0.009103,1,0
28.800000,-62.459331,204644.964555,177.575130,204381.954020,57.766253,205330.488072,95.455845,657.884444,-24.685214,653.097739,-144.276554,655.510650,59.943291,0.000144,1,0
28.833000,-62.406173,206078.552880,177.772134,203672.101476,57.788922,205427.474982,95.530845,648.747548,-24.293399,656.109022,-144.350917,658.340096,59.942357,-0.000355,1,0
28.867000,-62.327264,203881.513244,177.579932,203348.527477,57.534805,206682.870801,95.863228,657.643862,-24.384368,660.537060,-144.374696,653.022728,59.944296,-0.006964,1,0
28.900000,-62.434265,205835.477074,177.618434,202738.651051,57.602466,205463.481831,95.563034,658.151817,-24.467447,652.983435,-144.413501,657.581514,59.941954,0.020387,1,0
28.933000,-62.437313,204719.541199,177.628790,204144.211775,57.739289,204315.789264,95.877197,653.549466,-24.521360,655.001498,-144.306322,650.898770,59.939770,0.001963,1,0
28.967000,-62.314618,205658.790656,177.754842,206291.330342,57.505561,203695.111532,95.814637,650.405726,-24.054047,654.307237,-144.635352,647.953755,59.942517,0.004237,1,0
29.000000,-62.337424,205795.844795,177.649450,203951.725136,57.796633,205569.685463,95.931848,651.824619,-24.602298,648.762073,-144.241409,647.508065,59.935986,-0.023784,1,0
29.033000,-62.367806,204657.219742,177.784728,204776.947193,57.698876,205028.531872,95.470338,653.552954,-23.928628,646.035062,-144.247291,649.246218,59.947041,0.008983,1,0
29.067000,-62.420987,205318.688594,177.546339,203567.494569,57.711703,205733.123933,95.629265,649.425880,-24.373637,653.973098,-144.558322,650.834033,59.937952,0.004733,1,0
29.100000,-62.248445,206232.657142,177.700474,204911.763764,57.683685,206421.021535,95.699030,650.791095,-24.306733,651.509903,-144.563994,651.321843,59.956422,0.007802,1,0
29.133000,-62.236024,205646.517608,177.612886,205429.171179,57.517126,206364.740442,95.639989,644.372663,-24.607167,644.608602,-144.416416,647.120777,59.963071,-0.009823,1,0
29.167000,-62.277543,206647.486077,177.737908,203808.911601,57.614505,206201.079934,95.688660,653.245196,-23.978495,648.892191,-144.443563,649.125996,59.951771,-0.006951,1,0
29.200000,-62.366686,205631.104672,177.543396,205004.134306,57.714966,204081.678978,95.515374,647.209266,-24.195683,651.984734,-144.192972,649.935674,59.950638,0.001423,1,0
29.233000,-62.501764,205433.691752,177.602053,205751.714726,57.735882,204578.148529,95.167297,647.727481,-24.550280,639.651163,-144.394611,649.360503,59.954818,-0.000074,1,0
29.267000,-62.354003,205054.875025,177.632186,204528.263826,57.579738,206025.222820,95.108149,654.845731,-24.387611,652.138879,-144.275228,651.544389,59.948540,-0.000252,1,0
29.300000,-62.440650,204942.322606,177.633648,206516.853492,57.550265,206054.808236,95.505726,656.071820,-24.591916,653.687669,-144.491616,649.384671,59.959629,-0.009602,1,0
29.333000,-62.476275,206494.720462,177.391571,205229.040826,57.577819,205399.282486,95.656197,654.455792,-24.379995,650.231649,-144.374456,655.547568,59.960374,0.003219,1,0
29.367000,-62.264528,204701.984230,177.526812,204271.314105,57.374249,206171.778578,95.611914,656.034340,-24.569918,651.850081,-144.679762,653.000690,59.953226,-0.000699,1,0
29.400000,-62.425377,205444.840705,177.480095,205591.879816,57.559149,205021.576103,95.567539,655.341224,-24.397306,654.938933,-144.618239,650.166889,59.950691,-0.002503,1,0
29.433000,-62.476164,205375.796939,177.488299,205376.813025,57.426014,204911.087458,95.318437,651.642724,-24.480565,658.495687,-144.326512,652.568715,59.952426,0.014477,1,0
29.467000,-62.533249,205089.356992,177.544058,204019.147466,57.496345,205806.235646,95.604868,650.156591,-24.944742,655.631629,-144.454398,649.369089,59.953534,-0.008732,1,0
29.500000,-62.458355,205868.083787,177.672317,203957.285227,57.798750,205039.441054,95.210906,646.290141,-24.268030,652.660736,-144.554851,653.409921,59.949622,-0.010487,1,0
29.533000,-62.483997,203789.007366,177.512413,203248.531848,57.459607,205446.026364,95.451199,649.308981,-24.124275,645.542765,-144.683854,657.617008,59.953977,-0.008026,1,0
29.567000,-62.489503,204696.877751,177.449195,205796.738891,57.494053,205787.177994,95.371748,654.372991,-24.852840,646.224424,-144.307153,651.418561,59.955303,0.000089,1,0
29.600000,-62.418122,206354.305314,177.552015,203017.816915,57.587801,205272.013013,95.173534,646.761754,-24.518263,646.375331,-144.232031,649.780060,59.960149,0.009976,1,0
29.633000,-62.450360,204042.306146,177.650858,204944.285133,57.677194,204803.917938,95.839371,648.766105,-24.621358,651.728360,-144.206653,648.960089,59.956266,0.001679,1,0
29.667000,-62.521294,204121.279773,177.658363,203747.995100,57.501909,204647.981138,95.411744,642.065145,-24.368695,643.610029,-144.772584,646.680322,59.954816,-0.006812,1,0
29.700000,-62.363746,203448.927614,177.423611,205404.381774,57.597588,206612.895322,95.688229,651.496230,-24.218542,648.012773,-144.566658,648.925226,59.957569,0.004819,1,0
29.733000,-62.635738,201859.037967,177.622444,205081.823159,57.605282,204465.767835,95.413253,642.495156,-24.789554,646.281460,-144.546485,648.417926,59.955611,0.000233,1,0
29.767000,-62.321138,204324.291537,177.655176,204603.420474,57.539182,205102.659014,95.482130,642.300252,-24.329138,644.935276,-144.585184,642.570825,59.952251,-0.005549,1,0
29.800000,-62.438377,202957.607491,177.550110,203686.607300,57.488224,202377.045277,95.480649,644.980367,-24.401428,644.213496,-144.629235,651.440508,59.960685,-0.014765,1,0
29.833000,-62.443965,206341.459020,177.504178,206889.166018,57.598888,203746.877187,95.731854,645.588314,-24.286634,644.529726,-144.421138,641.218651,59.953653,0.003071,1,0
29.867000,-62.539868,205713.412347,177.514433,203877.965838,57.457863,206406.376162,95.660613,644.687872,-24.283915,646.291849,-144.592971,650.309723,59.953953,-0.012825,1,0
29.900000,-62.534426,206115.514603,177.417296,204794.915041,57.628039,205781.160151,95.604258,641.896177,-24.631572,647.366268,-144.267633,648.991373,59.954263,0.001485,1,0
29.933000,-62.164490,205109.928943,177.393632,205945.084099,57.494412,205899.213748,95.720751,646.773738,-24.424339,655.612762,-144.582153,648.999209,59.957959,-0.004578,1,0
29.967000,-62.476623,205409.323183,177.502627,205995.391752,57.419325,204948.810472,95.285091,647.399025,-24.142261,641.027199,-144.549144,642.528123,59.953754,-0.020385,1,0
30.000000,-62.672329,203981.478803,177.517584,204814.284771,57.510390,205569.089986,95.220593,639.520029,-24.538967,643.581924,-144.654276,644.137014,59.952715,0.003325,1,0
