TIMESTAMP,BUS22_VA_ANG,BUS22_VA_MAG,BUS22_VB_ANG,BUS22_VB_MAG,BUS22_VC_ANG,BUS22_VC_MAG,BUS22_IA_ANG,BUS22_IA_MAG,BUS22_IB_ANG,BUS22_IB_MAG,BUS22_IC_ANG,BUS22_IC_MAG,BUS22_Freq,BUS22_ROCOF,DATA_PRESENT,Event
0.000000,-58.947917,211687.398708,-178.624975,210316.081928,61.234035,211033.059243,99.284252,1053.829325,-20.661365,1045.838041,-140.712326,1054.300233,59.945781,0.013159,1,0
0.033000,-58.936514,210995.137283,-178.731865,212028.728596,61.184288,212175.430571,99.101821,1057.068752,-20.620813,1051.944878,-140.755764,1051.286823,59.946815,-0.015693,1,0
0.067000,-58.783666,210322.833720,-178.999721,209773.740682,61.186530,210333.624877,99.133791,1048.657439,-20.926785,1050.045934,-140.810122,1049.234536,59.952489,0.002956,1,0
0.100000,-58.791662,212163.918226,-178.894950,210372.592860,61.079985,208696.053121,99.037345,1042.871957,-20.639423,1049.378012,-141.062506,1043.953467,59.953187,-0.012541,1,0
0.133000,-58.707291,210015.298551,-178.803310,208563.528787,61.005943,209570.814875,99.225830,1053.102750,-20.858369,1057.373964,-140.858472,1055.823486,59.945348,-0.011325,1,0
0.167000,-58.936162,208988.694280,-178.778049,209561.126353,61.150692,210448.081521,99.126595,1050.608788,-20.899476,1049.127011,-140.557312,1041.863335,59.950007,-0.005900,1,0
0.200000,-58.702903,210660.169631,-178.911131,210525.052388,61.281118,210773.482949,99.465082,1047.415217,-21.139192,1050.313015,-140.787292,1059.362453,59.951111,-0.002538,1,0
0.233000,-59.107170,209605.273209,-178.942272,210018.686213,61.151240,210145.077656,98.986841,1039.489090,-20.939689,1041.235074,-140.777649,1049.808680,59.948865,-0.003451,1,0
0.267000,-58.988681,209854.159920,-178.908864,210611.568714,61.128254,209593.899664,98.911982,1051.246825,-20.868641,1050.121285,-140.801574,1039.975720,59.952145,0.000981,1,0
0.300000,-58.927043,209631.403752,-179.039113,209938.316603,60.835608,209846.920932,98.952759,1047.039235,-20.901432,1041.576717,-141.141490,1036.357540,59.950032,-0.009200,1,0
0.333000,-58.873522,209417.934484,-179.135309,209222.879613,61.048062,209316.841247,99.188926,1034.393448,-21.009801,1038.248032,-140.579144,1035.190885,59.947353,-0.001907,1,0
0.367000,-58.864086,208334.188092,-178.832348,208976.278093,61.136202,211423.431739,98.994049,1030.880545,-20.882736,1041.602476,-140.663072,1047.781059,59.953907,-0.004669,1,0
0.400000,-58.919448,209725.639131,-178.895945,209368.559088,61.087251,209851.944097,98.874222,1039.901509,-21.037761,1040.468197,-140.911339,1038.369229,59.948702,-0.001604,1,0
0.433000,-58.814890,208908.172781,-178.928884,208620.525449,60.993489,210448.589504,99.394853,1049.304326,-21.146991,1033.235291,-140.819200,1048.038342,59.954816,-0.000791,1,0
0.467000,-58.989101,209770.636294,-178.912940,209897.662729,61.008319,209810.004814,99.155446,1043.164677,-21.076426,1037.247289,-141.013238,1042.927394,59.951147,0.003252,1,0
0.500000,-58.801810,208499.868750,-178.911853,210149.382325,61.035179,208907.564349,99.297297,1029.241123,-20.948872,1035.589962,-140.947243,1031.817190,59.945381,-0.013027,1,0
0.533000,-59.210457,210884.666480,-178.894974,209861.994614,61.107787,209153.080757,98.439751,1035.778593,-20.862049,1032.271162,-140.792902,1026.592373,59.945722,0.005498,1,0
0.567000,-58.992461,210840.145766,-178.903783,209248.092225,61.225142,210026.974174,99.044050,1041.161737,-20.883863,1033.682998,-140.669924,1024.837177,59.955155,0.005422,1,0
0.600000,-59.008569,210371.359246,-179.007007,209088.057643,61.016116,209993.764562,98.894750,1036.968473,-20.718422,1025.248462,-141.093356,1038.018382,59.956971,0.002545,1,0
0.633000,-59.143514,208951.047902,-178.916033,209057.460887,60.997134,210445.376723,98.766055,1040.485636,-20.878640,1031.134898,-141.062619,1031.202243,59.956247,-0.008277,1,0
0.667000,-58.762163,209721.931048,-178.751642,208958.555950,61.054149,209812.586721,99.423032,1048.998187,-20.782113,1047.923272,-141.066960,1040.130192,59.953280,0.008695,1,0
0.700000,-58.920021,209906.645236,-178.724680,208897.846961,61.122820,209966.432923,99.253542,1032.528314,-20.833645,1042.642233,-140.818686,1038.277106,59.955726,0.004252,1,0
0.733000,-59.167877,211367.461062,-178.978351,209245.226796,60.797913,211983.015279,98.921904,1046.824483,-20.964660,1032.075648,-141.195495,1042.090509,59.955583,-0.000023,1,0
0.767000,-58.902817,210283.193513,-178.872655,209993.774603,61.040091,208328.757605,99.193873,1041.391111,-20.639813,1041.491847,-140.967767,1036.200295,59.964185,-0.011351,1,0
0.800000,-58.905120,208691.406293,-178.816994,209819.695665,60.950886,210067.641040,98.838738,1043.172835,-20.839458,1054.615029,-141.117073,1056.821123,59.953047,-0.001131,1,0
0.833000,-58.910439,208986.436711,-178.969321,209689.492092,60.976312,209625.282292,99.072207,1047.963986,-20.909920,1038.143224,-141.017784,1034.494277,59.964131,-0.010160,1,0
0.867000,-59.044764,208824.715438,-178.825987,211726.672728,61.090008,210263.224475,98.981669,1039.906519,-20.554853,1041.297265,-141.015158,1044.021203,59.954597,-0.008311,1,0
0.900000,-59.047582,210758.593687,-178.863913,209593.385814,60.902058,210471.297665,98.841909,1044.386255,-20.558325,1040.940493,-141.159806,1048.125588,59.955861,0.015213,1,0
0.933000,-59.082077,208973.101693,-179.080251,209636.900554,60.984384,209009.190258,98.936345,1034.209823,-21.124826,1031.036613,-140.991891,1046.076258,59.952939,0.006273,1,0
0.967000,-59.051393,210679.319235,-179.061144,209921.019110,61.131335,211052.807557,98.842040,1043.764677,-21.083001,1049.870551,-140.831100,1047.457101,59.958832,-0.006409,1,0
1.000000,-58.941941,210794.021528,-178.935624,209965.433375,61.102970,209876.181884,98.749730,1045.226955,-20.709060,1040.099141,-140.699571,1053.037222,59.963609,0.001993,1,0
1.033000,-58.917311,209414.804137,-178.834332,208820.826826,61.169075,208509.374867,99.016914,1047.976344,-20.746289,1041.538372,-140.780298,1049.534604,59.952538,0.016456,1,0
1.067000,-58.832520,209442.663081,-178.962559,210133.841182,61.152075,210208.066346,98.941255,1045.539064,-20.931741,1052.813286,-141.135233,1054.045494,59.953174,0.003119,1,0
1.100000,-58.769148,210877.947589,-178.887073,211127.404543,61.092969,209595.353947,99.137501,1052.719125,-20.733541,1046.994070,-141.269745,1037.832062,59.956560,-0.004235,1,0
1.133000,-58.812953,208801.718589,-178.953909,210576.313867,61.072561,209273.075796,99.374643,1049.128372,-20.840387,1054.357436,-140.623434,1056.512948,59.952717,-0.012525,1,0
1.167000,-58.787099,209509.139986,-178.763747,209289.456454,61.034331,209338.744951,98.827804,1044.930189,-20.656886,1048.736153,-141.101561,1045.876427,59.959806,-0.004107,1,0
1.200000,-58.833106,209007.730773,-178.799227,209523.639688,61.063728,209510.630561,99.119723,1046.496460,-20.810252,1061.155014,-140.987043,1045.745611,59.959826,-0.003942,1,0
1.233000,-59.049430,210565.689759,-178.878831,210603.156543,60.943751,210673.444187,98.764242,1054.045135,-20.714777,1046.010979,-140.737051,1044.096890,59.952237,-0.006945,1,0
1.267000,-58.967366,210722.898691,-179.028193,210019.613579,61.018535,209103.584874,98.965840,1062.472606,-20.908536,1053.366865,-141.179337,1045.011652,59.961398,-0.008584,1,0
1.300000,-58.916979,210891.113971,-178.819973,208595.557569,60.963679,206907.720132,99.336390,1042.276957,-20.731707,1059.642315,-140.836404,1048.774298,59.960324,0.013737,1,0
1.333000,-58.993477,208814.856322,-179.096896,209653.695674,60.978265,209891.433347,98.806852,1045.636799,-21.230693,1054.492603,-141.351526,1052.411754,59.963467,0.006559,1,0
1.367000,-59.075079,209155.483745,-178.946610,209469.085284,60.875805,210449.507808,99.192618,1054.141177,-20.747005,1052.559595,-141.327105,1045.253444,59.967424,-0.007438,1,0
1.400000,-58.891257,210681.068636,-179.201000,209169.567297,61.046572,208732.367405,99.059788,1051.843365,-21.172714,1063.310109,-141.102264,1047.922804,59.958141,-0.001432,1,0
1.433000,-59.028943,208893.765136,-179.156550,209346.468977,60.874516,210859.113037,98.940500,1051.699454,-21.366115,1059.340650,-141.283878,1048.764651,59.967493,-0.012059,1,0
1.467000,-58.781089,210450.399301,-178.918535,209487.982779,60.864546,208868.420576,99.223268,1056.415407,-20.930785,1060.288100,-141.315839,1051.711931,59.964504,-0.004258,1,0
1.500000,-58.999512,209481.937465,-178.925737,209779.956142,61.187293,209453.677533,99.288602,1054.367412,-20.869741,1057.500879,-140.755815,1057.446568,59.965754,-0.011882,1,0
1.533000,-59.158910,211203.692637,-178.917533,211134.158511,61.185713,211009.104335,98.693823,1051.630734,-21.325645,1053.833064,-140.611659,1069.234165,59.967399,0.001785,1,0
1.567000,-58.920255,209823.289171,-179.032364,209164.356700,61.111668,209048.992806,99.242110,1063.903411,-21.268411,1060.303384,-140.997780,1063.018560,59.962240,0.010179,1,0
1.600000,-58.862189,209440.878884,-178.927122,209233.370766,61.072030,209969.540924,98.943174,1063.612635,-21.041043,1057.854681,-140.900009,1061.755016,59.953836,0.008845,1,0
1.633000,-59.139787,210097.872188,-178.992335,210152.647863,60.923112,208360.555727,98.730601,1054.451350,-20.797791,1054.038064,-141.213703,1058.683335,59.960580,0.010776,1,0
1.667000,-58.998150,208903.623111,-178.889017,210435.476270,61.140518,210439.212797,98.885122,1057.348369,-21.236858,1062.979088,-140.802610,1061.009307,59.969156,-0.001226,1,0
1.700000,-58.889003,210426.949399,-178.931785,208994.590711,61.157813,210829.410094,99.207352,1062.662092,-20.898424,1054.398611,-140.607042,1057.999454,59.964281,-0.000483,1,0
1.733000,-58.870679,211215.645896,-178.953079,211463.180076,61.126547,209700.330898,99.365516,1059.663083,-20.747890,1050.631599,-140.638496,1053.355419,59.970216,-0.002092,1,0
1.767000,-58.974914,211205.471593,-178.816501,210275.497100,61.053593,208759.949600,98.899140,1054.410751,-20.594018,1059.843601,-141.067579,1053.127316,59.961170,0.007881,1,0
1.800000,-58.752315,211133.964603,-179.147914,209988.250010,61.082157,209829.056782,99.164297,1059.336598,-21.105910,1051.633777,-140.946034,1048.439679,59.964569,0.008167,1,0
1.833000,-59.034123,208502.375871,-179.100119,213077.354035,61.080541,210484.494600,98.885488,1053.853431,-21.223705,1050.921734,-140.898114,1054.927421,59.957675,0.002503,1,0
1.867000,-58.928169,209078.777787,-178.862466,210142.907506,61.056891,210060.331226,99.450740,1056.266423,-20.788119,1054.717268,-141.027258,1061.899688,59.974090,-0.000576,1,0
1.900000,-59.097918,211204.213361,-178.982468,210863.334928,60.888346,209384.988880,99.216710,1044.355788,-20.741501,1062.631163,-141.152523,1061.994377,59.957798,0.003079,1,0
1.933000,-59.002786,208940.865019,-178.849185,211349.042764,61.060318,209676.452739,99.222067,1060.287998,-20.795803,1060.259048,-141.071698,1059.752838,59.971279,-0.002594,1,0
1.967000,-58.889274,209654.232355,-178.956186,208576.739998,61.045264,208986.563849,99.399580,1042.594914,-20.973113,1054.390401,-140.793847,1050.762266,59.953364,0.000902,1,0
2.000000,-58.976035,210918.744364,-178.914426,208368.715717,61.082321,209932.550932,99.072664,1046.607078,-20.939167,1050.352272,-140.959338,1053.829377,59.953517,-0.002207,1,0
2.033000,-59.006980,209693.306406,-179.086246,209310.377237,61.162085,211256.817580,99.209143,1051.551490,-20.844094,1057.802957,-140.938586,1049.821745,59.955942,-0.004611,1,0
2.067000,-58.905940,209215.873331,-178.901546,209539.360964,61.204519,209661.980708,98.923603,1053.212872,-20.991652,1048.546292,-140.943077,1049.399879,59.958452,0.007618,1,0
2.100000,-58.930284,209782.380622,-178.884481,209468.718570,61.115300,207497.816376,99.061268,1045.146308,-20.787115,1050.416530,-141.006646,1054.628505,59.954606,0.000178,1,0
2.133000,-58.837414,208437.148774,-178.828041,211774.587550,61.275945,209772.695533,99.105319,1049.753667,-20.933366,1056.942060,-140.294258,1053.479309,59.946288,-0.009538,1,0
2.167000,-58.824166,210483.044927,-178.993767,209091.022759,61.081719,210802.898900,99.061153,1048.550118,-20.928093,1042.677801,-140.776407,1037.008989,59.955130,-0.005775,1,0
2.200000,-58.763414,211965.705053,-178.720487,211320.614514,61.228734,208183.813486,99.122838,1051.702568,-20.666369,1048.469027,-140.659923,1051.488708,59.957485,-0.006078,1,0
2.233000,-58.950180,210439.659717,-178.850469,209217.899567,61.168815,209123.344976,98.874495,1050.298416,-20.944509,1056.763569,-141.045827,1047.674793,59.957148,0.007006,1,0
2.267000,-58.703135,210038.664243,-178.779911,209998.959057,61.250728,210390.871339,99.247862,1045.730100,-20.895390,1063.358486,-140.604623,1058.333965,59.957640,0.001872,1,0
2.300000,-58.903238,209939.757475,-178.895423,211919.230002,60.963226,209181.497961,99.207180,1049.654618,-20.915009,1050.458861,-140.847280,1047.733235,59.953152,-0.001883,1,0
2.333000,-58.907931,210145.098602,-178.800523,211628.875062,61.298280,208174.653764,98.746704,1054.481241,-20.766724,1062.726157,-140.626734,1052.430038,59.958473,-0.008682,1,0
2.367000,-58.905087,210422.347964,-178.910434,210641.693052,61.059929,208948.313333,99.136408,1056.090173,-20.678966,1052.768510,-140.993240,1051.728729,59.954990,-0.004152,1,0
2.400000,-58.767817,210198.597793,-178.939953,210325.125212,60.969152,210891.741280,99.180695,1059.040465,-20.894344,1057.186829,-141.302561,1054.072105,59.958453,-0.010516,1,0
2.433000,-58.889183,211245.866879,-178.817175,209756.685409,61.002350,211152.519037,99.241340,1051.446727,-20.777728,1059.378148,-140.901241,1053.643707,59.955846,0.005292,1,0
2.467000,-58.876374,210530.418373,-178.875781,209267.759863,61.273869,210568.637554,99.554094,1056.725149,-21.106595,1054.693210,-140.698385,1055.460523,59.954287,-0.009903,1,0
2.500000,-58.899293,209892.108810,-178.920060,209923.530617,61.070317,209745.745674,98.989021,1060.306766,-20.911196,1050.069242,-141.054504,1060.001373,59.961723,0.010665,1,0
2.533000,-58.657325,210387.187608,-178.890591,211436.461329,61.087817,210546.060517,99.509372,1047.898685,-21.151931,1049.560511,-140.961597,1055.407548,59.952369,0.002310,1,0
2.567000,-58.769317,209542.563593,-178.776870,208941.014683,61.375969,211007.427563,99.206405,1049.440243,-20.863364,1050.616459,-140.764389,1062.882385,59.943434,-0.006377,1,0
2.600000,-58.932496,209231.706413,-178.932031,209182.466935,61.196126,207993.813032,98.973534,1063.626119,-20.820523,1059.839001,-140.659061,1060.960134,59.957259,-0.005608,1,0
2.633000,-58.852056,208348.979627,-179.034302,208553.428857,61.226810,209349.446210,99.332814,1057.062868,-21.114444,1048.416948,-140.826273,1054.106768,59.958565,-0.004926,1,0
2.667000,-58.661832,209596.687493,-179.100756,209317.768733,61.109419,211035.853530,99.212599,1056.173830,-20.813570,1048.779829,-140.942853,1052.464231,59.955447,-0.007448,1,0
2.700000,-58.582148,209797.489475,-178.801558,209238.959071,61.217926,210230.806950,99.195037,1051.585740,-20.801141,1055.840783,-141.263946,1049.985720,59.960979,0.003570,1,0
2.733000,-58.742080,209768.188784,-178.748085,208959.493790,61.196106,209292.222651,99.114998,1054.706850,-20.470238,1056.861301,-140.993041,1060.046483,59.958185,-0.007379,1,0
2.767000,-58.781296,209529.664778,-178.884495,208767.296649,61.277317,209483.194406,98.687642,1040.808895,-21.079634,1051.740671,-140.763329,1057.408543,59.957094,-0.002868,1,0
2.800000,-58.660527,209327.964538,-178.799067,208653.878911,61.285660,209604.463859,98.896259,1053.967808,-20.563551,1050.271653,-140.817189,1057.126268,59.948596,-0.001999,1,0
2.833000,-58.878598,211354.088779,-178.634826,211178.363661,61.139227,210298.647635,99.463453,1044.596432,-20.500144,1054.785917,-141.035278,1052.430002,59.954184,-0.003231,1,0
2.867000,-58.688248,212084.544855,-178.696503,211408.013561,61.318306,209054.997540,99.110322,1056.294610,-20.784801,1060.336203,-140.549409,1055.194170,59.950644,0.011709,1,0
2.900000,-58.798563,210335.376971,-178.888108,209208.658412,61.252845,209603.579612,99.038131,1058.740272,-20.855226,1048.284071,-140.885412,1042.702549,59.947803,-0.003342,1,0
2.933000,-58.674791,209788.267792,-178.754767,211405.436835,61.219515,208343.098913,99.205641,1060.035055,-20.598444,1059.315252,-140.899715,1064.926856,59.953638,-0.000370,1,0
2.967000,-58.837425,208930.275487,-178.674957,211024.649516,61.164182,208335.279718,99.194422,1055.809213,-20.657505,1063.006472,-140.861189,1050.524052,59.950975,-0.009671,1,0
3.000000,-58.798997,208437.851586,-178.676461,210461.982294,61.424729,211422.949340,99.390452,1063.485566,-20.496872,1063.577307,-140.261759,1057.371099,59.954959,-0.003569,1,0
3.033000,-58.587598,210849.834157,-178.666204,209668.473593,61.295871,208616.951113,99.339796,1053.595890,-20.735493,1049.900960,-140.871616,1050.509108,59.949174,0.003417,1,0
3.067000,-58.651543,209063.818259,-178.465399,210706.949042,61.201292,211279.329882,99.272677,1051.882390,-20.683891,1055.317775,-140.812126,1059.132768,59.957387,-0.010872,1,0
3.100000,-58.905004,206667.449840,-178.890460,208302.879159,61.342202,208409.535091,99.327485,1044.022792,-21.014761,1055.249554,-140.621423,1057.270215,59.956343,0.001483,1,0
3.133000,-58.738482,209769.409210,-178.668765,209076.195085,61.528177,208488.443595,99.255450,1063.624728,-20.747584,1054.408382,-140.410202,1050.900826,59.954129,0.000067,1,0
3.167000,-58.640309,208749.149096,-178.871038,208377.338383,61.306732,207289.468616,99.082352,1055.392649,-20.576036,1052.817694,-140.771721,1055.755470,59.953750,0.005163,1,0
3.200000,-58.837372,210311.671570,-178.753844,208764.722231,61.233654,208294.413590,99.377228,1064.314846,-20.467072,1064.882108,-140.790357,1053.137202,59.948826,0.009284,1,0
3.233000,-58.745497,209381.615505,-178.843004,210342.040946,61.211854,208185.328475,99.270230,1059.706877,-20.941419,1060.392858,-140.768466,1059.149311,59.951872,0.000083,1,0
3.267000,-58.646444,208441.112577,-178.738194,211107.763618,61.357314,210052.679793,99.592133,1051.534506,-20.627745,1055.463509,-140.729533,1060.920994,59.948760,0.007936,1,0
3.300000,-58.527579,209368.388850,-178.734319,208749.341933,61.286735,209447.170528,99.320948,1046.183622,-20.682610,1057.254456,-140.693016,1056.378688,59.948311,-0.003502,1,0
3.333000,-58.523370,211011.826236,-178.558176,209237.841682,61.380925,208388.801716,99.599630,1054.088701,-20.554656,1051.089732,-141.000700,1057.846508,59.952845,0.006372,1,0
3.367000,-58.686274,209472.195428,-178.667429,209855.480171,61.160212,211040.454401,98.944428,1047.156623,-20.829565,1060.029645,-140.590362,1061.458589,59.954844,0.013950,1,0
3.400000,-58.713727,208322.169170,-178.571796,209804.087371,61.440842,210698.552055,99.226005,1052.149914,-20.587317,1045.484149,-140.173020,1044.881062,59.952213,0.009569,1,0
3.433000,-58.735178,208406.344423,-178.563922,209934.075900,61.242711,207296.640917,99.105541,1053.699424,-20.661737,1051.862770,-140.830989,1056.236003,59.952315,-0.004028,1,0
3.467000,-58.580913,209158.289932,-178.460536,208892.688474,61.401201,207408.577621,99.538051,1054.411174,-20.505150,1062.021825,-141.002629,1047.033267,59.950557,-0.004758,1,0
3.500000,-58.698754,210146.166139,-178.525357,208975.686843,61.358100,208849.475120,99.654195,1053.601240,-20.641434,1058.048288,-141.162884,1053.402618,59.955395,-0.004946,1,0
3.533000,-58.580526,208365.326787,-178.649961,211308.106815,61.167574,210142.434167,99.604392,1046.068265,-20.367684,1059.891638,-140.506438,1047.291069,59.949175,-0.001275,1,0
3.567000,-58.518411,210635.521779,-178.749216,210517.447572,61.408312,209481.127697,99.370473,1058.313997,-20.469086,1048.146565,-140.319353,1059.363516,59.950612,0.002518,1,0
3.600000,-58.711904,210315.264875,-178.740149,211665.079156,61.242948,211183.166196,99.351673,1053.891013,-20.589138,1054.314479,-140.606401,1052.496834,59.949658,-0.004640,1,0
3.633000,-58.619154,208772.935078,-178.769143,211177.010531,61.365245,208734.583087,99.268588,1066.623882,-20.986552,1054.917641,-140.702145,1053.179078,59.953361,0.005954,1,0
3.667000,-58.637716,209309.574040,-178.447485,210212.656403,61.401134,211201.695728,99.378339,1054.430743,-20.443442,1046.588277,-140.679804,1054.093403,59.954176,-0.000575,1,0
3.700000,-58.638651,208961.057201,-178.520535,209069.151865,61.371989,209990.857685,99.259075,1057.982812,-20.456122,1066.376923,-140.606824,1063.332279,59.962992,0.004943,1,0
3.733000,-58.538882,210161.818896,-178.754557,211325.315489,61.387289,209051.495198,99.273855,1072.900419,-20.486884,1065.208510,-140.708664,1064.093399,59.961417,-0.011159,1,0
3.767000,-58.596173,207727.172415,-178.431795,209848.720165,61.369203,207706.359571,99.643920,1069.058021,-20.724350,1065.321559,-140.660387,1065.147857,59.953516,-0.006715,1,0
3.800000,-58.396837,210253.042919,-178.419121,208820.886104,61.516010,209624.570224,99.498975,1060.022053,-20.622341,1055.525080,-140.530805,1058.465604,59.954316,0.001396,1,0
3.833000,-58.296881,209459.615446,-178.635193,210013.066711,61.554849,208253.531733,99.850462,1045.195969,-20.669019,1054.148601,-140.340246,1045.568029,59.949673,0.014327,1,0
3.867000,-58.435372,209025.624330,-178.420284,211181.891388,61.440139,208618.583133,99.501804,1055.442453,-20.201710,1049.152873,-140.637328,1059.575420,59.953991,-0.001381,1,0
3.900000,-58.501898,209978.946836,-178.455887,210796.075224,61.497860,209340.736085,99.364980,1047.980002,-20.439357,1035.629913,-140.467958,1039.669701,59.948637,0.002638,1,0
3.933000,-58.339631,209108.726817,-178.596917,209115.933589,61.445790,209832.787536,99.529783,1058.862694,-20.792695,1039.695930,-140.564434,1053.483341,59.951494,0.005727,1,0
3.967000,-58.528190,208472.420087,-178.586391,209237.913548,61.524361,209011.358373,99.585031,1053.404632,-20.501179,1045.799261,-140.415572,1043.613663,59.957584,0.009255,1,0
4.000000,-58.555946,210522.544130,-178.598120,209789.858980,61.528388,209462.182325,99.189387,1048.045787,-20.771561,1044.002439,-140.716120,1049.240716,59.949566,0.000340,1,0
4.033000,-58.594199,209766.773111,-178.586197,208057.997039,61.508374,208648.603758,99.500051,1049.471949,-20.472350,1054.875856,-140.069653,1057.736997,59.953099,0.009283,1,0
4.067000,-58.499756,209778.173586,-178.411555,209598.963780,61.507437,208136.426523,99.310293,1046.127673,-20.595320,1042.801132,-140.250152,1047.088962,59.957856,0.002485,1,0
4.100000,-58.489562,208977.641141,-178.578505,209295.430336,61.240254,210890.415380,99.415121,1046.212085,-20.716894,1054.108806,-140.779595,1053.655379,59.954176,0.000979,1,0
4.133000,-58.613923,209420.472619,-178.538623,206550.963956,61.655392,209150.713766,99.270344,1054.272091,-20.376997,1054.937598,-140.343827,1051.706222,59.955464,0.005122,1,0
4.167000,-58.373892,209621.219628,-178.411329,210006.322759,61.699023,209265.917037,99.448427,1042.925339,-20.234715,1051.948256,-140.460902,1055.677773,59.953835,0.003767,1,0
4.200000,-58.326169,208472.741824,-178.633372,208779.390296,61.519808,210097.061213,99.667734,1046.868123,-20.166910,1049.408157,-140.428877,1046.393020,59.949838,0.002593,1,0
4.233000,-58.436505,208565.867982,-178.413224,209060.841538,61.512320,206987.308765,99.513039,1054.288006,-20.448336,1039.024459,-140.215268,1050.633386,59.948880,-0.008770,1,0
4.267000,-58.447072,209720.525040,-178.650612,208178.932721,61.383264,207707.524954,99.453806,1048.778987,-20.342778,1045.045785,-140.468085,1050.314540,59.946477,0.003823,1,0
4.300000,-58.418175,206710.189753,-178.412209,208726.211069,61.515520,207449.055414,99.506910,1035.964823,-20.180041,1043.952078,-140.549032,1043.198163,59.951163,-0.012764,1,0
4.333000,-58.562848,210208.349351,-178.466156,207983.272786,61.360752,207807.982847,99.468667,1045.286262,-20.556541,1049.566082,-140.658694,1045.710076,59.954724,-0.006093,1,0
4.367000,-58.545962,209381.220464,-178.480863,208148.679237,61.407110,207027.281741,99.461972,1046.810970,-20.498556,1049.397391,-140.758922,1039.089518,59.955552,0.000664,1,0
4.400000,-58.634677,208674.618821,-178.300624,209273.155592,61.535354,209505.692283,99.262348,1050.736784,-20.180620,1037.093997,-140.529731,1040.711182,59.953537,-0.000081,1,0
4.433000,-58.552783,209713.200143,-178.205191,207934.123522,61.465045,207068.893555,99.445697,1044.839873,-20.014186,1049.816133,-140.448010,1045.493431,59.952124,-0.002523,1,0
4.467000,-58.483569,210495.188290,-178.554161,208007.600687,61.581721,207025.423750,99.488734,1040.257803,-20.419967,1050.079782,-140.233912,1036.831361,59.957060,0.010895,1,0
4.500000,-58.507759,208615.575971,-178.499677,208915.670001,61.634863,209695.062307,99.211864,1040.889562,-20.824845,1050.372615,-140.248898,1047.491187,59.947422,-0.002657,1,0
4.533000,-58.451012,208636.005439,-178.529750,208995.566184,61.681067,205950.824032,99.642766,1049.228937,-20.448991,1047.590191,-140.297767,1050.452849,59.952859,-0.005638,1,0
4.567000,-58.325514,209684.987342,-178.468172,209357.694878,61.475818,208774.240297,99.759761,1037.133211,-20.358421,1044.708376,-140.454472,1047.904366,59.947737,-0.000145,1,0
4.600000,-58.490236,208028.800005,-178.562473,209855.867383,61.457206,205993.037504,99.207038,1043.421729,-20.589569,1044.407687,-140.735400,1043.179996,59.951509,0.007292,1,0
4.633000,-58.578999,207674.924921,-178.587878,206654.409460,61.578232,207406.504350,99.565098,1036.318690,-20.488021,1036.399057,-140.568188,1045.824683,59.952730,0.001868,1,0
4.667000,-58.639354,208755.454009,-178.624231,208821.474862,61.678776,207443.069439,99.465706,1043.379506,-20.643193,1044.431388,-140.603954,1046.628222,59.951971,0.004544,1,0
4.700000,-58.473031,206405.296951,-178.605323,207724.516548,61.462661,206545.697877,99.803250,1046.581400,-20.294812,1027.455911,-140.657625,1045.164700,59.956714,0.001522,1,0
4.733000,-58.521930,209745.561521,-178.457323,208840.164477,61.350754,207590.665003,99.284037,1044.804576,-20.489941,1038.975002,-140.587729,1043.026465,59.951860,-0.014807,1,0
4.767000,-58.593978,208969.675974,-178.599178,208342.241131,61.333317,208013.087596,99.512286,1037.020892,-21.145869,1031.593894,-140.815531,1042.802503,59.947611,-0.015212,1,0
4.800000,-58.563412,208872.827411,-178.736513,209935.952432,61.461101,208729.509731,99.277427,1033.296342,-20.958002,1032.311493,-140.441239,1030.699927,59.950275,-0.008583,1,0
4.833000,-58.522611,207893.780116,-178.704480,208787.642440,61.454172,208994.426067,99.592313,1045.093688,-20.663579,1027.334940,-140.703456,1042.518268,59.955033,-0.000028,1,0
4.867000,-58.552793,207274.512491,-178.785594,207651.462011,61.453090,207996.102257,99.423746,1046.661907,-20.953921,1033.640513,-140.586661,1042.278554,59.957554,0.004401,1,0
4.900000,-58.469332,209423.989665,-178.724354,206915.038251,61.508910,205232.116264,99.270770,1040.726404,-20.718360,1045.718731,-140.448639,1039.826572,59.957939,0.008042,1,0
4.933000,-58.678506,208653.351935,-178.590798,206109.711056,61.574639,207584.772894,99.541194,1041.537241,-20.859339,1044.637075,-140.040609,1036.332512,59.958933,0.008740,1,0
4.967000,-58.660351,207729.525062,-178.807345,207977.524387,61.551090,207894.667480,99.684079,1037.676859,-20.515383,1034.903895,-140.699468,1042.830092,59.951838,0.013149,1,0
5.000000,-58.637430,207023.384648,-178.681711,207622.480448,61.300086,207393.216325,99.540014,1037.431612,-20.691184,1036.334431,-140.694200,1035.916432,59.954236,0.007454,1,0
5.033000,-58.665344,209070.784584,-178.481903,206548.104158,61.413225,206145.661605,99.635644,1038.719052,-20.397951,1046.213298,-140.735766,1032.060439,59.956231,-0.006699,1,0
5.067000,-58.550262,206649.205074,-178.546915,207757.910771,61.459417,207220.083947,99.356772,1030.864047,-20.606004,1034.374655,-140.672288,1034.853451,59.964394,0.005814,1,0
5.100000,-58.513841,207974.382966,-178.789197,208199.527572,61.420301,206684.679213,99.537946,1022.856314,-20.753673,1029.343521,-140.099705,1033.129785,59.953648,-0.000275,1,0
5.133000,-58.539497,206771.019194,-178.406351,207458.902962,61.601269,207595.063024,99.586102,1028.544180,-20.221252,1035.077780,-140.257200,1044.401561,59.946336,0.008873,1,0
5.167000,-58.502904,206897.947305,-178.639398,208137.123922,61.356775,207671.415199,99.638021,1031.553828,-20.605619,1033.487655,-140.268436,1034.686301,59.951525,-0.008941,1,0
5.200000,-58.301923,207243.395866,-178.651324,208136.554606,61.541598,205460.580034,99.506875,1031.115740,-20.624712,1038.638227,-140.678842,1042.052191,59.949586,-0.003832,1,0
5.233000,-58.413953,207510.119017,-178.617889,207210.006509,61.544011,205544.763177,99.589991,1029.185169,-20.608747,1036.833989,-140.597652,1042.812264,59.949551,-0.008587,1,0
5.267000,-58.583410,207322.192241,-178.566836,208318.853868,61.431883,206552.866859,99.698185,1032.962775,-20.752076,1034.764075,-140.637136,1033.105473,59.947581,-0.001180,1,0
5.300000,-58.520073,206639.923135,-178.672259,206470.022181,61.405872,206490.659948,99.704542,1026.418472,-20.617596,1027.852314,-140.425801,1040.269098,59.941425,0.001082,1,0
5.333000,-58.569011,206610.215431,-178.408299,208462.719474,61.507914,206222.852997,99.431661,1029.545528,-19.963788,1035.242842,-140.431246,1028.250938,59.944282,-0.001557,1,0
5.367000,-58.572095,207255.388688,-178.382968,207878.664099,61.600644,206081.189042,99.505080,1022.177353,-20.350846,1026.374948,-140.280557,1032.613174,59.950073,-0.006267,1,0
5.400000,-58.549370,207947.027071,-178.333346,207976.395921,61.633328,207668.261333,99.224288,1036.447693,-20.142895,1032.504500,-140.375425,1029.294505,59.956993,0.021982,1,0
5.433000,-58.493648,205012.877714,-178.351053,206945.204705,61.483184,205231.464203,99.017493,1024.719069,-20.262265,1024.369044,-140.231072,1037.752192,59.948489,-0.001062,1,0
5.467000,-58.438452,206196.440602,-178.098484,207786.761002,61.576394,207391.141839,99.592569,1031.399707,-20.131379,1042.228158,-140.666458,1038.427867,59.946494,-0.004584,1,0
5.500000,-58.215280,207100.711735,-178.346518,207749.772320,61.610696,206626.760653,99.729159,1038.505467,-20.546964,1031.874689,-140.536427,1035.956646,59.951168,-0.003557,1,0
5.533000,-58.268282,207858.631836,-178.133975,208019.859116,61.712848,206575.870901,99.604353,1056.186587,-20.026482,1035.853040,-140.495186,1031.092128,59.955721,0.008505,1,0
5.567000,-58.450515,207245.651755,-178.226151,208017.452804,61.676325,206325.477887,99.472687,1033.220464,-20.507282,1036.713419,-140.354030,1037.439002,59.950722,0.004316,1,0
5.600000,-58.389644,205383.193353,-178.558408,207623.535986,61.598177,206120.717611,99.860517,1041.562863,-20.201449,1040.574087,-140.552942,1030.803206,59.956237,0.008991,1,0
5.633000,-58.423762,208250.560222,-178.272106,207917.353153,61.696048,205697.620987,99.829157,1038.467663,-20.615116,1037.888191,-140.382187,1036.992353,59.945196,0.014217,1,0
5.667000,-58.134593,205498.614401,-178.489065,206852.341196,61.848554,206081.817726,99.994143,1041.993995,-20.496316,1042.046296,-140.070346,1031.872570,59.947442,0.003289,1,0
5.700000,-58.245054,206857.168524,-178.353930,207336.326433,61.679275,206337.518685,99.885146,1035.295254,-19.912764,1027.488298,-140.306560,1041.856063,59.950530,0.001468,1,0
5.733000,-58.262840,208803.595500,-178.148418,205908.158015,61.723410,207614.302284,99.506191,1034.970774,-19.917999,1041.894444,-140.254600,1036.038125,59.938506,-0.007454,1,0
5.767000,-58.188869,205618.692483,-178.301444,206759.442350,61.657258,207398.849696,100.207328,1038.464722,-20.583933,1022.849441,-140.876989,1026.842078,59.952716,-0.001510,1,0
5.800000,-58.365574,206553.540118,-178.253336,205593.610223,61.794620,204908.863437,99.588877,1038.752682,-20.467984,1033.217656,-140.145027,1037.679827,59.956873,0.000261,1,0
5.833000,-58.240428,206141.473517,-178.090429,205496.712973,61.792978,207735.298948,99.484359,1034.389087,-20.224566,1042.300118,-139.996113,1034.529771,59.954563,0.005192,1,0
5.867000,-58.233970,207536.826897,-178.186124,208894.968721,61.703859,207220.250698,99.719152,1029.215088,-20.496788,1037.481975,-140.287459,1032.773972,59.953566,-0.006279,1,0
5.900000,-58.148784,208151.318766,-178.279594,206015.938543,61.758985,206323.306004,100.253619,1031.236652,-20.184554,1029.047525,-140.219536,1031.462481,59.944913,-0.003690,1,0
5.933000,-58.117721,206298.985220,-178.160290,207652.728101,61.833220,208609.205872,100.041045,1024.679956,-20.217785,1037.475778,-140.261817,1029.227035,59.947720,-0.004596,1,0
5.967000,-58.250684,205799.268355,-178.063952,206493.600417,61.788284,205965.211840,99.842617,1024.887483,-20.133410,1021.155937,-140.514537,1030.833963,59.943948,-0.008656,1,0
6.000000,-58.210512,206404.364405,-178.372974,206595.449406,61.904676,207024.814179,99.923179,1037.215059,-20.643943,1021.754510,-140.157187,1031.013372,59.946293,0.007338,1,0
6.033000,-58.123399,206881.590030,-178.239412,207253.087562,61.860298,207009.858230,99.994580,1032.216552,-20.567062,1028.895432,-140.093933,1028.697541,59.947495,-0.005211,1,0
6.067000,-58.249893,208245.852595,-178.116911,208539.709564,61.871834,206989.298079,99.536636,1031.143685,-20.254877,1021.631798,-140.092681,1028.823238,59.947927,0.008793,1,0
6.100000,-58.047795,207130.418143,-178.070283,207075.444374,61.745700,207714.937517,99.827093,1029.343594,-20.140651,1030.568645,-140.419530,1026.469936,59.950145,-0.009790,1,0
6.133000,-58.252007,208203.089195,-178.079590,205711.465893,61.832944,206378.851531,99.868854,1012.862165,-20.018443,1026.596649,-140.091853,1022.478405,59.941207,-0.000779,1,0
6.167000,-58.267913,208453.604199,-178.103411,206460.982598,61.938830,207582.508380,99.777365,1020.808706,-20.109727,1021.799347,-140.280099,1025.862984,59.947273,0.002419,1,0
6.200000,-58.165715,206630.473959,-178.326763,207679.576462,61.817261,206286.174876,99.460514,1022.573060,-20.273788,1016.046314,-140.322180,1016.986050,59.940303,0.008141,1,0
6.233000,-58.450797,207736.467634,-178.300073,206559.692505,61.892752,207454.641433,99.504984,1021.415692,-20.223361,1013.661770,-139.995187,1024.693417,59.939777,0.003904,1,0
6.267000,-58.368085,205828.037418,-178.160513,205890.453706,61.804515,206558.060895,99.597871,1012.933160,-20.156773,1018.502543,-140.133935,1019.153272,59.946081,0.010832,1,0
6.300000,-58.370087,207585.902501,-178.212617,206095.074168,61.834489,206408.047824,99.590916,1012.454797,-20.543880,1027.137593,-140.124570,1021.036935,59.946598,-0.006188,1,0
6.333000,-58.080734,207420.512744,-178.284976,206912.906932,61.847276,208437.600375,99.909025,1021.916423,-20.299297,1022.338977,-140.387777,1012.467134,59.948781,0.007115,1,0
6.367000,-58.138056,207201.320555,-178.293219,206878.082895,61.817770,206390.670511,100.063895,1024.558532,-20.207695,1015.065856,-140.237052,1018.951138,59.952558,-0.010056,1,0
6.400000,-58.318590,207484.763821,-178.129968,206922.956598,61.703548,206844.043800,99.779124,1025.101043,-20.108695,1025.396376,-140.668752,1008.726866,59.939538,0.003423,1,0
6.433000,-58.193813,205887.698544,-178.243638,205821.084757,61.817310,205652.801752,99.953221,1018.216120,-20.094884,1026.100227,-140.027497,1014.799301,59.940959,-0.006943,1,0
6.467000,-58.143789,208304.363481,-178.316950,206599.616892,61.642710,206814.675631,99.584250,1014.287910,-20.266961,1026.690855,-140.246249,1028.182077,59.949266,-0.003515,1,0
6.500000,-58.155060,207889.965503,-178.166019,206613.056096,61.626585,207774.182275,99.936776,1025.091824,-20.271013,1023.850657,-140.265164,1021.518633,59.946741,-0.003567,1,0
6.533000,-58.395014,206542.747435,-178.190630,208085.443431,61.639810,207554.757180,99.546160,1018.096251,-20.241198,1021.188506,-140.491789,1027.574088,59.947748,0.008673,1,0
6.567000,-58.261751,205720.433976,-178.196968,206404.181964,61.766534,207457.242941,99.817107,1024.874652,-20.368467,1012.817113,-140.432000,1017.404317,59.960498,0.001109,1,0
6.600000,-58.054641,208307.726934,-178.275548,207552.495940,61.700212,206696.214673,99.608725,1024.523737,-20.433967,1026.710412,-140.518465,1015.952682,59.951223,-0.009666,1,0
6.633000,-58.186454,207519.639486,-178.347292,207024.410353,61.642145,206395.494615,99.974090,1026.591598,-20.182068,1024.342610,-140.191661,1028.501111,59.952936,-0.003660,1,0
6.667000,-58.164680,207368.916536,-178.282262,205789.759273,61.684134,206487.766803,99.803859,1018.882420,-20.490980,1020.905535,-140.387353,1016.990642,59.957569,0.009774,1,0
6.700000,-58.194559,207308.280416,-178.031788,207774.899553,61.651685,206253.666660,99.733445,1031.167911,-20.110555,1025.118069,-140.545056,1019.791969,59.951501,-0.006766,1,0
6.733000,-58.155429,207376.208531,-178.221612,210587.431097,61.837186,206778.083286,100.060315,1021.232164,-20.463985,1013.307301,-140.017566,1017.046991,59.951215,-0.001133,1,0
6.767000,-58.235631,205745.156914,-178.012645,208190.211532,61.849100,207020.654251,99.728788,1028.080073,-20.168918,1023.316830,-140.235767,1021.380581,59.944627,-0.008985,1,0
6.800000,-58.153367,208378.213345,-178.139250,206943.251421,61.810366,208731.620846,100.087165,1030.967564,-20.089863,1026.313233,-140.070381,1028.896179,59.953426,0.002482,1,0
6.833000,-58.361632,207625.685050,-178.139751,207061.391929,61.888078,205009.364486,99.134333,1011.546625,-20.075604,1018.163968,-140.228470,1023.751436,59.947698,-0.002812,1,0
6.867000,-58.072644,207683.111153,-178.276635,207703.290842,61.947610,207612.745856,99.675919,1023.426320,-20.178271,1016.186298,-140.146598,1027.170481,59.948838,-0.000570,1,0
6.900000,-58.163316,206822.238734,-178.179687,206590.736156,61.935326,206338.175423,100.021587,1038.631526,-20.417263,1021.359756,-140.122396,1023.700513,59.946049,-0.003078,1,0
6.933000,-58.269973,205990.582772,-178.088492,208682.968508,61.722218,205466.934592,99.682845,1034.397267,-20.006015,1020.718336,-140.338414,1016.311948,59.950655,-0.002405,1,0
6.967000,-58.137844,206876.450010,-178.084149,207848.359180,61.922209,206692.446706,99.978039,1021.844611,-20.457451,1020.410375,-140.017279,1021.642468,59.946309,0.009986,1,0
7.000000,-58.176025,207725.892225,-177.975007,207713.252163,61.902966,205785.519198,100.011632,1037.686359,-19.951685,1021.048441,-139.751513,1023.322262,59.943124,-0.013862,1,0
7.033000,-58.252380,206239.856955,-178.061458,207436.880052,61.833219,205729.825363,100.090599,1022.255865,-19.887572,1039.513964,-140.188054,1026.293083,59.941916,-0.009157,1,0
7.067000,-58.214445,206421.429066,-178.124858,206016.745538,61.692881,208511.074975,99.336122,1023.649847,-20.077456,1018.517403,-140.228462,1037.214410,59.948229,0.003014,1,0
7.100000,-58.295885,208973.978431,-178.183560,207648.359340,61.609763,207088.584167,99.544843,1028.162415,-20.312018,1033.532216,-140.282231,1026.983539,59.948642,0.013357,1,0
7.133000,-58.216159,208166.662205,-177.964438,206922.294190,61.927571,206847.727191,99.715640,1021.181190,-20.325450,1023.315900,-139.950477,1029.135815,59.951951,-0.005284,1,0
7.167000,-58.260676,206153.178065,-178.313690,206375.426367,61.739400,207569.346476,99.402429,1024.588860,-20.393156,1034.931002,-140.282011,1035.388497,59.947666,0.002831,1,0
7.200000,-58.140079,206085.963204,-178.137721,206991.959616,61.892625,207672.485130,99.904853,1030.026328,-20.191833,1019.485237,-139.709170,1027.762849,59.942432,-0.016617,1,0
7.233000,-58.063605,206741.984969,-178.260934,206600.860222,61.819367,207799.462074,99.939396,1031.206951,-20.226157,1028.445829,-140.096999,1030.905759,59.957403,0.004556,1,0
7.267000,-58.318166,205805.346260,-178.057091,206398.595770,61.742211,205023.247045,100.078344,1017.912473,-19.822862,1025.716077,-140.297312,1014.225854,59.950059,-0.001896,1,0
7.300000,-58.082461,204851.553309,-178.387280,208428.366605,61.740623,205795.781169,99.998191,1017.167577,-20.738874,1025.091034,-140.242041,1017.449318,59.947024,0.008091,1,0
7.333000,-58.206631,207138.625922,-178.254163,207543.768926,61.875184,207233.623846,99.788386,1021.182490,-20.481909,1025.788895,-140.153482,1021.380712,59.948479,-0.010914,1,0
7.367000,-58.456080,206849.846364,-178.241994,207024.092644,61.634814,205701.909334,99.571132,1016.803192,-20.134010,1026.743305,-140.347887,1020.147531,59.949108,-0.006643,1,0
7.400000,-58.376947,205799.529450,-178.092005,205921.729585,61.658891,204750.091263,99.595468,1008.786884,-20.268403,1029.658752,-140.206854,1018.694008,59.948510,0.006244,1,0
7.433000,-58.104158,206568.945582,-178.035912,207835.364219,61.799055,207834.816353,100.021238,1026.517558,-20.294230,1023.524115,-140.136212,1026.623696,59.946725,0.003493,1,0
7.467000,-58.293066,206714.814228,-178.090977,205097.716830,61.759964,206411.798936,99.606262,1011.959718,-20.252257,1023.426863,-140.647007,1018.510492,59.945299,-0.002879,1,0
7.500000,-58.139214,205640.138552,-178.187467,207115.409853,61.796519,205010.776306,100.046430,1015.840545,-19.978850,1024.923567,-140.388145,1025.974621,59.948084,-0.008069,1,0
7.533000,-58.017677,205991.019735,-178.115269,207735.819913,61.832095,207004.697844,100.143262,1027.133167,-20.265575,1026.503674,-140.314180,1023.032231,59.948789,-0.005710,1,0
7.567000,-58.293210,206775.462258,-178.254998,207745.519017,61.957730,206038.453441,99.546589,1027.913988,-20.346879,1036.015723,-140.122916,1025.854836,59.943453,-0.007520,1,0
7.600000,-58.026221,207315.894974,-178.198053,207966.792168,61.892650,206878.761089,100.314529,1031.106547,-20.023056,1033.499757,-139.760714,1020.888060,59.943277,-0.008263,1,0
7.633000,-58.125113,205961.712288,-178.247563,207052.124558,61.742870,205889.264812,99.631698,1029.397379,-20.466242,1024.400234,-140.341766,1028.472670,59.947739,-0.017273,1,0
7.667000,-58.093032,208197.181922,-178.112558,207789.357013,61.892882,206819.453245,99.634927,1024.142606,-20.202751,1030.584099,-140.165929,1044.598372,59.943123,-0.003059,1,0
7.700000,-57.945814,206821.104151,-177.941375,208033.660227,61.722589,205832.015426,99.989808,1035.356965,-19.477651,1034.657701,-140.427657,1029.649864,59.946705,0.002958,1,0
7.733000,-58.292622,207872.024755,-178.166804,208854.251201,61.640895,206713.623798,99.756689,1040.019973,-20.267900,1032.679844,-140.431322,1024.860009,59.941770,0.002636,1,0
7.767000,-58.195391,206718.379751,-178.047779,206464.250706,61.707941,205257.878076,99.702759,1028.176787,-19.981254,1023.550102,-140.345335,1017.385100,59.954188,0.001605,1,0
7.800000,-58.404759,207859.477806,-178.157099,208169.492621,61.583548,204630.671942,99.570283,1015.726482,-19.951912,1020.355866,-140.408100,1011.421982,59.954801,0.002922,1,0
7.833000,-58.214326,205222.101150,-178.128461,208448.723899,61.701837,206181.256940,99.986220,1024.561949,-20.119101,1029.498783,-140.203417,1027.880061,59.949872,-0.007176,1,0
7.867000,-58.304259,208537.987787,-178.207987,206566.997882,61.673475,207693.444714,99.692501,1024.031219,-20.312770,1020.623625,-140.125974,1028.178913,59.950249,-0.000007,1,0
7.900000,-58.161336,207115.825997,-178.332004,206560.386561,61.728731,208008.959030,99.581327,1016.231016,-20.350668,1026.179070,-140.111366,1014.444668,59.957649,0.007473,1,0
7.933000,-58.376181,206985.151771,-178.387819,206184.575596,61.543775,207127.878929,99.654783,1017.539300,-20.597496,1014.587198,-140.083829,1025.500019,59.962772,-0.001512,1,0
7.967000,-58.401184,206371.699674,-178.299598,206353.274096,61.624437,207046.274742,99.753100,1025.036981,-20.493564,1019.125795,-140.322742,1021.287209,59.959116,0.015777,1,0
8.000000,-58.477965,207031.767792,-178.394554,207383.816926,61.740752,207569.333689,99.227681,1022.364874,-20.354532,1019.776075,-140.260916,1023.529199,59.951941,0.011657,1,0
8.033000,-58.265373,207811.247592,-178.535525,207130.121723,61.427359,207680.039786,100.108065,1029.951447,-20.350187,1034.140245,-140.770989,1025.404169,59.958725,0.008889,1,0
8.067000,-58.399530,206588.415215,-178.334632,206140.274108,61.408242,206622.330254,99.808987,1029.620419,-20.363728,1022.394989,-140.577232,1015.945513,59.956966,-0.004236,1,0
8.100000,-58.466538,205872.848770,-178.563562,207002.120121,61.537033,206236.176330,99.792847,1026.545406,-20.529734,1030.098660,-140.334344,1023.847577,59.955183,-0.005365,1,0
8.133000,-58.231313,207170.109931,-178.346721,207397.679540,61.542689,207203.535176,100.098185,1034.397007,-20.280189,1044.318992,-140.469909,1039.650681,59.952405,0.009190,1,0
8.167000,-58.503265,206514.262536,-178.452507,206636.047459,61.514418,206933.129101,99.306626,1027.545105,-20.301393,1023.466520,-140.434103,1031.436313,59.953805,-0.012277,1,0
8.200000,-58.471779,208268.498022,-178.490060,206782.175844,61.671738,206106.938644,99.640422,1033.671435,-20.285573,1020.628514,-140.181664,1025.562496,59.951780,-0.003764,1,0
8.233000,-58.297912,207213.822563,-178.462959,208251.970229,61.608523,206431.719492,99.878932,1027.488061,-20.255214,1024.123969,-140.084191,1022.937604,59.946080,0.008410,1,0
8.267000,-58.559570,206906.234432,-178.378759,207476.661441,61.564573,206342.871729,99.518859,1027.027421,-20.740472,1026.851923,-140.238947,1032.333834,59.951072,-0.004323,1,0
8.300000,-58.377614,207204.911215,-178.506746,208088.057729,61.400675,205796.545147,99.687458,1025.974486,-20.359717,1029.267324,-140.851228,1024.819838,59.954041,0.001562,1,0
8.333000,-58.547559,207907.278804,-178.664910,207447.187202,61.432012,206733.996084,99.337008,1028.027657,-20.301074,1025.769920,-140.403661,1027.259363,59.948259,0.001294,1,0
8.367000,-58.563020,208398.166754,-178.638900,207570.354559,61.569636,207148.322845,99.652719,1024.165560,-20.464629,1036.745086,-140.326949,1027.741921,59.955815,0.002184,1,0
8.400000,-58.634638,207044.231623,-178.472799,207151.281351,61.495505,206147.898581,99.611172,1018.232512,-20.416330,1020.878891,-140.611978,1012.944184,59.953279,-0.010134,1,0
8.433000,-58.479063,208555.720463,-178.370562,207635.530008,61.611231,207644.739180,99.561910,1028.374584,-19.824059,1020.182335,-140.344284,1027.784445,59.954678,0.003512,1,0
8.467000,-58.605646,206156.025793,-178.597531,206894.955253,61.414215,205791.239133,99.432609,1017.287617,-20.797988,1026.912619,-140.647956,1027.275028,59.954272,0.001385,1,0
8.500000,-58.517302,207304.178591,-178.459524,207209.455941,61.594283,207278.720182,99.142290,1015.725743,-20.593292,1027.982699,-140.707543,1026.529840,59.949288,-0.002772,1,0
8.533000,-58.465181,205428.012937,-178.397533,207526.069621,61.470695,206043.785470,99.700173,1018.726291,-20.421297,1022.765975,-140.438508,1019.358626,59.949485,-0.010604,1,0
8.567000,-58.407057,206095.369678,-178.432858,207151.862865,61.446507,204830.401578,99.651028,1025.425962,-20.639714,1025.111118,-140.287324,1023.825884,59.966316,0.001427,1,0
8.600000,-58.695193,207125.156259,-178.577806,207392.662097,61.392314,207325.810744,99.106053,1013.193613,-20.404639,1018.453234,-140.596168,1019.682243,59.961721,-0.013615,1,0
8.633000,-58.430331,207135.150077,-178.440427,207288.613753,61.563851,206669.948749,99.400837,1015.276531,-20.609455,1025.091865,-140.433531,1022.702289,59.948953,0.008617,1,0
8.667000,-58.488130,206877.153692,-178.711332,205755.483696,61.498551,207810.888779,99.811161,1019.744917,-20.495567,1023.327813,-140.503305,1023.074254,59.949877,0.007595,1,0
8.700000,-58.370255,205528.593896,-178.322497,207908.986474,61.687532,205791.382443,99.456890,1019.881661,-20.423346,1020.301378,-140.596626,1011.331462,59.956803,-0.008770,1,0
8.733000,-58.536981,206370.310476,-178.311798,207740.278497,61.635548,206793.014265,99.536321,1021.128981,-20.041635,1011.892971,-140.342075,1009.184959,59.960625,0.005233,1,0
8.767000,-58.674181,207204.778171,-178.369614,207676.517506,61.514215,206443.047565,99.433341,1019.084597,-20.306203,1010.146812,-140.593739,1008.362917,59.965772,0.005147,1,0
8.800000,-58.398146,206220.983252,-178.452271,208115.347025,61.493311,205270.456998,99.505410,1018.549717,-20.657856,1018.592800,-140.508914,1024.289283,59.954750,-0.001162,1,0
8.833000,-58.406881,208059.415792,-178.471590,207265.032938,61.488550,205002.871929,99.476339,1021.581754,-20.643485,1022.913024,-140.999866,1019.432375,59.956879,0.017048,1,0
8.867000,-58.384910,206104.958610,-178.554234,206980.064991,61.636675,208285.634235,99.724472,1024.106077,-20.890757,1017.777072,-140.358112,1018.307206,59.960471,0.002233,1,0
8.900000,-58.536747,209331.558019,-178.458205,205941.470029,61.589303,207841.491470,99.050887,1023.462253,-20.124365,1015.251893,-140.389508,1024.842593,59.965602,-0.008715,1,0
8.933000,-58.550222,205212.347925,-178.316577,207718.295122,61.356229,207617.819069,99.180746,1030.024942,-20.393483,1021.956840,-140.893655,1028.571808,59.962078,-0.004199,1,0
8.967000,-58.527401,208224.515252,-178.838789,204801.029261,61.430591,205894.427637,99.592851,1020.829117,-20.642366,1030.915608,-140.492763,1012.245235,59.961600,0.000660,1,0
9.000000,-58.504250,207476.733418,-178.396521,207038.315442,61.449676,207114.441757,99.503193,1028.021136,-20.378133,1026.068808,-140.962767,1029.162486,59.963775,-0.004646,1,0
9.033000,-58.424632,205176.509762,-178.543356,207347.873037,61.512076,206644.111299,99.440282,1021.487896,-20.265888,1018.540115,-140.488940,1023.511747,59.963280,0.001897,1,0
9.067000,-58.444233,207875.324278,-178.481736,206931.419763,61.356739,207486.852366,99.723799,1017.470297,-20.559177,1019.127587,-140.409106,1024.565918,59.961307,0.001698,1,0
9.100000,-58.483210,207075.972259,-178.596120,207820.000791,61.561463,207401.593353,99.571060,1024.892996,-20.525368,1023.473728,-140.445580,1025.542088,59.957566,0.011782,1,0
9.133000,-58.415319,207021.756277,-178.617166,206927.632451,61.387855,204696.023021,99.450061,1021.663756,-20.455585,1022.452104,-140.543475,1019.519880,59.954412,0.000779,1,0
9.167000,-58.596959,207312.149449,-178.690127,208001.984103,61.587964,206838.897197,99.271208,1031.092178,-20.776571,1017.756844,-140.277599,1032.615079,59.956545,-0.008840,1,0
9.200000,-58.741848,208525.409563,-178.569552,206926.567883,61.460977,207530.001496,99.412529,1017.470681,-20.357224,1027.994244,-140.535306,1021.629538,59.959310,0.009037,1,0
9.233000,-58.474688,207277.010587,-178.541546,208545.626798,61.354398,205695.455899,99.662515,1021.949476,-20.425577,1028.168864,-140.456835,1010.559674,59.954491,-0.004060,1,0
9.267000,-58.315402,208882.911862,-178.429893,208700.065053,61.487490,207705.757377,99.941714,1025.669390,-20.369682,1030.173933,-140.193752,1021.969100,59.954837,0.005967,1,0
9.300000,-58.630477,206867.169042,-178.566583,207456.537975,61.441453,207614.383946,99.808634,1021.103760,-20.582056,1027.307722,-140.612026,1021.715848,59.959571,0.001105,1,0
9.333000,-58.447421,208117.087900,-178.621603,207229.759339,61.521122,207634.953853,99.651562,1019.670447,-20.761010,1026.221256,-140.554060,1023.524845,59.961875,-0.000011,1,0
9.367000,-58.720332,207946.007840,-178.394919,208668.146969,61.523353,207582.721709,99.044623,1005.048936,-20.324656,1033.705515,-140.717985,1027.711739,59.954128,0.002121,1,0
9.400000,-58.396176,207322.684358,-178.435206,208291.761112,61.557525,207784.859963,99.463631,1018.446028,-20.351927,1022.926752,-140.400666,1019.558170,59.955087,0.001399,1,0
9.433000,-58.473277,208404.343281,-178.574896,205647.603745,61.548512,206600.283161,99.479933,1022.901581,-20.673420,1023.539610,-140.548168,1021.251192,59.968517,-0.001582,1,0
9.467000,-58.568948,206931.704138,-178.554294,206658.439790,61.522550,206986.487691,99.292851,1020.417349,-20.462492,1015.275963,-140.496750,1017.043475,59.958344,-0.000058,1,0
9.500000,-58.485954,206437.777514,-178.678219,207911.641389,61.564919,207333.201074,99.535221,1015.860840,-20.743458,1018.439970,-141.031239,1021.849801,59.960083,0.000336,1,0
9.533000,-58.332111,208192.693115,-178.549283,207672.465106,61.244944,208061.667868,100.016836,1019.310595,-20.706029,1018.379246,-141.026977,1018.836370,59.957800,-0.007091,1,0
9.567000,-58.545767,208902.382618,-178.567607,208236.366582,61.171476,204902.991813,99.441406,1017.202795,-20.594248,1026.239083,-140.787629,1022.713356,59.953158,-0.004891,1,0
9.600000,-58.539726,207879.774049,-178.520612,207266.779529,61.445250,208643.625198,99.415122,1026.514119,-20.133074,1021.755946,-140.558218,1031.636294,59.956569,-0.014672,1,0
9.633000,-58.457918,207103.747493,-178.573099,209136.334549,61.354977,207577.744559,99.332121,1024.006601,-20.391080,1027.955248,-140.585103,1020.640542,59.959095,0.002868,1,0
9.667000,-58.651661,207050.268149,-178.430334,206334.951283,61.306909,207529.193170,99.747377,1020.419101,-20.722605,1030.547833,-140.550031,1026.817009,59.964140,-0.002179,1,0
9.700000,-58.433874,209226.043076,-178.570651,208270.285109,61.350708,205610.113971,99.447450,1026.467373,-20.766428,1025.741695,-140.286584,1030.359065,59.964999,-0.005646,1,0
9.733000,-58.513853,207731.945965,-178.486961,209589.632537,61.327796,208333.638824,99.650641,1021.508176,-20.654802,1023.230623,-140.752550,1026.000583,59.963463,0.008572,1,0
9.767000,-58.640028,208889.790040,-178.487327,208586.665311,61.210774,207327.851095,99.454786,1026.545090,-20.544040,1022.707095,-140.888631,1027.756174,59.958906,-0.007132,1,0
9.800000,-58.442769,208113.899641,-178.576520,208777.861092,61.259191,207535.150241,99.653725,1020.566089,-20.701996,1034.797757,-140.814604,1022.164389,59.966009,0.002463,1,0
9.833000,-58.513466,208543.490784,-178.638766,207328.422553,61.298267,207909.440146,99.423278,1018.461235,-20.621958,1019.433262,-140.920272,1025.299705,59.961383,0.000243,1,0
9.867000,-58.557217,208613.740563,-178.706787,207279.679934,61.350802,205747.590366,99.440629,1017.901949,-20.537335,1015.812472,-140.780868,1018.763057,59.970709,-0.000138,1,0
9.900000,-58.737680,208063.482998,-178.660091,205991.807303,61.491976,207292.856612,99.347966,1026.011492,-20.699101,1025.977011,-140.643652,1023.675084,59.959683,0.009917,1,0
9.933000,-58.571525,206516.383843,-178.741424,208492.950329,61.400590,205286.149294,99.223582,1023.223686,-20.981179,1016.107462,-140.934020,1021.834016,59.962339,-0.004131,1,0
9.967000,-58.746848,206818.745086,-178.750569,206928.266250,61.340044,207860.412904,99.172768,1020.533705,-20.657338,1025.332419,-140.737680,1021.472339,59.971234,0.001652,1,0
10.000000,-58.537273,207664.499904,-178.620877,205966.363524,61.493836,207211.972953,99.443697,1027.114725,-20.723188,1017.547402,-140.547358,1031.217692,59.970621,-0.003713,1,0
10.033000,-58.459672,207779.058130,-178.628214,208373.469257,61.295097,206666.554239,99.659134,1017.706221,-20.729935,1022.215493,-140.728193,1025.176976,59.966134,-0.001343,1,0
10.067000,-58.592703,207555.361970,-178.510688,209116.078321,61.461596,207490.556022,99.280205,1016.163285,-20.683276,1022.551783,-140.624180,1021.721733,59.971911,0.008100,1,0
10.100000,-58.632964,208106.519448,-178.592975,206891.626239,61.332183,207526.061376,99.294504,1017.888126,-20.573703,1022.585509,-140.667168,1016.797649,59.968938,-0.003301,1,0
10.133000,-58.678298,208113.832375,-178.692838,208338.219648,61.449483,206973.228479,99.702100,1017.445595,-20.859889,1016.419604,-140.313684,1027.028159,59.973509,-0.002600,1,0
10.167000,-58.590448,207771.755926,-178.684938,206819.601330,61.259023,208310.468526,99.178266,1015.595951,-20.859206,1022.541671,-140.565662,1020.497574,59.971901,-0.007860,1,0
10.200000,-58.459426,207405.171362,-178.694315,208343.336401,61.438625,208024.284158,99.624751,1016.880742,-20.778930,1018.284425,-140.669827,1021.031996,59.966459,0.007513,1,0
10.233000,-58.734797,209115.921688,-178.680765,208048.633524,61.418149,207969.246603,99.338916,1020.448162,-20.753073,1021.136180,-140.337452,1017.396599,59.967108,-0.002431,1,0
10.267000,-58.783194,205806.883497,-178.656098,207734.877439,61.485125,207421.530568,99.302432,1018.907119,-20.583332,1024.791644,-140.252009,1018.497225,59.962541,-0.005568,1,0
10.300000,-58.722601,207146.242734,-178.561433,208198.512580,61.317040,206112.408877,98.906885,1015.329068,-20.785433,1027.337963,-140.670998,1008.571240,59.964533,-0.000513,1,0
10.333000,-58.807484,206816.949933,-178.878261,209151.459956,61.550090,207505.556275,99.166044,1018.811655,-20.842147,1024.107046,-140.844044,1027.284494,59.964713,-0.003184,1,0
10.367000,-58.791699,206761.190434,-178.580820,207011.507843,61.472818,208061.940501,98.783035,1020.027564,-20.843433,1025.851346,-140.497983,1013.572473,59.968311,0.004735,1,0
10.400000,-58.701305,206675.369393,-178.736546,208169.565262,61.515940,207908.606400,99.405371,1015.600457,-20.888329,1024.887231,-140.289816,1018.249566,59.959275,-0.007645,1,0
10.433000,-58.384080,205390.697180,-178.757147,206892.625893,61.351444,205805.259497,99.369130,1026.242405,-21.031855,1030.705525,-140.829944,1026.769450,59.954431,-0.002710,1,0
10.467000,-58.544375,204358.002753,-178.525346,206897.006824,61.386731,206848.841268,99.509408,1027.292917,-20.379355,1027.462179,-140.795534,1023.454976,59.963453,-0.002693,1,0
10.500000,-58.525577,206777.547439,-178.640327,208566.823673,61.315288,207970.135476,99.263113,1030.832379,-20.770014,1021.051044,-141.034824,1030.459326,59.971938,0.008678,1,0
10.533000,-58.703244,206817.411260,-178.576292,207257.000968,61.240430,207343.920851,99.367754,1029.183359,-20.550173,1028.293163,-140.815125,1031.652978,59.970736,-0.003641,1,0
10.567000,-58.570756,206628.324843,-178.551133,207154.952809,61.484607,206306.695771,99.722130,1031.791569,-20.330072,1021.537812,-140.483005,1023.479421,59.964782,-0.003132,1,0
10.600000,-58.633837,204631.561519,-178.573746,206776.182124,61.402064,205755.604866,98.896166,1036.353218,-20.424682,1033.340668,-140.457422,1007.569022,59.974188,0.007121,1,0
10.633000,-58.370138,205602.181059,-178.507792,206884.362436,61.607136,207005.086617,99.927276,1034.045969,-20.423542,1023.325056,-140.186763,1023.041915,59.964555,0.004623,1,0
10.667000,-58.517955,206314.895936,-178.735341,205797.265881,61.571615,206404.353474,99.526837,1025.481615,-20.647264,1036.373206,-140.509239,1021.788870,59.972578,-0.005524,1,0
10.700000,-58.353070,205730.439164,-178.516445,207272.803820,61.463756,207333.915770,99.912097,1019.279437,-20.383834,1021.271066,-140.824678,1033.132952,59.972535,0.018007,1,0
10.733000,-58.572232,206088.428449,-178.538721,205757.884674,61.549027,208696.704449,99.487612,1028.924258,-20.552216,1022.455286,-140.403879,1035.025382,59.966628,-0.004722,1,0
10.767000,-58.490380,206051.952511,-178.517672,205346.067052,61.615649,207031.607496,99.478884,1028.876637,-20.530751,1021.840818,-140.442863,1030.589858,59.961177,-0.001585,1,0
10.800000,-58.547054,204324.621986,-178.336904,207285.426329,61.432150,205950.990831,99.527124,1022.189214,-20.376924,1032.210387,-140.384179,1018.171764,59.966087,-0.001228,1,0
10.833000,-58.634575,208733.370250,-178.589986,205308.511181,61.467180,206532.814106,99.226502,1034.653124,-20.656893,1025.442678,-140.640216,1025.253373,59.966680,0.002876,1,0
10.867000,-58.573280,205530.611315,-178.618481,207706.264333,61.539831,206181.553003,99.303624,1026.865851,-20.699032,1025.868967,-140.596249,1027.752180,59.960437,-0.017257,1,0
10.900000,-58.735724,206765.124692,-178.526611,206801.962309,61.423993,206158.523835,99.254797,1028.354067,-20.625716,1015.850779,-140.923443,1026.744825,59.958671,-0.003186,1,0
10.933000,-58.644147,207537.582513,-178.519526,206928.541983,61.325870,205760.017140,99.606239,1034.450799,-20.878887,1019.798407,-140.737050,1020.637406,59.966651,-0.003698,1,0
10.967000,-58.608470,206903.301673,-178.578957,206445.701008,61.475974,207063.796775,99.481580,1034.908959,-20.451685,1027.368217,-140.615468,1018.489398,59.964666,0.008635,1,0
11.000000,-58.661953,207844.444886,-178.595891,206948.083272,61.339151,205465.980053,99.396558,1023.483558,-20.755190,1031.855538,-140.426950,1032.922709,59.962867,0.016622,1,0
11.033000,-58.477041,206482.828910,-178.846188,206213.679986,61.424868,205319.524909,99.764492,1023.351258,-20.852586,1035.575778,-140.420533,1028.741603,59.960826,0.007794,1,0
11.067000,-58.628290,207249.234151,-178.592346,206447.282945,61.425648,206830.273832,99.791325,1025.606206,-20.418996,1026.464508,-140.626632,1041.163307,59.965721,0.006515,1,0
11.100000,-58.651253,206287.580792,-178.685033,205728.095226,61.320601,205049.049290,99.075803,1033.422703,-20.630725,1034.239050,-140.880676,1035.010760,59.971722,0.003330,1,0
11.133000,-58.673170,207735.867173,-178.716801,205616.299524,61.174236,207033.516170,99.189259,1040.897797,-20.768221,1039.492922,-140.484644,1044.275855,59.961215,-0.011781,1,0
11.167000,-58.781249,206489.188631,-178.796908,205106.472804,61.157328,205869.587616,98.649716,1040.900563,-20.734001,1034.571287,-140.981192,1028.935421,59.967955,0.005820,1,0
11.200000,-58.818550,205546.737304,-178.693056,207792.254808,61.552151,206786.369580,99.286202,1021.758638,-20.671485,1036.485430,-140.647564,1033.394500,59.971084,0.010631,1,0
11.233000,-58.489719,206777.918274,-178.562241,206763.353223,61.291910,205237.069342,99.666449,1034.117635,-20.581151,1024.430044,-141.002678,1025.076318,59.957523,-0.000268,1,0
11.267000,-58.654387,206869.203480,-178.582682,207531.528687,61.022659,207102.653687,99.358165,1018.327107,-20.643579,1028.229443,-140.867948,1024.035855,59.957191,0.002908,1,0
11.300000,-58.607442,208346.940269,-178.544624,207701.624300,61.129062,205769.274601,99.384225,1041.681203,-20.737832,1026.585547,-140.822283,1026.888206,59.967787,0.003948,1,0
11.333000,-58.815411,206864.931551,-178.586517,208371.549227,61.469221,206777.497859,99.514351,1032.121517,-20.595753,1025.707778,-140.397065,1032.726838,59.963356,0.001042,1,0
11.367000,-58.495345,205416.873051,-178.584074,206683.500801,61.479599,204597.330846,99.240329,1032.777185,-20.542466,1030.832148,-140.399293,1039.380119,59.967141,-0.009982,1,0
11.400000,-58.470503,206410.858056,-178.708019,205096.333433,61.247583,203575.311748,99.397640,1035.392624,-20.932762,1029.917660,-140.708048,1031.486706,59.968854,-0.003258,1,0
11.433000,-58.559417,206164.500100,-178.950244,205592.535174,61.274348,204899.160293,99.411490,1029.538085,-20.963218,1036.710358,-140.744953,1024.199594,59.961700,-0.000115,1,0
11.467000,-58.641333,205519.838035,-178.662435,205026.749318,61.373276,205012.309238,99.515693,1021.862820,-20.606365,1029.309795,-140.645649,1033.122982,59.974987,0.001755,1,0
11.500000,-58.638729,206596.450333,-178.774245,205362.527084,61.293375,207419.644554,99.330861,1029.672454,-20.973357,1037.972185,-140.827799,1032.093656,59.961548,-0.004153,1,0
11.533000,-58.607148,205096.848485,-178.733932,208945.157356,61.203938,204579.525967,99.060584,1026.668843,-20.613022,1025.244813,-140.603028,1033.586148,59.960060,0.002682,1,0
11.567000,-58.616133,207757.111637,-178.673749,206640.135608,61.264693,205841.349412,99.272378,1028.445509,-21.017397,1036.286948,-140.500778,1038.087973,59.965166,0.009156,1,0
11.600000,-58.434986,208647.435199,-178.628460,206776.556127,61.337117,207255.291833,99.668904,1038.271429,-20.589552,1034.160351,-140.719330,1031.638135,59.968411,0.009168,1,0
11.633000,-58.555804,206281.384822,-178.693004,205805.641503,61.474377,207609.861537,99.510229,1029.355229,-20.827123,1043.520193,-140.570609,1028.973496,59.958671,0.008403,1,0
11.667000,-58.601304,205960.604534,-178.676106,206434.167774,61.390461,204628.721582,99.005733,1028.852321,-20.675392,1032.037141,-140.581920,1025.495537,59.961883,0.011745,1,0
11.700000,-58.564919,207428.082225,-178.653326,207309.641707,61.398426,205068.761612,99.366402,1034.822126,-20.681784,1035.963567,-140.348128,1036.722277,59.966591,0.001881,1,0
11.733000,-58.483835,205393.083539,-178.413240,207449.941571,61.345783,206385.227916,99.576959,1028.701823,-20.451124,1035.877326,-140.620711,1025.135646,59.958144,-0.000248,1,0
11.767000,-58.623093,205935.291444,-178.739467,205718.454631,61.247551,206769.990550,99.241748,1040.247532,-20.498732,1025.517005,-140.735860,1044.563829,59.961051,-0.005057,1,0
11.800000,-58.635634,205772.216602,-178.685443,205565.234309,61.459815,206852.826011,99.468755,1047.979995,-20.603617,1026.768832,-140.609980,1039.282360,59.967350,0.003626,1,0
11.833000,-58.538607,205756.607676,-178.552267,206467.406090,61.280494,206669.551504,99.736311,1045.569399,-20.784618,1039.977631,-140.704736,1050.600749,59.964795,-0.000885,1,0
11.867000,-58.594789,207693.944457,-178.704830,206041.200679,61.209526,207258.502365,99.513391,1036.749670,-20.705545,1027.202686,-140.582106,1038.822173,59.964564,0.002234,1,0
11.900000,-58.798722,205603.357091,-178.717925,206982.539905,61.501048,205696.902467,99.278572,1031.769914,-21.250200,1039.537209,-140.737657,1030.319480,59.955727,0.000634,1,0
11.933000,-58.568255,204094.167769,-178.561791,206797.188902,61.341062,205164.368210,99.341191,1032.133431,-20.609759,1039.841638,-140.871816,1033.470639,59.968341,-0.000847,1,0
11.967000,-58.696945,205868.288139,-178.614303,205308.266392,61.355499,205700.047037,99.192105,1045.117667,-20.813538,1042.313906,-140.723340,1039.406750,59.962977,-0.009833,1,0
12.000000,-58.613028,205988.617977,-178.602578,206687.203912,61.186792,205048.454081,99.554238,1038.052437,-20.649618,1030.601710,-140.685960,1043.998668,59.954609,0.007747,1,0
12.033000,-58.629556,205813.239320,-178.327353,207629.392494,61.477310,206166.415588,99.360040,1047.088303,-20.467256,1044.930623,-140.618654,1025.240191,59.955826,0.005148,1,0
12.067000,-58.494621,204606.182984,-178.548577,207399.501306,61.474845,205560.864521,99.643005,1045.186750,-20.405281,1034.378156,-140.465514,1044.869248,59.961050,0.007819,1,0
12.100000,-58.671878,207149.161767,-178.628791,206918.811247,61.349326,207146.108255,99.268893,1046.224889,-20.573080,1039.756251,-140.744786,1039.822993,59.948478,-0.009878,1,0
12.133000,-58.615963,207228.754372,-178.517510,205812.009271,61.543902,205819.940562,99.468474,1039.154907,-20.573113,1038.658040,-140.607865,1035.307148,59.954669,0.001418,1,0
12.167000,-58.485388,206940.830615,-178.521405,207856.734516,61.369073,206150.400539,99.453103,1050.223092,-20.818205,1035.859090,-140.565662,1038.684448,59.950238,0.003450,1,0
12.200000,-58.646172,205904.964226,-178.491978,208983.051076,61.401048,205724.373475,99.141357,1045.082071,-20.537992,1044.001361,-140.645676,1041.233399,59.948758,0.013113,1,0
12.233000,-58.589013,205833.414817,-178.447416,207497.552851,61.391667,206302.159338,99.485594,1043.358518,-20.481039,1049.365788,-140.551352,1040.002178,59.954063,0.003341,1,0
12.267000,-58.430166,205805.294404,-178.650345,207176.054218,61.176121,207532.740340,99.706231,1046.224946,-20.489006,1057.466496,-140.828509,1064.855430,59.947712,0.006685,1,0
12.300000,-58.791821,206079.766603,-178.420763,207944.762828,61.473197,207642.081243,99.061204,1038.318062,-20.596852,1041.401595,-140.638981,1046.416492,59.949125,-0.001941,1,0
12.333000,-58.595838,207928.595242,-178.783616,206974.044622,61.219827,207037.500636,99.303774,1038.610326,-20.896327,1043.203101,-140.724141,1041.666955,59.954091,-0.003680,1,0
12.367000,-58.764311,206424.833943,-178.599813,205590.000968,61.199549,206952.897109,99.350872,1046.016595,-20.729433,1041.992992,-140.639353,1035.931153,59.947692,0.001585,1,0
12.400000,-58.547832,207761.568388,-178.565140,207909.731279,61.477182,207632.082718,99.255896,1034.045686,-20.494374,1055.111072,-140.284271,1032.267293,59.950905,-0.006611,1,0
12.433000,-58.582270,205807.076072,-178.681585,207217.743885,61.336645,206949.696387,99.326156,1043.002186,-20.564471,1039.608943,-140.424126,1033.158190,59.949895,-0.000757,1,0
12.467000,-58.521227,207722.725684,-178.641816,206986.101560,61.402391,205763.483214,99.420455,1032.637872,-20.714396,1037.632735,-140.408164,1032.874015,59.950348,-0.000208,1,0
12.500000,-58.529976,205409.785365,-178.710848,207536.618841,61.191018,206650.969454,99.285037,1039.862246,-20.684537,1026.751137,-140.724771,1033.446906,59.948386,0.007709,1,0
12.533000,-58.601442,206157.296960,-178.754082,207069.361988,61.554071,205292.599340,99.338296,1024.279115,-20.715798,1031.225433,-140.322628,1032.438368,59.952417,0.005996,1,0
12.567000,-58.573641,206515.157688,-178.553994,204222.878987,61.446247,206175.898925,99.384100,1033.136419,-20.645238,1029.422379,-140.597443,1033.329354,59.957757,0.000684,1,0
12.600000,-58.541926,206836.843839,-178.583812,206324.498399,61.329335,206108.399912,99.419622,1024.265634,-20.570767,1035.578193,-140.658986,1030.694297,59.955988,0.000656,1,0
12.633000,-58.553219,204287.190229,-178.558106,206084.622368,61.555104,206667.319823,99.757654,1047.260326,-20.250881,1033.953320,-140.461808,1029.846618,59.958213,0.002631,1,0
12.667000,-58.679839,206541.106681,-178.712032,205070.345185,61.387882,205942.182695,99.179762,1031.722218,-20.592696,1031.508173,-140.515809,1033.362673,59.953890,0.005449,1,0
12.700000,-58.519482,204394.397669,-178.515360,205630.390189,61.678191,206312.163801,99.318876,1041.412890,-20.738124,1031.063013,-140.506670,1034.463667,59.957520,-0.000134,1,0
12.733000,-58.602334,207375.991819,-178.650916,206718.551437,61.655216,203709.071328,99.515515,1033.753715,-20.641524,1039.395752,-140.517681,1037.222351,59.961333,-0.003379,1,0
12.767000,-58.474826,205236.253243,-178.497001,205029.937945,61.496058,204879.548398,99.642058,1041.175395,-20.583364,1038.066287,-140.429628,1047.032046,59.957930,-0.005218,1,0
12.800000,-58.403137,203545.639379,-178.483696,205347.244017,61.518197,204980.326014,99.539253,1033.034222,-20.831646,1044.633265,-140.325300,1036.146196,59.961967,0.001358,1,0
12.833000,-58.811699,205287.595462,-178.423845,203866.893383,61.554866,205642.102073,99.334248,1036.454327,-20.600039,1034.466604,-140.539844,1038.430312,59.952261,-0.006857,1,0
12.867000,-58.552294,207689.848116,-178.589815,206763.203392,61.443303,206205.504434,99.497258,1027.297097,-20.475666,1030.870170,-140.670690,1034.238951,59.965110,0.007904,1,0
12.900000,-58.518907,206490.805659,-178.476244,205427.730430,61.433238,206257.505273,99.763290,1031.795145,-20.552998,1036.881303,-140.616248,1043.707118,59.954033,0.001581,1,0
12.933000,-58.511119,208160.672644,-178.498081,206540.562762,61.392638,205383.001824,99.534188,1040.039579,-20.536635,1031.525588,-140.747177,1034.831278,59.952816,0.007382,1,0
12.967000,-58.445727,206058.286654,-178.388889,206230.875586,61.693037,206044.446502,99.429933,1033.158205,-20.101102,1032.931501,-140.183753,1043.258740,59.958798,-0.001355,1,0
13.000000,-58.708201,207072.408404,-178.424849,207526.779699,61.492099,204944.808129,99.313010,1042.993202,-20.081601,1040.837390,-140.460722,1025.496244,59.949507,0.003199,1,0
13.033000,-58.500462,205478.289062,-178.530857,207545.783674,61.614762,206176.240458,99.522280,1018.592656,-20.494232,1039.296067,-140.062323,1032.333718,59.949859,-0.007420,1,0
13.067000,-58.334776,207038.383059,-178.537936,206672.163392,61.291179,204129.011295,99.637445,1035.215116,-20.533807,1028.601398,-140.773672,1033.217758,59.947213,-0.002751,1,0
13.100000,-58.468697,206482.157690,-178.513595,206793.947913,61.449174,206046.422008,99.555914,1033.503594,-20.107144,1032.968331,-140.363769,1038.628389,59.950673,-0.005842,1,0
13.133000,-58.359552,205260.409140,-178.394117,206415.739468,61.592422,203276.685601,99.773615,1030.881378,-20.511827,1022.404590,-140.126886,1035.798071,59.945706,0.001640,1,0
13.167000,-58.488973,203526.495352,-178.370096,206440.485779,61.568318,205953.046622,99.385560,1026.367186,-20.376355,1036.864646,-140.697793,1032.218204,59.949878,-0.002838,1,0
13.200000,-58.498298,205467.868217,-178.461951,206262.325618,61.482792,207511.737807,99.602978,1027.220986,-20.692566,1026.234770,-140.608052,1025.254559,59.950391,-0.007442,1,0
13.233000,-58.496426,207251.614282,-178.535632,206515.491764,61.580202,206593.368749,99.674279,1026.178917,-20.269064,1036.950947,-140.330491,1022.178573,59.948440,-0.009684,1,0
13.267000,-58.374435,206980.606914,-178.429536,205365.949414,61.568180,206354.052771,99.842082,1037.224830,-20.514198,1021.978771,-140.385441,1026.697601,59.956764,0.006150,1,0
13.300000,-58.431612,206001.716698,-178.362455,208500.544425,61.569659,207141.377443,99.709331,1031.855500,-20.493508,1036.581689,-140.233746,1027.685397,59.962092,-0.005138,1,0
13.333000,-58.547109,206909.811172,-178.651853,205250.558592,61.441051,207115.248239,99.400584,1025.098094,-20.892816,1027.975339,-140.467066,1028.283928,59.954517,-0.008613,1,0
13.367000,-58.414067,206959.560533,-178.474933,205917.192445,61.453564,205563.321914,99.709988,1033.216462,-20.294278,1034.103800,-140.512690,1023.144726,59.962063,-0.002084,1,0
13.400000,-58.408343,205755.374609,-178.479034,204873.215722,61.566482,205620.183601,99.687496,1025.418872,-20.384688,1026.123345,-140.554214,1025.950673,59.951446,0.002015,1,0
13.433000,-58.273215,206385.364627,-178.485671,206938.349156,61.509491,206779.546675,99.585609,1026.621055,-20.209058,1022.596262,-140.622040,1026.934083,59.956713,-0.010871,1,0
13.467000,-58.417796,205731.409156,-178.460858,207804.071736,61.589603,205037.070663,99.313731,1042.783879,-20.378512,1026.633996,-140.670822,1031.662484,59.951595,-0.007586,1,0
13.500000,-58.405720,205653.417568,-178.243494,207657.162977,61.588109,206090.085167,99.595243,1024.483156,-19.842934,1017.770738,-140.384536,1023.193058,59.965486,-0.000572,1,0
13.533000,-58.603030,205051.219829,-178.439517,206672.618661,61.689924,206360.496234,99.245470,1032.689330,-20.558342,1038.484051,-140.303800,1033.958345,59.965793,0.006195,1,0
13.567000,-58.419713,206420.426428,-178.488456,206549.456018,61.892205,205282.780989,99.446782,1006.268316,-20.250655,1023.292271,-140.285269,1031.331165,59.959472,0.000136,1,0
13.600000,-58.398552,207925.253023,-178.410814,206493.052937,61.496401,206878.551737,99.606297,1021.445900,-20.486717,1032.472741,-140.611889,1047.484574,59.966437,-0.009497,1,0
13.633000,-58.486324,205732.755548,-178.549684,206274.052045,61.521919,206455.769867,99.813333,1029.213832,-20.440450,1016.166237,-140.634887,1028.255802,59.969509,0.003970,1,0
13.667000,-58.384549,206589.275119,-178.511552,206308.472719,61.667950,205052.672197,99.897018,1018.241720,-20.535712,1025.175690,-140.339208,1025.011789,59.957714,0.004919,1,0
13.700000,-58.510711,205886.554274,-178.431437,207094.337865,61.544109,205193.507674,99.585888,1020.816832,-20.571889,1024.498996,-140.473024,1004.885492,59.960192,0.003288,1,0
13.733000,-58.579787,206151.387898,-178.426225,206331.291483,61.607276,206883.719226,99.524141,1019.459698,-20.287301,1030.997481,-140.138075,1022.888319,59.961582,0.000690,1,0
13.767000,-58.396215,207132.862599,-178.458053,207060.854418,61.426256,207092.834425,99.871647,1029.821623,-20.130401,1021.959646,-140.371857,1030.038499,59.963415,0.013644,1,0
13.800000,-58.490133,206695.310742,-178.487667,204972.099095,61.716279,205984.724867,99.758690,1013.861802,-20.351960,1035.414388,-140.716951,1023.581786,59.968137,0.002885,1,0
13.833000,-58.539545,206279.146375,-178.537982,205101.139641,61.537958,207029.306840,99.201784,1020.683480,-20.439066,1024.206340,-140.394914,1038.577647,59.967915,0.015054,1,0
13.867000,-58.437259,207606.563219,-178.433594,206739.604572,61.601560,206842.723101,99.581102,1024.349035,-20.418510,1018.501971,-140.106458,1020.998345,59.967144,0.007276,1,0
13.900000,-58.408351,205662.624111,-178.458126,206440.801854,61.566190,207380.497337,99.695255,1018.779903,-20.539101,1011.778968,-140.391618,1028.513397,59.974420,-0.002867,1,0
13.933000,-58.466420,206728.218731,-178.567478,205838.522329,61.517841,206578.405897,99.449668,1028.436960,-20.705751,1030.980823,-140.496748,1025.492203,59.966739,0.000527,1,0
13.967000,-58.436226,205766.978018,-178.458644,208719.875545,61.463499,207721.156961,99.557974,1014.665597,-20.303682,1024.647229,-140.363381,1021.988870,59.965120,-0.000327,1,0
14.000000,-58.518004,208135.642864,-178.707453,208264.155197,61.584163,205670.495972,99.635356,1012.685809,-20.654587,1025.563820,-140.490324,1020.632682,59.966386,-0.009409,1,0
14.033000,-58.440410,207664.221849,-178.334913,207283.916299,61.627136,207486.975850,99.499586,1019.022705,-20.306123,1024.746876,-140.549946,1020.663283,59.963197,-0.007229,1,0
14.067000,-58.670481,207510.384505,-178.511686,206595.794100,61.486100,205889.549709,99.412397,1017.816058,-20.566777,1012.883214,-140.382782,1012.113047,59.968675,0.000225,1,0
14.100000,-58.507195,206727.023319,-178.497322,207697.287393,61.674491,207987.556465,99.172360,1024.725015,-20.530220,1018.529423,-140.150991,1026.835364,59.962339,0.003827,1,0
14.133000,-58.518289,206780.081713,-178.339837,208286.951976,61.593084,206863.773027,99.470464,1014.743569,-20.183671,1019.856386,-140.181903,1021.378861,59.963828,0.000247,1,0
14.167000,-58.367097,207443.339993,-178.483902,206594.857341,61.519645,207820.173139,99.749506,1028.430762,-20.249117,1013.681394,-140.202852,1026.256436,59.964382,0.005106,1,0
14.200000,-58.437729,208276.687783,-178.312171,207519.068052,61.662998,206971.360492,100.013968,1020.935263,-20.538143,1008.445431,-139.979454,1024.878784,59.967944,-0.000354,1,0
14.233000,-58.319072,206701.722007,-178.592398,208075.823640,61.590616,207144.944505,99.449202,1022.180398,-20.748747,1016.473302,-140.185272,1017.515816,59.971378,-0.000186,1,0
14.267000,-58.585282,207420.515017,-178.325810,207216.403728,61.439430,207462.498612,99.042547,1029.957097,-20.439496,1024.038649,-140.964387,1020.341856,59.966807,-0.004687,1,0
14.300000,-58.570600,208098.778522,-178.386054,206914.529161,61.624805,206715.591948,99.260754,1016.767018,-20.377877,1017.264297,-140.312077,1028.381996,59.964691,0.000950,1,0
14.333000,-58.450277,206725.356371,-178.704432,206377.228850,61.408963,208421.253998,99.463091,1035.594807,-20.869624,1023.217967,-140.648421,1025.684906,59.958609,-0.011190,1,0
14.367000,-58.513226,208900.692973,-178.404000,209071.717785,61.478621,207144.495155,99.554957,1024.129447,-20.183435,1028.770974,-140.297320,1033.145444,59.966164,-0.003162,1,0
14.400000,-58.583487,208059.109404,-178.372654,206395.080476,61.481374,205304.623177,99.468128,1031.167653,-20.341773,1030.915039,-140.687254,1026.532382,59.969442,-0.021240,1,0
14.433000,-58.505711,207898.242375,-178.435124,206292.847171,61.557773,205317.554772,99.435923,1031.667915,-20.501266,1028.129454,-140.499137,1029.854029,59.973754,0.016859,1,0
14.467000,-58.519294,209455.243169,-178.642631,208277.212792,61.514657,207189.906294,99.626529,1022.507264,-20.836535,1030.891402,-140.515181,1027.721757,59.964490,0.005461,1,0
14.500000,-58.415285,209149.889518,-178.291359,209921.377869,61.535835,207221.167484,99.495228,1037.175492,-20.318778,1032.556773,-140.231998,1030.056153,59.967093,0.009272,1,0
14.533000,-58.421536,207583.152645,-178.484741,208705.322158,61.342268,207069.148201,99.562700,1026.273156,-20.623844,1027.627814,-140.466219,1033.023530,59.958493,-0.001230,1,0
14.567000,-58.520157,206700.680597,-178.297211,208446.152903,61.466934,206543.247330,99.341343,1030.730172,-20.312531,1032.012206,-140.750847,1037.125544,59.968936,-0.000098,1,0
14.600000,-58.487521,208154.519890,-178.423628,207414.843353,61.578482,208150.739104,99.534424,1035.216501,-20.370641,1031.651357,-140.451544,1035.238315,59.967095,0.001470,1,0
14.633000,-58.316218,207453.086012,-178.550060,208274.171278,61.494819,208986.689196,99.380984,1027.926725,-20.813755,1032.421238,-140.472933,1031.858887,59.974086,-0.010334,1,0
14.667000,-58.381011,207333.973686,-178.578651,205273.724381,61.535735,208253.645473,99.399238,1027.418452,-20.525315,1025.759971,-140.622516,1027.051868,59.956308,0.006410,1,0
14.700000,-58.361529,206932.485820,-178.268684,208533.883587,61.796881,206529.309087,99.813308,1027.809423,-20.355483,1017.812937,-140.470459,1025.664354,59.963322,0.008797,1,0
14.733000,-58.402180,205896.429048,-178.424520,208362.107214,61.563007,209429.683014,99.661782,1028.157003,-20.548220,1031.997472,-140.286553,1024.148599,59.964202,0.004186,1,0
14.767000,-58.506563,208410.829169,-178.400785,208853.506504,61.503473,208650.236115,99.344023,1015.766988,-20.539581,1021.321299,-140.413193,1013.908028,59.958769,0.005660,1,0
14.800000,-58.559001,208814.086772,-178.488165,208335.971545,61.480419,209150.239422,99.398620,1016.905293,-20.645184,1020.127648,-140.386867,1017.886897,59.956516,-0.011973,1,0
14.833000,-58.404428,208464.011225,-178.336181,208172.882298,61.486986,207144.308051,99.639669,1024.699535,-20.362336,1021.532887,-140.592828,1017.349434,59.953489,-0.008225,1,0
14.867000,-58.416339,207522.247551,-178.435940,208536.290913,61.537001,208281.233131,99.406998,1016.610386,-20.573703,1022.705021,-140.226772,1027.334931,59.952930,0.011106,1,0
14.900000,-58.471407,207894.146293,-178.485867,206960.219186,61.398480,207560.387050,99.771206,1014.052470,-20.446510,1020.457022,-140.767171,1017.487162,59.956005,0.005747,1,0
14.933000,-58.412947,206675.655055,-178.468361,208840.135887,61.419729,207222.781145,99.891665,1018.066634,-20.565927,1029.372093,-140.671728,1016.363290,59.951151,0.006449,1,0
14.967000,-58.417617,210077.171923,-178.486822,209261.166864,61.526211,208624.862970,99.407971,1021.613842,-20.177122,1020.389620,-140.645597,1022.321001,59.960488,0.002257,1,0
15.000000,-58.622793,207403.412974,-178.384167,207647.183460,61.599368,208828.063721,99.293477,1012.380186,-20.305274,1023.127889,-140.392416,1009.308199,59.953178,0.000826,1,0
15.033000,-58.292384,207889.825358,-178.224324,208272.258436,61.684213,207189.790649,99.808486,1009.438708,-20.290374,1012.369671,-140.297328,1017.423442,59.953091,0.006108,1,0
15.067000,-58.493938,209166.669719,-178.574698,208994.722209,61.569307,209193.523283,99.456925,1017.384296,-20.852201,1020.231552,-140.193354,1015.395901,59.954488,-0.007513,1,0
15.100000,-58.614031,210118.122845,-178.402706,208366.744831,61.583147,208898.263789,99.357229,1007.832786,-20.343684,1017.169034,-140.256285,1010.416705,59.960263,-0.000676,1,0
15.133000,-58.566429,206906.158228,-178.488858,207406.315333,61.537685,209016.934572,99.543411,1019.493656,-20.286095,1008.684617,-140.831959,1009.737217,59.960146,-0.002109,1,0
15.167000,-58.407592,207699.474677,-178.498599,209211.970516,61.525064,209340.018090,99.506095,1003.604944,-20.339476,1012.145352,-140.322666,1006.317976,59.956735,0.008064,1,0
15.200000,-58.598194,207962.428032,-178.465821,209111.393143,61.561730,209879.018791,99.649644,1012.233046,-20.577114,1009.401815,-140.345197,1004.059127,59.959531,-0.005233,1,0
15.233000,-58.376985,206950.858406,-178.562924,206611.915558,61.540680,207763.885834,99.406870,1000.992854,-20.297209,997.411631,-140.328637,1000.937728,59.957883,0.006446,1,0
15.267000,-58.559141,208700.158991,-178.512723,208988.658665,61.388616,209227.287075,99.152254,1003.556020,-20.154879,997.687521,-140.779159,1010.905008,59.956406,-0.007131,1,0
15.300000,-58.575440,207553.751703,-178.348983,207997.088762,61.579554,208210.622545,99.649245,999.684555,-20.448020,999.312196,-140.657605,1012.960405,59.964744,-0.016507,1,0
15.333000,-58.498403,207479.400811,-178.508286,208256.261474,61.428864,207427.090040,99.808851,1002.236083,-20.605213,987.663143,-140.297890,1002.953824,59.958444,0.005034,1,0
15.367000,-58.430289,208599.128884,-178.505220,208928.587233,61.694124,208290.358164,99.589905,1000.214277,-20.551044,998.048210,-140.470133,1012.209750,59.960738,0.004502,1,0
15.400000,-58.816518,210250.607046,-178.526740,210093.543574,61.502320,209594.452006,99.438978,1007.348898,-20.705936,1007.561077,-140.577539,1015.158503,59.966202,-0.000914,1,0
15.433000,-58.496179,208302.818117,-178.522065,208231.275961,61.483629,207929.758750,99.503186,1013.054731,-20.502530,1012.071548,-140.387837,996.735884,59.961431,0.007893,1,0
15.467000,-58.677602,207472.097129,-178.489064,208189.327385,61.463215,207889.304403,99.122738,1016.385188,-20.593211,1004.708311,-140.299608,1004.462304,59.957621,-0.000494,1,0
15.500000,-58.582432,208071.084868,-178.575106,208942.693429,61.493452,208238.710240,99.281168,1011.850391,-20.650500,1004.501668,-140.332648,998.928714,59.955235,0.000879,1,0
15.533000,-58.460200,206082.931608,-178.436549,206789.244446,61.361465,209340.305763,99.187794,992.428111,-20.289417,996.345131,-140.436513,1013.477690,59.954253,0.000538,1,0
15.567000,-58.656267,208772.964399,-178.628141,208087.083538,61.400344,208870.349500,99.180034,995.274949,-20.928350,1002.646409,-140.483721,1013.791167,59.956096,0.007044,1,0
15.600000,-58.525919,207778.680413,-178.457577,209144.542034,61.399943,208117.023218,99.562262,1001.411729,-20.618435,1005.478739,-140.291322,1007.640510,59.960816,-0.001705,1,0
15.633000,-58.469907,208434.554088,-178.523437,208838.382382,61.639087,208574.826738,99.300324,1009.521548,-20.532848,1017.076380,-140.409824,1005.858743,59.956363,-0.003767,1,0
15.667000,-58.253329,206024.147234,-178.405339,208955.283550,61.369315,208409.950636,99.536017,1005.574686,-20.653479,997.341925,-140.830078,1002.747313,59.949599,0.010010,1,0
15.700000,-58.394853,207376.554705,-178.413860,209984.010843,61.451052,207253.509814,99.787721,999.271190,-20.244000,998.876572,-140.342732,1008.625635,59.948276,0.005742,1,0
15.733000,-58.521184,208425.809643,-178.450815,208055.955783,61.469502,209440.995935,99.374370,1002.480961,-20.313814,1001.396920,-140.472117,994.683175,59.946985,-0.000498,1,0
15.767000,-58.361834,209518.762797,-178.481032,207628.586536,61.504293,208342.005591,99.419190,1006.587477,-20.484623,996.733139,-140.606956,996.279354,59.949806,0.007614,1,0
15.800000,-58.481901,207023.894650,-178.367896,208775.908608,61.506729,207483.895352,99.570347,1014.905254,-20.433327,1012.567443,-140.459456,1006.765350,59.951428,0.005501,1,0
15.833000,-58.487091,208811.102135,-178.283097,209305.621076,61.549136,208005.192521,99.520206,1004.849171,-20.402622,1010.486726,-140.547416,993.461500,59.946996,-0.011984,1,0
15.867000,-58.486789,207633.416492,-178.420734,207579.192799,61.284030,206500.379979,99.489826,1020.685205,-20.414720,1008.380137,-140.433145,1001.240805,59.943202,0.002360,1,0
15.900000,-58.434554,207675.771378,-178.520093,209588.133904,61.538396,207163.743080,99.236915,1007.848942,-20.213531,1003.481127,-140.680510,1004.561186,59.952072,-0.000544,1,0
15.933000,-58.484629,208166.631915,-178.582276,206932.227694,61.257729,207708.286383,99.587869,1003.131949,-20.374815,1005.667099,-140.788197,1010.337823,59.947808,-0.008617,1,0
15.967000,-58.597521,207283.709967,-178.506762,206905.977052,61.454707,208356.487975,99.427125,1017.773121,-20.368278,1006.329852,-140.757487,1003.119887,59.946421,0.004780,1,0
16.000000,-58.581361,208617.851665,-178.604107,205988.214863,61.334998,208724.753116,99.490421,995.993613,-20.725380,1003.095977,-140.988882,1004.414292,59.947060,0.005105,1,0
16.033000,-58.518090,206906.335509,-178.643761,206479.702845,61.348824,207916.187478,99.629146,1005.571084,-20.474197,998.855398,-140.697956,1000.264747,59.949540,-0.015565,1,0
16.067000,-58.709749,206939.045554,-178.634464,208133.293030,61.243896,208072.306526,99.069567,1008.426379,-20.747594,1002.062520,-140.767847,986.023906,59.947578,0.001991,1,0
16.100000,-58.483198,207504.388732,-178.695800,206592.820316,61.428874,206764.626769,99.569745,1012.339603,-20.604246,998.634170,-140.626055,993.832944,59.947097,0.004027,1,0
16.133000,-58.549140,207329.381661,-178.572699,208671.151533,61.458476,208116.583611,99.463490,998.865722,-20.411969,1003.819890,-140.445998,995.766345,59.951194,0.000333,1,0
16.167000,-58.585531,208107.883012,-178.492322,208571.952180,61.493806,207654.517444,99.381576,1003.337103,-20.469600,994.888728,-140.479310,1003.031510,59.948682,-0.012708,1,0
16.200000,-58.688171,208049.053673,-178.382108,209281.407159,61.517809,207044.492007,99.376983,1004.803376,-20.278037,1001.543454,-140.702103,997.489995,59.938405,0.005139,1,0
16.233000,-58.647433,207841.945658,-178.628255,207201.193762,61.558492,207539.502612,99.338724,1004.902161,-20.619206,1009.887414,-140.349497,1006.408653,59.946822,-0.012406,1,0
16.267000,-58.590213,208007.374585,-178.469453,207563.534537,61.443497,208864.833034,99.423373,995.258282,-20.444296,1006.799265,-140.799164,1006.453169,59.951110,-0.002973,1,0
16.300000,-58.437874,208636.036219,-178.794145,206658.626875,61.348010,209109.989342,99.734964,1006.137558,-20.832407,996.278220,-140.807706,1002.855524,59.946162,-0.002591,1,0
16.333000,-58.647357,207310.660146,-178.680169,208176.439595,61.404415,207247.355051,99.397619,1013.599586,-20.591728,1005.146765,-140.672548,996.690469,59.941515,0.008288,1,0
16.367000,-58.673915,207623.655037,-178.687554,208037.001099,61.270949,206683.219649,99.391848,1004.475800,-20.551241,1013.322585,-140.678088,1004.097943,59.945040,0.007571,1,0
16.400000,-58.745577,208091.044505,-178.586620,207505.549042,61.354049,206835.820991,99.301010,1006.186895,-20.621942,1012.774522,-140.522337,1013.071980,59.953470,-0.007325,1,0
16.433000,-58.585213,206827.828266,-178.755055,209050.308836,61.251887,207940.225871,99.578487,1010.678830,-21.152030,1011.515085,-140.750270,1002.607720,59.949530,0.001144,1,0
16.467000,-58.628843,207068.677515,-178.419026,208883.379227,61.421762,207073.446448,99.651528,1015.339039,-20.529424,1013.590366,-140.494053,1015.628272,59.951473,0.000151,1,0
16.500000,-58.622730,207903.904464,-178.348398,207041.960852,61.424799,207404.872795,99.378840,1008.860003,-20.445780,1017.569522,-140.778133,1016.152756,59.961969,-0.003091,1,0
16.533000,-58.454733,209094.571059,-178.656118,209582.997335,61.151653,208408.299732,99.563250,1014.051069,-20.697513,1008.654782,-140.989469,1015.782491,59.953129,0.001592,1,0
16.567000,-58.706981,208316.115911,-178.460526,207270.360774,61.400605,207706.558285,99.405493,1015.846623,-20.155071,1008.624847,-140.700151,1004.409682,59.945430,0.010317,1,0
16.600000,-58.771075,208018.438464,-178.667900,207980.334121,61.420331,207839.483932,99.234779,1023.930851,-20.523713,1015.161413,-140.738557,1024.564568,59.951382,-0.001814,1,0
16.633000,-58.799329,208138.919763,-178.741289,206853.525364,61.380460,207886.577786,99.193052,1018.621644,-20.440949,1009.441906,-140.777138,1018.438450,59.959075,-0.003605,1,0
16.667000,-58.594055,207058.933601,-178.556083,207653.489834,61.378692,208234.220259,99.505658,1021.082096,-20.840211,1021.115580,-140.509790,1011.845806,59.947825,0.007534,1,0
16.700000,-58.516288,206341.813344,-178.588684,207111.080809,61.411004,205814.680134,99.788349,1015.110376,-20.412534,1026.538948,-140.661388,1008.308588,59.949199,0.003540,1,0
16.733000,-58.469817,205479.514166,-178.556456,207375.569685,61.486822,206452.940116,99.887475,1014.689114,-20.931841,1007.905647,-140.496295,1013.203942,59.955499,0.015197,1,0
16.767000,-58.569982,206929.952987,-178.458451,207918.472898,61.474553,207287.340946,99.234415,1010.209246,-20.542027,1013.459113,-140.728591,1020.901403,59.959253,-0.001441,1,0
16.800000,-58.616736,206879.640675,-178.468529,207463.027041,61.322766,207346.029776,99.146709,1014.243353,-20.407895,1003.604202,-140.477746,1009.454113,59.948517,0.000475,1,0
16.833000,-58.631449,207394.920911,-178.522457,206377.467958,61.417228,207248.767147,99.422442,1014.855524,-20.155333,1006.538107,-140.868156,1007.038786,59.945971,-0.012893,1,0
16.867000,-58.532258,208507.738137,-178.562934,207032.429934,61.465153,207434.348112,99.648222,1005.837693,-20.553933,1018.822356,-140.680805,1020.439721,59.956583,0.006619,1,0
16.900000,-58.783078,207951.162522,-178.600272,208206.612881,61.423018,208501.797027,99.350996,1005.714430,-20.480343,1003.127758,-140.603741,1018.684608,59.959929,-0.013812,1,0
16.933000,-58.579319,206252.859664,-178.670111,207827.145145,61.528525,207688.951403,99.331870,1017.947868,-20.461879,1013.079163,-140.645449,1016.144384,59.964518,0.000448,1,0
16.967000,-58.602357,206905.195120,-178.690547,207766.654402,61.460721,207628.169473,99.415737,1013.389671,-20.641694,1019.457208,-140.736170,1003.649827,59.959623,0.002229,1,0
17.000000,-58.800239,207521.567521,-178.625679,208901.217562,61.355077,205833.352879,99.381002,1011.503890,-20.652823,1010.916579,-140.886834,1019.143964,59.966228,0.011315,1,0
17.033000,-58.435329,206502.209538,-178.641072,206687.862981,61.361158,206411.965174,99.646410,1011.207686,-20.386054,1010.524728,-140.613540,1009.628437,59.969806,-0.002630,1,0
17.067000,-58.465604,207750.111310,-178.648320,208120.597697,61.460707,206517.483423,99.598106,1004.690789,-20.508426,999.322546,-140.225280,1006.475209,59.962048,-0.000666,1,0
17.100000,-58.653550,207409.017722,-178.498986,207294.308801,61.359830,207878.139840,99.418022,1008.708639,-20.394799,1008.082932,-140.836792,1007.279054,59.968336,0.007515,1,0
17.133000,-58.754641,208182.135704,-178.567350,207924.966530,61.327074,208320.461333,99.222618,1013.869666,-20.749964,999.657430,-140.724944,1006.358231,59.964832,0.012791,1,0
17.167000,-58.648090,208564.332875,-178.683877,209686.587658,61.324215,207766.656781,99.502746,1008.538842,-20.949806,1014.840938,-140.756190,1009.430924,59.965367,0.007474,1,0
17.200000,-58.648138,209287.591683,-178.452483,208175.519625,61.456665,208621.148244,99.026603,1000.536673,-20.244907,1003.927565,-140.791567,997.909656,59.972006,0.008460,1,0
17.233000,-58.414088,206898.960793,-178.587759,208486.543262,61.416187,207417.490545,99.768383,1001.025915,-20.534982,1018.781352,-140.572766,1010.388405,59.969012,-0.001006,1,0
17.267000,-58.461479,207998.753883,-178.642057,208020.902719,61.589517,208689.075279,99.649249,1007.377441,-20.661205,1003.203080,-140.638327,1001.134184,59.971600,0.004634,1,0
17.300000,-58.555182,209653.469308,-178.677004,210267.901205,61.333486,207848.803132,99.544511,1007.772036,-20.642092,1011.386428,-140.828639,998.740559,59.968531,0.017509,1,0
17.333000,-58.504824,208779.890617,-178.550497,208280.867877,61.396484,208563.447506,99.504742,1014.204090,-20.881115,1010.474729,-140.909389,1013.342010,59.968028,-0.020326,1,0
17.367000,-58.588365,209681.261769,-178.681291,208979.404861,61.510837,209358.884528,99.394096,1010.256968,-20.560006,1004.733198,-140.616731,1009.238514,59.968819,-0.004236,1,0
17.400000,-58.671255,209159.512258,-178.554394,209673.386522,61.480876,208555.688397,99.194759,1011.626309,-20.690442,1006.101060,-140.526101,1017.710828,59.970330,0.012061,1,0
17.433000,-58.470903,208352.149256,-178.561678,208872.667537,61.569799,208525.344492,99.314971,1015.596587,-20.545733,1000.007539,-140.631350,1009.322960,59.963300,0.001032,1,0
17.467000,-58.675021,208461.286781,-178.341179,208878.255660,61.514325,207467.767834,99.254635,1007.092545,-20.410278,1002.934988,-140.428434,1008.427836,59.972270,0.002243,1,0
17.500000,-58.394971,209372.919935,-178.651485,206750.831549,61.512819,207482.689292,99.700279,1006.973055,-20.635858,996.125500,-140.499418,1005.417714,59.969472,-0.011937,1,0
17.533000,-58.581123,208039.954790,-178.509186,211382.530601,61.559275,209815.484883,99.436999,996.413678,-20.839983,1001.612655,-140.476424,999.480120,59.973877,0.008834,1,0
17.567000,-58.577597,210095.093062,-178.738944,207726.577839,61.492025,209870.992624,99.469210,1000.204084,-20.997507,1000.492650,-140.272115,1003.258662,59.971593,-0.004633,1,0
17.600000,-58.666359,208371.824897,-178.433167,209595.634008,61.512596,208960.256078,99.467377,1007.652344,-20.446504,1004.749104,-140.521264,1021.131366,59.965654,0.004151,1,0
17.633000,-58.441166,210000.967607,-178.406579,207328.746161,61.505347,208019.000711,99.412704,1009.612787,-20.350922,1015.346316,-140.377104,1008.824904,59.966687,-0.014251,1,0
17.667000,-58.462197,207392.261555,-178.353200,208977.297144,61.661433,207246.778480,99.471119,997.261557,-20.059707,1009.860052,-140.132047,1015.387122,59.973011,-0.000494,1,0
17.700000,-58.475117,209647.418903,-178.276571,208777.428981,61.386947,207923.208927,99.535978,1015.336069,-20.237426,1019.075231,-140.735222,1010.046851,59.977005,0.004013,1,0
17.733000,-58.523273,208627.890096,-178.558213,207590.675636,61.395326,207160.965381,99.481111,1012.341578,-20.659825,1006.605808,-140.621407,1016.723884,59.968359,0.003759,1,0
17.767000,-58.499578,209617.091376,-178.638351,209924.570852,61.483856,207856.062517,99.734022,1008.605843,-20.804086,1015.998675,-139.953791,1014.661935,59.972560,0.010615,1,0
17.800000,-58.590780,208178.889528,-178.306366,208010.885975,61.480853,207349.902789,99.432642,1015.400949,-20.246345,1022.999031,-140.153001,1021.771160,59.977410,0.002616,1,0
17.833000,-58.686735,208393.753012,-178.283126,207594.533348,61.604165,208210.324343,99.403994,1016.442326,-20.360211,1011.004815,-140.449186,1020.587532,59.974922,0.008664,1,0
17.867000,-58.409535,207321.541581,-178.542712,209219.521648,61.558784,208109.117441,99.744074,1010.733990,-20.486539,1016.425816,-140.886712,1011.355781,59.968879,-0.002374,1,0
17.900000,-58.451710,208620.877838,-178.378799,209240.556535,61.585012,208094.563544,99.498532,1010.832112,-20.505611,1012.482566,-140.674301,1010.853684,59.962829,-0.006297,1,0
17.933000,-58.416854,209446.944926,-178.533101,209728.022326,61.484967,208163.551064,99.771470,1015.482008,-20.363976,1016.118211,-140.170155,1017.563400,59.969157,-0.003440,1,0
17.967000,-58.430118,208212.877257,-178.497805,210578.804056,61.692057,208779.329685,99.629807,1010.363259,-20.440518,1005.463059,-140.160149,1013.632151,59.966304,-0.010985,1,0
18.000000,-58.321554,209958.048938,-178.393994,208610.664912,61.664526,207046.393594,99.374787,1011.700803,-20.363850,999.958446,-140.211267,1017.881304,59.966688,0.001361,1,0
18.033000,-58.252195,209569.978452,-178.417281,209242.272547,61.599851,209921.847491,99.898333,1007.058571,-20.388656,1011.427398,-140.376206,1011.120200,59.970559,-0.012435,1,0
18.067000,-58.407234,208647.527385,-178.461001,208949.257494,61.589383,209074.371310,99.470843,1008.891472,-20.514414,1017.867799,-140.137605,1012.136732,59.972651,-0.001119,1,0
18.100000,-58.448692,208555.618666,-178.336942,208364.735046,61.471698,208231.367261,99.660380,1012.526030,-20.445631,1010.293555,-140.551235,1015.366065,59.968042,0.006452,1,0
18.133000,-58.364180,207261.038509,-178.377047,207512.749976,61.731462,206989.127278,99.687032,1000.385632,-20.169625,1005.066699,-140.291005,1006.933359,59.971503,0.010520,1,0
18.167000,-58.303662,208325.148429,-178.611402,206996.874881,61.864284,208860.845387,99.595152,1013.691545,-20.796800,1011.412165,-139.948239,1004.861880,59.968598,0.000771,1,0
18.200000,-58.336847,207468.285539,-178.356600,208657.589411,61.521648,208152.264262,99.725295,1011.774814,-20.221101,1015.166636,-140.596805,1015.672908,59.975504,-0.001372,1,0
18.233000,-58.398316,206192.065074,-178.332449,207430.268398,61.644354,208017.057366,99.924726,1010.986115,-20.546572,1001.006377,-140.191580,1017.448012,59.966437,0.000023,1,0
18.267000,-58.461550,209298.118140,-178.424857,208129.166344,61.456536,207152.873658,99.592120,1005.664811,-20.264050,1011.271625,-140.440125,1008.245262,59.964915,0.010530,1,0
18.300000,-58.452556,208198.773999,-178.435787,208422.576148,61.612676,207895.303068,99.606088,1000.901982,-20.228909,1008.594440,-140.229395,1003.008040,59.964642,0.001668,1,0
18.333000,-58.420589,207205.564028,-178.273922,208097.649060,61.795017,205787.268926,99.922736,1005.426849,-20.328681,1008.998153,-140.375301,1005.168629,59.966052,0.003993,1,0
18.367000,-58.329847,207383.424010,-178.515600,208337.235136,61.567746,208476.046356,99.586009,992.126639,-20.472073,996.685668,-140.372913,1002.090161,59.962911,-0.004804,1,0
18.400000,-58.278324,209132.269374,-178.308005,208682.222391,61.652489,206830.833866,99.468416,989.514404,-19.914414,1008.410059,-140.291295,1016.006558,59.968875,-0.002275,1,0
18.433000,-58.321443,207598.211263,-178.348812,209704.234290,61.627631,208050.249745,99.943682,1003.543894,-20.269670,1008.062288,-140.380521,1006.843402,59.962276,-0.006007,1,0
18.467000,-58.136899,208166.649777,-178.438349,209082.801896,61.841271,208730.186680,99.894094,1004.254024,-20.456651,994.012918,-139.881543,1000.551712,59.962565,0.003003,1,0
18.500000,-58.259936,209124.853998,-178.445723,208154.430947,61.703039,206522.624479,100.127220,995.929389,-20.644191,991.292667,-140.516241,997.409974,59.965447,-0.003710,1,0
18.533000,-58.105659,206511.115351,-178.270500,207640.960977,61.658702,207681.913328,99.735316,991.869344,-20.483923,1005.469736,-140.526789,1011.222605,59.967751,-0.005279,1,0
18.567000,-58.550221,209445.492116,-178.488875,207990.244998,61.607657,208385.511444,99.796788,996.064166,-20.478625,996.523276,-140.324067,992.592373,59.968311,0.000979,1,0
18.600000,-58.373720,208806.028393,-178.394402,208942.633013,61.580265,205502.009701,99.309437,1002.201780,-20.494973,999.204836,-140.528237,995.983484,59.965445,0.006687,1,0
18.633000,-58.420753,208858.903302,-178.437019,207321.884608,61.854831,207647.843423,99.772043,1000.915524,-20.460550,1002.188164,-140.304524,992.398805,59.966809,0.003131,1,0
18.667000,-58.399642,209500.182738,-178.325062,207739.040965,61.762625,207532.797274,99.548253,1007.455276,-20.433972,996.632628,-139.813600,994.791461,59.967722,0.018792,1,0
18.700000,-58.537275,207546.938733,-178.429347,208675.184655,61.491054,208364.026524,99.279449,1004.063177,-20.465944,1002.309704,-140.593152,995.760338,59.969091,-0.006120,1,0
18.733000,-58.332943,207078.456026,-178.534117,206874.598286,61.445401,206920.532774,100.054022,995.829355,-20.569876,993.483680,-140.538305,1001.938287,59.964687,0.002319,1,0
18.767000,-58.468463,206243.172991,-178.397481,208336.331613,61.658858,207586.763342,99.652404,1006.297249,-20.440353,992.859956,-139.996122,983.368731,59.970239,0.001941,1,0
18.800000,-58.483070,207003.460054,-178.315598,208400.713820,61.443783,207321.454674,99.631165,991.922435,-20.358631,1004.927274,-140.725201,997.583972,59.972885,-0.001025,1,0
18.833000,-58.246561,205711.595924,-178.404241,206727.985654,61.849402,208958.191417,100.075493,995.553587,-20.486822,988.737002,-140.340812,994.817423,59.970781,-0.002559,1,0
18.867000,-58.477570,206748.110952,-178.345634,208714.757028,61.830965,207134.421514,99.563150,1012.325253,-20.543861,1005.447970,-140.186103,1000.143673,59.955122,-0.021154,1,0
18.900000,-58.523375,208593.797087,-178.363889,204972.342957,61.504298,207705.981138,99.045084,994.695222,-20.763266,994.813985,-140.120893,997.491768,59.974577,-0.000896,1,0
18.933000,-58.170230,207304.702565,-178.356023,205392.971611,61.751762,207577.774987,99.874409,998.280025,-20.385655,992.197717,-140.177780,995.174408,59.966470,0.002120,1,0
18.967000,-58.527809,206607.822408,-178.564062,207556.897780,61.535691,206100.947238,99.450350,996.416177,-20.343334,993.149435,-140.264917,992.739939,59.968993,0.008581,1,0
19.000000,-58.283853,205753.752013,-178.446552,206932.854301,61.625548,206702.204768,99.771380,994.786109,-20.332079,988.181301,-140.208049,997.205503,59.972891,0.004441,1,0
19.033000,-58.414646,205641.933625,-178.453322,206701.186356,61.582491,207208.341981,99.589040,993.504179,-20.421378,992.532133,-140.457856,999.769353,59.970541,-0.006925,1,0
19.067000,-58.422071,208452.791784,-178.578700,206652.093594,61.411563,207464.040603,99.635522,999.541910,-20.195910,994.074947,-140.523006,982.422020,59.969382,0.001471,1,0
19.100000,-58.467630,206895.194656,-178.358257,207309.484327,61.578510,207309.717949,99.223104,1001.616539,-20.408649,990.848436,-140.140507,991.471187,59.961980,-0.002118,1,0
19.133000,-58.329340,206170.474923,-178.324822,206480.555670,61.614190,205687.134777,99.590913,1003.115847,-20.146433,995.966802,-140.358384,996.631474,59.965518,-0.013447,1,0
19.167000,-58.597018,208036.842856,-178.131785,206264.450527,61.810990,206834.421768,99.587825,986.081541,-20.105122,996.083375,-140.580331,990.654229,59.968317,0.002092,1,0
19.200000,-58.365770,207722.776460,-178.388546,204755.193623,61.656209,209859.237357,99.606520,1005.510185,-20.398936,1002.361869,-140.555851,999.264299,59.966232,-0.000701,1,0
19.233000,-58.510930,206613.673336,-178.400642,207868.786082,61.547972,208187.125281,99.232649,1007.420366,-20.463838,995.028774,-140.383952,1000.148141,59.969212,0.004971,1,0
19.267000,-58.299992,207739.224331,-178.565011,205848.673733,61.649063,205727.540938,99.532567,1005.018749,-20.505089,997.710905,-140.681588,994.905785,59.964845,-0.002605,1,0
19.300000,-58.514559,207401.619091,-178.453949,206172.545587,61.623965,207873.253331,99.349606,996.332370,-20.500102,995.885826,-140.526140,1001.310208,59.965459,-0.011095,1,0
19.333000,-58.394673,206540.773308,-178.270643,207086.867380,61.618702,207292.054518,99.632499,995.553550,-20.383783,1010.915507,-140.377508,1003.989251,59.957522,-0.003258,1,0
19.367000,-58.427748,207804.320756,-178.488107,206335.134773,61.573546,206173.404939,99.632019,1003.538259,-20.671182,1003.601845,-140.254776,996.822679,59.967351,0.007022,1,0
19.400000,-58.544786,207545.207434,-178.445668,207860.646446,61.446220,205257.228575,99.192699,993.350995,-20.457369,999.166580,-140.738256,1003.682449,59.966439,0.004495,1,0
19.433000,-58.520483,207470.445371,-178.413219,207862.338305,61.584362,208004.372511,99.469989,1005.372050,-20.099912,1001.634963,-140.228152,994.280652,59.970127,-0.011265,1,0
19.467000,-58.343414,207299.360968,-178.424559,206731.510759,61.679446,206447.553213,99.596153,1007.280055,-20.719052,998.801741,-140.142469,1010.491612,59.965708,-0.007828,1,0
19.500000,-58.404826,207307.007092,-178.409305,206104.299929,61.485602,207657.326256,99.618394,1006.207045,-20.466005,1002.926503,-140.525310,1006.965855,59.972110,-0.009185,1,0
19.533000,-58.460223,206548.098564,-178.519812,206182.876175,61.464663,209181.354087,99.743746,996.315367,-20.505703,1004.625040,-140.372061,990.338772,59.961219,0.002342,1,0
19.567000,-58.456447,207407.131298,-178.492239,207383.471805,61.519430,207629.851893,99.552819,995.688849,-20.262970,1004.697004,-140.391399,1002.375095,59.955970,-0.001995,1,0
19.600000,-58.403612,207614.371761,-178.475184,206827.693678,61.684895,205688.146723,99.477984,995.054593,-20.266700,1000.678744,-140.560272,1006.216495,59.962540,-0.002997,1,0
19.633000,-58.642998,207898.942288,-178.400200,206671.215950,61.364144,205582.698288,99.413850,992.760326,-20.554800,999.669672,-140.450643,1009.090538,59.959251,-0.003934,1,0
19.667000,-58.583578,207334.856687,-178.485833,209218.613266,61.676876,208755.525538,99.257441,993.493679,-20.487195,1007.362130,-139.846827,990.613752,59.961796,-0.002236,1,0
19.700000,-58.540026,208616.481637,-178.483028,208014.910249,61.520846,207854.034080,99.397476,998.315870,-20.478496,1001.739658,-140.673513,997.989911,59.952812,0.012974,1,0
19.733000,-58.465588,208111.858970,-178.560044,206205.630659,61.522254,207457.411836,99.617717,998.682759,-20.667502,997.918569,-140.663601,994.589136,59.966531,0.002133,1,0
19.767000,-58.644079,206958.498187,-178.463254,206564.487319,61.469095,206752.729922,99.582947,999.477837,-20.532046,1001.525553,-140.258643,1003.963497,59.965379,0.002515,1,0
19.800000,-58.618806,206614.984008,-178.506918,207831.824570,61.677946,206522.474271,99.521414,1011.416739,-20.670644,1008.679774,-140.439310,1002.295251,59.957667,0.004199,1,0
19.833000,-58.753163,209806.208096,-178.567591,208067.039540,61.358217,207958.129663,99.008261,1002.754968,-20.577185,1010.835799,-140.493328,1012.302642,59.963014,0.003237,1,0
19.867000,-58.468615,209615.898829,-178.597126,206557.449001,61.655894,207074.016284,99.477452,1002.254599,-20.629670,1004.630624,-140.315710,1002.998951,59.964058,-0.006014,1,0
19.900000,-58.515005,206344.829460,-178.380798,210311.248476,61.541206,208684.209938,99.467135,1000.656013,-20.480753,996.859977,-140.484436,1007.017925,59.966353,-0.004152,1,0
19.933000,-58.775974,207895.338002,-178.518503,209036.748361,61.545392,206956.499671,99.253392,1007.850784,-20.417114,1010.364648,-140.589496,1000.365274,59.957404,-0.004135,1,0
19.967000,-58.615887,208680.620424,-178.339796,208315.998717,61.397016,209170.870189,99.664638,1013.020111,-20.392467,1011.224436,-140.721795,1002.717980,59.960188,0.003123,1,0
20.000000,-58.486191,206051.388449,-178.440668,208692.326257,61.620045,206178.279186,99.572600,1010.148135,-20.239669,1012.302852,-140.289013,1004.249099,59.955562,0.010126,1,0
20.033000,-58.423818,209211.841485,-178.760915,207148.767690,61.479140,207608.048308,99.461802,1018.461454,-20.743812,1013.023535,-140.085514,999.250557,59.966584,0.001193,1,0
20.067000,-58.532847,210199.977596,-178.417462,206471.540377,61.793558,207627.024622,99.439710,1005.087786,-20.423143,1005.841726,-140.459328,1007.980281,59.959925,-0.009153,1,0
20.100000,-58.628113,209182.030839,-178.462277,207612.539173,61.519752,207266.908185,99.019983,1010.856275,-20.591099,1005.779841,-140.869073,1007.383125,59.960494,0.015258,1,0
20.133000,-58.417966,208165.953726,-178.428425,208184.743434,61.706219,208760.910147,99.522376,1006.365042,-20.410005,1003.458761,-140.213160,1007.268594,59.974884,0.007424,1,0
20.167000,-58.397874,209924.565751,-178.599248,208321.630551,61.495359,205327.250924,99.812279,1002.846750,-20.531988,1015.031895,-140.831376,1009.972606,59.973745,0.007750,1,0
20.200000,-58.420984,207694.316902,-178.457727,208259.283616,61.412628,207877.463434,99.246512,1020.372049,-20.393082,1017.061348,-140.418398,1025.422285,59.965888,-0.007205,1,0
20.233000,-58.322094,206653.699416,-178.604295,210364.479163,61.508365,210346.971663,99.691408,1017.941433,-20.753529,1010.158520,-140.288707,1022.240471,59.977841,-0.000798,1,0
20.267000,-58.508462,208163.020310,-178.467802,208345.560766,61.608908,206813.926461,99.166362,1014.470518,-20.422408,1019.697628,-140.535669,1022.151093,59.963268,-0.006187,1,0
20.300000,-58.512081,208138.683860,-178.499240,208797.872387,61.381931,208231.819456,99.569097,1014.368029,-20.702223,1012.946739,-140.781280,1006.891257,59.964551,-0.010655,1,0
20.333000,-58.478174,206866.171575,-178.668421,208621.655840,61.412344,208464.669958,99.824988,1015.592201,-20.891707,1011.692259,-140.510477,1018.436581,59.971056,0.011435,1,0
20.367000,-58.557722,206756.610776,-178.390104,209568.052241,61.429361,208234.670417,99.519346,1015.213898,-20.407104,1004.193717,-141.086820,1013.282702,59.974261,0.009259,1,0
20.400000,-58.450201,206605.848499,-178.570341,206800.648982,61.416137,207807.086939,99.316051,1016.328897,-20.645069,1017.963408,-140.537220,998.438218,59.962794,-0.004867,1,0
20.433000,-58.588580,207351.901024,-178.565614,208265.345352,61.336707,206103.735299,99.766510,1009.580058,-20.608232,1019.770790,-140.709718,1013.090462,59.963045,-0.001280,1,0
20.467000,-58.546053,207933.191247,-178.704383,208937.086753,61.315678,206770.806027,99.696334,1012.863560,-20.970213,1018.837949,-140.665484,1009.402173,59.969335,-0.002265,1,0
20.500000,-58.694754,207538.071037,-178.482416,210106.468664,61.445782,206377.266968,99.129549,1011.854686,-20.837266,1014.037407,-140.664563,1012.485822,59.969535,0.003544,1,0
20.533000,-58.338585,207113.830960,-178.590017,207974.274964,61.433334,207622.050788,99.742929,1013.550855,-20.854167,1017.170058,-140.547395,1015.719187,59.965463,-0.012258,1,0
20.567000,-58.532055,206637.400024,-178.599343,208535.503622,61.430554,206084.841494,99.267558,1015.755890,-20.486127,1017.958455,-140.492551,1010.357111,59.952468,0.008996,1,0
20.600000,-58.601314,208585.540136,-178.489922,209870.162577,61.242453,208333.586043,99.498296,1019.613089,-20.297624,1019.923089,-140.473001,1023.146121,59.957448,0.003591,1,0
20.633000,-58.545988,207612.869732,-178.220902,208261.673147,61.605667,206829.468756,99.491998,1017.494703,-20.084576,1017.308044,-140.287701,1010.426855,59.965378,0.002139,1,0
20.667000,-58.493822,209327.192936,-178.619480,207578.334908,61.569935,206393.557271,99.676101,1023.879956,-20.636261,1013.625619,-140.163051,1024.083972,59.957142,-0.004391,1,0
20.700000,-58.455026,206314.400339,-178.444500,208809.852113,61.569996,209134.747352,99.569291,1020.033612,-20.741082,1020.750120,-140.417533,1017.820358,59.957211,0.006629,1,0
20.733000,-58.515038,207686.302384,-178.471041,209275.305774,61.526695,208014.516211,99.564828,1018.191531,-20.450715,1010.721946,-140.209790,1017.213928,59.954201,0.004968,1,0
20.767000,-58.570758,208124.158553,-178.419125,208221.321686,61.479549,207990.273514,99.416759,1018.093230,-20.220724,1017.806996,-140.552891,1019.021937,59.950199,0.005004,1,0
20.800000,-58.346332,208111.297326,-178.344634,207759.426927,61.265725,207242.687306,99.477560,1026.895844,-20.377688,1014.721670,-140.697125,1022.362040,59.959317,-0.002252,1,0
20.833000,-58.513151,208152.493558,-178.481118,208735.378580,61.383333,208606.264403,99.570056,1016.450425,-20.612448,1011.287781,-140.853382,1019.760615,59.958285,0.000754,1,0
20.867000,-58.680051,207405.391089,-178.489999,209227.037465,61.428754,208896.300779,99.234920,1015.836064,-20.868393,1015.288841,-140.480664,1020.479441,59.963204,-0.016226,1,0
20.900000,-58.434470,207619.376429,-178.645077,207275.441870,61.474783,207003.265352,99.657968,1016.023089,-20.492540,1010.679652,-140.836471,1017.309295,59.959495,0.007140,1,0
20.933000,-58.490174,207494.700007,-178.580568,208595.622803,61.532509,208626.703488,99.495069,1012.342650,-20.588949,1017.650511,-140.444030,1005.029583,59.959262,-0.005335,1,0
20.967000,-58.506001,207710.058463,-178.350095,207237.169572,61.422244,208036.974578,99.460004,1007.976328,-20.185664,1015.679779,-140.575392,1009.176630,59.958949,0.008159,1,0
21.000000,-58.426026,207800.147438,-178.634124,209541.727736,61.337639,207723.799377,99.695365,1016.031683,-20.762358,1021.274940,-140.525220,1007.658724,59.951461,0.007092,1,0
21.033000,-58.556585,208328.297402,-178.569711,206955.207671,61.405642,208648.396332,99.186629,1009.756866,-20.728658,1005.293473,-140.515342,1013.998178,59.958468,0.003299,1,0
21.067000,-58.591442,207064.577986,-178.648294,208446.182301,61.416312,207320.620256,99.071411,1009.217078,-20.456892,1007.770537,-140.569416,1020.642024,59.951218,-0.001222,1,0
21.100000,-58.524234,208875.164093,-178.626348,208855.661431,61.370861,207994.923280,99.096267,1016.583702,-20.855267,1006.143621,-140.493167,1010.971063,59.963425,0.006124,1,0
21.133000,-58.789035,207046.062111,-178.457888,209053.009133,61.287554,209236.424741,99.396491,1017.043843,-20.553471,1012.235205,-140.653033,1012.554849,59.965161,0.002867,1,0
21.167000,-58.614084,208511.850608,-178.427274,209430.952044,61.449656,208189.322646,99.267685,1019.978324,-20.413737,1014.846738,-140.374791,1013.645929,59.961921,-0.005523,1,0
21.200000,-58.703906,207708.266739,-178.676269,207543.599156,61.368707,207318.932869,99.319404,1011.801572,-20.749316,1004.440280,-141.051180,1018.719957,59.957115,0.006408,1,0
21.233000,-58.664605,207117.860289,-178.662220,207301.343636,61.332467,207513.494313,99.332898,1008.450441,-20.479138,1010.414537,-140.543409,1010.878482,59.958454,0.015865,1,0
21.267000,-58.649006,209561.943348,-178.712738,208740.615004,61.418357,207412.872468,99.460556,1012.911196,-20.724551,1012.603601,-140.505044,1023.594331,59.952772,0.002946,1,0
21.300000,-58.585948,207221.358120,-178.495376,208735.262695,61.341938,207738.004212,99.745867,1012.814793,-20.341855,1016.256282,-140.700319,1010.050542,59.958249,-0.008397,1,0
21.333000,-58.700300,207489.952167,-178.638910,208442.600431,61.193503,206414.431086,99.458678,1024.709077,-20.784770,1017.998518,-140.695667,1012.675754,59.960636,0.000933,1,0
21.367000,-58.674438,206665.902753,-178.734494,209447.742175,61.377694,209303.463868,99.107243,1013.310029,-20.881947,1018.165198,-140.691411,1011.897666,59.959273,-0.003068,1,0
21.400000,-58.772034,207241.245618,-178.644862,208106.670397,61.287339,207874.594760,99.133791,1014.499055,-20.695941,1020.711849,-140.800619,1022.646493,59.961029,0.002770,1,0
21.433000,-58.794294,208496.929799,-178.657508,207798.928874,61.309756,209199.995008,99.239198,1020.558293,-20.532243,1018.862277,-141.001094,1027.497196,59.965782,-0.000687,1,0
21.467000,-58.651553,207372.604666,-178.637970,207596.757572,61.265430,207151.590757,99.412147,1011.009153,-20.628996,1010.970546,-140.572360,1007.246391,59.959184,-0.007855,1,0
21.500000,-58.643148,208764.260776,-178.631232,207106.768238,61.554520,207890.718506,99.405142,1017.350893,-20.648996,1018.619927,-140.557120,1031.041454,59.958383,-0.002000,1,0
21.533000,-58.888765,206954.684672,-178.825084,210779.522544,61.341872,206178.654317,98.953860,1002.443027,-21.018093,1017.712598,-140.784906,1017.129456,59.955426,-0.006785,1,0
21.567000,-58.567050,205770.366478,-178.821300,206567.615451,61.457722,207889.472853,99.440310,1016.386071,-21.059095,1013.625981,-140.621705,1013.755889,59.959927,-0.001077,1,0
21.600000,-58.692305,208324.088853,-178.559393,207344.371445,61.328746,208142.802975,99.384772,1014.012037,-20.347760,1017.487267,-140.686978,1015.495367,59.956611,0.004480,1,0
21.633000,-58.788765,207570.153888,-178.715999,207170.482519,61.091942,207735.231111,99.047068,1016.737925,-20.848341,1016.176568,-140.740618,1020.327449,59.956550,-0.000906,1,0
21.667000,-58.792454,206302.440955,-178.661854,205815.704516,61.345845,207156.118328,99.241916,1006.854264,-20.370283,1003.187985,-140.541073,1007.522628,59.955928,0.002533,1,0
21.700000,-58.696317,207378.499384,-178.755450,207771.787354,61.311490,206838.684781,99.002871,1014.246317,-20.709070,1005.534073,-140.645458,1006.327978,59.957982,-0.002076,1,0
21.733000,-58.711568,207660.519142,-178.643136,208365.832244,61.534920,207982.483149,99.070082,1001.825046,-20.769043,1013.929045,-140.775100,1005.579454,59.950387,-0.007203,1,0
21.767000,-58.529720,207768.319691,-178.709256,206538.016793,61.306801,208005.459819,99.589906,1031.098113,-20.603685,1016.672451,-140.670514,1020.697561,59.957847,-0.002727,1,0
21.800000,-58.616883,206825.351300,-178.702989,208421.766126,61.451497,208239.035715,99.154209,1010.461398,-20.640091,1007.747985,-140.508133,1020.396107,59.956062,0.003671,1,0
21.833000,-58.364708,206968.282326,-178.567783,207107.740063,61.347179,206387.669972,99.458949,1012.343064,-20.624200,1015.462134,-140.568701,1011.244045,59.963479,0.001684,1,0
21.867000,-58.778006,207068.330863,-178.479283,207831.303605,61.399434,207433.728312,99.154439,1001.233948,-20.279191,1017.887762,-140.246390,1004.602018,59.964910,0.000686,1,0
21.900000,-58.462875,206595.127878,-178.753518,207790.469245,61.357264,207682.522749,99.566275,1017.207516,-21.019287,1011.108399,-140.584043,1016.427072,59.960107,-0.003919,1,0
21.933000,-58.363533,206728.364658,-178.573105,205873.696225,61.540878,205507.030858,99.159619,1012.766882,-20.651588,1012.284153,-140.556449,1008.715081,59.959149,-0.000879,1,0
21.967000,-58.596532,206561.939530,-178.420844,208118.911000,61.571023,207377.515532,99.670379,1016.879032,-20.548254,1017.997715,-140.126404,1009.217185,59.965665,-0.001261,1,0
22.000000,-58.573175,207102.691719,-178.628403,206536.525032,61.396938,205789.725157,99.585416,1016.347864,-20.717195,1017.145117,-140.498499,1017.114745,59.966720,-0.005316,1,0
22.033000,-58.532155,207759.462780,-178.490525,208590.993524,61.672432,206118.628408,99.610790,1007.368767,-20.233315,1015.198408,-140.132636,1001.744656,59.966166,0.005487,1,0
22.067000,-58.483639,207024.071975,-178.596326,205350.095936,61.548243,206762.544530,99.264742,1007.979069,-20.683495,998.268661,-139.967843,1007.459353,59.967678,0.007538,1,0
22.100000,-58.297625,206888.534972,-178.388093,207862.525152,61.602798,207637.615620,99.797008,1013.640221,-20.319175,1008.953852,-140.486854,997.813415,59.959396,-0.011432,1,0
22.133000,-58.499620,206254.656316,-178.658612,206807.664394,61.445416,206418.649716,99.425657,999.932636,-20.484430,1022.350512,-140.642361,1002.201792,59.967289,0.000502,1,0
22.167000,-58.428387,207340.360039,-178.477112,205653.652851,61.369763,205059.228197,99.489352,1016.738309,-20.690047,1010.044405,-140.429511,1017.632281,59.957698,0.001748,1,0
22.200000,-58.546676,207603.387563,-178.442329,207344.906299,61.557928,206719.873152,99.815959,1010.939615,-20.756040,1015.260289,-140.199461,1020.591549,59.965396,0.012688,1,0
22.233000,-58.484985,205284.578443,-178.350013,205905.218090,61.689335,207451.447517,99.492679,1012.654476,-20.459983,1021.267304,-139.907768,1017.469012,59.965743,0.000091,1,0
22.267000,-58.565683,206638.639786,-178.517293,207446.626585,61.610668,206700.802738,99.350971,1016.874520,-20.650379,1020.024275,-140.497691,1009.825970,59.959857,0.001534,1,0
22.300000,-58.394709,206091.230806,-178.552487,206839.601486,61.373815,205060.030510,99.679302,1022.001695,-20.643509,1012.977186,-140.860758,1016.186906,59.964270,0.000464,1,0
22.333000,-58.578063,208068.056362,-178.421998,206346.762073,61.348918,206601.909567,99.089167,1011.519782,-20.491642,1006.129930,-140.360334,1016.373235,59.959086,-0.010807,1,0
22.367000,-58.512799,207886.805043,-178.417549,204980.060247,61.410452,206859.118918,99.748662,1013.977631,-20.293286,1011.926206,-140.428998,1015.158335,59.953289,0.009764,1,0
22.400000,-58.445751,206839.394823,-178.457970,206916.285499,61.659376,209106.543688,99.250845,1019.706896,-20.542842,1004.450540,-140.526884,994.007257,59.958182,-0.000529,1,0
22.433000,-58.382619,206787.426499,-178.299679,206113.846852,61.456882,207166.543269,99.565636,1022.170983,-20.376800,1019.487746,-140.606666,1016.670557,59.961002,0.009379,1,0
22.467000,-58.577197,207885.359135,-178.430288,205845.281565,61.600008,206541.754013,99.671199,1011.384628,-20.371929,1018.132956,-140.431519,1022.873515,59.958421,0.002001,1,0
22.500000,-58.215430,206732.073322,-178.461369,206420.451142,61.621265,205462.614070,99.458755,1013.440286,-20.722528,1013.073874,-140.500350,1014.776095,59.961949,-0.006390,1,0
22.533000,-58.493674,207302.663571,-178.370610,206949.596256,61.558790,205532.296974,99.506120,1017.599339,-20.260472,1008.095448,-140.286098,1011.052031,59.962807,0.008635,1,0
22.567000,-58.307947,206912.797902,-178.356623,207762.562403,61.562512,206635.664016,99.549535,1008.436891,-20.229639,1019.929788,-140.341370,1023.250909,59.971837,-0.010228,1,0
22.600000,-58.499522,206229.153249,-178.343445,207449.218285,61.591395,207085.822020,99.402995,1011.224204,-20.331582,1006.613507,-140.243515,1021.103873,59.961290,-0.001293,1,0
22.633000,-58.464691,208180.356892,-178.515245,207850.245050,61.444702,207402.862713,99.649025,1007.420818,-20.432372,1011.883874,-140.809183,997.761129,59.960752,0.014034,1,0
22.667000,-58.359402,206933.707733,-178.425728,207583.548754,61.693231,206606.694387,99.602295,1011.483127,-20.286538,1007.835532,-140.736417,1010.937602,59.970936,-0.013048,1,0
22.700000,-58.342384,206540.125500,-178.215786,208399.829742,61.601077,208923.284549,99.959679,1012.010231,-20.032511,1016.542408,-140.181181,1015.189638,59.965899,-0.001131,1,0
22.733000,-58.309122,206665.065022,-178.381819,206676.875659,61.498194,205474.854926,99.830507,1000.132922,-20.420330,1011.696027,-140.555811,1018.360434,59.961910,0.000840,1,0
22.767000,-58.469483,206886.823115,-178.410877,208782.292522,61.708069,206841.973315,99.648990,1008.874887,-20.396895,1004.848252,-140.254920,1018.917989,59.972087,0.010253,1,0
22.800000,-58.278029,208669.155784,-178.306021,207493.675835,61.609742,205872.469249,99.682167,1012.320567,-20.269634,1011.865268,-140.195277,1020.821935,59.973204,-0.001926,1,0
22.833000,-58.216087,208016.442358,-178.286849,207811.631213,61.501144,208326.635829,99.774654,1018.819526,-20.509836,1000.097478,-140.394428,1011.259095,59.970024,-0.002584,1,0
22.867000,-58.267903,207284.622505,-178.490358,207256.953815,61.698154,207546.204314,99.640832,1001.921487,-20.420589,1011.853492,-140.136449,1011.742918,59.974735,0.007429,1,0
22.900000,-58.411294,207095.648954,-178.437324,208875.618875,61.552633,206275.807402,99.510376,1017.055347,-20.376475,1018.882598,-140.533476,1025.687117,59.974297,0.002339,1,0
22.933000,-58.278013,207995.099122,-178.280275,208213.712417,61.729413,208125.448250,100.047912,1011.413021,-20.140531,1005.190495,-140.228364,1009.983362,59.974396,0.000915,1,0
22.967000,-58.321973,207969.567839,-178.181744,207428.629460,61.670557,208449.538349,99.844176,1014.137866,-20.010121,1006.313364,-140.329943,1006.393140,59.976875,0.006245,1,0
23.000000,-58.386944,206899.712750,-178.316244,207444.877532,61.486663,206231.416164,99.544211,1013.484930,-20.250776,998.033397,-140.020806,1008.027275,59.968371,-0.010498,1,0
23.033000,-58.356638,206782.363848,-178.436611,208311.600191,61.832073,208025.284964,99.505593,1010.577816,-20.552291,1000.272828,-139.988877,1002.695575,59.972720,0.000062,1,0
23.067000,-58.455923,206203.730438,-178.359061,206618.857780,61.587131,207004.101146,99.711253,996.183759,-20.053492,999.236490,-140.271225,1010.387152,59.966763,0.004630,1,0
23.100000,-58.431928,207320.305247,-178.246917,206694.538775,61.392176,207755.823666,99.488748,994.758094,-20.040518,1001.893720,-140.766906,998.151094,59.968113,0.002487,1,0
23.133000,-58.542232,206781.025395,-178.398455,206597.000886,61.383836,206717.771180,99.153795,1010.107774,-20.644129,997.362530,-140.866031,1009.258196,59.974726,-0.006810,1,0
23.167000,-58.659901,207641.176449,-178.605991,207126.975830,61.531745,206632.240451,99.167997,995.812781,-20.602341,995.419851,-140.387647,1000.345179,59.959785,0.000112,1,0
23.200000,-58.395528,205913.721550,-178.383365,206462.322024,61.537540,208652.009556,99.418827,996.286047,-20.256333,994.493185,-140.565810,996.586292,59.966621,-0.007066,1,0
23.233000,-58.524196,205713.108619,-178.685370,205569.609706,61.497863,204062.375527,99.507901,1009.349746,-20.878124,999.007369,-140.567460,998.333053,59.961676,0.006002,1,0
23.267000,-58.468351,205668.402153,-178.462463,207058.563422,61.396934,209598.255331,99.194273,998.433064,-20.666084,998.879754,-140.655871,1005.763771,59.965143,0.004000,1,0
23.300000,-58.302700,206755.565405,-178.523164,205926.794593,61.480272,206300.381392,99.728386,1005.111228,-20.572441,1001.723714,-140.611549,999.416439,59.959613,-0.001986,1,0
23.333000,-58.502066,207720.575269,-178.332740,206980.988185,61.553724,207877.551775,99.371348,997.640036,-20.134324,995.131564,-140.589256,1003.755166,59.967508,-0.002179,1,0
23.367000,-58.311879,205074.148687,-178.307732,207154.552644,61.550833,206151.223342,99.725266,1013.440015,-20.469591,1004.415955,-140.568216,1011.675643,59.961081,0.000738,1,0
23.400000,-58.408338,205885.618092,-178.381281,207549.159633,61.646983,206055.732855,99.474209,994.496554,-20.079730,1004.582793,-140.497881,995.086070,59.965843,0.014622,1,0
23.433000,-58.166158,208539.578274,-178.355808,205876.569608,61.539041,206562.147222,99.735035,990.471021,-20.148277,1003.303506,-140.420753,995.920250,59.964596,0.010854,1,0
23.467000,-58.424020,205363.901123,-178.567337,206216.767752,61.557840,206706.852866,99.602921,1000.971700,-20.626601,1003.186596,-140.417696,1004.927232,59.967185,0.003430,1,0
23.500000,-58.361037,206879.933034,-178.462336,206723.761135,61.509432,204800.799032,99.614902,998.770766,-20.673224,999.799951,-140.573199,1000.706421,59.961641,0.004344,1,0
23.533000,-58.502491,207399.695829,-178.369386,205920.386000,61.564780,204742.528614,99.743522,1003.903529,-20.644708,1002.321006,-140.300385,1008.228705,59.966820,0.005384,1,0
23.567000,-58.362705,206138.811533,-178.337017,205889.574683,61.561858,204948.352114,99.552507,1000.414197,-20.367162,1005.860351,-140.348664,987.884100,59.962324,0.009750,1,0
23.600000,-58.611902,205627.641891,-178.346324,205671.226183,61.624331,205105.325842,99.449151,1005.480023,-20.539365,999.359888,-140.302536,1007.585841,59.957491,-0.006455,1,0
23.633000,-58.405254,206257.408750,-178.361870,204454.847625,61.569889,206943.324716,99.774200,1001.475092,-19.925349,1003.207810,-140.498419,1010.584881,59.958482,-0.001712,1,0
23.667000,-58.529152,204992.321032,-178.603098,205311.345259,61.531703,206957.224692,99.441772,998.227815,-20.469749,1002.620762,-140.172045,999.281466,59.960921,-0.001761,1,0
23.700000,-58.149854,205093.830978,-178.511174,206419.662049,61.387181,206777.898211,99.489720,1013.609360,-20.512621,1010.285176,-140.731149,1001.448044,59.959084,-0.000120,1,0
23.733000,-58.364776,204731.837375,-178.363638,206818.846349,61.476115,205493.196095,99.930516,991.188545,-20.607620,1001.279138,-140.629276,1004.424445,59.959482,-0.009225,1,0
23.767000,-58.356410,205179.161806,-178.386009,205971.719091,61.638302,204093.641988,99.842077,1002.214062,-20.682667,1005.893893,-140.346626,1008.001749,59.955608,-0.001689,1,0
23.800000,-58.244329,205969.439650,-178.406266,207183.802750,61.703587,204847.749827,99.617911,1002.517279,-20.587529,999.577907,-140.537715,1000.356100,59.967007,0.002726,1,0
23.833000,-58.313710,207119.618454,-178.540348,206142.943790,61.685530,206536.818767,99.813430,998.414465,-20.486844,996.251342,-140.192718,998.015249,59.961477,0.005771,1,0
23.867000,-58.401765,205583.340302,-178.308518,207099.902957,61.534560,205295.998585,99.596388,1001.809001,-20.313590,1002.602027,-140.390181,1011.050343,59.961916,0.005842,1,0
23.900000,-58.419439,206309.381832,-178.524677,207469.214966,61.587249,207142.528740,99.550959,996.757384,-20.229550,992.713185,-140.507541,995.210954,59.952382,0.003502,1,0
23.933000,-58.179505,205849.621666,-178.343961,205476.157243,61.673443,205956.495739,99.693600,1001.114550,-20.157903,997.413488,-140.521003,1012.738956,59.946564,-0.011522,1,0
23.967000,-58.332419,207860.199667,-178.388382,208178.646802,61.760637,207382.971135,99.878262,1002.853610,-20.180151,996.412761,-140.246586,996.316109,59.947063,-0.002392,1,0
24.000000,-58.268869,206592.271853,-178.300933,205539.281887,61.721994,204812.518856,99.599866,1000.317242,-20.640918,993.063683,-140.358428,993.848790,59.952146,0.000672,1,0
24.033000,-58.378475,205032.261634,-178.517435,207734.220673,61.677094,206180.359942,99.408779,999.698442,-20.589781,998.610737,-140.374304,995.953795,59.952635,0.001472,1,0
24.067000,-58.373399,206599.073898,-178.115182,206147.161110,61.739340,206402.206790,99.628464,1000.534406,-20.153047,1000.179996,-140.234653,990.540837,59.945624,-0.004519,1,0
24.100000,-58.370730,205792.889662,-178.295929,207709.548935,61.581051,205748.756870,99.457699,988.606943,-20.255740,996.337938,-140.471340,992.067892,59.951581,-0.010108,1,0
24.133000,-58.457852,208622.942887,-178.259427,208523.487905,61.757545,208454.218934,99.700088,1003.437704,-20.486753,995.992860,-140.351388,1000.355228,59.952578,0.011899,1,0
24.167000,-58.326297,206649.925315,-178.292209,205920.123084,61.612888,206468.486338,99.509260,995.481423,-20.111827,995.340819,-140.040420,992.709238,59.954944,-0.002856,1,0
24.200000,-58.117970,206715.851892,-178.317815,208521.974097,61.697068,207129.412655,99.946109,995.464207,-20.100254,993.023012,-140.729142,997.409864,59.956568,-0.013907,1,0
24.233000,-58.457273,207589.347805,-178.278736,207000.706821,61.629762,208118.374564,100.324821,998.539483,-20.053783,991.992302,-140.731054,1008.695526,59.960996,0.008042,1,0
24.267000,-58.253267,207949.528612,-178.370402,205580.769745,61.549215,206848.363354,99.684806,992.852393,-20.205540,1001.251274,-140.507623,1001.793713,59.963789,0.006442,1,0
24.300000,-58.059624,205755.741998,-178.285768,207478.303055,61.654318,207653.759218,99.930088,998.566656,-20.386979,999.245733,-140.403475,988.943331,59.958556,-0.008563,1,0
24.333000,-58.344142,206771.934999,-178.331423,208027.963847,61.674968,206678.740159,99.448482,1014.588437,-20.290020,1000.470259,-140.162062,998.921276,59.952969,0.003256,1,0
24.367000,-58.364870,205578.549280,-178.261471,206814.112468,61.767353,207477.293312,99.591702,1009.738247,-19.982668,988.398667,-140.125962,988.153639,59.967019,-0.003546,1,0
24.400000,-58.195466,206115.297187,-178.302134,205187.721355,61.760741,208222.809774,99.734571,1001.457847,-20.499376,1005.041367,-140.388906,1001.946500,59.951331,-0.005753,1,0
24.433000,-58.319431,207435.840952,-178.286410,209390.758190,61.844845,206171.255078,99.890183,1001.523483,-20.276877,1002.119128,-140.090339,999.355862,59.963625,-0.002314,1,0
24.467000,-58.516929,204893.068598,-178.331887,208047.945789,61.702848,206469.879439,99.695289,994.772318,-20.361167,991.757439,-140.095373,994.926173,59.961853,-0.002339,1,0
24.500000,-58.333195,206499.004303,-178.456466,206901.222038,61.535268,206242.321635,99.983545,995.656007,-20.500869,989.819002,-140.735604,1001.237645,59.956928,0.010966,1,0
24.533000,-58.390855,207038.460884,-178.305329,208594.245735,61.572029,205157.501787,99.854691,985.616266,-20.445769,997.202662,-140.117710,995.929525,59.961158,-0.012827,1,0
24.567000,-58.340343,207410.345534,-178.114720,207881.667023,61.701364,208254.947125,99.982086,1002.440702,-19.967915,992.770512,-140.368342,989.025014,59.957241,-0.003928,1,0
24.600000,-58.516156,208327.609624,-178.364641,207163.704192,61.499017,208345.852369,99.191991,1001.554036,-20.397553,998.557005,-140.385883,995.928306,59.964026,0.008104,1,0
24.633000,-58.279190,208892.541146,-178.318499,209557.014267,61.786266,208038.119073,99.875661,994.192528,-20.580124,999.323260,-140.412144,990.117030,59.960986,0.009877,1,0
24.667000,-58.377153,208315.995855,-178.404712,209692.445457,61.619419,208709.852409,99.636257,992.866067,-20.733129,1004.569781,-140.232282,993.701458,59.964676,0.009983,1,0
24.700000,-58.373464,205807.867131,-178.383659,207285.819793,61.450731,209072.438397,99.523127,997.626869,-20.502832,990.504157,-140.511337,992.304708,59.968246,-0.005473,1,0
24.733000,-58.291194,207204.490585,-178.457062,207692.057667,61.598361,209108.444253,99.401494,994.446348,-20.212243,1004.695549,-140.444373,998.153621,59.961164,-0.010341,1,0
24.767000,-58.400597,207652.928462,-178.415441,207221.705939,61.568831,207230.739987,99.781136,993.991220,-20.426600,996.326499,-140.488042,995.883416,59.966980,0.004730,1,0
24.800000,-58.365261,208299.163092,-178.404178,210107.047903,61.572365,207223.372747,100.199998,992.545331,-20.061772,991.082654,-140.797742,988.615195,59.963582,0.005827,1,0
24.833000,-58.153539,206601.377859,-178.418221,206359.797853,61.519953,208129.917869,99.939121,991.421706,-20.289928,997.879269,-140.549120,1000.096365,59.962759,-0.000571,1,0
24.867000,-58.281228,206190.994379,-178.191369,208716.408736,61.791570,207556.475442,99.563362,990.131333,-20.215568,990.523334,-140.237293,991.483988,59.968370,0.007116,1,0
24.900000,-58.121987,206309.465329,-178.438622,206753.467106,61.631649,207421.899965,99.999379,993.908641,-20.540112,997.087470,-140.413299,984.313611,59.969337,-0.002080,1,0
24.933000,-58.267806,206026.266290,-178.380124,206252.363275,61.798026,206538.231854,99.434061,988.313164,-20.353296,995.344252,-140.348503,997.617733,59.969124,0.002571,1,0
24.967000,-58.322158,204623.881004,-178.329573,207272.066148,61.662203,208373.336689,99.483218,987.151595,-20.250718,993.594195,-140.249120,996.083912,59.967407,-0.007266,1,0
25.000000,-58.183117,207372.341375,-178.241719,207858.413931,61.691107,207678.775701,100.075883,977.268550,-19.989559,987.905527,-140.440377,985.770051,59.962628,0.003561,1,0
25.033000,-58.280548,207400.354796,-178.182500,206286.003543,61.617135,206217.067547,99.950166,988.846130,-20.001568,981.723380,-140.171850,997.171335,59.961016,0.012483,1,0
25.067000,-58.376061,205875.871952,-178.223762,207836.068647,61.708812,206996.497969,99.504804,987.224408,-20.020930,990.618012,-139.917793,998.692780,59.959490,0.002209,1,0
25.100000,-58.274148,207276.744799,-178.252161,207413.257740,61.460213,204593.695394,99.398453,998.191829,-20.313938,988.764908,-140.366025,987.675942,59.958623,0.001694,1,0
25.133000,-58.273710,205877.978788,-178.365486,206498.602593,61.513031,207971.489227,99.512108,993.069716,-20.233234,990.539384,-140.585903,975.058517,59.962523,0.023438,1,0
25.167000,-58.543639,206352.107407,-178.338822,207673.730603,61.660826,207246.118972,99.422065,986.603743,-20.564364,990.525666,-140.140005,988.632283,59.955507,-0.013476,1,0
25.200000,-58.462055,206443.026663,-178.327423,206471.777886,61.683517,205641.895572,99.376269,994.231624,-20.744046,988.177467,-140.503500,983.200340,59.958580,0.016853,1,0
25.233000,-58.445327,205041.388251,-178.463362,207632.273002,61.796091,206245.739844,99.733171,987.042343,-20.221565,996.643341,-140.263107,980.594462,59.959369,-0.006892,1,0
25.267000,-58.388915,206053.155034,-178.464954,205927.477668,61.594335,207109.481858,99.241063,984.355375,-20.514673,973.660495,-140.055012,992.616067,59.963257,0.000623,1,0
25.300000,-58.429072,207582.097847,-178.464315,207254.901196,61.453071,207102.867392,99.814194,986.815048,-20.609156,988.190347,-140.547153,990.887163,59.957422,-0.006950,1,0
25.333000,-58.516969,205005.153106,-178.460259,207185.902033,61.597414,206384.472387,99.640656,994.431474,-20.309118,986.182531,-140.675873,992.802400,59.957374,0.005195,1,0
25.367000,-58.670487,207936.617957,-178.460768,207020.356385,61.513702,207474.461611,99.648506,981.194413,-20.544025,982.967845,-140.240948,989.188182,59.961059,-0.006084,1,0
25.400000,-58.553667,207781.209356,-178.545127,206125.007483,61.614671,206983.563253,99.453380,984.194778,-20.767748,996.607182,-140.084065,985.011017,59.964189,-0.001354,1,0
25.433000,-58.498436,208508.796691,-178.609768,206579.533236,61.600664,204788.048135,99.542062,976.394877,-20.634978,992.441423,-140.425228,988.038452,59.965266,-0.003044,1,0
25.467000,-58.478793,206461.231082,-178.518518,205444.984783,61.527902,205269.029071,99.671136,987.054337,-20.453053,997.246133,-140.280288,980.092192,59.963697,0.003996,1,0
25.500000,-58.472880,207649.897563,-178.300762,206740.574141,61.561039,206961.636983,99.704559,999.658909,-20.127410,985.773478,-140.610954,997.527298,59.957850,-0.001324,1,0
25.533000,-58.591178,207254.326263,-178.534489,207642.709438,61.519244,207506.159706,99.102903,984.451034,-20.398512,985.749519,-140.395409,988.957711,59.968747,-0.009329,1,0
25.567000,-58.280933,207955.194740,-178.493059,207370.120710,61.654050,206496.212128,99.682156,985.813384,-20.547027,977.557441,-140.182084,983.303373,59.963789,-0.005529,1,0
25.600000,-58.296628,206280.676757,-178.420022,206921.372653,61.536312,205775.810757,99.602641,986.701710,-20.732482,984.002260,-140.607617,993.722486,59.960436,0.007377,1,0
25.633000,-58.583153,207181.996033,-178.500798,207774.418746,61.471091,206436.096783,99.621332,998.235397,-20.430163,985.801488,-140.418618,986.482825,59.959044,0.013904,1,0
25.667000,-58.290315,206196.507029,-178.527422,207806.970761,61.571830,207602.626288,99.772534,999.176509,-20.691848,982.684787,-140.544374,988.665701,59.960738,-0.005003,1,0
25.700000,-58.398489,206688.596652,-178.406747,206205.993913,61.733314,206230.964320,99.495580,990.194129,-20.225776,994.478192,-140.207165,983.684004,59.960495,-0.004510,1,0
25.733000,-58.549999,207392.595938,-178.258367,205662.323838,61.617327,208216.533269,99.516242,982.786599,-20.468485,978.559345,-140.201359,979.199252,59.957879,0.000409,1,0
25.767000,-58.523472,208629.033096,-178.557205,205928.792622,61.704259,205792.051953,99.398883,979.836400,-20.628441,973.471288,-140.420218,981.748820,59.960856,-0.006074,1,0
25.800000,-58.280998,207113.638464,-178.255006,205889.186011,61.731728,206257.317063,99.631879,980.838671,-19.891884,982.083630,-140.227636,971.330001,59.957889,0.001193,1,0
25.833000,-58.459322,207664.414805,-178.285213,207178.123173,61.629232,206668.170356,99.310335,981.767043,-20.343557,986.690199,-140.487476,993.500858,59.952189,0.005566,1,0
25.867000,-58.484571,207287.189740,-178.269254,208577.266372,61.697192,208430.499316,99.448446,986.723894,-20.400845,978.959885,-140.344710,987.090471,59.970138,0.009436,1,0
25.900000,-58.396714,207463.006294,-178.248232,208311.673740,61.577949,207732.675616,99.590156,978.720385,-20.168511,981.672571,-140.439381,983.380209,59.955014,-0.007082,1,0
25.933000,-58.462552,208830.878597,-178.453701,206538.859679,61.645591,207422.749862,99.625931,990.937141,-20.573118,992.773863,-140.395652,987.930743,59.965389,0.007441,1,0
25.967000,-58.308748,206822.757093,-178.424622,207333.242895,61.777828,205554.319460,99.688701,982.752904,-20.501519,979.382169,-140.415087,991.158467,59.971433,-0.013453,1,0
26.000000,-58.451074,206818.267423,-178.467969,207381.775972,61.676266,208075.921539,99.402160,979.717179,-20.670857,964.099467,-140.184805,979.569203,59.962202,-0.007154,1,0
26.033000,-58.470544,207803.118678,-178.443188,208735.711240,61.446885,207431.588888,99.614327,980.089440,-20.502219,987.200967,-140.706212,978.394337,59.962320,-0.001498,1,0
26.067000,-58.332889,208280.990201,-178.482860,206810.338847,61.448257,207870.713413,99.325079,987.016000,-20.760699,973.646841,-140.562886,972.674646,59.960979,0.004863,1,0
26.100000,-58.318353,205991.254281,-178.333451,207805.731687,61.610636,205849.305464,99.888528,969.418830,-20.529803,981.372881,-140.351362,979.307246,59.960747,0.000603,1,0
26.133000,-58.269346,207283.819010,-178.467122,206643.618027,61.670406,206327.145165,99.582206,979.713396,-20.186620,974.425397,-140.377999,975.705060,59.961001,-0.004614,1,0
26.167000,-58.479550,207602.225513,-178.331972,208385.862522,61.637917,208243.736045,99.416874,975.670510,-20.125638,983.341839,-140.581407,980.889052,59.960768,-0.001988,1,0
26.200000,-58.180623,206170.042244,-178.415195,208359.656813,61.629991,207576.653620,99.798124,977.803630,-20.253612,974.232438,-140.398565,976.598932,59.965483,-0.006944,1,0
26.233000,-58.319654,206516.963225,-178.277929,207073.847879,61.737073,205824.609308,99.777327,966.146080,-20.425614,976.429246,-140.442402,980.979820,59.956684,0.008605,1,0
26.267000,-58.571990,205555.240844,-178.317748,205901.771296,61.877494,204771.008913,99.284178,980.590719,-20.490890,977.575589,-140.168807,979.863426,59.962425,0.002254,1,0
26.300000,-58.350651,209048.815955,-178.371970,207411.063446,61.786007,207759.835458,99.830535,975.572237,-20.743535,980.586441,-140.357876,977.941740,59.962114,0.006390,1,0
26.333000,-58.220504,207490.290645,-178.139177,206938.345182,61.795498,205268.992131,99.675343,979.344154,-20.325397,980.926178,-140.228294,990.384354,59.975971,-0.000746,1,0
26.367000,-58.163685,206830.537467,-178.206356,209181.507576,61.603415,206954.559829,100.071164,980.609294,-20.223069,985.291299,-140.394405,969.567168,59.971654,0.001252,1,0
26.400000,-58.317413,206326.863295,-178.296626,207586.475944,61.691920,206166.506984,99.457879,986.765591,-20.338672,972.955632,-140.138731,983.481893,59.968576,-0.002002,1,0
26.433000,-58.266529,207094.837958,-178.288035,207186.879957,61.577960,206808.724253,99.655612,972.284937,-20.758853,982.071287,-140.343800,976.194074,59.969396,-0.005607,1,0
26.467000,-58.253434,206598.185727,-178.375386,206264.099887,61.563041,207676.048875,99.530179,973.353094,-20.340029,980.769965,-140.793844,980.435870,59.965427,0.001632,1,0
26.500000,-58.299291,207766.650558,-178.322736,206755.692988,61.747288,208260.733907,99.629761,985.041587,-20.325591,979.645848,-140.269517,975.615681,59.968981,-0.000176,1,0
26.533000,-58.283030,205407.404151,-178.186820,207679.182051,61.754169,206665.386427,99.699974,987.058083,-20.244690,989.458070,-139.762990,985.365801,59.972019,0.006189,1,0
26.567000,-58.285579,207192.367234,-178.321397,206623.524354,61.748184,206779.559727,99.669231,985.312894,-20.226118,991.627042,-140.042007,983.675343,59.975546,0.015970,1,0
26.600000,-58.133126,207549.744249,-178.299567,207660.280664,61.711153,206808.591780,99.492468,993.385272,-19.905948,981.247255,-140.347344,973.438300,59.968263,-0.009393,1,0
26.633000,-58.262556,208766.902588,-178.434375,206372.701856,61.779011,207074.222884,99.571770,974.414129,-20.282324,971.335960,-140.329868,981.167470,59.962071,0.002362,1,0
26.667000,-58.240287,206356.483901,-178.412101,207248.942670,61.881272,209055.143914,100.049639,984.252829,-20.499589,983.792892,-140.011336,971.973756,59.964442,0.000807,1,0
26.700000,-58.248681,207101.131107,-178.378755,206781.640979,61.770431,206555.947647,99.793733,976.021144,-20.488104,974.423083,-140.035025,991.934081,59.962456,-0.001949,1,0
26.733000,-58.400352,205265.866988,-178.207101,207018.449914,61.720365,205945.924710,99.538553,993.132827,-20.085088,991.977946,-140.421794,983.601808,59.959994,-0.003580,1,0
26.767000,-58.338117,206221.682218,-178.388761,206722.011360,61.711117,207809.999663,99.709822,983.559107,-20.390321,972.008311,-139.980303,981.800581,59.968501,-0.002748,1,0
26.800000,-58.413995,207310.527101,-178.344864,206777.405705,61.445842,207140.792422,99.444026,985.532367,-20.137254,986.478008,-140.339473,986.360339,59.967899,-0.018003,1,0
26.833000,-58.116777,208258.994899,-178.460698,208868.821597,61.708139,207057.684984,100.424490,980.912588,-20.660166,995.865372,-140.190095,991.341388,59.967510,-0.002449,1,0
26.867000,-58.177038,206845.257891,-178.206495,208183.914993,61.669355,206359.414173,99.518561,987.895101,-20.280087,997.273058,-140.379309,990.251076,59.977248,0.013405,1,0
26.900000,-58.190681,205514.240370,-178.223143,207009.040454,61.767867,207576.977541,99.586769,990.963383,-20.614348,981.046082,-140.201743,988.525907,59.969655,0.008068,1,0
26.933000,-58.254600,207119.556380,-178.292754,207163.753260,61.756541,205764.252869,100.025203,992.680756,-20.083289,994.816223,-140.172297,985.248653,59.970768,0.001978,1,0
26.967000,-58.272414,208062.372097,-178.385691,206864.387863,61.768698,207545.080769,99.556233,987.402763,-20.003672,988.447682,-140.167693,973.716512,59.959039,-0.004652,1,0
27.000000,-58.276113,206964.190546,-178.219303,207017.145703,61.910324,204734.996559,99.688125,982.930049,-20.281325,996.637826,-140.029831,987.091646,59.968842,0.011348,1,0
27.033000,-58.121047,207799.744951,-178.269469,207774.709073,61.748170,206279.398055,100.133631,985.434250,-20.002380,984.639256,-140.543155,976.051548,59.966343,0.007219,1,0
27.067000,-58.297384,207050.373024,-178.181537,207614.942517,62.041618,205933.530213,99.642560,977.625490,-20.330371,984.114464,-139.966464,989.558088,59.962714,-0.003484,1,0
27.100000,-58.232059,206500.327450,-178.123115,208405.918553,61.754628,207388.192386,99.841647,980.443681,-19.635607,979.851026,-140.391770,981.359295,59.976131,-0.001386,1,0
27.133000,-58.306091,207284.808825,-178.172776,208097.106940,61.753545,206559.437015,99.608195,979.875908,-20.138591,983.002813,-140.435567,974.556498,59.964371,0.003878,1,0
27.167000,-58.252430,207983.076255,-178.371122,207211.803721,61.658699,207737.903748,99.953177,968.695438,-20.381064,980.532911,-140.257411,969.455639,59.965988,-0.003415,1,0
27.200000,-58.165982,206379.655117,-178.209635,208125.690468,61.897140,205574.502102,99.707372,980.021046,-20.283333,981.728687,-140.034337,968.243893,59.971750,0.014080,1,0
27.233000,-58.395600,207203.389037,-178.438751,207678.691659,61.775574,206531.274796,99.692027,984.033146,-20.382753,987.211553,-140.061735,981.398148,59.968330,-0.005090,1,0
27.267000,-58.160213,206203.718902,-178.168011,207492.593947,61.837729,206773.679153,99.798907,980.719000,-20.449631,980.034366,-140.220411,982.852487,59.963740,0.002884,1,0
27.300000,-58.317472,206759.948617,-178.229371,209051.478717,61.723297,206744.298033,99.821191,984.535228,-20.638745,980.942139,-140.041441,976.582885,59.970865,0.000270,1,0
27.333000,-58.176620,206447.111079,-178.063720,206129.369723,61.912425,206630.626295,99.822303,979.251383,-19.896364,981.064671,-140.038350,990.513808,59.971879,-0.001030,1,0
27.367000,-58.192760,205729.130298,-178.234660,209156.212433,61.760711,208408.600556,99.829286,985.173231,-20.649203,976.610621,-139.981208,986.418821,59.971029,-0.009686,1,0
27.400000,-58.269140,205613.336135,-178.188326,207564.921834,61.684791,205838.670128,99.575048,987.633711,-20.010371,988.845121,-140.336244,983.617099,59.964732,-0.001110,1,0
27.433000,-58.272287,205967.008454,-178.224832,206622.963795,61.691756,206756.495152,99.920580,981.129208,-20.105817,981.821892,-140.347411,988.776020,59.958569,0.000492,1,0
27.467000,-58.135101,209094.208176,-178.126635,206399.397253,61.742161,206650.515181,100.087562,983.383244,-19.933618,980.002780,-140.421537,991.654900,59.965205,-0.008711,1,0
27.500000,-58.168426,209033.357151,-178.278725,206268.759409,61.896445,208021.381691,99.768446,985.372568,-20.613554,978.235590,-140.287432,973.767668,59.961001,-0.002911,1,0
27.533000,-58.289009,207936.680789,-178.169340,205713.409433,61.875508,205887.012219,99.924465,980.015453,-20.139339,980.475330,-140.073971,979.903882,59.969451,-0.013711,1,0
27.567000,-58.122606,206530.359441,-178.112815,206765.994491,61.800266,207059.978245,99.613209,980.284069,-19.851547,978.686300,-140.154537,969.337955,59.967028,0.021366,1,0
27.600000,-58.079698,206894.200745,-178.292574,207095.057769,61.736362,207533.079125,99.811593,975.959738,-20.445777,983.401984,-140.497243,982.889281,59.964668,0.006562,1,0
27.633000,-58.067566,207330.403287,-178.436474,208328.975121,61.840909,206834.343374,99.625459,974.549152,-20.789572,983.121284,-140.510015,984.379093,59.969044,0.009772,1,0
27.667000,-58.259485,207199.192377,-178.454800,207596.414948,61.722655,206134.806553,99.699566,981.915852,-20.435710,987.687198,-140.365434,984.939170,59.970689,-0.000099,1,0
27.700000,-58.262572,207142.960363,-178.385885,207949.680624,61.783898,205471.506201,99.345946,968.710099,-20.517388,984.337826,-140.171202,973.304974,59.965661,-0.002214,1,0
27.733000,-58.132488,208645.591074,-178.024793,206901.340017,61.648134,206607.873647,99.939931,979.047635,-19.904030,975.940858,-139.932854,965.762996,59.963753,-0.008056,1,0
27.767000,-58.046395,205951.246754,-178.274897,207195.592238,61.852450,206668.779704,99.971351,972.933020,-20.171895,972.679898,-140.296256,979.832357,59.963799,0.005452,1,0
27.800000,-58.192540,205961.288792,-178.170709,207170.340069,61.628473,205853.286475,99.754356,974.580000,-20.065822,976.867006,-140.302023,972.821164,59.968257,0.007770,1,0
27.833000,-58.304678,207620.883130,-178.242312,206211.515114,61.711226,205174.358643,100.127118,972.762617,-20.079743,979.909736,-139.886390,981.719746,59.969066,0.008576,1,0
27.867000,-58.253553,207041.921288,-178.279173,207237.119928,61.731192,206945.521892,99.549703,984.322205,-20.502394,964.602539,-140.335021,977.681122,59.962209,0.002684,1,0
27.900000,-58.264697,206025.711965,-178.228624,208086.811447,61.678313,206497.914988,99.745663,972.338468,-20.114486,969.887026,-140.327749,985.249521,59.961992,0.005978,1,0
27.933000,-58.158445,205783.297638,-178.281780,208255.944474,61.880606,207248.960786,100.095320,967.467355,-20.119623,982.745163,-139.938173,972.001984,59.960890,0.004775,1,0
27.967000,-58.296138,206780.218986,-178.234900,207979.443348,61.800806,207380.142922,99.620073,971.293497,-20.007322,966.430593,-140.031448,977.575287,59.960220,-0.005123,1,0
28.000000,-58.390410,207329.785228,-178.279944,207644.134554,61.712006,205655.141078,99.690039,970.762050,-20.369219,970.528963,-140.221889,975.465568,59.960457,0.004179,1,0
28.033000,-58.190902,205730.315478,-178.194598,207372.711179,61.657246,206196.592103,99.692385,975.844144,-20.286371,971.861539,-140.399021,970.671042,59.960792,-0.003015,1,0
28.067000,-58.272431,206197.464011,-178.131347,206535.724283,61.845624,206725.955539,99.973009,972.949994,-20.506760,973.358686,-140.156747,968.021007,59.952377,0.007671,1,0
28.100000,-58.379445,208187.491037,-178.094569,206171.668409,61.853743,206136.055703,99.783333,973.378907,-20.316873,963.023760,-140.078211,984.931844,59.961255,-0.001837,1,0
28.133000,-58.289701,208266.782808,-178.261412,207143.813112,61.716437,207457.327827,99.841712,975.976703,-20.226915,972.693356,-140.153802,964.084098,59.964191,0.003760,1,0
28.167000,-58.214897,207154.748511,-178.238097,205902.628023,61.620358,206129.824683,99.921170,970.884194,-20.328164,972.023741,-140.346951,968.323364,59.953335,-0.002927,1,0
28.200000,-58.089001,206593.984733,-178.253845,207438.083270,61.794577,206658.108086,99.913512,976.740525,-20.139719,967.386883,-140.407547,971.777821,59.962273,-0.004333,1,0
28.233000,-58.274449,206074.759569,-178.140825,207772.435424,61.778086,206149.339202,99.933644,969.718555,-19.906141,976.261949,-140.233192,976.849771,59.961606,0.007116,1,0
28.267000,-58.274949,206846.247170,-178.240253,208045.085914,61.696337,206710.188013,99.654220,971.035481,-20.531613,966.307759,-140.343957,975.657532,59.957881,-0.001511,1,0
28.300000,-58.375293,206696.423225,-178.426570,206426.017276,61.871069,206757.112368,99.642712,979.975115,-20.396527,970.839341,-140.321818,972.069861,59.972470,0.012769,1,0
28.333000,-58.185932,207160.055602,-177.933411,208956.749078,61.654784,208817.041828,99.966855,969.888566,-20.133931,960.145593,-140.075362,977.525310,59.963817,-0.001420,1,0
28.367000,-58.349614,207735.544224,-178.225443,206994.132054,61.672807,208090.246083,99.631477,971.522375,-20.140376,968.787728,-140.495825,979.005634,59.966313,-0.000315,1,0
28.400000,-58.101401,207721.086195,-178.190561,206410.266336,61.725704,205984.563809,99.965204,969.652292,-20.190007,963.420879,-140.071242,966.788155,59.966369,0.009274,1,0
28.433000,-58.347608,207615.004935,-178.116747,207424.780728,61.879022,208516.796644,99.505203,972.449498,-20.257745,966.945058,-140.051415,986.063796,59.968384,-0.013020,1,0
28.467000,-58.231675,205977.229040,-178.321533,207633.046600,61.857619,207745.287383,99.684574,973.725759,-20.534000,986.919465,-140.189351,980.995974,59.969153,0.005180,1,0
28.500000,-58.211508,206707.696843,-178.103779,206953.015291,61.649731,206038.421146,99.800659,978.347470,-20.072665,962.521089,-140.200146,982.620421,59.966775,0.002104,1,0
28.533000,-58.153259,207460.844605,-178.098060,207263.070946,61.684891,207658.465978,99.875539,983.437817,-20.374211,972.757160,-140.364362,972.635197,59.956498,-0.001638,1,0
28.567000,-58.244587,206524.167845,-178.328303,206594.877483,61.586957,206183.079165,99.905778,980.094522,-20.417588,969.213236,-140.531083,979.289940,59.966556,0.002597,1,0
28.600000,-58.402966,206746.232331,-178.400595,206858.131841,61.816293,208057.949648,99.263990,974.977925,-20.374307,977.005691,-140.006148,976.018431,59.963629,-0.002706,1,0
28.633000,-58.227764,206147.292977,-178.171171,206593.392757,61.688825,207172.105393,99.855280,992.791608,-20.448290,976.579989,-140.450355,966.593448,59.969934,-0.006169,1,0
28.667000,-58.170655,208281.925032,-178.191183,204201.478536,61.815350,205496.416023,99.905927,969.504388,-20.541643,980.938116,-140.358513,979.278769,59.967659,-0.007794,1,0
28.700000,-58.304383,206514.977225,-178.080216,205988.229032,61.825738,207244.386457,99.781862,983.963626,-20.142179,984.653602,-140.204908,980.841452,59.965938,-0.003836,1,0
28.733000,-58.230679,207718.618016,-178.018164,206533.850225,61.875075,206011.333658,100.123372,983.084334,-19.840701,984.864722,-140.535325,988.344448,59.966293,-0.001566,1,0
28.767000,-58.202470,205631.880012,-178.206551,205834.773347,61.914413,206178.303936,99.745151,985.138149,-20.683932,976.669087,-140.024241,985.379840,59.963878,0.003848,1,0
28.800000,-58.153138,206411.209686,-178.243437,206977.020695,61.867578,206145.195139,99.948502,977.085205,-20.473276,988.591174,-139.825803,981.400985,59.960162,0.008030,1,0
28.833000,-58.058442,206553.710396,-178.056189,206801.701835,61.948819,206204.026549,99.909556,994.702392,-20.378272,974.776009,-140.005643,981.276652,59.966587,0.012532,1,0
28.867000,-58.132807,205886.916767,-178.042393,206384.070225,61.963421,206850.240582,100.044958,986.567457,-20.215645,981.191777,-139.810333,976.387446,59.960335,0.004071,1,0
28.900000,-57.924546,208270.548043,-178.110507,206124.078785,61.816007,205733.714412,100.071390,991.581463,-20.355393,990.577086,-140.120759,982.758171,59.959531,0.012464,1,0
28.933000,-58.132078,205983.720663,-177.984740,207490.760947,61.931971,204202.782694,99.984749,987.122477,-20.137949,991.575453,-140.021995,984.120461,59.958167,0.013882,1,0
28.967000,-58.008728,206745.699397,-178.159843,206391.285930,62.036131,205305.531576,100.275282,984.121355,-20.342288,973.560733,-140.010408,982.235718,59.959197,0.007173,1,0
29.000000,-58.312459,204940.545090,-178.041760,206854.298994,61.995971,206663.836520,99.616984,983.353975,-20.157598,983.043816,-139.854275,983.286093,59.958225,-0.006308,1,0
29.033000,-58.004795,207031.487114,-177.973446,205235.455512,61.744590,205479.824434,100.082564,974.558501,-20.165178,980.100077,-140.513025,989.990350,59.950910,-0.002395,1,0
29.067000,-58.185620,206094.997711,-178.033346,205538.878465,61.833774,207224.012602,99.745652,973.388619,-20.440733,977.663839,-140.063448,978.124999,59.955332,-0.002224,1,0
29.100000,-57.973269,206116.573598,-178.077014,206927.638707,61.914662,206369.123450,99.882912,978.323943,-20.127590,974.305677,-140.083823,974.726385,59.958764,0.005272,1,0
29.133000,-57.842899,205586.785476,-178.005456,206932.998610,61.849126,205678.861851,100.114097,985.786050,-19.844155,974.136126,-140.262869,979.523384,59.954323,0.007229,1,0
29.167000,-57.903251,205136.839085,-177.936331,206979.037147,61.897352,206645.257538,100.495919,983.725648,-19.989504,974.525454,-140.161355,980.433620,59.946438,-0.005246,1,0
29.200000,-58.016011,206004.877856,-178.094812,206121.325943,62.073801,206442.605641,100.195170,972.224937,-20.107294,981.283519,-139.748399,982.786641,59.950824,-0.013240,1,0
29.233000,-58.023544,204594.774882,-178.073730,205644.720987,61.989218,204882.187203,100.188168,977.121758,-20.184925,979.132777,-139.622052,979.086409,59.953581,-0.006267,1,0
29.267000,-58.025200,206708.235028,-178.179637,206268.400046,61.895703,205186.537786,99.545070,989.825900,-20.092008,981.656136,-140.318765,988.380247,59.949788,-0.007359,1,0
29.300000,-58.223279,206031.509996,-177.973059,204770.389415,61.661363,203873.120394,99.754954,975.466375,-20.270628,990.799226,-140.537060,981.053970,59.950961,-0.022559,1,0
29.333000,-58.072144,206446.540764,-178.046611,207083.608859,61.943013,205610.913994,100.114029,980.228092,-19.807525,984.718552,-140.135010,970.118691,59.958426,0.000226,1,0
29.367000,-58.188908,208470.888236,-178.221636,205511.979378,61.954048,204796.342009,100.175837,988.241124,-20.452415,976.074747,-139.974044,966.114404,59.954539,-0.001923,1,0
29.400000,-58.120405,207495.429473,-178.100393,205428.705162,61.656241,207177.685627,100.067792,983.311611,-20.045992,993.469034,-140.104008,974.759038,59.942603,0.012004,1,0
29.433000,-58.464575,206295.915568,-178.145532,206245.401608,61.791340,206058.610896,99.538248,979.112889,-20.130900,968.386233,-139.931874,981.668550,59.950069,0.003763,1,0
29.467000,-58.255296,206080.851902,-178.112361,206595.041630,61.726681,206462.383847,99.885251,977.277445,-20.202154,979.384822,-139.980960,981.402647,59.951832,-0.007740,1,0
29.500000,-58.280329,207096.585117,-178.159503,204803.572807,61.747996,205958.548739,99.729611,982.434845,-19.806336,976.363585,-140.221861,976.153830,59.946661,-0.000674,1,0
29.533000,-58.506823,207150.528670,-178.350908,206036.963868,61.746921,207712.056116,99.362260,988.561291,-20.353668,981.016701,-140.195757,978.256322,59.949951,-0.006065,1,0
29.567000,-58.305041,205563.213029,-178.358445,207231.244590,61.639683,204141.950321,99.818138,973.644589,-20.288270,972.065121,-140.447579,979.742684,59.956467,-0.006586,1,0
29.600000,-58.367383,206308.546783,-178.449211,206836.582495,61.798324,203730.481959,99.524450,985.969741,-20.443061,977.988796,-140.031655,988.569072,59.952971,-0.000178,1,0
29.633000,-58.141999,205494.249861,-178.547469,205706.211055,61.548002,206013.021954,99.808242,983.697684,-20.593342,978.437945,-140.059746,969.295224,59.957104,0.000562,1,0
29.667000,-58.333507,206776.710708,-178.305585,206841.383180,61.563945,205545.237478,99.698108,983.120551,-20.292719,979.995901,-140.332416,980.512219,59.962188,-0.010877,1,0
29.700000,-58.269880,207654.634599,-178.392926,207114.417482,61.653953,207785.962653,99.834329,976.953567,-20.550513,973.312444,-140.197149,974.108217,59.955320,-0.011080,1,0
29.733000,-58.401263,205049.624629,-178.277016,206910.663441,61.828371,207355.409184,99.699657,986.857530,-20.106245,980.698197,-140.093785,975.845617,59.959645,-0.000304,1,0
29.767000,-58.215912,205712.153447,-178.158713,205390.452501,61.778601,204853.307125,99.840755,985.815376,-20.093383,982.358329,-140.207145,974.298081,59.958798,-0.007464,1,0
29.800000,-58.240945,205518.756198,-178.400224,206453.987803,61.663782,208147.170083,99.790264,969.015918,-20.160329,984.384007,-140.297189,977.699463,59.965209,0.012090,1,0
29.833000,-58.162429,203783.023959,-178.204694,205092.367235,61.691397,205112.151856,99.948348,977.167593,-19.965321,968.430133,-140.634471,978.275042,59.971170,0.014502,1,0
29.867000,-58.305697,206417.383378,-178.401416,206767.780123,61.745597,205569.179851,99.743499,980.107522,-20.268700,975.663285,-140.103190,978.603721,59.968927,0.002221,1,0
29.900000,-58.505000,205821.614208,-178.635264,205699.378641,61.653335,205741.721429,99.371266,979.901311,-20.811546,974.969469,-140.519904,985.328316,59.974690,0.006324,1,0
29.933000,-58.461711,206000.675790,-178.301602,206750.776854,61.477653,206612.831921,99.375956,984.095168,-20.293829,981.325237,-140.374057,989.365740,59.965697,-0.006434,1,0
29.967000,-58.179415,206749.636917,-178.303117,206806.558087,61.779086,206013.049136,99.733625,982.566333,-20.208916,971.356078,-140.294884,977.789924,59.967510,-0.003511,1,0
30.000000,-58.422445,204779.752458,-178.351563,206234.168883,61.590501,204330.409992,99.597877,978.825067,-20.242137,980.905380,-140.652491,989.812328,59.968697,-0.003921,1,0
