TIMESTAMP,BUS11_VA_ANG,BUS11_VA_MAG,BUS11_VB_ANG,BUS11_VB_MAG,BUS11_VC_ANG,BUS11_VC_MAG,BUS11_IA_ANG,BUS11_IA_MAG,BUS11_IB_ANG,BUS11_IB_MAG,BUS11_IC_ANG,BUS11_IC_MAG,BUS11_Freq,BUS11_ROCOF,DATA_PRESENT,Event
0.000000,-56.356746,207836.362125,-176.494750,207958.681873,63.460057,206909.229598,101.683219,655.679846,-18.732045,658.358781,-139.000204,654.072552,59.968644,0.009141,1,0
0.033000,-56.508815,208362.255818,-176.540826,208940.351011,63.429535,206756.462915,101.536180,650.680810,-18.525663,654.918729,-138.446319,656.802724,59.968749,-0.003530,1,0
0.067000,-56.457351,208851.936419,-176.460363,208619.175151,63.608216,207666.654408,101.191800,659.196649,-18.546489,655.676100,-138.143036,654.455561,59.968850,0.013814,1,0
0.100000,-56.565583,207801.221803,-176.464434,206853.048104,63.503766,207873.975826,101.425765,659.746581,-18.528398,654.715629,-138.335228,656.465234,59.976899,0.008079,1,0
0.133000,-56.280877,208400.434475,-176.372208,206815.561555,63.636135,207262.381610,101.441027,650.984880,-18.450064,650.864181,-138.655364,654.416579,59.976664,-0.004618,1,0
0.167000,-56.385308,208581.125237,-176.442824,206837.087384,63.637030,207648.069148,101.731958,654.091767,-18.612950,649.463160,-138.495257,655.350623,59.970313,0.001021,1,0
0.200000,-56.371990,207723.003195,-176.392508,208354.864231,63.557881,207698.802910,101.647413,648.378241,-18.380812,652.816992,-138.568586,657.324526,59.973768,0.007837,1,0
0.233000,-56.447914,208194.646591,-176.406747,205558.056529,63.598930,210136.439923,101.401843,648.592288,-18.277916,654.883737,-138.468608,650.035118,59.969522,0.005637,1,0
0.267000,-56.229870,208029.876095,-176.364807,206558.223961,63.648189,208605.841388,101.625377,655.835764,-18.196587,657.823649,-138.373041,650.016850,59.977955,0.004776,1,0
0.300000,-56.493875,206873.326467,-176.293530,208175.263827,63.477612,209644.872430,101.418766,651.957081,-18.457283,652.532425,-138.474869,654.978993,59.969348,-0.012339,1,0
0.333000,-56.419175,207597.898152,-176.481603,207561.260223,63.699118,209172.689880,101.909982,656.329506,-18.135998,657.110608,-138.368278,655.617185,59.966032,-0.012709,1,0
0.367000,-56.436804,207717.914761,-176.282620,208590.240498,63.613358,208317.631915,101.628333,659.834241,-18.272831,653.893657,-138.329583,653.358412,59.971905,-0.010160,1,0
0.400000,-56.239088,208384.204735,-176.316145,208624.918123,63.555523,208376.258247,101.536176,650.281229,-18.632956,649.804774,-138.379173,656.948619,59.964961,-0.002472,1,0
0.433000,-56.357233,208130.882348,-176.414053,206383.384173,63.606061,208582.172093,101.756409,654.038739,-18.941211,654.552435,-138.512791,659.843269,59.969086,-0.004406,1,0
0.467000,-56.345779,207232.796293,-176.328729,208693.394719,63.571011,207022.988467,101.613289,656.902539,-18.591429,655.373739,-138.219955,653.989962,59.965397,-0.003189,1,0
0.500000,-56.376056,206781.731112,-176.358290,209467.715150,63.628590,207603.237968,101.722757,664.469436,-18.443906,658.911649,-138.349286,655.061024,59.967586,0.001194,1,0
0.533000,-56.440697,207795.472289,-176.449828,208804.020368,63.702964,207200.930735,101.724004,658.126497,-18.162495,663.210460,-138.420923,656.673222,59.959540,-0.007026,1,0
0.567000,-56.284452,209279.121604,-176.487275,208083.046288,63.590215,207734.553394,101.678847,663.870514,-18.432741,656.598116,-138.495410,655.873584,59.968933,0.004704,1,0
0.600000,-56.382518,208205.181724,-176.383824,208716.147809,63.509423,206760.480619,101.834576,655.579599,-18.299402,656.584364,-138.339539,655.351080,59.969356,0.003511,1,0
0.633000,-56.357575,207670.733456,-176.147320,208096.568862,63.676889,208595.638113,101.724249,660.554501,-18.139839,663.845887,-138.591106,667.869787,59.970292,0.004588,1,0
0.667000,-56.625484,208420.618017,-176.298227,209121.316396,63.643760,208778.282132,101.642969,657.355291,-18.408700,662.446216,-138.526894,650.014804,59.980518,-0.005705,1,0
0.700000,-56.481415,208280.895029,-176.261358,208227.056919,63.696092,208046.454329,101.610796,664.416034,-18.344665,656.281479,-138.214570,660.988724,59.976609,-0.004401,1,0
0.733000,-56.156135,208296.579486,-176.446737,208916.003420,63.729217,209156.063644,101.960260,663.477895,-18.417275,656.897185,-138.285089,656.491847,59.965985,-0.011364,1,0
0.767000,-56.288810,207715.141643,-176.303760,208745.107970,63.656371,208304.178867,101.588309,652.946316,-18.523025,652.501154,-138.856297,663.228861,59.964609,0.000473,1,0
0.800000,-56.395345,208909.633219,-176.226599,206783.454101,63.636602,206099.510677,101.569697,662.165008,-18.192186,656.516380,-138.353115,663.018141,59.960177,0.009997,1,0
0.833000,-56.365010,209445.111323,-176.200214,206745.289551,63.619077,208815.840749,101.776300,668.885354,-18.338605,662.944686,-138.319307,660.703136,59.964536,0.003427,1,0
0.867000,-56.271425,207221.564949,-176.112447,209181.715852,63.625251,209429.896781,101.626267,668.807132,-18.118513,666.234882,-138.278356,669.100099,59.955384,-0.008160,1,0
0.900000,-56.146974,208426.164766,-176.241124,207669.481524,63.604977,207173.760253,101.915288,666.402013,-18.614293,669.501481,-138.505100,662.071082,59.968373,-0.005231,1,0
0.933000,-56.410629,206076.705019,-176.251980,208300.368021,63.575508,208443.523791,101.446255,664.833365,-18.132635,670.435623,-138.644855,668.174181,59.965827,-0.003476,1,0
0.967000,-56.393198,206876.009575,-176.193677,207482.070032,63.820135,208649.097353,101.670939,668.962711,-18.426507,665.089009,-138.479093,667.724989,59.970147,-0.001428,1,0
1.000000,-56.151290,208851.024039,-176.239869,208798.515210,63.757061,209540.376902,101.979037,667.315599,-17.724555,663.605189,-138.335169,670.655716,59.960526,-0.002292,1,0
1.033000,-56.257049,207873.292250,-176.071494,207911.166635,63.692965,208174.942213,101.425435,668.651439,-18.123752,670.420823,-138.311857,667.690876,59.961856,0.005216,1,0
1.067000,-56.251625,208749.116199,-176.109871,207745.059838,63.856793,208596.073123,101.772556,666.660733,-18.286482,666.509364,-138.125024,664.022645,59.960526,-0.010373,1,0
1.100000,-56.067892,209667.493283,-176.135575,208095.858200,63.792432,207724.919026,101.688331,664.364548,-18.481829,672.272577,-138.164864,660.359179,59.964796,-0.011136,1,0
1.133000,-56.270685,208379.060144,-176.210999,207906.439384,63.873075,207501.994267,101.544423,670.176809,-18.148144,669.976318,-138.119072,667.503190,59.962333,-0.007124,1,0
1.167000,-55.985112,208062.238885,-176.326446,207809.275562,63.910398,206247.436348,101.734751,663.867468,-18.178887,663.434319,-138.175829,665.096653,59.959895,-0.003846,1,0
1.200000,-56.307006,208858.107763,-176.065016,208488.352073,63.745375,207461.090801,101.629913,666.110326,-18.136829,672.699627,-138.280785,666.579415,59.971723,0.002989,1,0
1.233000,-56.169112,207151.923878,-176.161541,206057.661149,63.829163,208446.988688,102.034848,666.918316,-18.042344,663.340096,-138.309345,665.701007,59.961788,0.000125,1,0
1.267000,-56.184309,207558.982595,-176.061287,207772.564204,63.785553,207713.525713,101.827279,669.640756,-18.157564,663.718305,-138.057701,667.350957,59.966773,0.006675,1,0
1.300000,-56.117101,206410.200806,-176.172210,206972.413289,63.791814,206718.805426,101.906930,674.192954,-17.711848,666.994265,-138.264046,666.151585,59.963022,-0.002648,1,0
1.333000,-56.180854,209020.218453,-176.151849,208296.701186,63.540808,207552.245397,101.796040,665.480788,-18.211557,673.288434,-138.267663,666.415569,59.964689,0.004215,1,0
1.367000,-56.400154,208219.663612,-176.179077,207894.758443,63.892243,207126.648543,101.413118,667.015477,-18.056475,666.222661,-138.120583,671.689430,59.960586,-0.008149,1,0
1.400000,-56.223779,206967.401474,-176.079878,207839.007183,63.746931,207247.364800,101.829802,675.303882,-17.977273,669.808445,-138.203651,672.818040,59.961084,-0.008853,1,0
1.433000,-56.134147,207274.862430,-176.141039,208190.842562,63.737044,208575.186822,101.920510,675.545036,-18.167900,676.844577,-137.987381,669.975627,59.962411,-0.003263,1,0
1.467000,-56.208149,207843.085452,-176.266052,207791.718475,63.700920,206458.431548,101.891348,676.853642,-18.389040,669.424586,-138.173368,668.255154,59.969238,0.011590,1,0
1.500000,-56.325869,206489.181847,-176.262034,208575.235050,63.702502,208958.425575,101.723919,675.276195,-18.164864,670.155937,-138.264319,673.117694,59.968287,-0.005177,1,0
1.533000,-56.300713,206985.493943,-176.437140,207712.768137,63.687194,207119.588531,101.438698,669.940910,-18.349177,668.987887,-138.100387,666.914589,59.967328,0.000772,1,0
1.567000,-56.282877,208158.924069,-176.250712,206739.030503,63.687737,209939.008172,101.668217,672.078955,-18.214101,671.460829,-138.753880,671.095986,59.971671,0.001581,1,0
1.600000,-56.115478,206273.646625,-176.432901,207808.435352,63.715288,208473.628534,101.563300,664.194602,-18.326974,664.536310,-138.220998,667.241830,59.972876,0.001926,1,0
1.633000,-56.337088,207229.793099,-176.384418,207266.070165,63.637244,207973.900098,101.577044,665.036742,-18.625893,662.489157,-138.306930,673.890503,59.963877,-0.007616,1,0
1.667000,-56.283528,207618.562891,-176.328717,208007.469681,63.494219,207939.991206,101.569920,665.336829,-18.378865,668.526124,-138.454510,665.537245,59.961847,-0.003902,1,0
1.700000,-56.219106,206875.667316,-176.533120,207758.530362,63.895989,208084.104543,101.619687,671.741900,-18.697988,665.590655,-138.067312,672.363045,59.960354,-0.008437,1,0
1.733000,-56.274658,206543.951747,-176.250242,207245.345811,63.587035,207529.841739,101.692292,665.038614,-18.172226,667.262768,-138.106254,663.898507,59.970301,0.017117,1,0
1.767000,-56.160549,206820.261579,-176.149795,205981.187024,63.507569,208648.965820,101.637135,664.010215,-18.175827,672.022792,-138.493126,666.116430,59.970432,0.002506,1,0
1.800000,-56.264212,207286.513919,-176.245431,206383.144169,63.669042,206325.574492,101.845656,672.300638,-18.130099,679.883462,-138.430288,665.537554,59.966411,0.006577,1,0
1.833000,-56.198791,206922.802286,-176.403115,204937.861822,63.790566,206630.836261,102.233151,662.192913,-18.825198,670.927982,-137.973675,676.902357,59.966852,-0.002168,1,0
1.867000,-56.255051,208300.182302,-176.412805,206201.075013,63.568645,205851.162998,101.466381,667.842228,-18.281930,659.754486,-138.028044,670.489912,59.970404,0.000456,1,0
1.900000,-56.358117,207359.481649,-176.198733,208433.666258,63.768842,208224.977217,101.582085,667.962055,-18.260896,669.862920,-138.603491,669.586810,59.960907,0.002672,1,0
1.933000,-56.254850,208216.436699,-176.211774,208490.910070,63.691718,205872.305456,101.593690,661.803794,-17.970280,666.605545,-138.038303,673.751795,59.967279,-0.001118,1,0
1.967000,-56.309282,207404.691035,-176.191646,207306.984841,63.906161,207734.244656,101.722611,670.546103,-18.532957,668.168927,-138.494127,668.286828,59.965797,-0.003381,1,0
2.000000,-56.102095,209296.879829,-176.285262,208392.451146,63.730824,207921.997934,101.884883,667.289579,-18.163002,668.960167,-138.448691,669.465393,59.964615,-0.002195,1,0
2.033000,-56.128818,208482.126280,-176.090182,206940.681317,63.731309,206702.859088,101.801676,667.006088,-18.320681,664.536042,-138.204949,669.763352,59.966613,-0.000805,1,0
2.067000,-56.109516,206258.187260,-176.021609,208465.622693,63.718333,208251.829043,101.807248,669.595789,-17.924920,672.068378,-138.165275,670.850079,59.972268,-0.007182,1,0
2.100000,-56.099392,205955.971399,-176.125328,206514.500262,63.744391,206694.678794,101.867234,665.573253,-18.054824,663.868776,-138.244253,664.186547,59.962506,0.002761,1,0
2.133000,-56.246712,207653.523984,-176.153598,205953.540538,63.978798,207325.831712,101.805164,666.632867,-18.096313,667.972941,-137.885607,665.019016,59.967775,0.011020,1,0
2.167000,-56.302369,208674.845680,-176.144807,207568.753465,63.740333,208293.910185,102.097331,663.146729,-18.272922,667.312747,-138.679743,673.915846,59.969289,0.005244,1,0
2.200000,-56.152579,207805.604970,-176.064350,205332.066175,63.806660,207224.039597,101.706683,664.844389,-18.407805,666.863776,-138.542815,670.145309,59.967278,-0.002217,1,0
2.233000,-56.074299,205934.030723,-176.159951,206524.597577,63.814504,207910.377153,101.772281,671.396251,-18.196938,667.330149,-138.194697,662.371806,59.964400,0.004328,1,0
2.267000,-56.190868,207092.168725,-176.304885,205554.460070,63.837220,205335.074478,101.605933,654.347718,-18.008561,661.908555,-138.494566,667.011672,59.966952,-0.006436,1,0
2.300000,-56.094992,207832.103953,-176.329532,208752.615285,63.926230,206059.289994,101.905686,662.472052,-18.479851,670.064357,-138.155869,667.591184,59.969618,0.010089,1,0
2.333000,-56.151631,204687.166025,-176.170804,206928.728539,63.881802,207970.931194,101.952285,668.211009,-18.284358,669.084670,-138.065779,667.341244,59.971697,-0.013818,1,0
2.367000,-56.174749,207862.210025,-176.253659,206138.017475,63.891434,206751.047494,101.603004,664.463242,-18.427162,670.420130,-138.075267,667.030469,59.979389,0.006366,1,0
2.400000,-56.140378,207257.353068,-176.175112,208542.299171,63.831422,208101.294302,102.156017,664.759478,-18.187006,667.822287,-138.256252,667.715634,59.978660,-0.004644,1,0
2.433000,-56.252732,206443.576576,-176.152149,205637.161795,63.845700,206305.035240,101.478752,673.492408,-18.119043,667.198966,-138.349807,665.047315,59.972504,0.012392,1,0
2.467000,-56.161602,208059.987568,-176.190668,206459.832142,63.790429,208295.360476,101.837153,667.442216,-18.762158,664.317368,-138.159447,659.970479,59.972322,0.013306,1,0
2.500000,-56.133204,205874.080440,-176.284393,206104.198786,63.848180,207434.388888,101.787450,662.390433,-18.216626,665.386551,-137.992404,667.750783,59.976342,-0.011917,1,0
2.533000,-56.137580,206809.761533,-176.105042,206104.125295,63.693552,208780.897785,101.715654,665.379295,-18.185069,667.387270,-138.000498,667.608298,59.972594,-0.003813,1,0
2.567000,-56.126043,208503.396801,-176.220789,206855.261528,63.736367,205655.317384,102.299945,665.113216,-18.443674,668.126548,-138.273790,661.982526,59.979241,-0.007987,1,0
2.600000,-56.080320,205741.654214,-176.244325,206973.480196,63.688207,206513.090512,101.900694,663.225813,-18.137121,670.989986,-138.187875,658.478815,59.974227,0.008908,1,0
2.633000,-56.362148,208120.226450,-176.149512,207639.383652,63.743376,206138.998240,101.832641,662.949205,-18.371844,664.652070,-138.517335,665.762506,59.973832,0.000050,1,0
2.667000,-56.203939,207675.130014,-176.229156,207071.147995,63.575197,206787.931082,101.833342,658.395822,-18.174823,666.380706,-138.318732,663.769580,59.972143,0.002644,1,0
2.700000,-56.136078,208457.843522,-176.225648,208589.687695,63.700094,206641.488167,101.967698,660.057913,-18.396767,662.622965,-138.413002,663.790005,59.968340,0.001449,1,0
2.733000,-56.159644,207342.973325,-176.166337,206641.570386,63.750876,206850.897766,101.754142,662.301735,-17.937796,659.984321,-138.049729,662.360574,59.972681,-0.001962,1,0
2.767000,-56.323729,207268.203573,-176.242171,208366.085550,63.840778,205947.212336,101.537791,665.821810,-18.367504,663.915865,-138.211344,664.241219,59.971780,-0.005528,1,0
2.800000,-56.434969,207075.641573,-176.440296,206199.048733,63.690625,208234.177183,101.492354,667.565774,-18.627316,667.262788,-138.352948,657.861416,59.971639,-0.005825,1,0
2.833000,-56.398773,207461.847763,-176.203675,207188.725587,63.741323,206774.207544,101.775541,665.108654,-18.217512,664.564647,-138.213369,660.892913,59.973188,-0.001711,1,0
2.867000,-56.126009,205187.379982,-176.321470,207563.121127,63.656974,206645.744306,101.926590,654.528698,-18.321478,667.104339,-138.386900,664.442737,59.972783,-0.010348,1,0
2.900000,-56.480016,207857.226236,-176.374589,207044.752457,63.593057,207319.904130,101.500544,670.647419,-18.236715,663.277680,-138.453213,664.116307,59.960155,-0.005293,1,0
2.933000,-56.345057,205285.805549,-176.233491,206601.598063,63.359734,205645.309322,101.672092,664.584571,-18.170998,662.602455,-138.378957,663.988317,59.966527,-0.003703,1,0
2.967000,-56.268984,206376.442118,-176.401407,206415.616884,63.589786,205125.140829,101.795084,661.840712,-18.433120,665.726653,-138.182665,669.466433,59.963186,0.009016,1,0
3.000000,-56.585325,206448.139498,-176.477648,205335.185868,63.734194,207591.133136,101.547351,659.719854,-18.269166,661.178651,-137.919371,655.250555,59.962395,0.006941,1,0
3.033000,-56.418589,206121.280743,-176.414627,206152.353051,63.491207,206603.038178,101.650948,659.516540,-18.487585,665.300619,-138.162070,663.338674,59.981789,-0.007403,1,0
3.067000,-56.408542,204839.588368,-176.287970,206086.135102,63.675531,205884.849244,101.427628,664.239451,-18.080646,662.012375,-138.606037,659.646650,59.970843,0.006211,1,0
3.100000,-56.564221,206971.983638,-176.545223,207203.395499,63.501110,206654.869054,101.868114,662.542177,-18.541000,663.350047,-138.676191,666.936291,59.962309,0.001194,1,0
3.133000,-56.531674,207199.879502,-176.488967,207474.554229,63.444450,206621.006970,101.446893,666.948614,-18.211883,667.282618,-138.371877,667.044911,59.963510,-0.010629,1,0
3.167000,-56.503086,207090.907625,-176.435070,205595.521352,63.472167,206446.346097,101.462016,657.712472,-18.147451,657.599763,-138.345749,664.195397,59.965267,-0.002089,1,0
3.200000,-56.517421,206834.661593,-176.548640,206227.122431,63.387904,206128.453062,101.278542,661.945187,-18.176145,669.203611,-138.378227,659.991482,59.964905,-0.013412,1,0
3.233000,-56.599858,206422.220229,-176.587576,204195.285499,63.590595,206640.532134,101.480182,665.610169,-18.539942,661.270024,-138.219550,662.572570,59.971877,0.010663,1,0
3.267000,-56.570143,207484.883927,-176.502134,206398.412671,63.385526,207770.877536,101.314255,661.148846,-18.464570,664.229408,-138.589431,651.995674,59.966079,0.003439,1,0
3.300000,-56.551539,207839.852056,-176.347735,206713.765769,63.438842,206528.179200,101.626693,664.064484,-18.483924,667.209996,-138.769191,659.533553,59.964845,-0.006910,1,0
3.333000,-56.573300,207035.219936,-176.363785,206499.891595,63.667406,206530.104575,101.271821,657.201674,-18.552447,662.420604,-138.116607,659.281813,59.964097,-0.008942,1,0
3.367000,-56.492645,207213.407338,-176.515081,207080.514076,63.454631,208731.146259,101.682241,653.461725,-18.832923,662.836865,-138.616577,665.718580,59.972624,-0.000258,1,0
3.400000,-56.528071,207896.103047,-176.554626,208285.073683,63.423768,208376.514076,100.997770,660.342239,-18.849464,664.648043,-138.182509,656.803435,59.970197,-0.010125,1,0
3.433000,-56.498489,206839.152570,-176.478046,207502.947112,63.501976,208022.329549,101.383890,664.304852,-18.202518,663.264379,-138.256824,668.974480,59.968020,0.001629,1,0
3.467000,-56.790596,208144.178627,-176.538377,207295.240633,63.577351,207800.681754,101.458642,658.382008,-18.539224,664.481807,-138.621166,665.663521,59.962902,-0.000113,1,0
3.500000,-56.653945,207519.660665,-176.428401,208598.105486,63.291650,207768.056693,101.447469,659.650613,-18.758431,659.160749,-139.053530,668.322008,59.965133,-0.002737,1,0
3.533000,-56.536412,209394.293200,-176.568375,208361.412426,63.459199,208046.419978,101.482367,659.924615,-18.367375,656.717499,-138.685517,661.342732,59.963073,-0.008951,1,0
3.567000,-56.468498,208784.899493,-176.494048,206949.824699,63.617308,209467.017501,101.560272,657.931591,-18.490778,663.730430,-138.707488,664.084189,59.969026,-0.003873,1,0
3.600000,-56.506592,207492.635823,-176.431534,208253.232001,63.392878,208907.496852,101.531495,665.730862,-18.518042,662.468961,-138.388216,658.696276,59.972459,0.004179,1,0
3.633000,-56.703625,208826.161926,-176.692982,206985.164061,63.456176,206825.816282,101.192441,666.369341,-18.546198,665.811699,-138.666022,663.147900,59.964926,0.008642,1,0
3.667000,-56.450315,207885.374293,-176.379298,206484.257445,63.515345,207340.825893,101.242100,664.434407,-18.271894,667.829908,-138.747527,664.661950,59.963088,0.004113,1,0
3.700000,-56.480246,209095.671854,-176.699713,209051.097888,63.540721,208282.472446,101.669626,657.498768,-18.720421,660.119545,-138.438040,664.592943,59.977102,-0.012363,1,0
3.733000,-56.338225,208531.923073,-176.169991,209652.030231,63.476164,209684.932860,101.185618,663.350546,-18.303352,662.213162,-138.759847,664.441275,59.965302,-0.001435,1,0
3.767000,-56.447057,208584.264016,-176.492567,209637.820081,63.369833,208172.408922,101.335938,661.262873,-18.077195,659.652477,-138.696146,656.820926,59.963729,-0.000764,1,0
3.800000,-56.400362,208692.599596,-176.457107,207436.107724,63.495301,206668.450627,101.719678,655.734889,-18.585485,658.743067,-138.501008,661.904035,59.961964,0.008938,1,0
3.833000,-56.622697,208262.765417,-176.444715,209249.644840,63.597031,209501.722638,101.450093,665.412741,-18.324193,665.550317,-138.304966,658.647936,59.967861,-0.000226,1,0
3.867000,-56.495100,210086.343827,-176.474618,209748.447486,63.533646,209826.407235,101.672286,657.954545,-18.446734,655.776507,-138.774767,662.182474,59.969744,-0.005516,1,0
3.900000,-56.507668,208033.871951,-176.367894,208890.746741,63.614849,208313.023385,101.491511,658.318916,-18.075843,659.374943,-138.114123,663.097488,59.971003,-0.010255,1,0
3.933000,-56.371611,207897.228623,-176.231332,208561.434927,63.406873,209696.890328,101.895267,658.591087,-18.066979,669.454883,-138.429419,659.604796,59.969923,-0.006304,1,0
3.967000,-56.467159,209032.245189,-176.356882,208922.079008,63.542974,209562.217295,101.461028,662.622754,-18.160393,653.257561,-138.360324,661.257522,59.971275,0.008437,1,0
4.000000,-56.341126,209188.185430,-176.425436,209068.567033,63.538987,209932.096787,101.523172,655.634716,-18.337915,663.397821,-138.395431,662.009533,59.967221,0.005978,1,0
4.033000,-56.274296,208208.631885,-176.433605,208707.284513,63.669544,209943.683850,101.771498,658.827277,-18.431322,660.562222,-138.376712,659.172071,59.964977,-0.009840,1,0
4.067000,-56.380655,210184.158513,-176.553494,208454.762726,63.920757,209599.221534,101.658659,656.331730,-18.543039,654.774724,-138.274077,653.156461,59.967555,-0.000427,1,0
4.100000,-56.252638,209007.386604,-176.221635,207391.920868,63.780130,208200.961082,101.890461,661.813920,-18.530121,658.652943,-138.204556,656.672930,59.973555,0.008830,1,0
4.133000,-56.321544,207466.758578,-176.299862,208322.819509,63.680985,207709.950278,101.624129,661.998970,-18.309144,661.798685,-137.763037,660.625830,59.966859,0.011225,1,0
4.167000,-56.485142,206924.093433,-176.382756,208869.693187,63.682259,209281.815389,101.931759,667.968592,-18.588079,665.187318,-138.546192,660.596423,59.961110,0.007321,1,0
4.200000,-56.210485,208162.179429,-176.363314,207806.335274,63.628957,208962.448953,101.771620,664.233648,-18.555000,656.564029,-138.093529,651.072225,59.958753,-0.003353,1,0
4.233000,-56.551775,208410.689155,-176.397303,207866.608857,63.743577,209124.902860,101.129088,664.635108,-18.229202,658.520167,-138.260991,664.169813,59.966498,0.010126,1,0
4.267000,-56.353928,208178.448197,-176.356484,209453.382148,63.691487,208044.646559,101.950322,660.857186,-18.004335,655.672073,-138.338072,654.574251,59.959786,-0.009387,1,0
4.300000,-56.360996,208918.823465,-176.171149,209512.419009,63.643690,210093.940542,101.635965,653.203482,-18.092217,658.545697,-138.152568,653.811358,59.962767,0.009174,1,0
4.333000,-56.387523,208424.598544,-176.514448,210003.838612,63.643381,209614.265240,101.929798,654.528267,-18.377558,654.929698,-138.212036,655.142733,59.964758,-0.000251,1,0
4.367000,-56.093901,207021.026453,-176.235433,207527.276096,63.741704,208045.915007,101.801909,655.625951,-18.048801,652.187544,-138.087980,654.752370,59.969025,-0.008961,1,0
4.400000,-56.362811,208619.392696,-176.272045,209006.912312,63.719332,209508.444730,101.633960,653.559008,-18.244504,659.111507,-138.297435,646.863515,59.966638,-0.000513,1,0
4.433000,-56.357090,209251.002109,-176.254120,210149.296443,63.682290,208577.849566,101.666729,655.453163,-18.015272,650.404892,-138.154140,649.082541,59.975478,0.001211,1,0
4.467000,-56.546049,206859.500398,-176.339926,208708.447739,63.457637,209344.665072,101.689963,647.041935,-18.529311,647.926675,-138.756494,658.896827,59.975331,0.008877,1,0
4.500000,-56.437223,209331.476126,-176.347067,209115.518144,63.371705,209921.427863,101.909261,656.188646,-18.764620,652.354246,-138.604124,659.774239,59.973279,-0.005948,1,0
4.533000,-56.256098,209283.365292,-176.300642,209167.050763,63.575991,210479.003112,101.757214,655.960615,-18.541913,650.937675,-138.549370,654.173311,59.969957,-0.010428,1,0
4.567000,-56.296631,208886.142580,-176.363101,209358.025675,63.544930,208308.137754,102.159931,659.904096,-18.589468,652.474027,-138.400625,659.298968,59.975403,-0.011260,1,0
4.600000,-56.554801,209396.091751,-176.256789,207923.005032,63.707495,210071.260143,101.297122,658.841199,-18.315702,661.821594,-138.324241,654.818224,59.964134,-0.000777,1,0
4.633000,-56.299003,208297.695467,-176.185489,209080.977029,63.590531,209323.444439,101.390864,665.516212,-17.850814,653.956684,-138.284226,649.458482,59.968757,0.003710,1,0
4.667000,-56.251265,210460.222620,-176.458713,207571.065721,63.631060,209282.742627,101.657174,650.011136,-18.412163,655.400650,-138.406154,655.691849,59.979273,0.003500,1,0
4.700000,-56.339305,207498.185076,-176.367771,210922.966617,63.705075,209902.076884,101.658762,656.303019,-18.841991,660.984724,-138.754739,658.207707,59.973548,0.008788,1,0
4.733000,-56.057098,208661.534873,-176.400223,209659.060399,63.687793,210203.242436,102.172927,660.976487,-18.387264,658.074936,-138.133148,653.021383,59.971875,-0.002657,1,0
4.767000,-56.421925,207916.481116,-176.270563,207635.899685,63.621457,210368.851619,101.250258,655.744049,-18.668240,656.995630,-138.355382,654.764974,59.968438,0.012856,1,0
4.800000,-56.201961,207761.810063,-176.366675,208129.742004,63.724287,208788.436385,102.039884,646.538990,-18.669136,647.649006,-138.230271,652.060626,59.972761,-0.002454,1,0
4.833000,-56.406869,207757.677963,-176.395285,207423.499376,63.616748,207265.746679,101.714428,652.631660,-18.417883,650.227484,-138.630983,653.937986,59.973490,0.008861,1,0
4.867000,-56.209236,208815.669496,-176.246415,208770.552639,63.682699,208841.635491,101.740012,656.999030,-18.495745,649.717387,-138.183042,651.863257,59.975493,0.012845,1,0
4.900000,-56.324021,206056.388071,-176.121957,207544.611440,63.736394,208440.478257,101.705982,648.993937,-18.058574,654.663118,-138.298399,648.265114,59.964668,-0.000846,1,0
4.933000,-56.553903,208172.081602,-176.421917,208539.433921,63.705096,208475.105057,101.657466,649.668329,-18.493086,648.032721,-138.525223,646.634706,59.970232,-0.002693,1,0
4.967000,-56.213791,207684.934372,-176.191006,207706.683151,63.726921,208398.132235,101.923103,645.654085,-18.420709,661.961305,-138.466868,653.776889,59.967033,0.007507,1,0
5.000000,-56.389925,207829.592905,-176.218688,207432.119338,63.634367,208884.411267,101.545366,654.313625,-18.201836,649.386158,-138.310605,650.762201,59.974040,0.002150,1,0
5.033000,-56.148296,207045.191141,-176.373042,207408.707117,63.647720,208065.114846,102.055593,656.409455,-18.379764,648.666606,-138.224506,656.271772,59.976919,-0.001488,1,0
5.067000,-56.205549,207184.667307,-176.096963,208406.716141,63.778401,208801.785363,101.790937,657.972668,-17.786495,650.501646,-138.111599,651.404072,59.978375,-0.005530,1,0
5.100000,-56.095201,207698.245087,-176.087718,208413.998290,63.586685,209009.851460,101.868603,656.882602,-17.986966,667.504960,-138.524400,655.602274,59.989589,-0.013585,1,0
5.133000,-55.990465,209862.836982,-176.157070,207774.940278,63.774619,207652.047052,101.763145,655.193824,-18.237812,653.524323,-138.278030,647.966372,59.983332,0.011326,1,0
5.167000,-56.132908,208675.288657,-176.093337,208861.971496,63.759054,208223.862329,102.010005,656.587996,-18.140521,663.099671,-138.107332,658.841726,59.980821,0.007972,1,0
5.200000,-56.132837,207295.123330,-176.145673,206254.708214,63.862473,208313.408088,101.792483,659.572645,-18.512303,661.646197,-138.092087,657.685330,59.975922,-0.024128,1,0
5.233000,-56.256261,207967.654293,-176.221492,208326.477451,63.869994,208928.875237,102.043592,663.714028,-18.401632,650.860699,-138.094080,661.526049,59.977135,0.008098,1,0
5.267000,-56.065579,210427.453917,-176.192033,206513.538841,63.691390,209713.700129,102.206368,666.145654,-18.122420,661.728071,-138.298845,662.020146,59.966908,-0.006087,1,0
5.300000,-56.223210,209971.354440,-176.092121,207857.848052,64.054799,209415.442037,101.994945,663.720193,-17.926934,663.615918,-138.071122,665.316293,59.979067,0.000018,1,0
5.333000,-56.279469,208132.164686,-176.136405,208710.518993,63.749116,207862.569222,101.527474,660.161307,-18.338226,659.356537,-138.244341,664.680466,59.973735,0.003343,1,0
5.367000,-56.230265,207502.159706,-176.247268,208044.572593,63.834620,208908.960760,101.732932,662.801017,-18.222427,662.664130,-137.875015,666.777532,59.975239,-0.005604,1,0
5.400000,-56.109898,208703.577176,-176.088212,208945.623072,63.894750,209026.877415,101.929270,655.072771,-17.859496,654.894464,-137.962829,656.115422,59.962896,0.006068,1,0
5.433000,-56.265373,209263.999839,-176.263434,210291.979468,63.645739,208315.679212,101.512847,655.428004,-18.489382,661.964807,-138.404327,657.336285,59.970602,0.006144,1,0
5.467000,-56.126383,209923.970685,-176.284093,209601.873619,63.880943,209136.315427,101.481413,657.861737,-18.434863,655.773791,-138.267120,651.343453,59.966277,0.002872,1,0
5.500000,-56.243207,208558.424096,-176.265093,208580.556665,63.714768,208196.893171,101.726191,660.389220,-18.323717,657.018820,-138.301571,657.224162,59.967496,0.007605,1,0
5.533000,-56.212897,210303.645774,-176.201611,209222.099316,63.862587,209704.347511,101.821966,649.215454,-18.273472,657.564585,-138.128452,655.152138,59.971929,-0.005525,1,0
5.567000,-56.288404,209208.556341,-176.382735,208638.727321,63.697009,208041.325497,101.671402,650.204890,-18.303472,652.138403,-138.387254,651.714989,59.976900,-0.003821,1,0
5.600000,-56.089319,208530.757309,-176.272419,208272.359073,63.761439,208934.461031,101.842952,652.443166,-18.381965,656.368611,-137.724148,648.283516,59.967971,-0.009456,1,0
5.633000,-56.325277,208160.223112,-176.301511,208013.356645,63.892997,206810.061992,101.775872,654.144904,-17.940059,662.872581,-137.924858,653.053979,59.977681,-0.007917,1,0
5.667000,-56.392494,209217.967175,-176.204532,209967.403732,63.649994,209352.752986,101.548963,655.570008,-18.222089,655.518969,-138.327432,657.510671,59.972795,0.004900,1,0
5.700000,-55.937781,207555.823662,-176.123870,209556.998683,63.781135,208339.903347,102.432855,655.465289,-18.082132,663.145854,-138.197593,662.538687,59.959283,0.000195,1,0
5.733000,-56.208917,209266.384683,-176.127750,210669.081209,63.769243,209806.787472,101.843172,654.040672,-18.122316,665.579183,-138.277349,657.234233,59.971531,-0.000571,1,0
5.767000,-56.300783,209130.871393,-176.245090,209795.740200,63.797625,208827.494364,101.804554,653.666173,-18.210785,656.832110,-138.183118,653.935388,59.971679,0.013610,1,0
5.800000,-55.971945,208163.262808,-176.174013,207949.320932,63.910184,209333.459886,101.988490,660.547426,-18.351992,658.190199,-137.948597,659.754216,59.969433,0.002967,1,0
5.833000,-56.133681,207734.728276,-176.181979,209619.562330,63.800200,210237.826710,101.833016,650.744004,-18.309362,650.670328,-138.033632,658.148989,59.966482,0.001128,1,0
5.867000,-56.335915,208193.732475,-176.153776,207911.826973,63.789003,208312.794104,101.268059,660.320344,-17.733383,660.594780,-138.361687,650.087389,59.968996,0.013341,1,0
5.900000,-56.257309,207593.729042,-176.158755,208544.655349,63.965575,207838.778135,101.916480,659.944429,-18.467571,658.180737,-138.318821,656.756447,59.964612,-0.012781,1,0
5.933000,-56.146457,207543.770823,-176.257668,209192.091176,63.801779,209197.067538,101.881199,658.300453,-17.965338,661.334558,-138.174535,656.330887,59.966651,0.000980,1,0
5.967000,-56.249130,208872.945500,-175.994876,209835.553132,63.839385,209691.712433,101.811072,656.999927,-18.081589,655.484537,-138.453291,657.166180,59.972491,-0.010522,1,0
6.000000,-56.153170,210240.767411,-176.193787,208342.541460,64.133687,208847.042016,101.806856,654.965658,-18.121409,657.047772,-137.737429,657.155090,59.966208,-0.006407,1,0
6.033000,-56.116046,209347.273363,-176.142782,209772.497795,63.947439,209075.012436,102.205715,657.632179,-18.312297,654.957769,-138.150612,655.478738,59.967066,0.006525,1,0
6.067000,-56.243706,207714.625268,-175.911000,208662.891736,63.726114,208649.363109,101.721872,654.497314,-17.814222,657.314639,-138.065768,657.431446,59.962660,0.004146,1,0
6.100000,-56.131979,208687.689830,-175.887264,209888.484958,63.936303,207216.407137,102.130587,660.816817,-17.864032,654.610830,-137.930416,654.048438,59.969494,0.007580,1,0
6.133000,-56.212753,210125.084396,-176.131979,209251.541817,63.841383,208277.739604,102.023445,650.237682,-18.045897,657.626457,-137.872529,653.135786,59.963905,-0.007127,1,0
6.167000,-56.189685,209122.423725,-176.074345,208339.931225,63.906071,209538.789707,102.005285,654.221355,-18.212337,651.357138,-138.370213,654.949127,59.962484,0.002275,1,0
6.200000,-56.175244,208144.432147,-176.248016,209705.522836,63.919989,209814.965544,102.028871,654.654666,-18.597562,649.522184,-137.968916,652.752070,59.964665,-0.002603,1,0
6.233000,-56.138578,210009.932232,-176.179235,207962.210459,63.931299,207690.086706,102.122655,653.551134,-18.080213,657.590966,-137.917752,654.814458,59.969782,0.008315,1,0
6.267000,-56.258747,207756.398365,-175.983027,210344.561930,63.952404,207998.278048,101.474708,656.232172,-18.031452,649.917577,-138.066270,663.503549,59.969875,-0.006288,1,0
6.300000,-56.105643,206721.908882,-176.379376,209434.548335,63.847575,207049.800106,101.664968,656.137049,-18.342958,649.284801,-138.340686,649.012014,59.964439,-0.003224,1,0
6.333000,-55.960376,207878.097554,-176.118228,208474.428100,63.848040,210071.432282,102.042216,651.211316,-17.888538,649.281827,-138.009431,652.597846,59.962974,-0.006106,1,0
6.367000,-56.056112,208359.954142,-176.034074,207723.894213,63.922558,207031.498758,101.948414,657.732311,-18.171792,659.649469,-138.321464,649.131937,59.961973,-0.018780,1,0
6.400000,-55.853971,209488.140041,-176.082665,208446.756512,63.746701,206977.518416,102.189986,651.681010,-18.182023,649.934847,-138.027254,654.330107,59.959543,-0.000830,1,0
6.433000,-56.244071,209831.031466,-176.086927,207947.759570,63.728331,207696.261757,101.647990,651.976134,-18.127332,649.136985,-138.306957,648.806985,59.958912,0.003777,1,0
6.467000,-56.180356,208617.837397,-176.262296,209875.519746,63.885914,209100.950301,101.774822,652.671726,-18.469932,651.017572,-138.100003,653.205112,59.965499,-0.006959,1,0
6.500000,-56.316039,207846.260581,-176.135129,208967.407055,63.719809,208460.666746,101.531313,650.442539,-18.371570,644.073495,-138.456048,655.243232,59.959240,-0.001550,1,0
6.533000,-56.241894,207420.919925,-176.121496,208560.308446,63.920859,209493.518585,101.566971,651.746472,-18.279849,652.930796,-138.026903,646.893901,59.966204,-0.003517,1,0
6.567000,-56.385394,208087.354130,-176.201965,207555.798247,63.797273,207627.474703,101.570398,654.356378,-18.242137,656.682660,-138.207847,653.163115,59.962854,-0.005542,1,0
6.600000,-56.031937,208081.070540,-176.302128,207864.190689,63.921777,208713.883120,102.084268,651.705021,-18.328514,649.846304,-137.820105,658.283738,59.955218,0.005056,1,0
6.633000,-56.228938,208267.012435,-176.316419,207251.325649,63.708105,207868.549330,101.759734,654.221496,-18.358744,648.152713,-138.171642,647.785144,59.961675,-0.014237,1,0
6.667000,-56.283959,208320.300635,-176.268821,205453.189859,63.821473,208529.227716,101.683507,654.528939,-18.212320,658.428923,-137.939932,645.224908,59.966394,-0.003833,1,0
6.700000,-56.322675,208020.427334,-176.228705,208893.865648,63.747328,208614.902369,101.773178,647.965574,-18.436368,651.401033,-138.493401,644.385698,59.960528,0.003642,1,0
6.733000,-56.450033,208605.002510,-176.330960,209849.422626,63.864928,209619.990768,101.376085,655.286180,-18.382707,655.519876,-137.956255,648.351097,59.963578,0.009540,1,0
6.767000,-56.389207,208290.661220,-176.218174,208658.054641,63.467989,209242.956178,101.623611,652.582928,-18.186648,642.783988,-138.788075,652.567900,59.968502,0.001810,1,0
6.800000,-56.359877,210304.943894,-176.364038,208769.176815,63.685796,208612.724347,101.725507,655.932622,-18.306615,648.928953,-138.354976,654.689195,59.966153,-0.012824,1,0
6.833000,-56.365697,209155.167214,-176.237864,207041.268628,63.877206,206702.773344,101.717363,652.438022,-18.255731,655.333011,-137.997818,650.895111,59.963118,-0.003894,1,0
6.867000,-56.504899,208424.478705,-176.245935,208924.418538,63.607197,208341.420596,101.505771,653.971482,-18.321917,654.446356,-138.473036,653.424016,59.972826,0.003604,1,0
6.900000,-56.558861,207342.220641,-176.112961,210523.117336,63.614096,207528.080940,101.260985,656.339684,-17.977305,653.558690,-138.015907,648.489514,59.964149,0.007589,1,0
6.933000,-56.250943,207778.721467,-176.262851,207678.528936,63.733595,208336.397172,102.030627,654.610711,-18.246590,646.267721,-138.213663,648.870049,59.974537,0.000069,1,0
6.967000,-56.251977,207960.955897,-176.471587,207120.658557,63.784644,208264.745501,102.324310,656.860057,-18.684978,649.078840,-138.583346,648.419916,59.972394,0.012262,1,0
7.000000,-56.274511,208169.255051,-176.330496,209447.757160,63.730233,208544.792830,101.931502,655.973300,-18.077036,642.956715,-138.489349,652.875949,59.972378,-0.007058,1,0
7.033000,-56.341565,205823.175406,-176.443818,206866.940137,63.720847,205929.990015,102.031643,651.986085,-18.345777,660.585773,-138.483653,645.944473,59.967181,0.009393,1,0
7.067000,-56.596222,207888.913708,-176.351301,208203.110037,63.661610,207178.277189,101.255361,660.454413,-18.746873,650.429970,-138.129692,653.332450,59.981729,-0.008983,1,0
7.100000,-56.315460,208294.606530,-176.391180,207670.053863,63.675321,208108.260077,101.768421,644.826641,-18.585295,651.014680,-138.075599,651.841305,59.973144,0.003365,1,0
7.133000,-56.227436,206584.362395,-176.441911,207149.034098,63.627049,208581.456438,101.429684,647.806196,-18.510722,652.448084,-138.249495,650.217824,59.973387,0.005143,1,0
7.167000,-56.362382,207506.588170,-176.336518,207549.226612,63.737953,206668.971128,101.543419,653.695314,-18.054542,652.593817,-138.310066,651.332211,59.978756,0.004926,1,0
7.200000,-56.298927,208432.268310,-176.213236,207717.076388,63.579981,207191.581012,101.695368,656.260755,-18.371743,653.791612,-138.309946,644.414198,59.975898,-0.008785,1,0
7.233000,-56.262222,208958.947045,-176.414946,207372.811676,63.774238,208282.295634,101.819374,654.780359,-18.314129,648.563765,-138.314241,657.060671,59.970059,-0.001119,1,0
7.267000,-56.323843,208134.552637,-176.389387,207309.321154,63.771870,207914.227914,101.679160,655.553022,-18.336704,658.076852,-138.180493,653.164544,59.977122,-0.003704,1,0
7.300000,-56.162836,206819.162868,-176.248232,208341.787375,63.727144,207326.380765,101.812022,653.532567,-18.299460,657.627689,-138.594025,652.228395,59.977880,-0.000578,1,0
7.333000,-56.212955,208414.709669,-176.267725,208060.058612,63.552217,209074.153355,101.866085,658.535561,-18.364915,658.112196,-138.627236,660.346132,59.971294,-0.008249,1,0
7.367000,-56.364726,206847.959576,-176.327755,207570.091968,63.686922,207611.340265,101.608650,655.136141,-18.166419,655.719872,-138.375062,658.069867,59.974079,0.005127,1,0
7.400000,-56.129352,209681.827456,-176.333455,208356.622847,63.790547,208597.211792,101.934819,667.157362,-18.283008,663.055095,-138.297092,658.345829,59.962567,0.000731,1,0
7.433000,-56.248226,210191.169480,-176.061651,209384.940954,63.656470,208142.934258,101.421198,658.080005,-17.993130,666.984206,-138.513841,661.202003,59.966931,0.000022,1,0
7.467000,-56.239200,207805.468228,-176.240361,206777.452537,63.597123,209106.998177,101.695023,655.951461,-18.382925,655.592258,-138.263454,655.350503,59.971685,-0.000814,1,0
7.500000,-56.412359,208336.976668,-176.317738,208135.260216,63.519034,209327.288260,101.564489,659.118690,-17.894229,656.267067,-138.556938,661.738262,59.980738,0.003985,1,0
7.533000,-56.335897,208486.102643,-176.138838,207251.962558,63.638593,207688.354560,101.779509,655.986599,-18.089111,657.108303,-138.255563,661.277984,59.978036,0.006609,1,0
7.567000,-56.391452,208148.523985,-176.179796,209875.883177,63.712065,208495.282208,101.621841,664.741475,-17.851476,654.955646,-138.454809,653.085426,59.974383,0.008379,1,0
7.600000,-56.268907,209832.348720,-176.414460,207477.077592,63.825082,208262.224591,102.008537,652.676590,-18.373271,655.838262,-138.218115,653.704555,59.978544,0.000069,1,0
7.633000,-56.119012,207826.972188,-176.271919,206632.998557,63.796801,207895.865427,101.631714,655.667924,-18.406930,655.934813,-138.349601,656.220507,59.975737,0.006339,1,0
7.667000,-56.214194,207175.198445,-176.324173,208343.813025,63.741124,207447.030413,101.545203,659.008362,-18.190094,651.776005,-138.169863,651.691058,59.968593,0.005507,1,0
7.700000,-56.190745,209067.173999,-176.178660,208290.885777,63.747487,207834.311955,101.752707,655.217812,-17.728794,654.768205,-138.232918,651.268415,59.979023,-0.009692,1,0
7.733000,-56.302819,207897.661543,-176.025797,207207.218007,63.684748,209319.350241,101.886663,662.833126,-18.065816,655.462342,-138.367000,653.479651,59.975880,-0.002989,1,0
7.767000,-56.289911,208231.284568,-176.101306,207138.222064,63.898983,209752.076585,101.643722,653.149672,-17.773672,655.582086,-138.026540,658.951867,59.978668,0.007152,1,0
7.800000,-56.342488,207345.366038,-176.391529,208416.185113,63.735804,209666.741946,101.620454,648.322808,-18.532478,660.715852,-138.048367,659.684888,59.976693,0.000286,1,0
7.833000,-56.269876,207749.718891,-176.241786,208361.921154,63.751274,209980.934446,101.668563,656.878993,-18.624381,659.634685,-137.998118,656.923742,59.971779,0.004473,1,0
7.867000,-56.112455,210230.288179,-176.188797,207527.041290,63.840976,207765.898323,101.799485,660.289284,-18.368658,657.660262,-137.829291,656.806487,59.971546,-0.004675,1,0
7.900000,-56.445440,208308.849459,-176.108328,209072.064058,63.746965,209995.057175,101.566489,661.338086,-18.078332,660.488263,-138.318548,665.980545,59.974697,0.001245,1,0
7.933000,-56.166581,207897.828386,-176.311818,208147.520157,63.800184,207505.967643,101.821636,663.197595,-18.385054,663.035655,-138.193444,654.846480,59.968849,-0.001619,1,0
7.967000,-56.251726,206847.251406,-176.337353,208820.653924,63.867490,207799.419810,101.757610,663.241679,-18.162810,665.424652,-138.071195,664.105081,59.968597,-0.001222,1,0
8.000000,-56.279964,207939.258738,-176.151444,207372.705711,63.789697,207729.257876,101.692711,661.930262,-18.060505,663.374599,-138.094238,662.720528,59.972059,0.004337,1,0
8.033000,-56.312529,207472.571842,-176.298268,207960.132904,63.439484,208439.241864,101.832218,656.619943,-18.518211,666.473579,-138.794944,668.515692,59.971899,-0.008871,1,0
8.067000,-56.286484,205015.216275,-176.292093,208352.888664,63.712625,209301.612598,101.974439,663.365705,-18.269650,666.506091,-138.395228,664.073122,59.970749,0.005078,1,0
8.100000,-56.377590,207575.609338,-176.174127,208259.721908,63.581734,208826.772108,101.812489,663.096148,-18.262596,661.706218,-138.358194,661.704383,59.972436,0.006308,1,0
8.133000,-56.180946,208141.721659,-176.275256,210277.169374,63.762647,205887.806388,101.580135,671.657849,-18.648602,662.377567,-138.153520,659.832001,59.969143,0.001092,1,0
8.167000,-56.223003,209774.214305,-176.410835,207959.695500,63.815456,208153.231341,101.673301,661.716765,-18.332598,659.965520,-138.223804,666.148132,59.964728,0.003062,1,0
8.200000,-56.255605,207920.391641,-176.160414,208998.306060,63.833025,208956.099970,102.263195,658.499711,-18.178452,658.028561,-138.386647,664.796445,59.968098,-0.009382,1,0
8.233000,-56.313919,208760.661791,-176.245085,208062.829622,63.927343,208110.297791,101.876134,663.575487,-18.316522,664.198655,-137.951525,661.574163,59.968440,-0.001393,1,0
8.267000,-56.311733,208471.583585,-176.322113,208021.881187,63.712493,210107.202031,101.383187,667.533242,-18.352249,664.330497,-138.263725,662.532458,59.964847,0.012096,1,0
8.300000,-56.248006,209855.108825,-176.432452,206202.051394,63.818451,208903.391459,101.759364,661.847386,-18.388704,671.144178,-137.965610,661.175452,59.957347,0.015510,1,0
8.333000,-56.397548,208140.256375,-176.168251,208166.178619,63.869809,207302.745656,102.042526,665.305218,-18.100338,665.751176,-138.184552,669.191961,59.965486,0.002734,1,0
8.367000,-56.354111,208927.461384,-176.417783,206521.687106,63.687421,206982.781022,101.562869,665.846027,-18.601561,660.826506,-138.558631,661.246582,59.959558,0.003767,1,0
8.400000,-56.248488,209487.743408,-175.950526,208619.212434,63.696016,208690.545516,101.624325,663.031859,-17.750443,664.607048,-138.054044,655.497677,59.960538,0.015912,1,0
8.433000,-56.231497,208199.125319,-176.354056,206838.384736,63.738425,207926.375542,102.092452,659.320523,-17.893465,666.046065,-138.110910,666.058975,59.966134,-0.004145,1,0
8.467000,-56.471166,210174.298972,-176.376791,209431.834536,63.682595,205804.775652,101.478186,663.003641,-18.542550,664.149572,-138.406457,664.039062,59.968772,0.007306,1,0
8.500000,-56.217920,208304.519726,-176.317727,209273.666061,63.785883,207904.306158,101.961750,663.025695,-18.256928,658.567725,-138.098496,663.582025,59.958225,-0.000860,1,0
8.533000,-56.360493,207616.986724,-176.393605,209515.074328,63.719301,209466.230006,101.395369,667.147744,-18.495637,661.567840,-138.427973,662.693794,59.967820,0.002436,1,0
8.567000,-56.308214,208706.892180,-176.404531,208854.192969,63.833867,210399.687187,101.901072,665.023154,-18.185619,669.756747,-138.198023,662.924353,59.966630,-0.000190,1,0
8.600000,-56.272055,208776.712182,-176.250216,206660.069417,63.670211,209744.698954,101.933632,658.667827,-18.519475,664.189617,-138.389545,661.372310,59.966834,0.004031,1,0
8.633000,-56.274913,209265.514547,-176.367188,209472.384561,63.697785,208256.346326,101.733292,664.610204,-18.313441,659.808205,-138.376656,664.115010,59.960075,0.002814,1,0
8.667000,-56.512702,208272.009062,-176.148924,209517.604814,63.698933,207134.535459,101.337713,666.557258,-18.441999,666.339275,-138.673044,661.547909,59.965926,0.007321,1,0
8.700000,-56.160335,207695.222638,-176.094937,209682.366653,63.730018,207790.762704,101.927057,666.950431,-18.429887,661.184085,-138.270889,661.970342,59.964642,0.005023,1,0
8.733000,-56.258489,207567.086664,-176.411636,207400.229468,63.726840,211240.237835,101.755059,663.315523,-18.392621,665.938330,-138.513181,664.163542,59.960762,0.010728,1,0
8.767000,-56.239516,208587.694623,-175.972467,210997.756877,63.777106,208403.057152,101.633168,668.116108,-18.106373,668.611780,-138.150737,660.883549,59.968101,-0.006678,1,0
8.800000,-56.071503,207383.991577,-176.131511,207143.324827,63.817653,208374.315410,101.817786,662.711779,-18.024415,669.487159,-138.329152,663.790664,59.968578,-0.006826,1,0
8.833000,-56.122064,208224.845555,-176.302941,208390.588392,63.847219,208668.305528,101.805526,664.019020,-18.209447,660.438836,-138.232939,665.057766,59.964131,-0.008477,1,0
8.867000,-56.027823,209888.914438,-176.418936,207864.437679,63.785653,208340.051385,101.980437,664.189281,-18.327282,655.439018,-138.254144,662.964071,59.966188,-0.006867,1,0
8.900000,-56.268787,208485.626327,-176.376236,208436.773552,63.880734,207506.158637,101.773141,661.600969,-18.248577,665.062785,-138.191735,658.654841,59.957079,0.006181,1,0
8.933000,-56.293442,209956.534412,-176.286754,208346.338422,63.767506,209006.945382,101.476996,661.347989,-18.014969,664.759583,-138.382600,661.933957,59.968034,0.003710,1,0
8.967000,-56.263073,207934.300389,-176.324077,209284.526070,63.789224,207553.427680,102.010742,666.946566,-18.250853,661.709244,-138.025486,665.847088,59.965097,0.003194,1,0
9.000000,-56.229616,208700.223532,-176.358887,207768.512182,63.779521,208876.377104,101.762144,662.358379,-18.111463,658.986237,-138.255919,665.682969,59.967616,-0.016683,1,0
9.033000,-56.287784,209767.916757,-176.201148,208669.240400,64.089719,207066.065862,101.731795,659.001899,-18.288198,664.495721,-137.601108,658.551336,59.965922,-0.015461,1,0
9.067000,-56.254688,208495.614722,-176.238727,208547.050185,63.821684,208805.133410,102.226853,660.366488,-18.293102,657.204917,-137.987693,669.726127,59.962249,0.005495,1,0
9.100000,-56.253331,210137.279138,-176.258919,208352.576501,63.602406,208517.777687,101.878309,660.657592,-18.192201,670.243263,-138.498415,664.954872,59.957750,-0.001050,1,0
9.133000,-56.184633,209080.500615,-176.134855,208414.345484,63.659332,208533.019101,101.689128,662.881252,-18.196819,670.146988,-138.381084,666.274775,59.957363,-0.001647,1,0
9.167000,-56.278209,207279.785145,-176.268406,208820.942456,63.751994,208723.371966,101.685154,667.018376,-18.256043,665.181077,-138.164292,668.381392,59.965235,0.005370,1,0
9.200000,-56.346236,210386.898596,-176.166318,209667.784756,63.647024,207729.362689,101.474897,671.448781,-18.416943,663.795714,-138.168385,666.424832,59.965097,0.000642,1,0
9.233000,-56.156248,207229.066435,-176.202574,208253.478574,63.659231,208337.656853,101.851909,670.598053,-18.202085,662.109460,-138.149451,669.360765,59.968528,0.005018,1,0
9.267000,-56.137217,208045.896843,-176.254505,207752.423376,63.921744,208710.855154,102.149055,666.039335,-18.507022,678.224054,-138.001456,669.573181,59.970400,-0.002679,1,0
9.300000,-55.928636,209382.967155,-176.294247,207270.708470,63.798958,208257.660661,102.016669,667.353474,-18.200690,673.002854,-137.866525,665.583861,59.961453,0.002429,1,0
9.333000,-56.179145,208779.796845,-176.202447,207079.994676,63.910859,208960.167383,101.580569,667.676259,-18.060439,664.910691,-138.058911,670.587394,59.974906,-0.006909,1,0
9.367000,-56.160515,209912.205050,-176.016305,207771.748632,63.800992,209154.200463,101.596668,664.114479,-18.256507,665.879701,-138.214077,666.172990,59.975476,-0.004281,1,0
9.400000,-56.125131,209601.367576,-176.235671,207540.146549,63.937454,209229.990149,101.959023,672.285491,-18.051027,665.731322,-138.088747,665.671257,59.977443,0.004801,1,0
9.433000,-56.322089,208233.371012,-176.226177,208632.557838,63.831841,208207.405698,101.610137,670.854856,-18.714123,663.855029,-137.942823,665.278132,59.967454,0.003946,1,0
9.467000,-56.179333,207745.585929,-176.014875,210643.709463,63.702370,208676.146205,102.224572,668.777646,-18.070754,669.810595,-138.254634,666.363093,59.978541,0.000619,1,0
9.500000,-56.476760,207907.414691,-176.234206,207597.984428,63.836469,208578.132073,101.646329,670.025244,-18.193541,671.805084,-138.050877,664.079619,59.969118,-0.005550,1,0
9.533000,-56.141930,209303.625560,-176.270391,207888.590481,63.572317,209138.648562,101.808737,667.009232,-18.129950,666.962666,-138.309223,670.685117,59.980503,-0.000690,1,0
9.567000,-56.223437,208285.126787,-176.192130,207864.373523,63.785987,208056.305733,101.891177,675.059708,-18.028277,670.082982,-138.585511,667.415385,59.970061,-0.010420,1,0
9.600000,-56.135258,209651.768584,-176.236851,210781.719635,63.658781,208118.812388,101.889552,668.007296,-18.395190,671.118295,-138.531604,671.231161,59.982201,-0.007347,1,0
9.633000,-56.284604,210515.116014,-176.154377,208697.178745,63.816165,210007.316096,101.277409,672.998107,-18.014430,674.266198,-138.163516,673.848053,59.974129,0.002989,1,0
9.667000,-56.403920,208659.567191,-176.090372,207121.984792,63.690172,210394.259170,101.475605,667.550438,-18.243310,667.907410,-137.993430,675.007096,59.971135,-0.004117,1,0
9.700000,-56.239941,209043.962190,-176.205252,209467.081366,63.819839,211340.160814,101.508576,671.765903,-18.245433,669.274698,-138.103580,676.562717,59.965570,0.004785,1,0
9.733000,-56.249347,209395.279660,-176.236145,208508.788684,63.683648,208695.371780,101.821343,668.574588,-18.402635,669.183145,-138.202146,670.212355,59.974397,0.001285,1,0
9.767000,-56.340531,209757.912682,-176.206464,209460.169066,63.860588,208451.548591,101.949306,675.599591,-18.253018,665.707922,-138.350519,677.443528,59.968930,0.008056,1,0
9.800000,-56.131237,210545.825699,-176.204428,208753.857728,63.872781,210547.291106,101.660968,671.744036,-18.275934,673.038519,-137.849474,669.670234,59.972208,0.003965,1,0
9.833000,-56.263570,209632.446560,-176.104742,209763.606497,63.723720,209835.373700,101.527032,670.282653,-18.223304,669.724430,-138.348475,666.183937,59.969465,-0.004250,1,0
9.867000,-56.255653,208245.015970,-176.332401,210535.216818,63.790875,209407.865270,101.799019,675.111138,-18.673300,667.473327,-138.207453,670.969578,59.968716,-0.005567,1,0
9.900000,-56.382511,210200.314729,-176.147486,209243.170681,63.599858,210087.774330,101.732245,671.930592,-18.150650,672.221378,-138.607142,668.483770,59.964726,0.001401,1,0
9.933000,-56.341147,207773.112236,-176.180696,208523.235547,63.983279,209695.036307,101.204537,673.127314,-18.450217,663.592583,-138.053472,676.416434,59.964288,0.000327,1,0
9.967000,-56.294254,210284.370880,-176.297829,208809.872704,63.506779,209871.836757,101.708394,670.669890,-18.269186,669.356547,-138.703937,671.476944,59.966104,0.004477,1,0
10.000000,-56.179013,210498.485385,-176.228705,209666.709001,63.690498,209957.152362,101.974814,672.664023,-18.307297,669.055958,-138.205389,675.725270,59.966490,0.001148,1,0
10.033000,-56.223448,209259.892209,-176.412945,209605.395430,63.706341,210078.245924,101.583421,667.367169,-18.468258,669.940494,-138.531725,670.288294,59.969365,-0.003256,1,0
10.067000,-56.342871,210010.221251,-176.270853,209993.261404,63.862948,209130.556961,101.377715,675.379110,-18.041299,671.915868,-138.094888,668.715190,59.968825,-0.017148,1,0
10.100000,-56.150655,209038.158655,-176.354922,208555.901007,63.698546,210023.922300,102.086037,663.845637,-18.377450,666.225995,-138.387420,661.797762,59.964094,-0.001893,1,0
10.133000,-56.291937,211117.182593,-176.290607,209001.793972,63.750240,209543.795741,101.521260,664.775796,-17.992798,660.332384,-138.319752,660.000879,59.974474,-0.014806,1,0
10.167000,-56.492703,209925.234553,-176.364801,209329.343458,63.665254,209358.701721,101.364611,671.326417,-18.294809,670.190402,-138.417907,663.136803,59.965154,0.004917,1,0
10.200000,-56.406935,208865.199698,-176.254703,209064.691301,63.672547,209685.922122,101.516337,674.412728,-18.287650,671.440843,-138.415906,667.759861,59.967157,0.001369,1,0
10.233000,-56.349584,209934.599180,-176.345353,208124.592189,63.539107,210057.084764,101.645287,669.808850,-18.374300,676.866391,-138.317809,668.648984,59.965085,-0.006166,1,0
10.267000,-56.432579,208746.583685,-176.442169,210179.266539,63.686761,209935.814656,101.571542,676.086242,-18.488455,673.788240,-138.250364,671.915326,59.960296,0.007566,1,0
10.300000,-56.341337,209622.128127,-176.242682,210197.326052,63.638664,209651.506827,101.523212,669.069402,-18.242117,668.085108,-138.014805,670.566260,59.964248,0.001297,1,0
10.333000,-56.306264,209546.732521,-176.230117,208303.366880,63.730000,208336.743920,101.604269,669.105048,-18.239832,662.089110,-138.183085,669.050070,59.963784,0.004165,1,0
10.367000,-56.331447,208690.672667,-176.359744,210341.402839,63.597189,208521.187460,101.922893,671.085314,-17.936026,668.334417,-138.201360,672.535106,59.970062,0.004966,1,0
10.400000,-56.323765,208434.146535,-176.235691,209774.412024,63.657046,209422.858175,101.512703,658.770369,-18.528435,669.508081,-138.400140,675.562602,59.964070,0.000027,1,0
10.433000,-56.164420,209454.300525,-176.385259,210615.075718,63.586342,209686.784605,101.898028,671.646698,-18.662118,666.912194,-138.376372,668.392594,59.962580,0.000944,1,0
10.467000,-56.344488,209406.725296,-176.221535,206815.073837,63.743998,208950.758947,101.661667,666.251192,-18.239581,663.054789,-138.490324,666.893865,59.968102,-0.004845,1,0
10.500000,-56.367681,209399.918077,-176.258288,209521.004884,63.465927,210288.516217,101.539115,663.981175,-18.063214,663.150094,-138.559951,665.670877,59.966190,0.007281,1,0
10.533000,-56.134187,210677.975008,-176.426650,209423.409093,63.525521,209443.771793,101.935776,667.396384,-18.770194,667.134878,-138.801020,667.325054,59.966724,0.007276,1,0
10.567000,-56.336569,208401.008694,-176.282469,208009.022540,63.741637,209494.661552,101.499821,670.290201,-18.227441,662.705371,-138.008723,671.258606,59.971157,0.002159,1,0
10.600000,-56.144134,208585.195652,-176.511227,210530.023128,63.657052,207760.001727,101.814446,669.438969,-18.568759,664.546568,-138.364134,671.694552,59.967311,-0.010671,1,0
10.633000,-56.393961,209309.666627,-176.204722,209011.011066,63.647511,206793.191892,101.744652,666.358659,-18.324487,675.421067,-138.185877,673.865783,59.964249,0.000964,1,0
10.667000,-56.354149,209596.356324,-176.090841,208485.081212,63.687463,209067.214101,101.655024,669.517677,-18.387875,668.517268,-138.314976,678.102681,59.960158,-0.006945,1,0
10.700000,-56.325658,209896.330660,-176.233802,206508.341076,63.705411,207467.563559,101.658513,667.634461,-18.194658,665.386093,-138.428674,676.247928,59.968239,-0.007073,1,0
10.733000,-56.273861,209462.176008,-176.188127,209937.464647,63.747927,208777.556972,101.711888,677.854493,-18.324951,673.252193,-138.151179,672.512377,59.955965,0.011863,1,0
10.767000,-56.281600,208464.520241,-176.299448,208124.014512,63.633330,207927.154300,102.092361,678.982529,-18.485062,679.566362,-138.495945,679.607837,59.962104,0.002985,1,0
10.800000,-56.276338,207360.246510,-176.122878,209967.941412,63.826660,208992.927609,101.631335,669.775492,-17.824111,671.143245,-138.244426,675.605655,59.955689,-0.005454,1,0
10.833000,-56.287133,208400.502025,-176.233065,208891.810435,63.787690,209081.721707,101.893149,678.685096,-18.633283,676.681256,-138.159941,669.342671,59.955906,0.004033,1,0
10.867000,-56.327661,207491.120716,-176.134828,210164.845738,63.731298,208423.136488,101.541787,672.037424,-18.263805,669.574153,-138.021407,675.227201,59.960825,0.003083,1,0
10.900000,-56.439569,207388.526612,-176.278288,208514.085095,63.900490,209575.861127,101.448856,668.426649,-18.036683,666.385379,-138.227098,666.285844,59.956395,0.002930,1,0
10.933000,-56.215928,208260.366596,-176.133032,210642.174531,63.747841,208071.185836,101.609838,673.454981,-18.182323,672.936940,-138.517667,674.837163,59.958355,-0.003811,1,0
10.967000,-56.197443,209459.530634,-176.122811,207335.106263,63.742231,209184.979262,101.738735,673.879552,-17.837827,669.819405,-138.641742,672.959344,59.964134,-0.001435,1,0
11.000000,-56.128128,208602.764995,-176.209048,208417.446101,63.680183,207998.289799,102.060275,682.711036,-18.385558,672.344789,-138.061243,669.829284,59.968588,0.007235,1,0
11.033000,-56.184004,210092.602566,-176.106199,208592.161377,63.897786,209180.566464,102.211999,678.833417,-18.250134,679.972697,-137.884318,675.918764,59.965409,0.000922,1,0
11.067000,-55.980955,208955.640545,-176.204887,206965.402767,63.798921,209850.765104,102.082667,676.628877,-17.807037,673.993879,-138.339472,678.047050,59.963565,-0.013622,1,0
11.100000,-56.187547,209253.423175,-175.972806,209828.513242,63.906929,209698.178373,101.745006,680.897642,-17.880351,675.729648,-137.779006,679.035278,59.963788,0.004073,1,0
11.133000,-56.201799,207718.775557,-176.132224,209825.448954,63.785410,209940.023644,101.952101,671.101141,-18.077385,673.043769,-137.991156,678.065344,59.963646,-0.003399,1,0
11.167000,-56.072120,209404.261824,-176.243543,209163.216794,63.587499,209548.805574,101.984003,676.293417,-18.594537,679.446358,-138.481102,668.821191,59.966780,0.004265,1,0
11.200000,-55.999805,210151.154512,-176.092434,208096.168917,63.651902,208967.547739,102.105512,675.106083,-18.229984,674.897586,-138.156885,675.799242,59.969952,-0.003040,1,0
11.233000,-56.008999,209127.967161,-175.971896,207674.165168,63.897594,210184.349280,102.039791,677.722029,-18.053955,672.601362,-138.381822,674.950137,59.973225,-0.000054,1,0
11.267000,-56.067411,208120.964162,-176.104269,209265.959821,63.888735,208299.189301,102.046217,675.691120,-18.416391,672.392404,-138.580856,680.308811,59.968090,-0.005509,1,0
11.300000,-55.883179,207521.932706,-176.193928,209682.683561,63.751212,207488.243159,102.722634,672.254441,-18.291366,675.873342,-138.431576,676.735768,59.975185,0.001206,1,0
11.333000,-55.997364,207393.840622,-176.282519,210222.251081,63.763539,207299.262215,102.087986,671.077248,-17.921848,679.180282,-137.962210,676.716274,59.978537,-0.001707,1,0
11.367000,-56.124029,208553.873793,-176.187002,209093.943436,63.633310,208836.560589,101.841168,673.556987,-17.928684,673.281866,-138.301659,676.963195,59.971273,-0.004428,1,0
11.400000,-55.938983,209163.726780,-176.230103,209606.629438,63.788556,208690.918742,102.055593,673.986638,-18.520548,677.579484,-138.314148,676.223689,59.974447,0.000835,1,0
11.433000,-56.214874,208481.540937,-176.198801,209458.106148,63.894799,209839.170162,101.751071,669.299938,-18.104046,675.395203,-138.321684,677.852734,59.972328,-0.006629,1,0
11.467000,-56.221407,210020.557612,-175.928300,208738.840639,63.735231,209420.846550,101.777582,664.825313,-17.766529,681.320911,-138.025544,674.576999,59.967910,-0.002492,1,0
11.500000,-56.134161,210318.598717,-176.171185,207699.297656,64.035424,210808.099989,101.693402,677.830653,-17.936813,679.884854,-138.102148,678.074249,59.970456,-0.002794,1,0
11.533000,-56.158137,210032.285062,-175.958151,211991.279676,63.787501,207692.302670,101.707131,674.214851,-17.784928,676.408643,-138.228859,676.180555,59.974673,0.003923,1,0
11.567000,-55.931152,208656.166628,-175.948607,209493.284680,63.995810,210233.173030,102.114725,681.194916,-18.259697,682.050382,-137.976096,679.947957,59.970942,0.011032,1,0
11.600000,-56.222173,209656.363137,-176.123469,209991.347418,63.969273,207405.235325,101.632664,677.510940,-17.894214,682.664212,-138.347564,677.649448,59.969577,-0.008951,1,0
11.633000,-56.040629,209592.621309,-176.073345,207670.459587,63.883374,210249.472934,101.821385,680.021658,-18.122149,675.655995,-137.866427,679.888592,59.970953,0.006956,1,0
11.667000,-56.177410,209049.887046,-176.141363,209291.177072,63.801192,208735.748951,101.997918,667.034570,-18.215382,673.401991,-138.327511,675.083186,59.971443,0.000992,1,0
11.700000,-56.274075,208683.404778,-175.995076,210244.604269,63.787348,206627.858904,101.776484,678.837299,-17.936513,674.186677,-138.302252,666.718859,59.976757,-0.003426,1,0
11.733000,-56.178789,209418.099061,-176.220886,208673.252453,64.052453,208616.211540,101.766627,676.867751,-18.392789,677.303142,-137.758846,684.325608,59.974951,-0.000355,1,0
11.767000,-56.206483,209492.155982,-176.031529,207580.528562,63.678486,209671.525623,101.897576,682.172968,-17.918850,681.415883,-137.900597,676.608910,59.978716,-0.001119,1,0
11.800000,-56.184550,208803.706542,-176.171670,208207.090133,63.965221,209270.492669,101.755958,679.496797,-18.011291,679.835881,-137.977420,684.068327,59.973842,-0.006094,1,0
11.833000,-56.147707,208768.570681,-176.192806,207589.407407,63.818245,207632.284403,101.904555,682.411499,-18.218773,680.004396,-137.918144,680.020562,59.969353,0.007184,1,0
11.867000,-56.256819,208742.135891,-176.007252,208190.821383,63.841417,208476.275886,101.739826,678.806961,-17.883392,680.997709,-138.336937,684.939861,59.959419,-0.010745,1,0
11.900000,-56.289959,207893.579031,-176.114614,209224.957498,63.821555,208167.650137,101.860222,682.238269,-18.025951,682.741128,-138.355947,682.538664,59.970254,0.017556,1,0
11.933000,-56.212980,208177.615356,-176.138973,209420.903571,63.836825,207309.217219,101.696804,686.155007,-17.927440,681.868904,-137.894708,680.646089,59.965475,0.009426,1,0
11.967000,-56.070727,208633.783131,-176.253982,207339.828375,63.974925,208924.037294,102.008818,687.399696,-18.411289,686.204690,-138.145410,687.570870,59.969206,0.004739,1,0
12.000000,-55.990129,208885.953434,-175.984377,209152.883183,63.754061,207814.473005,102.009523,684.841612,-18.224771,682.245846,-138.242601,685.400683,59.961499,-0.004116,1,0
12.033000,-55.964801,208236.316986,-176.174734,208242.955245,64.015617,209154.106373,102.285408,684.784799,-17.719254,689.778853,-137.997205,682.429911,59.968199,-0.007729,1,0
12.067000,-56.212306,208512.627069,-176.046031,208199.836852,63.921084,206031.060615,101.749519,679.145072,-17.967547,681.237008,-137.953057,685.118699,59.960885,-0.000600,1,0
12.100000,-56.034074,209349.093775,-175.885844,207917.446306,63.812932,209423.359075,102.331916,678.356424,-18.028628,677.147867,-137.612235,676.629457,59.964477,0.007635,1,0
12.133000,-56.042434,208745.961043,-176.152175,209331.069148,64.055715,208718.913194,102.110479,678.390158,-18.303030,680.954325,-137.926987,681.394023,59.960677,0.005304,1,0
12.167000,-55.953641,208806.616989,-176.081558,209128.787365,63.941430,210323.056262,102.305303,679.649629,-18.276408,675.699557,-138.081586,681.168814,59.962203,0.011392,1,0
12.200000,-56.014381,207995.676337,-176.227586,208589.913511,63.837797,209168.735215,102.112211,682.414769,-18.010941,681.352672,-138.224656,683.389619,59.961622,0.000228,1,0
12.233000,-56.179828,209215.200145,-176.285674,208549.286327,64.023355,210532.210020,101.859885,681.245001,-18.379029,686.842884,-137.743957,685.391085,59.951404,-0.000440,1,0
12.267000,-56.156264,208068.264196,-176.136113,207386.817974,63.806681,208784.371661,101.495992,681.873596,-18.178415,684.074865,-138.128285,680.782895,59.958257,-0.002461,1,0
12.300000,-56.281783,211035.862420,-176.013426,210506.714104,63.992057,208471.977526,101.530725,678.168829,-18.040395,683.811989,-138.391801,679.009643,59.963413,0.002028,1,0
12.333000,-56.249593,207291.683189,-176.116246,208900.720981,63.786788,210172.444804,101.625823,682.820108,-18.297947,676.797026,-138.282505,679.929626,59.962301,-0.009212,1,0
12.367000,-56.194344,208826.282000,-176.200473,208639.711935,63.904441,207635.900306,101.735743,684.127976,-18.294952,686.532666,-138.000516,681.683330,59.957780,0.002995,1,0
12.400000,-56.094385,208821.263158,-176.065544,208898.672424,63.862830,208408.648914,101.975908,679.523314,-18.062397,681.640687,-138.433315,673.799104,59.949712,0.004099,1,0
12.433000,-55.830935,208810.615086,-176.208071,209419.002816,63.785447,209330.575999,102.042722,680.834692,-18.155562,686.508905,-138.311781,680.211867,59.955918,0.006349,1,0
12.467000,-56.067952,208228.918706,-176.050634,208379.508587,63.770536,210062.655087,101.596841,687.430030,-18.099987,686.503254,-138.346908,680.931215,59.963755,-0.001446,1,0
12.500000,-55.929567,208411.824574,-176.008959,208110.758601,63.900717,208559.712889,101.910236,683.112071,-18.188218,686.710472,-137.908078,683.498578,59.950683,-0.004889,1,0
12.533000,-56.078648,209872.677483,-176.084810,207348.233692,63.935361,207349.725701,101.570034,689.159214,-17.823150,684.620036,-138.231279,684.440535,59.957520,-0.004202,1,0
12.567000,-56.175500,208297.929988,-176.009426,209627.834048,63.787116,209686.268459,101.838731,689.681348,-18.159945,682.834464,-138.050851,686.658274,59.963920,-0.004903,1,0
12.600000,-56.022805,208375.036749,-175.964292,208873.075608,63.854377,207390.855449,102.152751,683.003868,-17.736057,679.070135,-138.068180,680.923877,59.956774,-0.004478,1,0
12.633000,-56.099023,209456.934348,-176.191074,209504.799632,63.802225,208546.394841,101.843463,688.467474,-18.601036,681.315391,-137.912055,678.739620,59.965648,-0.000744,1,0
12.667000,-56.073001,208442.440844,-176.013187,208535.206561,64.008407,209369.218243,101.898797,683.218893,-18.184053,689.562656,-138.247839,690.962374,59.957499,-0.012231,1,0
12.700000,-56.039373,205199.525295,-176.057739,207638.920708,63.971063,207647.406002,101.697443,689.447588,-18.214581,689.395885,-137.917711,680.981639,59.960125,-0.007414,1,0
12.733000,-56.135684,207004.801420,-176.265788,208310.178467,63.858449,207073.871964,101.605686,682.191664,-18.151153,685.315351,-138.135211,684.880833,59.967905,-0.004460,1,0
12.767000,-56.263140,208837.157895,-176.069416,208133.243360,64.064549,206774.432302,101.636945,686.703440,-18.264622,682.390194,-137.488416,682.895759,59.962261,-0.002243,1,0
12.800000,-56.183246,207951.081927,-176.149839,206687.464326,63.719420,207634.546474,101.887741,683.797297,-18.081335,689.913903,-138.273513,683.909208,59.962973,0.001956,1,0
12.833000,-56.216912,209049.683999,-176.420555,209097.305498,63.882973,208585.291248,102.059669,689.792596,-18.567014,684.487088,-138.042312,693.580918,59.961291,-0.000624,1,0
12.867000,-56.435917,205846.072198,-176.215390,208431.798112,63.757259,208408.172862,101.453523,683.733463,-18.213608,690.093702,-138.290087,685.005420,59.960091,-0.003963,1,0
12.900000,-56.220219,206054.672027,-176.144084,207912.510204,63.816787,206513.701114,101.910555,685.181899,-17.952021,690.834933,-138.524993,685.040539,59.960366,-0.001425,1,0
12.933000,-56.419822,208979.508729,-176.185014,208060.164424,63.627203,208242.877625,101.748288,684.831196,-18.061919,686.915864,-138.040102,683.350727,59.971879,0.006100,1,0
12.967000,-56.282738,207180.767023,-176.289445,207373.560867,63.727202,207848.927410,101.565594,681.742070,-18.595047,683.262951,-138.328287,681.843925,59.964943,-0.000352,1,0
13.000000,-56.246747,207795.229596,-176.420539,209066.379558,63.794120,208063.870161,101.528458,683.968122,-18.669879,677.693696,-138.257980,671.225953,59.970497,0.015181,1,0
13.033000,-56.147597,208169.504384,-176.076579,208122.418442,63.982405,207721.708180,101.677711,685.282289,-17.731694,686.299930,-137.842758,686.628542,59.965286,-0.001878,1,0
13.067000,-56.222679,206934.685869,-176.215879,206725.406134,63.760146,207799.077706,101.859347,682.893498,-17.988941,682.460176,-138.172211,681.793560,59.965493,-0.001467,1,0
13.100000,-56.414174,207247.708550,-176.317941,206916.842177,63.726286,208146.024385,101.842530,689.903461,-18.280866,684.213172,-138.315205,683.437671,59.967517,-0.003358,1,0
13.133000,-56.278813,206664.539012,-176.345972,209019.455642,63.882824,207876.570840,101.444856,684.762252,-18.297503,687.655460,-138.095558,676.583755,59.967790,0.007355,1,0
13.167000,-56.293818,207975.820100,-176.142811,209115.422617,63.783220,207930.270747,101.888223,682.718999,-18.169294,690.883408,-138.171169,688.013206,59.963935,-0.014855,1,0
13.200000,-56.331641,209028.053594,-176.140108,208618.737373,63.719243,206586.709832,101.459901,682.697917,-17.979452,687.729087,-138.164707,692.060163,59.964551,-0.011784,1,0
13.233000,-56.106121,209042.370922,-176.194069,208154.397675,63.706774,208366.130200,101.870890,693.913802,-18.112015,691.099040,-138.109662,688.051981,59.964874,0.004073,1,0
13.267000,-56.293338,209675.794038,-176.391735,208276.388409,63.694463,207577.751828,102.010582,690.135970,-18.529461,687.108641,-138.304618,687.382714,59.964077,0.005359,1,0
13.300000,-56.386481,207273.122529,-176.241316,207630.620721,63.680745,209147.690990,101.918444,692.159498,-18.139310,685.889365,-138.487153,686.212535,59.961418,-0.000886,1,0
13.333000,-56.181046,209665.500822,-176.111510,207375.601050,63.695359,206747.248387,101.746781,694.516654,-18.106934,691.394203,-138.301712,692.777783,59.955391,-0.003514,1,0
13.367000,-56.257184,208278.469676,-176.371469,211689.399215,63.770997,209528.888188,101.751265,686.523723,-18.524197,694.476172,-138.552177,687.988301,59.961506,-0.004146,1,0
13.400000,-56.180741,207828.910433,-176.283620,208062.412623,63.777797,208071.036094,101.517222,692.055996,-18.236518,685.753166,-138.162607,693.963122,59.970663,0.001771,1,0
13.433000,-56.238319,209562.192756,-176.163640,208706.387192,63.768853,208657.361554,101.545935,691.012447,-17.794320,692.063782,-138.316868,695.114052,59.958948,0.000890,1,0
13.467000,-56.183119,208547.227456,-176.225281,210577.787736,63.915827,208197.618855,101.807132,686.064502,-18.219178,687.022264,-138.158236,695.381167,59.959874,-0.000996,1,0
13.500000,-56.084562,208470.183244,-176.141270,209241.070300,63.851702,207782.640379,102.105134,689.297243,-18.047510,693.608441,-138.337034,683.828374,59.967120,0.006174,1,0
13.533000,-56.223514,209317.575215,-176.256206,208524.464096,63.791186,207989.131851,101.770311,687.890252,-18.516132,689.652987,-138.613673,692.127290,59.958946,0.003810,1,0
13.567000,-56.188097,208524.136929,-176.104076,207466.712637,63.868154,208714.043610,101.828549,683.863128,-17.802340,690.762480,-137.939262,681.018946,59.961371,0.007645,1,0
13.600000,-56.109167,207443.097605,-176.257433,209317.406207,63.854177,210345.205019,101.894303,697.003646,-18.172491,689.602282,-138.362958,695.929625,59.963095,-0.000389,1,0
13.633000,-56.096633,209426.979217,-176.250296,208171.261276,63.846226,210334.305811,102.158608,685.356132,-18.116224,689.894068,-138.358970,683.467181,59.971061,0.003472,1,0
13.667000,-56.114405,209040.703310,-176.140827,207713.815209,63.839649,209636.954897,101.902501,684.443799,-17.953720,693.728548,-138.148649,691.880695,59.961620,-0.000754,1,0
13.700000,-56.292633,206534.153979,-176.050317,206640.265319,63.789133,209457.595570,102.063997,688.846218,-17.899462,684.550243,-138.094235,691.413982,59.965223,-0.002384,1,0
13.733000,-56.051123,209668.155898,-176.309307,209973.815971,63.842025,208884.465128,101.916422,686.343736,-18.209524,692.628796,-138.438745,689.236655,59.969649,0.005444,1,0
13.767000,-56.300267,208131.761780,-176.099484,210141.535229,63.668645,208900.315970,101.470881,692.414144,-18.181824,687.278467,-138.350318,689.363577,59.966767,0.001890,1,0
13.800000,-56.045090,208260.250432,-176.259754,208672.523368,63.749718,209635.465114,102.094362,689.133184,-18.290568,692.260102,-138.602866,693.517389,59.973857,0.003239,1,0
13.833000,-56.293796,208804.947352,-176.378868,207719.661274,63.854183,208310.396415,101.596626,691.929249,-18.277023,689.336258,-138.079963,689.842370,59.965678,-0.004163,1,0
13.867000,-56.084169,208337.838929,-176.228477,209361.513312,63.682867,208206.325246,101.791011,688.781481,-18.473486,693.367583,-138.530818,688.322929,59.963294,0.008270,1,0
13.900000,-56.297098,208842.820318,-176.222036,208580.240586,63.698912,207508.066608,101.417528,685.755283,-18.063542,684.047507,-138.518734,690.446748,59.962042,-0.001089,1,0
13.933000,-56.231980,208992.212437,-176.244849,208211.605239,63.807619,208940.040455,101.696779,687.565229,-18.495778,685.181745,-138.558109,685.449699,59.966439,0.001634,1,0
13.967000,-56.364785,208138.836603,-176.379600,209926.757119,63.715174,210237.680310,101.650592,688.105414,-18.501563,688.493766,-138.503381,691.078285,59.960244,0.005319,1,0
14.000000,-56.296958,206792.028668,-176.283848,208025.853414,63.668667,208418.273846,101.783333,687.583091,-18.233342,691.054623,-138.308329,697.810821,59.953357,0.001695,1,0
14.033000,-56.291444,207413.427769,-176.406783,208528.941168,63.784043,208086.122582,101.729892,688.390617,-18.147243,686.065920,-138.174112,685.030970,59.956905,0.010517,1,0
14.067000,-56.251804,210028.326592,-176.267950,209400.096318,63.695437,209407.983206,101.564607,688.948296,-18.277161,683.796678,-138.509483,685.632264,59.966328,-0.007655,1,0
14.100000,-56.067450,208690.049275,-176.349880,209156.059290,63.776236,208002.341605,101.897338,693.235382,-18.744508,685.606501,-138.157113,690.919678,59.970367,-0.004010,1,0
14.133000,-56.273692,209380.320033,-176.366512,209149.751036,63.842398,208206.226475,102.040331,691.881426,-18.302602,692.641201,-138.213157,687.545253,59.962256,-0.004765,1,0
14.167000,-56.278232,207919.802860,-176.265028,209764.048815,63.595423,207351.381855,101.740026,681.883274,-18.346917,685.638638,-138.522182,691.846292,59.969075,0.008931,1,0
14.200000,-56.119211,207755.066941,-176.180935,207076.067657,63.707197,209742.568823,101.756387,685.658087,-18.063459,687.744658,-138.486430,688.234876,59.970045,-0.003067,1,0
14.233000,-56.110919,208142.710165,-176.332433,208628.073456,63.697090,207972.925689,101.905857,690.345433,-18.337615,685.683031,-138.358182,689.646691,59.958412,-0.001129,1,0
14.267000,-56.328656,208611.472421,-176.278298,207824.751405,63.763952,209819.734691,101.451468,682.975967,-18.093810,689.288795,-137.792504,690.025266,59.968077,0.000312,1,0
14.300000,-56.244646,208511.436698,-176.367740,207749.294584,63.727029,208846.277367,101.787596,685.232321,-18.656190,691.283829,-138.217696,688.936321,59.967207,0.005111,1,0
14.333000,-56.373051,208388.998622,-176.318303,206602.808892,63.728112,207330.497285,102.018135,692.261316,-18.618227,691.198603,-138.096193,685.293719,59.970217,0.003518,1,0
14.367000,-56.389350,208926.629719,-176.157100,207143.855219,63.688108,207654.277249,101.775256,688.055103,-18.370742,687.234869,-138.658580,694.751803,59.969201,-0.002185,1,0
14.400000,-56.295931,206404.987111,-176.198654,209277.866025,63.755456,209093.929360,101.593987,684.952063,-18.395294,683.403069,-138.401928,685.802108,59.971563,0.008820,1,0
14.433000,-56.461680,208480.248846,-176.268887,208978.450755,63.485596,208442.779058,101.690410,684.279326,-18.441105,686.373288,-138.537855,683.218382,59.961985,0.010801,1,0
14.467000,-56.549245,208400.503311,-176.291290,208314.500189,63.605290,210271.213195,101.832445,691.455746,-18.355188,689.280071,-138.561629,692.918613,59.958348,-0.000356,1,0
14.500000,-56.486665,207775.427803,-176.505415,208055.782763,63.661910,209297.592295,101.787629,690.641484,-18.828892,689.546502,-138.636446,687.006497,59.961102,0.005832,1,0
14.533000,-56.210247,209900.723466,-176.278591,207601.314401,63.683969,209544.192626,101.529291,694.981287,-18.114000,681.420174,-138.328846,690.443866,59.962808,-0.014373,1,0
14.567000,-56.369606,208864.071967,-176.481163,209901.197525,63.524769,206500.834286,101.396131,687.032792,-18.541220,677.035074,-138.355185,685.973317,59.954104,0.005924,1,0
14.600000,-56.240233,208525.235869,-176.445179,206827.346070,63.563958,208427.702166,101.862776,686.160526,-18.437626,690.378412,-138.335499,685.185920,59.961160,0.002947,1,0
14.633000,-56.253014,208379.110174,-176.334332,209289.034458,63.475069,208781.169833,101.718064,687.936052,-17.926317,687.477013,-138.406701,684.371807,59.955292,0.013203,1,0
14.667000,-56.374122,208398.071237,-176.297287,207790.360615,63.555696,207400.724373,101.895820,693.785105,-18.167972,677.379521,-138.571730,684.054144,59.948307,0.005657,1,0
14.700000,-56.375181,207255.809298,-176.421352,207306.335258,63.563735,208287.355541,101.861840,686.209532,-18.408640,688.339360,-138.654894,691.468745,59.957610,-0.003275,1,0
14.733000,-56.352316,208458.668699,-176.376827,206716.676663,63.677265,207519.780621,101.457142,684.770961,-18.334190,684.273713,-138.415704,690.804928,59.955086,0.013664,1,0
14.767000,-56.469330,207038.327187,-176.393775,207312.815731,63.627450,208904.425125,101.438064,688.535496,-18.653876,687.839542,-138.356176,686.891133,59.959248,0.000951,1,0
14.800000,-56.326837,207880.615886,-176.248034,209483.341680,63.576559,207446.770338,101.671585,688.648546,-18.324188,681.839099,-138.051638,692.390012,59.952560,-0.009411,1,0
14.833000,-56.339357,207440.959845,-176.352993,209572.350116,63.670012,208976.629233,101.933450,686.405134,-18.414150,686.011934,-138.390731,687.337418,59.949625,0.001710,1,0
14.867000,-56.567999,208582.953819,-176.448525,208626.401530,63.706174,209694.645472,101.403228,679.928248,-18.763902,681.723706,-138.434292,687.786826,59.949000,0.017068,1,0
14.900000,-56.324135,207584.388385,-176.553177,206818.649101,63.488777,208065.488908,101.542336,689.834636,-18.378875,684.514682,-138.225735,682.801951,59.959202,0.007773,1,0
14.933000,-56.460156,207207.528750,-176.362567,206779.412059,63.809344,208881.122817,101.770279,690.516982,-18.249087,685.027750,-138.297151,689.526471,59.964450,0.007572,1,0
14.967000,-56.408575,206465.426587,-176.272440,207711.198903,63.682382,207813.016401,101.490532,681.513938,-18.447389,688.905750,-138.231533,687.623229,59.958427,0.003565,1,0
15.000000,-56.350325,207354.716751,-176.390516,207425.553877,63.480601,208333.853403,101.542375,678.238602,-18.299497,692.835145,-137.908910,687.977525,59.955747,-0.003707,1,0
15.033000,-56.480280,208330.264876,-176.606662,207325.160231,63.596646,207552.077186,101.736985,686.012391,-18.544242,679.189569,-138.704019,686.416019,59.956779,0.002712,1,0
15.067000,-56.439506,209249.479366,-176.438294,205005.510358,63.808369,207096.998745,101.372992,683.594990,-17.962214,687.436111,-138.102251,690.236832,59.960399,0.001498,1,0
15.100000,-56.361458,206085.434518,-176.459412,205729.027401,63.467142,206741.636056,101.693151,683.725309,-18.491145,680.432008,-138.820138,689.487544,59.959829,0.005372,1,0
15.133000,-56.292632,207178.410918,-176.362899,206957.789424,63.616425,207491.786083,101.659879,682.724220,-18.411911,687.563028,-138.525749,687.971056,59.963440,-0.008568,1,0
15.167000,-56.330853,206291.390746,-176.221510,207885.801125,63.573447,208577.063439,101.679854,676.190957,-18.114958,681.714294,-138.629973,687.302059,59.955710,-0.012188,1,0
15.200000,-56.281567,206613.443829,-176.265035,209420.888228,63.636027,207654.214561,101.682119,685.235506,-18.160838,681.753143,-138.538142,689.197128,59.957172,-0.004518,1,0
15.233000,-56.377399,208200.139886,-176.315151,207690.572290,63.558325,208359.758374,101.960816,682.607238,-18.236710,692.446684,-138.136561,681.869079,59.964222,0.010220,1,0
15.267000,-56.221227,206288.185235,-176.378506,205933.578622,63.594542,207590.158168,101.596745,691.670738,-18.169757,684.571848,-138.396478,685.092869,59.963205,-0.005590,1,0
15.300000,-56.449905,207001.745237,-176.572346,207672.944237,63.514895,208990.018709,101.809396,687.201910,-18.822704,680.654972,-138.139045,688.095867,59.965652,0.004802,1,0
15.333000,-56.191503,207019.789530,-176.507138,206664.126695,63.540135,208303.378297,101.832334,682.425832,-18.593888,682.351685,-138.641695,688.092184,59.967085,-0.005869,1,0
15.367000,-56.342485,206688.604960,-176.516309,207951.513547,63.596341,209020.271178,101.534562,687.558424,-18.529429,680.831341,-138.661594,684.354250,59.971202,0.000086,1,0
15.400000,-56.429551,207517.308974,-176.387472,206811.359856,63.745124,209037.645501,101.396955,688.511186,-18.235452,686.182846,-138.328669,689.382549,59.957040,-0.011866,1,0
15.433000,-56.387136,208223.459956,-176.397384,207488.232886,63.581435,208989.269794,101.745097,686.631349,-18.274094,690.205328,-138.217097,687.549025,59.958471,-0.004884,1,0
15.467000,-56.521598,207021.799369,-176.286223,206578.285932,63.695627,206649.145725,101.711433,689.192456,-18.382766,686.537953,-138.158494,682.473037,59.963938,-0.015377,1,0
15.500000,-56.282493,209039.521114,-176.381104,208499.755886,63.574478,207812.354675,101.932235,683.239936,-18.339507,685.708447,-138.543418,688.838401,59.964551,-0.000548,1,0
15.533000,-56.371629,209119.752873,-176.304614,208601.783343,63.592561,207228.783551,101.523328,677.332150,-18.348854,688.112319,-138.351639,686.901635,59.969028,-0.006446,1,0
15.567000,-56.426458,206642.533144,-176.218074,207113.955579,63.611958,207485.159808,101.753783,692.719741,-18.349757,688.501962,-138.660101,688.262304,59.956590,-0.000981,1,0
15.600000,-56.284053,206958.664100,-176.471474,206914.421180,63.429829,208015.375986,101.393344,683.645371,-18.373339,687.743574,-138.688940,682.725181,59.957903,0.003401,1,0
15.633000,-56.368151,207022.174154,-176.247124,208087.108348,63.513848,206469.344720,101.349440,687.676734,-18.244789,692.650149,-138.418298,686.375830,59.961653,-0.008208,1,0
15.667000,-56.372053,208143.225799,-176.397560,208040.643635,63.590071,207095.509018,101.593042,687.598005,-18.433344,685.970896,-138.291463,686.717852,59.966871,0.000418,1,0
15.700000,-56.482571,207657.892531,-176.455470,208697.978453,63.518653,208392.821890,101.541223,688.016553,-18.746226,683.704979,-138.350940,688.132077,59.960424,0.000893,1,0
15.733000,-56.527161,207798.638386,-176.452151,206955.182021,63.452027,208588.082488,101.109092,682.747376,-18.327149,689.608779,-138.453466,680.651460,59.962578,0.018987,1,0
15.767000,-56.343256,206594.768350,-176.473173,207242.868221,63.640708,207675.274869,101.276816,683.382154,-18.559217,688.165146,-138.241692,680.189695,59.968056,0.009071,1,0
15.800000,-56.388772,207629.902308,-176.496943,206378.142143,63.568417,207130.234281,101.708610,694.536314,-18.437064,689.445725,-138.045686,680.412465,59.966995,0.004706,1,0
15.833000,-56.268058,207051.151055,-176.423907,209388.036319,63.588639,208033.795788,101.854658,682.570835,-18.430850,689.892127,-138.119471,683.295791,59.961666,-0.001768,1,0
15.867000,-56.488884,208844.004025,-176.341224,205994.995394,63.251437,209010.054689,101.574732,684.503936,-18.183784,683.466631,-138.570564,680.484745,59.962343,-0.014415,1,0
15.900000,-56.345639,207004.032304,-176.454743,208096.808865,63.546214,207634.251875,101.929269,681.579228,-18.272561,684.647279,-138.781800,684.482979,59.962659,-0.015485,1,0
15.933000,-56.445618,205898.665114,-176.632106,207525.663981,63.637688,206878.881407,101.682717,682.036535,-18.257878,679.506006,-138.326989,684.219512,59.968380,-0.004647,1,0
15.967000,-56.530606,206575.971526,-176.255366,207378.181537,63.465499,206637.596377,101.483523,678.526042,-18.388585,684.465920,-138.842687,679.851296,59.949872,0.004359,1,0
16.000000,-56.462805,206722.029545,-176.376229,207980.537840,63.613609,209142.929446,101.032316,682.618316,-18.504319,686.622987,-138.297193,682.695830,59.962449,-0.004724,1,0
16.033000,-56.432161,208037.856271,-176.539230,208692.260755,63.523031,206302.774445,101.829506,681.370173,-18.327912,683.668756,-138.489741,684.995298,59.952886,-0.009021,1,0
16.067000,-56.429797,207512.355477,-176.395371,207965.568455,63.525192,208214.916788,101.602448,685.312537,-18.297815,689.074166,-138.577801,685.591363,59.957261,-0.006261,1,0
16.100000,-56.473128,205746.955153,-176.304033,208076.848890,63.445157,207178.475115,101.673266,680.922732,-18.225692,688.087497,-138.621121,687.966440,59.958306,0.003343,1,0
16.133000,-56.673413,208546.002680,-176.578939,208395.452726,63.360054,208899.812773,101.304560,684.010651,-18.376418,678.378314,-138.821201,691.491834,59.963084,0.000594,1,0
16.167000,-56.521831,207560.338579,-176.566692,208798.519202,63.601309,206679.213072,101.607466,686.817993,-18.714987,685.411646,-138.677994,686.344180,59.964923,0.005570,1,0
16.200000,-56.640901,207570.955624,-176.396679,206822.049433,63.380514,205859.196862,101.604788,692.307091,-18.362814,685.417236,-138.411816,687.991134,59.952733,-0.000976,1,0
16.233000,-56.599931,207256.500521,-176.556765,206817.410674,63.406665,207363.964282,101.509185,683.668577,-18.414984,685.062732,-138.715676,678.028868,59.958024,-0.002282,1,0
16.267000,-56.465926,207162.638990,-176.433042,208748.850139,63.254054,208028.758746,101.364820,685.154671,-18.490027,686.139608,-138.692478,685.885558,59.964225,0.008764,1,0
16.300000,-56.534756,207908.803619,-176.370303,208160.094663,63.408149,206367.098709,101.384669,682.632755,-18.496989,686.718713,-138.650510,687.346007,59.949961,0.009071,1,0
16.333000,-56.587136,207224.224720,-176.475933,208071.569382,63.605264,207107.113713,101.184231,688.942970,-18.586727,680.384893,-138.421819,684.280268,59.955446,-0.006046,1,0
16.367000,-56.370047,206920.183703,-176.749183,206235.738861,63.554192,208474.584145,101.438718,678.199233,-18.725920,681.876454,-138.486823,682.322948,59.950450,0.009892,1,0
16.400000,-56.557426,208304.660271,-176.401893,205888.959900,63.403100,206849.748195,101.458098,685.061479,-18.491817,685.035679,-138.507194,683.622550,59.952767,0.011546,1,0
16.433000,-56.460603,208978.165380,-176.593200,206872.085652,63.518115,208487.748467,101.759597,683.429337,-18.497496,681.105272,-138.624979,693.231116,59.960685,-0.007121,1,0
16.467000,-56.265483,208555.257689,-176.366117,207288.688358,63.576643,208524.056202,102.098737,676.837203,-18.495471,688.503023,-138.738923,678.542392,59.950415,0.008266,1,0
16.500000,-56.403136,207024.473757,-176.464938,208187.781833,63.615580,205482.305008,101.011541,690.417408,-18.600939,681.747067,-138.293865,684.823782,59.956133,-0.002265,1,0
16.533000,-56.380103,208714.736471,-176.436706,208728.614054,63.679078,207128.125576,101.965435,685.978931,-18.593482,682.208053,-138.340889,682.188575,59.959567,0.004907,1,0
16.567000,-56.417250,207192.970954,-176.350671,207901.335742,63.541317,207472.520912,101.540651,690.839850,-18.419576,687.229811,-138.499845,694.107944,59.952570,-0.006124,1,0
16.600000,-56.300507,207426.561640,-176.517818,208435.831304,63.673931,208446.167005,101.786686,689.082845,-18.718745,689.530663,-138.181090,689.287251,59.960438,-0.002142,1,0
16.633000,-56.361644,206547.282757,-176.328862,207593.987316,63.637586,208134.616693,101.549476,681.484818,-18.138300,684.349510,-138.337569,685.631523,59.957314,-0.011602,1,0
16.667000,-56.447621,208064.995153,-176.429462,206095.275773,63.527215,208107.276861,101.376701,679.100950,-18.284145,688.011286,-138.681580,681.328307,59.955454,-0.002179,1,0
16.700000,-56.473363,206627.040409,-176.292111,206204.008978,63.599845,208898.098832,101.672415,688.786597,-18.021679,684.195839,-138.339667,695.798803,59.954834,0.011248,1,0
16.733000,-56.338744,208349.992330,-176.225760,207235.185881,63.500537,205342.710275,101.697544,691.394001,-18.289193,684.964667,-138.703430,683.792586,59.954614,-0.006849,1,0
16.767000,-56.305268,208948.018529,-176.418220,207920.696984,63.505605,208827.109169,101.932644,682.267446,-18.430898,684.821140,-138.624414,686.829832,59.954259,-0.004557,1,0
16.800000,-56.378598,206627.750809,-176.475420,207959.449285,63.573013,207038.740311,101.483513,684.735478,-18.613287,689.890541,-138.598789,684.360406,59.963826,-0.008918,1,0
16.833000,-56.395255,209003.101146,-176.370223,210586.678814,63.578557,207116.433308,101.558375,689.687278,-18.678105,681.576744,-138.549457,685.470135,59.955428,0.003502,1,0
16.867000,-56.371163,206832.358047,-176.318053,206850.928445,63.499444,207498.082886,101.679813,686.516128,-18.502904,689.969108,-138.181146,682.232836,59.965158,-0.007227,1,0
16.900000,-56.363983,208838.170103,-176.357454,207632.125693,63.721782,208604.949328,101.666331,681.827955,-18.549875,685.025907,-138.670354,689.617661,59.962298,0.008582,1,0
16.933000,-56.420030,207643.196826,-176.332075,206880.840091,63.381467,207534.586623,101.913212,678.244305,-18.355156,680.169657,-138.675365,683.892238,59.954622,0.001820,1,0
16.967000,-56.390733,207251.743264,-176.208764,206922.110647,63.650704,207377.452695,101.667644,679.339288,-18.785580,679.569507,-138.046320,684.504236,59.974926,-0.009409,1,0
17.000000,-56.448825,208106.139244,-176.586668,208610.621838,63.612855,206553.849840,101.584005,680.555832,-18.722249,688.902541,-138.341109,682.598375,59.969506,0.005370,1,0
17.033000,-56.403867,207048.079248,-176.304562,206249.883088,63.915702,206983.015809,101.598516,693.366044,-18.309893,686.995978,-138.346221,690.269761,59.965297,0.005712,1,0
17.067000,-56.451835,208779.674635,-176.399226,206167.271803,63.710936,207674.217489,101.728583,681.195750,-18.657708,679.419925,-138.420319,680.709892,59.967914,0.009952,1,0
17.100000,-56.158985,207393.685081,-176.368107,209413.802364,63.697588,207504.533460,102.070424,679.507522,-18.735603,677.462390,-138.135662,679.780854,59.967267,0.007921,1,0
17.133000,-56.355687,207181.624302,-176.275683,208639.006500,63.643106,206254.241961,101.490811,677.239159,-18.093836,678.047495,-138.749248,679.909633,59.970059,0.004197,1,0
17.167000,-56.433258,206714.435946,-176.281148,206176.150980,63.781484,205880.175531,101.708286,680.267322,-18.153583,681.223671,-138.000488,682.943238,59.967920,-0.004382,1,0
17.200000,-56.372318,205911.080607,-176.315967,207151.417597,63.528103,208281.923194,101.452419,678.295712,-18.527931,674.747459,-138.534346,682.652254,59.962774,0.008210,1,0
17.233000,-56.417386,206212.563544,-176.397489,207405.759741,63.638602,207840.020833,101.485652,679.650317,-18.626369,674.800569,-138.400146,681.627993,59.967903,-0.013349,1,0
17.267000,-56.398929,206326.920615,-176.292116,206914.404227,63.747420,207300.406555,101.751388,681.399264,-18.280660,671.036355,-138.274293,682.170325,59.972801,-0.002806,1,0
17.300000,-56.247620,207547.602954,-176.299098,208544.734464,63.738072,207814.001876,101.879730,675.898540,-18.417341,678.841343,-138.246333,684.379376,59.964286,0.007498,1,0
17.333000,-56.346640,206646.493537,-176.361012,205139.096157,63.542901,208171.749548,101.290403,680.834775,-18.421706,677.515898,-138.623146,675.567617,59.968731,0.000358,1,0
17.367000,-56.201889,208924.583376,-176.479964,205893.858708,63.614939,207188.667723,101.694167,676.691626,-18.539182,678.858358,-138.286962,679.279228,59.969968,0.000317,1,0
17.400000,-56.160924,205500.244937,-176.274720,207420.298579,63.605674,208041.934151,101.870709,677.462043,-18.379664,677.202046,-138.073511,677.042780,59.965466,0.002907,1,0
17.433000,-56.283786,207456.496483,-176.415309,207257.351048,63.619655,207165.198245,101.946240,679.076659,-18.426119,676.108987,-138.484470,680.572957,59.971741,-0.003562,1,0
17.467000,-56.344183,209268.563358,-176.227771,206768.276716,63.677263,208574.496556,101.826949,677.335856,-18.324824,672.310023,-138.434387,672.488260,59.975190,-0.006668,1,0
17.500000,-56.421504,206983.045734,-176.340787,207685.978299,63.552555,208649.414366,101.798582,675.799446,-18.406398,673.344628,-138.481484,677.787719,59.980293,0.003994,1,0
17.533000,-56.625895,208222.940213,-176.249371,208748.946211,63.700662,208748.371594,101.448586,673.269458,-18.253544,675.704041,-138.187318,675.625581,59.962177,0.000538,1,0
17.567000,-56.273557,208034.577123,-176.381401,206468.469844,63.783883,208754.509674,101.638313,678.225231,-18.460547,668.368899,-138.429277,673.996535,59.966493,-0.012926,1,0
17.600000,-56.336455,206547.508045,-176.593588,208728.472267,63.763953,208025.482474,101.798123,675.374041,-18.525179,676.468581,-138.001373,680.835011,59.964613,-0.009933,1,0
17.633000,-56.462357,207955.693373,-176.452417,208396.789586,63.547682,207025.750470,101.491775,681.747297,-18.568793,674.779155,-138.201675,669.599632,59.967616,-0.000626,1,0
17.667000,-56.468777,207704.651563,-176.449464,205868.560593,63.725167,207818.242021,101.452253,669.529155,-18.126626,672.636893,-138.422312,676.251961,59.965773,0.001046,1,0
17.700000,-56.331769,206977.423768,-176.337475,207279.781664,63.619505,207679.636431,101.558540,677.510917,-18.107393,678.222180,-138.401256,679.154363,59.965093,0.002432,1,0
17.733000,-56.353956,206884.194991,-176.308194,206669.358408,63.651386,208520.037074,101.901384,669.968476,-18.217567,673.020112,-138.442292,673.656651,59.971109,-0.001383,1,0
17.767000,-56.495513,207846.745979,-176.505858,208163.536115,63.625202,207404.490645,101.554946,674.508127,-18.398931,667.204415,-138.383320,673.269484,59.965672,-0.014905,1,0
17.800000,-56.448180,208197.408967,-176.499291,208125.109614,63.679364,207443.798700,101.876201,674.190697,-18.450702,670.335807,-138.401423,675.499091,59.970948,-0.008509,1,0
17.833000,-56.423550,207607.525343,-176.151123,209006.180543,63.953434,207802.939727,101.637349,675.973307,-18.214150,672.962435,-137.748911,675.269558,59.972727,-0.007435,1,0
17.867000,-56.380432,207729.574644,-176.446256,206953.080003,63.624463,205959.358527,101.173660,678.250502,-18.531696,681.844185,-138.473611,677.204262,59.969373,-0.002930,1,0
17.900000,-56.449567,207176.318099,-176.230258,208253.352844,63.700946,207895.744334,101.683155,668.199609,-18.279898,669.168283,-138.385490,668.543133,59.966804,-0.005076,1,0
17.933000,-56.190962,206595.170493,-176.377506,208033.088727,63.686514,207804.079113,101.944334,676.470929,-18.540173,676.739521,-137.991332,672.235945,59.963320,-0.010982,1,0
17.967000,-56.384430,208060.077938,-176.319503,206201.733513,63.698333,207947.512181,101.837315,675.267360,-18.237064,668.609173,-138.174525,672.865551,59.973139,0.002158,1,0
18.000000,-56.408230,206568.336418,-176.429039,206476.961158,63.516329,207597.124785,101.557827,671.129046,-18.497849,681.608041,-138.642501,671.675119,59.973026,0.003791,1,0
18.033000,-56.292982,208936.690629,-176.421744,206477.232115,63.670921,208597.889835,101.821579,666.701231,-18.433909,674.054920,-138.185511,674.491299,59.976176,0.004040,1,0
18.067000,-56.355241,206120.811319,-176.314855,207982.417622,63.654879,206950.363949,101.794116,664.801262,-18.207441,672.896564,-138.534503,668.776350,59.976354,0.011775,1,0
18.100000,-56.506417,208660.135381,-176.428152,207862.520120,63.632292,208159.242134,101.358359,671.313728,-18.381661,669.058683,-138.848840,668.726409,59.971534,0.009280,1,0
18.133000,-56.371640,208136.499373,-176.331245,206406.155328,63.629881,208862.429828,101.314658,669.982936,-18.277035,670.808287,-138.343930,671.333301,59.979454,-0.000249,1,0
18.167000,-56.342462,206776.143028,-176.530610,207434.047480,63.839958,207157.551071,101.957444,681.588169,-18.494402,668.153758,-138.060492,681.993384,59.977045,-0.013555,1,0
18.200000,-56.484958,206188.406362,-176.320275,206605.927733,63.572258,207969.919389,101.421189,673.517906,-18.215633,676.977094,-138.594474,675.415979,59.975920,-0.015627,1,0
18.233000,-56.291264,207723.803030,-176.445883,206926.495992,63.600296,208255.671118,101.823986,672.456223,-18.642680,674.243604,-138.479092,675.594065,59.974306,-0.018092,1,0
18.267000,-56.395666,207421.309057,-176.382590,207035.580990,63.519422,206983.987037,101.752305,673.942203,-18.237433,677.047191,-138.434676,676.088508,59.969810,-0.008658,1,0
18.300000,-56.474106,207095.497988,-176.317080,207324.898796,63.704208,206545.764828,101.527215,680.884837,-18.284813,674.486944,-138.306275,672.221909,59.978124,-0.002247,1,0
18.333000,-56.386774,207260.773853,-176.495582,205707.745137,63.602940,206797.441895,101.308110,681.646947,-18.580923,672.869245,-138.468262,669.843695,59.975880,0.004463,1,0
18.367000,-56.253246,207209.221213,-176.429182,208216.625339,63.545145,207544.388523,101.644864,673.257931,-18.241597,675.935513,-138.101905,667.972356,59.965045,0.007151,1,0
18.400000,-56.449789,208382.220627,-176.273388,207742.584880,63.669014,208226.451427,101.627573,669.733577,-18.236972,680.349281,-138.286474,665.396527,59.970213,0.004364,1,0
18.433000,-56.479938,207914.856969,-176.290970,207671.756401,63.442717,209015.198545,101.357771,668.831143,-18.442023,665.493634,-138.324867,669.825991,59.961720,0.001488,1,0
18.467000,-56.567262,206995.306411,-176.361950,206981.515101,63.783965,208005.978846,101.432649,666.821387,-18.080894,667.596657,-138.468073,666.307175,59.963503,-0.010627,1,0
18.500000,-56.332618,209273.951733,-176.440896,207771.167432,63.609087,206795.428467,101.454087,669.570367,-18.232861,666.321425,-138.319922,669.455938,59.967554,-0.004491,1,0
18.533000,-56.278202,207483.427593,-176.355248,208332.875949,63.530307,206910.260036,101.748612,667.008608,-18.258050,666.735116,-138.875607,672.440152,59.970046,0.011898,1,0
18.567000,-56.370778,207685.295052,-176.493864,207205.268121,63.483180,206436.531078,101.705027,668.351161,-18.471564,664.919823,-138.623486,665.421522,59.967577,0.003033,1,0
18.600000,-56.405873,207874.586077,-176.715071,207329.563777,63.661368,205693.472154,101.702294,667.364958,-19.073632,665.667323,-138.154017,666.100383,59.961889,-0.005390,1,0
18.633000,-56.494792,208664.569678,-176.369731,208427.780238,63.486461,207731.662731,101.592188,669.973740,-18.329035,670.026541,-138.386835,661.068625,59.962130,-0.002502,1,0
18.667000,-56.536102,205398.055245,-176.338742,207056.201894,63.591377,207608.894696,101.524316,665.288161,-18.354510,660.932034,-138.556535,659.129463,59.961926,-0.007968,1,0
18.700000,-56.390033,206533.704753,-176.466992,208328.584718,63.566431,206925.667628,101.656793,671.172758,-18.381390,669.828322,-138.856395,671.057132,59.957941,-0.000447,1,0
18.733000,-56.508628,206615.892662,-176.534764,207482.526652,63.488255,207374.108261,101.451251,667.592858,-18.307318,669.937728,-138.521485,663.996053,59.959630,-0.003168,1,0
18.767000,-56.473414,207808.714723,-176.557451,208510.018488,63.460698,208601.772427,101.607658,674.279459,-18.536239,670.543613,-138.450490,665.362180,59.968774,-0.002678,1,0
18.800000,-56.382700,208031.814659,-176.491009,206997.070983,63.485461,206935.431325,102.003089,675.020558,-18.519890,670.416577,-138.120109,668.338907,59.959988,0.000829,1,0
18.833000,-56.460086,207206.751051,-176.550980,206206.205716,63.482030,208046.675126,101.225012,668.457575,-18.629087,674.915713,-138.684631,665.659761,59.961397,-0.006011,1,0
18.867000,-56.299974,206682.040617,-176.248207,207022.472746,63.618916,207767.768569,101.608423,663.170959,-17.946910,671.274428,-138.237179,678.617560,59.963396,-0.004471,1,0
18.900000,-56.236840,206887.085922,-176.361181,207029.474544,63.583601,208777.568105,101.763317,664.735051,-18.307240,668.462610,-138.627074,667.286119,59.957981,-0.010122,1,0
18.933000,-56.273881,207980.469174,-176.393420,207783.925101,63.788250,206149.516116,101.631127,665.611907,-18.350509,670.160330,-137.935201,664.112888,59.959839,0.008224,1,0
18.967000,-56.111179,206725.713691,-176.306067,205870.222756,63.673740,207820.988014,101.998754,669.564123,-18.465777,664.021826,-138.282094,661.200546,59.959216,0.017128,1,0
19.000000,-56.424129,206831.622578,-176.256702,206932.242321,63.698281,207271.898255,101.617227,668.544231,-17.937960,667.328236,-138.053973,661.537208,59.957413,-0.017183,1,0
19.033000,-56.252386,207743.233120,-176.178249,206997.364737,63.840527,207316.635640,102.046222,672.051083,-18.248781,660.974791,-137.849762,668.111011,59.953850,0.000197,1,0
19.067000,-56.179625,206746.675579,-176.324820,207975.476109,63.716328,208109.354477,101.968340,665.779055,-18.094121,663.045982,-138.054228,657.024995,59.966845,-0.000258,1,0
19.100000,-56.188475,208029.936628,-176.103227,206465.905743,63.771758,208051.487673,101.770505,660.721519,-18.074449,661.567543,-138.335996,663.700664,59.958079,0.002234,1,0
19.133000,-56.283778,206288.048900,-176.285166,207302.565302,63.728295,207959.186507,101.683331,665.467933,-18.193291,664.603794,-138.061274,664.762418,59.965758,0.005029,1,0
19.167000,-56.054567,208419.172083,-176.299631,209299.363499,63.969068,207277.334323,102.122079,670.966679,-18.124318,673.744085,-138.400499,660.401356,59.957281,0.005316,1,0
19.200000,-56.174757,207924.355210,-176.426660,206991.314736,63.876612,207192.064051,101.760874,660.904110,-18.308901,664.013773,-138.143943,661.598054,59.963229,0.004549,1,0
19.233000,-56.178715,207412.419103,-176.229096,208202.133932,63.868975,209393.133806,101.711731,664.351676,-18.360412,660.699120,-137.892202,665.015547,59.963934,0.004099,1,0
19.267000,-56.163739,208254.319050,-176.162183,207747.981258,63.749024,208255.082850,101.739311,668.805948,-17.761117,664.303406,-138.271388,661.890039,59.961432,0.005314,1,0
19.300000,-56.203603,208195.889254,-176.239857,207946.445446,63.661866,208961.137438,101.877785,664.200353,-18.246540,667.184025,-138.512118,656.397227,59.974840,0.009565,1,0
19.333000,-56.183661,207675.016945,-176.316201,207641.818481,63.771443,207131.799721,101.794344,663.796317,-17.831147,663.139230,-138.096431,664.236838,59.962868,0.000105,1,0
19.367000,-56.325826,206071.917885,-176.120348,207315.041156,63.693667,208080.902224,101.667085,666.928321,-17.905921,666.720954,-138.388201,660.681718,59.964014,-0.005650,1,0
19.400000,-56.385574,208792.114836,-176.132992,208485.823027,63.736815,206264.961169,101.621226,663.950749,-18.123388,660.809493,-138.167065,662.658297,59.964755,0.004017,1,0
19.433000,-56.284694,209058.468996,-176.198843,207787.861664,63.989717,207424.331522,101.474455,662.449861,-18.190504,659.204366,-138.107097,665.650153,59.961910,0.005760,1,0
19.467000,-56.195520,206909.752184,-176.425869,210323.607554,63.576210,208327.390177,101.740018,660.720204,-18.214563,662.906715,-138.137534,661.860379,59.963323,0.007580,1,0
19.500000,-56.073137,208418.735888,-176.353158,207395.159203,63.622126,206421.470120,101.855550,656.204288,-18.673867,657.311973,-137.997949,663.758431,59.959850,0.012331,1,0
19.533000,-56.110007,208562.297216,-176.248128,208033.129284,63.806834,206794.907299,101.863868,659.179713,-18.535733,658.276700,-138.437554,658.848480,59.956069,0.008377,1,0
19.567000,-56.332585,208491.961087,-176.030058,208707.115127,63.928122,207602.020210,101.281654,656.980229,-18.054492,659.975320,-138.202103,658.970801,59.967070,0.001153,1,0
19.600000,-56.196721,206089.323184,-176.295758,207523.997238,63.840315,207630.606360,101.998411,657.540923,-18.151391,655.912087,-138.606350,663.929042,59.957907,-0.004095,1,0
19.633000,-56.197788,207530.295043,-176.165680,208652.435994,63.769220,207747.332064,101.972341,666.707721,-18.159912,663.756196,-138.478823,658.893328,59.960337,-0.000065,1,0
19.667000,-56.131768,207373.417742,-175.952669,206847.442997,63.880767,206825.246977,101.801880,661.265232,-18.239263,663.788984,-138.320474,660.297975,59.962564,-0.000051,1,0
19.700000,-56.248309,207873.381847,-176.269278,206672.543937,64.012263,207430.532217,102.081777,661.805544,-18.348879,663.572752,-138.137747,657.423770,59.962670,0.001936,1,0
19.733000,-56.052197,208285.640996,-176.161142,205595.654652,64.011517,205828.730777,101.942886,659.210057,-17.837633,667.350773,-138.217491,663.454108,59.960109,0.008496,1,0
19.767000,-56.106960,207753.530474,-175.982142,206869.159571,64.106956,206439.155455,101.730688,663.974204,-18.340644,665.799644,-137.938009,663.367323,59.956313,-0.005598,1,0
19.800000,-55.967833,205560.968519,-176.135585,206150.273363,64.139094,208205.920087,102.342668,666.836472,-18.265307,669.346590,-138.135581,665.401536,59.954399,-0.002192,1,0
19.833000,-56.242280,207377.438664,-176.114860,206793.731429,63.794536,206676.591093,101.391329,664.012372,-18.126979,669.062921,-137.907972,665.696070,59.952971,0.004580,1,0
19.867000,-56.174981,207176.307976,-176.170744,208464.890908,63.854444,206453.708749,101.860522,670.481553,-18.227046,666.991889,-138.142328,659.935664,59.950577,-0.005677,1,0
19.900000,-55.981164,207609.691568,-176.182559,205639.677853,63.863533,206659.909095,102.248933,658.582156,-18.124237,665.342173,-138.248288,660.644277,59.962282,0.010245,1,0
19.933000,-56.158971,207721.254454,-176.107370,206626.249101,63.876838,206513.706596,101.907882,661.624405,-17.956572,664.242919,-137.895717,662.840203,59.951648,-0.009744,1,0
19.967000,-56.140292,207486.169234,-176.040216,206740.121940,64.006515,206147.789365,102.012740,664.599129,-17.995796,660.742688,-138.007668,656.823325,59.953288,-0.008045,1,0
20.000000,-56.022587,205515.267851,-175.966221,206151.010434,63.844068,207036.078738,102.123699,659.722295,-17.698717,661.083886,-138.103263,655.279139,59.955422,-0.007719,1,0
20.033000,-56.075087,208717.119657,-176.239280,205987.908615,63.886869,208546.179445,101.885436,655.617918,-18.522517,662.136204,-137.894980,661.193555,59.950356,0.001122,1,0
20.067000,-56.194786,206967.585417,-176.346960,208117.101498,63.767239,206631.211119,102.011042,657.185219,-18.268887,660.119213,-138.159617,660.497739,59.956891,-0.010677,1,0
20.100000,-56.329758,206431.094010,-176.049940,206378.335860,63.846649,206463.681794,101.909977,658.110822,-18.106975,655.792003,-138.013072,662.786819,59.953051,0.020060,1,0
20.133000,-56.124899,207168.108993,-176.175577,206128.590695,63.829016,206226.939484,101.988303,652.518521,-17.993891,660.709259,-138.027800,658.150311,59.957710,0.002424,1,0
20.167000,-56.207203,205801.002597,-176.024305,206669.019474,63.848873,207302.244821,101.535829,667.177035,-18.076650,657.407592,-138.222758,657.285003,59.952605,-0.010789,1,0
20.200000,-56.242112,205911.207449,-176.148729,206465.780191,63.740172,207008.016303,101.523140,658.229424,-18.200915,652.702900,-138.201105,658.908093,59.948597,0.012520,1,0
20.233000,-56.161416,207987.335141,-176.060268,208736.783344,63.974752,207439.577127,102.048282,657.205355,-18.287267,658.408724,-137.962447,646.733364,59.948961,0.001978,1,0
20.267000,-56.179301,206417.106461,-175.996174,205619.126500,64.002514,206261.333920,102.086973,661.984353,-17.690965,654.858172,-137.968618,654.554750,59.952133,0.010150,1,0
20.300000,-56.112770,206261.564754,-176.293739,205387.269580,63.825108,208206.412521,101.859516,655.267929,-18.305063,654.938660,-138.072419,663.387659,59.956503,-0.001226,1,0
20.333000,-55.942864,204866.502664,-175.984603,206807.746540,63.935634,206275.769800,101.966128,656.151025,-17.904725,653.546194,-138.379749,653.917316,59.954392,0.003669,1,0
20.367000,-56.149285,206349.304830,-176.165201,205505.377756,63.717751,206648.934999,101.739679,648.884089,-17.845518,653.762834,-138.261457,658.104786,59.951331,-0.001356,1,0
20.400000,-56.218349,206475.406781,-176.196800,206228.339138,63.831214,205880.868462,101.830941,655.853623,-18.207818,647.213250,-138.075501,648.058497,59.966498,0.016309,1,0
20.433000,-56.214577,205151.813153,-176.053260,205473.677128,63.832142,205655.777799,102.048216,656.096163,-18.005161,654.160763,-138.140901,658.089358,59.960602,-0.001566,1,0
20.467000,-56.152865,209114.527637,-176.109323,206158.917326,63.796825,205230.719767,101.740976,657.027352,-18.253476,657.866064,-138.369836,658.430401,59.959467,-0.000459,1,0
20.500000,-56.136589,205137.667334,-176.174340,207078.109798,63.917742,207260.438886,101.675765,652.133785,-18.061444,657.876402,-138.201670,658.609707,59.956655,0.007081,1,0
20.533000,-56.031351,207026.329336,-176.128945,205620.318225,63.930258,205564.925376,101.914186,657.075987,-18.455350,660.090301,-138.142218,656.020381,59.962649,0.006295,1,0
20.567000,-56.048099,207177.591474,-176.260626,206151.476212,63.941136,208157.622646,101.955625,660.974644,-17.956303,653.897157,-138.310137,655.447246,59.969388,0.009040,1,0
20.600000,-56.121483,206128.657433,-176.230134,204923.054868,63.776950,205619.861218,101.995209,655.305587,-18.474782,653.663472,-138.120075,653.964912,59.957874,0.005845,1,0
20.633000,-56.338812,205169.881374,-176.021213,205452.511390,63.831440,206516.904650,101.516129,655.328810,-17.928865,657.175010,-138.221607,654.300891,59.967088,0.003127,1,0
20.667000,-56.256229,206110.965879,-176.131466,206026.769836,63.910044,206563.523077,101.947132,658.169212,-17.983681,651.168427,-138.314550,653.480076,59.964554,-0.001206,1,0
20.700000,-56.059419,206653.907048,-176.153309,207994.798538,63.713738,206013.438337,101.911373,657.440052,-18.151736,651.394676,-138.665237,655.249260,59.971376,0.001816,1,0
20.733000,-56.146282,206276.758289,-176.084876,206883.527867,63.743010,206993.351753,101.856292,652.945186,-17.915605,650.070152,-138.596983,653.215878,59.967180,0.006333,1,0
20.767000,-56.095472,205447.304918,-176.043286,206524.812239,63.905674,206762.140664,101.746875,655.011292,-17.876812,647.454691,-138.227701,651.557114,59.962803,0.004885,1,0
20.800000,-56.027106,205696.376216,-175.978929,206291.131642,63.813922,206399.517558,101.879541,652.483046,-18.107008,643.875425,-138.297275,654.548977,59.963011,-0.000204,1,0
20.833000,-56.013081,206622.410249,-176.149716,206287.943260,63.985469,206850.199338,101.714386,645.651365,-18.179707,651.223991,-138.015202,656.188987,59.967226,-0.011561,1,0
20.867000,-56.222792,205313.254114,-176.160415,206365.945762,63.943188,207660.675555,101.701901,653.030934,-18.025759,649.455031,-138.281757,655.171099,59.969973,0.008558,1,0
20.900000,-56.116642,205064.063491,-176.261116,204901.767308,63.923310,207188.776688,101.887417,657.179210,-18.435583,658.411694,-138.199851,654.940340,59.963405,-0.008768,1,0
20.933000,-55.965198,206039.943684,-176.071440,207401.194143,64.023026,208267.533545,102.181211,650.182478,-18.106329,649.454643,-137.774054,648.823569,59.960479,-0.003311,1,0
20.967000,-55.998546,207662.778128,-176.165930,207121.118727,64.019633,206502.893102,101.785201,656.957012,-18.346567,648.308972,-138.017026,653.319169,59.964328,0.008356,1,0
21.000000,-56.111815,206671.334102,-176.135502,207638.156916,63.748129,208101.534654,101.899834,648.750853,-18.268199,654.643042,-138.618119,655.077698,59.957768,0.001083,1,0
21.033000,-56.163054,207215.061108,-176.297047,206530.371758,63.688251,207635.985713,101.622380,654.789741,-18.480300,653.738804,-138.433306,652.674103,59.972471,-0.007345,1,0
21.067000,-55.914456,207634.307933,-176.128302,205422.629108,63.870193,207781.895636,102.048112,651.254912,-18.305916,653.698369,-138.268912,653.595447,59.962353,0.003382,1,0
21.100000,-56.010907,205559.867662,-176.190644,206571.666707,63.833512,206200.025366,102.140272,649.957765,-18.620216,648.502527,-138.051496,647.145660,59.969947,-0.005841,1,0
21.133000,-56.039155,207014.789605,-176.006970,206684.095368,63.776887,206281.517896,101.731106,649.636361,-18.007844,647.439931,-138.144889,638.389427,59.965607,0.006710,1,0
21.167000,-56.148271,207481.003074,-176.013578,206987.582574,63.933017,205875.158513,101.564868,639.134492,-18.181601,646.827349,-137.764056,644.951878,59.964828,-0.001828,1,0
21.200000,-55.999427,206458.053396,-176.023382,207142.412261,64.121303,207149.786924,102.035820,643.153494,-17.838226,641.968839,-138.107669,645.923191,59.967468,-0.000691,1,0
21.233000,-55.810595,206502.966570,-175.837982,207490.829128,64.107833,206283.164708,102.232249,638.685718,-18.101655,639.551166,-137.606686,636.162374,59.973029,-0.009627,1,0
21.267000,-56.009054,206838.673747,-176.101665,206530.051838,64.256566,207208.105199,101.997930,637.498031,-18.251961,636.289851,-137.907433,640.509080,59.964347,0.000312,1,0
21.300000,-55.965148,205178.853943,-176.057658,207342.153985,64.023544,207101.147320,101.802951,632.262026,-18.024654,633.869717,-138.088883,640.610787,59.969770,0.014232,1,0
21.333000,-55.936761,208500.847934,-175.880841,207123.572857,63.991984,208373.480777,102.113296,641.081718,-17.624209,636.987473,-138.137227,635.566473,59.975250,0.010066,1,0
21.367000,-55.978646,207460.259669,-176.082688,206728.117267,64.160002,204830.257049,102.138416,648.695194,-18.011078,641.081518,-138.154298,643.444059,59.968477,0.009550,1,0
21.400000,-56.026048,204668.642268,-176.031301,206239.390619,64.191656,205899.079440,102.096666,644.686839,-18.100596,638.509920,-137.598505,645.038362,59.973404,-0.016261,1,0
21.433000,-56.153420,205066.596999,-176.094945,208378.631335,64.200965,207661.867727,101.920231,650.371096,-17.920634,647.915540,-137.561188,645.002246,59.958913,-0.003943,1,0
21.467000,-56.159652,206261.289225,-175.969639,205935.652948,63.980988,206148.117573,101.765351,642.587921,-18.178935,637.389540,-138.320126,644.948696,59.970890,0.009867,1,0
21.500000,-56.133256,206719.732691,-175.994940,205704.892746,63.875672,206756.570129,101.609212,646.512986,-17.961416,639.743117,-137.992625,648.727172,59.974862,-0.001192,1,0
21.533000,-55.934258,207314.040395,-176.106075,206181.592024,63.784247,204832.103269,102.035363,644.123517,-18.074041,648.558971,-138.175898,647.672207,59.963696,-0.008289,1,0
21.567000,-55.926497,205763.885652,-176.139464,203844.309739,63.684021,205821.572565,102.157446,648.298368,-18.164975,646.905161,-138.393262,649.533076,59.962825,0.006234,1,0
21.600000,-56.060660,204440.547987,-176.042242,207047.602303,64.073256,206009.392393,101.966517,651.195590,-17.937733,638.757956,-137.909912,647.046629,59.956459,0.002567,1,0
21.633000,-56.186276,205367.225003,-176.268992,206859.061660,63.834918,207924.782827,101.605951,643.975297,-18.585451,649.148433,-138.328108,643.231266,59.967143,-0.004448,1,0
21.667000,-55.941480,207201.433407,-176.230622,207790.773735,63.705421,207802.128034,102.255343,648.979478,-17.616325,641.382688,-138.328736,651.351239,59.968543,0.001283,1,0
21.700000,-56.321376,206179.890070,-176.213964,207546.692083,63.814941,206932.182028,101.813792,640.819328,-18.167896,640.530665,-138.164400,645.875581,59.972650,0.008332,1,0
21.733000,-55.969968,204958.697896,-176.229340,206511.943328,63.816726,207178.297635,102.248510,641.066961,-18.261045,644.959402,-138.271550,641.051958,59.959697,0.003747,1,0
21.767000,-56.071121,206833.608465,-176.051117,207602.439390,63.968562,206948.054769,101.748621,646.010097,-18.044751,645.323189,-138.014526,640.849568,59.966405,-0.005878,1,0
21.800000,-56.215652,206802.955835,-175.950266,207149.554291,63.973402,206283.447099,101.972907,641.843765,-17.916496,640.831400,-138.016266,647.621546,59.962435,-0.000289,1,0
21.833000,-56.168005,205926.798420,-176.202025,205940.296242,63.963397,205889.752701,101.788662,646.287880,-18.372692,640.271023,-137.931151,640.980370,59.961568,0.005632,1,0
21.867000,-56.311961,206624.619772,-176.182883,205800.538198,64.072676,205084.236756,101.767579,634.934455,-18.392626,638.823471,-138.056542,639.475796,59.966979,-0.000991,1,0
21.900000,-56.168632,207558.001352,-176.258909,205676.761602,63.815775,206024.238490,101.810799,639.061468,-18.165258,641.505948,-138.215651,636.030912,59.958007,-0.006409,1,0
21.933000,-56.318457,206763.153128,-176.084258,205307.973104,63.901159,205988.852565,101.500862,643.072573,-18.201958,642.475528,-138.119675,638.615737,59.962364,0.006525,1,0
21.967000,-56.169022,207633.234073,-176.016998,207599.631615,64.037755,206501.273190,101.976901,650.791907,-18.025484,643.017693,-137.968240,645.678347,59.957790,0.009765,1,0
22.000000,-56.277113,206992.975546,-176.196258,205414.088092,63.868530,205564.650862,101.418057,643.110686,-18.254194,637.767587,-138.184051,652.105606,59.959953,0.008278,1,0
22.033000,-56.043334,206553.953165,-176.012534,207410.188026,63.676493,206164.426458,102.009358,648.186861,-18.452576,653.749117,-138.228595,642.178921,59.953635,-0.008085,1,0
22.067000,-56.127742,206441.250891,-175.924706,206419.358641,63.771058,207167.677513,102.036919,650.171792,-17.604496,647.755273,-138.021311,655.399900,59.953251,-0.010007,1,0
22.100000,-56.094073,208292.825852,-176.144223,206220.839148,63.766858,206458.394323,101.947997,645.386423,-18.216743,643.701634,-138.256597,648.009945,59.958053,0.000636,1,0
22.133000,-56.026224,206300.033893,-176.004411,205570.121506,63.903214,205741.008021,101.798228,651.828290,-18.172429,651.283291,-138.533072,649.855199,59.959748,-0.002977,1,0
22.167000,-56.097342,206701.020871,-176.085285,206880.865463,63.954651,207228.629195,101.969244,653.224813,-18.376202,650.102998,-138.030612,646.789081,59.959089,-0.002326,1,0
22.200000,-56.017066,206104.871797,-176.053717,206773.403422,63.795757,205826.499765,102.177935,647.203754,-18.383805,654.580329,-138.306698,652.180364,59.962978,-0.006460,1,0
22.233000,-56.004772,205180.568186,-176.252988,206539.282315,63.991089,204572.526349,101.742546,645.853598,-18.384789,646.524057,-137.946860,642.960194,59.963761,-0.008464,1,0
22.267000,-56.234301,205522.494047,-176.177032,204917.562612,63.671478,207729.979893,101.907402,651.804153,-18.309198,657.352473,-138.071364,652.465142,59.958449,-0.000463,1,0
22.300000,-56.040924,204758.226931,-176.302362,206280.891116,63.955768,206067.600784,101.880321,647.054679,-18.418579,647.788355,-138.316899,649.041201,59.963361,-0.003089,1,0
22.333000,-56.195356,205153.808268,-176.211733,205712.337597,63.793188,205824.536118,101.872471,650.802571,-18.062736,648.328727,-138.057511,642.120132,59.970912,-0.005384,1,0
22.367000,-56.140483,205939.050852,-176.305297,206111.394765,63.716710,207090.980869,101.642954,634.970377,-18.460517,637.037206,-138.164400,649.845094,59.972657,-0.006498,1,0
22.400000,-55.879655,206852.047226,-175.979396,207311.411239,63.842019,207902.802736,101.919768,639.948149,-17.640486,645.580851,-138.207762,632.136869,59.973097,0.004441,1,0
22.433000,-55.996373,204495.455829,-176.029802,207592.031967,63.930758,206062.743814,102.032058,645.298842,-18.092994,649.306599,-138.228454,641.415665,59.968549,0.002217,1,0
22.467000,-56.096805,207498.152803,-175.982765,208095.853022,63.838193,208634.856018,102.378145,644.967602,-18.012975,648.571414,-138.036140,639.921207,59.968157,0.001881,1,0
22.500000,-56.254694,208928.263121,-176.121994,207611.223901,63.875312,206120.188861,101.701594,641.821588,-18.192967,648.424342,-138.198957,647.981802,59.976093,0.009686,1,0
22.533000,-56.119246,207168.216813,-176.151197,208379.108318,63.867454,206603.960155,101.593993,641.116314,-18.035433,633.442535,-137.990741,639.160779,59.969612,0.008098,1,0
22.567000,-56.116622,206054.459927,-176.234383,205985.751654,64.106806,208577.414628,101.645654,639.773125,-18.546491,642.556104,-137.767182,639.086317,59.969975,-0.001526,1,0
22.600000,-56.011270,206963.132678,-176.115459,207595.654982,63.958132,208585.767844,101.987689,633.953580,-18.106771,633.084404,-137.974984,629.500794,59.963514,0.001305,1,0
22.633000,-55.957481,205351.752363,-176.082469,206139.397577,63.798302,207697.760481,102.306740,636.515286,-18.107847,636.890684,-138.486861,635.392265,59.964252,-0.001640,1,0
22.667000,-56.131307,205905.352095,-176.117534,207038.780837,63.780280,205540.802020,101.939803,637.260901,-17.975827,636.465920,-138.215704,641.778520,59.975220,0.010198,1,0
22.700000,-56.118232,206354.806562,-176.212290,207011.914899,63.973242,206570.356453,102.033643,640.206604,-18.287487,648.222119,-137.839380,635.789247,59.971423,0.002763,1,0
22.733000,-56.178618,206494.258060,-176.062788,207548.725983,64.061389,206589.547471,101.943817,638.609115,-18.172762,638.160476,-137.907569,630.053681,59.959814,0.013616,1,0
22.767000,-55.965542,207809.401940,-175.880804,206074.449485,64.044911,207308.898955,102.157578,639.312010,-18.031719,636.300769,-138.052005,638.756451,59.967147,0.001987,1,0
22.800000,-55.929653,207064.610859,-176.000951,206700.540432,63.864264,207361.181096,102.292468,629.229036,-18.384760,645.568346,-138.005714,638.645742,59.967938,-0.008266,1,0
22.833000,-56.009672,206964.134237,-176.034399,208175.666447,63.898188,206896.075413,101.970361,634.716982,-18.188075,635.914199,-137.821176,637.914328,59.967567,-0.000551,1,0
22.867000,-56.000874,206913.191557,-176.012752,206547.671155,63.776277,208880.113991,102.039920,633.025686,-17.979545,640.288624,-138.549304,635.664554,59.962475,-0.011055,1,0
22.900000,-55.990791,207508.312775,-176.149016,207222.517383,63.891932,208305.326612,101.238141,640.024553,-17.931245,625.266755,-138.251903,638.944494,59.972172,-0.003798,1,0
22.933000,-55.987338,207510.661686,-176.035534,205483.870931,63.829173,206248.264008,101.996945,641.624350,-18.096235,638.166302,-137.991790,639.925212,59.963462,0.001894,1,0
22.967000,-55.958523,207661.202404,-175.986219,205329.801958,63.954264,206163.038255,102.026740,636.377710,-18.032345,636.547970,-137.904779,638.838602,59.974645,0.003985,1,0
23.000000,-55.961136,205767.220086,-175.890217,206372.632780,63.949936,205773.852779,102.119628,635.200939,-17.682320,642.209019,-137.827224,635.316044,59.968082,-0.003815,1,0
23.033000,-55.840433,206404.214833,-176.059815,206870.181117,63.978205,206023.080749,101.728247,637.301852,-18.195508,636.228188,-138.234175,635.756310,59.968755,0.018272,1,0
23.067000,-56.116814,206510.950877,-175.996162,205678.025748,64.026922,208186.012723,102.027217,637.720307,-18.021099,635.471733,-137.993231,638.471975,59.970958,0.002846,1,0
23.100000,-56.122528,207206.107640,-176.000088,205404.024656,64.032653,205524.588223,101.652696,646.126712,-18.145929,641.336897,-138.132646,637.134250,59.962057,-0.004302,1,0
23.133000,-55.905641,207350.704524,-176.077911,206805.044277,63.848715,206273.346800,102.095467,648.290430,-18.507239,639.012505,-138.103957,640.146847,59.967708,-0.000537,1,0
23.167000,-55.911090,205501.855853,-175.914469,206937.883524,64.042148,207200.013288,102.128446,638.016251,-17.975923,639.279178,-137.958892,637.118471,59.983086,-0.004785,1,0
23.200000,-55.856843,205693.402315,-175.745186,205614.714524,64.081064,207282.437944,102.236170,641.902992,-17.849679,640.460628,-137.813932,642.200812,59.976609,-0.004927,1,0
23.233000,-55.757206,206629.570302,-175.846164,205773.123151,63.911445,207960.471131,102.374640,640.616877,-18.181495,631.464636,-138.241158,631.743732,59.980202,0.000048,1,0
23.267000,-55.897120,206836.723924,-175.707465,206392.781128,64.219639,206801.985709,101.929946,642.540738,-17.706752,640.213123,-137.710185,637.579330,59.970844,-0.010189,1,0
23.300000,-55.945762,208095.336363,-175.778443,207123.307115,64.303173,207103.560887,102.000232,636.549439,-17.863457,640.847878,-137.787542,634.927474,59.972002,-0.009810,1,0
23.333000,-55.768625,207026.475737,-175.721860,206249.279430,64.162356,205742.305578,102.306383,636.078607,-17.463774,636.187846,-137.564676,635.390886,59.968945,-0.004136,1,0
23.367000,-55.755375,207500.068652,-175.927045,206721.381629,64.205224,205783.097892,102.449041,638.000731,-17.749254,633.058583,-137.709714,639.560422,59.974204,-0.003678,1,0
23.400000,-55.644661,205532.247683,-175.740658,207107.706733,64.527574,205547.519237,102.417851,635.047273,-17.887777,633.267982,-137.427653,637.100145,59.977609,0.007408,1,0
23.433000,-55.882711,204733.073013,-175.871109,205949.692634,64.268673,207010.907354,102.308516,643.316632,-17.610552,634.805617,-137.724281,639.635972,59.982650,-0.008730,1,0
23.467000,-55.757686,205876.056885,-175.705005,205303.137903,64.129664,205837.589474,102.544305,636.152457,-18.171748,634.143116,-137.529736,636.796220,59.978015,-0.003831,1,0
23.500000,-55.768914,208022.846747,-175.799314,207763.178373,64.167966,206369.887430,102.127164,646.094962,-17.783063,640.905170,-137.721264,633.247982,59.977683,-0.004025,1,0
23.533000,-55.744551,208004.074163,-175.867646,206429.433231,64.155369,206789.042363,102.050016,640.332910,-18.195441,631.673539,-137.850606,641.498456,59.982128,0.007903,1,0
23.567000,-55.816473,205558.480811,-175.639969,205539.375307,64.362151,206619.413667,101.935873,639.440376,-17.748061,639.725916,-137.444942,631.639016,59.976154,0.010028,1,0
23.600000,-55.718590,207689.744547,-175.863992,207811.596967,64.361140,207306.757799,102.436649,641.236098,-17.800433,637.411118,-137.682309,634.036177,59.971783,-0.001839,1,0
23.633000,-55.758839,206330.776105,-175.810512,207240.746063,64.350604,207566.270114,101.880976,635.725507,-17.838757,638.892512,-137.675242,633.093215,59.969411,0.001384,1,0
23.667000,-55.828803,207469.074879,-175.754722,206166.321746,64.356298,205680.826295,102.184199,639.740263,-17.729120,634.226057,-137.492842,634.902203,59.964652,0.016215,1,0
23.700000,-55.812865,205735.319217,-175.988874,206360.464564,64.314171,207577.820456,102.319951,637.775019,-17.898949,639.814014,-137.632671,643.168923,59.964336,0.004170,1,0
23.733000,-55.697090,206348.605225,-175.900874,207014.714920,64.133806,207136.845934,102.054887,640.371159,-17.956940,642.384575,-137.960686,641.293446,59.961372,0.002323,1,0
23.767000,-55.585270,206734.672687,-175.674621,207951.747827,64.153716,206842.927918,102.365226,639.325542,-17.269198,638.754135,-137.717224,626.478959,59.959030,0.006429,1,0
23.800000,-55.872848,206604.171091,-175.743363,208879.460521,64.135256,207540.425346,102.290793,640.158856,-17.879908,631.407034,-137.781345,640.972246,59.965383,0.000850,1,0
23.833000,-55.682112,208325.811725,-175.733512,207038.431110,64.333955,205954.997331,102.451933,632.907445,-17.517440,644.666907,-137.675251,641.148180,59.967954,0.001062,1,0
23.867000,-55.715916,205826.614714,-175.651488,207131.367839,64.242743,206540.447330,102.418037,634.367549,-18.011206,633.852887,-137.886777,634.308073,59.963794,0.001552,1,0
23.900000,-55.532007,208914.583558,-175.707208,206788.930780,64.053157,207578.752546,102.579636,635.990208,-17.388875,640.672893,-137.905588,640.799264,59.964127,0.008428,1,0
23.933000,-55.491405,207676.947412,-175.960178,207553.109407,64.158455,206860.285269,102.412596,637.450407,-18.048432,632.186138,-137.970631,641.069405,59.957951,0.008623,1,0
23.967000,-55.812628,209072.978363,-175.777621,204283.053146,64.309050,207019.719124,101.868313,643.092790,-17.960590,634.859229,-137.608091,640.828442,59.968809,0.007091,1,0
24.000000,-55.680378,206389.246236,-176.028675,206072.382356,64.226645,207764.413207,102.583818,639.479887,-17.890615,641.352687,-137.986060,637.623294,59.967565,0.002290,1,0
24.033000,-55.481679,208199.585785,-175.749593,207376.065799,64.259742,207428.661352,102.510615,635.925191,-18.003913,641.147717,-137.610755,640.839697,59.962703,-0.001474,1,0
24.067000,-55.701645,206626.677590,-175.673090,205650.276405,64.498086,208092.323860,102.429357,648.006107,-17.545548,647.652400,-137.806100,640.111758,59.962621,-0.007129,1,0
24.100000,-55.661054,206616.168255,-175.756199,205353.450591,64.352722,207016.973952,102.292736,647.700268,-17.810500,641.930494,-137.751692,643.629905,59.966276,0.010046,1,0
24.133000,-55.793956,207107.865100,-175.735190,206667.642203,64.258802,207173.372555,102.417908,641.322772,-17.487951,635.276537,-137.900829,632.279415,59.963521,-0.004475,1,0
24.167000,-55.566573,206604.487729,-175.603533,206998.308523,64.232223,207044.647762,102.101043,645.603432,-17.699678,641.892334,-137.559407,639.426385,59.965181,0.002873,1,0
24.200000,-55.875103,206937.703185,-175.928686,207056.792564,64.374724,207355.485218,102.619178,647.687395,-17.811624,637.076253,-137.635525,637.006677,59.958525,0.013755,1,0
24.233000,-55.970079,206872.557590,-176.007412,207423.153737,64.126774,206167.590132,102.137317,639.390365,-17.930361,639.330400,-137.699330,640.816182,59.963203,0.005921,1,0
24.267000,-55.818715,206531.242487,-175.982966,207707.513167,64.107205,208228.497121,102.338778,641.767987,-17.760168,638.670240,-138.051551,640.842022,59.961891,-0.002337,1,0
24.300000,-55.727394,206530.818186,-175.746953,205787.247264,64.209965,208424.692191,102.164485,638.487274,-17.735928,639.764262,-137.719243,635.313416,59.957587,0.005474,1,0
24.333000,-55.754020,207207.351618,-175.727645,207811.023157,64.235819,207731.680435,102.339344,631.964836,-17.961048,633.954226,-137.818654,639.074985,59.959885,-0.004397,1,0
24.367000,-55.695207,205905.230374,-175.802266,206147.614709,64.329764,205455.704427,102.223815,643.937995,-17.600735,643.307007,-137.493338,643.653958,59.960022,-0.004782,1,0
24.400000,-55.707616,207241.437196,-175.637346,204972.888668,63.946037,205720.007044,102.353475,640.001554,-17.690417,648.214779,-137.983703,647.542179,59.967898,-0.004432,1,0
24.433000,-55.660016,206836.942876,-175.653345,206672.657157,64.250240,205717.123091,102.120343,641.518931,-17.667253,645.572265,-137.738832,639.083390,59.965982,0.007233,1,0
24.467000,-55.836162,206620.459857,-175.840171,206943.603087,64.410139,207592.509464,102.245948,639.740210,-17.575218,637.802574,-137.358006,643.269808,59.962042,-0.001398,1,0
24.500000,-55.779698,207347.853665,-175.857302,206362.491293,64.506002,207916.940948,102.284852,645.750199,-17.938557,645.475551,-137.608675,639.914873,59.957599,0.004393,1,0
24.533000,-55.820328,208444.193902,-175.765617,207529.045935,64.326562,207120.280090,102.323796,646.323743,-17.770593,643.856650,-137.868307,635.600651,59.962967,-0.001925,1,0
24.567000,-55.832080,206916.333966,-175.744310,206640.512346,64.113621,206470.373684,102.344086,636.209108,-17.505698,644.493060,-137.709811,642.732988,59.959364,-0.003682,1,0
24.600000,-55.717913,207581.007372,-176.095574,205393.403672,64.189267,207071.215891,102.205658,640.368096,-18.251878,645.938119,-138.042638,641.577656,59.965039,-0.001559,1,0
24.633000,-55.937310,207650.598512,-175.935961,206782.540020,63.941001,207132.348752,102.060816,645.428561,-17.802791,642.559026,-137.937241,647.186642,59.962410,0.016423,1,0
24.667000,-55.906452,206226.901156,-175.852902,207494.725369,64.156046,206029.846651,102.015191,649.137206,-18.003812,643.633737,-137.725694,646.999609,59.962762,-0.002296,1,0
24.700000,-56.058475,207653.191262,-175.923895,205767.093035,64.155926,207604.152669,101.776028,640.700144,-17.734443,645.791622,-138.190965,648.740469,59.968182,0.009745,1,0
24.733000,-55.932310,208594.346688,-175.700725,206546.278125,64.154802,207483.301772,102.072127,642.594518,-17.642330,638.845096,-138.018034,646.202593,59.957450,-0.001412,1,0
24.767000,-55.915710,206780.722151,-175.761621,205810.923409,64.024912,206559.312986,102.224001,645.491530,-17.984718,647.594619,-137.890804,644.124686,59.959559,-0.003947,1,0
24.800000,-55.705057,207072.946720,-175.949687,206689.227637,64.085429,205608.014014,102.473803,648.542851,-17.812614,649.093670,-138.187191,651.484662,59.963527,-0.003736,1,0
24.833000,-56.052624,206892.999733,-176.147620,205636.376566,64.106345,205294.253942,102.008921,652.332312,-18.166732,639.658862,-137.601681,652.876629,59.965328,-0.000260,1,0
24.867000,-55.974590,205981.027541,-175.913514,206596.291099,64.137359,207041.218489,102.008258,647.696327,-18.114834,643.620480,-137.927684,649.872755,59.958724,-0.004616,1,0
24.900000,-55.785706,206627.210659,-175.948167,205039.955511,64.130640,205294.349610,102.320811,640.260184,-17.707599,644.481833,-138.128287,644.753256,59.954626,-0.002247,1,0
24.933000,-55.945093,206901.566286,-175.903903,206388.340643,64.040941,205944.212020,101.780916,637.342985,-18.128746,645.586057,-137.575149,647.642822,59.963911,0.003753,1,0
24.967000,-55.993426,206826.870783,-176.074602,206708.339396,64.063062,206459.013028,102.188661,645.579118,-17.731444,641.614409,-137.997060,651.010526,59.967601,0.000262,1,0
25.000000,-56.003402,205847.572254,-175.994253,205403.853483,64.001578,204698.942311,101.836091,649.019100,-18.522157,642.559990,-137.882359,645.009381,59.968697,0.007014,1,0
25.033000,-55.868513,207190.959242,-175.889213,207056.816460,64.077598,206611.538937,102.106301,644.396888,-17.847200,642.081596,-138.056765,639.831487,59.966890,0.001929,1,0
25.067000,-55.940572,207536.468442,-175.979203,207379.815907,64.022746,207226.235872,102.142781,645.248139,-17.898133,647.228429,-138.122271,642.060377,59.971152,-0.001271,1,0
25.100000,-56.159749,206828.456326,-175.811683,205650.445029,64.072919,205569.726004,101.831473,645.735405,-17.730291,640.272766,-138.039321,649.464045,59.967013,0.007120,1,0
25.133000,-56.069767,204507.898359,-175.891710,205961.693147,63.829965,208623.190661,101.852718,646.899271,-17.566281,648.835037,-137.993789,648.380230,59.971835,0.005655,1,0
25.167000,-55.776251,206327.603460,-175.779043,205920.651678,63.788247,204704.957000,101.972555,651.482344,-17.503251,643.789656,-138.353342,643.028830,59.967187,-0.009633,1,0
25.200000,-56.047540,206473.911754,-175.939975,205658.235327,64.176506,206880.870230,102.030871,640.721142,-18.095897,645.173322,-137.630361,638.969294,59.973904,-0.000011,1,0
25.233000,-55.929953,207250.377923,-176.048240,206458.576317,63.806320,206577.739378,101.991539,640.848447,-18.006781,642.348308,-138.344186,651.702391,59.968461,-0.008022,1,0
25.267000,-56.011975,206335.766584,-176.016919,205555.615157,64.066948,205785.154474,102.042249,644.569080,-17.937677,638.403264,-137.960004,641.234065,59.972552,0.011131,1,0
25.300000,-56.088225,206518.117616,-175.918450,205715.799988,64.081426,207575.218612,102.092749,657.077302,-17.751694,643.012182,-137.614985,646.538130,59.972963,-0.004228,1,0
25.333000,-55.889508,206570.783773,-175.992599,207666.868432,63.997578,206918.880537,102.049852,651.463057,-17.925930,648.239469,-138.187021,653.035542,59.972033,-0.003295,1,0
25.367000,-55.827784,205772.006030,-176.050536,207909.037762,63.976282,206725.124888,102.170255,651.650274,-17.879927,649.032488,-138.262010,648.455036,59.972620,0.003678,1,0
25.400000,-56.001506,207322.057262,-176.148416,208187.652069,63.933764,205317.309401,102.114140,645.777221,-18.188691,647.394637,-137.862425,645.049293,59.967175,0.002993,1,0
25.433000,-55.980396,206065.009969,-175.888755,207279.779842,63.955424,207430.846794,102.178453,646.038512,-18.071896,655.714580,-138.061367,645.264618,59.967459,-0.000123,1,0
25.467000,-55.843037,206069.096101,-176.178572,207048.644330,63.879562,206491.364505,102.098772,645.343448,-18.083916,642.828887,-137.976686,649.206064,59.969802,0.015075,1,0
25.500000,-56.034216,207322.400616,-175.897386,205887.299566,64.028303,206135.140676,101.921406,647.663040,-17.706699,647.467325,-137.980071,653.434829,59.965205,0.007017,1,0
25.533000,-55.875204,207858.295958,-175.951494,206890.471146,64.231559,206689.433545,101.746202,649.029283,-18.142021,655.448116,-137.736748,648.692626,59.969553,0.001251,1,0
25.567000,-56.111886,206988.203977,-175.976937,207968.511112,63.868256,206764.227975,102.091577,648.219754,-18.133768,644.478944,-138.042026,650.992002,59.973936,-0.012726,1,0
25.600000,-56.243596,206735.985633,-175.960356,205675.984590,63.907686,208401.787735,101.389343,650.383555,-18.009714,643.893107,-138.402524,645.598879,59.969958,0.012594,1,0
25.633000,-56.000732,205861.900921,-176.080008,206449.019330,63.836226,207415.275096,101.833076,647.952331,-18.097081,651.507613,-137.974095,639.149376,59.964432,0.020349,1,0
25.667000,-56.031136,208441.098825,-176.062668,207610.756358,63.740986,207750.910869,101.931776,643.685752,-18.077350,646.875159,-138.211008,646.591286,59.961407,-0.000121,1,0
25.700000,-56.141130,207642.374785,-175.945175,206028.520867,63.674973,207015.750868,102.034230,649.971510,-18.424500,645.960534,-138.460769,649.936687,59.954680,0.006918,1,0
25.733000,-56.134334,206096.374965,-175.944436,207354.942369,63.998557,207232.241404,101.716068,649.776765,-18.118857,649.513760,-138.048772,648.801423,59.957555,-0.003048,1,0
25.767000,-56.229982,206373.683810,-176.172296,206711.875637,63.877013,207012.243541,101.850825,653.253969,-17.958174,650.254815,-138.002638,649.525215,59.961110,-0.001435,1,0
25.800000,-56.140938,205415.627033,-176.025558,206037.872878,63.829012,206436.504767,102.084719,644.714848,-17.935631,650.400387,-138.312806,652.353707,59.960162,0.002351,1,0
25.833000,-56.242620,208223.175880,-175.990071,205682.214820,64.081229,206661.853196,101.662722,643.540074,-17.845209,648.696185,-138.051091,654.788119,59.961798,0.005459,1,0
25.867000,-56.139559,206730.436096,-175.957476,206214.336383,63.930391,206123.177832,101.727095,643.480304,-17.991360,653.277028,-138.259321,649.962425,59.963330,-0.005538,1,0
25.900000,-56.257541,206403.962230,-176.201636,207886.028468,63.938418,207200.065657,101.977308,648.030872,-18.372312,647.157376,-137.836855,646.820218,59.967001,-0.010128,1,0
25.933000,-55.880270,207269.187249,-176.188054,206288.403592,63.908471,208080.801410,102.100634,652.219270,-18.226458,647.895095,-138.136222,651.010965,59.956363,-0.000773,1,0
25.967000,-55.845892,206946.219929,-175.946779,209625.883874,63.788136,207756.654602,102.355918,650.547464,-17.845495,649.797999,-138.183208,652.263960,59.959407,0.001441,1,0
26.000000,-56.056206,206346.321913,-176.189245,206631.374525,63.781664,206122.501068,101.893859,654.974149,-17.953786,651.524221,-138.232038,651.864541,59.956179,-0.002828,1,0
26.033000,-56.119972,207026.272383,-175.903976,204549.282820,63.925851,207552.642537,101.713379,655.636597,-17.671503,649.046903,-138.109213,651.693616,59.960984,0.002119,1,0
26.067000,-56.111173,206222.461539,-175.831247,206320.260399,63.833811,207864.521350,102.154963,658.458289,-18.009637,646.570393,-138.106531,652.208936,59.963773,0.009067,1,0
26.100000,-56.136590,208073.755172,-176.060529,206404.364155,63.975384,208153.427658,101.500391,653.543578,-18.239705,653.621192,-137.976247,656.066571,59.965024,0.010556,1,0
26.133000,-56.193257,209203.521509,-176.203807,205928.651284,64.065756,206865.408013,101.751920,650.013381,-18.100872,651.835026,-137.922075,652.392358,59.960638,-0.000490,1,0
26.167000,-56.152869,205969.115669,-175.960674,207348.032421,63.925433,207617.159468,101.717926,648.012983,-18.189848,655.996631,-137.944212,645.056219,59.965811,0.005590,1,0
26.200000,-56.050164,206858.426014,-175.987750,207613.360740,64.057298,207170.537351,101.768609,653.790483,-17.569624,646.188253,-137.657634,646.232228,59.965659,0.012901,1,0
26.233000,-56.007671,208017.174933,-175.972694,206807.371621,63.873107,208308.902730,101.941481,644.822164,-17.971407,643.741167,-138.099577,638.139790,59.965541,-0.008920,1,0
26.267000,-55.924548,207090.307597,-176.230490,206537.301279,63.914771,206690.542003,102.171285,646.117411,-18.014980,643.018261,-138.024381,646.524051,59.960549,-0.011964,1,0
26.300000,-56.034645,206669.075726,-176.180087,204376.261262,63.957537,205280.851703,101.938466,644.517280,-18.316828,644.799868,-137.953691,639.990350,59.970489,0.003641,1,0
26.333000,-55.883243,207819.599157,-175.756401,205247.585450,64.109321,206298.820691,102.076885,648.677501,-17.918277,644.623687,-137.701519,642.282740,59.968774,0.007167,1,0
26.367000,-55.814574,204446.270837,-175.926241,207592.272609,64.104413,206493.557274,102.125268,646.594562,-17.915203,638.439380,-137.615631,646.702853,59.964423,-0.001625,1,0
26.400000,-55.886664,206864.490280,-175.919517,205777.102719,64.037685,206109.572497,102.044277,643.033291,-17.876010,638.986388,-138.067729,641.135910,59.964956,-0.017347,1,0
26.433000,-55.766853,205063.475922,-175.820497,206285.739081,64.137137,208232.476533,102.437680,645.330929,-17.726236,644.246390,-137.779447,642.511241,59.962320,0.001824,1,0
26.467000,-55.745962,206656.932780,-175.606953,206713.110357,64.127917,207509.215329,102.255661,642.987840,-17.815976,641.580614,-138.073379,645.961993,59.959022,-0.002257,1,0
26.500000,-55.913017,207988.105863,-175.825848,206061.209626,64.308505,205929.251332,102.240717,636.021197,-17.819149,637.896163,-137.502732,636.576897,59.957257,-0.006734,1,0
26.533000,-56.018633,206359.583422,-175.919623,206996.936057,64.381182,207711.132666,101.982913,644.714255,-17.942507,650.264906,-137.718344,642.696783,59.961066,-0.002177,1,0
26.567000,-55.841564,205845.695641,-175.928087,207824.239924,64.151241,206379.692366,102.253457,653.015713,-17.851127,646.230460,-137.967101,643.147748,59.968214,-0.004942,1,0
26.600000,-55.794791,207913.138789,-175.830266,206172.838202,64.177308,207133.963682,102.160098,649.182624,-17.925084,651.695243,-137.722524,637.506896,59.965052,-0.009810,1,0
26.633000,-55.807119,207114.634706,-175.670483,205403.741875,64.208149,208280.094560,102.508671,641.335549,-17.317568,637.709581,-137.889770,638.743020,59.968537,-0.003023,1,0
26.667000,-55.743365,204644.620785,-175.709313,206043.954860,64.212857,207825.176657,102.261087,641.948256,-17.830466,643.871711,-137.701147,647.640777,59.967974,0.003653,1,0
26.700000,-55.879140,206511.920808,-175.800895,205645.391311,64.428026,207217.638837,102.271415,642.526243,-18.164094,642.834601,-137.449100,647.231985,59.958847,-0.007020,1,0
26.733000,-55.827292,205969.167950,-175.987034,204453.337071,64.365221,208029.483951,102.185332,643.221577,-18.099057,651.038826,-137.649938,647.563439,59.970223,0.008956,1,0
26.767000,-55.731488,206815.713234,-175.777302,207215.225625,64.190127,206460.098981,102.350993,649.776345,-17.686072,646.379713,-137.877396,655.043602,59.972428,-0.001551,1,0
26.800000,-55.736702,207222.006796,-175.912434,206164.776726,64.257544,206577.032160,102.448762,650.245766,-17.831731,649.625421,-137.566303,652.315671,59.965120,0.004715,1,0
26.833000,-56.016763,206205.770577,-175.862457,206472.257403,64.095456,206753.902682,102.088401,654.241844,-17.766792,659.119008,-137.895192,645.586449,59.967660,-0.000088,1,0
26.867000,-55.999185,206351.777388,-175.974953,206355.200745,64.284059,208211.133566,101.929760,647.851101,-18.001740,652.205950,-137.607530,652.803561,59.968379,0.002224,1,0
26.900000,-55.727919,207427.086334,-176.024227,206085.609963,64.069040,206785.265782,102.245035,653.099017,-18.100224,658.357682,-137.996738,652.530492,59.971856,0.001699,1,0
26.933000,-56.117110,208824.551095,-176.137834,206671.811025,64.208193,207172.216542,101.979999,654.414533,-18.336796,653.017850,-137.518620,658.391242,59.975404,-0.009770,1,0
26.967000,-55.914470,207372.685438,-175.863022,207652.124744,64.153858,206477.785483,102.205884,651.125101,-17.722135,654.107928,-138.155415,652.292028,59.974586,-0.000438,1,0
27.000000,-56.102756,207532.977631,-175.973983,207302.380823,63.997699,207613.580957,102.035005,651.475647,-18.206020,646.783514,-138.271999,649.813314,59.969968,0.011427,1,0
27.033000,-55.928108,205333.710499,-175.973269,208477.228599,64.149866,207185.487678,102.374809,649.323610,-17.989503,650.768829,-137.670159,651.016417,59.966279,-0.007104,1,0
27.067000,-56.018958,207313.391353,-175.890556,206994.961215,64.132086,207583.458773,101.923476,652.195911,-18.079103,651.837298,-137.832538,650.898767,59.972431,-0.002439,1,0
27.100000,-55.773646,208295.818767,-175.797949,207515.240790,64.232480,208594.689546,102.170954,655.573484,-17.792908,653.339292,-137.518073,654.181694,59.965930,0.006007,1,0
27.133000,-55.857085,206956.274958,-176.011334,208869.203719,64.047469,207387.349783,102.169957,661.229868,-17.571457,653.718090,-138.053767,650.951532,59.967410,0.011641,1,0
27.167000,-55.851867,208905.447886,-175.915047,208019.014393,63.987123,208736.415224,102.123426,649.943430,-18.223521,646.798438,-137.745980,651.833316,59.972982,0.004973,1,0
27.200000,-55.940529,207560.270983,-175.913680,207927.711348,64.200733,206553.488532,102.058441,643.753927,-17.918360,651.421097,-137.831334,648.066738,59.971287,0.002771,1,0
27.233000,-55.927802,207599.660665,-175.797558,207386.990705,64.155170,207845.856484,102.402945,651.703289,-17.909089,649.477181,-137.800972,645.544937,59.968414,-0.002710,1,0
27.267000,-55.882476,205588.335036,-175.798019,206417.215618,64.025503,209977.618370,101.918477,654.483222,-17.819998,640.208224,-137.727483,649.030398,59.973760,0.005081,1,0
27.300000,-55.814744,206155.148363,-176.001773,206042.268777,64.147484,206915.025155,102.580601,648.591015,-18.193719,653.388108,-137.798661,646.217590,59.973427,-0.002268,1,0
27.333000,-56.128485,207304.277699,-175.849213,207620.614823,64.221378,208764.328667,101.929982,652.492996,-17.920514,650.784418,-137.846608,639.967542,59.974875,-0.008874,1,0
27.367000,-55.955621,208499.348142,-175.857843,209709.108040,64.044254,206630.813356,101.725557,654.384645,-17.993897,646.982753,-137.883201,652.535164,59.984675,-0.002503,1,0
27.400000,-55.926125,207661.820647,-176.055455,207546.771778,64.145575,208632.008002,102.189668,654.977816,-17.714572,651.346542,-137.850047,653.983617,59.974790,0.009759,1,0
27.433000,-55.810819,208576.258961,-176.019850,206683.008685,64.155592,206285.798901,102.124352,647.667816,-17.645986,654.630545,-137.850940,654.777467,59.978408,0.014499,1,0
27.467000,-55.778881,207105.697964,-175.708027,207667.538356,64.070732,206047.338442,102.230403,650.724832,-17.764572,642.698408,-138.094593,645.573823,59.972364,0.005550,1,0
27.500000,-55.668906,206455.396215,-175.950115,208000.056387,64.313997,207429.199884,102.534758,651.355294,-17.772514,658.420505,-137.595939,643.764278,59.971727,-0.003656,1,0
27.533000,-55.925945,207945.688148,-175.775070,205735.357531,64.223062,206483.619183,101.950480,648.838313,-18.117474,648.858847,-137.834906,651.412581,59.974171,0.008716,1,0
27.567000,-55.761582,206305.751711,-175.851643,208172.100401,64.271994,208374.857299,102.019441,654.817560,-17.829006,649.219797,-137.712845,649.924895,59.973682,0.002532,1,0
27.600000,-55.812188,207296.636012,-175.933036,206622.716588,64.081726,205284.559789,101.979229,648.990917,-17.940128,647.730743,-137.613432,645.254007,59.974154,-0.003062,1,0
27.633000,-55.850216,205897.100590,-175.902952,207407.699343,64.068996,206797.950165,102.133736,648.629177,-18.049228,644.656397,-137.952560,648.284871,59.968445,0.000122,1,0
27.667000,-55.763519,206748.501639,-175.676687,207845.657817,64.383283,207615.929343,102.140763,649.042344,-17.587260,646.991750,-137.733885,654.232782,59.977588,-0.000702,1,0
27.700000,-55.721974,206908.700938,-175.814962,208186.331761,64.131302,207317.834086,102.011160,650.900122,-17.833105,657.192873,-137.565721,649.323515,59.976934,-0.010009,1,0
27.733000,-55.931369,208078.399329,-175.813492,205544.678854,64.113758,207382.329008,101.898995,653.256977,-17.281461,648.935773,-138.119235,647.062980,59.968057,-0.006943,1,0
27.767000,-55.872125,208192.124679,-175.766329,207609.700508,64.036804,207699.233353,101.689423,656.672192,-17.987673,654.466827,-137.960155,646.513357,59.974058,0.004162,1,0
27.800000,-55.787741,208803.483104,-175.815153,206361.946775,64.259740,208562.355301,101.926575,655.626745,-17.634650,652.751607,-137.739602,653.402297,59.973736,0.003662,1,0
27.833000,-55.904562,206520.235800,-175.914777,206630.345179,64.121750,208265.705986,101.987455,658.527809,-17.806327,654.306245,-138.084769,645.649779,59.974314,-0.008298,1,0
27.867000,-55.878342,208317.380793,-175.718449,207178.420886,64.142465,207855.208067,102.246035,654.378585,-17.910517,657.808616,-138.134179,652.993090,59.968260,0.009354,1,0
27.900000,-55.834233,207179.949666,-175.778875,206868.319411,64.075616,208468.190746,102.094679,653.436908,-17.600754,647.942702,-137.877974,658.652777,59.971943,0.008106,1,0
27.933000,-55.600760,207285.759226,-175.839316,206671.540288,64.245816,207789.838832,102.176442,660.859155,-18.016538,649.759703,-137.511706,656.018618,59.975606,-0.013339,1,0
27.967000,-55.809946,207757.436571,-175.848029,206851.120134,64.182933,207734.520401,102.039847,649.016504,-17.822181,655.342454,-137.784952,649.491740,59.968206,0.005403,1,0
28.000000,-55.684943,206336.330032,-175.615049,206653.860509,64.416713,208230.060234,102.301928,652.516862,-17.688277,648.457288,-137.392295,646.515658,59.966412,-0.007168,1,0
28.033000,-55.859697,206496.849419,-175.632306,207118.045196,64.399968,206483.838767,102.342868,654.187670,-17.780874,646.146106,-137.932692,651.657075,59.965761,-0.000131,1,0
28.067000,-55.565896,208375.718491,-175.766934,208160.058133,64.198493,208575.592745,102.481423,654.785739,-17.963714,656.599028,-137.382521,649.270407,59.973464,-0.001411,1,0
28.100000,-55.861648,206727.121162,-175.755306,206849.516296,64.209868,207668.000851,102.023047,655.713428,-17.582760,654.951991,-137.657500,654.234371,59.965273,0.008470,1,0
28.133000,-55.607797,208447.242884,-175.805014,206781.062820,64.271115,209280.901238,101.959146,648.460152,-17.960379,650.100952,-137.756278,656.226297,59.964429,0.008226,1,0
28.167000,-55.855017,205158.360637,-175.839666,206899.488203,64.327647,207615.776222,101.997231,649.760819,-17.772029,646.984497,-137.590286,660.291065,59.968242,-0.005238,1,0
28.200000,-55.792536,208662.508448,-175.781260,206626.714299,64.266348,207751.043114,102.240986,660.585420,-17.400560,658.722765,-138.008576,660.137148,59.965236,-0.006740,1,0
28.233000,-55.641037,207707.014415,-175.620249,208539.322436,64.297965,207608.400342,102.262817,650.854111,-17.690865,654.126203,-137.783541,656.295307,59.960397,-0.010575,1,0
28.267000,-55.709482,209477.096573,-175.796676,207545.163934,64.284077,206370.795915,102.168139,654.708114,-17.870727,657.866311,-137.654392,656.121911,59.959580,0.000542,1,0
28.300000,-55.673587,207246.603096,-175.941050,207092.322824,64.320027,206698.788438,102.036498,653.444799,-18.148295,649.474996,-137.757004,652.391075,59.960778,-0.013241,1,0
28.333000,-55.785009,207506.045787,-175.687665,206590.351589,64.183669,208483.646483,102.186509,655.701432,-17.804233,654.167868,-138.033336,657.811203,59.962423,0.004883,1,0
28.367000,-55.764822,208843.554010,-175.675151,209387.183029,64.286897,208366.975935,102.387947,653.189146,-17.587884,658.224566,-137.525139,651.168245,59.961048,0.005954,1,0
28.400000,-55.793178,207414.161119,-175.800996,206742.010068,64.224802,206810.875357,101.938510,658.299538,-17.859034,651.440786,-137.887927,648.839606,59.956134,-0.002464,1,0
28.433000,-55.722867,207753.695619,-175.683446,206102.572370,64.135917,207854.582716,102.276619,643.373320,-17.518296,646.800358,-138.251890,655.912304,59.966010,0.019553,1,0
28.467000,-55.748163,207072.746990,-175.583249,206630.842134,64.340586,206875.794961,102.280894,661.897791,-17.317705,656.624621,-137.557089,658.671895,59.957457,-0.002523,1,0
28.500000,-55.724700,208205.648251,-175.836801,209096.701855,64.348756,207690.594218,102.170120,649.352259,-17.553062,656.971259,-137.476218,650.473078,59.961314,-0.003624,1,0
28.533000,-55.739479,207119.783866,-175.584604,206644.275980,64.182874,207723.310667,102.298177,645.181853,-17.677945,667.334672,-138.009717,660.591338,59.968747,0.000081,1,0
28.567000,-55.921171,207101.264412,-175.765779,208826.667333,64.192713,206903.058658,102.215458,655.835329,-17.828161,650.672966,-138.046367,652.270025,59.960370,0.014929,1,0
28.600000,-55.922730,208574.144481,-175.896764,206115.999453,64.078444,205639.401171,102.134718,660.045897,-17.731492,654.046258,-137.909404,653.644658,59.955842,0.005298,1,0
28.633000,-55.739319,206473.553786,-175.709474,208022.920066,64.176112,207710.111035,102.330135,654.398129,-17.850274,651.720414,-137.856002,657.947701,59.956755,-0.016347,1,0
28.667000,-55.695799,206992.826990,-175.697161,207411.963792,64.188426,209240.853119,102.323541,650.884623,-17.823462,658.806915,-137.768384,663.777017,59.956503,0.007891,1,0
28.700000,-55.761362,208227.613435,-175.926148,207807.676503,64.377825,208257.258228,102.558515,655.852077,-18.160152,652.887888,-137.756849,651.323605,59.967859,-0.002473,1,0
28.733000,-55.918052,207673.973630,-175.773109,208504.826972,64.248253,206892.139857,101.841721,653.478542,-17.675600,655.591597,-137.752947,649.104217,59.963935,0.002050,1,0
28.767000,-55.834832,207594.205685,-175.770237,208031.470082,64.285852,208291.128561,102.378963,657.266410,-17.743232,659.983575,-137.888403,654.976512,59.966184,0.011965,1,0
28.800000,-55.689909,208400.717370,-175.852143,207720.750257,64.266345,207855.353580,102.429525,656.442847,-17.624720,656.399076,-137.702932,653.404880,59.961609,0.005736,1,0
28.833000,-55.885987,206617.512454,-175.873064,208512.412251,64.426049,208464.634307,101.870941,654.708036,-18.282403,651.123337,-137.661639,667.634667,59.966245,-0.007274,1,0
28.867000,-55.618491,208064.371247,-175.889871,207220.447762,64.309316,207858.461903,102.467950,657.450603,-17.929377,650.705660,-137.437711,665.687690,59.965370,0.006349,1,0
28.900000,-55.898065,209032.734769,-175.785044,207383.519890,64.217156,207311.007928,102.049242,660.356121,-18.169065,657.561843,-137.730788,662.752251,59.961188,0.006522,1,0
28.933000,-55.652789,207506.677774,-175.774774,207850.568062,64.187995,207124.277238,102.417768,650.514065,-17.683122,661.125100,-138.051341,658.157307,59.960753,0.002992,1,0
28.967000,-55.809827,209148.618734,-175.668765,207104.894511,64.451264,208877.611396,102.573845,665.514190,-17.814660,662.236503,-137.349486,658.012944,59.964881,-0.004565,1,0
29.000000,-55.795184,208258.676186,-175.707184,208088.061625,64.169839,207661.147236,102.245674,661.518106,-17.451559,663.201738,-137.987099,669.101043,59.968589,-0.003026,1,0
29.033000,-55.818775,209542.965938,-175.587068,205522.729362,64.199443,208096.033523,101.897145,663.189824,-17.755716,658.794896,-137.781663,665.148933,59.967111,0.008311,1,0
29.067000,-55.650896,206827.753350,-175.791764,208198.556112,64.110388,207306.346397,102.511699,661.689145,-17.773939,668.704597,-138.123101,661.578123,59.966318,-0.001488,1,0
29.100000,-55.639879,207421.115516,-175.820535,207412.272706,64.321376,207856.113049,102.422875,661.847107,-17.654532,661.986708,-137.955055,667.267862,59.965938,0.007084,1,0
29.133000,-55.730386,207795.064819,-175.657078,209269.445197,64.286936,209937.530030,102.282033,657.030898,-17.513339,660.327578,-137.912242,661.492873,59.973246,0.003620,1,0
29.167000,-55.612543,207350.648702,-175.662374,208663.539798,64.401123,207394.321840,102.444926,662.669197,-17.666871,662.803223,-137.642774,666.092080,59.972792,0.000046,1,0
29.200000,-55.808068,208696.497003,-175.706480,207306.234942,64.304236,209219.837345,102.095045,669.535666,-17.969542,655.489687,-138.063752,660.180580,59.964142,-0.000769,1,0
29.233000,-55.603649,206934.694172,-175.733213,207135.022808,64.035877,207319.867557,102.873592,659.948964,-17.573245,654.911755,-137.842661,656.098926,59.962049,0.007161,1,0
29.267000,-55.747309,209570.527082,-175.563152,207897.292196,64.410624,208012.420074,102.029004,670.762638,-17.603422,659.161600,-137.665949,653.793527,59.968175,-0.003617,1,0
29.300000,-55.559802,207715.177274,-175.811447,208497.330691,64.341586,207823.105475,102.366977,667.445173,-17.838571,666.994476,-137.603568,656.475257,59.968802,-0.002154,1,0
29.333000,-55.720300,209198.238407,-175.664850,209093.421174,64.179343,208173.419090,102.147088,654.412489,-17.581444,665.150362,-137.789546,659.812125,59.967282,0.002129,1,0
29.367000,-55.570174,208587.077715,-175.657221,208226.024686,64.202893,207180.532328,102.653177,658.008695,-17.872686,653.218395,-137.810820,658.925892,59.975891,-0.006453,1,0
29.400000,-55.838100,209651.901927,-175.736738,206916.801411,64.578022,208068.005969,102.277144,667.925042,-17.751001,667.989505,-137.307128,657.379083,59.962225,-0.005900,1,0
29.433000,-55.638353,206976.728595,-175.758848,207890.995125,64.285902,207118.023258,102.228205,667.010330,-17.576391,667.048977,-137.609934,670.153327,59.965593,0.000779,1,0
29.467000,-55.665710,205746.616106,-175.783030,208323.044436,64.255028,207772.331568,102.451872,670.520499,-17.448028,666.869253,-138.212949,671.669317,59.967485,-0.000163,1,0
29.500000,-55.576665,205808.792709,-175.941003,207992.297750,64.323627,208433.192617,102.658998,660.585874,-18.213371,661.610713,-137.495264,664.143296,59.967645,-0.001628,1,0
29.533000,-55.737463,208121.927324,-175.809729,207593.347465,64.190926,206903.729107,102.344680,666.964580,-17.677049,655.684588,-137.633596,659.509017,59.965062,-0.013124,1,0
29.567000,-55.795697,208255.879240,-175.784333,209394.982456,64.298775,207491.795713,102.082548,665.569435,-17.617974,663.484990,-137.350437,663.094896,59.966819,0.003504,1,0
29.600000,-55.820908,207335.237102,-175.687125,207033.964734,64.238367,207029.474856,102.287031,663.424537,-18.106991,660.745952,-137.734769,660.144405,59.968395,0.007912,1,0
29.633000,-55.765244,206980.102884,-175.826348,207992.039553,64.204974,207329.873626,102.424775,671.411833,-17.983035,670.802740,-137.840965,665.563746,59.968383,-0.000036,1,0
29.667000,-55.709062,208170.480657,-175.720425,205930.908143,64.132619,206889.522894,102.153632,672.608598,-17.559571,658.247358,-137.910818,665.946276,59.961480,-0.016894,1,0
29.700000,-55.801659,205852.335193,-175.634756,206800.013645,64.374251,208787.362529,102.444094,665.621512,-17.517460,655.650279,-137.524175,671.992802,59.958344,0.009829,1,0
29.733000,-55.711502,208164.479042,-175.668841,205879.622039,64.146566,208372.408912,102.285609,672.146591,-17.782696,672.233412,-137.919782,667.728082,59.963912,-0.006357,1,0
29.767000,-55.659312,206445.384349,-175.777197,208912.710373,64.173528,209119.558671,102.822786,668.750894,-17.819144,670.479521,-138.102351,674.160256,59.963183,-0.009315,1,0
29.800000,-55.764558,208095.658326,-175.872276,208522.609451,64.056462,208040.261037,102.128347,677.023278,-17.695962,676.266511,-138.079349,663.740696,59.959948,0.006211,1,0
29.833000,-55.837172,207673.025133,-175.837144,207587.559577,64.147004,208756.083459,102.284280,671.400062,-17.928414,671.779514,-137.724512,678.312885,59.959056,0.003306,1,0
29.867000,-55.691224,207316.249164,-175.761955,207213.521080,64.208497,207971.102829,102.440507,663.682152,-17.900838,673.631395,-137.779315,672.065673,59.968270,0.007329,1,0
29.900000,-55.731512,207088.348195,-175.776435,208944.101475,64.201541,205896.414765,102.197616,670.536626,-17.707243,668.610039,-138.014408,667.135031,59.960726,0.006461,1,0
29.933000,-55.602139,206526.546260,-175.787908,206695.688647,64.182272,208094.602589,102.396475,668.908876,-17.697372,666.464694,-138.002731,672.482707,59.959020,0.008069,1,0
29.967000,-55.825586,207257.980380,-175.826773,208470.542195,64.477285,207910.322103,102.080852,677.425947,-17.610942,668.968296,-137.458721,671.563395,59.956586,0.007534,1,0
30.000000,-55.972649,206556.333940,-175.843001,208322.436293,64.051956,207095.056876,102.029614,667.661473,-18.169501,676.203197,-138.067077,670.503390,59.950686,-0.005526,1,0
