TIMESTAMP,BUS29_VA_ANG,BUS29_VA_MAG,BUS29_VB_ANG,BUS29_VB_MAG,BUS29_VC_ANG,BUS29_VC_MAG,BUS29_IA_ANG,BUS29_IA_MAG,BUS29_IB_ANG,BUS29_IB_MAG,BUS29_IC_ANG,BUS29_IC_MAG,BUS29_Freq,BUS29_ROCOF,DATA_PRESENT,Event
0.000000,-56.518551,209671.263881,-176.689664,207562.373273,63.362134,208261.719074,101.557998,540.948270,-18.843999,540.186984,-138.548886,541.832614,59.960179,-0.008794,1,0
0.033000,-56.576551,207621.644286,-176.514650,209324.113081,63.461757,208814.756712,101.360335,546.829490,-18.620738,544.144917,-138.134952,542.963121,59.964853,0.004172,1,0
0.067000,-56.668066,209201.485941,-176.600038,208365.542110,63.352584,207848.996953,101.413062,542.467285,-18.702092,536.447161,-138.742646,537.181366,59.961155,0.006947,1,0
0.100000,-56.662597,208523.106340,-176.400504,207261.817372,63.403151,208857.152560,101.471987,539.327012,-18.563837,540.935249,-138.368499,539.483485,59.957676,-0.013291,1,0
0.133000,-56.728185,208059.001326,-176.411161,207938.930150,63.553973,207938.792430,101.007509,540.072162,-18.276311,537.298779,-138.636256,538.999769,59.953933,0.004304,1,0
0.167000,-56.455542,208946.909909,-176.668732,209874.666271,63.392146,207761.438841,101.648364,536.661586,-18.722490,540.389098,-138.682433,532.835294,59.954567,-0.000012,1,0
0.200000,-56.513951,209107.250700,-176.550623,209822.577776,63.340665,207096.692449,101.567066,537.465104,-18.357501,537.009874,-138.740035,537.189522,59.951661,0.000820,1,0
0.233000,-56.647454,209610.931615,-176.574661,208169.388344,63.369610,208109.727576,101.591835,535.200274,-18.491498,534.240272,-138.433570,539.476697,59.953934,0.000659,1,0
0.267000,-56.631630,208323.098652,-176.570201,208070.500626,63.342270,210104.227631,101.396215,543.564164,-18.417694,539.232914,-138.792462,536.572176,59.958496,-0.006550,1,0
0.300000,-56.587627,208653.343122,-176.371887,210632.413033,63.495271,208024.817532,101.259473,536.586864,-18.319840,538.428409,-138.519586,536.369850,59.958546,0.007569,1,0
0.333000,-56.574598,210392.489255,-176.557045,208462.792169,63.376951,208401.574167,101.386168,537.819783,-18.850849,534.306727,-138.641031,534.700362,59.951170,0.001701,1,0
0.367000,-56.767114,208136.934827,-176.679303,208822.922786,63.572405,209590.736646,101.572412,536.233596,-18.422680,535.373475,-138.306556,541.312481,59.957609,-0.006515,1,0
0.400000,-56.574509,207923.743040,-176.611484,208398.772986,63.345058,209189.717971,101.156984,538.749446,-18.675240,540.359265,-138.771673,535.991852,59.956866,0.011186,1,0
0.433000,-56.632706,209603.707994,-176.547913,209051.917396,63.522046,208987.302678,101.221958,541.246387,-18.564623,540.283978,-138.762321,546.047666,59.968360,0.004007,1,0
0.467000,-56.617791,207304.570854,-176.662282,208792.237414,63.299060,208096.657003,101.617934,541.185550,-18.430422,548.563432,-138.609914,550.487132,59.962782,-0.002657,1,0
0.500000,-56.566941,208609.758873,-176.656388,209112.257797,63.391158,207471.589107,101.696034,539.011487,-18.780787,540.717406,-138.817889,541.825729,59.964007,0.006141,1,0
0.533000,-56.552322,208486.675531,-176.633158,206739.223639,63.375790,210799.129367,101.717968,539.267479,-18.516209,541.227774,-138.490443,542.117648,59.961421,-0.000278,1,0
0.567000,-56.686911,210450.244196,-176.534963,208059.225726,63.378070,208532.126910,101.485668,541.833571,-18.296963,540.342006,-138.703441,540.325615,59.967308,0.011895,1,0
0.600000,-56.595353,208413.836958,-176.771521,209145.985256,63.294742,208805.601895,101.317442,536.859095,-19.087275,536.651839,-138.828694,540.433078,59.963636,0.002033,1,0
0.633000,-56.486870,206604.709250,-176.700373,208838.288192,63.559530,208877.192511,101.363392,541.514828,-18.960055,538.813875,-138.377320,534.127756,59.974807,0.002887,1,0
0.667000,-56.524550,206632.557335,-176.718684,210375.450550,63.476042,207864.422071,101.596491,537.202239,-18.692506,535.226472,-138.707808,539.517706,59.963976,-0.001709,1,0
0.700000,-56.813977,209208.135904,-176.776187,207052.799905,63.280830,208090.126228,101.215134,541.641854,-18.924613,533.911376,-138.843043,541.445816,59.978855,0.008314,1,0
0.733000,-56.655676,210831.800180,-176.514713,207919.022532,63.394589,210523.921928,101.231894,532.680686,-18.530854,539.251840,-138.455208,537.012702,59.962836,-0.004895,1,0
0.767000,-56.626725,208673.984405,-176.728799,208831.830350,63.468074,208400.604855,101.088236,535.763793,-18.834419,542.524154,-138.308075,534.916039,59.973688,-0.007333,1,0
0.800000,-56.585358,208997.622733,-176.785647,208493.397767,63.475230,207368.626012,101.153943,543.972170,-18.406083,538.200146,-138.403089,543.026211,59.980063,-0.006892,1,0
0.833000,-56.581178,208680.998073,-176.946572,207909.491962,63.493482,208108.651574,101.079291,537.932865,-19.157083,537.327840,-138.626158,538.922465,59.972359,-0.005704,1,0
0.867000,-56.820088,209491.033253,-176.607970,208776.940046,63.352806,209568.208583,101.098860,534.476491,-18.574264,541.595878,-138.971064,542.217108,59.970350,0.000957,1,0
0.900000,-56.612532,207604.122845,-176.762772,210493.611475,63.335727,208786.489660,101.422498,542.023208,-18.695895,544.667425,-138.508233,540.818004,59.960980,-0.000632,1,0
0.933000,-56.787631,208640.724439,-176.878454,209838.760772,63.243801,209254.576457,101.170144,529.545748,-18.500203,540.839483,-138.624148,537.201075,59.975803,-0.005872,1,0
0.967000,-56.671792,207149.453236,-176.930398,208969.584344,63.317427,207674.096440,101.287961,532.803944,-18.678173,536.404891,-138.970230,533.560960,59.973398,-0.012768,1,0
1.000000,-56.550621,208700.968981,-176.726619,207969.591075,63.149490,207091.180687,101.396370,530.053955,-18.663841,530.181335,-139.026574,536.656054,59.976219,-0.004326,1,0
1.033000,-56.722133,208339.470128,-176.944979,208985.596747,63.275986,207944.393003,101.055707,535.159489,-19.022815,538.930274,-138.797406,538.804944,59.963722,-0.003694,1,0
1.067000,-56.700372,210323.368103,-176.764358,210001.169251,63.442247,208823.736931,101.505588,539.345288,-18.525111,534.125544,-138.523601,539.612512,59.967045,0.001333,1,0
1.100000,-56.707315,208734.139420,-176.675616,209999.070930,63.278041,207945.116783,101.235164,531.881083,-18.681222,535.506313,-138.994032,536.993992,59.963420,-0.003552,1,0
1.133000,-56.914670,209387.012096,-176.768939,209999.835654,63.246540,210038.849923,101.156506,527.760068,-19.076559,534.492087,-138.867016,529.366463,59.970472,0.005594,1,0
1.167000,-56.756239,208711.231151,-176.740180,208439.043898,63.393415,209894.525917,100.931991,533.394224,-18.683549,532.391077,-138.419890,537.443657,59.976298,0.007092,1,0
1.200000,-56.876729,208445.187035,-176.747317,208656.326008,63.290757,207190.036254,100.983904,528.059613,-18.747795,531.203669,-138.794166,530.744033,59.974345,0.002764,1,0
1.233000,-56.557967,208117.548583,-176.774690,209571.503776,63.456112,207865.060613,100.971026,526.422594,-18.802570,525.417469,-138.520845,533.197008,59.966290,0.011765,1,0
1.267000,-56.728389,208033.481426,-176.582306,209059.082048,63.283966,209673.841179,101.283906,530.587202,-18.588648,531.388295,-138.755959,531.585843,59.963164,0.013838,1,0
1.300000,-56.729075,209721.749275,-176.867267,209036.750407,63.214760,209135.558446,101.187023,526.876616,-18.833064,528.262974,-138.741220,522.015463,59.966845,0.005085,1,0
1.333000,-56.595029,208366.260014,-176.694589,206415.143512,63.265795,208770.946181,101.287627,529.908444,-18.755046,526.756073,-138.842432,526.907711,59.972178,0.000825,1,0
1.367000,-56.596715,210567.188694,-176.667132,209092.692579,63.418824,208994.596711,101.633863,527.411781,-18.403113,522.463134,-138.493565,529.514424,59.957864,0.004125,1,0
1.400000,-56.715500,209931.322028,-176.664069,209113.319163,63.226969,209862.692994,101.213778,533.189758,-19.096278,531.246852,-139.003942,528.275264,59.960567,-0.000118,1,0
1.433000,-56.721888,206233.481486,-176.795099,209641.382112,63.380059,209987.932459,101.204639,520.864110,-18.787872,522.786830,-138.719518,532.788031,59.963037,-0.005137,1,0
1.467000,-56.746452,208680.719917,-176.660492,209794.901378,63.245716,207734.553293,101.018807,528.441840,-18.739054,530.302211,-138.654484,527.476025,59.959743,-0.014624,1,0
1.500000,-56.778169,208962.060699,-176.813851,207706.114486,63.160504,207055.055733,101.458512,528.820520,-19.058034,528.254699,-138.848860,526.858933,59.958815,-0.003161,1,0
1.533000,-56.897114,208457.797930,-176.877486,209588.125255,63.297753,210034.403289,101.049356,523.926903,-18.725622,524.790806,-138.512732,528.917758,59.962691,-0.002012,1,0
1.567000,-56.871762,208896.603465,-176.578358,207653.060925,63.327411,207939.081803,101.065087,525.278464,-18.394875,525.736708,-139.115846,527.749634,59.963050,0.008170,1,0
1.600000,-56.670734,209485.436144,-176.810415,207535.958913,63.280305,205451.742110,101.483084,524.044702,-19.031494,524.706553,-138.485844,528.966075,59.961494,0.004377,1,0
1.633000,-56.599090,207701.898301,-176.632116,209377.018865,63.136796,208777.413662,101.718902,524.368137,-18.854262,523.036896,-138.624417,526.034310,59.959006,0.008061,1,0
1.667000,-56.706972,207966.895706,-176.774146,209431.951214,63.429236,207849.622292,101.132929,528.970614,-18.740723,529.143271,-138.428569,526.103371,59.956778,0.007657,1,0
1.700000,-56.629760,207659.190093,-176.631547,207986.507488,63.320446,208352.091559,101.365549,530.081373,-18.478875,527.766577,-138.634281,528.355292,59.963357,-0.003381,1,0
1.733000,-56.705932,207402.453457,-176.782139,206714.220766,63.180772,208167.834587,101.506938,528.706707,-18.532681,528.035485,-138.808332,524.308532,59.966749,0.002388,1,0
1.767000,-56.670815,207666.160400,-176.648411,207493.726217,63.444566,208099.680686,101.038566,531.591863,-18.864454,517.823956,-138.399043,524.421518,59.958466,-0.005665,1,0
1.800000,-56.742396,208811.267684,-176.948973,208125.074121,63.334346,208381.710872,101.206013,529.059175,-19.029678,523.392974,-138.550334,531.167380,59.967363,-0.002125,1,0
1.833000,-56.779549,207461.828850,-176.801593,206983.915037,63.261796,207293.953605,101.229597,530.391022,-18.733434,529.600270,-138.520428,530.457955,59.964948,-0.008885,1,0
1.867000,-56.693981,208782.899385,-176.770940,207615.205723,63.125001,207139.698619,101.470071,532.100948,-18.714167,533.424651,-138.685136,530.267980,59.968898,-0.003262,1,0
1.900000,-56.911376,207636.143961,-176.849808,209019.700871,63.228605,207743.992709,100.931252,531.990476,-18.513677,529.510677,-138.508418,528.807096,59.967848,0.018569,1,0
1.933000,-56.709128,207568.127207,-176.644548,209211.830798,63.351603,207226.589911,101.145612,524.881924,-18.689610,530.633133,-138.537442,528.704306,59.966626,-0.003254,1,0
1.967000,-56.722886,207716.457820,-176.774399,208627.843624,63.345587,207205.127167,101.242226,531.117632,-18.968088,522.316527,-138.687689,524.137149,59.971904,-0.003109,1,0
2.000000,-56.909056,207373.622730,-176.749327,207755.641824,63.267055,207498.599096,100.967565,528.077764,-18.610009,531.499822,-138.683257,528.021236,59.969131,0.001222,1,0
2.033000,-56.675430,208331.351334,-176.794611,208131.657855,63.329975,206942.042365,101.361923,532.958641,-18.878423,532.256072,-138.769171,532.793330,59.968801,-0.003286,1,0
2.067000,-56.763599,206677.825425,-176.729490,205443.638756,63.262110,206716.277750,101.068033,538.480868,-18.605236,533.619791,-138.593188,530.049224,59.971508,0.005664,1,0
2.100000,-56.718906,207905.904528,-176.840574,207562.579719,63.259823,206521.241431,101.299562,522.611976,-18.765803,526.958473,-138.884140,534.604698,59.966269,0.001759,1,0
2.133000,-56.808307,206542.469678,-176.655371,208860.744090,63.387395,208106.724947,101.095444,531.578178,-18.637431,532.679810,-138.687464,531.124117,59.964628,0.001619,1,0
2.167000,-56.557380,207924.731670,-176.571815,206320.431253,63.402984,207288.345155,101.611502,528.846969,-18.565566,530.609338,-138.311007,528.072757,59.967630,0.007070,1,0
2.200000,-56.531178,204815.701611,-176.698266,206577.294125,63.372260,208073.273222,101.403987,531.005060,-18.952473,537.225450,-138.850957,527.862135,59.963985,0.004523,1,0
2.233000,-56.583579,207773.369678,-176.506903,207751.244403,63.297286,207575.522426,101.452410,531.675475,-18.314831,539.306444,-138.827425,533.086504,59.964506,0.006103,1,0
2.267000,-56.608922,208385.844813,-176.671015,210362.503990,63.514852,207960.041894,101.354112,537.209173,-18.771767,535.358423,-138.224851,531.473432,59.962840,-0.000704,1,0
2.300000,-56.620151,204875.205185,-176.588170,207022.169183,63.450048,208158.023959,101.635008,537.656875,-18.801639,537.397972,-138.592797,533.896010,59.962751,0.002055,1,0
2.333000,-56.528185,206586.648565,-176.618535,208164.802149,63.302319,209276.231819,101.143875,538.293343,-18.797801,534.921592,-138.801882,538.785912,59.963381,0.007728,1,0
2.367000,-56.632258,207809.535544,-176.620571,208105.757541,63.452284,208089.126133,101.209652,538.192259,-18.577692,537.349919,-138.665481,541.499790,59.956744,0.015326,1,0
2.400000,-56.707010,205540.249809,-176.638825,206612.738136,63.511993,207576.287566,101.550678,536.844319,-18.851947,537.247985,-138.452421,535.224772,59.963039,0.003479,1,0
2.433000,-56.700702,207952.663986,-176.790768,207607.297151,63.578281,209010.976680,101.545352,535.645280,-18.438292,535.604932,-138.197491,536.752008,59.959226,0.007472,1,0
2.467000,-56.428838,208229.465028,-176.571182,206531.163334,63.572009,208616.742322,101.776653,539.132906,-18.391346,535.297613,-138.464274,533.883893,59.964876,-0.008859,1,0
2.500000,-56.427388,208430.989329,-176.504624,207984.785328,63.571956,209324.529946,101.565423,538.637402,-18.454793,538.706235,-138.590832,532.463202,59.957494,-0.002395,1,0
2.533000,-56.674669,208092.837840,-176.507734,209915.964457,63.496402,208164.521810,101.591448,533.147684,-18.482347,536.273791,-138.788254,536.031148,59.957575,0.006374,1,0
2.567000,-56.724624,205882.308557,-176.527688,208329.900633,63.301857,208357.773449,101.569502,533.906834,-18.473378,537.516309,-138.847315,538.832274,59.955762,0.000172,1,0
2.600000,-56.664005,208268.885844,-176.750198,207403.700085,63.354245,207541.604237,101.428884,532.404744,-18.948153,536.803812,-138.585311,537.135735,59.948805,0.002808,1,0
2.633000,-56.677573,206539.624282,-176.713606,207897.854935,63.364239,208502.065074,101.606608,528.362218,-18.807035,535.137944,-138.630325,537.127146,59.958803,0.006445,1,0
2.667000,-56.553165,206796.185920,-176.710938,209262.168419,63.279030,207561.354038,101.611970,529.249499,-18.506898,535.648005,-138.753373,536.851239,59.956316,-0.001331,1,0
2.700000,-56.758832,208011.400708,-176.823208,207917.804104,63.292110,207110.094533,101.305324,537.743023,-18.658401,539.317514,-138.699903,536.409336,59.954191,0.009756,1,0
2.733000,-56.722730,208935.656437,-176.540848,209874.164025,63.403348,207205.805170,101.006367,534.001051,-18.749443,535.111514,-138.598175,536.277106,59.950617,-0.008717,1,0
2.767000,-56.405283,207206.664376,-176.569001,206313.555814,63.184326,209771.902786,101.835344,539.597728,-18.600415,537.247556,-138.737600,536.736037,59.964285,-0.010592,1,0
2.800000,-56.835880,207727.850062,-176.706480,208065.637773,63.451275,207314.623387,100.993955,535.417349,-18.705540,536.932113,-138.775084,537.561132,59.962797,-0.009971,1,0
2.833000,-56.696063,208895.055339,-176.638414,206870.913001,63.354632,208360.258038,101.395911,541.666827,-18.925914,542.849683,-138.556032,536.693644,59.949560,0.008406,1,0
2.867000,-56.818997,207422.411718,-176.787769,210548.690945,63.322615,208536.767989,100.884699,542.007130,-18.857473,538.379636,-138.679159,538.006525,59.966000,0.003477,1,0
2.900000,-56.650604,206652.801764,-176.538580,207336.725048,63.455234,207920.867542,101.520219,538.168012,-18.463112,533.395638,-138.662717,539.756012,59.966752,0.010071,1,0
2.933000,-56.670089,206528.835221,-176.548059,208493.837073,63.308550,207760.650423,101.008012,540.789933,-18.655243,536.528333,-138.407390,533.738164,59.968561,0.001791,1,0
2.967000,-56.680876,207679.962230,-176.727567,209300.989035,63.516152,210064.420967,101.294344,529.776397,-18.770155,534.408983,-138.180693,535.719602,59.963836,-0.018323,1,0
3.000000,-56.618606,210080.892378,-176.603336,208978.376149,63.271606,208076.433968,101.321103,538.493323,-18.411247,535.545479,-138.686524,536.433885,59.965661,-0.006039,1,0
3.033000,-56.560547,208924.562013,-176.591626,207522.537718,63.564551,207981.908052,101.213878,538.447624,-18.606397,536.785886,-138.299042,532.930902,59.951981,0.004850,1,0
3.067000,-56.450487,208454.236989,-176.648191,208414.271505,63.397072,209520.387798,101.673801,533.724048,-18.650568,532.750660,-138.364590,537.861211,59.964920,-0.013946,1,0
3.100000,-56.618317,208034.512447,-176.474782,209759.709952,63.202739,207413.015305,101.327666,536.397448,-18.492910,527.745308,-138.950344,532.773831,59.961448,0.004216,1,0
3.133000,-56.489133,207845.591121,-176.448297,207849.873857,63.384967,209052.362511,101.448423,538.542568,-18.276502,539.379713,-138.550205,542.238923,59.953384,0.002942,1,0
3.167000,-56.598134,208957.702635,-176.710183,207995.002942,63.566943,206712.873144,101.515324,540.079081,-18.406557,540.480828,-138.201729,537.738226,59.957954,0.005471,1,0
3.200000,-56.355907,208459.099949,-176.600214,208369.425464,63.473964,208921.412939,101.476139,545.445277,-18.620301,535.334143,-138.300359,545.131017,59.961690,0.003791,1,0
3.233000,-56.574548,209802.710402,-176.601336,209069.661977,63.493042,207797.061352,101.307640,543.075548,-18.530769,535.907706,-138.568198,537.365102,59.952456,0.010100,1,0
3.267000,-56.606782,208688.525744,-176.777272,209303.097414,63.433287,208025.752167,101.583945,540.076043,-19.086040,537.235432,-138.267366,539.916116,59.954639,0.008973,1,0
3.300000,-56.621371,208791.866372,-176.821042,207869.891014,63.303717,208485.003620,101.318846,541.055482,-19.241007,542.770063,-138.406099,541.870390,59.951482,0.002712,1,0
3.333000,-56.597771,206601.218488,-176.496700,207649.430835,63.451493,209152.052193,101.546352,544.150457,-18.469242,549.550123,-138.906177,541.537169,59.951539,-0.009514,1,0
3.367000,-56.745745,207808.490308,-176.786864,210167.164805,63.354753,207494.500590,101.276483,535.142560,-19.023632,541.876567,-138.435765,540.888129,59.954050,-0.002901,1,0
3.400000,-56.603431,209726.131840,-176.712677,208171.451099,62.999016,209582.707024,101.256078,536.406260,-18.669699,545.317503,-138.811839,541.792299,59.956343,-0.004100,1,0
3.433000,-56.597705,210332.403486,-176.912000,208557.156603,63.437780,208268.463469,101.527807,539.091294,-18.777551,545.130965,-138.544029,540.435106,59.957653,0.001114,1,0
3.467000,-56.594200,207762.746815,-176.744999,207392.322548,63.447524,206800.836314,101.654220,539.657334,-18.627900,540.601915,-138.482261,535.774745,59.951785,0.003480,1,0
3.500000,-56.786297,209646.949448,-176.703282,208967.638161,63.343812,209759.296925,101.244110,540.227969,-18.509504,536.540470,-138.465802,540.325206,59.965017,-0.003838,1,0
3.533000,-56.654817,206958.239568,-176.694114,210380.015087,63.195100,207684.125548,101.667601,541.839475,-18.259150,545.902437,-138.973071,544.872396,59.963099,-0.011508,1,0
3.567000,-56.552235,208361.027491,-176.445101,208514.674281,63.498437,207956.481537,101.103120,542.316470,-18.039938,538.283415,-138.551075,535.328285,59.969366,0.004662,1,0
3.600000,-56.640379,208241.722287,-176.762350,209524.787175,63.397242,208621.790417,101.446291,536.324662,-18.681934,541.206689,-138.760121,537.867137,59.960475,0.002987,1,0
3.633000,-56.659310,209286.655021,-176.649517,207451.563691,63.343564,207853.457975,101.520474,537.820813,-18.531037,537.473384,-138.787421,539.640251,59.962382,-0.012543,1,0
3.667000,-56.598610,208011.899183,-176.735415,207542.991184,63.370859,205592.134167,101.530311,542.716435,-18.726452,537.476944,-138.954811,540.377714,59.959156,0.009657,1,0
3.700000,-56.633068,207554.611591,-176.593036,209359.569699,63.273382,207382.977519,101.457627,537.306006,-18.830747,535.882544,-138.670224,544.338289,59.959077,0.005973,1,0
3.733000,-56.504372,208793.428508,-176.670287,208465.658102,63.474683,208971.383936,101.186782,540.294429,-18.790579,538.246309,-138.575129,538.187898,59.954399,0.015081,1,0
3.767000,-56.707510,209056.636391,-176.750141,208645.988623,63.310383,207524.231447,101.260513,544.669089,-18.789875,541.039651,-138.622679,540.519048,59.956840,0.007401,1,0
3.800000,-56.674933,209981.429288,-176.502612,208908.683108,63.352389,208641.537558,101.350164,542.656187,-18.576762,543.319731,-138.661668,540.212853,59.958125,-0.008805,1,0
3.833000,-56.652481,210266.287480,-176.642905,209494.305304,63.510940,210420.412509,101.348012,536.277690,-18.489665,536.548919,-138.080807,541.952262,59.954992,-0.000932,1,0
3.867000,-56.645053,208924.733653,-176.646330,208830.456418,63.413187,209406.245152,101.033493,535.993315,-18.336520,534.170570,-138.862991,540.677976,59.966769,0.005205,1,0
3.900000,-56.559215,207552.551023,-176.530816,208981.393451,63.252074,209087.433366,101.206062,540.187076,-18.536034,535.024162,-138.938936,536.331420,59.965516,-0.004329,1,0
3.933000,-56.549161,208480.785242,-176.615211,207590.385496,63.418617,208556.449246,101.444777,539.340846,-18.451223,538.907830,-138.596132,539.858012,59.968553,-0.004105,1,0
3.967000,-56.699069,208514.052040,-176.654156,208110.248815,63.351063,207757.666996,101.294266,535.359634,-19.009958,533.950371,-138.872769,540.337477,59.971514,-0.003307,1,0
4.000000,-56.520426,208268.384359,-176.628235,208413.131820,63.468509,208333.309914,101.417801,531.101658,-18.610412,539.362037,-138.766957,543.910199,59.961212,0.006920,1,0
4.033000,-56.540361,207794.994523,-176.613334,209872.479470,63.482121,209617.420936,101.447926,538.159749,-18.686471,533.136903,-138.645793,538.029198,59.959897,-0.012557,1,0
4.067000,-56.855692,210293.607995,-176.677859,209313.405851,63.222938,208755.933922,100.977899,536.404168,-18.947795,534.205546,-138.976931,535.502494,59.963669,-0.005963,1,0
4.100000,-56.495284,209019.802911,-176.520862,210150.350091,63.397969,208906.130611,101.531860,529.542230,-18.595859,534.062641,-138.654519,540.563816,59.962144,-0.005566,1,0
4.133000,-56.683152,208465.417016,-176.569099,208893.545812,63.415698,211181.793798,101.416951,529.504189,-18.686252,536.720576,-138.324572,529.511463,59.955112,-0.000614,1,0
4.167000,-56.524373,207769.588936,-176.572758,207386.528095,63.269025,208017.050434,101.830277,536.048653,-18.910471,531.834726,-138.601043,524.163653,59.968348,0.009614,1,0
4.200000,-56.628149,209418.069560,-176.601385,210343.440521,63.465288,209624.581751,101.542234,530.396822,-18.539510,526.354926,-138.385750,525.766223,59.956669,-0.009237,1,0
4.233000,-56.654164,209144.402605,-176.635091,211193.036814,63.436939,210624.761192,101.169298,535.158211,-18.598128,533.857593,-138.729455,529.499307,59.956756,-0.008335,1,0
4.267000,-56.519030,209486.934752,-176.396041,208470.942887,63.415322,208733.049246,101.778527,532.482640,-18.544073,530.837036,-138.576114,526.569750,59.961574,-0.000987,1,0
4.300000,-56.464816,210038.256799,-176.434785,208956.409223,63.488243,208580.329729,101.364026,532.641134,-18.321876,537.051581,-138.632416,534.601848,59.956612,-0.003607,1,0
4.333000,-56.587745,210188.991592,-176.518450,210306.457218,63.403713,208352.730822,101.596179,529.674220,-18.514684,533.823945,-138.621707,530.530734,59.961968,0.001368,1,0
4.367000,-56.428635,211077.367857,-176.416633,209722.627991,63.485094,210665.400871,101.776765,531.398180,-18.466469,536.711763,-138.317005,533.970697,59.959746,0.005549,1,0
4.400000,-56.614184,208629.897889,-176.720442,207290.532416,63.461725,211752.344011,101.282547,532.282525,-18.559979,538.100459,-138.129109,534.856057,59.956483,0.003515,1,0
4.433000,-56.501347,209674.637073,-176.458416,210323.613123,63.496401,210772.400582,101.449606,531.115050,-18.348631,539.187603,-138.581540,540.970511,59.952855,0.014021,1,0
4.467000,-56.484203,210730.705459,-176.358534,208955.343670,63.515419,210000.253398,101.558577,539.349982,-18.123553,538.979534,-138.553743,539.194290,59.957907,-0.009489,1,0
4.500000,-56.665432,210475.328854,-176.613453,209657.030627,63.779454,209000.778540,101.748437,534.003630,-18.303665,541.871452,-138.245030,545.312572,59.958551,0.008846,1,0
4.533000,-56.391401,209003.596499,-176.564861,209275.745502,63.374992,208434.887375,101.499530,538.605889,-18.458920,533.047241,-138.917979,539.444754,59.952292,-0.000323,1,0
4.567000,-56.552617,209590.572850,-176.622019,209071.406669,63.400878,209313.145225,101.722291,535.039853,-18.490134,536.979828,-138.495989,537.868355,59.958774,0.004710,1,0
4.600000,-56.634637,208549.090216,-176.454491,209307.826259,63.272185,208949.541091,101.268001,541.262657,-18.519346,542.186640,-138.515423,535.382162,59.958561,-0.006104,1,0
4.633000,-56.626711,210042.032201,-176.623747,209743.961576,63.460737,209339.748146,101.113893,537.255343,-18.458866,539.147728,-138.306482,539.481575,59.959930,-0.005081,1,0
4.667000,-56.578617,209967.776224,-176.638208,211444.208944,63.296821,210562.370679,101.461830,539.542707,-18.660611,540.204732,-138.733028,538.915549,59.959746,-0.005519,1,0
4.700000,-56.707478,210567.288218,-176.561101,209950.534896,63.403158,208580.337607,101.165849,538.925451,-18.702088,543.287806,-138.453200,541.277928,59.958131,0.000970,1,0
4.733000,-56.631096,209122.439089,-176.840197,210905.547845,63.118062,210993.794787,101.325753,539.725288,-18.955896,543.966825,-138.833575,538.565464,59.964773,0.006124,1,0
4.767000,-56.691732,209457.294614,-176.636418,210722.204742,63.409345,210210.406239,101.161811,544.188505,-18.720306,541.796021,-138.678801,535.773271,59.951736,0.004945,1,0
4.800000,-56.572252,210515.692023,-176.878709,209029.759011,63.315380,208844.007165,101.502666,534.557611,-19.110178,539.543946,-138.793877,539.113114,59.966238,0.012907,1,0
4.833000,-56.802561,210345.303645,-176.894447,210671.501173,63.398585,210523.987258,101.032325,543.777461,-18.875899,533.462324,-138.254332,534.374803,59.958704,-0.005446,1,0
4.867000,-56.709641,208933.916979,-176.692894,209821.904759,63.358355,209384.129777,101.110042,549.768097,-18.949239,540.803083,-138.774532,545.562039,59.958629,-0.010610,1,0
4.900000,-56.725082,208520.561970,-176.748366,207551.078500,63.277297,209658.640365,101.021496,544.484765,-19.026254,547.600772,-138.824903,549.994250,59.961466,0.004597,1,0
4.933000,-56.711518,209696.783973,-176.696745,212790.898453,63.401210,208719.911453,101.293143,544.450347,-18.598954,550.617971,-138.579909,542.283065,59.955991,-0.001188,1,0
4.967000,-56.797272,208949.736229,-176.756391,210042.210745,63.322763,210206.630403,101.424214,545.540608,-19.370155,541.139681,-138.445895,547.758619,59.953149,-0.011644,1,0
5.000000,-56.718183,209872.309861,-176.775783,208762.143549,63.380194,209050.242189,101.155468,546.560714,-18.481594,548.692259,-138.836395,542.580473,59.958637,-0.003222,1,0
5.033000,-56.744209,209738.462995,-176.531960,208612.215253,63.316369,209080.163360,101.242031,543.127095,-18.598066,546.203708,-138.260622,545.179359,59.957782,-0.001546,1,0
5.067000,-56.788099,210184.793560,-176.656033,209967.821469,63.394600,210570.732511,101.084372,545.025998,-18.555259,544.915959,-138.597230,545.524151,59.964483,0.002225,1,0
5.100000,-56.748463,210496.769290,-176.721574,208569.867104,63.283791,209358.855596,101.452718,545.512082,-18.792412,548.702130,-139.159477,543.711189,59.961390,0.001202,1,0
5.133000,-56.711090,209263.108669,-176.684442,209699.533866,63.363055,210325.994880,101.239611,551.015159,-18.688516,548.310260,-138.528478,547.470021,59.973302,-0.002973,1,0
5.167000,-56.570412,210121.385395,-176.612965,208885.297040,63.263914,210026.009725,101.599312,548.113497,-18.515893,548.778958,-138.699434,542.327021,59.965746,-0.005070,1,0
5.200000,-56.667500,208602.053082,-176.676632,210158.088041,63.522577,209355.765660,101.195821,546.300461,-18.791150,552.021235,-138.331637,550.340871,59.972135,-0.001024,1,0
5.233000,-56.564393,209450.464833,-176.568460,212315.583497,63.289266,208825.668362,101.446625,542.995790,-18.637665,551.968170,-138.664707,544.862470,59.972580,0.007478,1,0
5.267000,-56.576473,210816.319277,-176.730843,209348.412925,63.429132,210334.795836,101.616652,545.989410,-18.719028,538.093493,-138.628897,543.872402,59.961088,-0.014843,1,0
5.300000,-56.512729,211175.153741,-176.686277,210299.308050,63.306059,209407.303017,101.411341,548.317487,-18.698427,534.118954,-138.674931,540.125161,59.963834,-0.010020,1,0
5.333000,-56.747003,209018.415765,-176.663370,209967.791969,63.523816,208817.458290,101.311379,541.864467,-18.857115,542.437465,-138.447835,547.163521,59.966628,0.005631,1,0
5.367000,-56.527505,210186.429398,-176.707538,210842.430516,63.266168,209322.680117,101.536455,541.450819,-19.048575,546.955570,-138.956923,541.739986,59.966823,-0.004839,1,0
5.400000,-56.656186,208216.209488,-176.675811,208412.031482,63.473083,209706.510574,101.406767,541.261445,-18.681681,543.668115,-138.385176,543.642139,59.966760,-0.006493,1,0
5.433000,-56.668500,209262.238659,-176.676145,209644.518416,63.338798,209699.019521,100.949798,549.270558,-18.405954,542.506646,-138.524594,549.414412,59.965086,-0.009988,1,0
5.467000,-56.616769,211138.160156,-176.581096,209985.910827,63.344485,212714.128132,101.632237,544.533095,-18.359481,547.093707,-138.621262,536.895523,59.962371,0.000605,1,0
5.500000,-56.664458,209970.041732,-176.545533,210270.675984,63.513831,210880.347473,101.224172,545.950466,-18.799805,543.885641,-138.299625,547.098192,59.967788,0.002619,1,0
5.533000,-56.532672,209774.329138,-176.639258,210965.282498,63.440821,211374.457691,101.255449,542.266806,-18.381414,548.779019,-138.373037,546.150990,59.958427,0.006217,1,0
5.567000,-56.447375,209406.284342,-176.658573,210023.259277,63.507668,210974.138531,101.623940,552.745922,-18.582069,541.671870,-138.677661,545.634127,59.971038,-0.000713,1,0
5.600000,-56.760273,208902.741304,-176.650425,211936.498360,63.596040,208608.866203,101.348198,547.948360,-19.067785,546.340750,-138.319076,544.904543,59.960480,0.011135,1,0
5.633000,-56.552311,209979.528958,-176.665484,210588.837718,63.320604,211123.168128,101.576148,544.506978,-18.714030,545.663485,-138.367776,542.692286,59.961131,0.007346,1,0
5.667000,-56.611524,211356.490235,-176.640133,210645.896238,63.350914,211558.252903,101.581990,549.153098,-18.929896,548.614133,-138.641008,548.670700,59.959616,0.002517,1,0
5.700000,-56.605335,210231.644449,-176.463178,212041.450456,63.353213,209783.283310,101.645735,539.948177,-18.453436,539.976033,-138.309808,546.613395,59.965016,0.010575,1,0
5.733000,-56.677055,210760.951428,-176.657916,211960.251157,63.382815,210828.787865,101.356662,547.740816,-18.442550,547.705984,-138.621575,545.972926,59.965627,-0.011361,1,0
5.767000,-56.707615,212128.418759,-176.743432,212681.122919,63.395349,210589.129800,101.433473,543.870059,-18.470425,542.384913,-138.634953,549.458904,59.961968,-0.000263,1,0
5.800000,-56.711173,210540.726711,-176.562392,213655.881532,63.495155,209157.225049,101.429841,544.507465,-18.643914,547.417644,-138.654006,547.771370,59.964433,-0.000467,1,0
5.833000,-56.720383,210439.909896,-176.691903,210742.996787,63.585640,213476.331072,101.145529,547.668723,-18.538994,541.887937,-138.636954,547.474120,59.960617,-0.009341,1,0
5.867000,-56.808434,212454.361607,-176.639067,211484.993497,63.446947,209742.190090,100.839659,546.887077,-18.468147,540.846763,-138.588629,548.998808,59.961367,-0.001469,1,0
5.900000,-56.727692,210494.002814,-176.546979,212129.476494,63.305574,212691.805421,101.402834,542.780220,-18.581599,540.253783,-138.607494,538.218048,59.967531,0.006446,1,0
5.933000,-56.677030,211794.323559,-176.563657,211432.878323,63.430771,209979.329120,101.102127,548.897993,-18.686511,547.502633,-138.488359,545.600923,59.960638,0.000065,1,0
5.967000,-56.700428,211419.950897,-176.521711,210383.003252,63.436517,212607.287558,101.458523,538.987573,-18.329490,550.470757,-138.467809,540.546841,59.962812,-0.009242,1,0
6.000000,-56.544053,211699.432721,-176.664574,210708.085477,63.325605,210235.524070,101.793362,542.678188,-18.373133,543.939590,-138.873987,546.866684,59.964519,0.011280,1,0
6.033000,-56.624344,212669.914087,-176.735556,211986.964978,63.476083,210360.262540,101.166093,545.028961,-19.068677,544.025031,-138.678406,544.589618,59.962230,0.008891,1,0
6.067000,-56.767929,210804.196117,-176.663042,210497.648519,63.299441,210987.892229,101.064468,542.738704,-18.268378,542.735877,-138.476331,534.229471,59.958203,0.003749,1,0
6.100000,-56.529659,211554.548617,-176.558728,211556.216066,63.444337,211392.184904,101.398708,542.038398,-18.505344,542.843651,-138.321275,542.876108,59.963212,-0.003162,1,0
6.133000,-56.545723,210176.182517,-176.828221,210661.530352,63.330628,211666.522480,101.251226,542.780601,-18.883506,547.839321,-138.406505,549.402633,59.962909,0.003396,1,0
6.167000,-56.874893,211512.264982,-176.662597,210943.915314,63.463345,209933.150506,100.909437,542.098458,-18.558964,547.816463,-138.651092,544.746335,59.965321,0.001852,1,0
6.200000,-56.596962,209878.101078,-176.693293,210907.548010,63.223802,210378.585228,101.312026,544.590457,-18.721724,542.146586,-138.808110,543.069078,59.962415,-0.007619,1,0
6.233000,-56.630852,210097.144375,-176.876786,210513.789314,63.304910,210947.366738,101.481033,539.993016,-18.769959,544.832519,-138.605051,547.933589,59.963415,-0.004945,1,0
6.267000,-56.709296,210931.685781,-176.679107,212155.679417,63.124503,210328.727306,101.399295,539.671910,-18.665905,544.226364,-139.010764,546.893778,59.968856,-0.015035,1,0
6.300000,-56.677156,210189.847689,-176.626823,210470.269702,63.278780,210306.477709,101.779668,548.588891,-18.557767,549.567521,-138.720460,546.876931,59.963520,-0.003764,1,0
6.333000,-56.587633,209753.749469,-176.578071,209157.975739,63.339822,207773.910984,100.964856,543.719687,-18.533045,546.002706,-138.784380,545.940160,59.961522,0.011496,1,0
6.367000,-56.712699,211108.265283,-176.674713,210959.128172,63.446048,209233.052126,101.475821,547.479669,-18.595159,549.782309,-138.556217,543.284251,59.959234,-0.002610,1,0
6.400000,-56.467170,209087.920558,-176.794594,209983.278292,63.343069,210218.530799,101.632431,550.324589,-18.854015,547.151591,-138.221342,551.445947,59.960348,-0.007969,1,0
6.433000,-56.675813,209460.443085,-176.529313,208512.187406,63.381125,209066.331535,101.231067,554.516021,-18.159945,549.977503,-138.527945,555.418184,59.953272,-0.002527,1,0
6.467000,-56.646793,209211.744407,-176.611930,208965.117581,63.234698,209163.172926,101.382005,552.161937,-18.966918,547.017628,-138.676793,552.486739,59.956018,0.005987,1,0
6.500000,-56.854580,210794.756050,-176.347842,209532.784426,63.608684,209725.042443,101.270046,550.843316,-18.254138,549.906094,-138.214260,554.570997,59.959440,0.014358,1,0
6.533000,-56.460213,208338.790954,-176.591878,210810.669070,63.365647,211632.603221,101.497263,546.881271,-18.855905,548.599780,-138.718341,551.642008,59.964645,0.003984,1,0
6.567000,-56.556377,210297.303169,-176.480482,209838.042800,63.489118,211308.483818,101.508583,545.440348,-18.344022,549.744949,-138.788285,548.946595,59.960750,-0.015023,1,0
6.600000,-56.408791,209423.785125,-176.441312,208725.603738,63.563360,209694.539986,101.611724,551.119563,-18.456627,554.525088,-138.442658,550.921133,59.952887,0.005054,1,0
6.633000,-56.434759,210775.323286,-176.557817,211226.533391,63.462492,209281.507485,101.388060,553.021152,-18.621635,559.243951,-138.573894,550.108418,59.957578,-0.005356,1,0
6.667000,-56.492805,210472.413330,-176.705683,210610.843637,63.363016,211711.250086,101.389251,552.775384,-18.854911,556.848544,-138.703134,550.503161,59.955333,0.001929,1,0
6.700000,-56.524674,209151.222451,-176.444052,208889.094117,63.548566,208785.578889,101.518332,558.790773,-18.183912,557.747626,-138.515124,558.346732,59.952717,-0.003253,1,0
6.733000,-56.645701,209777.046282,-176.413906,211086.789233,63.510236,210442.684382,101.466770,550.771776,-18.718388,557.542857,-138.535318,556.067660,59.957733,0.004127,1,0
6.767000,-56.553098,209653.969185,-176.478808,209446.811560,63.371777,210382.107185,101.308096,553.966939,-18.494705,555.471502,-139.024904,552.412513,59.957034,-0.001514,1,0
6.800000,-56.654150,209904.917911,-176.539138,212519.625985,63.446521,207213.528063,101.258760,552.195333,-18.138871,550.714917,-138.673997,550.612157,59.958418,0.003046,1,0
6.833000,-56.625712,209705.995444,-176.566156,210398.313630,63.450890,210310.062226,101.501581,548.771588,-18.771546,550.364032,-138.787268,547.551882,59.962035,-0.001848,1,0
6.867000,-56.491812,209387.810652,-176.320704,212529.754209,63.433315,210967.559361,101.833758,547.954586,-18.096123,551.545163,-138.635978,548.473172,59.950027,0.014565,1,0
6.900000,-56.379057,210978.572995,-176.490726,210390.773887,63.523173,210780.103847,101.585032,547.971102,-18.439865,549.364395,-138.552505,555.989433,59.951097,0.007981,1,0
6.933000,-56.351950,210781.887748,-176.356715,210611.542229,63.679947,209350.848446,101.649288,552.622665,-18.320032,547.744281,-138.683053,552.069577,59.958928,-0.001776,1,0
6.967000,-56.318207,211510.711495,-176.456049,211104.953944,63.764769,208923.860315,102.085822,554.365055,-18.570350,549.269697,-138.196541,554.626729,59.959367,-0.006354,1,0
7.000000,-56.551451,209351.602539,-176.369356,210516.578007,63.538965,210124.349612,101.579141,545.764279,-18.134892,544.824804,-138.481481,548.914055,59.956504,0.003952,1,0
7.033000,-56.413492,210331.586592,-176.358442,209674.768650,63.415906,210271.416354,101.740634,555.391384,-18.484294,558.603901,-138.794940,552.849539,59.952260,0.000367,1,0
7.067000,-56.230948,209693.305407,-176.296103,211447.405783,63.674118,209950.734153,101.836575,553.431887,-18.355058,543.685361,-138.454351,554.567820,59.952113,0.002954,1,0
7.100000,-56.337022,210746.350634,-176.301630,209288.448582,63.380222,209559.936015,101.466582,554.017242,-18.483236,554.971276,-138.670901,557.849868,59.950261,-0.001965,1,0
7.133000,-56.344620,209981.290643,-176.193755,210471.328441,63.578333,209769.709981,101.682787,552.236397,-18.256067,553.895100,-138.530222,550.632601,59.951603,0.005676,1,0
7.167000,-56.349447,208010.812174,-176.364934,209098.380055,63.661177,208241.445329,102.002938,557.149334,-18.129217,547.566237,-138.359858,553.534702,59.951523,0.000139,1,0
7.200000,-56.656604,209876.352173,-176.318552,211700.006634,63.518896,209645.436082,101.211930,555.964316,-18.175097,551.706244,-138.331722,552.383297,59.958909,0.002240,1,0
7.233000,-56.545732,210108.583935,-176.312365,210185.063055,63.555980,209676.322041,101.681773,550.150705,-18.241967,547.768795,-138.373663,551.720403,59.946028,0.000926,1,0
7.267000,-56.327988,209851.291699,-176.455606,209905.732522,63.779325,207694.233247,101.594011,555.117555,-18.478185,550.813572,-138.144874,549.751954,59.952759,-0.000562,1,0
7.300000,-56.461758,209967.347520,-176.342378,210300.779059,63.493954,209151.114349,101.801400,551.648041,-18.340671,549.482914,-138.786625,550.955476,59.950480,0.004275,1,0
7.333000,-56.439059,209888.961776,-176.348198,209925.394208,63.638965,210260.425815,101.608238,551.568161,-18.607612,548.915034,-138.443279,545.896497,59.939117,-0.010190,1,0
7.367000,-56.436408,211061.714334,-176.347633,209732.947566,63.881480,211538.985429,101.886064,556.225654,-18.450296,555.252440,-137.963271,554.793069,59.949604,-0.004835,1,0
7.400000,-56.560031,210199.011629,-176.360503,210228.151117,63.637214,210261.280731,101.399371,552.081723,-18.582643,550.037132,-138.293242,552.482898,59.949287,-0.001112,1,0
7.433000,-56.470453,209107.740651,-176.467267,209526.421454,63.745503,209547.536968,101.558361,542.710682,-18.439739,549.754122,-138.171781,549.377139,59.948266,0.003349,1,0
7.467000,-56.472192,208368.239720,-176.436641,210890.089142,63.605319,210079.053149,101.742008,553.866459,-18.439958,559.723765,-138.297442,554.318374,59.945555,0.003212,1,0
7.500000,-56.362031,210755.265189,-176.230478,211518.190115,63.557678,210252.332746,101.773652,551.809376,-18.397588,552.891816,-138.532697,551.160521,59.948485,0.013783,1,0
7.533000,-56.475709,208636.700566,-176.504989,210327.818389,63.647040,209813.206523,101.473885,551.894099,-18.506586,553.318940,-138.370695,549.597835,59.942200,0.000456,1,0
7.567000,-56.376510,210808.796253,-176.504638,209018.877086,63.668554,209288.117750,101.532027,551.131360,-18.640617,546.015917,-138.425047,548.540404,59.944923,0.002188,1,0
7.600000,-56.427510,208924.428375,-176.439201,212236.881685,63.698979,208826.828819,101.543061,552.997372,-18.246035,556.064508,-138.080283,550.617828,59.948412,0.002848,1,0
7.633000,-56.685309,209955.809612,-176.298449,211216.627616,63.536755,210116.029304,100.973899,554.753965,-18.121463,558.801068,-138.404981,555.737130,59.946557,0.006339,1,0
7.667000,-56.163942,209801.059826,-176.450973,210236.121391,63.578640,211864.458602,101.857918,557.034161,-18.346160,558.699138,-138.377189,561.253050,59.946022,-0.001571,1,0
7.700000,-56.481983,209959.426816,-176.509278,210850.971612,63.602662,209457.520166,101.381161,556.128801,-18.435072,553.960344,-138.433917,557.689487,59.951771,0.007911,1,0
7.733000,-56.200961,210189.051514,-176.407588,210806.552356,63.634813,209208.248706,101.420535,555.209981,-18.387381,558.023978,-138.204007,556.986448,59.949329,0.001505,1,0
7.767000,-56.474994,210232.197958,-176.397540,210755.176351,63.612257,210274.299814,101.718362,555.308392,-18.621800,559.528063,-138.029792,553.135618,59.947293,0.004506,1,0
7.800000,-56.297490,209717.274805,-176.252539,211767.996937,63.477286,211526.121269,101.854917,558.064591,-18.194289,551.569898,-138.729661,556.231549,59.943720,0.000057,1,0
7.833000,-56.348205,209308.596880,-176.340248,210396.539476,63.596886,209979.714918,101.763616,553.390941,-18.259485,551.807209,-138.206134,552.276353,59.949863,-0.008432,1,0
7.867000,-56.358833,209896.123477,-176.398627,211721.262535,63.612748,211166.392102,101.600540,550.848919,-18.137464,556.971072,-138.584554,557.480372,59.945641,0.005003,1,0
7.900000,-56.240243,210455.840658,-176.486050,210639.540870,63.651109,211764.487901,101.853537,552.940317,-18.701377,551.637421,-138.165298,559.102623,59.950186,0.001672,1,0
7.933000,-56.322464,210651.029759,-176.395553,210827.394783,63.572397,211503.460452,101.702449,558.084236,-18.699619,551.040276,-138.257511,552.613540,59.944662,-0.002261,1,0
7.967000,-56.359978,211632.947971,-176.542449,210756.237456,63.470110,210913.947638,101.514506,558.524226,-18.581344,554.676059,-138.704004,558.204965,59.941951,-0.004526,1,0
8.000000,-56.504758,211517.117996,-176.448612,211104.502570,63.469622,211270.645155,101.246978,556.868272,-18.442102,556.298322,-138.689888,552.016293,59.946964,-0.004645,1,0
8.033000,-56.654432,210379.110628,-176.316034,212308.719073,63.837030,209871.798838,101.336756,564.843400,-18.312834,565.337299,-138.043927,561.880333,59.948913,0.004318,1,0
8.067000,-56.300004,212843.594006,-176.495352,210401.069480,63.660390,211473.071703,101.430816,555.006535,-18.618706,556.886908,-138.540225,558.887346,59.948525,-0.000550,1,0
8.100000,-56.506360,210542.569354,-176.328000,212007.624438,63.687973,211550.290771,101.299914,556.011112,-18.526879,558.305059,-138.307244,555.034120,59.957214,0.001464,1,0
8.133000,-56.456029,210831.293048,-176.247139,209846.600884,63.528170,211360.910260,101.437116,556.322321,-18.793382,548.908806,-138.576002,565.158867,59.954513,-0.008082,1,0
8.167000,-56.370865,211268.294738,-176.307737,211010.304665,63.698412,211894.088695,101.614655,557.202265,-18.136853,550.144754,-138.257092,555.405359,59.951288,-0.008468,1,0
8.200000,-56.437238,210369.339704,-176.343829,210260.471502,63.644443,210286.190540,101.333426,555.622648,-18.117276,552.180206,-138.462778,558.738472,59.950293,-0.008999,1,0
8.233000,-56.231174,211439.167733,-176.522295,211836.085142,63.715254,211987.768392,101.831071,557.066817,-18.746501,552.797276,-138.369988,558.361709,59.954322,0.001489,1,0
8.267000,-56.419492,211757.477670,-176.207050,209811.321681,63.740200,211480.261484,101.494395,558.328550,-18.626774,549.972279,-138.330468,560.280722,59.948354,-0.000595,1,0
8.300000,-56.322004,210046.495403,-176.386456,211656.330232,63.658025,212080.165185,101.730159,551.977272,-18.345844,550.285864,-138.575303,546.639908,59.945845,-0.006455,1,0
8.333000,-56.448520,210085.795228,-176.267389,210806.450122,63.783069,209962.750038,101.413857,548.441974,-18.423675,549.951222,-138.584162,553.036661,59.954007,0.011607,1,0
8.367000,-56.428625,210446.708115,-176.384449,210841.840490,63.462495,210388.080143,101.646633,551.044494,-18.455895,556.867237,-138.903072,549.805575,59.951621,0.015297,1,0
8.400000,-56.439700,210276.950714,-176.454624,213043.884464,63.521106,211081.493303,101.439984,548.591124,-18.832659,556.236184,-138.463949,556.671220,59.955783,-0.011673,1,0
8.433000,-56.507792,211277.164610,-176.515483,210757.647658,63.512913,210819.491530,101.539648,548.272177,-18.297509,553.576107,-138.674759,553.122269,59.947126,0.000749,1,0
8.467000,-56.434279,211028.014959,-176.546977,210911.157633,63.544073,212295.881406,101.445268,552.777756,-18.723089,549.816036,-138.579136,554.392041,59.947097,0.002202,1,0
8.500000,-56.264528,211451.681258,-176.451246,212735.636223,63.475125,211065.771830,101.405439,550.495470,-18.578178,555.456065,-138.584556,550.508912,59.951277,-0.004469,1,0
8.533000,-56.338772,211490.382518,-176.529715,209998.961298,63.469975,210081.132921,101.507242,547.153650,-18.533996,546.791344,-138.748288,548.054260,59.953151,-0.008492,1,0
8.567000,-56.492979,211530.151200,-176.420046,208865.593808,63.442490,211374.786877,101.388776,552.508295,-18.468447,551.233777,-138.549539,546.270938,59.951651,-0.005386,1,0
8.600000,-56.395704,209326.215324,-176.409651,210422.151567,63.406290,210516.667914,101.638479,551.951913,-18.488813,545.613511,-138.884722,545.417834,59.952282,0.002972,1,0
8.633000,-56.584526,209663.285817,-176.365511,209625.104998,63.359422,212060.899201,101.253447,548.362140,-18.470571,545.116863,-138.333390,552.111935,59.949282,0.013972,1,0
8.667000,-56.573910,209673.944694,-176.400739,211305.165068,63.404632,211756.919460,101.414492,548.323110,-18.069856,548.689042,-138.343721,546.072997,59.946829,-0.006984,1,0
8.700000,-56.545399,210367.859756,-176.382819,209279.168985,63.366697,209643.343409,101.383390,555.109974,-18.379754,553.378073,-138.647351,550.779971,59.946110,-0.007808,1,0
8.733000,-56.389315,209874.948596,-176.599606,210702.229120,63.505291,210077.076502,101.220487,549.845854,-18.267848,554.857126,-138.497019,550.045349,59.943142,0.012419,1,0
8.767000,-56.441418,211795.188958,-176.430757,211559.449668,63.478992,209893.463942,101.719171,549.491556,-18.342601,550.426364,-138.433248,548.683245,59.935699,-0.003916,1,0
8.800000,-56.426463,209267.983842,-176.446570,211908.273621,63.653649,209420.099300,101.535180,556.546079,-18.228293,551.204462,-138.312650,552.908422,59.938970,-0.004949,1,0
8.833000,-56.306401,209160.550892,-176.358766,212423.614669,63.550200,209422.093591,101.705237,547.474596,-18.565597,548.692214,-138.474701,550.376292,59.939741,-0.006878,1,0
8.867000,-56.330563,210567.882748,-176.305906,209681.778381,63.456013,210139.841100,101.519020,553.648554,-18.288341,558.049453,-138.627318,552.736038,59.944155,-0.003920,1,0
8.900000,-56.420853,209521.645099,-176.382558,210076.837977,63.689735,210133.052099,101.722078,548.244439,-18.511540,555.315241,-138.270362,549.530110,59.944316,0.000047,1,0
8.933000,-56.445962,209726.177657,-176.348501,209794.607596,63.553654,209018.231911,101.694552,558.165662,-18.613101,555.079717,-138.539964,557.689590,59.949507,0.004965,1,0
8.967000,-56.117880,210855.711434,-176.119955,208964.326874,63.811598,211234.207325,102.046666,546.727220,-17.943820,550.009736,-138.214165,552.334329,59.949035,-0.004308,1,0
9.000000,-56.487515,211265.999718,-176.158781,209069.976182,63.544371,208884.826960,101.408452,559.067044,-18.275414,556.836459,-138.183561,554.442914,59.943289,-0.001195,1,0
9.033000,-56.379696,209950.092756,-176.412102,209872.820702,63.627356,209542.390362,101.570224,556.475243,-18.417732,554.831926,-138.464483,553.016989,59.935569,-0.002534,1,0
9.067000,-56.334832,211926.038921,-176.206037,211504.453111,63.677835,208757.039453,101.566103,554.855915,-18.382844,552.574177,-138.440220,559.571819,59.943337,-0.002407,1,0
9.100000,-56.461668,211436.810779,-176.452308,211965.586711,63.607106,210236.236147,101.652040,553.153967,-18.484738,549.874158,-138.551032,553.394336,59.941918,0.000355,1,0
9.133000,-56.293391,208952.822328,-176.389151,209988.197622,63.783610,211907.615050,101.454441,556.237391,-18.472139,552.975583,-138.152094,557.036795,59.932099,-0.003740,1,0
9.167000,-56.408119,208233.208725,-176.358421,210772.839871,63.448230,211125.062137,101.740686,552.945039,-18.342482,548.779840,-138.882776,550.836767,59.936788,-0.005049,1,0
9.200000,-56.466547,208803.711430,-176.323075,209183.045003,63.806973,209609.619825,101.782272,553.877150,-18.704211,551.196307,-138.158474,550.596039,59.943545,-0.001708,1,0
9.233000,-56.301727,211025.220364,-176.426079,209787.238204,63.507806,211020.327319,101.896846,557.839545,-18.257864,558.578154,-138.432224,548.224406,59.941251,0.004683,1,0
9.267000,-56.612503,210442.694489,-176.262726,211181.330175,63.622237,211053.653378,101.449224,542.434473,-18.545791,549.620736,-138.542498,546.480207,59.936326,0.007951,1,0
9.300000,-56.435944,210466.652559,-176.353492,211474.072342,63.587538,211279.763129,101.619700,553.874986,-18.297594,552.658016,-138.418309,549.351355,59.940614,-0.011246,1,0
9.333000,-56.268610,209742.167971,-176.527209,210146.280684,63.656661,209420.051322,101.830125,552.871681,-18.421669,549.763718,-138.712607,552.072195,59.939287,0.008105,1,0
9.367000,-56.073547,209694.898765,-176.408833,211382.373520,63.494275,208309.275255,102.048377,544.091365,-18.195439,549.385919,-138.111974,547.893832,59.941875,-0.006171,1,0
9.400000,-56.311841,208104.801653,-176.414330,210356.845685,63.762519,210701.244771,101.664890,550.800023,-18.579458,555.394434,-137.885614,546.816156,59.936139,0.005000,1,0
9.433000,-56.452757,209777.012969,-176.425244,210587.531690,63.691455,209793.044122,101.618431,550.709015,-18.365929,552.579139,-138.567685,544.317675,59.944661,-0.004234,1,0
9.467000,-56.313037,210100.810105,-176.302257,210127.306242,63.691845,208921.516952,101.727224,553.303205,-18.474443,550.338889,-138.232167,551.646583,59.938764,0.008831,1,0
9.500000,-56.254851,210470.014836,-176.274665,208931.547740,63.802711,211396.833871,101.542943,550.514402,-18.128435,547.879234,-138.108513,555.017342,59.940601,-0.005853,1,0
9.533000,-56.225542,211176.676036,-176.327387,210896.056079,63.597255,208973.745683,101.963291,550.242237,-18.284124,550.385934,-138.275715,552.020483,59.944736,0.012694,1,0
9.567000,-56.359266,209944.553399,-176.450597,211377.169262,63.440188,211639.714944,101.593727,547.860279,-18.267395,548.123332,-138.236455,543.273595,59.937773,0.003711,1,0
9.600000,-56.410861,210157.703490,-176.399492,210230.471034,63.521903,209675.817130,101.797822,548.992178,-18.319667,547.766260,-138.370737,555.048952,59.942842,-0.001071,1,0
9.633000,-56.369338,210875.766630,-176.337862,210915.349593,63.460904,210219.015517,101.631050,549.469910,-18.549945,548.069796,-138.319051,555.220093,59.939422,0.006289,1,0
9.667000,-56.420081,210784.358690,-176.432629,211511.913797,63.458963,210423.774048,101.532073,549.463302,-18.672512,538.531615,-138.535162,550.049891,59.941532,-0.001462,1,0
9.700000,-56.388697,210214.755759,-176.594273,210649.463267,63.772057,210171.306954,101.784779,543.230048,-18.559556,550.835436,-138.225415,550.822070,59.943347,0.001208,1,0
9.733000,-56.348395,210406.258759,-176.475478,212810.085337,63.668460,210681.678892,101.884529,548.868766,-18.228539,551.092804,-138.453655,546.590693,59.944802,0.006032,1,0
9.767000,-56.475432,210608.480353,-176.478969,211686.600841,63.508463,209927.173071,101.576877,547.217704,-18.471882,545.277642,-138.464374,541.824150,59.941573,-0.003446,1,0
9.800000,-56.445129,209344.586335,-176.505811,212102.749268,63.636435,210824.218243,101.479183,544.075040,-18.542458,547.746666,-138.218181,546.487708,59.943166,0.010088,1,0
9.833000,-56.273326,209974.008004,-176.406140,210878.266916,63.661028,209504.921080,101.982988,542.275027,-18.386807,546.456962,-138.076924,545.276071,59.948573,-0.000390,1,0
9.867000,-56.346724,209151.718519,-176.410265,210769.097580,63.537105,209944.783898,101.702044,547.240661,-18.461752,550.699841,-138.445539,546.030389,59.948223,-0.002390,1,0
9.900000,-56.553996,210437.735903,-176.537570,209849.413310,63.652088,209524.831329,101.344290,550.179475,-18.113527,547.006279,-138.089691,539.991588,59.948780,0.000936,1,0
9.933000,-56.605977,210202.715956,-176.456269,211811.768161,63.698899,209995.507717,101.986618,546.027186,-18.545292,544.372799,-138.386270,546.142693,59.945472,-0.000267,1,0
9.967000,-56.432560,210117.642941,-176.460536,210416.991927,63.470506,209975.327457,101.418951,553.093701,-18.298194,544.352108,-138.447898,547.191447,59.953822,0.005881,1,0
10.000000,-56.426274,209385.725929,-176.416773,211500.388683,63.504048,210082.511150,101.737484,543.680883,-18.511502,544.608088,-138.740401,543.626277,59.950341,0.002627,1,0
10.033000,-56.423022,211787.094485,-176.315350,211545.602355,63.553318,209473.838934,101.444025,543.490799,-18.564368,544.430583,-138.655375,549.358951,59.951932,-0.014917,1,0
10.067000,-56.402820,211220.149322,-176.502088,210114.252058,63.580256,208862.699763,101.665883,542.633440,-18.508193,542.613056,-138.438355,540.644517,59.959100,0.000699,1,0
10.100000,-56.384412,211045.748091,-176.548008,212482.227123,63.522310,210700.254912,101.697555,549.057334,-18.186608,544.560060,-138.403099,544.572252,59.948848,0.006514,1,0
10.133000,-56.466272,210510.923973,-176.531688,210309.640267,63.439834,211061.420965,101.627421,543.497392,-18.774933,539.111910,-138.884566,550.046724,59.950390,0.000967,1,0
10.167000,-56.392707,210855.953936,-176.361481,211836.963369,63.645788,209413.286793,101.628279,543.060618,-18.279973,541.228348,-138.276285,541.109112,59.946655,0.000823,1,0
10.200000,-56.693160,209957.140935,-176.627575,209018.205563,63.534963,211877.927691,101.391467,536.199554,-18.657100,550.402181,-138.543385,542.228357,59.951269,-0.010897,1,0
10.233000,-56.738291,210536.024687,-176.461268,210058.042032,63.419013,211620.724404,101.422582,543.424305,-18.291739,542.688900,-138.788054,540.741177,59.961313,-0.006419,1,0
10.267000,-56.491922,209011.379974,-176.433336,210645.553943,63.358606,212039.902241,101.523770,545.900320,-18.544889,543.378238,-138.521446,545.669058,59.954674,0.000244,1,0
10.300000,-56.370955,210970.164446,-176.518471,209640.805494,63.512510,210995.533922,101.829391,547.682978,-18.489167,548.359399,-138.432617,548.729513,59.962337,0.008689,1,0
10.333000,-56.423208,209554.117644,-176.590728,209931.693836,63.483577,210715.324689,101.774751,545.744210,-18.711866,543.963607,-138.564419,546.691687,59.958305,-0.001911,1,0
10.367000,-56.623592,209472.375727,-176.431242,209412.027749,63.600369,209492.589224,101.211037,543.292143,-18.566812,542.429920,-138.157317,546.462095,59.955584,0.013163,1,0
10.400000,-56.598584,211306.967598,-176.473910,210725.848813,63.633504,209120.563695,101.404795,544.464705,-18.425938,543.962607,-138.324225,551.791110,59.951300,0.000704,1,0
10.433000,-56.189441,209221.161745,-176.286880,212194.793175,63.695601,211058.122039,102.031218,543.662872,-18.867725,545.335795,-138.688489,541.155339,59.950793,0.002628,1,0
10.467000,-56.397988,209109.029497,-176.445889,211442.737936,63.524800,210309.193803,101.543088,549.340332,-18.439556,547.124582,-138.330353,545.611942,59.953682,0.006104,1,0
10.500000,-56.429127,208745.222004,-176.309265,212147.000355,63.553925,211224.908233,101.742908,545.200581,-18.517755,539.291287,-138.585073,548.710638,59.956801,0.016041,1,0
10.533000,-56.398171,210350.527880,-176.608457,209990.771711,63.591473,208416.604768,101.480346,544.304082,-18.246139,551.220064,-138.610450,545.334736,59.955497,0.002930,1,0
10.567000,-56.341682,208667.835775,-176.555266,211763.841830,63.554073,210233.413182,101.884537,545.193514,-18.691287,547.794103,-138.537649,546.222464,59.943733,0.005321,1,0
10.600000,-56.458698,208764.946059,-176.419692,210903.383470,63.507505,210491.190529,101.721801,550.402376,-18.358885,551.092563,-138.280554,544.349584,59.955161,-0.001909,1,0
10.633000,-56.402123,210804.726336,-176.270806,210826.721326,63.617302,210494.201343,101.605627,545.078847,-18.415473,546.545126,-138.174776,549.780731,59.953377,0.001171,1,0
10.667000,-56.318872,209493.208879,-176.453513,211068.351170,63.572512,210551.673320,101.832302,548.163911,-18.384178,541.755658,-138.615609,545.671754,59.947250,0.002601,1,0
10.700000,-56.273587,210285.933637,-176.330923,210970.889999,63.726111,210395.701262,101.587502,540.120872,-18.413212,547.091655,-138.265142,546.750045,59.945260,-0.008392,1,0
10.733000,-56.483518,208621.677525,-176.437735,211418.769552,63.501256,210696.459043,101.491854,546.180527,-18.431062,542.203092,-138.398571,543.101322,59.943570,-0.002183,1,0
10.767000,-56.339960,210016.444890,-176.317477,211292.605548,63.704095,212236.196245,101.648630,541.888525,-18.160864,546.878174,-138.018151,542.484618,59.950303,0.005142,1,0
10.800000,-56.431762,211508.452484,-176.397997,210488.773035,63.601905,210235.446546,101.675906,541.579684,-18.527735,542.527760,-138.542074,546.080569,59.947493,-0.000268,1,0
10.833000,-56.459450,211165.288807,-176.246822,211675.391547,63.517593,211891.126855,101.773417,546.721876,-18.304121,544.842236,-138.377482,544.918418,59.948653,-0.007932,1,0
10.867000,-56.458330,211746.174470,-176.470982,209011.102895,63.788510,210415.113895,101.583379,545.072929,-18.456550,549.621938,-138.247123,556.397621,59.949360,0.000515,1,0
10.900000,-56.407331,209599.582135,-176.241897,212132.540101,63.674087,213040.240717,101.502134,551.132270,-17.840677,541.795950,-138.279650,542.752565,59.951024,-0.019476,1,0
10.933000,-56.354065,209685.773737,-176.260942,211883.666100,63.445872,210632.819168,101.822280,549.936756,-17.998424,551.761198,-138.738498,545.345130,59.953372,-0.003506,1,0
10.967000,-56.352611,211211.103812,-176.299414,211329.551778,63.790212,210125.982496,101.588816,548.768770,-17.987658,544.197851,-137.999617,543.369341,59.951111,0.004524,1,0
11.000000,-56.460669,210071.895230,-176.217164,211358.285528,63.560300,211006.003371,101.688366,552.522258,-18.155442,549.600379,-138.332465,552.654795,59.948914,-0.000170,1,0
11.033000,-56.282946,210192.543497,-176.500340,212416.995655,63.629025,210062.496734,101.719819,544.365303,-18.540291,549.846514,-138.440324,553.879895,59.949721,0.007457,1,0
11.067000,-56.373588,211405.484187,-176.355429,210160.644278,63.591100,210114.107007,101.810652,543.210807,-18.417096,546.827202,-138.354734,545.603793,59.948648,0.011530,1,0
11.100000,-56.434552,211025.282015,-176.224945,211137.352296,63.545904,210812.530470,101.299414,544.846671,-18.060646,541.736141,-138.262753,543.588102,59.959994,-0.000801,1,0
11.133000,-56.280751,210614.593109,-176.339577,211288.377488,63.690978,211139.832291,101.767599,543.830097,-18.350498,540.567040,-138.388328,544.371676,59.953023,-0.000022,1,0
11.167000,-56.535139,210296.648738,-176.217658,210308.407367,63.579367,210487.435585,101.210936,548.034193,-18.173085,538.237242,-138.673035,539.418547,59.951779,0.000371,1,0
11.200000,-56.363656,210736.864464,-176.321075,209131.751660,63.728807,209434.374378,101.740886,548.346786,-18.334607,545.043040,-138.546416,544.309593,59.962402,-0.008117,1,0
11.233000,-56.293825,209366.218783,-176.239864,209596.673193,63.757519,210758.674364,101.688318,546.888969,-18.103417,544.858690,-138.012940,544.131210,59.960551,-0.002309,1,0
11.267000,-56.234889,209042.678426,-176.362261,210486.347398,63.530222,210192.187006,101.671825,543.156576,-18.185428,543.697194,-138.691575,542.960045,59.959988,0.000964,1,0
11.300000,-56.426167,210365.940657,-176.380116,209340.974724,63.508020,211695.915419,101.540885,545.491962,-18.834389,540.669156,-138.533017,547.442266,59.951354,0.004026,1,0
11.333000,-56.342626,211024.151105,-176.490948,211969.018558,63.749803,211505.723205,101.517180,546.662947,-18.767239,545.998292,-138.249290,546.499582,59.955207,0.005253,1,0
11.367000,-56.359678,208589.762311,-176.359940,212049.879314,63.547418,210961.486906,101.469579,540.533034,-18.318549,546.665112,-138.163415,539.519733,59.949050,-0.005495,1,0
11.400000,-56.252741,210376.374228,-176.304091,210801.136323,63.608904,209486.611485,101.974281,544.575061,-18.558278,542.408126,-138.144160,546.788326,59.956842,0.003921,1,0
11.433000,-56.490385,210199.382891,-176.583908,210076.974466,63.535577,210026.086668,101.722763,549.855922,-18.569483,547.672550,-138.581821,545.394262,59.957550,-0.013146,1,0
11.467000,-56.560100,210153.679599,-176.366317,210872.555157,63.639909,210957.955105,101.523878,554.246503,-18.445008,545.221465,-138.136104,547.398475,59.952704,0.014985,1,0
11.500000,-56.477180,207946.813164,-176.340061,210828.430656,63.284272,209504.860974,101.773457,544.108836,-18.099912,548.995313,-138.833015,544.218387,59.954598,0.002071,1,0
11.533000,-56.192193,210595.703543,-176.376371,210229.880539,63.751546,210117.479351,101.921612,549.902358,-18.283756,553.436833,-138.426863,542.830157,59.957937,-0.007313,1,0
11.567000,-56.477109,207299.524993,-176.502232,210333.683956,63.549905,209471.539824,101.575663,546.199493,-18.555199,548.063580,-138.396556,546.436376,59.954621,0.001358,1,0
11.600000,-56.631761,210015.883181,-176.582996,207666.160592,63.685817,209512.920640,101.167770,551.344181,-18.512097,546.711843,-138.098845,545.454769,59.953813,0.012018,1,0
11.633000,-56.496603,208780.342410,-176.642710,209224.617609,63.417700,209632.094393,101.539995,549.709646,-18.806575,543.705837,-138.904423,541.835226,59.948598,0.001836,1,0
11.667000,-56.423722,208629.622265,-176.569759,211857.279725,63.580476,209642.989364,101.408520,543.810316,-18.626617,546.540265,-138.422150,550.098355,59.953151,-0.007686,1,0
11.700000,-56.438141,208803.419690,-176.699994,209381.061782,63.581616,210816.841626,101.324185,552.699736,-18.542707,547.808429,-138.380759,546.210555,59.960315,0.010351,1,0
11.733000,-56.536608,209638.378298,-176.369773,209652.915079,63.515953,210621.547881,101.203601,547.781416,-18.275787,545.688756,-138.367709,544.103984,59.954988,-0.009051,1,0
11.767000,-56.712997,209006.602518,-176.534108,210717.790949,63.447720,211417.748554,100.897734,541.414840,-18.574835,542.833462,-138.739710,545.440078,59.951599,-0.009473,1,0
11.800000,-56.564666,210969.381394,-176.494582,208890.590599,63.355415,210290.673079,101.635706,539.182375,-18.468100,546.990983,-138.451544,541.843965,59.956466,0.010003,1,0
11.833000,-56.614396,209440.950193,-176.451257,210446.640747,63.512069,209335.547735,101.541774,539.345398,-18.738535,541.174847,-138.550543,549.180844,59.959963,-0.006631,1,0
11.867000,-56.526471,209538.809633,-176.658472,210564.088625,63.460870,209837.331734,101.261796,543.082180,-18.650506,542.596601,-138.772996,544.714198,59.956747,0.001014,1,0
11.900000,-56.430194,211438.851981,-176.646544,210168.154492,63.571928,211598.071000,101.679934,538.917950,-18.601486,541.346719,-138.412150,539.624628,59.959950,0.002243,1,0
11.933000,-56.504968,211016.375165,-176.484638,210413.054765,63.398939,211597.547382,101.407639,542.936923,-18.263004,546.310920,-138.341817,543.310807,59.958056,-0.007733,1,0
11.967000,-56.469173,208781.560711,-176.709663,210109.882621,63.271007,210933.685929,101.563352,545.934807,-18.564912,540.737865,-138.575754,545.116777,59.966797,0.002885,1,0
12.000000,-56.554370,208473.812524,-176.565244,211190.133608,63.432890,208593.660495,101.449476,544.970087,-18.478278,542.424589,-138.793322,541.673856,59.953980,-0.001412,1,0
12.033000,-56.506073,209823.082652,-176.462304,210092.130843,63.474920,207964.508994,101.700064,545.370753,-18.590480,543.270133,-138.591116,543.335909,59.953249,-0.004022,1,0
12.067000,-56.531239,209599.469377,-176.747356,210936.933558,63.592065,210495.346750,101.338712,544.282416,-18.595121,546.910697,-138.328599,544.997288,59.961186,-0.003779,1,0
12.100000,-56.576133,209629.634264,-176.696481,210369.033316,63.304390,210699.189697,101.646527,549.286078,-18.770676,551.334021,-138.462740,542.901977,59.956291,-0.006938,1,0
12.133000,-56.597731,209076.061501,-176.448380,209981.481086,63.335177,208702.558536,101.237997,541.280121,-18.417988,537.244874,-138.569928,544.124909,59.956167,-0.004436,1,0
12.167000,-56.584034,208401.882743,-176.584521,209116.899978,63.528352,209000.918305,101.480741,540.529470,-18.686306,538.888788,-138.551971,537.341412,59.946036,0.007306,1,0
12.200000,-56.642725,210437.749588,-176.694662,210610.456382,63.330326,210789.644289,101.512297,541.175765,-18.412194,542.645393,-138.737311,541.213400,59.951152,0.009238,1,0
12.233000,-56.705088,210351.723071,-176.643611,209710.167141,63.360436,208109.465611,101.223274,540.149358,-18.376091,534.043918,-138.685704,536.346768,59.952128,0.007152,1,0
12.267000,-56.741838,208025.155206,-176.826571,209646.280435,63.450631,208832.629201,101.302512,543.429487,-19.190617,542.781446,-138.746566,537.017519,59.955286,-0.008712,1,0
12.300000,-56.578385,210011.460922,-176.808477,209045.133674,63.223997,209433.353419,101.559224,541.521784,-18.736916,538.020192,-138.795438,544.831281,59.960626,-0.006668,1,0
12.333000,-56.717371,207875.862144,-176.678610,209557.448667,63.263618,207569.238452,101.217885,538.552170,-18.624968,536.096884,-138.772469,533.828468,59.953214,0.002113,1,0
12.367000,-56.769946,210184.834746,-176.698925,209857.406464,63.348737,210025.358406,101.347934,538.039753,-18.648009,534.435804,-138.748519,534.746565,59.944177,-0.013252,1,0
12.400000,-56.773359,208584.196826,-176.711557,211059.261447,63.414695,209279.148993,101.255566,540.147633,-18.611747,546.623892,-138.743189,546.418451,59.948876,-0.007318,1,0
12.433000,-56.819479,209909.205715,-176.845385,209994.493897,63.216385,209456.129960,101.215904,548.687472,-18.990930,543.445418,-138.609564,546.273760,59.954481,0.001243,1,0
12.467000,-56.839932,210671.000961,-176.999465,208970.498797,63.133118,210692.671490,100.959595,543.583168,-18.858618,536.131478,-138.671570,540.617029,59.950699,-0.005396,1,0
12.500000,-56.819563,210736.427018,-176.776056,210256.855161,63.187077,208275.637521,100.952483,540.938477,-18.867542,545.632730,-138.872066,533.377020,59.950220,0.013713,1,0
12.533000,-56.810424,210177.264038,-176.727553,210096.463169,63.116471,208832.265954,101.611264,543.125834,-18.445571,542.875943,-138.911109,538.067032,59.954224,0.003523,1,0
12.567000,-56.928107,209586.892962,-176.834245,208739.837003,63.208881,210572.706710,101.041667,538.093530,-18.775451,535.037698,-138.637531,540.133062,59.952532,-0.000660,1,0
12.600000,-56.842687,209345.355048,-176.776003,208829.769535,63.125622,208414.452360,101.197961,544.446645,-18.665663,535.357382,-138.943678,540.779047,59.952129,0.005915,1,0
12.633000,-56.874845,208019.724018,-176.867575,208638.646063,63.130932,208842.119645,101.109935,537.996036,-18.868934,541.331840,-138.716419,539.083643,59.959515,-0.004319,1,0
12.667000,-56.784893,208431.245407,-176.889656,208413.761155,63.139334,207918.132286,101.175979,532.377463,-19.050015,541.183320,-138.950182,539.091540,59.953512,0.006077,1,0
12.700000,-56.986533,211250.078555,-177.037345,210008.189218,63.178721,208307.567049,101.121104,539.077149,-18.980524,536.146658,-138.726038,536.747125,59.959391,0.012557,1,0
12.733000,-56.843426,208915.915940,-176.936877,208847.905929,63.124132,207900.298263,101.142219,536.816064,-18.950827,542.851557,-139.085912,537.885959,59.960770,-0.005685,1,0
12.767000,-56.872899,210138.146594,-176.755835,210283.371554,63.140214,209021.868746,101.125857,535.573628,-19.001857,538.003112,-139.013304,536.645239,59.955455,-0.008646,1,0
12.800000,-56.695774,208546.796854,-176.870619,208638.757553,63.119150,208667.296656,101.280513,539.623206,-18.988813,543.444340,-139.224223,539.957375,59.957048,-0.005743,1,0
12.833000,-56.788455,209116.960341,-176.936098,209926.328126,63.222398,210983.891412,101.003356,534.576757,-19.394908,538.370634,-138.729522,539.106704,59.954881,0.015075,1,0
12.867000,-56.929010,208216.434483,-176.817534,209688.999242,63.335674,209330.179778,101.080756,536.874487,-18.628524,539.336774,-138.495744,535.918020,59.966783,-0.007440,1,0
12.900000,-56.756042,209617.787493,-176.819727,209626.953596,63.356258,210355.353295,101.299660,541.563512,-18.944218,541.630763,-138.704367,543.097777,59.962478,-0.001231,1,0
12.933000,-56.450624,207399.988774,-176.697116,207253.277341,63.228350,207539.180731,101.911348,543.431614,-18.438578,541.005165,-138.584800,538.267690,59.963565,-0.020254,1,0
12.967000,-56.809855,208058.110648,-176.562729,208151.582922,63.187103,208448.323534,101.295295,538.430050,-18.602975,542.699948,-138.817379,535.666854,59.956909,0.007221,1,0
13.000000,-56.768532,208998.005271,-176.919794,208890.671562,63.267086,207490.702010,100.998140,540.033165,-18.789110,533.208291,-138.961585,540.261798,59.954262,-0.004344,1,0
13.033000,-56.946301,207089.742562,-176.673708,209747.235428,63.370585,207756.328073,101.125323,538.080322,-18.773771,538.417298,-138.522855,539.683926,59.959706,-0.014861,1,0
13.067000,-56.672327,208082.721353,-176.948575,209067.140830,63.236363,209352.205204,101.532264,537.228193,-19.006113,535.539473,-138.554079,537.493693,59.953920,0.009941,1,0
13.100000,-56.722763,209768.215940,-176.849501,208309.741363,63.325222,208902.524389,101.092556,537.124419,-18.785462,540.238609,-138.541547,535.938608,59.947178,0.004771,1,0
13.133000,-56.978855,209465.899942,-176.845588,210362.987026,63.055181,209039.430732,100.685675,545.530596,-18.926238,533.305366,-139.202292,533.841731,59.960151,-0.009980,1,0
13.167000,-57.138629,208665.082049,-176.851749,208386.235989,63.076333,208568.870762,100.801515,537.053686,-18.767941,535.250720,-138.758460,535.423852,59.949043,-0.012380,1,0
13.200000,-56.654211,207373.795098,-176.801135,209370.271779,63.408485,210590.962814,101.206133,536.034027,-18.901732,537.436851,-138.490065,532.254380,59.961067,0.007374,1,0
13.233000,-56.873304,208097.744982,-176.714450,209917.276925,63.160365,208126.435649,101.248113,541.008260,-18.457140,533.533913,-138.772021,533.822330,59.956885,0.001329,1,0
13.267000,-56.781444,207215.231316,-176.782138,210705.531891,63.158444,207353.648818,100.997834,531.293419,-18.853054,530.478820,-138.946415,537.864817,59.957943,-0.003819,1,0
13.300000,-56.924055,209067.439476,-176.695434,207946.576640,63.307265,209878.953988,101.118060,533.475501,-18.595612,532.643107,-138.335500,535.001147,59.950072,-0.006081,1,0
13.333000,-56.893914,209769.165956,-176.887510,209866.074675,63.337869,210034.986232,101.083253,530.168701,-18.922861,539.719724,-138.635532,535.990426,59.957238,-0.002463,1,0
13.367000,-56.876509,207507.287962,-176.800148,209161.205738,63.079138,209599.673655,101.174638,544.333519,-18.638051,537.354335,-139.063350,531.052862,59.946847,-0.006150,1,0
13.400000,-56.888414,210492.203559,-176.860992,207891.281801,63.306210,210149.616644,100.828318,535.078318,-19.024681,538.745823,-138.504930,538.009792,59.946622,-0.010928,1,0
13.433000,-56.815415,208045.856201,-176.651780,208896.052109,63.402895,210448.223302,101.528724,534.163990,-18.886455,535.372053,-138.752083,538.031007,59.950808,-0.003527,1,0
13.467000,-56.891376,208937.347826,-176.784904,208089.777320,63.264145,207944.329009,101.011025,539.067674,-19.012922,528.755786,-138.584663,534.972402,59.956262,0.002425,1,0
13.500000,-56.660553,208890.695568,-176.702401,208391.801457,63.233172,209226.055005,101.476178,537.247013,-18.875570,537.829342,-138.961770,538.139973,59.947250,0.007023,1,0
13.533000,-56.774026,210116.113964,-176.773673,209189.416473,63.503325,208370.522948,101.151631,532.010300,-18.996727,534.377763,-138.580320,532.377345,59.953890,0.002536,1,0
13.567000,-56.782079,208292.766729,-176.670415,209387.026762,63.114271,209366.811103,101.450851,538.883597,-18.989894,536.686466,-138.663411,530.778174,59.950223,-0.005893,1,0
13.600000,-56.687849,209082.798261,-176.836844,207465.436364,63.192388,208292.701858,101.271965,535.936208,-19.156594,533.729321,-138.765870,539.607732,59.949844,-0.004313,1,0
13.633000,-56.883593,208875.182231,-176.841819,208677.778338,63.023704,207375.963845,101.328847,531.455482,-18.867814,533.445658,-139.010515,532.155132,59.948121,-0.015026,1,0
13.667000,-56.646256,207726.295270,-176.890082,208038.611944,63.123776,208451.562286,101.467892,531.808897,-18.958795,533.479426,-138.838172,537.378550,59.942639,0.003117,1,0
13.700000,-56.973725,208550.835845,-176.937906,209753.104622,63.097447,207048.303360,100.621279,537.611683,-18.773387,534.062428,-138.941537,534.406044,59.951007,-0.003010,1,0
13.733000,-56.908583,208480.707202,-177.039043,211979.666309,63.162073,208264.688066,101.170992,540.364304,-18.973470,535.297527,-138.827888,536.259369,59.947255,-0.010040,1,0
13.767000,-56.822800,208111.371737,-176.884661,209074.104237,63.145181,209476.061666,100.941894,535.822202,-18.647964,535.344611,-138.993776,536.546925,59.950411,-0.002731,1,0
13.800000,-56.696388,207655.451934,-176.915008,209591.832190,63.162555,207668.071342,101.503489,537.225380,-18.841431,534.510559,-138.823954,534.307316,59.941499,-0.004772,1,0
13.833000,-56.899966,209149.061765,-176.911935,207369.225878,63.388589,206022.808148,100.839658,539.465475,-18.936863,532.767475,-138.459827,536.752392,59.946691,0.004018,1,0
13.867000,-56.797620,208655.406819,-176.945024,208249.092016,63.096528,209961.987215,101.391851,536.124927,-18.891358,534.630977,-139.150189,533.064845,59.937530,0.010956,1,0
13.900000,-56.855143,209845.791314,-176.945661,207924.221871,62.869979,209351.598596,101.238973,539.690856,-18.556395,541.480984,-139.410168,538.410134,59.947061,0.008204,1,0
13.933000,-56.942686,208518.556595,-176.837508,208949.507588,63.132324,209440.031566,101.000799,536.741663,-18.790501,533.698948,-138.824472,538.511297,59.949838,0.007528,1,0
13.967000,-56.647514,207981.436225,-176.879075,209736.359069,63.078673,206903.185980,101.489271,542.932575,-18.626720,531.092487,-138.613964,532.272743,59.945420,0.000430,1,0
14.000000,-57.090602,209130.672064,-176.761142,207077.713295,63.320244,208295.077095,100.713503,528.524461,-18.560808,539.569082,-138.684191,531.151692,59.948520,-0.002257,1,0
14.033000,-56.903906,208924.813025,-176.937057,208179.745039,63.088194,207608.883364,101.125793,532.596115,-19.035549,533.594268,-139.006911,535.387606,59.953627,-0.003244,1,0
14.067000,-57.139815,207874.406697,-176.857887,208809.542805,63.337390,208959.503195,100.708810,529.302466,-19.200970,532.095278,-138.467486,534.700980,59.947437,-0.008987,1,0
14.100000,-56.734220,209011.911849,-176.773647,209600.789394,63.083181,209064.347177,101.313523,538.711824,-18.789911,536.237804,-139.025226,534.242014,59.950599,-0.006955,1,0
14.133000,-56.854059,207857.076702,-177.080246,210861.979718,63.143463,209261.381056,101.362202,534.589856,-19.353985,528.807268,-138.574921,537.410615,59.948480,-0.000628,1,0
14.167000,-56.736210,208082.562872,-176.926411,209509.530008,63.042558,209545.653139,100.963686,537.923916,-18.833181,534.641090,-138.779097,536.396489,59.949124,0.005742,1,0
14.200000,-56.842329,208561.491046,-177.094419,208498.223302,63.083364,208069.337600,101.221152,534.582125,-19.328638,530.866829,-138.960931,535.708702,59.941210,-0.004044,1,0
14.233000,-56.818865,209550.695505,-176.972960,208055.370185,62.825106,209923.905156,101.117441,533.944182,-18.844531,535.764297,-139.121300,533.761137,59.955595,0.009332,1,0
14.267000,-57.068954,209087.142127,-176.779734,209056.989990,63.014826,209611.727417,100.739843,528.780244,-18.783659,531.057329,-138.613967,538.865719,59.947975,-0.006413,1,0
14.300000,-56.730822,207636.842123,-177.005017,208371.477544,63.267298,207084.942081,101.547738,530.954802,-18.750450,530.074958,-138.764906,530.552667,59.947429,0.009652,1,0
14.333000,-57.063341,208236.562068,-176.865249,208601.149870,63.177582,209289.748795,101.199411,530.690637,-18.599907,528.093244,-138.753175,532.347176,59.943584,0.013343,1,0
14.367000,-57.040766,209942.975524,-176.786586,207655.732980,62.987401,208940.233158,101.003481,528.926311,-18.620146,532.180227,-138.960484,529.679586,59.946669,-0.011912,1,0
14.400000,-57.114092,207996.032090,-176.996659,207808.580074,63.204752,208355.785210,100.745879,530.161325,-19.304100,530.660222,-138.990169,527.659591,59.949534,-0.010474,1,0
14.433000,-56.934531,210103.266079,-177.008895,208852.758388,63.220932,208625.844699,101.004840,538.733595,-19.143689,531.978025,-138.738629,532.177361,59.951930,0.004810,1,0
14.467000,-56.799193,206996.269595,-176.920310,209292.953540,63.174856,207491.287789,101.012913,531.385591,-18.965208,532.918626,-138.621239,531.337953,59.946240,0.003086,1,0
14.500000,-56.797011,207988.591085,-176.843290,208237.857625,63.177333,209260.814995,101.045830,529.644169,-18.995606,532.603740,-138.764135,532.919134,59.954431,-0.008656,1,0
14.533000,-56.769696,208380.844445,-176.811292,210307.822528,63.091765,209691.680482,101.476086,531.658501,-19.043720,526.779460,-139.199519,529.217160,59.949962,0.005721,1,0
14.567000,-56.921123,209054.935507,-176.959785,209182.061571,63.057167,208719.777396,100.766817,530.251083,-19.086098,527.323719,-138.699600,528.512263,59.951663,0.005284,1,0
14.600000,-56.958804,208308.447799,-176.977870,208409.796656,63.170402,208103.747826,100.892221,531.013718,-18.904999,527.688610,-138.577542,532.461888,59.945250,0.000854,1,0
14.633000,-56.859466,210404.409190,-176.776333,207799.129489,63.187546,209203.993406,101.228040,524.869712,-18.878104,532.856145,-138.913813,535.994899,59.948394,0.013232,1,0
14.667000,-56.686621,208396.124577,-176.792179,207552.322975,63.020116,208225.696729,101.569354,534.888821,-18.809363,537.556796,-138.924734,537.249507,59.953998,-0.007205,1,0
14.700000,-56.843016,209460.258333,-176.937967,210034.224475,63.192053,207619.908245,101.144447,528.349403,-18.626322,527.399037,-138.866871,534.331452,59.952884,0.012353,1,0
14.733000,-56.890021,207809.562048,-176.861274,208762.465584,63.107284,207561.946690,101.316768,537.421926,-18.723575,533.795898,-138.550755,530.088559,59.954210,0.005665,1,0
14.767000,-56.990623,208103.376300,-176.904481,207864.297446,63.325885,207776.286366,100.845973,532.351946,-19.063978,536.923943,-138.633635,530.557621,59.950482,0.001095,1,0
14.800000,-56.753019,208550.436951,-176.813079,208267.428028,63.107702,207747.246339,101.241425,537.277034,-18.928338,527.820367,-138.843338,532.403633,59.948746,-0.007088,1,0
14.833000,-56.874581,207993.400209,-176.862036,210046.749800,63.200040,208844.781474,101.185298,533.467411,-18.993353,533.377344,-139.101074,529.069431,59.945439,-0.011130,1,0
14.867000,-56.801574,210232.977909,-176.913611,211108.934173,63.218576,210502.888234,101.184776,533.415429,-18.825253,525.791279,-139.124467,527.779237,59.951533,0.003914,1,0
14.900000,-56.874719,209027.496374,-176.844378,210056.330467,63.138747,207726.950258,101.160329,534.946106,-19.115029,527.718883,-138.728160,528.492070,59.951899,-0.003344,1,0
14.933000,-56.630929,207568.629803,-176.678499,207566.362703,63.179975,209498.444579,101.332574,531.112171,-18.588661,525.940890,-139.102688,535.178794,59.951938,0.003171,1,0
14.967000,-56.872980,209137.831631,-176.806553,209224.995895,63.151636,208918.345657,101.287094,530.513853,-18.713158,530.888303,-138.916933,531.626171,59.954263,0.006537,1,0
15.000000,-56.863458,208396.707088,-176.780023,210243.600296,63.150337,207891.683425,101.320059,530.228713,-18.766717,530.825446,-138.740049,534.277189,59.951397,0.007694,1,0
15.033000,-56.706099,209620.288212,-176.868403,209138.814518,63.131701,208972.822977,100.830044,529.126986,-19.003195,534.315760,-139.119353,526.575062,59.950904,0.001001,1,0
15.067000,-56.920979,206964.474623,-176.970347,207750.384765,63.265547,208700.980593,101.044217,528.750287,-18.931717,536.695980,-139.007890,526.191374,59.949701,0.003676,1,0
15.100000,-56.669400,209767.776862,-176.960542,208531.132734,62.981609,210120.567260,101.155915,534.334361,-18.868223,529.876213,-138.853075,528.773821,59.948460,-0.008868,1,0
15.133000,-56.717096,209572.221052,-176.852600,209301.184782,62.900448,208275.147552,100.913981,526.999972,-18.866560,536.697339,-139.102259,529.507218,59.948372,0.008563,1,0
15.167000,-56.940684,210246.493762,-176.926222,208951.056085,63.080298,207894.088419,101.011750,530.703406,-18.756890,532.797671,-139.045994,532.207577,59.955975,0.004726,1,0
15.200000,-57.010805,209118.373409,-177.112409,208931.636436,63.040042,208930.301900,100.815026,531.603065,-19.308472,533.670339,-138.867519,533.725060,59.957836,0.001685,1,0
15.233000,-56.987056,208005.552903,-176.836486,208727.602779,63.192045,208664.093009,101.153007,529.692149,-19.099324,529.572256,-139.004460,524.359688,59.949976,0.000245,1,0
15.267000,-56.843590,211120.707640,-176.946665,209883.492467,62.923373,207427.381229,101.338126,530.290001,-18.941756,531.290047,-139.382840,527.724050,59.947668,-0.016389,1,0
15.300000,-56.930153,209045.678745,-176.899939,210022.828738,63.253598,208812.968345,101.035674,530.313223,-18.932883,527.498075,-138.793794,527.094458,59.952108,-0.002641,1,0
15.333000,-56.823081,208955.472967,-176.682046,207813.346028,63.121390,208317.123097,101.399545,529.981431,-18.530368,530.392877,-138.579342,533.323739,59.954014,-0.002433,1,0
15.367000,-56.513304,208819.803352,-176.653543,208351.675341,63.233057,207747.602332,101.631760,526.085666,-18.906048,523.817463,-138.571549,530.477940,59.948899,0.005725,1,0
15.400000,-56.547206,211338.562454,-176.824919,209790.486063,63.191644,207291.375008,101.292421,530.354980,-19.015252,527.475420,-138.786993,531.138533,59.948307,-0.005766,1,0
15.433000,-56.924896,209330.272211,-176.872107,209421.865233,63.227406,210052.440399,101.210104,529.825235,-19.020851,534.903744,-138.902733,531.996255,59.943937,-0.002277,1,0
15.467000,-56.772405,209118.482064,-176.853135,209292.337958,63.236949,209304.008425,100.918135,532.397285,-18.759851,530.353645,-138.748851,529.831778,59.945142,0.005494,1,0
15.500000,-56.827591,207713.366870,-176.784185,207098.225825,63.145933,209399.113903,100.988376,533.494822,-18.994420,534.243179,-138.537479,534.481837,59.951016,0.007239,1,0
15.533000,-56.832169,208320.901594,-176.770176,209524.169140,63.211993,207610.283196,101.266790,534.466467,-18.721411,532.250856,-138.720380,531.685266,59.947568,0.000615,1,0
15.567000,-56.634015,208712.632968,-176.753715,210057.451441,63.296282,207127.092486,101.317020,528.270872,-18.713972,529.068479,-139.003513,532.809161,59.944326,-0.012615,1,0
15.600000,-56.714861,206364.554472,-176.825684,209843.927072,63.162954,208854.999028,101.307392,529.657427,-18.808903,526.418995,-139.116928,530.285132,59.945950,-0.015746,1,0
15.633000,-56.979159,208323.783056,-176.932541,209212.266130,63.228695,208356.560854,101.334403,534.231163,-19.046703,529.755217,-138.665898,531.250003,59.948799,0.014864,1,0
15.667000,-56.945942,207715.865539,-176.913609,209008.056121,63.448442,209544.656167,100.914043,531.002120,-18.914195,530.091199,-138.604385,525.852678,59.950659,0.003991,1,0
15.700000,-56.751069,209552.505247,-176.998188,209421.729933,63.093492,209250.524093,100.843761,528.716666,-18.958380,533.724282,-138.843062,526.324760,59.950890,-0.011275,1,0
15.733000,-56.728186,208699.727114,-176.635723,210023.878076,63.292755,210616.250024,101.460437,537.512912,-18.691426,536.939949,-138.391576,534.986621,59.945026,0.006842,1,0
15.767000,-56.837545,208143.153382,-176.840844,209818.895886,63.082693,208859.504808,101.206217,532.801967,-18.797983,529.558286,-138.656004,533.033897,59.943008,0.009421,1,0
15.800000,-56.987964,208102.604822,-176.758771,209504.132627,63.164621,208351.778919,101.127726,535.919433,-18.735070,534.501335,-139.098649,538.131900,59.947563,0.010329,1,0
15.833000,-56.828401,210041.173212,-176.731531,207984.083003,63.203560,208468.694658,101.142833,529.543616,-18.676749,526.961630,-138.766653,530.611116,59.946080,0.006978,1,0
15.867000,-56.972815,208937.879930,-176.886172,207396.837462,63.175958,207475.150119,101.097480,531.766900,-18.623801,532.806283,-138.676579,525.978039,59.951473,0.003522,1,0
15.900000,-56.745011,208689.359271,-176.703891,207204.925166,63.111106,207351.000767,101.386023,534.015912,-18.996120,535.984488,-139.200233,531.172178,59.949870,-0.002198,1,0
15.933000,-57.022962,208372.436072,-176.863838,208897.946674,63.056111,209088.265754,101.014777,531.803610,-18.871202,533.643519,-138.685427,531.302767,59.937033,-0.000216,1,0
15.967000,-56.882051,209192.413572,-176.984878,209257.457839,63.154311,206723.673080,101.060623,536.806982,-19.009086,539.767218,-138.982889,532.335413,59.948997,-0.002740,1,0
16.000000,-56.981152,207257.956546,-176.848784,209313.270239,63.099660,209457.869743,100.862835,532.259942,-18.658540,524.810701,-138.715990,529.398382,59.952195,0.007983,1,0
16.033000,-56.808922,207149.004153,-176.792215,207199.292744,63.227537,208211.080367,101.128716,531.966481,-18.820767,536.374392,-138.737261,532.275436,59.939436,-0.007472,1,0
16.067000,-56.856490,207717.915160,-176.732366,208117.700942,63.040738,207456.522063,101.136479,530.681979,-18.822535,528.392190,-139.137469,533.008903,59.946403,-0.007782,1,0
16.100000,-56.877961,208440.394644,-176.817862,207688.732368,63.126161,208949.402934,101.145142,529.219794,-19.039606,529.712426,-138.870428,533.455576,59.942567,0.006842,1,0
16.133000,-56.728378,208907.805715,-176.908390,209984.607703,63.056140,209908.106715,101.234008,532.537611,-18.983481,528.137617,-138.869198,533.572612,59.945603,-0.017364,1,0
16.167000,-56.817393,206618.421114,-176.927299,208385.500679,63.169108,206781.673815,100.914567,530.835883,-18.675376,535.516758,-138.659826,532.262911,59.943249,-0.004564,1,0
16.200000,-56.901096,208787.985257,-176.653845,208765.292103,63.186642,207928.899020,101.272266,535.413839,-18.706882,534.740233,-138.794636,525.279861,59.953868,-0.011045,1,0
16.233000,-56.918057,208974.955465,-176.742054,208172.279829,63.201671,208014.114953,100.991492,531.770087,-18.886327,531.514589,-139.112481,535.387250,59.946724,0.008525,1,0
16.267000,-56.884351,206364.912491,-176.808566,207674.502876,63.273299,205815.588088,101.374456,527.087535,-19.046434,530.126651,-138.557734,530.365650,59.943429,0.000489,1,0
16.300000,-56.600514,206435.055652,-176.850323,206408.828492,62.968178,208386.854787,101.259375,534.157771,-18.654174,536.168445,-138.996351,526.036361,59.941963,-0.007642,1,0
16.333000,-56.951564,207243.634766,-176.880036,208358.272872,63.393622,207497.825243,101.309430,537.728617,-19.029485,536.929766,-138.828410,532.869710,59.942746,0.007464,1,0
16.367000,-56.693553,208562.588098,-176.719114,208168.523113,63.271292,208246.606650,101.223615,531.607804,-18.537705,537.889225,-138.668729,540.016112,59.946438,0.002248,1,0
16.400000,-56.831525,209410.314344,-176.888005,208121.858027,63.152043,207161.232553,101.133606,534.395700,-18.870609,533.362839,-138.523482,534.028560,59.949307,0.000767,1,0
16.433000,-56.943959,209050.561212,-176.848294,209775.291008,63.067195,208561.882269,101.017465,533.668410,-19.064159,537.636899,-139.108499,536.670512,59.943102,-0.010075,1,0
16.467000,-56.881742,205625.491282,-176.943602,206813.142410,63.033822,208736.744997,101.066780,539.834194,-18.546791,532.616003,-138.770904,538.966134,59.946454,0.004592,1,0
16.500000,-56.788278,207035.781928,-176.701154,206410.253465,63.108791,208364.683474,101.435316,533.746280,-18.670970,536.845284,-139.063309,540.482541,59.948677,0.000725,1,0
16.533000,-56.753913,209815.390196,-176.834478,208987.059905,63.178005,207649.395647,100.998809,536.278326,-18.647311,537.075982,-138.794119,537.203486,59.947809,0.005386,1,0
16.567000,-56.864755,208432.264334,-176.913115,208759.738655,63.100792,207926.282855,101.075275,534.404048,-18.860204,536.721948,-139.234869,534.425967,59.942313,-0.010565,1,0
16.600000,-56.881157,206733.132950,-176.804757,207490.117167,63.247160,208403.346622,101.130959,539.447691,-18.584640,537.449334,-138.762775,536.731051,59.949832,-0.000363,1,0
16.633000,-56.982412,207317.740460,-176.845735,207102.302298,63.055855,209731.062297,101.189655,542.249225,-18.728531,540.398494,-138.733561,538.600374,59.945644,0.005737,1,0
16.667000,-57.084932,208070.047479,-176.874335,208084.430649,62.980477,208219.688887,100.890202,542.575668,-18.920850,542.796710,-138.869499,538.776548,59.939728,0.008886,1,0
16.700000,-56.753346,208811.538689,-176.640769,207435.206881,63.079936,208517.097807,101.460705,544.724059,-18.621563,543.659623,-138.838777,543.423565,59.940017,0.000784,1,0
16.733000,-56.944379,207171.227038,-176.872564,207333.150739,63.185474,208419.559778,100.803979,539.644118,-18.786684,540.150566,-138.539639,541.332858,59.941871,0.004140,1,0
16.767000,-56.793800,206935.749286,-176.774944,207606.811613,63.171141,206938.192700,101.135024,540.983256,-18.990010,541.855911,-138.512252,538.370776,59.935718,-0.005279,1,0
16.800000,-56.992268,207213.994654,-176.805906,207231.774530,63.190091,207889.630321,101.040745,541.283583,-18.759567,543.532746,-138.715922,543.378453,59.944362,0.001993,1,0
16.833000,-56.593747,208481.921193,-176.659689,210276.432288,63.268345,207895.634766,101.387629,540.657372,-18.618097,544.727425,-138.766397,540.170145,59.943600,-0.002073,1,0
16.867000,-56.761419,207368.626453,-176.702204,208268.399751,63.090278,208285.519144,100.986633,542.644575,-18.736653,535.174630,-138.880772,545.910003,59.941922,-0.009285,1,0
16.900000,-57.044761,208274.329299,-176.732123,209365.912823,63.086383,208172.855691,101.030534,539.977565,-18.686699,543.502304,-138.872608,543.802124,59.937705,0.005498,1,0
16.933000,-56.927916,208806.219910,-176.744048,207682.019999,63.350171,207001.812188,100.960523,544.906910,-18.890849,540.005798,-138.541851,547.994469,59.941969,-0.003868,1,0
16.967000,-56.816883,209977.447015,-176.913517,208765.090578,63.261324,208687.492854,101.082028,543.881475,-18.742288,542.071891,-138.629939,540.744150,59.945081,-0.011818,1,0
17.000000,-56.737526,207695.972627,-176.820422,208105.908452,63.224207,209470.091222,101.378051,550.487925,-18.671652,550.002777,-138.858749,544.631362,59.938520,0.013513,1,0
17.033000,-56.727496,207746.903981,-176.852254,208136.419806,63.120279,208978.067167,101.549937,544.756393,-18.847057,546.209613,-139.014117,545.824156,59.948711,0.012628,1,0
17.067000,-56.672028,210222.298077,-176.940423,208670.688173,63.259044,209217.176970,101.566934,544.119426,-19.301586,545.995200,-138.772368,546.458671,59.942211,-0.000186,1,0
17.100000,-56.648725,208826.253757,-176.617580,209459.301484,63.276810,208648.828791,101.433874,543.128733,-18.732404,545.132441,-138.897475,542.671819,59.953110,-0.003248,1,0
17.133000,-56.715222,208919.063762,-176.754569,210663.305172,63.184615,207548.181228,101.186107,544.298236,-18.773833,548.453828,-138.862014,543.985416,59.945142,-0.003725,1,0
17.167000,-56.612033,209011.473812,-176.605265,208603.239158,63.182866,208061.924378,101.473673,541.125655,-18.382762,548.924911,-138.919045,540.958672,59.942062,-0.003820,1,0
17.200000,-56.737140,207722.751762,-176.741961,207240.180195,63.351290,208220.293552,101.343429,549.488052,-18.599747,548.135097,-138.814014,540.443352,59.948445,-0.004776,1,0
17.233000,-56.643317,208588.414705,-176.500271,208499.309988,63.289045,207719.122029,101.070433,549.108450,-18.353393,548.471696,-138.607541,541.689897,59.951238,0.006191,1,0
17.267000,-56.677249,208987.605860,-176.680159,206684.427742,63.188248,208360.399545,101.181490,545.741207,-18.747906,540.047833,-138.716402,546.096937,59.949411,0.004907,1,0
17.300000,-56.652655,208826.542246,-176.728584,209145.009996,63.413172,208079.957612,101.320903,546.047682,-18.958690,545.488784,-138.625458,546.080856,59.936565,0.012214,1,0
17.333000,-56.954021,208362.127619,-176.734600,206707.700797,63.099038,209595.158154,101.264319,551.708667,-18.470110,551.402784,-138.991813,547.471848,59.944223,-0.000527,1,0
17.367000,-56.721937,208926.570004,-176.707772,206565.074220,63.098483,207616.132233,101.283696,551.439144,-18.749500,549.319002,-139.000506,552.507193,59.945914,0.006033,1,0
17.400000,-56.603869,207926.732390,-176.734483,209226.992299,63.175808,209059.941074,101.710853,553.477081,-18.813622,553.968395,-139.108985,553.627938,59.939742,-0.024167,1,0
17.433000,-56.717645,207430.603000,-176.686404,208523.204418,63.112657,206957.317030,101.215530,551.663881,-18.488571,548.293088,-138.721862,551.307940,59.938689,0.008272,1,0
17.467000,-56.893578,208464.721914,-176.801361,208573.412716,63.273386,207770.732549,101.281545,555.048061,-18.969469,547.927778,-138.763628,558.922816,59.937579,0.001332,1,0
17.500000,-56.661218,206881.612498,-176.644123,208573.844166,63.303974,206139.792934,101.212682,553.462879,-18.706392,557.838589,-138.844836,555.716794,59.941069,-0.005166,1,0
17.533000,-56.936211,207136.547671,-176.944322,208716.808810,63.337925,207431.945631,101.135179,550.743447,-18.958131,546.423229,-138.633232,550.214797,59.942238,0.003144,1,0
17.567000,-56.764113,209276.810888,-176.877912,209050.994230,63.370228,209319.174911,101.342124,553.656616,-18.564503,554.437716,-138.888465,547.132347,59.945503,0.008670,1,0
17.600000,-57.067685,208714.726287,-176.679532,209347.735583,63.358776,208144.202406,101.161454,547.870284,-18.725475,550.959465,-138.522302,555.569264,59.938605,-0.001153,1,0
17.633000,-56.802071,209160.242939,-176.795103,208194.951304,63.244431,208039.000208,101.246260,551.809221,-18.479565,554.057516,-138.528962,550.563673,59.940449,0.001031,1,0
17.667000,-56.775576,209037.083104,-176.810793,210612.392794,63.334084,208740.353443,101.156802,548.290238,-18.501235,552.179035,-138.910836,549.851965,59.947421,-0.001163,1,0
17.700000,-56.786776,209680.729852,-176.860004,208047.974990,63.192143,208461.039744,101.011397,549.410130,-18.448956,548.104635,-138.675559,553.924570,59.943540,-0.005395,1,0
17.733000,-56.922376,209374.726906,-176.852298,209589.376099,63.219094,208965.536465,101.171542,547.148846,-19.003233,556.550863,-138.828912,553.922617,59.946278,0.008652,1,0
17.767000,-56.924120,209231.811545,-176.771242,208764.198731,63.176817,208783.876976,101.000864,554.424519,-18.777436,547.680697,-138.856408,550.615672,59.945132,-0.003921,1,0
17.800000,-56.772789,207128.948507,-176.822785,209781.948840,63.215286,206795.543325,100.805539,551.532885,-19.002771,552.882118,-138.865640,555.397768,59.950323,-0.005606,1,0
17.833000,-56.755084,209705.895129,-176.730130,209607.791159,63.201546,207643.018242,100.988734,553.853604,-18.804341,549.387195,-138.603105,550.623712,59.943749,0.001587,1,0
17.867000,-56.862532,208459.157205,-176.821160,208957.659536,63.387283,208699.747885,101.118226,545.143640,-18.690440,544.000837,-138.598917,552.667847,59.939120,-0.003153,1,0
17.900000,-56.755777,207338.524655,-176.918331,207933.745416,63.201818,209977.389576,101.314736,544.314837,-19.003622,545.615494,-138.518558,544.997359,59.947746,-0.011132,1,0
17.933000,-56.899737,208762.662989,-176.936494,208907.772504,63.142275,207847.329543,101.158498,543.873936,-18.631170,547.043555,-138.913479,548.459961,59.946780,-0.001856,1,0
17.967000,-57.011537,209217.378118,-176.644344,207455.241138,63.073143,207513.424047,100.878361,546.811576,-18.358174,545.465026,-138.804175,549.785942,59.943861,-0.002628,1,0
18.000000,-56.804273,208757.227271,-176.855059,209200.564077,63.215240,208735.780254,101.234078,550.257262,-18.660634,552.801736,-138.904757,546.169216,59.956154,0.001094,1,0
18.033000,-57.045814,208668.766229,-176.742694,207701.712297,63.196780,209295.753169,100.803689,544.921961,-18.695753,552.390272,-138.892213,551.895173,59.947732,-0.013778,1,0
18.067000,-56.705015,207529.921365,-176.831947,208299.224182,63.336291,207208.931243,100.775334,546.274751,-18.825981,552.290363,-138.416913,550.058019,59.945806,0.000386,1,0
18.100000,-56.677598,208798.138534,-176.864979,208564.674477,63.269032,207349.204388,100.990801,551.174173,-18.675204,552.114373,-138.701103,550.530334,59.948120,-0.000255,1,0
18.133000,-56.846326,207838.421687,-176.785597,209485.025989,63.355921,209750.282490,101.232165,549.508652,-19.294120,552.958277,-138.943825,548.280953,59.949008,-0.011499,1,0
18.167000,-56.740586,206071.740454,-176.668542,207930.713572,63.371815,206854.745640,101.589425,555.828283,-18.385226,546.752744,-138.431792,548.394249,59.952123,0.003676,1,0
18.200000,-56.861746,208542.451590,-176.921544,209432.179871,63.142903,207886.344152,100.867188,545.752271,-18.771437,544.587136,-139.051779,552.230549,59.947948,0.004649,1,0
18.233000,-56.684104,209196.481000,-176.979785,208628.630693,63.176855,206491.710243,101.405408,546.958485,-18.796649,546.638456,-139.042069,548.127287,59.957324,0.000109,1,0
18.267000,-56.645209,208737.794066,-176.704567,207986.174003,63.313739,209075.756884,100.952621,557.599582,-18.883633,545.062715,-138.791345,559.787786,59.946222,0.000361,1,0
18.300000,-56.753673,206519.454289,-176.682076,208016.251199,63.261494,209195.590615,100.953152,551.852693,-18.943345,554.336357,-138.746358,552.257992,59.950741,-0.001046,1,0
18.333000,-56.761825,209067.482582,-176.851085,209098.503453,63.390099,206873.978051,101.235060,546.809279,-18.970880,547.614801,-138.531327,553.951104,59.948153,-0.001317,1,0
18.367000,-56.587490,208361.712112,-176.711177,208536.128592,63.295721,208199.655061,101.281718,548.085439,-18.514077,552.782954,-138.835788,552.496785,59.946568,0.000040,1,0
18.400000,-56.581314,209806.291060,-176.678024,209345.101656,63.171645,208437.250553,101.409282,548.516427,-18.777588,549.100732,-138.374577,550.398548,59.940411,-0.001851,1,0
18.433000,-56.853636,209887.404149,-176.611576,209653.227212,63.108628,208401.346849,101.141294,546.808852,-18.267503,550.803034,-138.942653,549.723730,59.937699,-0.005320,1,0
18.467000,-56.753301,208735.340759,-176.877395,207913.681757,63.201202,208996.135769,101.177477,544.987260,-19.070623,555.571783,-138.504602,552.384994,59.942303,-0.005325,1,0
18.500000,-56.590276,208531.273305,-176.702430,209956.363599,63.253436,207832.702584,101.598236,551.300603,-18.353613,551.329416,-138.805897,549.384185,59.936314,-0.011982,1,0
18.533000,-56.747484,209012.838869,-176.566436,209665.432393,63.158680,207678.616097,100.795511,549.824769,-18.263613,546.928191,-138.865687,550.474414,59.928409,-0.008835,1,0
18.567000,-56.692779,208972.268288,-176.740845,207674.150247,63.365653,209748.573021,101.407536,556.365206,-18.646747,557.250262,-138.699083,550.843523,59.951794,-0.003706,1,0
18.600000,-56.719632,208560.644736,-176.760203,208912.547196,63.409272,209266.000609,101.158174,551.123079,-18.833627,551.133638,-138.646614,551.421842,59.946321,-0.011169,1,0
18.633000,-56.932172,209529.561369,-176.816880,209813.614019,63.216745,207397.694865,100.818714,550.934268,-18.853813,551.523526,-138.941515,554.007305,59.946072,-0.007452,1,0
18.667000,-56.715965,207571.097970,-176.537202,209479.032037,63.197958,210333.219460,101.495516,555.279781,-18.565861,549.279663,-138.759137,542.715284,59.940405,0.004494,1,0
18.700000,-56.688326,208617.908813,-176.909260,208018.285040,63.279140,208802.491264,101.340041,553.312592,-18.781906,553.021739,-138.995651,557.888058,59.941841,-0.004154,1,0
18.733000,-56.724930,209859.228488,-176.688198,210806.794951,63.029935,208887.481484,101.150680,557.204801,-18.820221,555.174800,-138.597413,558.012146,59.948757,-0.000098,1,0
18.767000,-56.928621,207845.114584,-176.844970,208956.839085,63.111127,209756.110784,101.588367,555.190656,-18.809867,557.507444,-138.759061,558.620620,59.948087,-0.007182,1,0
18.800000,-56.964085,208955.756009,-176.909787,209645.336548,63.224244,209651.048439,101.019317,557.714763,-19.019706,553.245191,-138.675601,558.969397,59.947549,-0.007384,1,0
18.833000,-56.700183,208119.815100,-176.793001,209828.931535,63.287172,209069.065609,101.292662,556.187939,-19.118828,555.212100,-138.957769,557.014023,59.937700,-0.007020,1,0
18.867000,-56.724131,208707.200404,-176.759159,208277.127479,63.240586,210190.886300,101.163592,560.130455,-18.587983,559.895681,-138.525808,559.523578,59.947194,-0.006989,1,0
18.900000,-56.979568,209254.843913,-176.948452,206834.477527,63.138903,208545.383357,101.113142,554.944301,-18.745147,557.098371,-139.066114,557.328490,59.944624,0.006978,1,0
18.933000,-56.818318,207375.991208,-176.760789,207232.983479,63.310771,208679.425516,101.371601,555.836298,-18.677443,564.403558,-138.908520,564.743635,59.940749,-0.003793,1,0
18.967000,-56.705852,208795.577762,-176.739931,208452.351597,63.213717,210236.721025,101.194866,560.778989,-19.125614,556.959678,-138.561503,557.411272,59.942668,-0.007006,1,0
19.000000,-56.811533,209450.217644,-176.612112,207151.489883,63.364151,209660.432296,101.006116,559.567711,-18.397244,559.323973,-138.826263,554.957772,59.943389,-0.017144,1,0
19.033000,-56.747941,207782.129648,-176.709515,209604.212863,63.178022,210168.041370,101.450617,557.485737,-18.662341,554.089816,-138.520801,559.167399,59.940044,0.005362,1,0
19.067000,-56.585070,209764.814467,-176.685455,208769.610765,63.221804,207210.746700,101.546490,558.436077,-18.531963,555.987011,-138.938913,557.298005,59.946017,0.003881,1,0
19.100000,-56.753163,207576.747722,-176.640491,208283.155261,63.541041,210029.090575,101.573505,559.030024,-18.718626,555.677018,-138.422115,554.990271,59.935001,0.008135,1,0
19.133000,-56.624749,209338.362848,-176.613030,210252.711360,63.473011,209589.563882,101.582665,558.335144,-18.286286,555.771755,-138.463391,556.808088,59.945763,0.001197,1,0
19.167000,-56.652359,209306.407910,-176.664754,207315.072321,63.316770,208977.103335,101.570729,559.004352,-18.872441,561.604625,-138.544247,558.153407,59.940000,-0.008326,1,0
19.200000,-56.813863,209288.823490,-176.714691,209063.830601,63.188089,206554.968470,101.034150,559.227280,-18.478343,561.141193,-138.796049,562.359970,59.942262,0.002135,1,0
19.233000,-56.647675,208601.557099,-176.661820,209580.632030,63.446969,208772.342124,101.581958,557.755223,-18.540555,558.456184,-138.756011,557.808313,59.946466,-0.003399,1,0
19.267000,-56.678194,208102.364855,-176.725402,208356.010582,63.397154,207770.928491,101.421461,563.798763,-18.845888,561.204953,-139.005799,559.039398,59.941538,0.011432,1,0
19.300000,-56.579265,207801.441166,-176.639952,207573.126812,63.296570,210011.674493,101.348975,562.496640,-18.531055,562.694035,-138.658917,566.351625,59.945641,-0.001177,1,0
19.333000,-56.629899,208665.382252,-176.673281,209067.633737,63.372723,209899.652357,101.429058,560.849173,-18.497543,569.800853,-138.302309,567.501614,59.942995,-0.011453,1,0
19.367000,-56.534496,209780.256983,-176.503339,207147.178799,63.265649,208529.348878,101.252227,562.494323,-18.859528,559.203982,-138.775015,565.440096,59.945429,0.005080,1,0
19.400000,-56.687819,208484.025590,-176.741517,209632.704653,63.466175,209023.257218,101.440586,556.761235,-18.643299,556.969393,-138.580847,561.811973,59.934475,0.013080,1,0
19.433000,-56.759389,207776.397443,-176.767632,208876.188619,63.334925,208982.765829,101.257849,562.676202,-19.016151,564.525108,-138.423539,564.719450,59.936158,-0.001086,1,0
19.467000,-56.693710,208045.960236,-176.726410,208753.170159,63.471429,208343.563292,101.180692,564.640253,-18.600422,562.637274,-138.649065,564.370707,59.934772,0.003128,1,0
19.500000,-56.755424,208573.818787,-176.837963,209130.875701,63.384609,209593.719976,101.238145,564.520543,-18.881055,561.913298,-138.774690,566.975077,59.942846,0.004837,1,0
19.533000,-56.570761,207512.369395,-176.583295,210309.814915,63.371850,207532.610427,101.750652,562.187179,-18.561332,564.431388,-138.457220,562.836624,59.937044,-0.005289,1,0
19.567000,-56.804845,210231.021130,-176.737525,209777.311353,63.237776,209066.628179,101.299786,564.355997,-18.811010,564.869365,-138.462739,565.362287,59.929892,-0.003814,1,0
19.600000,-56.881063,207932.832626,-176.797934,208980.006906,63.267611,209116.432784,101.368919,562.852918,-18.639346,564.313348,-138.680814,564.331942,59.935476,-0.007847,1,0
19.633000,-56.658382,209069.596043,-176.685133,208712.840923,63.275959,208305.803501,101.345628,559.327955,-18.651786,564.148825,-138.624710,561.745917,59.938955,0.000279,1,0
19.667000,-56.747696,209869.533248,-176.622679,209061.229734,63.279847,208011.113951,101.290594,556.518389,-18.466743,560.554176,-138.484492,569.628058,59.940648,-0.000862,1,0
19.700000,-56.655988,210113.139559,-176.721435,208959.911651,63.271622,207636.476378,101.491710,559.590344,-19.064729,563.390428,-138.820200,562.143823,59.934206,-0.008164,1,0
19.733000,-56.504071,208375.807105,-176.698211,209171.846566,63.411620,208838.530761,101.622276,570.010052,-18.345803,567.039384,-138.139988,562.184947,59.937317,0.002462,1,0
19.767000,-56.685655,209655.844275,-176.651621,208508.199205,63.486432,206143.505492,101.276654,565.472811,-18.796053,559.425497,-138.574436,565.624828,59.938111,-0.014691,1,0
19.800000,-56.527438,208533.203307,-176.583481,209559.384683,63.380237,209351.144731,101.987810,563.422918,-18.595798,565.159383,-138.878196,556.831126,59.928763,-0.011170,1,0
19.833000,-56.758498,209678.323968,-176.556034,207493.177190,63.409250,206776.500852,101.175585,567.924992,-18.719623,564.147162,-138.506831,564.888497,59.923728,0.006224,1,0
19.867000,-56.773666,207776.668265,-176.651922,208397.279711,63.257878,209805.903360,101.290622,562.110032,-19.005518,568.617208,-138.786518,562.400863,59.931185,0.008231,1,0
19.900000,-56.868703,208712.495197,-176.720342,208011.215882,63.286196,207898.595990,101.180710,570.072241,-18.605138,569.729095,-138.553704,568.284922,59.930458,-0.002079,1,0
19.933000,-56.696620,208076.014573,-176.501672,207954.535795,63.363517,209990.094816,101.140349,563.046696,-18.439878,562.447858,-138.700575,565.517690,59.930013,-0.007436,1,0
19.967000,-56.556828,207864.103644,-176.507800,209963.180054,63.443019,208551.442999,101.698723,564.307564,-18.455327,572.726390,-138.663329,565.224361,59.927131,0.000292,1,0
20.000000,-56.586692,208655.111544,-176.650551,208648.832658,63.482203,208880.511716,101.303908,565.830821,-18.544451,566.279121,-138.483413,564.640435,59.931303,0.001891,1,0
20.033000,-56.547061,209821.683085,-176.691035,208868.421604,63.396748,209666.382032,101.448178,562.403515,-18.956058,560.625961,-138.240219,565.297467,59.924738,-0.004578,1,0
20.067000,-56.521027,208802.158024,-176.534681,208071.755765,63.580090,209044.409432,101.331520,566.603939,-18.612089,566.798531,-138.172405,563.203334,59.929524,0.002637,1,0
20.100000,-56.448118,209026.819984,-176.353179,210278.784322,63.437566,208329.531212,101.673800,569.168882,-18.296056,566.426763,-138.314139,563.923204,59.936543,-0.009130,1,0
20.133000,-56.666266,206988.226305,-176.476653,207987.608374,63.472954,209144.726058,101.638439,564.614491,-18.678306,566.910395,-138.505962,570.636477,59.930712,0.005389,1,0
20.167000,-56.565713,207930.055210,-176.598140,208488.306071,63.438785,207471.214740,101.280155,564.948007,-18.371337,566.788466,-138.449550,563.103472,59.928465,0.009929,1,0
20.200000,-56.601074,208019.314089,-176.469573,210284.252843,63.664910,208824.012829,101.288286,562.522980,-18.604030,569.436100,-138.541592,566.701903,59.933522,-0.005296,1,0
20.233000,-56.510022,208622.192910,-176.592014,209082.175620,63.351164,208557.762647,101.187248,559.461288,-18.376184,565.171985,-138.725084,561.035987,59.928061,0.002877,1,0
20.267000,-56.399234,209678.356929,-176.604517,208266.800310,63.700324,208536.082657,101.423961,563.742731,-18.780882,570.512927,-137.890557,567.427438,59.933407,-0.007071,1,0
20.300000,-56.570643,209378.866805,-176.381312,207336.456735,63.334743,208111.820454,101.319818,565.372160,-18.343657,565.887076,-138.452761,565.414099,59.935308,-0.002397,1,0
20.333000,-56.588306,207991.607016,-176.427441,206525.518526,63.696545,207350.115359,101.462728,568.443557,-18.490154,567.034765,-138.256910,572.079467,59.930003,0.001140,1,0
20.367000,-56.417182,206316.438959,-176.511160,209080.033740,63.502582,207745.236923,101.419142,569.511498,-18.471491,565.306202,-138.400671,562.938464,59.940048,0.010679,1,0
20.400000,-56.372993,208022.911590,-176.483428,207324.742831,63.673668,206907.305614,101.567822,570.175164,-18.356712,573.146990,-138.514606,568.104334,59.936080,-0.004585,1,0
20.433000,-56.515726,209179.440244,-176.228197,209987.662343,63.447955,208944.715528,101.703964,569.479927,-18.329914,570.464384,-138.604036,567.214078,59.924674,0.007038,1,0
20.467000,-56.452702,207700.197796,-176.412062,207911.802822,63.494109,209122.755506,101.359239,568.637690,-18.662703,571.324125,-138.923956,570.094337,59.932095,-0.012119,1,0
20.500000,-56.402570,207505.791084,-176.424099,209241.853099,63.521886,208391.810020,101.536040,568.801523,-18.298056,564.797133,-138.414764,566.552101,59.933444,-0.010840,1,0
20.533000,-56.427413,208482.954978,-176.597202,207391.362314,63.319413,208452.336499,101.822677,579.653544,-18.225163,573.341395,-138.923704,564.597456,59.928815,0.017086,1,0
20.567000,-56.485937,208361.845616,-176.554028,208016.263274,63.446410,209538.016253,101.349692,566.331845,-18.396072,570.088335,-138.873035,574.020018,59.933312,-0.016653,1,0
20.600000,-56.394285,209547.753541,-176.491396,208377.965349,63.601032,208579.222117,101.506306,567.460756,-18.621480,566.665841,-138.543682,573.876425,59.935110,-0.005515,1,0
20.633000,-56.247020,209838.552746,-176.325833,208374.307011,63.730177,208339.058017,101.977500,572.725021,-18.329458,571.202957,-138.093785,564.939970,59.926162,-0.005014,1,0
20.667000,-56.498312,209177.609821,-176.354060,209323.735889,63.538591,207680.301726,101.419777,566.325459,-18.361212,570.849426,-138.490105,570.704625,59.940171,-0.007561,1,0
20.700000,-56.612049,208073.094952,-176.437237,209120.446559,63.502712,208733.339894,101.409148,567.633561,-18.289449,571.564726,-138.485875,574.860557,59.933886,0.003356,1,0
20.733000,-56.431110,208644.762785,-176.369772,208182.491769,63.395159,210275.039810,101.592883,573.145400,-18.441586,571.087790,-138.818652,571.246409,59.941559,-0.001861,1,0
20.767000,-56.605299,208048.589593,-176.553063,207173.426325,63.482775,208944.832785,101.285302,563.393178,-18.666382,575.185165,-138.277947,571.033892,59.932679,0.001910,1,0
20.800000,-56.332655,210304.270212,-176.422656,208783.134646,63.473129,208414.343665,101.766992,566.832324,-18.140763,569.921254,-138.504454,569.777251,59.937322,0.003591,1,0
20.833000,-56.614037,207366.885157,-176.442549,208838.197982,63.291281,208437.819634,101.345038,573.845946,-18.458193,569.848173,-138.676307,573.738099,59.934246,0.007917,1,0
20.867000,-56.701025,210021.690716,-176.579598,208893.164564,63.378001,208675.369130,101.151331,569.768053,-18.618172,570.172570,-139.131790,570.458759,59.930515,0.005495,1,0
20.900000,-56.577260,208755.033817,-176.424856,207626.674055,63.293314,207616.283435,101.655106,569.055798,-18.473032,571.749220,-138.774832,577.736529,59.936380,0.006400,1,0
20.933000,-56.588028,208292.796320,-176.616443,209196.023478,63.586319,208034.590769,101.194565,571.919985,-18.584964,574.084906,-138.621252,575.395236,59.928843,0.002518,1,0
20.967000,-56.660389,207981.619189,-176.666281,209757.344798,63.517893,207828.346586,101.574598,570.084967,-18.984055,572.735047,-138.329382,569.785365,59.931570,-0.001892,1,0
21.000000,-56.739105,206756.086879,-176.470368,209601.612160,63.437020,209091.919126,101.424359,573.629399,-18.449714,573.367238,-138.189353,569.682052,59.930892,0.005114,1,0
21.033000,-56.618558,208129.732818,-176.573087,208076.499391,63.374990,209566.455951,101.516563,570.101188,-18.750904,568.638695,-138.304880,571.392146,59.933229,-0.000358,1,0
21.067000,-56.566412,207868.779948,-176.680702,208343.777759,63.497735,209928.757129,101.576519,574.975794,-18.678990,570.247248,-138.191272,574.942414,59.934363,0.007609,1,0
21.100000,-56.717629,209480.992992,-176.562274,209288.465949,63.347754,208339.281898,101.097251,574.274263,-18.576604,581.707503,-138.679478,578.153579,59.926273,-0.006973,1,0
21.133000,-56.573993,209732.770566,-176.595755,209824.055969,63.447059,206892.008383,101.606306,576.528043,-18.552590,576.250012,-138.394970,576.375109,59.928779,0.002157,1,0
21.167000,-56.830648,208040.831336,-176.582183,208384.251447,63.566526,208944.799322,100.937476,578.824722,-18.674744,572.678751,-138.571360,580.501739,59.928432,0.008051,1,0
21.200000,-56.686909,209058.719919,-176.630229,208364.222235,63.475966,208559.574885,101.245689,570.489279,-18.683162,573.064403,-138.282472,579.428316,59.935792,0.001714,1,0
21.233000,-56.750731,207938.071791,-176.635390,209658.017036,63.376217,209320.417320,101.114855,576.741365,-18.412102,581.384499,-138.545933,586.179410,59.930135,0.003526,1,0
21.267000,-56.503631,210661.636553,-176.665536,211672.036076,63.394108,208948.019906,101.368201,576.461974,-18.949827,574.212853,-138.489145,575.893403,59.938958,-0.003723,1,0
21.300000,-56.760339,210290.813842,-176.780551,208137.478401,63.283044,207453.683872,101.178722,580.926603,-18.809177,579.658456,-138.894159,574.817887,59.938876,-0.002223,1,0
21.333000,-56.680035,209008.926349,-176.834626,209419.160591,63.304785,207760.674326,101.418534,574.081044,-18.818808,571.768723,-138.948822,578.969349,59.943093,0.009155,1,0
21.367000,-56.745685,209303.651594,-176.681172,210221.383943,63.330981,208218.291153,101.054212,579.440194,-18.910599,575.534394,-138.805384,575.105027,59.925551,-0.016804,1,0
21.400000,-56.929551,209828.531683,-176.732076,208774.055993,63.379348,210611.997333,100.983343,578.704336,-18.760621,576.503511,-138.631292,577.150723,59.929047,0.003993,1,0
21.433000,-56.636679,208058.242831,-176.719015,209561.142051,63.450583,209205.480514,101.306427,577.199467,-18.646145,575.757629,-138.658451,582.052710,59.930924,-0.000208,1,0
21.467000,-56.769338,210432.684067,-176.362666,208471.095036,63.149391,208919.404448,101.360663,579.464877,-18.260360,581.730592,-138.723680,581.035721,59.930615,0.015945,1,0
21.500000,-56.579548,208146.605269,-176.778817,209464.710140,63.259325,209406.219746,101.458164,579.675509,-18.972526,579.880255,-139.040445,575.432375,59.938804,0.007667,1,0
21.533000,-56.715894,210097.663994,-176.861505,209940.299985,63.298367,209574.672054,101.070822,572.136770,-18.968492,578.576630,-138.732325,576.575247,59.933393,0.008573,1,0
21.567000,-56.632524,208835.168133,-176.777493,210097.166191,63.342379,208479.855946,101.443191,571.497774,-18.429119,575.845108,-138.524089,578.152884,59.945696,0.000035,1,0
21.600000,-56.640562,209623.950208,-176.633829,208973.237890,63.250625,211267.193667,101.381539,574.048121,-18.575805,577.532456,-138.731252,576.244535,59.938702,-0.002719,1,0
21.633000,-56.671150,208512.084558,-176.701989,210532.999659,63.280401,207970.467419,101.710643,574.781696,-18.534165,581.233324,-138.818368,576.896805,59.939969,0.014878,1,0
21.667000,-56.645745,211169.412596,-176.680230,210017.019536,63.330625,207175.873454,101.030270,582.269357,-18.847976,576.844353,-138.416296,579.613171,59.942622,0.006783,1,0
21.700000,-56.822320,209358.743117,-176.628596,210654.837098,63.218754,210295.329316,101.284022,580.027328,-18.624611,583.055079,-139.095288,578.839018,59.939091,-0.013500,1,0
21.733000,-56.615284,210441.510024,-176.822182,212078.802526,63.379699,209576.238754,101.165378,575.766002,-18.644423,586.056218,-138.597093,587.475614,59.944361,-0.000010,1,0
21.767000,-56.916166,210772.708231,-176.699443,209614.556751,63.293188,209251.198277,101.332760,581.451979,-18.717796,579.460975,-139.052696,585.529691,59.945553,-0.000230,1,0
21.800000,-56.812311,207948.173604,-176.601753,209286.977657,63.250197,208667.708429,101.195840,582.045695,-18.709945,577.544532,-138.862902,578.596109,59.940381,-0.004123,1,0
21.833000,-56.672066,211302.982878,-176.647843,209091.698691,63.388861,208302.795055,101.566056,575.507720,-18.657059,577.682569,-138.368356,576.706428,59.940047,-0.006956,1,0
21.867000,-56.621838,211817.325794,-176.757567,210253.536799,63.196793,209015.481340,101.510020,577.998284,-18.727955,583.448946,-138.673299,581.457797,59.945536,-0.001771,1,0
21.900000,-56.739456,210284.746586,-176.480501,210145.460767,63.142709,210091.450930,101.305781,575.864131,-18.293900,579.557912,-138.860293,582.627830,59.945386,0.000824,1,0
21.933000,-56.771985,210329.436658,-176.652797,210050.357266,62.996033,207930.584175,101.569815,569.385369,-18.385184,580.809582,-139.445476,571.493474,59.956363,-0.000373,1,0
21.967000,-56.639568,209912.116320,-176.656761,209303.300644,63.260211,210588.279566,101.271843,565.615761,-18.325720,575.273875,-138.885909,571.942077,59.948714,-0.001468,1,0
22.000000,-56.787546,209325.684272,-176.638649,211003.123372,63.140396,209990.147773,101.148676,578.528985,-18.849035,576.542102,-139.026058,574.945036,59.951235,-0.001892,1,0
22.033000,-56.604451,209476.927885,-176.825285,208787.773018,63.115825,209854.863457,101.619503,571.950525,-18.776183,577.072109,-139.068236,576.445739,59.950438,-0.002560,1,0
22.067000,-56.856457,208407.309988,-176.850493,211019.946564,63.080404,209350.860481,100.934044,580.217255,-18.699607,578.834157,-138.953031,577.012569,59.951258,-0.002426,1,0
22.100000,-56.722447,208877.158995,-176.745437,208852.636990,63.080990,210639.277829,101.121823,573.013122,-18.814492,575.241366,-138.888485,576.046478,59.948562,0.003477,1,0
22.133000,-56.805865,208959.539730,-176.739200,207307.051937,63.100503,208962.845140,101.305788,574.134993,-18.722663,568.860035,-138.876854,572.746900,59.949508,0.007690,1,0
22.167000,-56.779624,209318.048334,-176.734451,209689.700345,63.054564,209308.381683,101.246346,578.006475,-18.994141,579.781201,-138.896509,580.554055,59.946636,-0.005595,1,0
22.200000,-56.826283,207978.530095,-176.813922,209544.952004,63.324669,208557.905390,101.085118,579.675023,-18.795544,580.418195,-138.383234,576.966438,59.961816,0.000653,1,0
22.233000,-56.789726,209593.874884,-176.911242,209121.087488,63.197099,209587.574159,100.985943,579.402353,-19.166237,574.961282,-139.130550,577.735361,59.955062,-0.004319,1,0
22.267000,-56.785271,210079.332468,-176.794760,210099.595292,63.233218,208699.727948,100.812733,575.955490,-18.879012,575.098634,-138.699143,572.814734,59.954553,0.003537,1,0
22.300000,-56.975689,208631.663721,-176.730348,209847.170591,63.247156,207846.410066,101.357850,574.609700,-19.071780,574.107580,-138.609396,571.701669,59.945319,0.002292,1,0
22.333000,-56.956435,209087.376860,-176.816366,207414.273046,63.422453,209404.919377,101.470676,571.260153,-18.586754,573.225554,-138.657665,573.183371,59.954106,0.011771,1,0
22.367000,-56.761940,208110.480880,-176.762702,210145.027880,63.086405,209022.669802,101.405548,573.140228,-18.569915,573.002507,-138.947921,572.591062,59.954984,-0.006126,1,0
22.400000,-56.696245,209558.275165,-176.805236,208591.570641,63.159164,209235.370226,101.363174,582.297566,-18.750193,575.993647,-139.107241,575.599484,59.955286,-0.018739,1,0
22.433000,-56.869350,208789.329656,-176.643726,208797.073259,63.136998,207025.381727,100.778600,574.540665,-18.827135,575.627487,-138.973803,578.580187,59.948025,0.002809,1,0
22.467000,-56.808284,210844.154071,-176.836983,209066.760322,63.304500,208610.037355,100.822112,578.300521,-18.507846,571.998476,-138.751912,576.936342,59.959515,0.001764,1,0
22.500000,-56.766249,208264.205379,-176.914766,209020.232527,63.187701,208985.577922,101.393968,576.147531,-18.890288,575.488869,-138.918960,577.451236,59.959827,-0.004894,1,0
22.533000,-56.685360,208642.061316,-176.585653,210600.421395,62.956836,211035.243245,101.235616,577.229612,-18.679846,565.621539,-139.038164,576.113445,59.952936,-0.005811,1,0
22.567000,-56.775939,209046.315287,-176.796797,210142.578926,63.264494,209439.361311,101.085799,574.742834,-18.514926,577.789573,-138.896789,568.258569,59.946055,0.003632,1,0
22.600000,-56.789089,208836.102998,-176.909663,209612.786723,63.070926,208703.499285,101.300213,571.087377,-19.061314,577.056318,-139.283066,573.658966,59.957244,-0.004938,1,0
22.633000,-56.771928,207750.046523,-176.738253,211190.017186,63.156620,209219.124878,101.340679,566.780498,-18.527496,571.850063,-138.741369,575.418846,59.949325,0.005732,1,0
22.667000,-56.817642,208902.195746,-176.776879,208624.056029,63.134356,208720.579947,100.811808,569.925855,-18.849704,573.457021,-138.769324,573.189673,59.953099,0.000449,1,0
22.700000,-56.994342,209645.977833,-176.735423,209163.871845,63.252832,209561.557990,100.894141,576.331174,-18.920808,573.907535,-138.611234,578.235574,59.945407,-0.002413,1,0
22.733000,-56.817731,209356.836604,-176.863625,208403.151539,63.180005,210888.686666,101.516722,571.363907,-18.845458,573.710076,-138.686333,574.513981,59.951199,-0.008655,1,0
22.767000,-57.006507,210292.883343,-176.738888,209005.356215,63.183963,210833.082806,101.065593,574.832606,-18.731713,576.671566,-138.799440,577.989029,59.953504,0.005514,1,0
22.800000,-56.842555,209552.783107,-176.700895,208092.508244,63.040640,209674.598394,101.219081,572.786465,-18.712058,578.585981,-138.871092,575.289805,59.948128,0.003166,1,0
22.833000,-56.748568,209284.274008,-176.653515,209087.180943,63.216186,209962.738681,101.399250,580.566146,-18.605927,574.602239,-138.940936,581.245639,59.951838,-0.003616,1,0
22.867000,-56.927219,209225.879012,-176.933780,209091.452649,63.233529,207809.992611,101.091567,576.088035,-18.978026,575.766225,-139.089383,572.213935,59.952741,-0.012245,1,0
22.900000,-56.839880,210066.888815,-176.860615,209527.507078,63.086772,207240.884564,100.862460,571.545442,-18.540204,573.326524,-138.592182,578.394844,59.958897,-0.013968,1,0
22.933000,-56.958859,209222.584273,-176.898996,210457.019952,63.222570,208942.364424,100.891812,577.521171,-19.121429,578.946260,-138.681326,573.952033,59.955089,-0.005703,1,0
22.967000,-56.841553,210394.508231,-176.794295,208457.480164,63.130576,208061.918324,100.960832,569.985090,-18.778946,574.376688,-138.707878,580.604348,59.944935,-0.008305,1,0
23.000000,-56.602716,209948.900091,-176.809834,210812.514451,63.316485,208174.920321,101.260696,577.208155,-18.768623,572.198496,-138.550075,576.186707,59.949950,-0.000370,1,0
23.033000,-56.751365,210324.428145,-176.980421,208765.307645,63.247821,208617.613051,101.141426,572.328882,-18.894963,576.875988,-138.601533,577.808320,59.954965,0.004278,1,0
23.067000,-56.592919,209083.434608,-176.866449,209785.885040,63.227413,207846.358836,101.169871,567.722316,-18.881644,569.366584,-138.991137,573.601631,59.955416,-0.005453,1,0
23.100000,-56.732839,208853.932987,-176.839186,208644.881354,63.047042,209607.599524,101.273655,570.566179,-18.951977,572.055901,-138.870047,570.962940,59.957615,0.001883,1,0
23.133000,-56.809776,207848.866928,-176.718649,208548.678182,63.130331,208924.795600,101.153582,574.532384,-18.743033,578.244594,-139.098826,576.950345,59.954755,-0.014333,1,0
23.167000,-56.893570,209046.055911,-176.996983,209115.126903,63.059087,209402.073236,100.956204,575.990848,-19.264988,573.647622,-139.085224,573.178322,59.954859,0.008017,1,0
23.200000,-56.900013,210159.957550,-177.026425,208275.425965,63.191077,208569.801526,101.092143,573.226048,-18.797608,580.139270,-138.885619,582.361776,59.959427,0.003058,1,0
23.233000,-56.660117,208997.675552,-177.007878,208325.981628,63.183293,209226.582841,101.418814,574.421321,-19.109711,567.109370,-138.903522,574.035478,59.954607,0.016103,1,0
23.267000,-56.760099,208944.713945,-176.912901,209463.067651,63.015301,210324.544253,101.199120,575.438239,-18.955299,577.966940,-138.978971,580.161754,59.963415,-0.014852,1,0
23.300000,-56.783299,209759.846984,-176.965930,208893.756762,63.134809,209920.823176,100.883582,574.314563,-19.217893,570.832934,-138.765115,570.901175,59.957331,-0.004378,1,0
23.333000,-56.885357,208238.066966,-176.780502,209561.753115,63.066088,207983.279898,100.915428,574.686979,-18.560156,579.028489,-138.947321,571.004878,59.945477,0.006802,1,0
23.367000,-57.031069,210271.046407,-177.108302,208820.246614,62.986194,210254.872448,100.817668,572.994854,-19.415011,573.498567,-139.033348,569.803373,59.956805,0.000278,1,0
23.400000,-56.905961,208849.057635,-176.850353,208560.730009,62.890275,207212.118856,101.077600,576.868398,-18.386786,572.744708,-139.196832,568.865772,59.959465,-0.005448,1,0
23.433000,-56.829726,210382.025551,-176.854716,207156.499495,63.065393,209545.442345,101.014393,577.825469,-18.782493,573.638707,-139.030499,569.565538,59.952639,0.005344,1,0
23.467000,-56.936136,208079.412393,-176.918746,209186.925072,63.067102,209583.464347,101.069310,572.670002,-18.851495,572.740109,-138.550728,572.101333,59.950990,-0.005908,1,0
23.500000,-56.925629,209410.900594,-176.796911,209453.283767,63.092035,209297.777586,101.227689,569.446823,-18.475254,573.293216,-138.857971,566.219395,59.947253,0.002573,1,0
23.533000,-56.933510,207416.884040,-176.724385,209484.696898,63.192109,207116.124257,101.072419,568.717869,-18.212368,570.614897,-139.024004,568.184801,59.956302,0.008694,1,0
23.567000,-56.989129,209748.228861,-176.868498,209542.328789,63.100064,209858.031587,101.176194,570.803297,-18.960331,573.897196,-138.760771,572.839375,59.953238,0.003035,1,0
23.600000,-56.896996,208656.202408,-176.985500,207108.397065,62.969636,209645.326913,100.901028,571.634703,-19.134783,572.300672,-139.206023,568.859470,59.952540,0.013494,1,0
23.633000,-56.927388,209148.504739,-177.026152,209113.133424,63.091388,206583.168407,101.001107,568.519737,-18.997386,565.793048,-139.160405,573.597787,59.952009,0.004966,1,0
23.667000,-56.787099,209722.821794,-177.011000,210168.404790,63.127625,209411.020798,101.373816,574.050938,-19.075391,573.106363,-138.935559,569.301663,59.948778,-0.004168,1,0
23.700000,-56.784237,208437.235087,-176.880636,207599.076406,63.123330,208876.254539,101.350993,576.480206,-19.115700,569.881360,-139.029150,573.258026,59.944366,0.012343,1,0
23.733000,-56.696465,208295.786982,-176.930537,207915.608164,62.924247,207849.660719,101.221851,570.859170,-19.147761,573.010337,-139.193232,574.099325,59.950852,-0.009482,1,0
23.767000,-56.770349,208970.183433,-176.786781,209004.490927,63.297995,210010.656193,101.341308,568.507875,-18.881017,575.086370,-138.610091,573.145249,59.939800,-0.000873,1,0
23.800000,-56.632743,207215.702385,-176.973229,208063.331836,63.200390,208460.926355,101.288346,575.847258,-18.717577,569.137017,-138.606603,572.164758,59.947219,-0.012185,1,0
23.833000,-56.886578,209375.487639,-176.995465,207358.567760,63.118340,208685.105804,100.827300,570.569225,-18.885726,575.460361,-138.860494,571.765522,59.947954,0.006979,1,0
23.867000,-56.862259,209844.422304,-176.780175,208949.592482,63.108000,207983.692477,100.997261,573.416553,-18.608534,569.598502,-138.965049,574.402862,59.943290,0.000694,1,0
23.900000,-56.867602,208709.566048,-176.764342,208596.918479,63.345246,209524.823223,100.986874,574.583821,-18.879302,576.995066,-138.523967,577.933861,59.947508,-0.004245,1,0
23.933000,-56.744030,209436.455534,-176.802849,209703.839816,63.113004,209619.471915,101.047633,574.605943,-18.822623,581.697460,-138.774280,579.546933,59.950152,-0.009239,1,0
23.967000,-56.828850,208367.670918,-176.708170,208867.360055,63.053156,209532.642092,101.090950,572.985677,-18.741725,583.871677,-138.945628,581.471375,59.949685,0.005429,1,0
24.000000,-56.674382,210005.114675,-176.840558,209441.699862,63.253769,209517.769748,100.970861,574.571205,-18.762263,573.807921,-138.904041,581.924205,59.944552,-0.002919,1,0
24.033000,-56.704868,210297.002173,-176.898420,208896.360714,63.310791,208982.641690,101.329648,579.837676,-19.141649,581.044324,-138.626066,579.487890,59.937598,0.004919,1,0
24.067000,-56.901781,208441.055270,-176.787023,209161.249910,63.338824,208967.973217,101.224552,581.581156,-18.979656,575.105731,-138.840390,584.234425,59.939395,0.004510,1,0
24.100000,-56.786018,208736.771932,-176.834769,209456.821745,63.298588,209274.756653,101.090160,578.682036,-18.794040,577.259379,-138.702683,576.491730,59.951245,0.006265,1,0
24.133000,-56.811035,210726.697683,-176.819432,210245.637458,63.259209,209354.895940,100.924821,581.629100,-18.887605,577.732330,-138.868007,580.006337,59.947255,-0.005398,1,0
24.167000,-56.709498,210633.389546,-176.625106,210293.080138,63.319792,209343.411656,101.305020,581.658730,-18.537339,571.234750,-138.746479,575.463129,59.944642,0.006424,1,0
24.200000,-56.573451,207089.914725,-176.677777,208680.143031,63.241415,210530.525158,101.586197,582.394090,-18.846024,580.238895,-138.565586,575.670514,59.943728,-0.001625,1,0
24.233000,-56.634302,209229.042087,-176.806977,206922.671909,63.233332,210772.069597,101.327650,574.836660,-19.241835,584.352475,-138.911117,575.403673,59.938136,-0.005896,1,0
24.267000,-56.772303,209135.715288,-176.781000,209605.757527,63.163345,211498.863207,101.222407,572.448901,-18.617940,575.054047,-138.816470,575.929179,59.942737,-0.014700,1,0
24.300000,-56.732688,208898.922790,-176.711152,209275.386101,63.223046,208756.181979,101.330290,582.051121,-18.604630,580.182531,-139.053820,576.499692,59.940652,0.009316,1,0
24.333000,-56.780156,208238.109604,-176.682136,210899.058610,63.423344,208098.071314,101.284721,574.375433,-18.507759,577.379634,-138.574413,573.582166,59.936380,0.010887,1,0
24.367000,-56.834393,210772.574759,-176.841782,208371.330664,63.244915,211676.029681,101.088490,569.813455,-19.016194,571.141483,-138.950930,576.785074,59.949035,0.005251,1,0
24.400000,-56.656877,208395.639505,-176.671902,211251.022600,63.197477,209396.021094,101.358679,570.857775,-18.651366,576.387861,-138.618837,571.714505,59.942668,0.005810,1,0
24.433000,-56.527993,210288.104461,-176.593456,209595.054406,63.256791,210703.511394,101.371593,581.574554,-18.422678,575.419814,-138.703716,579.296986,59.943746,0.000655,1,0
24.467000,-56.521196,207820.436822,-176.678046,208376.422696,63.369333,209119.248039,101.206270,579.352984,-18.787798,577.217709,-138.993271,573.314249,59.933360,0.013192,1,0
24.500000,-56.758112,208859.226178,-176.763710,208009.410372,63.367192,210146.485401,101.252818,578.261377,-18.859997,581.560848,-138.808040,578.721897,59.940499,-0.000644,1,0
24.533000,-56.615916,208824.526469,-176.572699,208533.915314,63.316376,208832.638090,101.297197,579.890720,-18.599951,578.123331,-138.669844,575.433890,59.935701,0.007327,1,0
24.567000,-56.514458,211390.106037,-176.748172,209915.185661,63.258183,209159.552368,101.355183,572.059097,-18.674812,573.817167,-138.648464,573.078619,59.932489,0.006220,1,0
24.600000,-56.657077,208829.097190,-176.641287,210887.594963,63.387502,209089.948570,101.461190,578.605532,-18.755535,576.645029,-138.440353,576.920730,59.938182,-0.001847,1,0
24.633000,-56.474842,208794.594615,-176.732185,209977.643087,63.267765,209207.857413,101.678992,577.661012,-18.745120,574.868735,-138.531006,577.320506,59.942883,0.003623,1,0
24.667000,-56.435281,209554.762933,-176.475742,208976.637315,63.446432,209343.306071,101.764450,573.389195,-18.637791,582.228170,-138.553791,583.753718,59.939063,0.002046,1,0
24.700000,-56.617673,208436.904542,-176.530867,209383.914656,63.618337,208308.344330,101.219481,580.748824,-18.750156,578.180208,-138.167506,584.659449,59.936468,-0.001086,1,0
24.733000,-56.715830,210636.969406,-176.468115,208866.410626,63.483001,208184.126824,101.043375,578.439859,-18.374543,578.656964,-138.428607,576.982845,59.944046,0.006624,1,0
24.767000,-56.413768,208889.843958,-176.549075,207787.778590,63.463005,209841.057012,101.766280,574.117595,-18.610379,578.511789,-138.956969,575.507515,59.943442,-0.002993,1,0
24.800000,-56.477703,208373.686346,-176.625486,208953.818689,63.354214,208054.595837,101.696550,576.404531,-18.362413,580.746192,-138.599846,585.352988,59.941199,-0.002596,1,0
24.833000,-56.526929,209050.582609,-176.516815,208610.613868,63.188881,208672.143216,101.415754,580.886454,-18.497376,577.283464,-139.048866,582.969557,59.939128,0.013353,1,0
24.867000,-56.752808,208926.988764,-176.766441,209447.581046,63.304876,208518.718943,101.192395,577.667272,-18.816340,579.427708,-138.524778,579.747042,59.936408,-0.010691,1,0
24.900000,-56.637386,207613.304595,-176.632706,207647.747651,63.465958,210503.208454,101.196912,576.858022,-18.464527,577.349974,-138.524683,578.880387,59.927057,-0.009914,1,0
24.933000,-56.611026,207547.968509,-176.571656,209435.705686,63.224959,207318.512508,101.214126,585.642977,-18.688940,574.613699,-138.793743,579.056688,59.935416,0.005017,1,0
24.967000,-56.767971,208759.940494,-176.640239,209101.204621,63.316241,208544.190777,101.219722,583.669557,-18.477571,581.744318,-138.566430,577.434689,59.928737,0.003353,1,0
25.000000,-56.668630,208260.361922,-176.705023,210286.668671,63.431696,210075.658112,101.027620,584.292003,-18.567345,584.323602,-138.409903,587.941571,59.932862,0.006092,1,0
25.033000,-56.625171,206662.772900,-176.658753,207730.951347,63.449964,206690.716851,101.354112,581.617320,-18.700474,581.138884,-138.345352,583.574680,59.933676,0.000986,1,0
25.067000,-56.679342,208195.626385,-176.502123,208289.135276,63.328528,205944.610174,101.282694,578.894771,-18.595299,577.033644,-138.585373,579.589772,59.935896,0.004599,1,0
25.100000,-56.757449,205352.687023,-176.714578,208932.844079,63.367988,207291.124092,101.181545,588.298145,-18.729518,578.702490,-138.492282,579.427060,59.941611,-0.012138,1,0
25.133000,-56.631730,207984.517459,-176.677466,208909.131787,63.276942,207923.052940,101.306002,582.137150,-18.302612,577.703027,-139.004533,581.885943,59.939007,0.003154,1,0
25.167000,-56.567222,209118.798314,-176.607710,208046.264578,63.321653,207766.097079,101.542539,580.747064,-18.666263,576.997059,-138.496923,584.022031,59.934880,0.005072,1,0
25.200000,-56.597355,208127.935250,-176.472846,207364.086205,63.156106,209608.793999,101.339891,577.780504,-18.239255,582.932183,-138.890283,578.161007,59.941803,0.001638,1,0
25.233000,-56.728557,208295.339792,-176.590367,207965.145179,63.497171,208195.131612,101.266124,583.507949,-18.424626,585.449697,-138.373884,582.832152,59.937781,0.003795,1,0
25.267000,-56.602765,206501.486545,-176.758890,206212.176110,63.222520,207967.873566,101.571776,580.310778,-18.630012,573.183120,-138.707656,578.887000,59.935151,-0.006941,1,0
25.300000,-56.742114,209222.777261,-176.600627,208187.423377,63.377803,207656.706722,101.450781,582.315573,-18.952104,578.586588,-138.576512,580.263669,59.941365,-0.006352,1,0
25.333000,-56.764041,208310.177239,-176.702807,208437.337092,63.176736,208023.127837,101.097566,586.118422,-18.956474,583.705163,-138.957364,586.975253,59.934955,0.008196,1,0
25.367000,-56.787453,207833.870784,-176.786689,207878.161414,63.019607,205393.386940,101.185286,586.763383,-19.036094,582.003569,-138.946683,579.225533,59.936712,-0.005582,1,0
25.400000,-56.700175,208705.713620,-176.716056,208222.933719,63.242575,207808.676427,101.209046,585.966947,-18.640943,585.238319,-138.750830,583.716958,59.937267,0.002180,1,0
25.433000,-56.833153,208441.165188,-176.830880,207804.593489,63.315185,206902.697832,101.081480,580.704100,-18.958193,592.109578,-138.259314,586.465944,59.945868,-0.004967,1,0
25.467000,-56.708869,209956.777174,-176.692975,206481.696253,63.287593,206228.352213,101.276495,586.876445,-18.247289,586.265046,-138.569763,591.776860,59.952007,-0.006342,1,0
25.500000,-56.807656,206967.293040,-176.806320,208173.301545,63.199367,209320.334224,101.545146,584.071691,-19.244517,588.235485,-138.790584,577.398745,59.945108,-0.005854,1,0
25.533000,-56.831456,207286.297813,-176.744921,206357.764656,63.217890,206377.071174,101.224224,588.157475,-18.605135,587.269882,-138.610742,589.177661,59.944525,-0.009637,1,0
25.567000,-56.600208,208932.913020,-176.782916,207735.597769,63.424601,207351.637883,101.474729,583.157066,-18.890783,580.900650,-138.640552,588.805892,59.948295,0.004588,1,0
25.600000,-56.639665,207718.219440,-176.470671,207851.830140,63.436368,207112.863655,101.249551,587.017486,-18.675806,584.646449,-138.391533,586.545354,59.951250,0.003145,1,0
25.633000,-56.655801,208749.181876,-176.781355,207760.132148,63.446753,206777.906161,101.447669,586.551364,-18.691493,587.973119,-138.605632,587.061029,59.951226,0.014386,1,0
25.667000,-56.745284,206885.979881,-176.629103,208795.639036,63.141230,208205.727088,101.336258,586.682692,-18.657701,591.520351,-138.838000,589.361984,59.947346,-0.009049,1,0
25.700000,-56.610091,207251.201636,-176.594303,208315.645022,63.329318,208355.431435,101.752957,584.572951,-18.827381,590.939097,-138.686297,591.027085,59.957106,0.008099,1,0
25.733000,-56.676461,207713.148823,-176.832784,205678.174101,63.223417,207254.293599,101.479227,585.957712,-19.043535,589.255579,-138.690566,589.554664,59.955113,0.000416,1,0
25.767000,-56.624450,205842.652818,-176.649220,207991.992744,63.285927,209250.017357,101.488599,588.785119,-18.436728,585.382716,-138.651875,591.249746,59.954370,0.006493,1,0
25.800000,-56.599843,208058.553414,-176.485569,207576.187464,63.281422,207299.393131,101.157227,584.929422,-18.264658,591.521463,-138.814558,588.573847,59.952460,-0.002629,1,0
25.833000,-56.733401,209335.715222,-176.601900,207255.209575,63.386496,207623.786959,101.175674,588.716105,-18.542923,584.834153,-138.380636,588.199896,59.957242,-0.014720,1,0
25.867000,-56.892123,207378.843214,-176.549990,209212.690979,63.343192,207351.135426,101.275702,590.085684,-18.639202,587.496214,-138.394543,585.889580,59.954772,-0.007598,1,0
25.900000,-56.728735,210227.934182,-176.691109,209113.651072,63.335522,207716.663326,101.189784,589.543218,-18.473277,589.534372,-138.617396,580.607859,59.956234,-0.002743,1,0
25.933000,-56.606675,206173.923495,-176.761466,206399.297912,63.185047,206917.515142,101.305064,589.951266,-18.793191,585.273001,-138.724460,587.824913,59.956723,-0.004557,1,0
25.967000,-56.685055,207746.250628,-176.724585,206871.238520,63.281856,208567.888954,101.132954,584.308988,-18.505192,584.683628,-138.378520,590.409091,59.951439,-0.007949,1,0
26.000000,-56.716852,207704.945811,-176.744701,208032.536645,63.342808,204793.948243,101.404949,586.466608,-18.659587,587.122089,-138.588084,582.017100,59.943767,0.001210,1,0
26.033000,-56.636294,208870.220322,-176.522055,206620.502369,63.335327,206093.268858,101.395409,584.628041,-18.441786,585.962565,-138.805353,588.493985,59.945209,-0.007317,1,0
26.067000,-56.735234,209703.812124,-176.648679,209297.787850,63.552567,208946.804933,101.274834,583.827898,-18.976184,582.194254,-138.588069,581.011531,59.945913,0.004149,1,0
26.100000,-56.603763,206236.460496,-176.716741,210242.189911,63.458148,206858.002430,101.542452,573.959692,-18.979868,583.556286,-138.580450,576.640576,59.955083,-0.001379,1,0
26.133000,-56.659250,208331.660453,-176.651149,206972.781692,63.223179,207360.531913,101.494446,582.999039,-18.779260,584.542239,-138.704936,584.694254,59.954825,-0.008319,1,0
26.167000,-56.881340,206934.747918,-176.649262,208161.889421,63.277543,209077.663868,100.996823,585.696979,-18.648723,583.174132,-138.382630,583.622798,59.957025,0.001807,1,0
26.200000,-56.609279,208537.751617,-176.676647,208971.271116,63.308757,208900.956745,101.308934,579.524682,-18.395575,586.126066,-138.561348,583.370858,59.942281,-0.000946,1,0
26.233000,-56.603509,208494.024912,-176.722653,207746.332807,63.409351,206652.035945,101.623511,584.151397,-18.672293,586.561588,-138.623003,583.634857,59.948033,-0.004665,1,0
26.267000,-56.888517,207180.681054,-176.644775,208313.822562,63.185988,208302.434517,101.170174,584.297981,-18.302668,583.185268,-138.896395,584.691060,59.945706,0.013893,1,0
26.300000,-56.728726,207699.657907,-176.757495,207616.472682,63.420909,210075.921391,101.054773,585.679904,-18.513800,582.256364,-138.522698,584.001224,59.956993,-0.006632,1,0
26.333000,-56.657903,207408.121066,-176.635634,208480.285588,63.376638,209189.924297,101.778643,586.240990,-18.767798,584.830262,-138.441958,587.284288,59.953900,-0.003814,1,0
26.367000,-56.594903,209789.793482,-176.768570,208535.896686,63.339991,206318.119354,101.430163,581.125075,-18.732047,584.321154,-138.763967,588.957802,59.946575,-0.004135,1,0
26.400000,-56.668185,207846.893074,-176.828225,208696.426689,63.139366,207425.363179,101.248735,582.211306,-18.951639,584.362772,-138.832045,588.095516,59.956578,0.000917,1,0
26.433000,-56.778753,208855.308201,-176.754833,207365.520757,63.317333,208740.103205,101.348640,591.106713,-18.764585,585.170117,-138.652005,581.357345,59.952214,-0.008655,1,0
26.467000,-56.750200,207621.308711,-176.673754,209432.340700,63.365834,208915.006982,101.320821,580.336438,-18.738243,588.244726,-138.825191,581.327095,59.958194,0.000213,1,0
26.500000,-56.533422,208365.461020,-176.798287,208038.453673,63.155182,206615.924219,101.321581,582.960498,-18.519969,583.528515,-138.874160,583.804460,59.954033,-0.000371,1,0
26.533000,-56.728818,207201.334608,-176.625636,208565.769214,63.141058,208326.228658,101.275462,586.056691,-18.882292,582.801735,-138.637625,583.925570,59.944345,-0.005282,1,0
26.567000,-56.702299,206755.199477,-176.852983,208503.663620,63.119650,207389.377911,101.088512,578.674717,-18.687984,580.664967,-138.732597,579.661592,59.951624,-0.000664,1,0
26.600000,-56.743141,208972.509734,-176.772605,207423.855291,63.275405,206298.216456,101.551542,583.569766,-18.722110,584.192434,-138.722605,580.491172,59.951439,-0.006826,1,0
26.633000,-56.751901,207702.900596,-176.868365,209618.930936,63.256012,210173.115305,101.216621,579.626483,-19.023196,587.410416,-138.547754,581.061927,59.945958,0.003840,1,0
26.667000,-56.753840,208419.216737,-176.782291,207173.148016,63.315844,208145.849292,101.325904,589.082195,-18.773823,581.662704,-138.443762,576.489929,59.955442,0.006138,1,0
26.700000,-56.744121,209261.933090,-176.766657,208605.431879,63.230042,206690.984152,101.266597,577.289177,-18.924112,584.774382,-138.696066,582.852454,59.956761,0.001256,1,0
26.733000,-56.860008,208856.623533,-176.917473,209594.227820,63.249423,208714.125275,101.127656,586.257846,-19.086544,581.150796,-138.745977,581.910996,59.948824,-0.001816,1,0
26.767000,-56.711754,209700.269692,-176.583534,207605.986244,63.248007,207824.002910,101.311183,589.075564,-18.476240,588.677169,-138.733603,583.127291,59.950710,-0.009689,1,0
26.800000,-56.587993,208755.569405,-176.646879,206927.864215,63.302103,210272.168422,101.650516,584.829410,-18.603772,586.653445,-138.799825,589.047409,59.957937,0.002080,1,0
26.833000,-56.799147,207158.831805,-176.769673,208081.341201,63.364531,208988.705234,101.180827,590.209000,-18.665778,589.579384,-138.563305,584.414477,59.947642,0.006881,1,0
26.867000,-56.629841,208976.729021,-176.771880,208152.876256,63.434337,208155.981088,101.635384,588.403362,-18.660604,588.474640,-138.550486,587.417902,59.945484,-0.008174,1,0
26.900000,-56.748973,209800.290810,-176.783984,207512.470392,63.244556,209065.125028,101.120551,585.229743,-18.654084,592.763530,-138.725146,588.293364,59.951627,-0.011909,1,0
26.933000,-56.901676,208263.409943,-176.763126,210950.802164,63.205855,209049.243544,101.133009,584.089627,-18.806118,588.040832,-138.853720,592.081032,59.953431,0.020563,1,0
26.967000,-56.812635,206890.678573,-176.719068,209506.308017,63.131238,209461.954252,101.225464,589.776624,-18.518651,591.524875,-138.875939,589.462927,59.950903,-0.005598,1,0
27.000000,-56.589185,208846.490904,-176.791632,208066.405379,63.344394,208395.169178,101.628944,584.962395,-18.830516,589.844824,-139.074297,588.693392,59.950729,-0.000190,1,0
27.033000,-56.752097,210031.106744,-176.569881,209441.751799,63.258508,207299.355124,101.228984,584.275717,-18.715082,586.096517,-139.046815,590.561916,59.945486,-0.004682,1,0
27.067000,-56.644017,208406.422918,-176.714695,208218.424332,63.050358,206261.903852,101.855368,584.943133,-18.864434,591.375634,-139.081728,590.274837,59.951413,0.006440,1,0
27.100000,-56.898912,209574.834524,-176.647710,209529.795268,63.190917,208610.057955,101.197236,582.430393,-18.518786,587.803135,-138.748687,586.577559,59.951217,-0.004938,1,0
27.133000,-56.769479,207271.691439,-176.789256,208989.955493,63.140972,206850.770615,101.500739,585.376917,-18.882807,587.161139,-138.687016,582.505038,59.953799,-0.001266,1,0
27.167000,-56.797366,207779.804312,-176.611521,208973.287161,63.288837,209703.242280,101.335629,587.709576,-18.634785,582.927414,-138.752870,585.301460,59.958060,0.006419,1,0
27.200000,-56.659385,209370.864526,-176.659127,207942.981252,63.266955,209334.850858,101.572579,592.189025,-18.706536,592.538408,-138.929074,585.433786,59.948381,-0.002982,1,0
27.233000,-56.727238,208515.826322,-176.829265,208725.196997,63.251307,208071.811948,101.523025,587.503084,-19.027385,584.178255,-138.702761,587.668622,59.946341,-0.012317,1,0
27.267000,-56.713957,207994.140652,-176.876235,208396.263645,63.099465,208780.138515,101.120299,586.978460,-18.699949,592.831377,-138.961609,595.424465,59.949526,0.012833,1,0
27.300000,-56.622890,208130.856769,-176.720763,208435.179434,62.954003,207070.588483,101.208811,593.704173,-19.205658,592.847656,-139.029513,588.421226,59.950002,0.013791,1,0
27.333000,-56.782850,208953.919730,-176.831188,208413.702305,63.133891,210436.304573,101.081284,589.936436,-18.843546,592.724932,-138.856556,598.160851,59.947669,0.002628,1,0
27.367000,-56.959480,207879.537752,-176.676348,209831.246915,63.270068,208873.502174,101.386408,597.139647,-18.310117,597.602269,-138.856414,593.519631,59.948114,-0.008752,1,0
27.400000,-56.774341,208812.047125,-176.836830,208586.393722,63.187024,207120.423224,101.316225,600.179587,-18.790382,599.119937,-138.660493,595.467089,59.950966,0.008095,1,0
27.433000,-56.838943,209097.516861,-176.830085,207455.256973,63.236399,208179.559521,101.098003,597.533410,-18.884474,590.827641,-138.805469,598.768564,59.946885,0.006517,1,0
27.467000,-56.872220,209589.434116,-176.897907,208438.407326,63.229566,207922.533962,100.802955,596.473970,-18.915283,598.708755,-138.656014,597.868513,59.950809,0.002905,1,0
27.500000,-56.737429,207616.983028,-176.948361,208484.786539,63.186996,207827.808816,101.180188,591.330584,-18.804506,593.187095,-138.508029,597.135248,59.952556,-0.003378,1,0
27.533000,-56.771983,207815.602611,-176.825194,208732.744197,63.177697,206930.835811,100.960299,592.568530,-18.791179,599.937981,-138.665339,597.214999,59.948621,0.010661,1,0
27.567000,-56.831197,208858.592463,-176.917238,208667.542402,62.947619,209276.862185,101.382731,597.485489,-18.658823,596.354021,-139.261482,593.863439,59.937434,-0.006248,1,0
27.600000,-56.891141,207633.934287,-176.892162,206455.853112,63.167150,209541.137504,100.978362,596.092215,-18.843851,600.449815,-138.813933,596.705491,59.943727,0.004634,1,0
27.633000,-56.953428,208511.183437,-177.043650,207288.871769,63.076838,208939.205836,101.153451,593.057095,-19.010675,599.431020,-138.852405,599.980080,59.954107,-0.008131,1,0
27.667000,-56.851638,206757.847152,-176.856223,208006.165575,63.159798,210299.672529,101.092149,593.306805,-18.683105,596.760443,-138.964117,591.773071,59.950509,-0.007207,1,0
27.700000,-56.773240,208667.680527,-176.720973,206570.301509,62.997287,208185.222063,101.359203,591.350803,-18.748788,596.666566,-138.999279,595.656825,59.947660,-0.006234,1,0
27.733000,-56.794455,208539.798268,-176.650024,207845.533891,63.379496,207761.625011,101.444195,602.342792,-18.432475,603.552109,-138.444208,594.008679,59.948785,-0.000119,1,0
27.767000,-56.717015,208670.903408,-176.709553,209075.844659,63.069528,207255.006079,101.206385,595.552790,-18.558418,601.594600,-138.813348,597.774803,59.953645,0.003838,1,0
27.800000,-56.711930,207543.090647,-176.834745,208724.322393,63.237769,207595.809721,101.063111,603.303036,-18.964351,594.847062,-138.443726,605.153796,59.947812,0.007143,1,0
27.833000,-56.740746,208487.657903,-176.987049,208685.568277,63.065380,207480.598754,101.024961,602.031560,-19.127770,598.914763,-139.018939,596.458863,59.951980,-0.000836,1,0
27.867000,-56.819890,207269.656677,-176.740479,209593.457848,63.192058,208516.782811,100.952514,597.321827,-18.616913,597.491982,-138.850117,599.354268,59.954152,-0.000257,1,0
27.900000,-57.140718,206629.476288,-176.859170,207560.122855,63.181778,208418.499181,101.048938,599.643599,-18.751675,603.976341,-138.915806,603.930922,59.957874,-0.009063,1,0
27.933000,-56.681384,206870.944110,-176.805127,207127.401803,63.278886,208460.702864,101.012813,607.130023,-18.844754,598.836353,-138.690955,599.739238,59.955749,0.009958,1,0
27.967000,-56.839577,208279.306161,-176.738474,207974.159716,63.089675,206373.937223,101.289455,606.043651,-18.914463,595.911308,-138.801582,600.695647,59.956111,-0.001583,1,0
28.000000,-56.593389,207518.563938,-176.592118,207667.734525,63.245407,207217.801170,101.289507,599.966897,-18.574898,603.103057,-138.568777,603.383250,59.953190,0.010276,1,0
28.033000,-56.949045,207445.025678,-176.731684,208014.282051,63.376772,210032.285131,101.274931,603.558269,-18.900000,602.474046,-138.728405,609.077236,59.953691,0.008073,1,0
28.067000,-56.807224,208132.589136,-176.807133,208632.466008,62.981802,208461.737490,100.958417,602.321651,-18.727428,602.228801,-139.146954,599.058230,59.945971,-0.008589,1,0
28.100000,-56.869866,207198.661978,-176.819903,207863.718557,63.147387,207916.940463,101.343235,607.709310,-18.563447,608.370425,-138.822785,602.187570,59.949528,-0.013531,1,0
28.133000,-56.773648,207740.732412,-176.775661,207746.126000,63.349102,208539.028625,101.497349,604.971540,-18.740926,606.844591,-138.680951,607.338704,59.953974,-0.005355,1,0
28.167000,-56.857931,207269.960391,-176.872610,208092.412470,63.179130,209363.747938,101.102174,603.310907,-18.661648,605.717981,-138.684224,603.710099,59.955060,0.003256,1,0
28.200000,-56.854013,208899.799300,-176.872385,207769.800744,63.225802,207719.991783,100.910955,606.673539,-18.837197,599.135561,-138.642841,611.498527,59.956728,0.001182,1,0
28.233000,-56.937994,207301.245606,-176.857567,207979.841318,63.148023,207051.701392,101.052467,594.163528,-18.883702,606.307030,-138.625724,607.488804,59.942688,-0.009437,1,0
28.267000,-56.963320,206516.376286,-176.921466,208419.945476,63.206803,206930.524531,101.224490,607.100696,-18.968654,604.873949,-138.763809,608.550225,59.953452,-0.008528,1,0
28.300000,-56.725353,207130.276703,-176.877817,208629.509784,63.092877,208729.902372,101.085596,609.777757,-18.651347,612.720106,-138.881553,611.669387,59.950737,-0.017033,1,0
28.333000,-56.729048,207423.038523,-176.660119,206411.762390,63.085336,206669.350753,101.122038,612.069556,-18.907580,606.337162,-139.240003,610.111887,59.946388,0.001086,1,0
28.367000,-56.894369,206614.237665,-176.827851,208018.449094,63.132577,206513.464338,101.350433,608.573239,-18.722780,608.101440,-138.896491,612.014103,59.943404,0.003274,1,0
28.400000,-56.715146,207843.295008,-176.876252,206292.849875,63.213649,208193.864717,101.286860,604.881187,-18.895614,612.023467,-138.660698,606.223817,59.952730,-0.001621,1,0
28.433000,-56.872208,208711.875759,-176.873106,210936.416405,63.277408,208549.286684,101.417332,607.529631,-18.973590,614.563459,-138.613837,612.906974,59.944228,0.002812,1,0
28.467000,-56.757404,207919.854017,-176.764470,206763.777734,63.244422,206272.197025,101.421906,612.242109,-18.818892,607.754440,-139.029664,606.855566,59.946159,-0.007394,1,0
28.500000,-56.859677,208128.287409,-176.799721,208131.579961,63.120129,208223.882908,100.995794,611.847061,-18.619550,606.395447,-139.090048,617.091979,59.953013,-0.020143,1,0
28.533000,-56.822597,208250.683411,-176.870491,208398.776110,63.273193,206908.064170,101.124119,610.582586,-18.836613,605.700015,-138.904839,607.050640,59.942425,-0.003503,1,0
28.567000,-56.798355,205938.054074,-176.544249,207363.832504,63.248813,205593.580100,101.477213,610.210486,-18.571443,611.445337,-138.809821,613.907971,59.942820,0.002817,1,0
28.600000,-56.849439,208123.929777,-176.826444,209281.690194,63.115143,208774.275683,101.245973,607.392737,-18.911233,610.662829,-139.008694,610.275834,59.949442,-0.019804,1,0
28.633000,-56.760530,206895.747796,-176.598403,206773.413966,63.127620,206616.999048,101.247225,607.458527,-18.508002,610.866410,-138.867724,614.408304,59.944520,0.009703,1,0
28.667000,-56.920817,206936.716220,-176.649446,208224.489537,63.191941,207574.311027,101.339611,615.197291,-18.796539,608.721095,-138.907863,613.996923,59.946654,0.000506,1,0
28.700000,-57.021308,206286.537598,-177.050016,207644.409163,63.145369,208806.338028,100.761694,613.148636,-19.104345,609.733541,-138.717955,612.494943,59.942456,0.006424,1,0
28.733000,-56.887009,206555.036388,-176.912530,207950.568209,63.052139,208456.698121,101.178016,611.410805,-19.193075,608.240068,-139.264275,612.999702,59.943499,0.013844,1,0
28.767000,-56.798868,206208.844439,-176.855736,206574.733377,63.070943,209314.565348,101.324546,614.303363,-18.943243,608.461287,-138.588696,614.707978,59.940754,-0.006476,1,0
28.800000,-56.886075,208983.728564,-176.632771,206735.100919,63.338843,206732.039531,101.247298,606.106655,-18.710462,614.635727,-138.917063,611.710095,59.955655,-0.010410,1,0
28.833000,-56.640361,206623.139945,-176.848046,208289.916031,63.238180,207971.541915,101.521226,611.688098,-18.788066,610.756778,-138.569008,607.006958,59.949559,-0.004264,1,0
28.867000,-56.790294,206891.669150,-176.663473,208795.152466,63.166656,208103.325097,101.243058,607.594599,-18.583256,608.558227,-138.751067,609.614998,59.949855,0.018756,1,0
28.900000,-56.789134,206917.734118,-176.847952,208449.141755,63.177857,207396.632968,101.264908,611.119268,-18.795136,613.388701,-138.762807,615.286544,59.952664,0.011730,1,0
28.933000,-56.664482,207780.727471,-176.753591,208213.861253,63.314016,207847.023563,101.197190,613.836312,-18.606596,609.825790,-138.618286,617.439547,59.957913,-0.003310,1,0
28.967000,-56.770676,207213.545035,-176.757965,207698.213592,63.205732,208608.144585,101.420876,606.962127,-18.699563,608.435189,-139.148557,613.033709,59.956327,0.008056,1,0
29.000000,-56.687397,208609.859460,-176.828245,207089.793840,63.267444,209795.537375,101.241691,610.553557,-19.095748,614.446817,-138.742477,612.580031,59.959295,-0.004960,1,0
29.033000,-56.587552,207942.516798,-176.760137,207371.730774,63.219166,208605.372703,101.448861,611.126956,-18.958812,605.971025,-138.851826,611.880327,59.955263,-0.001568,1,0
29.067000,-56.726175,208670.682883,-176.787617,208294.225007,63.430088,206859.116838,101.079766,610.994601,-18.852769,611.435872,-138.383075,607.600976,59.956417,0.005118,1,0
29.100000,-56.823893,207458.918738,-176.673489,209722.767920,63.484174,209135.694176,101.048028,603.780884,-18.836318,608.882852,-138.694723,605.900293,59.944486,-0.009408,1,0
29.133000,-56.797809,207988.604390,-176.746526,208897.169054,63.248523,207521.705771,101.203675,599.628824,-18.726438,600.018065,-138.323639,602.000228,59.957712,-0.001005,1,0
29.167000,-56.660230,209660.308487,-176.631726,208163.686057,63.043123,209322.236982,101.712093,601.616440,-18.556722,600.365308,-138.912853,608.836947,59.947570,0.002482,1,0
29.200000,-56.663176,208638.853516,-176.713268,207231.298756,63.271888,207699.332434,101.107520,606.235443,-18.659710,604.618515,-138.691096,608.640095,59.950669,-0.013317,1,0
29.233000,-56.791028,208343.701554,-176.705815,208291.726901,63.101929,208449.638984,101.095062,609.255289,-18.571359,605.428826,-138.889079,608.943308,59.952474,-0.007900,1,0
29.267000,-56.878318,207844.249835,-176.613507,208771.956064,63.317131,208751.392864,101.142401,604.316332,-18.496011,603.532444,-138.434738,603.041417,59.952115,-0.002091,1,0
29.300000,-56.847329,207410.485604,-176.822945,208388.173664,63.162733,208455.135434,101.297051,603.583385,-18.606018,603.292359,-138.802453,604.358885,59.949142,-0.000210,1,0
29.333000,-56.776881,207771.576477,-176.638883,210855.347646,63.398108,208727.366064,100.845398,605.857960,-18.662727,601.657532,-138.672943,610.623729,59.944063,-0.005686,1,0
29.367000,-56.696177,209914.798215,-176.756589,206633.634466,63.320177,207078.656428,101.270823,600.737041,-19.051098,601.783564,-138.828253,606.532151,59.950722,-0.004444,1,0
29.400000,-56.654945,209039.911206,-176.725251,209943.600111,63.290624,207857.274905,101.459386,602.222755,-18.814868,601.925066,-138.699176,603.825485,59.952792,0.001102,1,0
29.433000,-56.725119,207989.894373,-176.823675,209852.038032,63.227124,209311.328752,101.137695,603.650418,-18.877747,603.680016,-138.686178,602.114230,59.956442,-0.000565,1,0
29.467000,-56.761101,209797.648669,-176.579154,206993.513131,63.115542,208283.764126,101.274739,601.738722,-18.581007,598.458987,-138.972943,603.248564,59.945868,-0.001195,1,0
29.500000,-56.776279,209576.477410,-176.796388,210517.836387,63.217563,209326.582395,101.061981,602.218750,-18.769936,602.758967,-139.052888,601.611445,59.948136,-0.006939,1,0
29.533000,-56.837446,208760.062261,-176.858647,208401.060266,63.113140,208478.005040,101.443836,606.667193,-19.078812,596.968323,-138.983430,602.228285,59.949877,-0.005172,1,0
29.567000,-56.666626,208196.039323,-176.805851,210085.927599,63.286878,209331.640640,101.345257,603.784094,-18.578821,605.026401,-138.984153,605.661962,59.959167,-0.000212,1,0
29.600000,-56.804620,208029.601022,-176.837331,210364.987281,63.161007,208079.652004,101.160676,609.385199,-18.819440,603.674216,-139.141798,608.758436,59.956059,-0.005921,1,0
29.633000,-56.781853,208953.518642,-176.713561,209626.438337,63.280041,210855.689497,101.041264,607.466952,-18.816484,606.653193,-138.782567,607.840117,59.948551,-0.000889,1,0
29.667000,-56.812281,208080.316234,-176.864157,208073.932373,63.373692,209837.040235,101.020561,607.228662,-19.110559,605.401065,-138.392435,612.554768,59.954034,0.006072,1,0
29.700000,-56.806297,208220.314869,-176.774346,209078.159936,63.197057,210639.137260,101.287403,610.065305,-18.953808,604.674396,-138.865761,600.205991,59.951950,0.011427,1,0
29.733000,-56.682524,206873.449091,-176.712715,209389.775316,62.906178,208556.043505,101.572425,605.615617,-18.587471,607.647342,-139.191441,600.861550,59.955283,0.000304,1,0
29.767000,-56.697223,209626.338304,-176.604182,209269.174073,63.056474,207999.660481,101.518517,604.256482,-18.396766,606.575314,-138.774466,605.813963,59.960408,-0.010315,1,0
29.800000,-56.865687,208865.233531,-176.873672,210206.115051,63.303433,209494.600691,101.456941,608.349543,-18.779349,607.934447,-138.453363,604.576335,59.953973,-0.001038,1,0
29.833000,-56.746008,210571.518383,-176.911763,209434.031922,63.241617,209617.359536,101.105641,602.025753,-18.919820,604.062076,-138.668727,602.788330,59.956483,0.010619,1,0
29.867000,-56.824351,208816.211519,-176.818651,209235.938430,63.222481,209724.015793,100.957339,606.024715,-18.818607,601.525572,-138.580156,603.739294,59.957272,0.007376,1,0
29.900000,-56.824915,209612.018376,-176.820729,210298.572539,63.147276,208277.268655,101.124873,607.104913,-18.488702,602.426295,-138.820587,612.423675,59.956087,0.007724,1,0
29.933000,-56.875536,208253.234785,-176.883541,210155.844319,63.180662,211244.850743,101.097144,602.024676,-18.955338,606.990445,-138.820113,603.735358,59.959241,0.001763,1,0
29.967000,-56.734188,210510.538496,-176.732605,209878.929227,63.193896,210841.391810,101.156146,601.548473,-18.683273,603.093910,-138.942483,601.491692,59.947551,0.005021,1,0
30.000000,-56.779049,209220.412237,-176.626940,210487.088556,63.258923,209428.388819,101.578210,604.522109,-18.890220,602.417160,-138.999954,601.224966,59.956840,-0.000255,1,0
