TIMESTAMP,BUS38_VA_ANG,BUS38_VA_MAG,BUS38_VB_ANG,BUS38_VB_MAG,BUS38_VC_ANG,BUS38_VC_MAG,BUS38_IA_ANG,BUS38_IA_MAG,BUS38_IB_ANG,BUS38_IB_MAG,BUS38_IC_ANG,BUS38_IC_MAG,BUS38_Freq,BUS38_ROCOF,DATA_PRESENT,Event
0.000000,-58.941564,203224.951276,-178.798475,205387.424737,61.112114,203451.349373,98.997330,647.836419,-20.724354,639.480784,-141.139248,640.576985,59.957541,-0.000119,1,0
0.033000,-58.870145,203458.968954,-178.757789,201560.810889,61.074734,203856.227026,99.289330,639.581164,-20.799843,645.295385,-140.631599,641.685188,59.966058,0.003945,1,0
0.067000,-58.842699,204917.129931,-178.720098,201536.154674,61.030159,202512.646462,98.793656,639.368153,-20.844647,645.539937,-141.272116,640.048925,59.966309,0.008164,1,0
0.100000,-58.916768,202513.528314,-178.762634,203204.819097,61.184305,204431.791411,99.023005,646.272790,-20.448184,634.028524,-140.613844,637.820423,59.961351,-0.005725,1,0
0.133000,-58.976581,205420.578798,-179.004472,202818.912956,61.190077,203700.024144,99.149502,645.633545,-21.163632,641.921246,-140.762632,642.882339,59.966661,-0.001295,1,0
0.167000,-59.033746,203402.203338,-178.907743,204021.400736,61.063435,204376.169406,99.088155,647.864846,-21.033249,642.926181,-140.970059,642.623633,59.965311,0.008263,1,0
0.200000,-58.888940,202127.052684,-179.057238,203216.857044,60.855462,201135.981508,99.019825,631.364756,-20.972673,649.428066,-141.479623,637.508187,59.969327,0.000578,1,0
0.233000,-59.024521,204157.385129,-178.988589,202933.519048,61.251004,202588.646242,98.941043,642.654163,-21.090435,643.955076,-140.664004,638.555161,59.970476,0.005340,1,0
0.267000,-59.071389,203835.405584,-179.103430,202282.331053,61.068979,205606.289563,98.840772,642.610771,-20.942490,642.936014,-140.915465,639.001311,59.972720,-0.008345,1,0
0.300000,-59.014137,201839.882024,-179.063864,203584.708040,61.012439,204107.365399,98.858352,641.495487,-21.064966,644.097591,-140.769623,641.812328,59.961686,-0.006076,1,0
0.333000,-59.150376,204409.366923,-179.001367,202603.304357,60.841750,204793.578622,99.195508,644.460968,-21.088534,650.313176,-141.248144,644.751192,59.971744,-0.000741,1,0
0.367000,-58.858376,203384.623828,-179.240356,203790.996744,61.090674,204596.808760,99.401180,638.583198,-21.368638,639.436088,-140.900116,643.220961,59.971177,-0.001252,1,0
0.400000,-58.912164,204519.743254,-178.990613,202785.757916,60.907688,202927.170997,99.209426,644.413666,-20.837783,637.898579,-140.895990,640.395461,59.965968,0.003701,1,0
0.433000,-59.080378,204798.137834,-178.990930,202521.094285,61.106841,203200.925052,98.825685,647.359069,-20.982496,636.963733,-141.086211,644.426697,59.964970,-0.000640,1,0
0.467000,-59.044178,201900.905919,-178.659119,204031.099862,61.130567,202378.765514,99.137509,640.749349,-20.659765,639.633035,-141.088558,638.888059,59.968773,0.004160,1,0
0.500000,-58.778340,203292.865842,-178.905592,202879.935644,61.040110,202914.993167,99.278830,641.300959,-20.718789,641.055043,-141.050631,640.654821,59.966588,0.001514,1,0
0.533000,-58.908449,203002.282867,-179.020066,204167.307187,61.038528,202405.170195,98.995571,645.875860,-21.101953,643.417952,-140.819509,646.457248,59.966984,-0.004058,1,0
0.567000,-59.004552,204039.173749,-179.091040,202075.552398,61.105301,203234.052873,98.850761,645.320561,-21.285896,641.366225,-140.695100,639.624903,59.966233,-0.003491,1,0
0.600000,-59.009613,203419.767671,-178.942378,203038.655429,61.096737,204302.309949,98.761624,634.837341,-20.753918,639.213017,-140.807405,646.880279,59.969439,-0.004022,1,0
0.633000,-59.152400,203272.447571,-179.091289,204191.154296,61.063253,203245.455454,98.804176,636.257725,-21.069143,632.543889,-141.053031,646.341663,59.961892,0.003054,1,0
0.667000,-58.928168,202040.919732,-178.826652,202666.920526,61.093738,202884.156693,99.154473,638.609782,-20.906361,637.340457,-141.033739,639.006673,59.968248,0.000644,1,0
0.700000,-58.979787,202398.802258,-178.980918,203243.850146,60.919790,203470.394845,98.993281,639.446735,-20.976505,642.964176,-141.020557,641.071639,59.963423,-0.004077,1,0
0.733000,-58.851780,201886.644009,-178.883933,202567.660713,61.106660,201983.338416,99.101966,642.378740,-20.775780,644.541237,-141.026727,639.729961,59.960349,-0.001941,1,0
0.767000,-58.854194,204270.724816,-178.905188,202798.898023,61.174219,204530.669765,99.050444,646.397984,-20.883770,645.627408,-140.618801,638.097503,59.962106,-0.004290,1,0
0.800000,-58.807599,202613.423386,-178.825153,201565.832596,61.178990,202225.654576,99.051746,640.306435,-20.993364,636.782250,-140.712193,640.799878,59.956107,-0.003185,1,0
0.833000,-58.938128,203354.736732,-179.165516,202763.720338,61.025887,203700.291186,99.022231,647.866570,-21.080326,636.744021,-140.780752,642.740588,59.966613,0.004844,1,0
0.867000,-58.921096,203896.665566,-178.827126,201054.635225,61.171298,202953.861455,98.920095,649.907756,-20.694550,645.765457,-140.856579,644.163938,59.966455,0.001904,1,0
0.900000,-58.715550,203667.074613,-179.040567,202967.573301,61.088295,203429.287390,99.232205,644.257859,-20.654413,642.606745,-141.087655,646.853641,59.969737,0.011118,1,0
0.933000,-59.087593,203452.923704,-178.922608,202199.279067,61.041878,202643.195585,98.865687,645.116249,-20.806136,644.989897,-141.264263,638.175958,59.970110,-0.001016,1,0
0.967000,-58.982299,201401.658736,-178.818963,202471.814518,61.020720,201953.585247,99.015661,640.155516,-21.111432,638.409450,-141.123057,643.613191,59.958217,0.005286,1,0
1.000000,-59.025300,202501.485690,-178.952187,202995.338783,61.030163,202324.613327,99.025787,636.492276,-20.979446,636.382657,-141.360732,642.073675,59.972689,0.002507,1,0
1.033000,-58.997187,200727.315349,-178.779626,201771.086587,61.124731,202880.214659,98.853674,642.672601,-20.444849,641.169466,-141.029644,643.136922,59.970563,-0.001693,1,0
1.067000,-59.129177,202312.222918,-178.759612,201416.352901,61.249475,202492.239991,99.074248,634.161500,-20.661436,633.029420,-141.037756,630.708922,59.963869,-0.001733,1,0
1.100000,-58.851791,201757.374889,-178.808205,203419.940408,61.054043,201826.404892,99.027246,644.376647,-20.522856,635.412692,-141.202847,633.245838,59.957805,0.000818,1,0
1.133000,-58.997313,203632.099013,-178.888661,204085.805636,60.946203,202796.910759,98.869231,633.552840,-20.908166,642.700850,-141.180600,640.121106,59.969254,-0.010153,1,0
1.167000,-58.879154,204113.872264,-178.804511,202231.003521,61.267116,204057.358161,99.047343,639.765458,-20.798699,633.710072,-140.923112,643.523844,59.973251,-0.002962,1,0
1.200000,-58.841916,203355.324086,-178.971944,203223.258346,61.129105,201477.395569,99.078913,629.779023,-20.813626,631.146500,-140.888162,637.355121,59.970202,0.001424,1,0
1.233000,-59.009737,201132.683201,-178.811996,202029.842929,61.062231,203538.304327,99.271920,632.479843,-20.389730,642.364626,-140.935372,635.449804,59.972592,0.008028,1,0
1.267000,-59.049725,202022.037104,-179.044608,203528.237218,60.789731,203512.955016,99.017352,639.594022,-20.797379,641.178969,-141.472514,638.658098,59.964217,0.008492,1,0
1.300000,-58.773824,202388.191610,-178.991358,201776.074855,61.059982,200626.861498,99.553620,644.068926,-20.929218,639.397288,-140.747481,635.504918,59.966982,0.004595,1,0
1.333000,-59.004074,203292.104915,-178.946241,201663.564218,60.947490,203703.336401,99.018081,644.495969,-20.984649,637.483771,-141.224247,636.831339,59.972259,-0.007044,1,0
1.367000,-59.026841,202265.086854,-179.072515,203956.434136,60.917396,200985.489389,99.368872,641.699332,-20.723430,637.951999,-140.889630,643.764658,59.962458,-0.002576,1,0
1.400000,-59.241326,202688.936774,-179.074837,203290.707847,61.081313,202445.238626,98.728399,646.515660,-21.183136,636.581121,-140.871789,638.776052,59.979363,-0.001616,1,0
1.433000,-58.933195,203211.445929,-178.820015,202544.744923,60.784970,202184.217605,99.369908,635.076627,-20.652930,636.435911,-141.225247,637.036450,59.974309,-0.009672,1,0
1.467000,-59.039227,202000.835396,-178.856053,202165.104382,60.887178,203214.536291,98.737244,631.787296,-20.797744,638.473145,-141.234619,631.948780,59.969551,-0.003197,1,0
1.500000,-58.929105,202780.497458,-178.982575,203901.271110,60.991127,203489.921465,99.235718,633.061055,-21.332642,641.020038,-141.235038,636.747776,59.972003,-0.000860,1,0
1.533000,-58.829746,201942.830669,-179.161327,204099.108999,61.224270,204071.427011,99.067882,632.984832,-20.958064,635.731912,-141.037236,638.998552,59.964688,-0.019209,1,0
1.567000,-59.066809,201622.422556,-179.236559,203369.860382,61.008537,202084.677271,99.120916,638.729867,-21.440355,636.404433,-141.043186,645.317981,59.962711,-0.008566,1,0
1.600000,-58.940740,203472.612206,-179.137885,203513.435237,61.113113,203105.415078,98.868319,637.134507,-20.928838,638.722345,-140.948593,638.599205,59.967585,0.023833,1,0
1.633000,-58.856554,203310.272561,-179.111043,203688.025245,60.921015,204324.049723,99.061498,633.925052,-21.392393,638.756534,-140.908536,638.692304,59.958676,0.012939,1,0
1.667000,-58.950561,203316.818465,-179.312509,204329.795506,60.880758,202604.233401,99.227055,634.963671,-21.510641,638.239990,-141.244111,639.483387,59.960235,-0.008173,1,0
1.700000,-59.110025,203893.736749,-179.108734,202745.712414,60.931570,203755.575448,98.898255,635.968553,-21.084407,637.745334,-140.903377,633.409686,59.961007,0.008110,1,0
1.733000,-59.098403,202739.958229,-179.014180,204074.525509,60.809556,203216.141391,98.821970,635.457109,-21.038123,635.893785,-141.106868,628.534049,59.970906,0.004306,1,0
1.767000,-59.208561,203329.756965,-179.028030,203404.028702,61.066818,202331.825747,98.571911,636.608972,-21.301022,634.126482,-140.933798,630.002147,59.956389,0.005068,1,0
1.800000,-59.036276,203578.514130,-179.093767,201772.358310,60.852319,203436.921661,99.034690,632.856153,-21.243704,627.034751,-141.217711,636.854317,59.957538,-0.000104,1,0
1.833000,-59.024233,204366.234651,-179.030735,202287.151715,61.168957,203378.206186,98.982624,628.907159,-21.047068,631.455897,-140.931143,631.083126,59.966014,-0.012481,1,0
1.867000,-58.979022,202858.746542,-179.111220,204001.742162,60.829475,203753.233084,99.041251,628.530261,-21.224399,634.476638,-141.245318,632.530708,59.963149,0.003587,1,0
1.900000,-59.132548,202781.015427,-178.886863,206007.765535,60.922468,204174.800213,98.815966,635.813756,-21.094950,632.728352,-140.978364,624.622748,59.968695,-0.002292,1,0
1.933000,-58.986896,204077.575637,-179.207594,201830.853196,60.866952,205263.524901,98.835928,635.067547,-21.441208,640.134674,-140.746508,632.076843,59.960767,-0.002286,1,0
1.967000,-59.235856,203215.031079,-179.017908,203770.894813,60.931556,203460.372448,98.639180,630.468936,-20.774787,633.619427,-141.185789,630.105024,59.961611,-0.005331,1,0
2.000000,-58.902984,202817.691984,-178.967485,203401.288789,60.748006,204008.533358,99.175951,631.238231,-20.897446,634.571857,-141.095704,637.196733,59.965872,-0.007682,1,0
2.033000,-59.109781,204225.267369,-179.113537,202125.014745,60.784059,203516.827918,98.917154,635.011542,-21.048269,636.588090,-141.432006,632.946112,59.962517,0.012415,1,0
2.067000,-59.082365,202834.739131,-179.160815,203190.493997,60.952961,203603.109572,98.675400,632.783126,-21.363914,635.362983,-141.371546,632.089091,59.965384,0.006953,1,0
2.100000,-59.387307,204225.645210,-179.177836,204500.312544,60.664021,203733.281974,98.790294,640.308379,-21.261794,634.987399,-141.439598,640.717318,59.959530,-0.009286,1,0
2.133000,-59.125800,203295.910235,-178.951218,202536.786923,60.862144,203064.987117,99.038739,643.444890,-21.105694,633.178295,-141.033333,638.041622,59.961315,0.003930,1,0
2.167000,-58.995995,203053.351332,-179.197164,203937.043948,60.822726,203557.851690,98.933579,631.131720,-20.806721,634.386903,-141.180172,634.529883,59.958781,-0.003920,1,0
2.200000,-59.095962,203679.478401,-179.020617,203919.208781,61.000078,203592.848198,99.111981,637.897316,-21.345182,633.799135,-140.897055,634.201964,59.964158,0.015413,1,0
2.233000,-59.173786,204574.329313,-179.082524,202496.060929,61.068246,204513.948986,99.247661,635.557355,-20.841039,634.829133,-140.810602,639.441176,59.967303,0.005445,1,0
2.267000,-59.039636,203237.400015,-178.903912,205071.173479,60.733720,203338.001210,98.715667,635.468959,-21.094588,638.250700,-140.906247,640.285921,59.959897,-0.000263,1,0
2.300000,-59.235466,205494.219236,-179.046768,203558.327826,60.979898,202943.844374,98.848111,634.344116,-20.865465,631.892606,-141.083726,640.377915,59.963820,0.005861,1,0
2.333000,-59.012720,202109.550561,-179.041055,204622.529194,60.881267,203177.689753,99.032168,634.782178,-21.170075,634.535608,-141.187676,637.317881,59.955712,0.001499,1,0
2.367000,-59.076507,202657.007282,-179.041492,204600.937841,60.736918,203388.836803,99.078210,641.415432,-20.685216,639.181396,-141.217948,639.359446,59.956851,-0.004807,1,0
2.400000,-59.074110,202329.702011,-178.946660,202959.487790,60.902813,201999.136102,98.590448,632.456856,-20.733940,636.115960,-140.960781,633.088082,59.955014,0.004649,1,0
2.433000,-59.123461,202969.020366,-178.930764,203264.957213,60.792105,203485.425356,98.737426,629.092167,-20.927976,623.679726,-140.986791,635.881397,59.951951,0.001852,1,0
2.467000,-59.230297,202881.244871,-179.177665,201673.725431,60.625652,203692.487335,98.639760,636.622480,-21.246074,637.985199,-141.431918,636.305602,59.955291,0.005868,1,0
2.500000,-59.232629,202606.487871,-179.305216,203445.684521,60.988879,203806.080484,98.526358,629.784180,-21.150485,634.626823,-141.036384,625.533464,59.957228,0.002920,1,0
2.533000,-59.031504,204560.884483,-179.113468,202554.293705,60.930399,202370.665258,99.327582,623.898955,-21.206879,625.222461,-141.265781,624.234870,59.954874,-0.009986,1,0
2.567000,-58.900996,201032.483773,-179.082471,204358.311807,60.824561,201375.050970,98.927127,627.637803,-21.094097,636.971017,-140.774859,627.896868,59.951360,-0.006273,1,0
2.600000,-59.173318,203671.336906,-179.275465,204557.635389,61.085014,204579.349184,98.615028,623.264646,-21.120370,630.254461,-141.180414,627.024294,59.954866,0.005455,1,0
2.633000,-59.162790,202943.599109,-179.343162,204218.421163,60.804629,203118.627852,99.008044,627.827913,-21.317218,631.595812,-141.085761,634.714774,59.949728,0.003955,1,0
2.667000,-59.117926,201387.221801,-179.104369,202247.029548,60.769581,203241.946403,98.982930,633.247090,-21.079077,626.955167,-141.273929,635.671587,59.948249,0.012767,1,0
2.700000,-59.308348,203231.695462,-179.296729,201880.422334,60.904520,202457.888305,98.771678,631.562058,-21.122526,629.624969,-141.052186,631.045205,59.951671,0.003738,1,0
2.733000,-59.118034,203835.638101,-179.153288,204652.524375,60.788752,203241.856707,98.785465,637.059046,-21.038490,630.980034,-141.073634,638.053559,59.954347,0.004442,1,0
2.767000,-59.241646,202480.238736,-179.213653,202366.988143,60.696600,204512.323687,98.596576,626.780451,-21.068099,631.078147,-141.375914,629.989461,59.951008,-0.004162,1,0
2.800000,-59.282613,203433.364104,-179.012517,201493.413047,60.833155,203543.186145,98.424024,628.717769,-21.264105,628.692540,-141.104890,621.568672,59.951440,-0.001922,1,0
2.833000,-59.123365,203541.810857,-179.089734,203798.406769,60.558148,203386.187081,98.997626,634.752272,-20.814358,630.141943,-141.712186,635.610423,59.948810,0.006369,1,0
2.867000,-59.374512,203285.861552,-178.960947,202845.474002,60.777109,205596.820999,98.706109,630.121128,-20.837463,630.775555,-141.050080,629.886016,59.959749,-0.011534,1,0
2.900000,-59.292053,202134.841380,-179.130650,202488.192516,60.852190,203210.335783,98.797810,632.689684,-20.857190,629.511551,-141.114359,632.563393,59.959464,-0.005747,1,0
2.933000,-59.170567,201499.129113,-179.278684,202755.615444,60.655025,202173.707710,99.141784,630.615398,-21.150047,627.547480,-141.107602,637.827925,59.952322,0.009615,1,0
2.967000,-59.217138,202808.012983,-178.973879,204946.684845,60.604501,201698.387096,98.731017,632.725023,-21.057330,631.846009,-141.419964,633.717755,59.955699,0.005737,1,0
3.000000,-59.279074,202902.289572,-179.245550,203754.150827,60.737961,204163.047127,98.544371,630.117132,-20.908628,629.585181,-141.393333,633.071440,59.966600,-0.005707,1,0
3.033000,-59.163393,202986.383649,-179.323886,204126.950622,60.717648,203529.322620,99.099270,631.841434,-21.285735,640.729358,-141.386440,636.465261,59.959459,-0.003791,1,0
3.067000,-59.176827,201946.323726,-179.198117,204920.883921,60.798891,203262.408242,98.846385,638.442290,-21.304465,641.942293,-141.327872,644.630805,59.962776,0.001621,1,0
3.100000,-59.375689,203557.564141,-179.249598,203194.354819,60.784987,202605.970860,98.870608,636.313552,-21.240061,638.899909,-141.155891,634.487454,59.961555,-0.001835,1,0
3.133000,-59.366863,202667.245976,-179.276531,202580.512650,60.515559,202079.948770,98.361511,636.646697,-21.249095,634.863324,-141.518807,640.501457,59.960737,-0.000691,1,0
3.167000,-59.365489,201795.527863,-179.429653,202867.315523,60.802263,203161.396572,98.518856,635.926842,-21.622448,629.192122,-141.072396,631.895629,59.960151,0.005973,1,0
3.200000,-59.069619,202995.216858,-179.535673,203888.439183,60.668398,203095.572126,99.289811,631.958537,-21.396704,634.382976,-141.204505,633.488759,59.951516,0.003418,1,0
3.233000,-59.152202,201268.530243,-179.291094,201777.141451,60.735851,201703.063821,98.980781,637.764585,-21.178806,635.694406,-141.391705,631.879409,59.956131,-0.013998,1,0
3.267000,-59.338537,202231.895567,-179.366370,203671.890664,60.822534,202518.254437,98.895416,642.465377,-21.284979,630.475625,-141.493194,630.102947,59.958087,-0.009492,1,0
3.300000,-59.148314,202950.586447,-179.309353,202842.878554,60.777356,203145.682694,98.684149,633.376429,-21.621897,640.929863,-141.234891,638.709911,59.955285,0.004561,1,0
3.333000,-59.200877,204273.388813,-179.264042,203422.158282,60.745234,203162.216777,98.925265,636.697177,-21.201042,635.739146,-141.087066,635.224842,59.957709,0.001504,1,0
3.367000,-59.214975,203401.715668,-179.317938,201460.560135,60.731135,202614.019818,98.723996,638.485128,-21.359834,635.164622,-141.451549,638.044686,59.950946,-0.007838,1,0
3.400000,-59.144098,204474.337175,-179.188119,202488.993470,60.851161,202190.552840,98.849048,632.095340,-21.325402,633.487721,-140.934258,641.821121,59.950907,0.003044,1,0
3.433000,-59.132052,202396.460437,-179.265700,204664.791544,60.798608,203693.255352,98.753697,641.135704,-21.110362,639.715692,-141.272761,640.367237,59.957204,-0.001941,1,0
3.467000,-59.087886,201916.855612,-179.214496,204410.052101,60.708029,201457.382379,99.101521,638.869938,-21.204361,639.812485,-141.224363,633.747438,59.952778,-0.014174,1,0
3.500000,-59.172674,201969.333844,-179.295377,203218.392407,60.659962,201378.779932,98.652135,633.489355,-21.117689,639.881194,-141.171187,631.459814,59.959135,0.006087,1,0
3.533000,-59.162416,202825.967470,-179.270981,202709.594887,60.690545,201292.008280,99.065301,640.015502,-21.252601,641.326295,-141.214650,643.289798,59.962544,-0.008986,1,0
3.567000,-59.162407,202883.884484,-179.253016,203514.022299,60.737485,203740.843395,98.949309,636.958706,-21.537308,639.634810,-141.509480,642.390636,59.962006,0.000763,1,0
3.600000,-59.384723,201281.994972,-179.275925,201060.663444,60.766271,202942.267120,98.410824,633.293243,-21.357176,642.499510,-141.003524,632.548888,59.962890,0.003010,1,0
3.633000,-59.221436,203154.689820,-179.333127,203612.989880,60.792342,202039.976159,98.891602,634.581102,-21.545586,638.983041,-141.179789,640.721745,59.953649,0.004527,1,0
3.667000,-59.331319,202427.360362,-179.133089,202705.484039,60.512489,202741.614681,98.672794,639.447362,-20.952385,631.118924,-141.125202,630.529359,59.951384,0.003121,1,0
3.700000,-59.259631,203530.973885,-179.433832,203134.229928,60.831936,203962.560202,98.902490,641.190920,-21.578796,634.767383,-141.132414,637.404656,59.954512,-0.007185,1,0
3.733000,-59.328313,200295.799497,-179.451008,202714.928375,60.685495,203764.892347,98.500541,637.649968,-21.139938,638.423537,-141.214276,638.522193,59.953581,0.004498,1,0
3.767000,-59.314609,203021.687954,-179.469694,204327.534669,60.536643,202750.175254,98.426928,634.306957,-21.312827,642.051520,-141.399381,637.956047,59.958863,-0.000562,1,0
3.800000,-59.436185,201656.526222,-179.347532,203205.321913,60.846395,202319.072389,98.451518,631.758759,-21.294166,635.562723,-141.058815,635.709375,59.960151,-0.007783,1,0
3.833000,-59.250158,202722.269359,-179.267338,203944.497610,60.750392,202208.728961,98.530901,640.118782,-21.341671,641.782342,-141.133837,636.386768,59.955749,-0.000306,1,0
3.867000,-59.256820,201575.873574,-179.199619,203654.188442,60.696785,202858.110539,98.722971,637.960870,-21.273660,645.452053,-141.197434,640.693444,59.958251,-0.006125,1,0
3.900000,-59.364348,203166.748704,-179.223739,200871.528905,60.851231,202928.544370,98.499470,641.245343,-21.099787,634.357147,-141.049894,637.311201,59.956231,0.010040,1,0
3.933000,-59.278654,201826.824698,-179.247661,200830.174144,60.640881,202859.341022,98.727267,647.368599,-21.376425,638.801294,-141.208079,641.187092,59.964663,0.003697,1,0
3.967000,-59.132873,201018.336162,-179.230760,203347.206388,60.804093,204470.534174,98.847892,645.214481,-21.060059,642.519135,-141.122105,639.716585,59.957043,0.013375,1,0
4.000000,-59.343202,203158.651830,-179.039254,201902.418294,60.683123,202841.117402,98.700054,643.696688,-20.998340,633.970501,-141.246922,641.744278,59.954359,-0.001543,1,0
4.033000,-59.202307,202136.605462,-179.421928,202704.225401,60.808220,202287.561721,98.851212,639.722149,-21.414496,641.975821,-141.150755,650.519952,59.964060,0.001081,1,0
4.067000,-59.610241,201741.548618,-179.302936,204018.076779,60.778731,201243.370250,98.458229,639.780000,-21.368667,642.153471,-141.322936,640.656193,59.963274,-0.009138,1,0
4.100000,-59.373961,203044.370057,-179.454833,202551.194984,60.848320,203352.210034,98.607679,645.889227,-21.596704,638.976883,-141.057248,637.293975,59.959588,-0.009346,1,0
4.133000,-59.320736,201983.577554,-179.309565,200880.382568,60.825156,202144.991449,98.702003,645.294312,-21.282054,643.572501,-141.020614,644.087715,59.964862,0.005704,1,0
4.167000,-59.269057,200883.640833,-179.334711,203903.998496,60.802567,201469.090067,98.713225,648.662663,-21.452628,645.110311,-141.268228,642.577591,59.958865,0.001606,1,0
4.200000,-59.217178,202281.295834,-179.182584,202335.668880,60.782328,201380.774519,98.993635,644.409989,-20.892479,642.955166,-141.162145,645.490846,59.964844,-0.004290,1,0
4.233000,-59.319628,202745.096262,-179.201655,202403.471238,60.782891,201334.674196,98.670460,645.187159,-21.173993,641.755251,-141.168794,642.881239,59.962269,-0.003230,1,0
4.267000,-59.217112,203545.566208,-179.130549,201693.217200,60.919264,202340.301201,98.577993,642.361646,-20.946099,641.223277,-141.187665,644.544052,59.955373,-0.006567,1,0
4.300000,-59.195957,201492.924447,-179.156287,202857.640144,60.784134,203866.685724,98.512684,642.964287,-20.809746,636.009528,-140.860658,636.662003,59.955189,-0.002114,1,0
4.333000,-59.096010,203716.779530,-179.117582,203279.860456,60.933349,202102.876781,98.855445,643.161077,-21.330229,643.285640,-141.100760,639.269484,59.960391,-0.000759,1,0
4.367000,-59.247455,201042.265702,-179.219764,203459.779823,60.699602,203657.314941,98.792585,636.971376,-21.116667,648.490953,-141.382980,642.647153,59.957158,0.002877,1,0
4.400000,-59.231542,201813.203361,-179.120327,204275.173181,60.756967,204914.625930,98.679171,644.393126,-21.095736,645.187875,-141.319685,646.456169,59.967139,-0.000367,1,0
4.433000,-59.305748,202105.938081,-179.555613,201477.131051,60.720969,202221.676240,98.756696,641.664369,-21.373600,638.492217,-141.102957,636.247100,59.967156,0.007024,1,0
4.467000,-59.460034,201801.671980,-179.467325,201953.499588,60.563094,201035.808811,98.534773,643.091126,-21.553136,647.234959,-141.454521,635.052882,59.959985,-0.005413,1,0
4.500000,-59.118207,204120.251362,-179.430673,203889.945476,60.565904,201839.419719,99.191940,641.269877,-21.538892,643.209208,-141.590475,640.369958,59.961228,0.002990,1,0
4.533000,-59.298807,204240.777164,-179.222301,201995.555520,60.537761,202801.996551,98.828660,640.101233,-21.351482,645.475309,-141.588507,642.183669,59.961563,-0.012543,1,0
4.567000,-59.428642,203205.548600,-179.177308,203277.202209,61.015867,203121.026787,98.657270,644.227342,-21.382276,637.651931,-141.121141,639.914540,59.967830,-0.007076,1,0
4.600000,-59.300425,202664.290787,-179.185148,201494.676145,60.516066,203757.205335,98.654319,648.171468,-21.255442,646.165136,-141.394091,649.635176,59.955063,0.000584,1,0
4.633000,-59.250062,202826.380984,-179.371811,203159.394508,60.809053,202709.612181,98.894651,644.829675,-21.515781,642.586538,-141.105469,635.752664,59.964833,-0.005757,1,0
4.667000,-59.377509,201960.347239,-179.124107,202680.624847,60.828705,202516.415250,98.609745,643.860274,-21.079996,645.994639,-141.021588,647.918230,59.960636,-0.005643,1,0
4.700000,-59.125901,201152.232617,-179.325383,203644.196430,60.878616,202860.785466,98.919754,648.450922,-21.450949,640.904259,-141.238541,645.075805,59.968502,-0.005719,1,0
4.733000,-59.210659,202574.979667,-179.312675,203522.085770,60.801271,202784.272798,99.035085,641.266086,-21.339083,636.975129,-141.283874,638.787440,59.971538,-0.010952,1,0
4.767000,-59.283071,201857.452465,-179.196196,201829.740284,60.772755,203289.775110,98.542282,643.216362,-21.150531,642.007807,-141.621018,635.646675,59.969403,-0.008703,1,0
4.800000,-59.299165,204852.556970,-179.309423,202825.517669,60.719426,202138.618118,98.915914,641.598951,-21.542629,633.354398,-141.597652,644.796537,59.972012,-0.008591,1,0
4.833000,-59.381657,202108.512973,-179.142686,203558.723665,60.738321,202152.335082,98.534596,635.420479,-21.022291,638.345019,-141.310646,632.663886,59.960869,0.000915,1,0
4.867000,-59.214106,202181.186585,-179.071570,202886.256260,60.745004,202368.928288,98.643290,638.222500,-21.143309,638.508769,-141.261177,638.612421,59.970826,-0.002155,1,0
4.900000,-59.165433,201853.893759,-179.319245,202170.764676,60.557730,203838.138233,98.909612,632.211007,-21.215756,631.942110,-141.225613,639.843630,59.975558,-0.009893,1,0
4.933000,-59.160359,203417.641326,-179.268573,201882.250252,60.742637,202257.671556,99.059335,645.217014,-21.327672,637.861463,-141.241436,639.004869,59.959498,-0.004349,1,0
4.967000,-59.121771,202812.877869,-179.293697,202651.509760,60.775037,202123.709989,99.105612,636.864063,-21.074897,636.115808,-141.104515,639.865034,59.970251,-0.014915,1,0
5.000000,-59.228522,204541.359502,-179.197771,203649.815618,60.987569,203486.831488,98.699199,632.127830,-21.785276,636.003145,-141.267852,635.158097,59.971015,0.010204,1,0
5.033000,-59.228836,204681.458686,-179.075737,202974.830616,60.839109,203190.889260,99.091495,634.340256,-21.104098,634.092655,-141.310162,637.178496,59.966405,-0.002815,1,0
5.067000,-59.284146,203852.904317,-179.140305,202558.459430,60.759960,202201.816769,98.585952,633.706361,-21.065700,634.609839,-141.294962,633.455681,59.963644,-0.005623,1,0
5.100000,-59.340330,200986.969108,-179.285628,203716.983459,60.712997,203022.593866,99.019127,634.476999,-21.205570,638.284181,-141.212583,632.761441,59.971283,-0.005291,1,0
5.133000,-59.183166,200745.527891,-179.266069,202101.519208,60.765174,201055.037882,98.933522,635.291223,-20.970632,639.548593,-141.482478,643.144508,59.959483,0.007443,1,0
5.167000,-59.303133,202535.642372,-179.455743,201732.740526,60.667881,202154.310209,98.775742,632.665578,-21.412077,633.972161,-141.327402,639.123617,59.968027,0.004672,1,0
5.200000,-59.461394,202171.377579,-179.250131,201787.388777,60.689725,199840.387429,98.690504,630.150958,-21.201835,634.962985,-141.328741,628.616014,59.960854,0.011041,1,0
5.233000,-59.137436,203393.795423,-179.496140,202689.968288,60.508925,202447.069407,99.054712,639.724352,-21.580518,640.374979,-141.585016,636.698021,59.959872,0.004112,1,0
5.267000,-59.400408,200304.560738,-179.430421,201173.453076,60.330855,203788.938792,98.376271,643.941445,-21.173042,634.997703,-141.435856,639.087284,59.962886,-0.002350,1,0
5.300000,-59.456316,202272.124616,-179.447951,201699.466498,60.653094,202128.249844,98.744154,635.213096,-21.424766,634.675564,-141.182689,633.646444,59.958840,-0.007637,1,0
5.333000,-59.478091,202900.703395,-179.414507,202266.841029,60.685152,201807.163851,98.331216,632.740012,-21.354606,633.365472,-141.493389,633.718092,59.963681,0.001559,1,0
5.367000,-59.317612,201529.215170,-179.354637,202482.697816,60.608158,202202.344062,98.638682,637.277708,-21.088951,639.616073,-141.237213,635.503963,59.964355,0.000884,1,0
5.400000,-59.365161,203127.232509,-179.311946,204095.766357,60.615573,202904.179452,98.726953,634.723497,-21.444760,633.743328,-141.125615,634.280615,59.964769,0.004596,1,0
5.433000,-59.542588,201381.110717,-179.381880,202299.018162,60.647329,202835.899825,98.255223,641.562688,-21.475176,638.145708,-141.675582,635.756694,59.961825,0.007147,1,0
5.467000,-59.557291,202013.890007,-179.464949,202534.110578,60.538062,201759.614666,98.211313,634.796523,-21.719478,643.274305,-141.634764,639.125698,59.960267,-0.011812,1,0
5.500000,-59.400478,203004.096115,-179.323687,202941.705434,60.594257,201637.393084,98.500596,633.071131,-21.215425,645.986152,-141.584368,640.796287,59.957007,-0.010752,1,0
5.533000,-59.264723,202751.032115,-179.528679,204656.191340,60.675299,203221.589764,98.650334,640.348085,-21.739724,639.729435,-141.305037,637.607215,59.959729,0.003498,1,0
5.567000,-59.490141,201919.358816,-179.243770,204328.636929,60.796141,203812.833639,98.506404,640.938249,-21.323760,645.969436,-141.319147,642.621589,59.968611,0.001523,1,0
5.600000,-59.303161,203263.241433,-179.337779,203115.841288,60.432005,201834.648231,98.628574,641.445282,-21.413479,639.476091,-141.661980,637.854213,59.964298,0.011174,1,0
5.633000,-59.337474,203219.253499,-179.412286,203572.023055,60.495721,201531.080903,98.729220,642.211844,-21.502860,635.969041,-141.523637,643.608491,59.965519,-0.013163,1,0
5.667000,-59.407010,202719.070997,-179.474210,202678.892591,60.550088,203576.088165,98.665578,632.456742,-21.466438,639.658574,-141.274835,639.044717,59.969403,-0.005875,1,0
5.700000,-59.145076,203660.765082,-179.390785,204496.308179,60.714701,201687.577052,98.793061,635.303784,-21.278377,632.399793,-141.281303,644.614902,59.967683,0.011319,1,0
5.733000,-59.352846,203535.020593,-179.379326,202824.960744,60.562589,203302.961727,98.556089,640.305933,-21.408114,636.129261,-141.365046,633.351945,59.969738,0.004490,1,0
5.767000,-59.291650,203898.922240,-179.299355,202833.238246,60.704135,202480.152758,98.570385,636.310513,-21.401430,633.841897,-141.357739,638.869013,59.970538,-0.008296,1,0
5.800000,-59.248683,202933.665712,-179.370868,203558.230038,60.600522,203887.039553,98.817911,632.911570,-21.419631,631.520041,-141.073033,634.854852,59.963869,-0.004453,1,0
5.833000,-59.524586,203817.629383,-179.596540,204047.540705,60.765255,204028.208835,98.850710,639.671044,-21.330888,639.437301,-141.294659,636.885037,59.959420,0.001867,1,0
5.867000,-59.465335,203825.698336,-179.601294,201774.452411,60.582292,203344.953087,98.115341,639.228886,-21.455285,634.074426,-141.333831,638.030801,59.968697,-0.009486,1,0
5.900000,-59.369002,202449.235555,-179.499455,203455.341098,60.532985,203469.828573,98.825112,640.506838,-21.399550,640.467429,-141.197204,639.884322,59.966781,-0.011179,1,0
5.933000,-59.396261,204042.359368,-179.129670,202250.644761,60.669805,203321.109062,98.709971,640.511558,-21.184219,645.993991,-141.466654,642.093849,59.962467,-0.002714,1,0
5.967000,-59.390778,203559.288227,-179.366461,203821.803986,60.646049,203537.382813,98.686006,640.604440,-21.407645,633.160636,-141.530653,634.792672,59.963670,0.004646,1,0
6.000000,-59.365751,204008.255351,-179.325106,202095.142193,60.581022,203672.027671,98.575410,641.546925,-21.563067,642.384496,-141.680864,632.579717,59.971398,-0.003525,1,0
6.033000,-59.531473,203670.687979,-179.420559,205602.229285,60.507718,201456.861144,98.612507,633.142948,-21.678263,631.626050,-141.709652,641.206432,59.975971,-0.007084,1,0
6.067000,-59.323253,203734.997620,-179.511481,202288.196396,60.660466,203697.000922,98.603250,633.388662,-21.779339,637.870666,-141.223548,637.103393,59.972668,-0.002822,1,0
6.100000,-59.542378,203196.862353,-179.346142,205381.832561,60.569934,204388.415393,98.427358,639.238076,-21.480552,633.526785,-141.473350,636.302952,59.973478,-0.004880,1,0
6.133000,-59.552203,203433.003861,-179.353838,203784.625573,60.605429,204967.105459,98.509727,641.616468,-21.483199,634.896260,-141.476974,642.770697,59.978132,-0.004444,1,0
6.167000,-59.439116,204125.887958,-179.359834,203205.869730,60.678444,203785.854725,98.568313,637.774583,-21.479698,643.684186,-141.301602,639.461159,59.968263,-0.012277,1,0
6.200000,-59.259652,205233.686963,-179.455063,203346.840523,60.602852,204873.896972,98.769675,637.466766,-21.542261,642.688882,-141.316634,634.360056,59.961730,0.000825,1,0
6.233000,-59.284877,205250.402192,-179.305938,205037.340185,60.650559,204284.106765,98.693265,637.491307,-21.613853,645.188585,-141.404101,636.537780,59.965081,0.008510,1,0
6.267000,-59.311327,203293.967300,-179.180318,204381.146035,60.620415,203045.872788,98.882950,637.615576,-21.449050,637.115459,-141.310117,639.272922,59.960851,0.000791,1,0
6.300000,-59.327219,202346.539941,-179.367108,204814.909268,60.781988,203623.350866,98.893854,636.962586,-21.444161,636.871748,-141.022323,638.738427,59.963068,-0.007446,1,0
6.333000,-59.246454,203245.820742,-179.347133,202291.485616,60.585982,203026.504474,98.754687,628.995882,-21.420026,633.100645,-141.308894,634.889787,59.960788,0.008077,1,0
6.367000,-59.360996,204818.801714,-179.290787,204608.246761,60.568230,202403.500629,98.489275,633.748078,-21.521234,638.159958,-141.672092,635.517112,59.970427,-0.003057,1,0
6.400000,-59.215605,203257.376927,-179.423318,205896.380472,60.679356,203416.787615,98.848979,637.626058,-21.527199,633.863022,-141.750872,640.711450,59.968975,-0.001484,1,0
6.433000,-59.393382,205595.216359,-179.399634,204422.492910,60.635992,204722.463147,98.607517,634.006787,-21.508321,636.454464,-141.622622,633.257193,59.965046,0.002842,1,0
6.467000,-59.476426,205280.346380,-179.387362,205129.431050,60.499422,203419.548084,98.362508,639.783985,-21.607578,634.810892,-141.508237,640.679289,59.966456,-0.000673,1,0
6.500000,-59.321108,203550.443458,-179.357796,204193.378923,60.901477,204931.829911,98.891668,638.957393,-21.493092,637.654922,-141.414883,636.388893,59.974775,0.011689,1,0
6.533000,-59.384605,205134.069420,-179.490052,202361.005582,60.594300,204527.816258,98.393450,638.119481,-21.798127,636.758262,-141.266804,639.985521,59.970684,0.013832,1,0
6.567000,-59.397990,204410.760173,-179.521434,203246.984243,60.589835,204421.317240,98.740965,642.447555,-21.802879,641.210635,-141.306198,633.754118,59.971263,0.005172,1,0
6.600000,-59.262046,204840.701302,-179.628138,205967.400114,60.355426,202869.104707,98.551226,638.285230,-21.910661,637.965537,-141.525956,640.098932,59.964847,-0.002575,1,0
6.633000,-59.199702,204041.083843,-179.373069,204856.128625,60.516796,202975.870378,99.052810,635.683290,-21.183422,633.468581,-141.447114,633.604919,59.973169,-0.014491,1,0
6.667000,-59.396791,205252.643753,-179.445213,204767.416659,60.620026,202958.565514,98.718991,644.287896,-21.162029,639.936059,-141.268063,631.209609,59.972242,-0.001329,1,0
6.700000,-59.391450,204981.315252,-179.500533,205322.028823,60.351896,203731.251654,98.447955,638.208736,-21.545988,641.335682,-141.658179,644.078444,59.976498,0.001916,1,0
6.733000,-59.436750,203985.140947,-179.406740,204394.967142,60.660029,202902.137684,98.649788,644.199078,-21.439600,645.972882,-141.436041,641.340138,59.980685,0.011659,1,0
6.767000,-59.428452,204252.299942,-179.344971,204591.823005,60.572294,204266.501556,98.932252,645.067817,-21.334487,639.744356,-141.665429,638.770210,59.970331,0.000146,1,0
6.800000,-59.355067,205669.826662,-179.239201,205375.970593,60.621531,201945.723967,98.698811,639.842624,-21.053280,642.169679,-141.379253,642.665805,59.966638,-0.000187,1,0
6.833000,-59.274279,201913.418583,-179.282214,206468.454960,60.753757,203484.691546,98.711662,639.338815,-21.217797,639.583986,-141.442393,643.822354,59.979018,0.003973,1,0
6.867000,-59.349373,202310.455036,-179.408731,204466.237298,60.601885,203325.049771,98.629461,654.114954,-21.131099,645.185663,-141.221691,641.576069,59.972774,0.013560,1,0
6.900000,-59.281062,202580.375495,-179.461590,204299.532237,60.600758,201938.363505,98.935872,644.953977,-21.187072,642.233403,-141.036484,641.541696,59.973916,-0.007912,1,0
6.933000,-59.354260,202843.699857,-179.337214,202965.076183,60.904386,204497.680777,98.487399,643.950080,-21.371685,643.466784,-141.226330,644.278392,59.970029,-0.007218,1,0
6.967000,-59.241232,202488.877926,-179.268545,204822.262835,60.583622,203253.892426,98.433331,646.694989,-21.129338,648.676409,-141.476179,644.527020,59.968328,0.001532,1,0
7.000000,-59.444172,203599.190807,-179.423932,204204.473302,60.677957,202033.368811,98.439689,646.290386,-21.233892,647.500935,-141.218118,648.039768,59.966909,0.011271,1,0
7.033000,-59.384017,203351.372970,-179.293562,203100.862368,60.735989,203528.360936,98.409091,650.739157,-21.286116,650.684127,-141.387912,648.899503,59.963255,0.003839,1,0
7.067000,-59.526426,203324.329719,-179.444650,203715.182869,60.545157,204196.055124,98.249391,649.097212,-21.507674,643.835061,-141.390457,649.921584,59.966309,-0.001521,1,0
7.100000,-59.186804,204773.448695,-179.307180,205104.354952,60.505620,203870.425378,98.794500,639.034995,-21.423904,644.875016,-141.399730,643.514041,59.975705,-0.007180,1,0
7.133000,-59.436338,203336.509136,-179.350166,205237.864751,60.593521,205506.424292,98.742129,643.270714,-21.223247,645.749000,-141.547197,641.192377,59.971674,0.013019,1,0
7.167000,-59.327343,204596.111650,-179.314388,203052.057572,60.600592,203900.151979,98.656750,646.175191,-21.107296,639.481094,-141.529502,640.840833,59.970347,-0.010620,1,0
7.200000,-59.195283,204565.814526,-179.369930,204763.788679,60.860794,204858.192856,98.765786,643.837177,-20.981583,647.091676,-141.329217,645.702765,59.971454,0.006721,1,0
7.233000,-59.271213,202893.724038,-179.398106,205274.201567,60.526943,202785.596897,98.862848,659.026309,-21.394275,648.827203,-141.530136,646.895492,59.972228,0.006263,1,0
7.267000,-59.347967,203719.188500,-179.279042,204395.770274,60.551736,206173.640581,99.117576,649.275208,-21.279196,648.437155,-141.434133,648.017232,59.974566,-0.011425,1,0
7.300000,-59.200715,204373.521009,-179.380442,205226.387289,60.658707,204327.452976,98.497643,650.505698,-21.319126,637.805751,-141.280625,648.642235,59.970802,0.012442,1,0
7.333000,-59.242291,204382.018219,-179.330810,204291.061271,60.686866,204233.723856,98.481374,649.082271,-21.336046,649.214570,-141.359009,654.800838,59.973276,-0.003980,1,0
7.367000,-59.356272,202844.621436,-179.376284,204316.680365,60.586767,205403.434184,98.819216,649.424068,-21.453719,650.365058,-141.331003,652.158011,59.975198,0.010623,1,0
7.400000,-59.276365,203931.634731,-179.261369,203749.389260,60.672390,204565.672064,98.664122,646.755797,-21.235809,650.406890,-141.188846,645.132042,59.967204,0.000252,1,0
7.433000,-59.344263,204428.282123,-179.113475,203268.925047,60.607657,204329.958467,98.488868,645.121785,-21.079061,642.535340,-141.794051,654.643654,59.968662,0.000933,1,0
7.467000,-59.327899,203954.216691,-179.381853,202652.573375,60.655835,204588.994493,98.793005,640.825396,-21.660789,638.915239,-141.505812,643.147972,59.965870,0.003019,1,0
7.500000,-59.333787,204070.098658,-179.202814,204726.880110,60.553926,204672.477204,98.610055,650.243956,-20.791655,643.484710,-141.475907,642.752547,59.969227,-0.004900,1,0
7.533000,-59.483863,204859.723005,-179.382560,204261.067745,60.678518,204366.412574,98.787109,645.401008,-21.496936,648.512737,-141.408949,647.888039,59.970923,-0.010524,1,0
7.567000,-59.440544,205149.305518,-179.608391,205887.864437,60.415057,204084.950091,98.771912,655.059094,-21.226200,644.557766,-141.571339,651.917236,59.963167,0.004233,1,0
7.600000,-59.303857,204683.705073,-179.424286,204504.816102,60.461901,202819.930561,98.593640,644.775904,-21.540098,648.710780,-141.498300,646.616251,59.971370,-0.006634,1,0
7.633000,-59.291629,204382.380143,-179.404241,207165.645169,60.707193,203478.974450,98.671864,649.664080,-21.340207,644.712234,-141.209117,648.764886,59.974000,0.008663,1,0
7.667000,-59.351452,204407.635396,-179.458189,204546.823955,60.651900,204891.354144,98.245719,647.068848,-21.536319,644.436325,-141.313954,641.540104,59.969239,0.011161,1,0
7.700000,-59.498189,204131.173908,-179.449913,204310.371772,60.729587,203381.904305,98.340723,652.306947,-21.434405,655.411644,-141.249096,655.727326,59.963474,0.008837,1,0
7.733000,-59.332997,203632.171190,-179.512744,202847.959998,60.679504,203397.893509,98.619466,652.944683,-21.551352,650.934751,-141.168900,643.532750,59.967566,-0.000527,1,0
7.767000,-59.431185,204807.611878,-179.238983,204331.849911,60.625251,204397.119099,98.148847,637.218606,-21.168069,649.543498,-141.555603,645.691607,59.969078,0.000590,1,0
7.800000,-59.568393,204815.482351,-179.233102,204566.214963,60.719467,205131.794856,98.395028,643.107024,-21.192515,644.895789,-140.968262,646.171383,59.967544,0.001647,1,0
7.833000,-59.381444,205174.406593,-179.306597,204506.636917,60.543058,203790.928594,98.354669,647.043492,-21.298190,646.418082,-141.481194,643.128045,59.974703,0.003754,1,0
7.867000,-59.277267,204385.725445,-179.326588,204033.222015,60.650441,204493.339894,98.818845,653.626721,-21.710393,647.080642,-141.249928,643.078045,59.976271,0.004188,1,0
7.900000,-59.211437,203941.999781,-179.362353,204278.588315,60.518988,204176.994653,99.181271,647.289115,-21.401967,648.050765,-141.267427,645.907318,59.974646,-0.001567,1,0
7.933000,-59.368713,203431.745679,-179.273278,203733.460655,60.657452,203331.133842,98.283766,647.317730,-21.487728,644.106540,-141.114863,649.881387,59.971367,-0.014338,1,0
7.967000,-59.320099,204400.404061,-179.424250,202709.611253,60.934541,204140.503019,98.494114,651.394240,-21.459358,651.266557,-141.019113,648.201339,59.976070,0.000963,1,0
8.000000,-59.380731,204396.703265,-179.468617,203987.830608,60.548325,203632.496735,98.600403,642.192446,-21.116645,640.974782,-141.503746,646.032265,59.965973,-0.009199,1,0
8.033000,-59.499783,204228.842347,-179.433388,203016.478686,60.626109,205190.896374,98.509352,646.270267,-21.514643,647.721409,-141.383882,647.244450,59.976813,0.015847,1,0
8.067000,-59.316487,203071.709331,-179.432609,203650.185197,60.524170,204957.993456,98.660788,643.958716,-21.437501,650.887436,-141.437510,647.267003,59.966357,0.005918,1,0
8.100000,-59.196708,201958.509549,-179.292755,204203.315829,60.701951,204749.203471,98.815677,652.999467,-21.391734,644.770380,-141.444913,649.757953,59.971354,0.010207,1,0
8.133000,-59.230411,204886.890827,-179.123996,204568.833004,60.741951,204358.258261,98.302685,647.763116,-21.309823,644.049874,-141.035719,645.666474,59.974124,-0.002176,1,0
8.167000,-59.295831,202894.854188,-179.324923,203391.359946,60.653918,203825.050926,98.416644,641.330940,-21.401428,647.764587,-141.346544,643.555351,59.972259,0.004249,1,0
8.200000,-59.277325,202174.973389,-179.474343,203194.049965,60.785953,202912.855533,98.944463,643.389219,-21.661576,643.504368,-141.280141,640.087652,59.966866,-0.009100,1,0
8.233000,-59.375926,201998.903829,-179.355773,205311.469277,60.501586,204693.313549,98.826474,643.211156,-21.481810,643.439293,-141.366132,640.334635,59.970333,0.003056,1,0
8.267000,-59.265672,203294.369842,-179.264749,203378.927948,60.614257,202295.545007,98.688715,642.197960,-21.171742,645.898091,-141.419729,646.977472,59.969499,-0.003708,1,0
8.300000,-59.267850,203039.817129,-179.257741,203899.990643,60.804229,204140.018455,98.900152,640.644198,-21.213419,648.600301,-140.989980,644.974867,59.973352,-0.001273,1,0
8.333000,-59.519455,204932.660074,-179.554655,202310.750669,60.638986,203279.299415,98.235526,644.320839,-21.791157,634.353389,-141.153785,633.918779,59.969591,0.000915,1,0
8.367000,-59.388844,203442.151900,-179.434078,204576.307593,60.681708,202691.345561,98.571806,646.305722,-21.769560,649.834734,-141.519571,643.364152,59.971619,0.008610,1,0
8.400000,-59.459067,205475.987575,-179.470848,204507.538255,60.750679,204666.526331,98.777864,640.201590,-21.190479,645.931885,-141.101164,644.955278,59.965519,-0.000140,1,0
8.433000,-59.324931,204800.555885,-179.206475,204567.146922,60.522124,203011.587892,98.550137,638.854877,-21.473490,641.636616,-141.240383,647.209501,59.967570,0.006158,1,0
8.467000,-59.570834,204061.024469,-179.366089,204857.561885,60.322621,206385.022655,98.484979,643.194544,-21.347634,640.911010,-141.631667,641.801568,59.969490,-0.004498,1,0
8.500000,-59.471961,205463.280419,-179.608804,204389.706628,60.555081,203787.847710,98.339801,637.125136,-21.560752,635.898053,-141.287026,643.134253,59.957661,-0.004596,1,0
8.533000,-59.485389,203996.388791,-179.816505,204169.074187,60.418320,204446.064956,98.718375,645.591295,-21.930383,643.466723,-141.341941,638.388661,59.961261,-0.005676,1,0
8.567000,-59.405600,203490.542544,-179.504701,204259.844444,60.445488,204780.497616,98.568454,645.954370,-21.433162,646.460291,-141.467210,646.203593,59.957533,0.008234,1,0
8.600000,-59.571137,204047.057021,-179.558225,203816.640602,60.367317,203980.818433,98.409005,653.683357,-21.622278,649.884703,-141.692593,649.209184,59.959995,-0.005692,1,0
8.633000,-59.314772,205392.448687,-179.472563,204448.507828,60.314126,203076.281721,98.947956,644.750593,-21.263825,643.846175,-141.702674,645.631985,59.959219,-0.007458,1,0
8.667000,-59.342992,203876.446677,-179.385919,203942.438361,60.611375,203000.844704,98.871682,650.391609,-21.363832,653.830869,-141.554198,652.731195,59.962157,-0.002027,1,0
8.700000,-59.524753,204755.833015,-179.626485,204043.773662,60.457395,204087.853704,98.475900,645.309030,-21.613704,653.232759,-141.749389,653.584011,59.969227,0.004549,1,0
8.733000,-59.495540,205170.505755,-179.569505,204097.304788,60.420446,202930.607208,98.516769,650.074845,-21.364754,648.582547,-141.409360,649.922429,59.958126,-0.002493,1,0
8.767000,-59.606417,205151.506214,-179.631640,205912.622403,60.593836,204286.605979,98.452557,659.020778,-21.850908,650.932115,-141.185431,648.268466,59.959482,0.014913,1,0
8.800000,-59.372834,204484.204775,-179.504001,204197.918786,60.584771,203672.784603,98.651453,653.490463,-21.441074,657.982616,-141.315630,653.835015,59.959922,0.005314,1,0
8.833000,-59.529573,204538.879597,-179.417086,203554.004493,60.684059,205509.732835,98.171369,648.668597,-21.272787,646.950650,-141.219622,654.495379,59.963301,-0.001258,1,0
8.867000,-59.414536,203889.193337,-179.508615,203840.396893,60.565927,204582.356664,98.402922,655.233670,-21.052902,653.047206,-141.412016,649.122725,59.955235,-0.017353,1,0
8.900000,-59.509951,204290.058605,-179.423732,204974.182473,60.553203,206512.968324,98.490142,659.727687,-21.340148,654.992883,-141.186242,651.023685,59.954319,0.009447,1,0
8.933000,-59.358450,203524.641716,-179.385826,203492.438389,60.642288,204742.987521,98.657003,655.484849,-21.212553,650.894175,-141.332921,654.680709,59.957858,-0.006169,1,0
8.967000,-59.291038,203791.136599,-179.677642,203279.058949,60.457327,206795.628336,98.650386,654.671938,-21.591118,649.468764,-141.764176,653.826565,59.965708,0.002445,1,0
9.000000,-59.530948,201654.259155,-179.287563,204553.258008,60.635717,203964.563739,98.170773,650.090771,-21.554710,647.556243,-141.238017,653.278364,59.967185,-0.003005,1,0
9.033000,-59.451783,204348.870528,-179.401119,203074.042674,60.593426,204837.522520,98.456657,652.948037,-21.431195,650.370604,-140.971248,650.762311,59.961553,-0.000200,1,0
9.067000,-59.584541,204646.071088,-179.206829,203890.091199,60.382083,205284.283687,98.174819,646.963388,-21.307728,644.806364,-141.607624,651.879409,59.965926,-0.003217,1,0
9.100000,-59.584114,205665.391260,-179.359254,203652.525111,60.501485,204602.215405,98.504717,654.419793,-21.286298,650.011981,-141.797522,652.439570,59.964827,0.006017,1,0
9.133000,-59.536758,202769.476121,-179.303171,204398.129568,60.515032,204121.401302,98.538850,649.985401,-21.321219,646.929087,-141.604565,650.236200,59.965647,-0.006969,1,0
9.167000,-59.446117,203153.696804,-179.436302,203772.670542,60.317777,202689.261952,98.588740,650.848639,-21.609783,652.406099,-141.585446,649.685901,59.967964,0.007245,1,0
9.200000,-59.457880,205468.513428,-179.474094,203437.145468,60.694061,203458.676052,98.469497,649.899904,-21.601608,648.666344,-141.410321,642.187741,59.957015,0.002744,1,0
9.233000,-59.426224,204655.663665,-179.250030,205072.379038,60.552124,203224.470733,98.451716,652.877227,-21.564284,650.433124,-141.377435,646.243611,59.958836,0.004262,1,0
9.267000,-59.339301,203815.296104,-179.475688,206060.832984,60.681743,202419.252784,98.956242,652.101425,-21.360057,651.166624,-141.116668,646.535516,59.969316,0.005442,1,0
9.300000,-59.222378,203947.621127,-179.362358,205249.480711,60.541852,204754.080805,98.706876,652.637593,-21.103971,651.165432,-141.230245,650.837419,59.966642,-0.013202,1,0
9.333000,-59.539975,205367.449346,-179.229349,203748.637091,60.512394,204275.125427,98.650882,650.858415,-21.489025,646.114981,-141.552728,651.907380,59.962797,-0.014067,1,0
9.367000,-59.475905,206268.505334,-179.264177,205933.439155,60.546592,203709.122540,98.703201,651.746878,-21.200321,655.583531,-141.080085,654.646582,59.968582,-0.008554,1,0
9.400000,-59.355724,205292.676910,-179.405149,204309.537340,60.556573,204461.736442,98.704671,650.485888,-21.327014,647.644632,-141.755767,642.968460,59.962880,-0.002076,1,0
9.433000,-59.494477,203952.565634,-179.346243,204250.030458,60.633720,205333.753439,98.263815,642.188097,-21.226727,645.219060,-141.534657,651.765263,59.970369,0.008443,1,0
9.467000,-59.547513,205357.115545,-179.406994,206292.804294,60.559505,204849.688008,98.388563,651.633185,-21.274028,650.542007,-141.343576,641.442249,59.963432,-0.002577,1,0
9.500000,-59.505293,206516.192041,-179.402789,205517.436142,60.603193,206007.092479,98.344626,645.246153,-21.302163,654.807100,-141.436921,647.109045,59.965236,0.000883,1,0
9.533000,-59.487946,206277.217679,-179.248707,206508.188180,60.693173,204874.718742,98.424762,651.367955,-21.209693,643.422508,-140.927188,645.907946,59.967781,-0.009094,1,0
9.567000,-59.600113,206694.366769,-179.380350,205941.818987,60.460249,207100.828416,98.194746,645.764078,-21.736433,652.315310,-141.731426,649.185027,59.963066,-0.001335,1,0
9.600000,-59.424394,203645.595567,-179.363257,206412.428555,60.810151,204984.373817,98.378392,651.390918,-21.538708,647.726709,-141.325693,649.529032,59.965409,0.003341,1,0
9.633000,-59.503257,205349.807482,-179.541468,205278.826606,60.540394,205183.568234,98.807586,646.693077,-21.545332,646.843670,-141.472927,647.917292,59.972410,0.005510,1,0
9.667000,-59.431424,205184.792680,-179.279887,206736.899511,60.601543,204653.928746,98.323933,653.948426,-21.293142,646.266901,-141.096010,645.241584,59.961327,-0.005314,1,0
9.700000,-59.326352,205138.994865,-179.264675,205199.538884,60.605284,205431.828917,98.783233,647.610182,-21.301632,648.012868,-141.483299,645.472273,59.965297,0.000961,1,0
9.733000,-59.351216,206706.877084,-179.385752,207905.018498,60.671740,206390.105560,98.774044,646.289046,-21.577659,654.378642,-141.369347,652.956048,59.964856,-0.005888,1,0
9.767000,-59.511859,206646.586229,-179.397868,205157.806529,60.685353,205388.487442,98.418431,642.752575,-21.213437,648.126944,-141.194011,648.896042,59.965704,-0.004944,1,0
9.800000,-59.272478,206722.892323,-179.400929,206926.193894,60.650588,204273.829680,98.623688,644.233831,-21.435674,645.594602,-141.420582,644.652407,59.966675,0.000575,1,0
9.833000,-59.337078,205041.908088,-179.428739,206129.575264,60.382773,206427.681853,98.851504,643.541363,-21.493022,646.531153,-141.894914,639.830259,59.974831,-0.001778,1,0
9.867000,-59.284691,205530.782748,-179.422502,206608.607739,60.562940,204594.954077,98.834932,646.692144,-21.098153,645.316225,-141.595331,647.796604,59.966796,0.001978,1,0
9.900000,-59.384178,205743.092764,-179.563989,206693.801663,60.547038,204825.823368,98.693613,651.040914,-21.632995,646.267020,-141.277618,651.382362,59.969763,-0.003093,1,0
9.933000,-59.329959,206115.940713,-179.642047,205935.207452,60.804577,206398.015373,98.916755,654.412987,-21.859117,651.178561,-140.861989,652.355445,59.973153,-0.009221,1,0
9.967000,-59.572436,206113.648943,-179.431607,206328.439508,60.630592,204194.033309,98.716325,642.942263,-21.671282,645.749165,-141.070899,639.985877,59.967629,-0.001162,1,0
10.000000,-59.147598,205050.108178,-179.494065,205077.439113,60.621855,205250.883936,99.041004,647.613173,-21.854050,641.896861,-141.136433,644.951234,59.970118,0.011238,1,0
10.033000,-59.403887,205893.101916,-179.446211,206186.381906,60.617165,204734.481252,98.658085,653.399633,-21.194070,641.755980,-141.409993,634.150574,59.970095,-0.006007,1,0
10.067000,-59.280343,202947.346099,-179.440751,205194.574149,60.638938,205073.711532,98.581402,638.429971,-21.685488,645.214743,-141.470092,645.410178,59.974129,0.001309,1,0
10.100000,-59.254000,207569.756453,-179.398786,207255.371232,60.569401,204035.690580,98.782206,642.762646,-21.334713,643.350773,-141.334378,642.214252,59.981903,-0.004440,1,0
10.133000,-59.425174,206035.684875,-179.370547,206539.914891,60.685578,206058.607361,98.300247,644.321530,-21.263678,648.536876,-141.305124,649.846844,59.977060,0.000941,1,0
10.167000,-59.380941,205510.003200,-179.481827,205772.470442,60.575550,205584.725372,98.561706,647.562526,-21.555794,647.020453,-141.288277,641.399820,59.974991,-0.007103,1,0
10.200000,-59.665865,206470.255100,-179.391860,205812.007319,60.575402,206415.324395,98.359256,646.778837,-21.300921,644.427866,-141.418558,648.536886,59.975453,0.003912,1,0
10.233000,-59.524344,205831.162764,-179.408205,204888.259970,60.559435,206082.228788,98.767787,647.439743,-21.458495,653.117974,-141.343169,647.748410,59.971805,-0.009692,1,0
10.267000,-59.393536,203909.079626,-179.579878,204615.832034,60.673634,205133.376064,98.507250,643.612969,-21.655816,643.569794,-141.683355,644.165080,59.967723,0.005482,1,0
10.300000,-59.399128,205541.507543,-179.429389,206102.532591,60.743079,205644.863624,98.417576,650.427900,-21.123783,651.127153,-141.473572,646.807537,59.972141,-0.001587,1,0
10.333000,-59.294931,204293.313990,-179.338217,205200.741850,60.702063,203572.311077,98.892098,652.989030,-21.325073,644.127385,-141.472741,645.541856,59.972988,-0.003536,1,0
10.367000,-59.507241,204942.033916,-179.432528,204009.145972,60.528361,205541.366738,98.505761,641.511678,-21.387725,640.650757,-141.274807,644.349759,59.969915,0.001756,1,0
10.400000,-59.628173,206391.846254,-179.586827,206777.373886,60.535554,207194.424183,98.511107,641.938797,-21.362914,645.274893,-141.795064,643.140395,59.970479,0.007284,1,0
10.433000,-59.501801,204673.034450,-179.575947,205165.038561,60.573169,205959.846124,98.677866,644.268886,-21.728416,643.123604,-141.245644,646.841605,59.968976,-0.010700,1,0
10.467000,-59.479515,204550.156455,-179.275874,205392.910302,60.377863,204853.080258,98.464314,647.130683,-21.533723,646.550367,-141.548373,645.374797,59.967875,0.013992,1,0
10.500000,-59.534461,204260.768398,-179.580943,206069.612761,60.470326,205649.408156,98.518058,645.820992,-21.409931,648.415779,-141.341343,643.502213,59.978256,-0.002029,1,0
10.533000,-59.448960,205807.897558,-179.473549,205981.506291,60.303092,205215.193095,98.370550,649.297546,-21.798662,644.401791,-141.610626,642.694976,59.966298,0.008180,1,0
10.567000,-59.371704,206966.142285,-179.413078,206089.927351,60.429388,204912.080457,98.605461,652.494620,-21.592465,646.704004,-141.571293,646.621643,59.970519,-0.001509,1,0
10.600000,-59.351008,204543.416817,-179.387591,206365.234228,60.535826,206566.151244,98.722282,646.603134,-21.394656,648.458498,-141.375947,646.473314,59.970748,-0.010283,1,0
10.633000,-59.611200,206061.609062,-179.502813,204531.173041,60.648215,204959.355017,98.558518,651.573640,-21.575927,655.194656,-141.571041,648.333975,59.971283,0.011882,1,0
10.667000,-59.429102,206182.875945,-179.489584,204722.587289,60.721929,204535.064283,98.548630,645.746083,-21.616204,653.329293,-141.040434,650.288690,59.982237,-0.005996,1,0
10.700000,-59.225366,204379.187584,-179.467773,206139.629192,60.489252,205646.250384,98.446296,646.918074,-21.241464,647.218320,-141.325395,649.579545,59.974449,-0.014355,1,0
10.733000,-59.326811,205476.463759,-179.388289,204949.332671,60.692872,204416.184563,98.561797,645.046775,-21.281994,651.152976,-141.236873,647.504811,59.970633,-0.002504,1,0
10.767000,-59.603002,205390.336745,-179.440088,205160.963354,60.610205,205638.022800,98.270303,647.658153,-21.721421,651.624804,-141.163449,643.301715,59.968263,0.009938,1,0
10.800000,-59.376677,205209.706989,-179.143796,206746.506707,60.561243,206107.535944,98.540330,641.291004,-21.093513,651.857125,-141.531376,650.296018,59.967456,-0.003048,1,0
10.833000,-59.581489,206265.792388,-179.350472,207729.559679,60.422141,204330.883727,98.341444,645.273610,-21.602577,648.912251,-141.350972,649.627134,59.967098,0.015629,1,0
10.867000,-59.250934,207937.883696,-179.381839,205731.254462,60.356047,204745.231622,98.654350,645.179416,-21.445173,652.389635,-141.571461,643.195187,59.972811,-0.009294,1,0
10.900000,-59.196191,205487.980986,-179.333458,205717.789704,60.590695,205833.366645,98.553810,649.347548,-21.506816,649.841280,-141.780688,648.927252,59.970498,0.012581,1,0
10.933000,-59.424418,206791.472087,-179.389846,204345.556662,60.629550,205117.667648,98.291940,644.835976,-21.574934,649.981032,-141.394814,650.213281,59.976120,0.000463,1,0
10.967000,-59.292466,206210.490874,-179.359584,205242.097482,60.565837,204373.741019,98.632821,644.398972,-21.129750,648.079380,-141.072075,644.725408,59.971226,-0.000947,1,0
11.000000,-59.411459,205238.697123,-179.467276,206706.812964,60.847999,205505.961441,98.577901,645.911825,-21.309254,648.658714,-140.903055,647.224231,59.969743,-0.002838,1,0
11.033000,-59.447639,204670.635348,-179.526507,204662.376918,60.579300,204694.515526,98.393449,641.240494,-21.382518,644.203902,-141.443640,646.738810,59.967812,-0.005538,1,0
11.067000,-59.441821,206487.171756,-179.391221,205936.853429,60.619809,204633.691934,98.357859,642.938029,-21.634385,644.942843,-141.364362,643.884119,59.972509,0.008660,1,0
11.100000,-59.272705,203695.113038,-179.414902,205277.716076,60.616389,203699.748980,98.818078,641.765275,-21.446494,646.923469,-141.670344,642.899620,59.961262,0.003756,1,0
11.133000,-59.534973,204477.626383,-179.382878,205666.923828,60.683783,207516.171817,98.174614,647.316111,-21.439990,645.440443,-141.358818,647.974976,59.965397,-0.006629,1,0
11.167000,-59.441430,205260.111764,-179.343075,206130.779741,60.748030,204620.132160,98.556228,645.974468,-21.289578,642.304641,-141.474904,640.721599,59.967831,0.008569,1,0
11.200000,-59.381045,204728.957171,-179.403069,204319.656340,60.531845,204065.780180,98.835632,648.732627,-21.143344,648.274443,-141.115705,649.749707,59.966119,0.003260,1,0
11.233000,-59.276323,204789.606055,-179.348374,205236.055613,60.718273,205316.786829,98.601568,642.163107,-21.300854,646.138125,-141.072782,639.166520,59.969192,0.005772,1,0
11.267000,-59.391582,204919.984643,-179.336900,204070.881061,60.636175,205001.482069,98.593018,646.825188,-21.264218,644.252427,-141.272703,648.203249,59.972617,0.003789,1,0
11.300000,-59.387502,203902.622897,-179.470731,204416.708393,60.462637,203607.328494,98.445683,636.330816,-21.325579,644.893833,-141.604625,641.778368,59.969460,-0.001728,1,0
11.333000,-59.439935,202702.313810,-179.394322,203354.525785,60.490981,204212.387006,98.593672,639.523993,-21.151618,643.286578,-141.544795,634.662454,59.973995,0.005109,1,0
11.367000,-59.332389,204303.283783,-179.370046,206829.729893,60.592680,205146.332153,98.412402,644.273789,-21.306431,649.348501,-141.461206,639.001670,59.974495,-0.005325,1,0
11.400000,-59.503692,205492.573074,-179.404092,206233.630941,60.570581,205060.038212,98.337158,647.579038,-21.226505,645.183096,-142.047905,639.086855,59.973434,-0.002943,1,0
11.433000,-59.403381,203992.932065,-179.366807,205223.149270,60.603110,204603.672870,98.771820,643.958609,-21.400527,638.035844,-141.349433,642.005042,59.973784,0.006183,1,0
11.467000,-59.362639,202709.645935,-179.381648,204737.443384,60.822035,203224.765335,98.531333,643.606582,-21.430432,645.999035,-141.181589,644.487706,59.978770,0.014411,1,0
11.500000,-59.282464,203450.226770,-179.287346,204575.954050,60.759556,205770.449632,98.672760,642.399956,-21.116146,647.994797,-141.314854,649.086988,59.974760,-0.010091,1,0
11.533000,-59.475929,202224.005273,-179.295255,203999.656815,60.541060,203572.819726,98.567374,644.189506,-21.085703,644.036299,-141.271385,646.596127,59.983560,-0.002711,1,0
11.567000,-59.453290,204930.136573,-179.631052,203523.436157,60.582526,203667.279596,98.715963,646.009516,-21.870393,644.285132,-141.679658,644.477772,59.974480,-0.006995,1,0
11.600000,-59.327896,203796.178162,-179.409988,204271.959697,60.675532,205728.523233,98.478796,641.802144,-21.418513,649.629187,-141.254519,642.882907,59.969625,-0.012744,1,0
11.633000,-59.258445,205073.773551,-179.376064,204329.580188,60.639903,203859.567929,98.684459,642.916736,-21.250774,642.849645,-141.397889,642.542342,59.981824,-0.004162,1,0
11.667000,-59.267503,205991.444058,-179.443955,204496.461926,60.828989,203194.500852,98.571215,650.875974,-21.154200,641.779146,-141.443275,644.944971,59.972279,0.013005,1,0
11.700000,-59.481528,204205.129628,-179.437065,203506.297658,60.602109,204388.148951,98.529519,647.769133,-21.605431,649.408666,-141.221834,652.320001,59.972654,0.004627,1,0
11.733000,-59.397840,204559.991645,-179.522511,204121.855863,60.592484,203813.942789,98.705066,655.500557,-21.246540,645.170742,-141.503367,641.135312,59.968426,0.003336,1,0
11.767000,-59.257446,203279.473105,-179.287262,205346.230927,60.501500,205480.735782,98.725239,648.061272,-21.071108,648.856933,-141.685724,650.325882,59.968951,-0.010241,1,0
11.800000,-59.269243,204863.898750,-179.461686,203991.894227,60.563724,204835.577640,98.931328,645.593808,-21.568614,645.813119,-141.708640,656.384419,59.972697,0.000293,1,0
11.833000,-59.436398,205366.828419,-179.537685,206677.449401,60.517311,204183.605572,98.338105,649.221123,-21.740076,654.501180,-141.395629,654.122193,59.971792,-0.011219,1,0
11.867000,-59.472768,204631.067787,-179.423591,204638.296114,60.352705,205577.571200,98.411337,648.508780,-21.414558,646.969651,-141.426418,648.415384,59.960792,-0.012979,1,0
11.900000,-59.549722,205062.213091,-179.357591,205651.031902,60.774911,206007.741931,98.312775,652.886867,-21.630638,648.459732,-141.177957,648.993100,59.961889,0.003877,1,0
11.933000,-59.578299,204372.393415,-179.354509,203812.550100,60.539488,204763.837083,98.186836,651.554181,-21.458875,650.482643,-141.661182,648.141242,59.974061,-0.006066,1,0
11.967000,-59.569603,204318.371445,-179.574674,204243.089670,60.463317,204908.685689,98.353062,651.162178,-21.631522,645.584321,-141.788167,653.693763,59.965186,0.002676,1,0
12.000000,-59.541662,203334.881768,-179.600490,204131.364675,60.573165,203657.340880,98.330222,652.793528,-21.540296,647.836491,-141.298950,642.380431,59.967834,-0.000761,1,0
12.033000,-59.515141,204519.347074,-179.434376,205475.787942,60.396450,204599.502114,98.218697,644.430919,-21.282401,640.636021,-141.588068,650.458053,59.966232,-0.003611,1,0
12.067000,-59.225082,203818.354658,-179.499332,203252.518046,60.466680,202727.164363,98.754320,648.578893,-21.810973,642.644887,-141.492949,651.045011,59.973856,0.001014,1,0
12.100000,-59.474356,203912.209420,-179.386971,203886.330985,60.680460,202383.461282,98.585540,656.140375,-21.551728,649.988659,-141.115463,649.743945,59.972039,-0.014347,1,0
12.133000,-59.293688,205990.555155,-179.483507,203840.324490,60.517608,205076.380382,98.372603,649.966183,-21.318807,652.236285,-141.664365,647.027572,59.977331,-0.012177,1,0
12.167000,-59.533171,205380.167847,-179.587047,203510.924319,60.448189,204931.157421,98.468438,649.140971,-21.894293,652.005971,-141.503490,648.704159,59.981379,0.008321,1,0
12.200000,-59.430987,204377.041497,-179.552941,204731.712368,60.595224,203998.993447,99.083630,646.066312,-21.419109,647.022388,-141.540942,651.865614,59.981095,-0.005902,1,0
12.233000,-59.480183,204235.762977,-179.462948,205555.008217,60.806424,202600.819772,98.715924,645.800829,-21.418669,646.649001,-141.627611,643.402555,59.984421,-0.006826,1,0
12.267000,-59.584409,205030.390118,-179.287417,203697.548107,60.542915,204555.357613,98.392523,652.148719,-21.276943,640.840254,-141.480080,648.100925,59.976396,-0.008677,1,0
12.300000,-59.332894,204844.687171,-179.421138,204082.652070,60.415351,205539.148871,98.424792,651.992397,-21.175028,648.405603,-141.346670,650.778533,59.976711,-0.006754,1,0
12.333000,-59.509705,203313.238180,-179.444236,203274.609172,60.533199,204185.464801,98.136183,650.201111,-21.864040,648.283305,-141.562238,646.752662,59.977487,0.003622,1,0
12.367000,-59.285547,205042.770837,-179.412670,202996.033287,60.518322,205162.817004,98.674501,653.033621,-21.277118,652.818075,-141.179483,650.722071,59.980292,-0.010473,1,0
12.400000,-59.365226,205161.984769,-179.262693,204229.166992,60.608248,204959.512251,98.721680,653.397515,-21.263424,652.190557,-141.256864,652.906469,59.975899,0.003991,1,0
12.433000,-59.286475,205547.811422,-179.335662,202841.588273,60.638101,203130.334762,98.591956,651.007232,-21.378247,653.020148,-141.444653,650.217621,59.971731,0.001055,1,0
12.467000,-59.334453,204866.116245,-179.492971,204531.622837,60.595467,203134.797822,98.581716,658.756249,-21.532514,657.079901,-141.674076,649.435910,59.978098,0.009111,1,0
12.500000,-59.379752,204081.068619,-179.501932,203049.635728,60.433675,204777.136914,98.645522,654.732414,-21.698154,657.877951,-141.828532,654.998578,59.976910,-0.005493,1,0
12.533000,-59.227051,204623.537899,-179.477841,204503.283241,60.670818,203760.680395,98.586131,661.022104,-21.369552,656.313565,-141.181489,650.493014,59.976958,-0.003274,1,0
12.567000,-59.351469,202016.931171,-179.468339,203645.014154,60.613977,203714.498263,98.495807,651.575728,-21.663275,655.099663,-141.316669,652.811428,59.974300,-0.010875,1,0
12.600000,-59.379198,203554.987462,-179.437261,204097.298683,60.726889,202949.795747,98.770288,649.797257,-21.418164,648.444981,-141.234583,647.797705,59.979133,-0.003205,1,0
12.633000,-59.223855,203216.821480,-179.366928,204186.548542,60.805869,204414.842875,98.850214,651.509668,-21.893177,643.591731,-140.929745,648.765222,59.973263,0.006258,1,0
12.667000,-59.287905,204871.839223,-179.335248,203873.352399,60.731670,202812.932826,98.877032,653.954117,-21.359725,644.624399,-141.307016,651.030162,59.973643,0.002313,1,0
12.700000,-59.375925,205419.256455,-179.136125,203853.839660,60.745998,204547.859627,98.666320,643.490961,-21.343419,645.723571,-141.242903,657.292187,59.973584,0.000323,1,0
12.733000,-59.228900,204703.742725,-179.157505,203511.971877,60.778963,205532.689427,99.119245,652.759975,-21.136551,652.638170,-141.377416,650.077740,59.970984,0.000262,1,0
12.767000,-59.624445,203256.984936,-179.358633,204301.953447,60.492869,204904.997969,98.444827,649.158030,-21.402564,643.217415,-141.334799,650.674498,59.967860,0.005930,1,0
12.800000,-59.341554,203060.634155,-179.332262,204884.228116,60.654647,205020.013807,98.704529,646.525261,-21.264440,654.249232,-141.265994,647.631675,59.974889,0.002195,1,0
12.833000,-59.148785,205953.076755,-179.237461,205290.052974,60.720544,205500.311730,99.044080,652.615330,-21.223663,646.425595,-141.187476,648.674497,59.980836,0.001964,1,0
12.867000,-59.289211,205569.395059,-179.034069,205878.788103,60.782872,203837.158671,98.243307,647.462091,-20.933545,656.884799,-141.018520,650.801727,59.973635,-0.005106,1,0
12.900000,-59.229024,206381.129887,-179.195592,203135.666719,61.028010,204594.294569,99.024433,648.966406,-21.333171,648.765331,-140.869109,650.887449,59.970923,0.006012,1,0
12.933000,-59.116454,204396.225701,-179.107692,204476.262702,60.663323,204912.529693,98.978824,657.369512,-21.367464,646.186071,-141.358748,643.458488,59.978422,0.010351,1,0
12.967000,-59.046776,204910.994485,-179.267863,203661.631395,60.756569,204492.434309,99.060890,645.146812,-21.541066,648.007471,-141.485342,649.546571,59.973147,-0.008203,1,0
13.000000,-59.316431,204586.214555,-179.301643,204687.718619,60.902017,204534.502109,98.467632,643.433404,-21.465474,647.993662,-140.746123,642.087010,59.970374,0.002622,1,0
13.033000,-59.241291,204238.155318,-179.338322,204951.626311,60.824291,204687.497041,98.658002,646.539543,-21.403866,643.500208,-140.990960,646.172999,59.971979,0.002912,1,0
13.067000,-59.249024,204314.559008,-179.208306,203377.171003,60.699547,204872.028759,98.887584,645.770276,-21.476855,645.050736,-141.261622,646.397518,59.973695,-0.006115,1,0
13.100000,-59.262334,206000.515007,-179.220291,203641.211690,60.824004,205781.514187,98.712317,648.357306,-21.426867,650.411596,-140.855662,648.018599,59.964443,-0.002142,1,0
13.133000,-59.084574,204210.176348,-179.252475,205698.997762,60.630614,204943.110765,98.912921,654.593084,-20.984200,655.296990,-141.240877,652.356836,59.974154,-0.008444,1,0
13.167000,-59.347386,204981.527722,-179.174266,204834.864021,60.648445,204511.430967,98.854197,657.382575,-21.127888,652.711541,-141.520046,656.819964,59.982184,-0.004790,1,0
13.200000,-59.347325,205414.616251,-179.269483,205639.705612,60.767141,205287.043156,98.538371,655.146048,-21.474662,654.075840,-141.251734,654.996903,59.976842,0.003214,1,0
13.233000,-59.095638,204304.186961,-179.292232,205208.068962,60.831506,207125.696615,98.917280,650.165973,-21.159056,648.116759,-141.229372,650.395100,59.966323,-0.006267,1,0
13.267000,-59.261278,205063.761108,-179.322215,205035.565371,60.855597,204284.587568,98.685947,657.209415,-21.227697,647.223736,-141.140856,652.298550,59.967340,0.005435,1,0
13.300000,-59.131223,203278.763529,-179.160927,203931.885013,60.920630,205326.497994,98.988645,647.927461,-21.074683,649.794238,-141.086798,657.976314,59.967396,-0.000946,1,0
13.333000,-59.176294,204908.317325,-179.211863,205308.268734,60.996089,206093.934602,98.701977,655.082075,-20.961600,664.049979,-141.168018,662.718784,59.971715,0.007340,1,0
13.367000,-59.169011,203887.577976,-179.301749,204574.494213,60.743406,206169.087494,98.898543,661.703571,-21.058318,653.969361,-141.539864,653.294312,59.962367,-0.003410,1,0
13.400000,-59.181144,204998.057532,-179.215355,203796.200816,60.673972,203686.839257,98.623890,656.616177,-20.989593,652.684453,-141.334636,658.021886,59.969296,0.014679,1,0
13.433000,-59.144643,204051.196983,-179.262514,204381.955137,60.662302,204568.668374,99.271875,657.208590,-21.269301,653.210663,-140.956505,653.805661,59.954338,0.017672,1,0
13.467000,-58.959319,204032.864346,-179.279762,205666.007843,60.985635,205801.663760,99.075869,652.342636,-21.221533,656.266013,-140.806102,659.061554,59.972400,-0.008923,1,0
13.500000,-59.246297,204151.113345,-179.178520,203666.120803,61.003093,203789.478826,98.530200,656.453941,-21.207345,656.841809,-140.936382,655.389842,59.955838,-0.004638,1,0
13.533000,-59.143093,205282.610052,-179.187859,204893.157750,60.588207,203708.527607,98.891697,657.603286,-21.361574,655.262197,-141.276029,655.029190,59.951266,0.001690,1,0
13.567000,-59.216819,203145.935622,-179.197110,204164.618422,60.855156,204296.276752,98.794018,655.785705,-21.339105,658.277335,-141.012635,658.583194,59.969286,0.005114,1,0
13.600000,-59.348363,204003.731715,-179.175504,204988.928400,60.757026,204033.941151,98.800143,651.904527,-20.890559,651.648096,-141.186960,653.887338,59.961317,-0.006013,1,0
13.633000,-59.264470,203862.142038,-179.187304,203224.343312,60.851794,205579.583676,98.746476,649.352002,-21.012208,655.556005,-141.147139,652.878607,59.960637,0.005795,1,0
13.667000,-59.107210,203815.302258,-179.320455,204829.357363,60.734883,205497.952491,98.771980,652.986790,-21.298437,647.504561,-141.245093,647.867630,59.957432,-0.003789,1,0
13.700000,-59.157046,203068.016680,-179.144936,203506.427600,60.719295,204087.613226,98.686614,655.955944,-21.268229,644.286202,-141.687843,647.192701,59.960779,0.007160,1,0
13.733000,-59.393082,202789.620641,-179.239725,204919.845931,60.886286,203693.410073,98.267343,653.301168,-21.016086,660.994885,-141.056733,645.036098,59.965841,-0.015021,1,0
13.767000,-59.256590,204590.380163,-179.300109,203396.581388,60.746577,203280.968036,98.540122,647.050227,-21.509617,653.369984,-141.170781,651.912828,59.963860,-0.006218,1,0
13.800000,-59.243147,206688.506649,-179.196932,204470.895443,60.703090,203442.543370,98.934378,649.855040,-21.011738,652.001230,-141.239192,643.463565,59.955834,0.019039,1,0
13.833000,-59.239907,204167.462079,-179.225485,203769.182303,60.986039,205094.332856,98.567495,647.904522,-21.251968,649.232451,-141.121009,652.768866,59.964647,0.000788,1,0
13.867000,-59.120687,203392.678381,-179.011253,204647.937099,60.703544,203366.578797,98.738232,653.011108,-21.012186,648.580919,-141.111329,660.154874,59.961796,0.003454,1,0
13.900000,-59.194856,202370.868253,-179.171534,203213.038516,60.737704,205470.808916,98.876578,645.301350,-21.019474,651.969590,-140.974685,647.152571,59.965856,-0.007245,1,0
13.933000,-59.286257,203081.877694,-179.326212,203381.173176,60.837613,203490.633356,98.593497,649.595859,-21.188661,647.811375,-141.328562,648.779856,59.961979,-0.006004,1,0
13.967000,-59.283127,202773.795548,-179.277744,203772.041186,60.857986,205163.926366,98.715101,650.458046,-21.287560,648.037612,-141.240202,651.130850,59.967271,-0.006006,1,0
14.000000,-59.324973,204599.303898,-179.249707,203181.718552,60.622753,203730.827270,98.669064,648.193469,-21.300861,651.696077,-141.392594,648.302631,59.971486,0.010349,1,0
14.033000,-59.318090,203489.894096,-179.203145,206477.660687,60.666226,203916.023819,98.747023,647.242481,-21.454338,645.112606,-141.475626,642.716834,59.982504,-0.008122,1,0
14.067000,-59.164395,203579.536025,-179.057574,203000.392833,60.718363,205288.735408,98.963397,652.645555,-21.269159,642.360684,-141.276784,653.280930,59.970220,0.005671,1,0
14.100000,-59.190562,205055.538023,-179.224698,204642.088817,60.665314,204280.332953,98.971481,650.390171,-21.142765,642.639598,-141.292516,644.855942,59.970732,0.004269,1,0
14.133000,-59.171503,204788.269697,-179.108017,201784.700729,60.787567,204926.219132,98.786739,645.699492,-20.981049,647.211084,-141.115289,644.456996,59.980761,0.001040,1,0
14.167000,-59.353439,204663.240259,-179.267753,203060.751510,60.482668,204569.553356,98.665750,650.649575,-21.715153,647.032521,-141.442262,651.714871,59.974299,-0.008747,1,0
14.200000,-59.212499,204258.560576,-179.259249,204033.105351,60.579589,204743.894845,98.759683,644.271345,-21.278606,648.163463,-141.354595,645.140166,59.965379,-0.007902,1,0
14.233000,-59.447883,203818.206489,-179.248301,202146.185972,60.744593,206180.779721,98.856751,645.979014,-20.944737,652.475012,-141.218803,646.376662,59.980775,0.003423,1,0
14.267000,-59.442843,203410.326082,-179.345484,204715.645234,60.485675,203761.587882,98.426422,657.256037,-20.977721,646.598371,-141.214000,652.555784,59.971484,-0.012273,1,0
14.300000,-59.487099,203129.129101,-179.271049,204881.775380,60.801408,204339.907316,98.321853,649.481796,-21.220770,650.242417,-141.046349,648.127522,59.974096,-0.002331,1,0
14.333000,-59.296348,203268.439671,-179.394635,205022.690483,60.517136,204431.125108,98.894480,649.917293,-21.467087,646.383767,-141.564762,653.797243,59.974519,-0.005467,1,0
14.367000,-59.279101,203344.183589,-179.318641,203068.568528,60.488577,203789.466510,98.721383,655.930110,-21.476571,658.132170,-141.440876,657.577398,59.972233,-0.014347,1,0
14.400000,-59.441453,204606.050499,-179.594078,204864.883692,60.714036,203801.926734,98.614723,657.829512,-21.614204,653.343168,-141.385127,658.565655,59.973659,-0.006273,1,0
14.433000,-59.428268,203157.345870,-179.365519,203989.901214,60.532377,204674.643760,98.538524,650.714147,-21.268659,653.016992,-141.172773,651.421865,59.974014,-0.002171,1,0
14.467000,-59.365891,204684.546215,-179.225785,205227.791896,60.759168,205211.354197,98.468794,652.819883,-21.191586,653.721666,-141.280750,657.255109,59.971703,-0.000829,1,0
14.500000,-59.372931,202676.453846,-179.226182,204832.997253,60.620386,204889.829825,98.230776,648.654601,-21.338267,653.799837,-141.360023,654.896270,59.983123,0.016190,1,0
14.533000,-59.105424,204010.015961,-179.292405,205076.146588,60.925881,203473.346685,98.737964,654.381150,-21.001846,653.523019,-141.149311,656.663062,59.976496,0.001029,1,0
14.567000,-59.410629,206745.940532,-179.377300,203454.064590,60.707262,203618.614160,98.636062,658.725488,-21.150950,658.179329,-141.358479,657.292180,59.983662,0.005120,1,0
14.600000,-59.341337,203573.565413,-179.212230,204873.354816,60.615217,203038.405361,98.844064,649.850979,-21.274683,650.584151,-141.342181,653.987803,59.983012,-0.004372,1,0
14.633000,-59.288995,203833.969324,-179.228966,204078.403349,60.716338,204083.145195,98.735230,656.027212,-21.072162,650.485928,-141.028360,653.616688,59.968203,0.001312,1,0
14.667000,-59.193162,202607.492465,-179.358520,203158.440015,60.698116,203664.101835,98.825765,653.746739,-21.354067,654.143060,-141.391746,650.008761,59.978971,-0.002862,1,0
14.700000,-59.219867,202168.172872,-179.245379,202307.926017,60.626933,202910.178052,98.632993,647.438013,-20.783188,657.460690,-141.239712,650.972507,59.978044,0.012714,1,0
14.733000,-59.263287,204018.524372,-179.266788,203717.974271,60.793240,204383.632770,99.015886,649.682256,-21.304536,648.022701,-141.095206,653.298714,59.988424,0.001448,1,0
14.767000,-59.154895,204337.657379,-179.224368,204424.930023,60.815349,204747.110526,98.644830,648.299250,-21.524649,649.419282,-140.736523,647.418045,59.979825,0.012092,1,0
14.800000,-59.307083,203828.759095,-179.157024,204245.169550,60.829804,202795.685144,98.650882,647.406793,-21.088124,648.613930,-141.135625,648.632783,59.970256,0.002921,1,0
14.833000,-59.180778,205142.672508,-179.331547,203042.773462,60.917098,204081.690880,98.521059,647.206925,-21.336548,654.234659,-141.005219,653.632057,59.974621,-0.001464,1,0
14.867000,-59.118963,204005.741169,-179.513986,204197.248579,61.033743,204139.972091,98.849691,655.199337,-21.742834,650.545372,-140.855186,650.759992,59.981195,0.002367,1,0
14.900000,-59.294829,203886.267544,-179.237477,203748.143561,60.717227,202298.164562,98.674925,649.486897,-21.449198,646.940862,-141.317919,650.101808,59.981360,-0.005852,1,0
14.933000,-59.203122,203817.490307,-179.325321,204742.972513,60.621344,204855.226409,98.975379,647.134012,-21.276257,649.986142,-141.351759,652.615885,59.974875,0.011173,1,0
14.967000,-59.112089,204985.640567,-179.357631,203546.583501,61.027378,203105.846753,98.813251,652.379164,-21.369927,645.958126,-140.796265,648.756294,59.980390,-0.010690,1,0
15.000000,-59.212449,203352.075793,-179.140755,204758.239242,60.804046,203458.484666,98.770177,649.567629,-21.384066,645.586455,-141.060365,646.393870,59.975516,0.019670,1,0
15.033000,-59.198228,203979.988390,-179.336529,204789.224191,60.696605,203848.198267,98.632470,647.385048,-21.365465,645.057457,-141.447048,644.892787,59.981307,-0.008377,1,0
15.067000,-59.081436,203324.807254,-179.058117,204917.239103,60.752647,202424.330142,98.857056,649.277938,-21.200438,635.810992,-141.223304,648.259534,59.983603,0.012001,1,0
15.100000,-59.028867,203644.445963,-179.205509,204201.826938,60.647395,204073.863064,98.865141,639.164054,-20.803353,647.331804,-141.686484,638.474441,59.971505,-0.004609,1,0
15.133000,-59.022399,204425.470600,-179.033287,204130.966312,60.831651,203624.907754,99.066589,642.913347,-21.265830,647.445602,-140.844299,646.455794,59.976300,-0.007082,1,0
15.167000,-59.150479,204161.339692,-179.041478,202797.377143,60.833640,204739.183798,99.207306,644.904151,-21.334450,636.954586,-141.169220,644.575527,59.982960,-0.009940,1,0
15.200000,-58.894367,204603.868054,-179.099766,203091.197178,60.856087,204297.760473,99.259685,645.720746,-21.398184,648.297610,-141.012350,646.340301,59.984101,0.002959,1,0
15.233000,-58.942021,204362.508880,-179.202616,203218.989794,60.980442,205578.433285,99.198213,648.985342,-21.161166,646.966372,-141.219710,642.925359,59.980672,-0.003561,1,0
15.267000,-58.992516,203487.505904,-179.189253,204076.823777,60.904964,204072.448830,98.857225,644.941615,-21.281666,641.190207,-141.244039,637.278311,59.987843,-0.007239,1,0
15.300000,-59.149144,203868.492176,-179.294236,202853.835534,60.833202,202838.904897,98.500730,648.939924,-21.291223,647.308183,-141.199286,648.325187,59.985439,0.000395,1,0
15.333000,-59.027879,205262.215108,-179.054897,204020.262154,61.031893,202634.607099,99.358697,644.469547,-21.102670,648.339376,-140.981362,644.497164,59.986504,-0.000821,1,0
15.367000,-59.085469,203268.739141,-179.236495,204684.988457,60.884841,204879.324878,98.845199,645.884093,-21.473768,646.375895,-141.086209,640.800419,59.987133,-0.004586,1,0
15.400000,-59.210152,204264.044177,-179.199940,203451.004317,60.934832,203741.893149,98.959379,649.943467,-21.165944,649.577597,-141.296195,649.804325,59.991201,-0.013377,1,0
15.433000,-59.088080,201983.152256,-179.004368,204383.047530,60.963461,205214.469727,98.995685,647.378725,-21.087573,651.505561,-141.278435,646.822058,59.991066,-0.000994,1,0
15.467000,-59.248202,203509.483543,-179.114590,202242.596506,60.843382,202737.106674,98.877769,650.460558,-21.150947,646.957445,-140.907659,650.127366,59.990433,-0.002960,1,0
15.500000,-59.090465,203248.111088,-179.145657,204084.832709,60.802779,203899.883222,98.637938,656.926924,-21.028544,650.688680,-141.360066,656.455606,59.987392,0.005836,1,0
15.533000,-59.058791,204700.728519,-179.074727,204100.756991,60.798235,203005.874939,98.822996,649.815420,-21.442182,651.242296,-141.322362,654.130705,59.985420,0.007514,1,0
15.567000,-59.109923,202392.535358,-179.187651,202570.325179,60.710549,203665.302798,99.153549,655.139693,-21.130925,649.222768,-141.070259,651.707276,59.985516,0.007030,1,0
15.600000,-59.174800,203282.410290,-179.332254,201936.880496,60.997956,202237.888823,98.670806,644.299705,-21.605231,645.633567,-140.974961,649.772149,59.981960,0.014317,1,0
15.633000,-59.342255,201241.695868,-178.946330,203157.784131,61.106350,205049.397300,98.424323,641.058941,-20.929156,652.004512,-140.545656,652.071347,59.981648,-0.000918,1,0
15.667000,-58.925036,202972.045422,-178.953515,202478.290923,60.893829,203910.591576,99.298359,645.252571,-21.040586,653.603498,-140.828203,651.731119,59.985453,0.010147,1,0
15.700000,-59.168216,203523.159216,-178.954314,203992.847575,61.058866,202037.968719,99.095259,644.702781,-21.136044,652.932089,-140.966965,647.829488,59.982300,0.015735,1,0
15.733000,-59.230450,202196.903483,-178.900494,203820.623581,60.883349,202470.262758,98.804373,653.291486,-20.830761,647.419709,-141.074906,656.243936,59.979805,-0.004151,1,0
15.767000,-59.123303,203433.217019,-179.050417,203085.336215,60.896753,204852.302977,98.818243,644.473992,-21.301330,645.140162,-140.968257,652.703888,59.972522,-0.005539,1,0
15.800000,-59.068594,204835.893497,-179.040966,204628.552868,60.871383,202074.282980,98.929991,644.474919,-21.326957,652.767657,-140.762822,655.422819,59.977912,0.010613,1,0
15.833000,-58.929554,204765.680521,-178.972210,204785.270838,61.067405,203145.421301,99.068826,647.092439,-21.051772,651.916633,-141.007737,652.853443,59.985287,0.001296,1,0
15.867000,-59.241911,205522.842499,-179.035265,203404.563108,61.000536,202467.644627,98.889209,645.037501,-20.831845,655.200738,-140.803284,650.818743,59.980267,0.009503,1,0
15.900000,-58.743893,202748.908668,-179.000762,203557.816500,60.892183,201627.567595,99.172250,648.083878,-21.198753,644.329969,-140.931145,648.464238,59.980459,-0.004889,1,0
15.933000,-58.928611,202292.679752,-178.892956,203347.452977,61.094670,204409.135289,99.120091,652.967790,-20.902200,647.211174,-140.846893,653.331260,59.984898,0.003890,1,0
15.967000,-59.054268,202404.535073,-179.041249,203906.115590,61.046007,202727.327575,98.735862,648.359201,-21.239625,648.959065,-141.171207,651.214089,59.985894,0.003307,1,0
16.000000,-59.019594,203408.891399,-179.020493,203132.688029,60.910303,203688.852686,99.128228,648.155634,-20.904461,648.611345,-141.046312,644.059718,59.979618,-0.011480,1,0
16.033000,-58.955720,203116.863641,-179.067506,204994.852082,60.796632,203339.242394,98.932228,651.947188,-20.927878,643.713604,-141.003653,655.084640,59.990469,0.005478,1,0
16.067000,-59.014794,203197.764353,-179.014014,203584.670726,60.948853,204550.143649,98.829195,657.162990,-21.344587,649.712253,-141.264549,651.061857,59.980459,-0.000435,1,0
16.100000,-58.951414,202422.559939,-179.140233,205583.527397,61.016817,204294.498772,99.075151,649.013140,-21.125161,646.979852,-140.934914,644.853836,59.976797,0.002065,1,0
16.133000,-59.152634,203374.575122,-179.179809,204271.183511,61.060888,204168.333806,98.878731,655.122745,-20.917692,655.720774,-140.442785,650.724543,59.976195,0.006480,1,0
16.167000,-59.081710,203426.365231,-179.098144,204585.646468,61.012175,202539.221246,98.903296,652.871438,-21.114868,645.460324,-140.821769,652.686743,59.973860,-0.002916,1,0
16.200000,-59.230932,203368.877822,-179.021294,203240.352371,60.971632,203840.981711,98.714977,653.671486,-21.007919,651.535447,-141.168821,652.041573,59.978446,0.006290,1,0
16.233000,-59.039498,201633.854303,-179.033561,202983.608790,60.972145,205302.249973,99.053378,651.622269,-21.250496,656.132363,-141.227718,649.177426,59.973313,-0.001753,1,0
16.267000,-59.083141,203038.798673,-179.033907,203779.834128,60.936175,203749.130289,98.806265,652.104765,-20.984487,653.210716,-141.188827,646.931110,59.980513,-0.011578,1,0
16.300000,-58.860813,203739.158220,-179.007330,203997.966338,61.069865,201545.752139,99.320887,655.146829,-20.978444,651.111838,-140.904939,652.163207,59.974095,-0.005317,1,0
16.333000,-58.968016,204627.006399,-178.623250,205929.224024,61.052654,202855.087113,99.053853,652.564693,-20.546746,656.642333,-140.710738,653.859349,59.974700,0.004414,1,0
16.367000,-59.088684,203001.312156,-179.304118,204100.036656,61.045586,205581.099979,98.934343,650.342257,-21.284946,645.920000,-141.239190,646.792588,59.979650,-0.002214,1,0
16.400000,-59.133063,201458.913468,-179.267639,201691.240902,60.847418,202690.995024,98.626640,652.841892,-21.431972,648.025414,-141.290116,653.164701,59.977373,0.005385,1,0
16.433000,-59.158424,204458.196742,-179.094166,203629.588671,60.905021,204035.046796,98.754667,650.768467,-20.640016,649.014440,-140.685497,645.132016,59.981958,-0.004374,1,0
16.467000,-59.195652,203538.639311,-179.228824,202929.153479,60.729774,203723.536718,98.446537,645.022320,-21.651858,649.397914,-141.149130,649.971765,59.983245,-0.004588,1,0
16.500000,-58.899576,203820.810205,-179.168547,202372.439137,60.889059,204527.154592,98.821378,648.882713,-20.972372,651.538464,-141.146660,639.209317,59.970876,0.000315,1,0
16.533000,-59.179624,201240.318207,-179.093834,204511.674209,60.895162,203036.686697,98.862039,646.160331,-20.966776,651.448097,-141.189172,646.804540,59.981556,-0.006089,1,0
16.567000,-59.089472,203000.975810,-179.011607,203413.056856,60.938019,204134.433308,99.067538,647.983836,-20.976547,648.836041,-141.098418,652.838080,59.986028,-0.003817,1,0
16.600000,-59.246004,203352.023417,-179.035379,202400.823509,60.909538,202145.060191,98.617627,647.200552,-21.240232,652.859210,-140.891043,652.863847,59.980392,-0.000345,1,0
16.633000,-59.168218,203119.359822,-178.990603,203308.966179,61.045957,203664.735426,98.842020,652.429333,-21.146799,652.524713,-140.670198,649.479712,59.981086,-0.001846,1,0
16.667000,-59.148329,202895.809814,-178.927062,202825.230708,60.840676,204324.269734,98.783179,654.134461,-21.170624,650.423130,-140.969086,647.412505,59.972423,-0.010224,1,0
16.700000,-58.964627,204624.397793,-178.907949,204456.121609,60.968762,203920.218588,98.856752,648.124444,-21.078916,658.515722,-140.965403,650.867333,59.981054,0.011335,1,0
16.733000,-58.997777,204811.448725,-179.020711,202752.285569,60.835690,204579.305385,98.928185,652.897975,-21.031539,655.463630,-141.325983,659.147079,59.976170,0.013715,1,0
16.767000,-59.012025,202731.219016,-179.182195,203218.287354,61.148337,203058.639396,99.030619,658.284891,-21.301417,655.807599,-140.698471,661.403834,59.977307,-0.012089,1,0
16.800000,-58.972713,204430.209201,-179.002774,203480.630949,60.875024,202180.802254,98.795270,653.968971,-21.393702,656.074465,-141.033424,657.560980,59.981480,0.002862,1,0
16.833000,-58.980233,200585.218975,-179.100149,203752.682308,60.997624,203246.015240,98.852561,653.279098,-21.218033,654.001003,-141.024325,651.559915,59.980677,0.001693,1,0
16.867000,-58.954233,202317.403372,-178.941955,204238.983697,60.849668,203979.406864,98.992184,658.455059,-20.719206,652.422570,-140.852500,659.134149,59.971059,-0.002711,1,0
16.900000,-58.826769,203649.205065,-178.968250,203691.003460,60.706489,203355.971285,98.902495,657.237663,-21.179043,658.235942,-141.380607,656.822574,59.971822,0.005114,1,0
16.933000,-59.084756,202676.338413,-178.977910,202412.913726,60.931950,202871.109080,99.029328,655.219270,-21.015800,661.804365,-140.843988,655.820044,59.969905,-0.003072,1,0
16.967000,-59.054508,204076.931628,-179.240070,203508.555345,60.932873,203908.317855,98.890661,653.933661,-21.160026,652.773543,-141.503204,651.806784,59.978162,-0.006981,1,0
17.000000,-59.005071,201704.172274,-179.228574,204583.587869,60.790036,202769.019105,99.150358,647.042504,-21.119898,662.273504,-141.452295,654.294778,59.971870,0.001809,1,0
17.033000,-59.133228,204326.445152,-179.079228,203381.113362,60.842667,202396.666897,98.803527,658.646491,-21.146772,656.223583,-141.343999,650.381129,59.979172,0.006113,1,0
17.067000,-59.136665,202768.561065,-179.237105,201703.020450,60.917516,202652.919404,98.758053,657.209466,-21.155192,659.991457,-141.012044,659.044732,59.970280,0.010842,1,0
17.100000,-58.938487,203725.265560,-178.910847,204055.766222,60.915665,204111.129827,98.820837,658.868736,-20.816824,659.209014,-141.035341,653.477827,59.975062,-0.008328,1,0
17.133000,-59.288655,203224.978590,-179.318186,202149.218248,60.779252,204304.783001,98.891557,656.815668,-21.271373,653.069661,-141.081331,650.008833,59.976668,0.012649,1,0
17.167000,-59.136248,203436.284053,-179.063563,204516.181379,60.828041,203606.282964,98.913200,656.604577,-21.343208,650.104083,-140.897448,654.009619,59.979014,-0.004663,1,0
17.200000,-58.963170,204450.556003,-179.234779,203886.779545,60.893551,203392.516444,98.862092,653.035958,-21.387703,653.941921,-141.428524,652.711326,59.973009,-0.001608,1,0
17.233000,-59.251656,203429.965783,-179.082399,201706.971783,60.714318,203217.546358,98.560607,646.757119,-21.120334,654.059736,-141.233561,651.712245,59.972555,0.007969,1,0
17.267000,-59.204335,202763.410226,-179.084927,203919.203189,60.797504,202364.281328,98.657343,644.885628,-21.196249,649.561433,-141.341830,652.543833,59.978410,0.005479,1,0
17.300000,-59.261779,204121.804536,-179.172075,203435.904447,60.974373,203716.641109,98.810694,652.692643,-20.915594,651.887969,-140.935217,653.831419,59.976488,0.004993,1,0
17.333000,-59.222123,203594.721838,-179.069177,204193.928013,60.901146,202370.682173,98.556603,649.718487,-21.183475,655.294549,-140.781946,651.932504,59.981781,-0.006165,1,0
17.367000,-58.993998,202571.921858,-179.128749,204999.931090,60.902189,202975.281656,98.985280,657.986560,-21.142173,651.904389,-141.444416,648.168105,59.980641,-0.000885,1,0
17.400000,-59.310302,203615.490979,-179.121575,203455.608563,60.805741,202513.663199,99.019928,645.419783,-21.149532,649.724230,-141.131475,650.479781,59.976218,-0.003240,1,0
17.433000,-59.207135,202827.040636,-179.260754,203952.887759,60.812318,202368.839071,99.085799,644.483375,-21.304234,645.592514,-141.372063,642.569285,59.983074,-0.008891,1,0
17.467000,-59.243223,205130.909416,-179.263255,203313.970230,60.856115,203321.032545,98.900359,647.273496,-21.336012,642.123797,-141.106503,643.484301,59.977134,-0.008120,1,0
17.500000,-58.993800,203462.103427,-179.046179,203159.911461,60.694493,203451.322045,99.199695,650.049889,-20.844636,648.492695,-141.391427,655.953543,59.983337,-0.000568,1,0
17.533000,-59.155491,203058.760661,-179.166514,204880.664849,60.789292,204230.151390,99.098858,655.258628,-21.380078,639.513355,-141.213767,653.787507,59.976719,-0.003618,1,0
17.567000,-59.083733,203993.883387,-178.966295,203404.352413,60.828257,203141.855688,99.013918,647.757742,-21.012778,642.180904,-141.086460,640.989059,59.979950,0.012549,1,0
17.600000,-59.280530,203162.746233,-179.024129,203959.052586,60.794234,203221.273542,98.729061,650.558811,-21.226145,646.205866,-141.030482,642.525922,59.971305,0.001861,1,0
17.633000,-59.103923,204732.965476,-179.139216,202961.454051,61.052114,203733.112025,99.053011,651.023044,-21.241633,646.292390,-141.218948,645.712893,59.977716,0.008142,1,0
17.667000,-59.128754,205289.748335,-179.099755,201545.935753,60.968900,204442.007214,98.790827,641.238025,-21.099318,646.637485,-141.066141,650.765674,59.975198,-0.002014,1,0
17.700000,-59.215341,201826.614907,-179.391407,202529.996872,60.767492,201810.243346,99.278146,654.868033,-21.415789,647.522815,-141.116113,661.283075,59.974130,-0.003310,1,0
17.733000,-59.321894,202372.193058,-179.081223,202656.800085,60.755605,203981.001988,98.859306,644.907404,-20.757780,649.572105,-141.238162,653.839390,59.967827,0.003312,1,0
17.767000,-59.280149,202783.009977,-179.166193,202517.630807,60.848726,203891.921091,98.681926,643.638767,-20.939826,656.443282,-141.203974,648.141939,59.970869,-0.008998,1,0
17.800000,-59.280664,203570.430872,-179.287515,203210.046381,60.699774,203291.495966,98.778878,649.677967,-21.103659,653.723524,-141.239518,646.946368,59.969473,-0.003577,1,0
17.833000,-59.169681,204381.530687,-179.275289,203601.293991,60.961158,202874.467877,98.765485,653.119410,-21.556951,650.769604,-140.692259,652.475317,59.963427,0.002162,1,0
17.867000,-59.258917,202097.783418,-179.076304,204904.376021,60.684895,202231.592571,98.890135,654.228739,-20.965678,658.667980,-141.200589,650.666879,59.966593,-0.011870,1,0
17.900000,-59.201893,203973.939945,-179.169733,203468.845164,60.828019,200768.768259,98.641494,647.720010,-21.071829,651.192930,-141.024370,654.449197,59.962754,-0.006279,1,0
17.933000,-59.258498,202404.130018,-179.182075,200847.740261,60.895460,203147.852067,98.914855,651.316010,-20.825662,657.308498,-141.303416,653.782295,59.968281,-0.002051,1,0
17.967000,-59.238962,202414.349926,-179.177827,205186.969863,60.759318,203492.117403,99.127406,653.526935,-20.954226,655.969147,-141.090773,659.092127,59.962159,-0.005693,1,0
18.000000,-59.148340,202953.157095,-179.205762,202827.066016,60.668778,203705.837450,98.525748,653.288185,-20.859193,648.590678,-141.487868,648.778893,59.966428,-0.015489,1,0
18.033000,-59.250322,202275.860260,-179.139543,202949.221902,60.708763,204468.634436,98.833522,648.200033,-20.827789,653.103496,-141.096233,653.065460,59.972498,-0.001510,1,0
18.067000,-59.221901,202541.622014,-179.258981,203278.350237,60.795940,203592.555304,98.794650,656.192344,-20.979879,650.266760,-141.386421,649.655234,59.966415,0.003060,1,0
18.100000,-59.188485,202792.991725,-179.272294,203055.795521,60.931661,204932.745895,98.676479,651.315904,-21.188863,653.402717,-141.202718,649.877324,59.966574,0.000802,1,0
18.133000,-59.240947,203565.751754,-179.121202,205573.982644,60.643925,203976.773086,99.030889,647.264518,-21.185205,637.253947,-141.294596,647.413691,59.974945,-0.001407,1,0
18.167000,-59.192434,203775.671918,-179.100901,203513.370727,60.826701,203268.387276,98.740669,646.990269,-20.961165,652.794267,-141.315665,646.050663,59.984482,0.006398,1,0
18.200000,-59.296985,205390.225272,-178.892895,203298.968058,60.981046,204094.409764,98.559000,653.320577,-20.591680,643.507384,-141.282058,647.049547,59.971170,-0.006646,1,0
18.233000,-59.342413,202800.808119,-178.859252,204059.178944,60.710253,204275.700028,98.395155,651.359345,-21.000491,649.302503,-141.234457,644.408830,59.973850,0.001289,1,0
18.267000,-59.427499,201726.897813,-179.251997,202964.155878,60.622368,202248.132972,98.513234,642.636740,-21.400537,645.856207,-141.515142,643.225905,59.972412,0.009810,1,0
18.300000,-59.109203,203320.181732,-179.218038,203497.055623,60.605333,205036.819589,98.809126,645.838915,-21.377150,645.753573,-141.510594,645.123126,59.968229,0.016259,1,0
18.333000,-59.160522,205858.489428,-179.178877,202770.487499,60.735690,203278.972458,99.096722,652.474895,-20.937890,646.404621,-141.328937,641.223334,59.966357,0.013718,1,0
18.367000,-58.956396,203888.838422,-179.386796,202279.122278,60.684990,202530.981941,98.921769,645.836623,-21.199723,649.071823,-141.246228,643.903274,59.958140,0.001328,1,0
18.400000,-59.338562,202895.271480,-179.428814,204019.361187,60.673647,203477.014494,99.020234,640.269158,-21.637396,640.858169,-141.557841,646.453627,59.963415,-0.003116,1,0
18.433000,-59.184450,203800.835535,-179.512744,204153.021422,60.803893,204690.026153,98.764901,642.440525,-21.687849,642.649721,-141.313959,645.200707,59.968125,-0.003576,1,0
18.467000,-59.373559,205584.936504,-179.291182,202817.538924,60.627536,202888.168486,98.677605,641.383971,-21.044273,634.827294,-141.316073,639.045841,59.968078,0.003524,1,0
18.500000,-59.293957,203762.364512,-179.319997,202644.144858,60.820293,203895.473521,98.999873,645.652951,-21.497923,646.157954,-141.032842,646.386347,59.968100,0.002884,1,0
18.533000,-59.406677,202749.274792,-179.162716,202539.122532,60.792693,204356.571039,98.749473,642.407773,-21.142209,637.042618,-141.043185,642.266815,59.958772,0.005027,1,0
18.567000,-59.139943,203596.278735,-179.301007,204022.947034,60.588039,204578.554001,98.907474,635.693965,-21.111900,642.379961,-141.592418,638.086274,59.956016,0.012962,1,0
18.600000,-59.169137,204326.370134,-179.203465,206431.586126,60.778538,204489.824991,99.031354,648.250322,-21.108973,643.006183,-141.246426,642.814552,59.967860,-0.008716,1,0
18.633000,-59.173224,203123.935426,-179.323491,203863.748397,60.560223,203773.752597,99.024629,637.314716,-21.494632,639.351266,-141.708892,640.733246,59.967701,-0.011170,1,0
18.667000,-59.365999,202794.555499,-179.439330,205712.555285,60.626949,203992.992920,98.209821,644.357594,-21.180106,647.806073,-141.362560,637.736015,59.957721,0.004423,1,0
18.700000,-59.233922,203041.441372,-179.372124,203946.109010,60.691991,202770.877376,99.292171,641.203371,-21.205198,638.015652,-141.269714,643.095476,59.965374,0.011244,1,0
18.733000,-59.434038,203519.846672,-179.367470,204939.728677,60.676635,203976.699956,98.722578,645.526652,-21.189245,635.951479,-141.355408,643.343744,59.962373,-0.005655,1,0
18.767000,-59.341053,202672.321695,-179.367207,202761.512247,60.660203,202639.159968,98.850222,641.067545,-21.317313,642.340740,-141.477795,644.007498,59.959697,-0.004741,1,0
18.800000,-59.252008,203309.280307,-179.294877,202197.772606,60.790953,202729.510689,98.592980,648.501111,-21.314806,645.669802,-141.320054,639.947592,59.959793,-0.004596,1,0
18.833000,-59.347162,203805.393310,-179.441575,204491.654138,60.750247,203162.213281,98.607040,641.825955,-21.337365,641.341994,-141.162005,639.890008,59.965339,-0.007520,1,0
18.867000,-59.524179,203540.876588,-179.316332,202842.862452,60.722072,205041.322476,98.051854,642.384439,-21.345005,642.560749,-141.183157,640.226249,59.960576,-0.012796,1,0
18.900000,-59.366328,202854.335699,-179.324163,203275.459127,60.504728,202105.256059,98.664698,643.169170,-21.299272,641.372872,-141.772144,643.066972,59.961049,0.008126,1,0
18.933000,-59.342591,202380.960278,-179.599609,201976.226468,60.639379,202923.375068,98.578832,642.281815,-21.636211,638.891180,-141.365358,641.019056,59.952717,0.003258,1,0
18.967000,-59.419791,202790.811491,-179.318192,201832.711866,60.506233,201864.748403,98.711253,636.794507,-21.514422,638.348742,-141.865786,639.082926,59.961878,0.002377,1,0
19.000000,-59.435857,202785.092702,-179.422612,202625.879237,60.698255,203218.346875,98.586487,640.289329,-21.411739,638.668190,-141.253664,639.499085,59.953237,0.008427,1,0
19.033000,-59.362522,202598.804767,-179.550009,201904.920207,60.715058,203252.356194,98.713482,640.914067,-21.318837,643.721939,-141.338031,641.338813,59.963391,0.001209,1,0
19.067000,-59.192422,202832.940276,-179.385520,204201.626043,60.601751,202133.301178,98.816771,633.573967,-21.406431,641.882969,-141.196721,637.067873,59.967313,0.014567,1,0
19.100000,-59.379136,201946.021615,-179.343681,202864.545767,60.765798,202947.515847,98.652658,643.215108,-21.327638,641.222990,-141.473972,634.856885,59.956956,-0.003030,1,0
19.133000,-59.338874,203207.925020,-179.337146,203537.086391,60.516134,204192.055222,98.811589,642.715326,-21.093232,641.162603,-141.537416,639.504038,59.959198,0.003593,1,0
19.167000,-59.487359,203236.514037,-179.514235,202371.878385,60.575730,202574.420818,98.642290,633.785860,-21.471989,640.426692,-141.182351,645.157521,59.960705,0.006437,1,0
19.200000,-59.260993,201499.122149,-179.338007,202076.949941,60.648100,202888.407253,98.828862,643.657517,-21.259605,641.218974,-141.188483,646.143549,59.962913,0.003019,1,0
19.233000,-59.530086,202547.742970,-179.242436,203525.354700,60.522365,203618.999691,98.544231,640.856809,-21.157160,639.208538,-141.319846,648.252982,59.960935,0.002516,1,0
19.267000,-59.285903,204120.574725,-179.227803,201785.810176,60.579681,203089.635396,98.493162,645.320642,-21.317281,644.630008,-141.354239,641.004533,59.967484,-0.000527,1,0
19.300000,-59.275724,202514.903250,-179.361757,205428.072932,60.681356,202410.269599,98.800304,650.613172,-21.339074,640.622960,-141.390281,635.418248,59.965808,0.006050,1,0
19.333000,-59.378943,202971.402348,-179.358665,203598.308999,60.710564,202855.108385,98.380363,642.695407,-21.630200,637.791309,-141.225049,638.421274,59.962013,-0.007762,1,0
19.367000,-59.219354,201781.371521,-179.258040,204677.109605,60.613266,201990.662349,99.106752,638.699096,-21.191956,635.998012,-141.672236,642.156080,59.958599,-0.007118,1,0
19.400000,-59.329003,202868.370660,-179.128781,204348.313344,60.687575,202063.435102,98.594903,643.883673,-21.034899,640.672560,-141.459440,630.570248,59.963366,-0.013609,1,0
19.433000,-59.457750,201398.783548,-179.459444,203804.244979,60.664876,202025.601183,98.246509,645.657179,-21.679511,642.650620,-141.301787,634.736988,59.966269,-0.005212,1,0
19.467000,-59.226187,204715.320378,-179.363967,203627.570060,60.703250,202150.091913,98.754514,637.658611,-21.161838,636.990174,-141.686315,641.029836,59.961460,0.004956,1,0
19.500000,-59.263228,201898.008362,-179.271278,203118.319049,60.669948,203244.290718,98.637003,646.811427,-21.159833,634.852983,-141.246378,637.958408,59.959956,-0.000952,1,0
19.533000,-59.441030,203666.498758,-179.467268,203632.468573,60.663113,203868.927041,98.395260,636.431973,-21.784261,642.285439,-141.078208,633.984688,59.966293,0.003742,1,0
19.567000,-59.353815,202751.977148,-179.203337,203100.178169,60.810336,203672.777874,98.783892,633.665385,-20.739135,640.704434,-141.335200,642.012563,59.963713,-0.004104,1,0
19.600000,-59.230702,204493.756260,-179.328179,202254.858093,60.563285,204599.226733,98.745995,638.661384,-21.367367,649.941352,-141.376690,636.925530,59.960303,0.000020,1,0
19.633000,-59.109046,203415.736454,-179.273131,204254.656202,60.818793,203310.361865,98.837887,644.737157,-21.348144,638.638275,-141.518270,635.142041,59.953928,0.000726,1,0
19.667000,-59.371664,202632.145372,-179.147184,205010.218827,60.663012,203711.508485,98.664513,638.597194,-21.263752,639.094243,-140.875553,640.034858,59.955857,-0.002648,1,0
19.700000,-59.240114,202862.845102,-179.193415,203909.723822,60.616331,202628.755091,98.555119,637.486386,-21.365333,641.661653,-141.450734,644.029681,59.963720,0.001530,1,0
19.733000,-59.128480,204662.879496,-179.179469,202816.005716,60.940522,202697.216346,99.102911,648.568710,-21.180533,645.066812,-141.523011,645.124426,59.964673,0.006804,1,0
19.767000,-59.085606,204510.458131,-179.475762,204358.291594,60.665569,204098.983996,98.673455,644.924700,-21.341327,644.810168,-141.399510,643.022492,59.955302,-0.007845,1,0
19.800000,-59.141695,203072.978100,-179.224147,204689.823993,60.660751,203160.778817,99.074100,641.261810,-21.182241,642.050798,-141.538694,645.230332,59.959630,0.006369,1,0
19.833000,-59.341789,202327.672106,-179.306219,202461.271390,60.736749,202470.015662,98.727267,633.499487,-21.434794,642.128981,-141.148513,648.022841,59.963960,0.002839,1,0
19.867000,-59.196228,204068.599794,-179.109751,204645.683431,60.677511,203824.838711,98.852017,646.616672,-21.038618,643.861915,-141.590378,641.812251,59.961601,-0.001468,1,0
19.900000,-59.434022,203540.424217,-179.412922,204771.825640,60.686557,205944.386699,98.274760,643.976892,-21.124552,648.372017,-141.483478,643.703426,59.964458,0.005538,1,0
19.933000,-59.268600,204487.004893,-179.373755,202753.200635,60.623090,201967.211547,98.831029,641.858184,-21.440638,645.821622,-141.404041,646.799845,59.967145,-0.016513,1,0
19.967000,-59.149835,201245.845227,-179.126795,203095.710031,60.804130,202865.729489,99.012895,649.610385,-21.336511,643.123520,-141.172629,640.733896,59.965248,0.003280,1,0
20.000000,-59.217467,201976.256268,-179.208146,203598.460477,60.756650,201531.095855,98.762631,646.369706,-20.896722,644.920760,-140.855578,637.576823,59.960800,-0.015099,1,0
20.033000,-59.290310,202959.862831,-179.167748,204100.360728,60.893162,202800.728319,98.733052,643.958124,-21.102195,640.421825,-141.179077,645.680053,59.960964,0.000257,1,0
20.067000,-59.218454,203487.985366,-179.459053,204105.909870,60.758654,204178.089567,98.792442,640.914286,-21.353873,643.732894,-141.429622,635.627569,59.956433,0.005099,1,0
20.100000,-59.341565,205512.493168,-179.316010,203058.815116,60.669398,206096.794423,98.556419,648.145468,-21.533939,642.779162,-141.341720,640.680144,59.966859,-0.007578,1,0
20.133000,-59.265914,204208.042578,-179.266601,204120.986514,60.858962,203536.912538,98.364390,646.259596,-21.139088,647.738033,-141.298111,644.379407,59.964159,-0.006339,1,0
20.167000,-59.383589,205416.584256,-179.530176,202980.457142,60.537078,205162.888154,98.267528,647.505813,-21.116535,647.173149,-141.428800,644.880163,59.972657,-0.004324,1,0
20.200000,-59.244199,204229.906999,-179.324283,204097.760009,60.652417,203827.167240,98.529257,643.960534,-21.547804,639.400554,-141.447710,644.599162,59.970077,-0.007960,1,0
20.233000,-59.382202,202108.515328,-179.292856,203594.439657,60.570640,202058.893584,98.538171,648.530073,-21.176217,643.626490,-141.480341,645.809820,59.962428,0.009419,1,0
20.267000,-59.276708,202565.960736,-179.366213,203572.007636,60.703799,203302.733611,98.818180,641.703754,-21.341958,648.779543,-141.046278,649.072599,59.967119,0.010002,1,0
20.300000,-59.387760,203031.610728,-179.239463,203367.611495,60.531590,202897.522381,98.950609,643.839834,-21.507905,639.683321,-141.566086,641.733036,59.964664,0.006468,1,0
20.333000,-59.234487,202244.828818,-179.343665,202993.783395,60.574288,201472.005886,98.570432,652.595977,-21.395978,648.558742,-141.397450,654.110549,59.960931,-0.003846,1,0
20.367000,-59.257969,204476.417041,-179.371553,206426.496903,60.564270,204543.401630,98.651605,655.006340,-21.250722,651.402881,-141.191412,644.242448,59.964632,0.000298,1,0
20.400000,-59.372120,203060.337639,-179.411809,204621.658147,60.553490,203473.601941,98.552536,647.946666,-21.270938,653.408615,-141.201854,644.617541,59.955004,-0.001596,1,0
20.433000,-59.491126,201598.446710,-179.313874,202428.942771,60.675895,203668.550962,98.275567,638.636333,-21.236588,648.079478,-141.764027,649.599628,59.961786,-0.003254,1,0
20.467000,-59.348229,203230.861686,-179.355554,203989.618405,60.546531,205353.927521,98.848638,650.278911,-21.561886,643.456655,-141.548469,641.928419,59.961031,-0.009043,1,0
20.500000,-59.403007,205773.503249,-179.273833,202048.150437,60.749327,201042.841965,98.599980,655.262493,-21.348476,645.093320,-141.360267,648.462679,59.953119,-0.008384,1,0
20.533000,-59.447062,202361.980464,-179.396434,204150.117299,60.607770,203070.598121,98.273848,646.395236,-21.540588,646.379467,-141.367587,645.438208,59.963227,-0.013886,1,0
20.567000,-59.264312,204180.347647,-179.317815,204076.993678,60.560058,202969.446357,98.634898,649.544375,-21.198376,650.258973,-141.612027,644.722126,59.958589,0.009944,1,0
20.600000,-59.377529,202320.513096,-179.445865,202190.537594,60.543569,202861.538450,98.354912,649.117958,-21.142861,649.059688,-141.505408,649.041227,59.967315,0.009424,1,0
20.633000,-59.278037,204137.015946,-179.528505,204354.708099,60.686948,202893.954809,98.898419,649.738543,-21.486295,647.003852,-141.118421,650.481533,59.952633,-0.003600,1,0
20.667000,-59.178933,204370.584807,-179.354739,203682.143555,60.663392,204015.689303,98.777145,647.980061,-21.240862,644.600952,-141.532836,651.393102,59.956277,-0.005233,1,0
20.700000,-59.377985,203080.241317,-179.284177,204738.688192,60.798336,204615.048350,98.510930,651.258812,-21.469754,649.144647,-141.253378,650.827955,59.949893,-0.004743,1,0
20.733000,-59.422009,204981.304068,-179.496532,203047.994677,60.629752,205268.789810,98.388610,646.547296,-21.725873,648.097736,-141.415738,646.289282,59.955122,-0.001687,1,0
20.767000,-59.404485,204117.377141,-179.369846,202601.311843,60.542629,203898.167394,98.375633,646.056231,-21.436971,647.114958,-141.748176,650.444931,59.956721,-0.003482,1,0
20.800000,-59.524195,203494.254121,-179.379741,202317.953621,60.635672,203551.796728,98.424668,645.304197,-21.587172,648.837495,-141.435084,643.340299,59.953262,0.001861,1,0
20.833000,-59.454717,205602.062680,-179.423432,203790.434152,60.572229,205249.409149,98.648022,644.594391,-21.341221,650.063128,-141.414906,646.336732,59.962891,-0.001946,1,0
20.867000,-59.469971,204621.869598,-179.443127,202556.578257,60.541699,205374.582412,98.714959,648.960208,-21.304538,651.830813,-141.442725,645.377323,59.951421,-0.005200,1,0
20.900000,-59.510425,204451.562244,-179.465146,204753.649010,60.484881,203899.584907,98.466394,643.614779,-21.562639,642.162693,-141.563411,646.994019,59.955023,0.003551,1,0
20.933000,-59.432301,204458.217128,-179.327546,204540.576368,60.448338,204134.325578,98.455214,645.111722,-21.137555,647.301049,-141.896009,649.406103,59.957872,0.003371,1,0
20.967000,-59.639352,205538.779707,-179.183326,204457.285295,60.458562,204392.284476,97.704163,639.163450,-21.245038,641.679391,-141.696457,644.488365,59.962845,0.002554,1,0
21.000000,-59.400873,206464.269077,-179.637266,203721.668229,60.423427,203804.691683,98.764866,649.501559,-21.405973,642.690227,-141.638741,641.859128,59.960671,0.003550,1,0
21.033000,-59.633233,203961.807388,-179.445039,203091.459255,60.551636,204151.044587,98.795151,644.958169,-21.600236,649.260545,-141.270932,645.104889,59.953808,0.007880,1,0
21.067000,-59.532553,203133.707555,-179.517382,202744.612642,60.364728,204882.020500,98.573913,652.814442,-21.517896,648.539821,-141.663790,646.492304,59.953170,-0.016184,1,0
21.100000,-59.591405,203853.188576,-179.275678,204229.658005,60.460998,204684.667918,98.089971,651.605764,-21.150153,643.916410,-141.526068,646.805898,59.959895,-0.000434,1,0
21.133000,-59.302299,204213.912565,-179.516061,204954.917553,60.444975,205460.519993,98.925736,648.597267,-21.614084,651.069822,-141.643829,651.403559,59.958794,0.006462,1,0
21.167000,-59.583851,204065.565405,-179.327952,203026.737419,60.386716,204025.411412,98.376044,646.625376,-21.523197,649.365640,-141.783163,646.725383,59.958683,-0.008307,1,0
21.200000,-59.553672,204652.391496,-179.442921,206067.087917,60.521849,202547.481508,98.659095,648.974500,-21.378420,654.386136,-141.653330,648.198044,59.944928,-0.001061,1,0
21.233000,-59.490706,203449.936575,-179.315845,205309.474573,60.562427,205259.116646,98.666107,647.690243,-21.065494,642.267959,-141.465103,651.237689,59.950617,-0.005435,1,0
21.267000,-59.199155,202888.630726,-179.437966,203821.081111,60.584659,204745.565244,98.652317,644.180308,-21.672037,645.064030,-141.236284,647.999822,59.951383,-0.005206,1,0
21.300000,-59.375063,204846.046436,-179.539591,206927.093589,60.408125,204263.224964,98.467926,644.555477,-21.560323,644.915167,-141.574565,644.454220,59.956465,0.001054,1,0
21.333000,-59.393438,205012.619815,-179.346342,206378.669940,60.452361,203993.439260,98.269497,642.893448,-21.285625,639.295133,-141.528484,646.307423,59.954017,-0.017001,1,0
21.367000,-59.453457,206390.421397,-179.427918,205243.281296,60.592026,204719.236313,99.052000,651.824760,-21.250465,647.257345,-141.550505,643.135849,59.940939,-0.007579,1,0
21.400000,-59.543296,203945.001236,-179.488832,205558.278688,60.599014,203665.685892,98.362509,649.641323,-21.184673,644.566413,-141.569986,644.065219,59.951241,0.001685,1,0
21.433000,-59.559781,205770.439396,-179.449082,204401.657456,60.597187,201791.440294,98.692103,647.700565,-21.418512,648.141831,-141.585017,641.851660,59.951792,0.006247,1,0
21.467000,-59.557013,204521.599548,-179.310618,204595.322746,60.666816,204317.373210,98.254767,646.553824,-21.133028,636.070528,-141.403500,650.268977,59.947507,-0.007737,1,0
21.500000,-59.342418,202857.691593,-179.370666,203945.008453,60.233705,204704.371388,98.438762,645.824809,-21.452638,647.937738,-141.740409,644.241126,59.948526,0.003204,1,0
21.533000,-59.393267,204441.428865,-179.297904,205000.674467,60.608364,204056.729371,98.727789,653.094734,-21.156844,643.446226,-141.423202,646.047617,59.957829,0.010435,1,0
21.567000,-59.442459,205111.702195,-179.445366,204124.440220,60.530623,205797.758695,98.528059,644.063104,-21.583460,645.485778,-141.454981,642.236691,59.948939,-0.010183,1,0
21.600000,-59.351310,203833.423783,-179.343736,205391.040842,60.699154,205560.192972,98.831438,643.905560,-21.219717,648.925406,-140.949525,636.368953,59.942234,0.009320,1,0
21.633000,-59.354327,205637.350470,-179.583637,205264.409101,60.596353,205096.172078,98.611585,650.348024,-21.441852,644.257604,-140.889708,647.743645,59.954955,0.010323,1,0
21.667000,-59.344537,203762.885813,-179.379671,204022.080243,60.705254,205985.848940,98.763683,644.915176,-21.483485,644.033530,-141.308003,638.829218,59.951359,-0.010662,1,0
21.700000,-59.558809,205724.944033,-179.312302,204877.645540,60.554642,203818.782512,98.365283,649.458503,-21.402294,645.610353,-141.186759,652.612309,59.953970,-0.009521,1,0
21.733000,-59.439709,207580.797615,-179.233673,205753.954266,60.424741,203806.105382,98.738029,654.881053,-21.180319,638.567446,-141.834303,648.060408,59.951016,-0.002227,1,0
21.767000,-59.302979,205574.841048,-179.320659,206508.681680,60.572846,204156.348183,98.820501,642.605331,-21.161457,638.866445,-141.456388,642.789761,59.950617,-0.002967,1,0
21.800000,-59.454085,205123.590515,-179.476926,205090.019013,60.514799,206775.166192,98.553590,637.827485,-21.597089,645.585111,-141.487205,650.421891,59.946462,-0.002997,1,0
21.833000,-59.443304,204207.362519,-179.488055,205052.138591,60.534426,203629.801094,98.278297,640.673373,-21.429678,653.609378,-141.286066,652.089995,59.950473,-0.005721,1,0
21.867000,-59.231248,204570.704098,-179.393703,205260.679144,60.596921,206885.859929,98.871855,640.812556,-21.440920,641.901317,-141.388540,640.787817,59.955411,-0.002821,1,0
21.900000,-59.360075,205770.356147,-179.430816,204018.659963,60.586890,204202.751599,98.573046,650.726257,-21.479432,641.696261,-141.288511,643.733753,59.952755,0.012835,1,0
21.933000,-59.432198,206250.028633,-179.428721,205160.554546,60.470832,208056.311077,98.476230,645.310349,-21.539312,644.764353,-141.443024,643.566392,59.952794,0.002866,1,0
21.967000,-59.517496,204698.703321,-179.344978,203471.388922,60.574884,205304.552810,98.189933,631.795116,-21.359382,639.133122,-141.212774,640.054368,59.953061,-0.006139,1,0
22.000000,-59.415515,204660.525179,-179.471247,205317.255142,60.335047,205253.218059,98.509287,640.546125,-21.988512,637.262541,-141.405461,640.749630,59.956765,0.010956,1,0
22.033000,-59.501949,205302.702064,-179.298038,204376.326103,60.567685,205770.817769,98.515823,640.953828,-21.350019,635.872298,-141.621676,640.475165,59.956917,0.001207,1,0
22.067000,-59.461337,205208.181473,-179.565619,206845.754200,60.518200,205603.960406,98.894996,642.543175,-21.431301,640.768111,-141.138657,651.134426,59.964164,0.002667,1,0
22.100000,-59.559937,203800.156131,-179.419362,205931.472533,60.639735,206420.793748,98.619667,639.941496,-21.395829,641.608808,-141.502729,641.234081,59.957296,0.000203,1,0
22.133000,-59.396176,204824.835215,-179.487039,205954.447813,60.569238,205393.932004,98.183258,642.097202,-21.326836,641.107837,-141.389443,639.042709,59.962006,0.014406,1,0
22.167000,-59.497936,205092.578269,-179.353006,206108.719792,60.705618,206096.761810,98.747638,643.502634,-21.431177,644.412554,-141.443983,643.652776,59.958148,-0.008966,1,0
22.200000,-59.239884,205936.867212,-179.416497,205547.201208,60.672615,204783.471691,98.723589,631.750343,-21.446126,640.594131,-141.308017,637.446066,59.955990,-0.014172,1,0
22.233000,-59.352004,205665.464138,-179.328062,205261.436324,60.637845,206046.572912,98.563411,641.421693,-21.239525,643.639851,-141.601265,639.427818,59.955305,0.004266,1,0
22.267000,-59.364924,205614.645557,-179.380252,205787.539339,60.699091,205309.393161,98.623017,637.841162,-21.390721,639.435229,-141.298094,644.005683,59.961524,-0.002023,1,0
22.300000,-59.574403,205381.250833,-179.571507,205798.707147,60.436702,206254.367278,98.486643,648.173542,-21.383840,640.410071,-141.275783,648.697613,59.955837,-0.002529,1,0
22.333000,-59.401389,207352.491904,-179.486991,206679.046008,60.499443,204029.375546,98.881470,640.548133,-21.543441,651.990728,-141.617484,646.703029,59.961379,-0.002233,1,0
22.367000,-59.364265,206007.711405,-179.561595,205309.398215,60.558140,205482.632784,98.686911,640.929576,-21.584429,648.090938,-141.290593,637.920501,59.954733,-0.008219,1,0
22.400000,-59.519851,206354.851749,-179.495904,204960.517304,60.377801,206640.684166,98.586076,639.353737,-21.608249,649.831732,-141.420553,643.943870,59.957898,-0.003698,1,0
22.433000,-59.618578,202190.834476,-179.649411,205950.652860,60.632434,206635.167367,98.602594,647.540185,-21.490158,636.940073,-141.364906,641.509486,59.961078,-0.006871,1,0
22.467000,-59.286327,204504.930346,-179.508897,205740.088944,60.483442,206638.653910,98.841939,641.343736,-21.795038,632.130338,-141.684742,637.692752,59.958558,-0.000451,1,0
22.500000,-59.456187,206826.683455,-179.494211,205507.675827,60.545656,203710.522782,98.464007,639.654533,-21.236012,643.845771,-141.293154,638.304632,59.962243,0.001545,1,0
22.533000,-59.315689,205158.089687,-179.533731,205707.461642,60.772228,205760.093962,98.466552,644.274158,-21.661050,652.856128,-141.357321,642.938723,59.961948,0.006032,1,0
22.567000,-59.437920,207083.301745,-179.281222,205416.375561,60.466898,205491.722336,98.285731,642.586625,-21.466545,646.377039,-141.718267,641.358686,59.959029,0.001102,1,0
22.600000,-59.278010,205475.018327,-179.502932,205833.834852,60.604623,205657.890514,98.552688,637.351909,-21.504473,643.200727,-141.508434,639.236226,59.962979,-0.010301,1,0
22.633000,-59.417125,204490.257909,-179.443263,205418.554153,60.761994,204868.874317,98.560857,649.443469,-21.425551,648.408522,-141.382567,645.007504,59.960704,0.005716,1,0
22.667000,-59.365595,205912.150905,-179.303583,204537.518381,60.720170,205158.346589,98.734213,637.256436,-21.402946,639.809075,-141.281970,644.106222,59.963711,-0.000947,1,0
22.700000,-59.246923,204293.706008,-179.421418,205010.950488,60.663442,205116.614165,98.688109,639.646231,-21.539434,637.662860,-141.396621,641.999059,59.954662,-0.008175,1,0
22.733000,-59.520355,205293.440168,-179.369758,206387.112501,60.587241,206098.627179,98.702460,641.804495,-21.510767,641.328339,-141.691648,637.470995,59.956218,0.008409,1,0
22.767000,-59.424644,205787.108666,-179.427699,205651.174356,60.728746,206276.066026,98.279293,640.586704,-21.496977,647.544226,-141.487927,636.954245,59.963658,-0.004009,1,0
22.800000,-59.354565,206512.029456,-179.332064,204046.382950,60.614327,204652.207736,98.497523,639.598924,-21.376991,635.948396,-141.590419,642.120282,59.964337,-0.008193,1,0
22.833000,-59.471504,206186.307979,-179.367031,204465.086445,60.628196,206505.530914,98.421632,640.266309,-21.169833,643.942019,-141.678016,649.624753,59.954680,0.004023,1,0
22.867000,-59.301015,206021.974193,-179.441905,205641.048284,60.626973,204159.196922,98.831405,642.934441,-21.593576,645.896800,-141.632896,641.219341,59.956339,0.003648,1,0
22.900000,-59.502653,205369.557527,-179.518737,204339.608572,60.432785,203813.294211,98.805635,637.172068,-21.389757,641.888540,-141.692711,643.457490,59.954549,0.003707,1,0
22.933000,-59.355503,206654.368302,-179.340250,204757.758235,60.521704,204633.524572,98.782858,644.625418,-21.668328,638.773288,-141.334959,638.549695,59.963244,-0.007883,1,0
22.967000,-59.487267,205968.126867,-179.509116,207665.668035,60.565741,205615.737165,98.362817,637.532215,-21.313305,644.013693,-141.651555,641.261049,59.950957,-0.014112,1,0
23.000000,-59.386510,205672.390397,-179.437260,206357.457966,60.751800,205604.514049,98.844751,641.741834,-21.173771,636.408818,-141.218253,644.029016,59.949767,0.004960,1,0
23.033000,-59.270798,207142.440836,-179.269554,205101.484594,60.388027,204678.110885,98.798762,643.161798,-21.470559,636.433112,-141.403006,638.715033,59.951724,-0.005512,1,0
23.067000,-59.312786,205337.016108,-179.632486,207797.151340,60.638023,205727.046324,98.939960,641.388210,-21.664049,644.649311,-141.551759,640.489538,59.955261,0.015126,1,0
23.100000,-59.424504,206991.241787,-179.297146,205066.129573,60.574394,206101.133648,98.391752,639.512714,-21.441279,638.478248,-141.331999,644.273449,59.949733,-0.001016,1,0
23.133000,-59.429074,206128.761224,-179.357898,205857.511374,60.545473,204787.935179,98.794948,644.382152,-21.498221,640.645600,-141.525916,649.822414,59.948260,0.007277,1,0
23.167000,-59.522302,205856.024252,-179.475366,206795.134336,60.553228,205856.976299,98.312161,642.489708,-21.719695,646.817367,-141.192461,635.738098,59.942145,-0.007948,1,0
23.200000,-59.511877,207686.273410,-179.304188,205000.530003,60.795544,207280.127721,98.440387,641.994785,-21.328831,635.620471,-141.379806,643.574564,59.949844,-0.004543,1,0
23.233000,-59.253287,206602.945113,-179.366136,205817.491028,60.607594,204644.971857,98.699745,646.496660,-21.506746,649.307087,-141.252521,642.133938,59.956804,-0.001711,1,0
23.267000,-59.370699,206407.533325,-179.419311,206322.679394,60.505965,205206.652138,98.549283,642.103021,-21.153803,644.030237,-141.614740,645.074295,59.953375,0.000131,1,0
23.300000,-59.623018,205722.641891,-179.637675,206449.534512,60.435444,205520.724208,98.159262,639.058414,-21.698848,645.279328,-141.354820,636.968777,59.955535,0.003074,1,0
23.333000,-59.393247,205039.067032,-179.392478,204228.720250,60.811565,207512.110132,98.306094,647.195959,-21.523664,649.823580,-141.333165,642.837314,59.951924,0.002297,1,0
23.367000,-59.259537,206132.277864,-179.530224,206017.208803,60.817646,205748.367542,99.113452,644.291321,-21.660574,646.522361,-141.046042,643.713277,59.955484,-0.013694,1,0
23.400000,-59.293354,205948.992764,-179.369768,205871.123375,60.653875,206010.691937,98.473358,641.279665,-21.479104,649.646027,-140.978340,646.356008,59.968191,0.003517,1,0
23.433000,-59.407353,206832.154614,-179.408224,205385.363044,60.654294,203601.855012,98.479577,644.438767,-21.668865,643.816289,-141.619466,641.581623,59.964902,0.009128,1,0
23.467000,-59.317864,205728.216633,-179.285014,205960.403546,60.617708,205728.527634,98.888505,641.047888,-21.458709,647.222428,-141.723390,637.831765,59.952761,0.017165,1,0
23.500000,-59.306869,205977.002353,-179.361821,205033.087636,60.677062,203996.068762,98.710852,640.387860,-21.110904,640.670483,-141.369020,641.165249,59.962204,0.010343,1,0
23.533000,-59.494240,206333.241723,-179.395002,206089.923111,60.581779,205712.241347,98.632985,641.976689,-21.368737,646.335996,-141.174351,639.829387,59.959048,0.009431,1,0
23.567000,-59.402746,206746.560673,-179.305543,204952.562517,60.718624,204429.275334,98.526646,638.337469,-21.103802,641.711535,-141.389596,645.552979,59.961795,-0.004361,1,0
23.600000,-59.234898,204654.329221,-179.273251,206140.033101,60.777748,206373.300709,98.438413,644.183178,-21.443759,641.558810,-141.395107,648.947038,59.958130,-0.001290,1,0
23.633000,-59.345728,202483.925958,-179.472048,203459.198474,60.606261,205179.109699,98.667842,644.019452,-21.503454,650.399311,-141.720314,641.024061,59.965760,-0.007407,1,0
23.667000,-59.415467,205517.121979,-179.428308,204665.237010,60.615632,205583.425656,98.572930,643.291362,-21.377651,644.713133,-141.531200,641.595695,59.965492,-0.009214,1,0
23.700000,-59.341819,205125.348368,-179.288127,202904.519880,60.865404,205164.650097,98.578390,638.689941,-21.409675,642.037329,-141.023744,641.119763,59.959820,-0.009012,1,0
23.733000,-59.487253,204594.742640,-179.598483,203912.560734,60.791854,206754.397866,98.665135,651.962971,-21.580398,646.677797,-141.054826,645.648945,59.955131,-0.010387,1,0
23.767000,-59.414474,204698.333009,-179.480690,206337.319527,60.728932,207241.222559,98.625324,641.903883,-21.390994,649.224092,-141.161099,643.866703,59.950610,-0.006205,1,0
23.800000,-59.288690,204837.453609,-179.262111,204351.799274,60.687659,206462.010746,98.486381,646.469829,-21.080473,650.289554,-141.193118,646.480555,59.954819,0.000792,1,0
23.833000,-59.273517,205793.186433,-179.272836,204801.017177,60.722849,204960.679662,98.770983,653.410023,-21.363592,650.568361,-141.191871,647.947223,59.958408,-0.002413,1,0
23.867000,-59.480699,205940.207933,-179.428589,204762.426991,60.604190,205936.698665,98.421231,646.364145,-21.297351,648.324324,-141.159811,647.330288,59.964883,0.004377,1,0
23.900000,-59.326907,205126.576742,-179.338979,205622.703855,60.405434,205849.394953,98.946971,650.243074,-21.323956,641.758031,-141.492077,649.425269,59.954299,-0.000566,1,0
23.933000,-59.413628,205349.334090,-179.411887,205385.947441,60.575814,206094.401170,98.672073,643.348403,-21.607260,642.897088,-141.143435,642.759665,59.958917,-0.005713,1,0
23.967000,-59.435132,205077.975389,-179.389161,205446.028742,60.543764,206993.178432,98.245026,647.375704,-21.344146,645.294553,-141.242743,644.660786,59.955097,-0.007776,1,0
24.000000,-59.419851,204825.335917,-179.456210,207816.760640,60.688771,206513.554148,98.635984,641.776671,-21.513304,648.256210,-141.036507,650.752200,59.954100,0.010631,1,0
24.033000,-59.387821,206300.805525,-179.415680,205939.222272,60.721428,205674.840225,98.373480,648.187432,-21.448104,639.977155,-141.408055,646.686560,59.954144,0.010293,1,0
24.067000,-59.287373,205855.369514,-179.498942,206451.948741,60.587653,206235.725474,98.440294,643.854779,-21.666797,652.820168,-141.506670,645.135958,59.963349,-0.000103,1,0
24.100000,-59.258341,206658.216897,-179.297847,206745.502454,60.765892,205861.776008,98.841534,649.745941,-21.604078,650.071337,-141.223197,649.305298,59.952729,0.001221,1,0
24.133000,-59.242205,206471.209016,-179.316537,206012.039106,60.568753,206804.306125,98.798237,644.685125,-21.258057,649.766324,-141.332939,646.141140,59.961483,-0.001229,1,0
24.167000,-59.210171,205014.395119,-179.303376,205158.342042,60.525742,207269.051298,98.955301,649.444976,-21.347116,643.254517,-141.626322,653.347612,59.956329,-0.000367,1,0
24.200000,-59.391966,204611.722564,-179.420521,206308.097486,60.865394,206339.197370,98.647311,642.247176,-21.547085,645.396125,-141.544835,648.621699,59.948312,-0.005780,1,0
24.233000,-59.159811,206694.898524,-179.438974,205434.942375,60.796462,204964.701471,98.689441,647.603297,-21.729539,647.099709,-140.998556,644.462376,59.960163,-0.003199,1,0
24.267000,-59.328094,205302.593102,-179.317328,204123.591278,60.619432,205715.403554,98.860597,641.503597,-21.538623,644.602573,-141.434260,647.885172,59.958891,-0.000652,1,0
24.300000,-59.099667,205004.089637,-179.308521,205926.942150,60.550567,205723.715692,99.040983,657.834089,-21.220713,646.765688,-141.100985,648.557908,59.963144,-0.007008,1,0
24.333000,-59.333104,205667.655893,-179.267092,205166.562141,60.695991,206835.082156,98.834414,647.661112,-21.151337,649.939714,-141.565533,648.558116,59.957467,-0.010597,1,0
24.367000,-59.234906,203747.267074,-179.097618,205038.122555,60.823310,205712.385274,98.928713,650.110064,-21.257300,651.795637,-141.036268,648.103973,59.957705,-0.005454,1,0
24.400000,-59.254113,206221.382535,-179.026747,206792.288221,60.933295,204178.384434,98.753460,647.430206,-21.129557,645.688010,-141.247223,649.056410,59.956052,0.011579,1,0
24.433000,-59.428980,205005.617905,-179.176591,204573.340984,60.765950,206955.359506,98.287571,657.379428,-21.255805,647.407621,-141.257401,653.004151,59.958796,-0.009333,1,0
24.467000,-59.194552,205278.570804,-179.095922,206255.241802,60.994240,206108.045600,98.883067,651.568629,-20.999116,645.051742,-140.849825,648.057004,59.958389,-0.003902,1,0
24.500000,-59.156404,204951.991011,-179.307154,205812.074883,60.719895,203990.763071,98.819687,647.071416,-21.423552,645.371906,-141.262832,648.823522,59.959606,0.003222,1,0
24.533000,-59.077622,206845.696799,-179.067796,205497.322905,60.788717,205570.731427,98.812677,645.554946,-21.107850,649.372268,-141.339474,648.144647,59.950633,-0.007301,1,0
24.567000,-59.233954,207584.001237,-179.191689,205167.539423,60.704808,206533.143399,98.470016,651.102042,-20.802741,651.767659,-141.015254,652.659404,59.951086,-0.004309,1,0
24.600000,-59.348054,205564.381851,-179.216026,204577.276748,60.830572,204878.454667,98.877707,653.275097,-21.167720,659.309301,-141.293188,649.460679,59.952141,-0.003446,1,0
24.633000,-59.158546,204672.864725,-179.284510,205233.796575,60.736334,206332.435003,98.890187,653.310263,-21.409949,651.697909,-141.426594,649.357290,59.951456,0.004690,1,0
24.667000,-59.100203,205164.996360,-179.307013,205380.187312,60.569623,204748.341700,99.021310,636.846624,-21.145411,647.789390,-141.481273,657.868868,59.949378,0.001846,1,0
24.700000,-59.250316,207145.306382,-179.226790,206687.060608,60.896212,205018.201212,98.729786,646.571045,-21.026376,641.100985,-141.244695,649.267405,59.949819,0.002177,1,0
24.733000,-59.153586,205115.984225,-178.975289,207906.844912,60.797004,206452.654778,98.562604,650.102003,-21.397521,647.977652,-141.113348,644.601608,59.954164,-0.000178,1,0
24.767000,-59.281529,206221.024365,-179.185639,205139.799143,60.752385,207432.922610,98.717541,641.426032,-21.564514,644.569335,-141.079526,645.891176,59.950775,0.003003,1,0
24.800000,-59.192103,204866.955936,-179.189844,204466.016112,60.956829,205605.051952,98.829404,646.153302,-21.050006,643.732018,-140.900914,645.149939,59.952561,-0.010723,1,0
24.833000,-59.160282,203931.334833,-179.163740,206805.964930,60.847920,205387.625987,98.836416,643.580051,-21.096860,648.706013,-141.176044,649.016181,59.949388,0.004463,1,0
24.867000,-59.164767,205453.491939,-179.161815,205608.571464,60.888257,204859.296011,98.217219,646.671287,-21.065106,644.968083,-141.255916,651.537383,59.945661,-0.005432,1,0
24.900000,-59.001778,205902.412002,-179.105986,204927.584325,60.938605,205208.304269,99.148199,639.780126,-20.970095,642.515074,-140.890504,645.484267,59.942770,0.007573,1,0
24.933000,-59.171505,205683.578040,-178.895495,206291.053032,60.855821,205733.418289,98.848225,638.166117,-20.998715,647.541780,-141.184420,646.727023,59.940453,0.011217,1,0
24.967000,-59.155439,206932.841979,-179.133811,204907.157814,61.016974,204839.588617,98.813469,643.085593,-20.802171,644.757589,-140.789954,645.605317,59.948255,0.003541,1,0
25.000000,-59.069691,205306.774399,-179.228324,206380.543707,60.873264,204959.362764,98.731216,645.603890,-21.301788,647.760479,-141.368103,655.537621,59.938946,-0.011606,1,0
25.033000,-59.052205,205178.424684,-178.940601,205480.824652,61.023695,206751.305634,99.118707,654.752442,-20.883062,645.019827,-141.099750,637.994798,59.935932,-0.011261,1,0
25.067000,-59.073538,205153.374706,-179.135115,206233.937267,61.067705,205289.227368,98.973345,645.955791,-21.405500,643.910698,-140.901315,643.885732,59.941817,-0.004409,1,0
25.100000,-59.023237,203758.119895,-179.246582,206041.289882,60.957897,206010.063299,98.874917,642.118229,-21.397755,650.277325,-141.022325,651.582780,59.940269,-0.008294,1,0
25.133000,-58.956111,204816.231315,-179.141681,204925.052677,60.705180,205934.180555,99.067458,647.158202,-21.152348,642.078976,-141.280147,642.543568,59.941978,0.000050,1,0
25.167000,-58.981288,204403.224874,-179.274726,207074.249765,61.045747,205723.173674,99.134401,645.463086,-21.450226,644.494603,-140.857985,644.871511,59.945365,0.003682,1,0
25.200000,-58.940363,204952.571906,-179.012214,206755.196270,60.868517,204528.054883,98.916964,648.460901,-21.022967,638.026590,-141.223158,647.500236,59.941162,0.002190,1,0
25.233000,-58.859359,205594.907246,-179.058991,202921.019593,61.312913,205579.944265,99.359873,639.731877,-20.590120,640.683680,-141.123279,644.023321,59.940627,0.009453,1,0
25.267000,-59.071870,206743.370646,-178.916206,203903.498971,60.997685,206084.652967,98.814510,644.479184,-20.859472,646.729618,-141.287002,652.085636,59.945803,0.002997,1,0
25.300000,-58.852761,207144.013951,-179.189339,206494.872854,60.905572,206496.616172,99.361166,642.225776,-21.215747,640.694912,-141.162327,641.693891,59.942303,-0.012515,1,0
25.333000,-58.940819,205350.537101,-178.974669,205237.550766,60.959752,206105.219760,98.995473,644.637448,-21.063672,644.293972,-141.410167,647.065818,59.942356,-0.000359,1,0
25.367000,-58.824474,204599.555508,-179.066915,206204.291152,60.840681,206687.403618,99.084652,646.529276,-20.707086,646.792108,-141.072990,640.661595,59.945077,-0.005688,1,0
25.400000,-58.890966,204867.786245,-179.066231,206272.310802,61.047774,206705.776578,99.070269,646.196917,-21.233299,642.221396,-140.834803,647.109512,59.949558,0.000384,1,0
25.433000,-58.901416,205996.138847,-178.949006,205837.421976,60.981533,206483.054720,99.207184,640.116629,-20.503329,642.436671,-141.097925,645.720167,59.947873,0.003487,1,0
25.467000,-59.122406,206139.912857,-178.996798,206562.113770,60.760640,206041.724232,98.708443,648.213808,-21.056290,647.924553,-140.979437,652.756297,59.945134,0.006928,1,0
25.500000,-59.105090,206631.980539,-178.970726,206904.767457,60.820967,205243.499958,98.859192,655.597530,-20.837959,647.750307,-140.970555,643.227513,59.943097,0.011240,1,0
25.533000,-59.038554,205481.285802,-179.059664,207282.736615,60.784966,205698.921057,99.010378,648.890102,-21.186655,647.147097,-141.020474,647.135821,59.941596,-0.000756,1,0
25.567000,-58.953739,205328.590559,-179.112558,205579.058988,61.001357,206979.960258,98.770372,647.041435,-20.990914,654.803823,-141.009198,644.789383,59.947747,-0.003926,1,0
25.600000,-59.188388,204678.389025,-178.842557,206195.904985,60.955651,206208.763784,98.906169,650.829007,-20.858622,655.788832,-141.005474,654.372167,59.941227,0.004186,1,0
25.633000,-59.002276,207784.578845,-179.176610,205602.443473,60.859329,206188.184266,98.851267,654.305551,-20.954463,647.361192,-141.242384,653.036152,59.942115,-0.005027,1,0
25.667000,-59.228082,207393.752711,-179.116497,207114.191590,61.022452,207527.639746,98.729397,651.823409,-20.915833,656.650665,-140.871450,656.178247,59.954670,0.009671,1,0
25.700000,-59.105865,207770.847053,-179.039593,207949.703389,61.166544,207559.534695,98.911673,664.668008,-21.133837,655.038334,-141.006391,654.754815,59.954401,0.000393,1,0
25.733000,-59.069049,206825.156557,-179.178429,204963.549787,60.974656,205499.986394,98.671521,658.255640,-21.121053,655.203101,-141.063008,656.731774,59.952162,0.008175,1,0
25.767000,-58.917737,203461.556927,-178.915665,207684.197410,61.043737,205964.487694,99.228369,661.812418,-20.538179,661.981784,-141.067624,660.310688,59.956265,-0.003733,1,0
25.800000,-59.033936,205806.828043,-179.017504,208325.712622,61.016269,205527.843312,99.007087,658.667679,-21.125067,658.257226,-141.105722,662.307005,59.954051,0.001576,1,0
25.833000,-59.033845,206037.406540,-178.976913,206712.829883,61.086380,206299.331834,98.969699,665.313763,-21.160151,663.994528,-140.998730,661.764126,59.954554,-0.006690,1,0
25.867000,-58.723456,206695.030762,-179.078263,206662.484435,60.790161,205761.544279,99.518849,665.530031,-21.139768,663.677116,-141.534801,660.144202,59.960913,-0.004568,1,0
25.900000,-59.031023,207261.205312,-178.847224,207341.346627,60.950516,206856.745437,99.014746,658.367966,-20.823609,660.850664,-140.905147,664.791849,59.955170,0.009874,1,0
25.933000,-59.079146,205542.197005,-179.082517,206585.705228,60.842958,206830.417896,99.209208,651.665402,-20.937884,659.379930,-141.461797,659.885543,59.959112,-0.001015,1,0
25.967000,-59.225247,204398.712819,-179.159715,205992.995337,60.921672,206978.055786,98.970120,655.952047,-21.225742,662.165111,-141.110165,659.359213,59.959405,-0.004157,1,0
26.000000,-59.132265,205442.790748,-179.061437,206756.039940,61.082107,205750.722624,99.049143,650.826605,-21.014931,656.944788,-140.891646,652.518065,59.959613,0.004655,1,0
26.033000,-58.906493,205892.880919,-178.889110,206682.851531,61.084043,207489.002691,98.881197,657.702712,-20.667347,656.080588,-140.886800,661.069912,59.949150,0.005885,1,0
26.067000,-58.998739,206456.142427,-178.986582,205603.460748,60.963277,206253.422810,98.783961,657.512290,-20.986216,656.882337,-141.187790,658.873389,59.953016,0.006197,1,0
26.100000,-58.963222,205413.169565,-179.093566,207096.435711,60.822841,207888.864957,98.777925,657.339780,-21.185096,660.494687,-140.702161,656.983703,59.949032,-0.002211,1,0
26.133000,-59.117542,204704.856873,-179.103113,205571.633177,60.987461,206268.071069,98.819101,651.784368,-20.980104,664.571964,-141.092028,650.806620,59.959300,0.010053,1,0
26.167000,-58.876418,207145.988008,-179.037108,206479.595522,60.944882,207816.926852,98.967192,653.372483,-20.945768,652.476869,-141.087101,659.791042,59.961850,-0.007505,1,0
26.200000,-59.088692,206194.910526,-179.070370,206462.882314,60.932985,207210.729168,98.853174,651.723859,-21.216272,646.905769,-141.228355,658.052567,59.957941,0.002225,1,0
26.233000,-59.089577,206456.736738,-179.099784,206682.528490,61.047816,208597.435406,98.839243,650.363554,-21.435807,650.865326,-141.002936,655.875303,59.969969,-0.010805,1,0
26.267000,-59.167524,205104.826853,-179.066943,206656.615621,60.922298,206900.838013,98.533219,656.107608,-21.104328,652.731193,-141.162313,651.885133,59.957284,0.002734,1,0
26.300000,-59.049154,205194.244281,-179.095864,206160.154455,60.790243,206740.146559,98.907088,655.102871,-20.937184,660.929467,-141.348315,656.192046,59.962958,0.000623,1,0
26.333000,-58.936579,206688.809812,-179.081345,205188.300972,60.884998,206563.244088,98.834807,650.034750,-21.259758,650.008491,-141.260358,650.577224,59.970679,-0.001420,1,0
26.367000,-59.001062,206235.605582,-179.102962,206038.388425,60.924891,206052.380549,99.110297,657.827472,-21.216527,656.138409,-141.135366,655.778449,59.968245,-0.015488,1,0
26.400000,-59.148479,205953.953777,-178.976844,206319.679377,61.082180,207405.289243,98.769952,653.742488,-21.180005,657.536729,-141.108796,654.348173,59.966230,0.003790,1,0
26.433000,-59.032366,207180.243651,-179.072873,208407.411838,61.177184,206713.068317,98.867041,662.854606,-20.853598,650.755086,-140.706193,656.782287,59.967841,0.008013,1,0
26.467000,-58.905078,207954.240971,-179.204858,205930.932916,61.001656,208010.852664,99.099266,655.739602,-21.159681,656.065513,-141.071942,654.984482,59.963312,0.016599,1,0
26.500000,-59.221565,207769.019636,-179.278196,207631.122220,60.766961,206760.869789,98.756918,651.013260,-21.154637,655.379695,-141.105790,653.553742,59.968725,0.002318,1,0
26.533000,-59.200594,207988.293839,-179.222755,206424.695476,60.820739,206360.722518,99.164522,657.136256,-20.876590,654.787231,-141.122963,658.524826,59.965273,0.005044,1,0
26.567000,-59.154423,206433.587737,-179.024911,207081.959692,60.752140,205315.766466,98.416459,658.239052,-21.073852,658.181680,-141.620257,658.413093,59.971637,0.002899,1,0
26.600000,-59.289259,205801.724234,-179.347470,207608.920560,60.728034,207387.589922,98.800250,657.262427,-21.042910,658.487840,-141.305051,655.721904,59.982272,-0.007065,1,0
26.633000,-59.181056,207818.504921,-179.110189,207368.838973,60.839890,206361.508719,98.933091,654.675948,-21.362445,650.658890,-140.987326,655.882040,59.975993,0.004714,1,0
26.667000,-59.167178,205021.345002,-179.168555,206684.307271,60.969405,206438.785611,98.741273,653.107215,-21.412614,655.286866,-141.117651,658.184543,59.974168,-0.001300,1,0
26.700000,-59.202279,206702.058694,-179.023523,205891.902217,60.867345,206859.594637,99.132089,648.581860,-21.461095,652.883758,-141.486920,657.650110,59.978348,-0.002883,1,0
26.733000,-59.186598,207175.472376,-179.311639,205134.387531,60.904528,207322.266189,99.045286,658.797520,-21.422752,654.220978,-141.134643,647.650810,59.969431,-0.003233,1,0
26.767000,-59.318085,206756.806259,-179.302308,205965.684714,60.810161,206302.984278,98.463996,656.990118,-21.103835,652.589407,-141.128839,659.688814,59.967765,-0.018050,1,0
26.800000,-59.353788,206819.494564,-179.304743,206820.434162,60.748943,205966.972509,98.708814,651.708546,-21.136797,658.657040,-141.377992,649.153516,59.969311,0.002070,1,0
26.833000,-59.276082,206188.343334,-179.410735,207935.453082,60.737963,206328.210071,98.610842,659.453295,-21.382574,655.029976,-141.592788,658.871709,59.969349,-0.003175,1,0
26.867000,-59.265922,206714.596140,-179.359458,207387.859854,60.802407,206236.397127,98.670186,657.645561,-21.389200,654.815879,-141.432065,651.017673,59.969358,0.005399,1,0
26.900000,-59.400183,207139.015157,-179.436614,206981.795544,60.821496,207002.106941,98.441427,656.332842,-21.773475,653.397408,-141.143184,649.580128,59.977562,0.001723,1,0
26.933000,-59.201590,205703.116250,-179.132559,207034.985808,60.747224,207606.996433,98.735693,658.694719,-21.038500,654.099237,-141.302855,662.775948,59.968793,0.001917,1,0
26.967000,-59.283654,206188.798400,-179.245601,205317.498170,60.755841,206997.197143,98.745320,654.093674,-21.314643,657.369277,-141.463502,655.972606,59.972713,-0.015906,1,0
27.000000,-59.393462,207195.292671,-179.292355,205991.048623,60.674800,207148.243537,98.527059,655.040258,-21.489253,656.581428,-141.418499,657.349174,59.965695,0.007486,1,0
27.033000,-59.197524,204691.166265,-179.097763,206259.617660,60.838456,205524.644906,98.582098,659.211121,-20.713188,657.690105,-141.040165,653.465714,59.969336,0.013810,1,0
27.067000,-59.120423,206535.907796,-179.131342,206739.011877,60.779600,206872.359351,98.858487,661.315717,-21.376986,659.334949,-141.367858,656.367362,59.969755,0.011509,1,0
27.100000,-59.241582,207711.996316,-179.158062,207687.822389,60.632552,206835.984932,98.675705,656.484737,-21.275579,654.215655,-141.496923,660.262156,59.969152,0.006861,1,0
27.133000,-59.207838,207628.336748,-179.401514,205581.290809,60.681066,205138.038358,98.671830,654.352286,-21.522839,654.894183,-141.166472,656.326932,59.958803,-0.000786,1,0
27.167000,-59.432942,205359.043417,-179.379921,206599.110103,60.663316,207826.197301,98.741954,660.598286,-21.588898,652.490525,-141.468782,651.338791,59.961285,0.002146,1,0
27.200000,-59.301089,205639.905100,-179.103778,205492.561064,60.692121,205656.185295,98.820237,659.154787,-21.268704,662.789884,-141.016556,657.596207,59.961344,0.006398,1,0
27.233000,-59.262202,204760.279079,-179.201487,207061.504893,60.727944,206474.698304,98.663257,653.005380,-21.399573,658.744626,-141.315173,655.739304,59.963890,-0.008361,1,0
27.267000,-59.307616,206872.476660,-179.272395,205139.568197,60.621733,207454.751238,98.738222,650.805581,-21.407749,658.191361,-141.361514,649.677732,59.965883,-0.006843,1,0
27.300000,-59.268831,207104.993697,-179.229294,206445.430313,60.638944,206882.742167,98.591610,657.321172,-21.312573,658.166911,-141.595736,660.308304,59.966195,-0.001673,1,0
27.333000,-59.264692,204288.997728,-179.303848,208049.110059,60.836319,207147.844734,98.496694,659.239343,-21.339548,649.898910,-141.253119,658.857059,59.966774,0.012597,1,0
27.367000,-59.027266,205128.268533,-179.127141,204601.820800,60.818517,204583.201540,99.117940,655.524811,-21.358822,660.033912,-140.977331,658.072336,59.976763,0.008818,1,0
27.400000,-59.241824,206881.659617,-179.313722,206572.545081,60.788175,205681.792073,98.952942,659.362245,-20.993872,655.288943,-141.263274,653.524711,59.971008,-0.000850,1,0
27.433000,-59.078388,207757.123486,-179.218896,207418.146841,60.588274,206884.591714,99.145598,655.789352,-21.727502,655.849253,-141.429803,655.767815,59.969601,0.009216,1,0
27.467000,-59.037140,206888.539881,-179.348915,206313.276048,60.552244,206130.022154,99.113721,661.930132,-21.478661,660.712582,-141.643075,658.507023,59.973910,0.005519,1,0
27.500000,-59.374021,207391.905433,-179.257859,208023.231731,60.776566,205372.370697,98.791272,659.701566,-21.516014,653.654078,-140.677849,654.160484,59.967322,-0.005644,1,0
27.533000,-59.135889,207091.930261,-179.032917,208015.868498,60.855518,205787.149641,99.083161,661.140483,-21.358668,654.099698,-141.169604,657.643601,59.971311,0.001530,1,0
27.567000,-59.099045,206176.846617,-179.242406,207062.722626,61.026809,207474.410496,98.966733,659.956341,-21.025999,658.688777,-140.661025,663.839100,59.969703,-0.008600,1,0
27.600000,-59.157788,205639.186497,-179.027610,206744.123261,60.885043,207881.671891,98.772935,659.726641,-20.730834,664.900886,-141.076136,654.797906,59.975811,0.006759,1,0
27.633000,-59.196112,206952.456954,-178.903380,205674.598574,60.823944,206311.723179,98.850478,662.097701,-20.881427,668.413752,-140.942022,666.069410,59.966235,0.001592,1,0
27.667000,-59.182386,205990.043828,-179.144428,208031.214658,60.877604,206576.534164,98.712004,666.346662,-21.026229,658.119035,-141.017728,670.244849,59.960144,-0.002543,1,0
27.700000,-59.291616,208610.253505,-179.106631,206150.513837,61.016234,207503.768871,99.003143,664.732394,-20.886025,666.913798,-141.073299,660.243057,59.959954,0.010469,1,0
27.733000,-59.444601,206325.235334,-179.198136,207400.221850,60.937153,205705.361959,98.561692,665.460878,-21.028739,665.009501,-140.747283,668.636264,59.963478,0.004052,1,0
27.767000,-59.110709,207854.272285,-179.292785,207962.079457,60.898772,207523.946063,98.923197,661.393530,-21.472340,652.245813,-141.058082,663.806992,59.962025,-0.004531,1,0
27.800000,-59.276606,208087.817478,-179.237499,206587.875112,60.811845,206434.909051,98.805502,661.468769,-21.483562,660.798554,-141.145613,663.097656,59.962520,-0.008193,1,0
27.833000,-59.246229,206735.507053,-179.214158,206772.020947,60.991325,206319.109299,98.566713,661.423228,-21.161263,662.301400,-140.668485,658.335272,59.959152,-0.002591,1,0
27.867000,-59.145115,205885.731900,-179.303018,206557.515278,60.782090,206282.079609,98.915188,659.932634,-21.335470,659.907295,-141.427259,662.421811,59.962874,-0.003983,1,0
27.900000,-59.117136,206228.092366,-179.149539,208153.274604,60.889282,205099.196639,99.005567,661.459500,-21.104701,667.297316,-141.009547,667.209041,59.966894,-0.002218,1,0
27.933000,-59.278903,207165.686587,-179.309178,208261.928642,60.805838,205358.787476,99.148268,661.979158,-21.366002,670.487632,-141.251358,655.852905,59.962831,0.013372,1,0
27.967000,-59.234172,207249.790030,-179.015954,207596.433864,60.738396,207816.438374,98.817757,660.077723,-21.236521,664.673141,-141.271767,664.207667,59.968944,0.000735,1,0
28.000000,-59.296445,206118.425754,-179.286821,206331.398445,60.843432,206769.075119,98.442987,661.401744,-21.163377,655.733527,-141.061224,652.592534,59.968463,-0.000541,1,0
28.033000,-59.144623,208039.906978,-179.226507,207519.182187,60.817296,206141.627064,98.844601,669.448629,-21.020354,661.988057,-141.545334,663.971956,59.970738,0.005891,1,0
28.067000,-59.159557,205585.324362,-179.066944,207482.734290,60.935040,206365.799638,98.918333,669.843876,-20.908660,665.697288,-140.985677,664.712895,59.968292,-0.012687,1,0
28.100000,-59.272779,207060.194020,-179.157892,206752.776711,60.791181,208128.799576,98.643247,666.636970,-21.111257,668.778095,-141.086739,667.092051,59.963625,-0.007074,1,0
28.133000,-59.028543,206295.343225,-179.268058,206241.001760,60.786308,206153.027625,98.596847,661.232079,-21.288483,667.235479,-141.433933,665.581903,59.960747,-0.001911,1,0
28.167000,-59.292184,206595.830463,-179.101950,206987.264560,61.018876,207257.174063,98.811809,667.646209,-20.898929,669.177299,-141.049484,665.882511,59.967845,0.002465,1,0
28.200000,-58.900740,206353.733241,-179.162852,206536.639091,60.951977,208381.653568,99.403508,665.167941,-21.331032,671.649488,-141.131257,670.346149,59.968166,-0.004582,1,0
28.233000,-59.062426,206748.670984,-179.166995,207494.718400,60.816781,207190.536368,99.081086,660.567003,-21.216948,673.316670,-141.220883,661.356163,59.965321,-0.001571,1,0
28.267000,-59.184488,206277.061651,-179.118626,206955.990212,60.942014,207056.253504,99.112928,661.839812,-21.226106,668.780872,-141.103414,667.779215,59.966294,0.005996,1,0
28.300000,-58.993091,206734.356035,-179.308482,206622.109650,60.977720,205283.416367,99.199376,664.390461,-21.199899,667.259690,-140.906539,665.469524,59.965548,-0.002733,1,0
28.333000,-59.187046,204780.080320,-179.189819,205138.868381,60.879682,207388.637623,98.688554,669.046568,-21.227894,667.666518,-141.105375,660.104438,59.970361,-0.000922,1,0
28.367000,-59.238795,206786.291140,-179.139244,205762.074994,60.861950,205853.279166,98.803741,658.557129,-21.133425,660.843131,-141.431511,661.445080,59.967177,0.006650,1,0
28.400000,-59.180335,206026.993105,-179.148817,205560.860319,60.721643,207329.310883,99.064741,661.074526,-21.136365,663.327514,-141.324535,666.661233,59.969736,0.011889,1,0
28.433000,-59.215769,206458.349478,-179.138496,205698.068043,60.798769,205411.627398,98.738599,665.420122,-21.222879,669.799023,-141.292910,669.132727,59.973243,0.006844,1,0
28.467000,-59.377448,206855.583699,-179.257612,207926.871590,60.881798,206593.118419,98.576229,666.654903,-21.086232,670.819993,-141.002799,669.096213,59.974462,0.000639,1,0
28.500000,-59.073205,206865.795965,-179.328697,205442.331385,60.798878,206628.028623,99.153569,669.506160,-21.259883,665.493085,-141.252263,666.135894,59.969301,-0.009717,1,0
28.533000,-59.073255,205874.019488,-179.185573,206634.560877,60.755295,205945.188386,98.775691,667.641231,-21.057620,667.369307,-140.740471,672.061368,59.970696,0.000450,1,0
28.567000,-59.231841,207042.325148,-179.102791,206878.876128,61.093176,204615.471734,98.782875,669.095948,-20.914705,662.797168,-140.779547,671.504623,59.970198,-0.006380,1,0
28.600000,-59.063865,203792.698998,-179.208881,207743.753361,60.883998,205198.709098,98.620983,661.890553,-20.948158,660.415033,-140.971079,668.596528,59.971855,-0.004461,1,0
28.633000,-59.106979,206812.242550,-179.192694,208050.593344,60.747359,205563.027988,98.845222,670.936279,-21.114651,671.660024,-141.283006,670.125396,59.973447,-0.008107,1,0
28.667000,-59.082419,205372.295511,-179.015815,205563.678245,60.848137,205891.088886,98.701561,666.312507,-21.096573,667.662550,-141.302869,666.254105,59.976133,0.000119,1,0
28.700000,-59.099506,206310.580016,-179.196760,206010.506094,60.901636,207596.649889,98.583569,677.717365,-21.146787,667.613913,-141.313223,663.717587,59.973761,-0.001447,1,0
28.733000,-59.269557,207294.864339,-179.027113,205953.912155,61.014123,205929.060367,98.463109,673.452006,-20.970509,672.167086,-140.943033,666.944832,59.973440,0.005138,1,0
28.767000,-59.172505,206143.962106,-179.197880,206940.431544,60.735939,205786.689230,98.826518,665.253176,-20.785904,673.061516,-141.173868,666.115557,59.979030,0.000521,1,0
28.800000,-58.949403,207019.752461,-179.149099,205326.048674,60.962835,205635.289840,99.221065,668.484912,-21.393379,667.900097,-141.072430,668.689450,59.980315,-0.005090,1,0
28.833000,-58.968926,206689.965544,-179.250326,207378.047576,60.920272,206387.730412,99.077879,672.709429,-21.192252,670.425323,-140.941745,671.349012,59.986653,0.012365,1,0
28.867000,-58.830483,205994.276679,-179.073256,206917.482265,61.051602,205678.472430,99.111754,662.009258,-20.695204,668.083568,-141.052262,667.205441,59.979791,-0.007954,1,0
28.900000,-59.162240,206341.923363,-179.207644,205263.694855,60.813738,207950.888731,98.628274,671.017007,-21.390474,671.013098,-141.081789,671.392969,59.982432,-0.003767,1,0
28.933000,-59.194038,207085.059287,-179.216561,207307.112306,60.893807,208420.909659,98.938217,672.849173,-21.131384,669.671017,-140.989404,670.749852,59.979444,-0.007287,1,0
28.967000,-59.360864,207278.993001,-179.312542,208404.194336,60.814424,205844.917826,98.568573,673.234789,-21.363407,671.228237,-141.488068,668.523178,59.978403,0.000916,1,0
29.000000,-59.174022,206183.013075,-179.095177,204994.500319,60.903124,207116.022999,99.042947,668.321823,-21.140835,668.066690,-140.990761,673.715442,59.976539,-0.002209,1,0
29.033000,-59.103672,205932.880199,-179.223685,207418.382065,60.656606,205182.385625,98.684864,672.300825,-20.950972,672.261527,-141.124319,672.205095,59.987511,0.002739,1,0
29.067000,-59.089893,205789.748755,-179.156953,207120.787189,60.821041,205818.587154,98.885194,667.316543,-21.285378,672.671283,-141.294493,670.160066,59.986497,-0.007561,1,0
29.100000,-59.169634,205978.302102,-179.186184,205556.263616,60.902168,205541.536730,99.013895,673.587776,-21.541881,673.173210,-141.229290,670.025114,59.982776,0.001420,1,0
29.133000,-58.985094,206497.096696,-179.121489,205912.684951,60.891578,205579.759156,98.859650,678.239217,-21.005092,664.431460,-141.281718,672.509890,59.985162,0.001385,1,0
29.167000,-59.104674,207614.938350,-179.188686,207457.156233,61.042962,205598.835032,98.874842,674.983147,-21.042027,673.039759,-141.006463,675.432888,59.982420,-0.012077,1,0
29.200000,-59.081982,205410.297542,-179.321033,208172.681044,60.830389,208016.290227,98.940481,668.124080,-21.290565,669.225445,-140.944895,667.188209,59.981923,-0.015137,1,0
29.233000,-59.300546,206804.398640,-179.032431,205406.461574,60.801712,207592.664245,98.912662,674.494729,-20.836579,675.186641,-141.152959,675.826540,59.981932,0.006881,1,0
29.267000,-58.994614,206618.713947,-179.036802,206739.584109,60.934076,207103.100203,98.959434,673.583855,-21.332609,671.340149,-141.296960,674.158700,59.976572,0.004097,1,0
29.300000,-59.256421,206644.278894,-179.101545,204206.901335,60.987294,206900.642615,98.596125,663.058406,-21.064220,674.170338,-140.993975,671.246072,59.969023,-0.006316,1,0
29.333000,-59.163846,206243.559545,-179.191851,206315.842581,61.106334,206254.797694,98.719719,664.766670,-21.303554,671.798748,-140.725321,672.629699,59.976824,-0.005108,1,0
29.367000,-59.098417,206758.279956,-179.060392,206235.667464,60.842405,206075.631721,98.827516,668.760606,-21.399297,670.603029,-141.097647,674.320052,59.978090,-0.009668,1,0
29.400000,-59.059066,208030.646678,-179.166439,206712.047724,60.906558,207404.378361,99.020087,672.022664,-21.115818,670.778119,-141.198979,674.287800,59.979760,0.001904,1,0
29.433000,-59.197795,207808.060384,-179.120794,207498.307896,60.892405,207938.389474,99.138509,668.776981,-21.073527,672.125896,-141.067580,670.253417,59.971881,-0.002349,1,0
29.467000,-59.193679,207506.769546,-179.090379,209666.948572,60.873318,206708.955008,99.033506,673.885973,-21.061044,670.411814,-141.421889,672.350974,59.971724,-0.008380,1,0
29.500000,-59.000623,206901.409831,-179.251500,207330.398667,61.022663,207933.639486,98.723664,679.084408,-21.304599,674.987826,-141.018657,670.604289,59.970612,-0.002594,1,0
29.533000,-59.050520,206617.974667,-179.072070,206314.191312,60.649285,206764.781945,98.948751,668.500207,-21.013271,676.588138,-141.008903,671.633994,59.970161,0.001943,1,0
29.567000,-59.071805,207156.824511,-179.047747,208576.153377,60.884525,206713.709669,98.677611,667.892361,-20.854679,667.425936,-141.076279,676.466184,59.975830,-0.001041,1,0
29.600000,-59.051449,207865.650676,-178.802495,207029.518314,60.891490,208434.366534,98.787411,664.327196,-20.828755,669.192702,-141.088001,667.044228,59.968765,0.009077,1,0
29.633000,-59.031755,206262.769998,-179.240586,206593.413864,60.933169,206067.844468,99.281199,662.522838,-21.297670,663.568061,-141.085178,665.845853,59.972363,0.005922,1,0
29.667000,-59.135186,207959.713364,-179.061686,208305.291047,60.917431,208883.991409,98.834455,668.708862,-21.001810,668.678520,-140.915925,671.153083,59.971806,0.006594,1,0
29.700000,-58.934252,207732.011644,-179.125272,208183.967503,60.880270,207464.812595,99.125247,662.949257,-21.014642,661.185794,-141.074477,667.675633,59.967477,-0.003761,1,0
29.733000,-58.891287,206162.905311,-179.228689,208592.733211,60.974865,206896.040758,99.299421,671.197889,-21.253402,670.299014,-140.542684,666.480231,59.965396,-0.003141,1,0
29.767000,-58.969423,207339.439464,-179.115778,207720.123394,60.967102,207453.583798,99.108371,669.508166,-21.257590,665.821479,-141.046045,662.857395,59.974299,0.004604,1,0
29.800000,-59.095246,207760.864804,-178.850519,206735.933282,60.906701,208478.171312,99.112068,678.843877,-20.818795,668.871386,-141.077095,666.084529,59.966689,0.000920,1,0
29.833000,-58.894007,207864.832012,-179.121654,207034.826432,60.993155,206990.657833,99.009716,669.864592,-21.181075,671.947417,-140.930496,667.940768,59.975573,-0.002970,1,0
29.867000,-58.998397,207893.579830,-179.089714,207416.834071,60.834286,205157.339150,98.679331,665.656442,-21.296646,668.036386,-141.054283,663.056806,59.974315,-0.003124,1,0
29.900000,-58.974455,205719.249163,-179.024133,206989.450809,60.928657,206787.581008,99.273828,672.224733,-21.015125,674.239966,-140.771239,670.650561,59.963952,-0.002990,1,0
29.933000,-58.847421,206587.298014,-178.944903,207714.293006,60.956870,206410.692073,99.143256,671.126267,-21.344359,671.289100,-141.007815,670.837815,59.967156,-0.011146,1,0
29.967000,-58.931776,205917.742683,-179.055650,207682.601394,61.089490,205140.752008,98.895527,664.341338,-20.840080,669.433980,-141.035843,665.917296,59.965469,0.011388,1,0
30.000000,-59.026141,205593.812509,-178.972716,206430.375213,61.035169,205534.403735,98.926534,672.270262,-21.024441,666.286152,-141.120379,667.283959,59.972332,0.009436,1,0
