TIMESTAMP,BUS20_VA_ANG,BUS20_VA_MAG,BUS20_VB_ANG,BUS20_VB_MAG,BUS20_VC_ANG,BUS20_VC_MAG,BUS20_IA_ANG,BUS20_IA_MAG,BUS20_IB_ANG,BUS20_IB_MAG,BUS20_IC_ANG,BUS20_IC_MAG,BUS20_Freq,BUS20_ROCOF,DATA_PRESENT,Event
0.000000,-59.214284,205580.163233,-178.772624,207001.047937,60.823978,206750.506934,98.590595,651.863998,-20.835292,658.769633,-141.056023,650.224758,59.973946,-0.009435,1,0
0.033000,-58.840889,206249.786242,-179.068722,208079.209281,60.910029,204703.192626,99.124704,655.733937,-21.164631,656.233452,-141.099280,652.709341,59.980538,0.003048,1,0
0.067000,-59.055160,206531.007225,-179.008515,209371.614475,61.093669,207413.435095,99.219000,649.913980,-20.971774,654.528562,-141.179891,657.344561,59.972519,0.004737,1,0
0.100000,-59.205902,207741.898495,-179.223357,205732.255177,60.984707,208049.116060,98.853612,657.441253,-21.079678,658.087345,-140.859825,658.499579,59.981582,0.019067,1,0
0.133000,-58.945689,206347.529525,-179.056516,208261.046756,61.031943,206657.405914,99.083751,655.972102,-20.859925,658.258460,-141.391175,663.460207,59.987728,0.005147,1,0
0.167000,-59.030899,206461.752114,-179.086433,207316.555603,61.173924,206214.487862,99.232380,666.793250,-21.305032,657.355387,-141.068289,661.173502,59.978672,0.015985,1,0
0.200000,-59.062626,206740.693593,-179.086601,205181.729678,61.086599,206281.887791,99.051176,656.878487,-20.898758,652.983758,-140.724759,660.245908,59.985091,0.012769,1,0
0.233000,-59.050137,207664.137658,-178.985638,205286.876270,60.772947,205744.185801,98.523393,665.778409,-20.877502,663.567729,-141.294982,664.602817,59.987906,-0.010290,1,0
0.267000,-58.954583,206231.660302,-178.945306,206857.919353,61.033219,207509.287883,98.854404,664.581827,-20.885421,661.890014,-141.053438,665.098621,59.989664,0.015935,1,0
0.300000,-59.157820,206746.779001,-178.878186,205711.041475,61.003411,206648.210438,98.888505,665.630258,-20.703776,664.807166,-141.227125,664.886913,59.982906,0.011997,1,0
0.333000,-58.894496,206208.198693,-178.943749,207236.451077,60.918962,207961.904275,99.301277,669.403524,-20.937824,658.585078,-141.358775,661.269368,59.985950,0.009479,1,0
0.367000,-59.102241,206356.590268,-179.070681,206182.131859,61.106620,207614.855470,98.698827,661.640879,-21.369031,658.985195,-140.966987,662.806011,59.989250,0.006045,1,0
0.400000,-59.093132,206054.943923,-179.223377,206103.615661,61.017726,205916.258133,98.715624,662.322048,-20.985022,653.546594,-141.210535,671.471723,59.988350,-0.003778,1,0
0.433000,-59.069720,204661.099697,-179.184216,206381.441925,61.099372,207097.794421,98.917515,664.462922,-21.108391,658.799242,-140.711970,655.252179,59.995237,0.005508,1,0
0.467000,-59.050213,206787.692773,-179.038475,205418.915322,60.981268,207158.495863,98.965486,658.969086,-20.989588,664.737604,-141.231796,661.286501,59.990302,-0.004981,1,0
0.500000,-59.139007,205811.438154,-179.051405,206943.004866,60.983231,204603.771409,98.877791,659.343320,-21.047634,663.951523,-140.862723,659.084054,59.997586,0.003588,1,0
0.533000,-59.014439,206336.015653,-179.175645,204702.267507,61.080479,206350.010071,99.047621,657.154178,-21.100018,656.643913,-141.069957,660.643814,59.988043,-0.004074,1,0
0.567000,-59.158201,205348.703036,-178.895749,206076.028860,60.879524,205146.239450,99.113247,660.276392,-21.024346,661.593815,-140.637265,661.148562,59.987648,-0.007271,1,0
0.600000,-59.061375,206495.227615,-179.132182,207181.552149,60.855421,207725.368189,98.641947,655.563083,-21.057873,661.180847,-141.074474,660.786687,59.985842,-0.017096,1,0
0.633000,-59.123061,206513.985990,-179.074997,205647.099031,60.983238,205930.842196,98.950658,659.395192,-21.358858,663.195300,-141.031860,657.586618,59.989975,-0.006283,1,0
0.667000,-59.003303,205790.856494,-178.976106,207804.290949,60.971842,205793.469786,98.842238,664.683979,-20.877939,656.718166,-140.920399,658.655559,59.987330,-0.002217,1,0
0.700000,-59.106996,205816.605356,-178.878685,204730.151864,61.030312,207031.233660,99.064751,657.272302,-20.815810,663.711626,-140.871458,661.961960,59.989155,-0.008938,1,0
0.733000,-59.013483,206215.296119,-179.097080,205719.281313,60.888279,204046.332082,98.899251,663.096299,-21.386290,662.519066,-140.823853,660.430936,59.986980,-0.006307,1,0
0.767000,-59.016668,207745.691102,-179.205131,206875.660950,61.000438,206601.527173,99.182258,662.941169,-21.424455,656.965635,-141.077080,662.629730,59.993876,0.001819,1,0
0.800000,-58.991240,206343.794731,-178.932954,206455.566929,60.994545,206778.845447,98.914201,656.818338,-21.032665,659.377941,-141.057953,659.574743,59.985825,0.003352,1,0
0.833000,-59.066972,207408.856944,-179.190842,206979.347725,60.868123,206849.155723,98.949813,661.147966,-21.136541,664.681128,-141.092987,661.156086,59.993007,0.002988,1,0
0.867000,-59.116737,206216.866172,-179.001621,205403.739401,61.243630,206427.622694,98.823236,657.213336,-21.367059,655.349011,-140.713370,657.168035,59.997547,-0.020531,1,0
0.900000,-58.947811,205736.648867,-179.057150,207454.012376,60.908451,205165.378788,98.923886,664.203043,-21.333484,656.397151,-141.117894,666.799830,59.989709,-0.002251,1,0
0.933000,-59.127275,206367.824672,-178.901374,206597.761181,60.930824,207225.401475,98.758552,654.643204,-21.076750,653.003937,-141.370788,659.125068,59.994048,-0.004915,1,0
0.967000,-58.994182,207144.674938,-178.928158,207874.281604,61.153871,206656.833626,99.026533,663.747832,-21.456167,664.214855,-140.855971,654.504490,59.988839,0.003948,1,0
1.000000,-59.055777,206123.745649,-179.022944,206857.485265,60.932175,205570.201380,98.794985,662.114617,-21.072087,658.195672,-141.021994,663.638550,59.990265,0.005424,1,0
1.033000,-58.951791,208012.880218,-179.062160,207042.693261,60.965730,206867.932841,98.707897,658.291483,-20.981945,658.454036,-140.782256,655.737464,59.993387,0.003599,1,0
1.067000,-58.928936,205435.533719,-179.017151,205981.960048,60.790977,207059.485778,99.146175,655.778695,-21.200108,659.684004,-141.364637,658.699389,59.992359,-0.000182,1,0
1.100000,-58.955836,205033.136912,-178.803423,206170.430678,61.037240,207467.720160,99.032601,655.377631,-20.737240,653.765470,-140.968717,659.305706,59.989804,-0.003005,1,0
1.133000,-59.017064,206250.034187,-178.991984,206942.275687,60.996702,206398.109010,99.037399,653.781920,-20.717233,653.550768,-140.893985,657.354010,59.990345,0.001230,1,0
1.167000,-59.033167,207416.366910,-178.957534,206613.601967,61.020962,207056.542094,98.588137,652.930181,-20.916621,657.345838,-140.875542,656.869907,59.987034,0.002994,1,0
1.200000,-59.004883,205753.307216,-179.037886,205554.871622,60.962176,206130.462368,98.747895,652.790097,-20.791863,655.623432,-141.241861,654.587034,59.996159,0.010034,1,0
1.233000,-59.122789,205614.427979,-178.788478,207658.023892,60.960565,208134.844743,98.516602,651.617677,-20.809183,658.637719,-141.142762,655.064782,59.990650,-0.008486,1,0
1.267000,-59.091062,206412.451481,-178.940676,207016.871443,60.981602,206478.623530,99.007009,659.805978,-20.719381,655.291714,-140.739995,656.461615,59.993333,0.001979,1,0
1.300000,-59.141808,205465.804090,-178.962300,203648.051646,61.043713,205151.206254,98.784957,653.201323,-20.888676,662.042883,-141.062328,653.946172,59.988165,-0.000608,1,0
1.333000,-58.942553,205951.267060,-178.932463,207441.806639,60.942476,204859.485484,99.199455,658.911171,-20.847774,650.768644,-141.003403,653.466867,59.982525,0.002818,1,0
1.367000,-58.923418,206123.526668,-179.196581,205579.201271,60.970797,205023.560621,99.214788,647.470060,-21.131168,652.018596,-141.266263,650.302478,59.981996,-0.005072,1,0
1.400000,-59.026612,207171.291314,-178.948118,205563.299748,60.889948,206381.233134,98.662849,655.486896,-20.802430,645.712837,-141.017473,653.109072,59.992713,-0.007917,1,0
1.433000,-58.945939,205194.129888,-178.840457,205042.062733,61.127719,205470.886070,99.197842,651.035064,-20.775329,652.525109,-140.438373,652.427044,59.986278,-0.004012,1,0
1.467000,-59.010888,208657.755580,-178.975704,206838.229398,61.018502,205041.108351,98.740485,655.649445,-21.123982,655.616236,-141.068529,654.915910,59.987262,-0.004692,1,0
1.500000,-58.969746,204820.880368,-178.979819,205891.981702,60.915555,206518.755569,98.997869,647.009713,-21.081366,654.561074,-140.865884,653.417787,59.993257,0.012161,1,0
1.533000,-59.093922,204417.506099,-178.966324,206549.215641,60.805436,205691.564873,98.901570,651.531480,-21.038738,648.268869,-141.221982,639.420865,59.978703,-0.003372,1,0
1.567000,-59.026419,207750.599992,-178.983832,205668.688034,60.915194,206605.145609,98.935247,646.016580,-20.900257,652.156535,-140.869198,647.908465,59.990629,0.008057,1,0
1.600000,-59.032552,205988.521543,-179.065462,206545.145770,61.005415,205093.415606,98.919455,650.121736,-21.032995,646.289288,-141.034496,651.397654,59.987025,0.004998,1,0
1.633000,-58.882352,205938.505819,-179.048445,206628.545050,60.934326,206413.759843,98.769315,647.904546,-21.045257,648.562058,-141.141676,650.438986,59.992842,0.011315,1,0
1.667000,-58.969005,203982.041835,-179.143124,206782.668845,60.985267,205371.833246,99.101381,647.365735,-21.126684,650.774120,-141.070822,649.958805,59.990096,-0.008872,1,0
1.700000,-58.994941,206685.552021,-179.072528,204634.524374,61.089487,207259.447506,99.089922,653.415659,-21.298464,651.522701,-140.565146,658.667366,59.991287,0.002917,1,0
1.733000,-59.077840,205045.636006,-178.994667,205611.681401,61.142442,204156.554125,98.855079,655.105701,-21.001744,654.134623,-140.866359,658.746991,59.991776,0.015037,1,0
1.767000,-59.146789,207024.393036,-178.967041,206681.811649,61.150320,205491.837908,98.969644,648.365554,-21.153602,648.509477,-141.019121,657.779040,59.982733,0.000783,1,0
1.800000,-58.967158,206189.841750,-178.964413,207084.456777,60.994888,205237.594093,99.079972,653.737202,-21.132390,654.544120,-140.766483,653.326469,59.992819,-0.008410,1,0
1.833000,-58.933250,205043.265806,-179.001071,207820.067950,61.111580,206968.846453,99.201657,653.817419,-21.108512,647.496469,-140.890456,648.748166,59.994701,0.000900,1,0
1.867000,-59.119693,205256.659860,-178.912911,207522.189527,60.920899,204405.397379,98.951365,647.894116,-20.921642,651.079363,-140.965382,657.295982,59.990077,0.010580,1,0
1.900000,-58.919123,205339.451750,-179.026274,205766.092383,61.009842,205655.189911,98.859867,656.578822,-21.000860,656.256217,-140.939893,649.223042,59.994546,0.000598,1,0
1.933000,-59.075756,206788.716386,-178.878613,205357.346080,61.010819,204009.254680,98.791208,656.166399,-20.941662,658.358490,-140.880751,663.253027,59.988387,0.007646,1,0
1.967000,-59.123104,207037.662412,-178.862002,205636.841777,61.030775,207221.805979,98.335845,652.782574,-20.612975,658.735754,-141.051079,652.860436,59.984284,0.012082,1,0
2.000000,-58.738478,206859.471668,-178.989248,206802.527565,61.080265,203927.614108,99.144888,645.944583,-21.157510,652.415993,-140.716133,647.378548,59.986957,0.013229,1,0
2.033000,-58.866488,206170.881579,-178.796925,207096.447865,60.970321,205017.624670,98.839465,659.158173,-20.617872,663.284809,-141.301199,661.456406,59.983101,-0.008955,1,0
2.067000,-58.884191,205386.836049,-179.005868,206120.837770,61.236094,206564.472717,99.417729,659.390489,-20.921690,660.950144,-140.711057,657.028197,59.991741,0.003577,1,0
2.100000,-58.776341,204452.450898,-178.807356,206822.179529,61.121761,204461.022165,98.974820,661.419911,-20.755696,662.783537,-140.575438,660.855699,59.989299,0.000684,1,0
2.133000,-58.973952,205295.258894,-178.969706,207569.364645,61.062382,206512.981050,99.206221,663.413002,-20.997617,660.102203,-140.752767,657.365189,59.975208,0.004071,1,0
2.167000,-58.988475,203705.725048,-179.013525,206102.173850,60.877379,205195.863626,99.054300,656.038924,-21.144707,651.622766,-140.712117,661.877193,59.994192,-0.001251,1,0
2.200000,-58.873167,206722.050804,-178.909271,206001.049254,61.025330,206254.723442,99.037610,658.794668,-21.248292,655.610420,-141.020646,655.353476,59.983551,0.000970,1,0
2.233000,-59.042184,204527.151050,-179.059173,205157.340959,60.922566,205127.775402,99.144384,652.253113,-21.110345,655.725703,-141.092146,662.709521,59.984291,-0.008471,1,0
2.267000,-59.073332,206146.033375,-179.084292,205304.570905,61.129890,205388.839102,99.497202,651.304145,-21.444466,654.856375,-141.095931,648.292695,59.976906,0.005476,1,0
2.300000,-58.919543,205420.963485,-178.998222,205080.741541,60.951026,204563.870182,99.208244,654.888388,-21.370238,656.734934,-141.177850,654.035328,59.991710,0.006817,1,0
2.333000,-59.141985,205839.610736,-178.953039,207767.652626,61.023378,204632.828453,98.597075,650.919994,-20.966920,653.750733,-140.918079,658.694341,59.977642,-0.000592,1,0
2.367000,-59.087657,205980.548702,-178.835851,205627.593857,61.023344,205490.075085,98.707585,659.151556,-20.721899,653.758063,-140.964068,655.934291,59.984187,-0.012458,1,0
2.400000,-58.963399,206442.227495,-178.836126,206665.395209,60.958450,204822.803488,98.960208,655.536501,-20.688444,657.000767,-141.355047,661.631877,59.974134,0.009051,1,0
2.433000,-59.014248,205674.134215,-179.028935,204298.639208,60.978095,206226.549783,98.954400,659.080002,-20.774493,658.096502,-140.957590,658.352397,59.982828,0.011201,1,0
2.467000,-59.168936,206326.261392,-179.042313,205751.733677,60.989098,205390.535422,98.977686,659.854568,-21.379467,655.850879,-140.884109,657.863986,59.975359,-0.002528,1,0
2.500000,-59.014302,206275.233418,-179.099990,206086.430088,60.972150,207252.739954,98.782482,654.003995,-21.002201,659.875187,-140.923635,658.091654,59.979868,0.001585,1,0
2.533000,-59.115382,206753.653140,-178.991017,204648.634168,60.988384,206431.041205,98.803575,659.784620,-20.850035,660.230840,-140.813140,663.384520,59.976822,-0.002274,1,0
2.567000,-58.817469,206139.525551,-179.139302,208025.501647,61.000690,205554.075065,99.025170,659.354365,-21.149587,656.843940,-140.841937,661.501298,59.978270,0.015429,1,0
2.600000,-58.873244,204894.429793,-178.837235,205893.387810,61.008693,206115.252601,99.171779,659.321008,-20.923235,656.973505,-140.955637,653.131886,59.981679,-0.005563,1,0
2.633000,-59.044247,205605.532770,-178.867659,206335.724367,60.912174,206374.010075,99.221105,654.913973,-20.614491,656.178919,-141.166479,654.155443,59.975037,-0.000714,1,0
2.667000,-58.844211,207211.394634,-179.095924,206580.006198,61.116476,206539.847957,98.809326,656.610107,-21.506830,652.984984,-141.209861,662.244740,59.980386,0.001511,1,0
2.700000,-58.965540,204773.076319,-178.995870,205820.456493,61.128691,204828.182653,98.962689,656.915177,-21.215638,651.530951,-140.880511,650.287970,59.975810,0.006324,1,0
2.733000,-59.017534,205942.342761,-178.815714,205258.530816,60.993057,204517.307899,98.758127,646.723234,-20.673388,662.023167,-141.339194,652.037739,59.975560,0.008376,1,0
2.767000,-58.778103,205857.544612,-178.825762,205543.650510,61.090438,204925.250141,99.527240,659.729336,-20.892734,654.694070,-141.079693,655.299410,59.977381,-0.004421,1,0
2.800000,-58.942087,207065.623822,-178.954735,205830.131463,61.118883,205823.765557,99.019956,655.551690,-20.661599,647.535276,-141.097960,652.650360,59.977111,-0.005355,1,0
2.833000,-58.903094,207495.780117,-178.916246,205512.094493,61.273769,206136.403318,98.838252,655.725488,-20.786468,657.912631,-140.632181,651.487309,59.981613,-0.001341,1,0
2.867000,-58.751406,206040.645144,-178.813571,205771.759629,61.040667,205368.065362,99.395781,652.532100,-20.881849,648.070550,-140.954932,654.806658,59.978214,-0.005122,1,0
2.900000,-58.879144,205771.409689,-178.865597,205560.719304,61.100065,205668.056503,98.931468,655.409333,-20.960754,654.119114,-141.001758,654.115384,59.972385,0.002599,1,0
2.933000,-58.975167,207112.324161,-178.787034,204906.443315,61.165883,204989.324755,98.956069,655.831639,-20.803581,657.278226,-140.973709,657.157141,59.986701,-0.003577,1,0
2.967000,-58.936198,206985.540002,-178.888128,205916.217084,61.147651,204831.456057,99.277497,651.617070,-20.995024,656.547215,-140.950155,653.628525,59.978703,0.002868,1,0
3.000000,-58.855876,205993.660633,-178.912649,205129.975846,61.244494,205446.643204,99.330780,654.291610,-21.025453,655.322796,-140.631603,655.813283,59.976506,-0.012272,1,0
3.033000,-58.693199,204656.404522,-178.893493,205776.018078,61.281319,204283.123532,99.413278,655.231238,-21.148931,655.177455,-140.716064,653.149854,59.977971,0.001348,1,0
3.067000,-58.876173,205976.999386,-178.686719,206039.896073,61.245626,205815.516806,99.230115,650.871303,-20.823087,655.997415,-140.897712,653.405648,59.975665,-0.003882,1,0
3.100000,-58.916784,205726.784389,-178.792457,206004.759633,61.168164,204334.363433,98.923613,649.059801,-20.605855,643.950134,-140.699938,653.251401,59.977647,-0.004652,1,0
3.133000,-58.967398,206270.913095,-178.886444,206667.483728,61.325431,205735.833015,99.387528,653.519045,-20.717466,651.366981,-140.533541,648.322248,59.984296,0.014244,1,0
3.167000,-59.032385,206429.068151,-178.721864,205096.894206,61.183555,207012.890509,99.123880,652.508658,-20.847292,652.768913,-140.487122,652.055712,59.976977,-0.002835,1,0
3.200000,-58.811589,206525.664735,-178.744493,204512.908454,61.265061,205076.424707,99.381025,653.545162,-20.776943,651.730721,-140.850413,651.071946,59.970851,0.004750,1,0
3.233000,-58.822854,205939.420420,-178.709260,206104.288622,61.247293,205606.552411,99.414162,652.268309,-20.609067,651.825029,-140.539844,647.581628,59.974193,-0.005215,1,0
3.267000,-58.944057,205649.765267,-178.852946,204896.423448,61.218552,204955.516740,99.240247,654.823597,-20.709117,657.414566,-140.964943,657.930400,59.970760,-0.002995,1,0
3.300000,-58.562166,205121.812934,-178.905185,206539.518608,61.243463,204306.839350,99.336247,653.248162,-21.018451,659.996109,-141.080107,660.921967,59.976952,-0.003966,1,0
3.333000,-58.846001,206727.987164,-178.843873,205631.904331,61.061711,204558.661699,99.285732,655.778745,-20.647476,654.041671,-141.361300,657.835502,59.974883,-0.010204,1,0
3.367000,-58.907262,206512.604460,-178.933434,205803.283514,61.274186,206384.578139,99.253003,653.495230,-20.727751,657.523824,-140.775073,645.266128,59.972484,-0.005676,1,0
3.400000,-58.885021,205094.439120,-178.751527,206334.732390,61.074352,204375.753583,99.313861,656.586891,-20.824763,651.958698,-140.703254,652.186561,59.964247,-0.005670,1,0
3.433000,-58.765790,205002.572297,-178.686823,205808.777746,61.073280,205861.126276,99.353174,653.794135,-20.520766,656.786035,-140.911611,652.081838,59.962230,0.006181,1,0
3.467000,-58.726999,207764.982047,-178.793835,205901.794246,61.193285,205656.740495,99.190424,656.004053,-20.675701,657.232400,-140.698387,653.054766,59.973166,0.002593,1,0
3.500000,-58.709237,207057.133789,-178.703966,205176.821298,61.158156,206460.996683,99.430048,651.902739,-20.857686,654.437216,-140.733455,654.728736,59.972707,-0.006132,1,0
3.533000,-58.779817,206197.664722,-179.002241,206200.336422,61.181082,206424.200435,99.365033,648.917313,-20.976936,653.937817,-140.925735,655.388450,59.970180,0.003067,1,0
3.567000,-58.718934,205270.658979,-178.592199,204467.060846,61.210967,203471.963064,99.389403,647.929995,-20.210184,650.220935,-141.162756,649.314372,59.972409,-0.001900,1,0
3.600000,-58.805494,206435.495106,-178.609987,204236.443015,61.354635,205871.167366,99.062620,652.361216,-20.262522,651.405011,-140.605469,649.492642,59.972984,0.004615,1,0
3.633000,-58.474248,205515.201665,-178.825125,204556.621145,61.196696,206662.465646,99.319832,648.426431,-20.724501,655.455647,-140.963137,645.781720,59.969859,0.010517,1,0
3.667000,-58.846867,205416.922256,-178.717797,205985.828757,61.228412,204091.341547,99.262018,657.352561,-20.821718,650.378456,-141.087973,652.180122,59.970947,-0.005959,1,0
3.700000,-58.859574,205134.821385,-178.658302,205332.535395,61.059268,204326.644266,99.293927,645.527729,-20.633433,650.187298,-140.772670,656.178466,59.969633,0.002764,1,0
3.733000,-58.901271,204536.531492,-178.741581,204385.901029,61.348713,207342.336807,99.002029,651.116721,-20.661775,653.463218,-140.596470,653.508037,59.966525,-0.000530,1,0
3.767000,-58.775857,205460.573999,-178.588503,206237.418113,61.170151,204875.515575,99.487655,646.175444,-20.613329,649.745946,-140.820624,651.850045,59.974454,0.011404,1,0
3.800000,-58.699564,205442.188911,-179.025451,205988.214193,61.373728,203770.592080,98.837897,640.877178,-20.809845,646.986881,-140.762834,655.232852,59.966206,-0.006313,1,0
3.833000,-58.671483,205681.802470,-178.545059,205478.325381,61.142623,205231.406313,99.460563,651.527751,-20.372467,656.255181,-141.156125,649.304085,59.970950,-0.003061,1,0
3.867000,-58.683933,206074.613596,-178.516022,204142.465784,61.321096,206492.611085,99.239999,654.044570,-20.425948,654.168475,-140.762381,651.420281,59.975538,-0.002348,1,0
3.900000,-58.802177,206769.200898,-178.696639,205883.625684,61.308783,204371.782196,99.209138,655.479135,-20.392561,652.130725,-140.709188,651.170802,59.969839,0.000716,1,0
3.933000,-58.886669,206584.920754,-178.996668,205141.171488,61.393741,205974.168383,99.119811,658.826501,-20.724604,656.735959,-140.853487,652.765994,59.980098,-0.000774,1,0
3.967000,-58.663718,203489.789102,-178.717292,205797.355232,61.195799,203438.467791,99.509252,657.457633,-20.468110,647.211072,-140.862736,654.764716,59.973403,0.004801,1,0
4.000000,-58.673497,205105.649568,-178.569908,205557.314549,61.432671,205884.695990,99.431362,656.533078,-20.849550,651.422091,-140.512344,651.106170,59.973517,0.011434,1,0
4.033000,-58.799669,205757.221461,-178.680472,204826.793786,61.315457,204398.535514,99.284002,659.201987,-20.642046,652.647299,-140.729706,650.250339,59.971456,-0.006393,1,0
4.067000,-58.670696,206138.302147,-178.685873,206589.253899,61.166354,204454.869542,99.384750,656.330707,-20.895326,658.527552,-140.878135,655.737587,59.968529,0.002599,1,0
4.100000,-58.874079,207931.688136,-178.642927,204861.417765,61.243063,205157.645908,98.800781,656.570610,-20.843858,651.471460,-140.678434,655.908015,59.967573,0.002885,1,0
4.133000,-58.774072,207227.983952,-178.667026,205234.381497,61.149094,206751.607642,98.866479,649.400381,-20.445803,648.619699,-140.919274,652.787129,59.969535,0.005405,1,0
4.167000,-58.696136,206158.425030,-178.658895,206686.409477,61.243756,205330.359184,99.108958,653.890232,-20.432014,654.185885,-140.792393,651.923173,59.964773,0.004789,1,0
4.200000,-58.728557,205524.514062,-178.559318,206479.377737,61.311004,206480.953270,99.243342,656.643273,-20.641259,658.848143,-140.735299,659.159733,59.965994,-0.007193,1,0
4.233000,-58.545485,207469.963439,-178.417986,204520.414084,61.438733,206481.109124,99.546070,655.446033,-20.382391,651.862013,-140.374004,659.450181,59.971647,0.001123,1,0
4.267000,-58.711582,205458.432247,-178.803525,204910.589655,61.223218,206422.164952,99.028182,652.297381,-20.754652,653.900515,-140.665373,650.349422,59.977434,0.007861,1,0
4.300000,-58.687630,206304.245354,-178.668412,206088.317846,61.238775,205823.754163,99.379390,657.479697,-20.694408,659.354382,-140.873021,659.017931,59.966406,0.002559,1,0
4.333000,-58.546571,205325.497649,-178.884162,206976.251016,61.379537,207858.988630,99.415801,657.052368,-20.767518,655.996246,-140.695949,651.735277,59.965210,0.005434,1,0
4.367000,-58.786109,206985.317039,-178.839559,207013.876340,61.268340,206205.747432,99.184527,654.931593,-20.940249,656.533093,-140.694810,655.749548,59.974176,0.001331,1,0
4.400000,-58.791702,206861.069096,-178.740601,206124.961553,61.074108,206677.629290,99.352569,657.299210,-20.756522,660.136409,-140.862402,655.903895,59.975007,0.006618,1,0
4.433000,-58.788837,205620.302636,-178.813506,205627.312871,61.252125,208102.805450,98.999067,660.133873,-20.821882,661.315649,-140.455406,660.860307,59.977528,-0.000609,1,0
4.467000,-58.732602,207397.638979,-178.538447,205365.843649,61.093632,206327.247106,99.337660,654.613318,-20.532537,663.822330,-140.881351,661.078736,59.974850,-0.005058,1,0
4.500000,-58.785727,205585.689667,-178.732224,206656.743122,61.149787,206724.988179,99.333926,657.697017,-20.212110,656.439461,-140.969369,656.970083,59.966208,0.002369,1,0
4.533000,-58.572195,205475.703574,-178.619622,206333.805576,61.236444,206878.036844,99.092291,655.661068,-20.399712,656.251801,-140.854990,651.199059,59.975291,-0.010263,1,0
4.567000,-58.682240,205771.212734,-178.609384,205231.432134,61.292054,205321.227068,99.547473,657.177850,-20.315932,659.323430,-140.521286,656.436517,59.963624,-0.012964,1,0
4.600000,-58.639767,206621.498217,-178.752991,207293.453684,61.376689,207450.747066,99.323922,649.566528,-20.659437,665.592353,-140.715095,654.763140,59.971192,0.004636,1,0
4.633000,-58.736597,208596.526688,-178.745423,207453.866440,61.423385,205335.500360,99.182993,660.130281,-20.531725,659.380798,-140.504857,661.216148,59.970199,-0.014289,1,0
4.667000,-58.838998,206069.822437,-178.498205,206802.140077,61.492794,207164.280490,99.218611,662.410386,-20.213772,660.925290,-140.655412,657.952656,59.966304,-0.019115,1,0
4.700000,-58.523995,206512.021326,-178.567012,205599.620153,61.184881,205433.327410,99.593363,662.087969,-20.553381,662.006750,-140.874290,661.437153,59.971686,0.007381,1,0
4.733000,-58.812104,207197.003563,-178.727689,205364.162016,61.415259,207545.729293,99.228020,664.003490,-20.896976,664.849505,-140.573371,656.538786,59.964360,-0.003856,1,0
4.767000,-58.806317,207712.139532,-178.718699,205358.546470,61.377911,208164.104722,99.583453,662.356861,-20.883355,661.880277,-140.754389,660.936298,59.958578,0.001713,1,0
4.800000,-58.665677,207875.272056,-178.467809,205367.089804,61.392788,207666.741516,99.162978,662.054725,-20.582389,669.239299,-140.839141,658.352344,59.966729,0.000933,1,0
4.833000,-58.526083,208308.402220,-178.620048,208098.402001,61.308348,206959.023265,99.432973,665.806612,-20.615612,665.918602,-140.929504,663.884731,59.971362,0.007517,1,0
4.867000,-58.715809,206391.144909,-178.562562,206591.407183,61.313473,206431.802634,99.073382,659.346623,-20.767159,661.899100,-140.532347,657.838790,59.969893,-0.000652,1,0
4.900000,-58.577878,208002.616891,-178.625680,208818.104096,61.421452,206597.003828,99.338726,656.758144,-20.387626,657.330698,-140.762360,659.972665,59.966820,0.010132,1,0
4.933000,-58.765249,208500.875394,-178.700771,205641.110000,61.448558,205838.303706,99.005419,657.400440,-20.748697,660.963386,-140.381247,660.441593,59.960863,-0.003555,1,0
4.967000,-58.601212,205600.154637,-178.655329,208306.080154,61.304254,207433.482004,99.527431,663.008213,-20.517416,655.728873,-140.754212,658.406626,59.957092,-0.003010,1,0
5.000000,-58.573718,207714.415211,-178.478980,207635.663374,61.379879,206276.698896,99.423781,654.072096,-20.534551,652.554888,-140.506040,655.158235,59.958408,-0.000601,1,0
5.033000,-58.478275,207292.285215,-178.659350,207248.440385,61.315098,206597.430226,99.439994,659.743388,-20.366119,660.201899,-140.610387,662.943206,59.953581,0.007532,1,0
5.067000,-58.537951,208054.031488,-178.765897,206967.868584,61.351084,206356.559942,99.318662,656.025470,-20.811552,662.671787,-140.573043,664.693320,59.962418,-0.000494,1,0
5.100000,-58.718566,207908.386143,-178.546453,207357.984367,61.355978,207570.856784,99.361537,653.328677,-20.519872,655.304518,-140.922709,657.461549,59.960633,-0.008031,1,0
5.133000,-58.588913,207888.353463,-178.734873,207509.640454,61.331736,206907.083651,99.408199,659.110977,-20.933182,658.557587,-140.860053,660.871234,59.959731,-0.000760,1,0
5.167000,-58.831438,207671.039722,-178.781111,207621.917176,61.319475,207882.122169,99.114323,659.535858,-21.026336,663.555252,-140.609584,660.556918,59.961068,0.001352,1,0
5.200000,-58.602068,207985.535663,-178.575406,207064.539355,61.314194,207548.751758,99.616561,661.749245,-20.487685,659.348002,-140.764249,662.147342,59.951009,-0.008734,1,0
5.233000,-58.713538,208229.649802,-178.776682,207521.940951,61.127945,207129.986424,99.225553,663.955771,-20.911688,656.746838,-140.892229,657.502583,59.957389,0.007098,1,0
5.267000,-58.733341,207752.030564,-178.669765,209816.517921,61.282142,206909.124025,99.730758,657.518954,-20.798608,653.471904,-140.694275,654.115484,59.954312,0.005400,1,0
5.300000,-58.785276,205721.476887,-178.644366,205540.785503,61.353056,205799.413408,99.229339,666.369586,-20.476257,661.474566,-140.798307,659.446494,59.953044,-0.006429,1,0
5.333000,-58.745989,207357.573911,-178.829430,206311.098466,61.283472,207248.453198,99.314782,666.747833,-20.818220,653.066996,-140.799279,664.911072,59.954342,0.001130,1,0
5.367000,-58.869748,207452.692937,-178.586325,208557.629494,61.366150,206888.930717,99.219755,659.961962,-20.320280,663.155131,-140.672967,663.425586,59.956401,0.001860,1,0
5.400000,-58.609140,208208.913925,-178.472873,206739.382439,61.556342,206040.711238,99.496676,660.904807,-20.381628,662.593746,-140.491118,663.471781,59.949769,-0.000809,1,0
5.433000,-58.659271,207138.797072,-178.669132,205533.600587,61.329158,207416.500825,99.303914,662.864054,-20.617893,658.428372,-140.627506,659.028262,59.951875,-0.010051,1,0
5.467000,-58.556058,206705.004171,-178.668672,206294.217788,61.217919,206845.723510,99.635934,662.475776,-20.684962,657.837607,-140.727360,660.070226,59.955230,0.008956,1,0
5.500000,-58.636212,205609.975489,-178.954157,207255.921443,61.389617,206145.188568,99.030923,659.905144,-20.967164,657.806457,-140.794742,660.337407,59.954270,-0.008329,1,0
5.533000,-58.555664,208660.875280,-178.773658,207435.746690,61.216867,207799.327497,99.229567,659.994462,-20.594284,665.880437,-140.906691,655.957700,59.953018,-0.014512,1,0
5.567000,-58.647937,207006.233680,-178.944174,207872.816032,61.375899,206596.878065,99.529812,652.104455,-20.844237,659.253214,-140.832642,657.380748,59.951265,0.006611,1,0
5.600000,-58.662550,207476.085618,-178.764594,207625.607655,61.395796,206619.254176,99.617645,657.272470,-20.757262,652.672560,-140.692799,656.373498,59.943676,0.003434,1,0
5.633000,-58.690182,206711.729817,-178.670828,207970.959763,61.311658,206331.489093,99.383279,652.871552,-20.918309,655.639365,-140.565120,656.805262,59.943705,-0.000230,1,0
5.667000,-58.709847,207500.491730,-178.773919,206736.319200,61.256269,207771.136265,99.288249,654.349998,-20.481366,657.245446,-140.652777,657.670001,59.954958,-0.002402,1,0
5.700000,-58.850755,207698.457907,-178.725488,208438.286237,61.333244,208539.694007,99.157546,653.066273,-20.703252,659.734009,-140.833831,659.045762,59.946724,0.004275,1,0
5.733000,-58.747391,204905.364786,-178.642488,205683.038147,61.198058,206126.731490,99.193078,665.442744,-21.000933,662.871534,-140.701090,661.243146,59.951054,0.008572,1,0
5.767000,-58.609357,205734.094128,-178.778518,205920.783152,61.201359,209062.021783,99.025729,649.101529,-20.760358,658.820649,-141.112086,660.511289,59.953076,-0.015211,1,0
5.800000,-58.679847,206317.987239,-178.768960,206070.837542,61.222893,205687.278400,99.392132,658.126605,-20.986073,659.010265,-140.884499,658.109527,59.950394,0.003423,1,0
5.833000,-58.782741,206965.323407,-178.773603,205898.027657,61.094818,207555.798163,98.665473,658.112870,-20.764256,656.474656,-140.628369,653.692329,59.949945,0.005758,1,0
5.867000,-58.684324,206847.505224,-178.719505,206643.098652,61.191629,206450.356261,98.967556,656.486184,-20.550592,662.280362,-140.920936,653.381356,59.943527,0.006307,1,0
5.900000,-58.890724,206787.317124,-178.825670,205756.944280,61.179846,206996.398779,98.877426,652.131542,-20.925510,662.101699,-141.004792,659.272958,59.953660,-0.006090,1,0
5.933000,-58.617033,206376.261848,-178.858221,207283.834472,61.167841,206197.799846,99.653217,654.909967,-20.923784,654.199239,-141.028696,660.540474,59.948030,-0.001906,1,0
5.967000,-58.877209,207467.840151,-178.819410,205545.785139,61.179565,206069.614866,99.082561,664.538627,-20.674013,659.948797,-141.105601,651.684045,59.945528,-0.001866,1,0
6.000000,-58.656809,207401.057460,-178.531992,206226.448688,61.073024,206877.701293,98.984145,660.404782,-20.695552,661.447783,-140.878580,659.426452,59.949745,-0.013260,1,0
6.033000,-58.714917,208652.848339,-178.896701,206653.678502,61.254668,205642.753140,99.428831,654.889141,-20.873394,662.791655,-140.728383,663.145405,59.951472,-0.002504,1,0
6.067000,-58.594831,206436.795499,-178.750062,207516.843456,61.391953,204444.064008,98.980878,660.203886,-20.815111,662.046919,-140.760151,658.655665,59.950819,-0.006991,1,0
6.100000,-58.721938,206936.815322,-178.826702,206068.954831,61.314489,207155.777246,99.057803,661.565978,-20.822317,659.731462,-140.447662,662.570902,59.950089,0.003553,1,0
6.133000,-58.705975,206644.824821,-178.633277,204794.099199,61.103582,207987.174738,99.165556,655.845148,-20.589177,657.757822,-140.927860,660.703810,59.944955,-0.000760,1,0
6.167000,-58.863975,206450.380043,-178.816885,206770.477051,61.448578,206884.578978,99.031534,653.896215,-20.540974,667.019603,-140.425740,658.097782,59.946007,-0.011830,1,0
6.200000,-58.940459,205593.294527,-178.689773,206369.657677,61.198954,206068.003270,99.420020,658.791299,-20.768807,659.126272,-141.254524,661.287292,59.951523,-0.000103,1,0
6.233000,-58.800878,208356.968926,-178.737064,207272.591996,61.369170,205020.848753,99.541349,664.234226,-20.367666,656.038734,-140.799111,658.074816,59.938614,0.010040,1,0
6.267000,-58.631504,206200.989301,-178.654726,205260.011755,61.379634,205279.384187,99.022389,652.661289,-20.572550,652.826115,-140.740630,661.110610,59.938703,-0.001497,1,0
6.300000,-58.584542,205327.579607,-178.612785,205890.794768,61.217625,205275.836884,99.223506,658.763754,-20.713559,655.697251,-141.077487,652.469449,59.941789,-0.000557,1,0
6.333000,-58.709709,203578.331410,-178.745377,206446.791551,61.275169,204953.302976,99.274779,650.285178,-20.893212,651.031008,-140.704284,658.963541,59.938751,-0.011277,1,0
6.367000,-58.514459,206978.475629,-178.825199,205945.024345,61.272359,205261.950617,99.440430,650.880913,-21.003070,653.149519,-140.582814,655.106007,59.935390,-0.013223,1,0
6.400000,-58.568266,206646.283268,-178.714831,206380.345680,61.421815,205690.434819,99.330289,655.531637,-20.948006,657.256321,-140.663157,650.050075,59.948041,0.004504,1,0
6.433000,-58.532164,208298.804166,-178.452927,206797.133509,61.472293,205344.463940,99.325373,653.858956,-20.260182,658.626208,-140.516654,658.635877,59.944334,0.003702,1,0
6.467000,-58.559123,206868.623430,-178.488433,205796.054243,61.391417,205908.163018,99.241941,658.836284,-20.366420,659.174016,-141.096319,651.568322,59.947878,-0.011199,1,0
6.500000,-58.540406,207261.198242,-178.407122,205548.928682,61.396043,204795.186992,99.278665,652.965776,-20.235082,659.454671,-140.850286,657.163690,59.937087,-0.013015,1,0
6.533000,-58.696927,205417.862385,-178.690463,206429.372327,61.228246,206192.405579,99.332381,654.436915,-20.816804,651.991595,-140.653696,658.011411,59.946360,0.004291,1,0
6.567000,-58.661786,206010.188226,-178.600530,205922.228114,61.396486,205017.065705,99.602616,654.157635,-20.716675,654.289959,-140.382531,654.311193,59.940810,-0.001069,1,0
6.600000,-58.562092,207258.780652,-178.771137,206022.817720,61.375631,205001.830777,99.371091,658.510164,-20.877210,662.120671,-140.675171,655.641207,59.943242,-0.006198,1,0
6.633000,-58.649372,207472.435413,-178.550772,206805.298822,61.584142,205245.261954,99.367208,654.688472,-20.355043,654.813039,-140.534581,652.172654,59.941447,0.002738,1,0
6.667000,-58.389849,208828.052678,-178.682408,206365.016733,61.497517,205815.531383,99.640882,656.318903,-20.711380,648.878467,-140.345733,655.202172,59.940415,-0.000200,1,0
6.700000,-58.652123,206601.635432,-178.604659,206067.794070,61.260155,205795.904663,99.549045,650.731520,-20.589998,657.081792,-140.448261,653.508913,59.945095,-0.004009,1,0
6.733000,-58.695002,207048.749501,-178.615895,206637.797965,61.351784,205745.410827,99.246637,654.031600,-20.345172,657.138001,-140.786319,653.579538,59.950303,0.007184,1,0
6.767000,-58.495101,205339.986145,-178.394135,207335.685213,61.130842,205087.880277,99.500083,651.790736,-20.444133,655.010883,-141.003514,654.238367,59.951885,-0.013768,1,0
6.800000,-58.427483,207112.485925,-178.652102,206291.264292,61.482231,206858.764179,99.200392,651.077588,-20.676767,655.445546,-140.363350,649.831818,59.942746,-0.001956,1,0
6.833000,-58.635201,206985.512467,-178.488177,206695.886253,61.449149,206340.248710,99.494330,649.832362,-20.292073,648.172286,-140.860863,649.959874,59.955720,0.004706,1,0
6.867000,-58.741854,205737.474125,-178.527782,207339.803588,61.396784,206166.928069,99.119723,655.838324,-20.445329,650.282055,-140.454276,653.915721,59.946515,0.010943,1,0
6.900000,-58.548717,205311.866026,-178.738088,206071.691833,61.380194,206079.919896,99.141035,649.938339,-20.546874,651.715193,-140.580167,653.771894,59.944659,-0.008170,1,0
6.933000,-58.685449,205848.067665,-178.738320,205571.302576,61.509238,205151.179222,99.551809,656.203718,-20.430569,648.523662,-140.350975,659.711099,59.949292,-0.004213,1,0
6.967000,-58.593539,205313.668796,-178.679027,207138.482762,61.371272,206170.047572,99.408759,650.677666,-20.622507,647.967989,-140.495638,647.187309,59.950268,-0.002609,1,0
7.000000,-58.562763,207866.162942,-178.571458,206700.350688,61.435398,203702.755742,99.126812,656.490900,-20.403387,651.213966,-140.466836,653.151572,59.945405,-0.010694,1,0
7.033000,-58.577156,206004.646210,-178.419753,206197.143979,61.601905,205953.744083,99.457833,651.334565,-20.671445,657.296945,-140.415536,650.328469,59.951182,-0.001396,1,0
7.067000,-58.659834,204558.113344,-178.487096,204224.361971,61.500685,204104.055170,99.708876,651.436916,-20.726225,649.336371,-140.797076,649.379864,59.954598,-0.007223,1,0
7.100000,-58.522709,204819.799556,-178.439248,205636.759964,61.546018,206632.813128,99.562500,653.560684,-20.596526,650.186542,-140.651040,650.951853,59.950278,-0.004448,1,0
7.133000,-58.383018,205838.148776,-178.453535,206960.273583,61.551996,205895.930939,99.447709,643.159528,-20.643102,649.011958,-140.463510,650.532103,59.941000,0.003392,1,0
7.167000,-58.375738,206695.885989,-178.619570,205427.939091,61.451015,205159.432726,99.310824,653.034288,-20.565348,651.330884,-140.566169,648.006407,59.944243,0.000170,1,0
7.200000,-58.730426,207374.800166,-178.439686,206685.636299,61.524700,204689.500462,99.163033,656.157399,-20.577300,652.763793,-140.251622,656.124071,59.944279,-0.002873,1,0
7.233000,-58.721472,206031.614899,-178.836346,206057.558497,61.319811,208399.305015,99.062629,646.979482,-20.613528,644.307160,-140.785924,648.723613,59.950236,-0.008979,1,0
7.267000,-58.762859,207146.568205,-178.520302,207536.273262,61.409038,202976.326629,99.376914,648.339171,-20.517716,647.874316,-140.436427,647.020841,59.951838,-0.002242,1,0
7.300000,-58.670183,206269.109191,-178.753884,205447.390803,61.359252,205457.247685,99.639717,639.821441,-20.653093,648.323358,-140.439094,645.870585,59.945403,0.008095,1,0
7.333000,-58.626980,208060.098391,-178.453607,207121.130687,61.291734,207352.825859,99.328198,647.123883,-20.361364,644.801193,-140.529458,646.078618,59.942600,0.000897,1,0
7.367000,-58.619032,206331.595096,-178.465474,206264.182158,61.510836,206256.420799,99.388280,648.062180,-20.564481,644.642085,-140.767609,644.224109,59.952752,-0.006896,1,0
7.400000,-58.585151,206231.135505,-178.555574,206603.203655,61.263272,206087.610767,99.773762,646.352123,-20.460077,643.612357,-140.745224,648.469238,59.944225,0.002855,1,0
7.433000,-58.616754,204150.678471,-178.851615,206085.133082,61.449615,207084.689917,99.585215,650.384752,-20.513032,650.580368,-140.407332,646.509571,59.940616,0.003704,1,0
7.467000,-58.794697,206690.625878,-178.611259,207081.659723,61.390016,203494.514340,99.161303,647.229976,-20.548694,644.856268,-140.799454,645.381738,59.949783,0.002641,1,0
7.500000,-58.616374,207730.091514,-178.688591,204331.869110,61.413073,204387.526851,99.714780,642.312134,-20.571190,645.842520,-140.675238,646.040547,59.951330,-0.001005,1,0
7.533000,-58.562274,206219.861080,-178.646799,206811.410594,61.410833,204470.550465,99.546280,649.137390,-20.571215,647.125620,-140.682288,643.008930,59.946003,-0.012419,1,0
7.567000,-58.532428,203876.829577,-178.694033,206828.051051,61.373121,206780.755339,99.576330,650.338249,-20.462380,649.673966,-140.450507,643.033046,59.941718,-0.002769,1,0
7.600000,-58.608438,206117.953484,-178.678779,205423.943987,61.342816,206104.420265,99.374986,639.425541,-20.506323,642.591936,-140.686818,641.603986,59.939220,0.003890,1,0
7.633000,-58.841772,206763.999482,-178.791100,206297.986508,61.351572,206507.062153,98.976783,650.311400,-20.850083,649.515115,-140.758682,642.301651,59.947918,-0.001739,1,0
7.667000,-58.675574,205332.406793,-178.789849,205868.467502,61.538438,206100.239184,99.534820,645.656329,-20.812796,650.075714,-140.489814,647.502022,59.945725,0.009055,1,0
7.700000,-58.633801,205568.122352,-178.705092,205876.256320,61.303218,205972.176795,99.273307,641.493784,-20.811441,642.358349,-140.524708,644.321954,59.952669,0.002868,1,0
7.733000,-58.758616,206787.233941,-178.618525,206734.567233,61.271724,206164.956031,98.802226,650.800677,-20.157797,642.638704,-140.940882,650.032295,59.951273,0.002754,1,0
7.767000,-58.736183,205543.505105,-178.491809,204892.817804,61.486277,205439.566173,99.637216,645.850833,-20.428107,634.192468,-140.967614,643.547514,59.946034,-0.001086,1,0
7.800000,-58.633159,206900.993940,-178.799657,205103.049427,61.172241,206608.678393,99.554092,642.308514,-20.769524,646.705715,-141.029008,641.479590,59.943325,-0.002460,1,0
7.833000,-58.692553,207923.103076,-178.772046,206847.855738,61.287723,204643.327345,99.052864,642.449623,-20.763018,643.437276,-140.525772,640.951168,59.948814,-0.003808,1,0
7.867000,-58.828364,206536.773732,-178.588645,205625.837922,61.181712,206465.989826,99.185034,634.180382,-20.655822,644.336533,-141.161441,633.210288,59.947326,0.014496,1,0
7.900000,-58.815177,205341.306275,-178.856179,205634.308855,61.317317,207293.252563,99.388032,636.208342,-20.914273,639.299318,-140.864460,642.999048,59.941460,0.000465,1,0
7.933000,-58.811491,204882.115679,-178.870443,205163.732605,61.186129,206338.411870,99.180605,648.838406,-20.939911,637.612717,-140.578142,635.641938,59.947955,0.011219,1,0
7.967000,-58.815653,207049.320236,-178.740540,204492.055966,61.048146,205829.541062,99.097865,643.364241,-20.593957,640.087587,-141.084128,646.257262,59.945827,0.014694,1,0
8.000000,-58.968145,206763.394002,-178.793665,207083.254139,60.949941,204080.217173,98.965950,645.465797,-20.738718,643.183758,-140.847322,641.170527,59.953384,0.000982,1,0
8.033000,-58.871634,206236.344410,-178.970844,205981.015178,61.159091,205408.718669,99.310702,638.162727,-21.153843,636.582742,-140.715187,640.000918,59.949421,0.007781,1,0
8.067000,-58.923097,205392.966783,-178.864913,204923.095981,61.189051,204908.130988,99.065407,643.968760,-20.787898,643.498253,-140.964459,643.227286,59.944659,-0.008777,1,0
8.100000,-58.831064,206397.650578,-178.802551,206517.216668,61.070255,205628.068907,99.287773,647.175162,-20.802598,640.405841,-140.623118,640.310363,59.948186,0.005626,1,0
8.133000,-58.694425,206507.424943,-178.826787,206496.920961,61.260772,205339.877379,99.276722,644.552180,-20.628373,643.023495,-140.863637,639.740699,59.945571,0.006697,1,0
8.167000,-58.776659,205706.608265,-178.718111,206208.455049,61.083394,203578.210422,99.354293,643.296285,-20.698059,646.929925,-140.915278,639.094439,59.947094,-0.004708,1,0
8.200000,-58.906500,206807.668694,-178.948895,205237.364071,61.303771,204796.326313,98.833383,645.742723,-21.069379,644.892378,-141.026626,643.289218,59.959950,0.012067,1,0
8.233000,-58.868649,206665.493744,-178.783537,205865.908896,61.245350,203862.164668,98.853674,650.359628,-20.805553,644.796479,-140.833500,646.738897,59.950616,0.010754,1,0
8.267000,-58.929734,206777.443645,-178.771653,206843.667331,61.071307,206184.056452,98.729153,640.095584,-20.645801,646.943169,-140.862334,645.899606,59.954689,0.007818,1,0
8.300000,-58.922774,206366.206743,-178.633203,206627.581462,61.211144,206534.109190,99.163691,645.239480,-20.991985,644.761701,-140.794844,639.445172,59.945886,0.002817,1,0
8.333000,-58.884603,205831.917267,-178.879977,204711.364996,61.221814,204977.929084,99.114590,642.827678,-20.572412,645.870362,-140.582234,649.769161,59.947602,0.002229,1,0
8.367000,-58.740271,206240.621067,-178.726296,206393.236018,61.230270,203452.676379,99.027426,641.423228,-21.047746,645.635920,-140.537329,650.862723,59.950774,0.001336,1,0
8.400000,-58.683668,206579.207012,-178.785172,205422.650316,61.112479,205982.088719,99.317216,646.898498,-20.584538,643.850503,-140.927407,644.159865,59.955016,0.019778,1,0
8.433000,-58.942747,205470.607527,-178.769937,205915.858607,61.290898,205043.617519,99.102614,644.645697,-21.278390,647.176956,-140.855317,646.191584,59.948583,-0.000027,1,0
8.467000,-58.732736,207318.271173,-178.624026,205497.724127,61.175658,205028.518079,99.210159,646.530517,-20.480112,650.656343,-140.703149,648.573980,59.950289,-0.010423,1,0
8.500000,-58.935052,205624.466526,-178.797806,206483.743960,61.315815,204677.043762,99.065984,641.922064,-20.628297,653.262610,-140.903167,647.654961,59.947398,0.006035,1,0
8.533000,-58.808346,204567.359135,-178.706722,205167.909045,61.208058,205526.999975,99.248309,645.052331,-20.728845,646.505341,-140.594557,650.214376,59.943449,-0.007789,1,0
8.567000,-58.914833,203802.893862,-178.832193,205601.319396,61.220097,204744.660273,98.729663,643.683367,-20.600731,646.742937,-140.491853,645.604834,59.944413,0.003220,1,0
8.600000,-58.955866,206033.721404,-178.966917,205701.113758,61.177315,203311.957382,99.193254,647.047937,-21.024097,645.281784,-140.953371,651.853983,59.946915,-0.003885,1,0
8.633000,-58.819748,204202.730560,-178.908982,204792.645620,61.118505,204800.058201,99.368121,651.071495,-20.819248,649.118370,-140.747006,649.881530,59.946505,0.002677,1,0
8.667000,-58.909986,205006.948418,-178.827890,204366.356633,61.111775,208043.214604,99.034370,648.878557,-20.753754,651.310250,-140.788290,648.914442,59.954837,-0.002300,1,0
8.700000,-58.772713,205290.104258,-178.901685,206444.407266,61.199191,205736.784088,99.397230,650.681705,-21.339627,654.408976,-140.751253,657.864885,59.958983,0.010502,1,0
8.733000,-58.879923,204552.187717,-178.850862,204762.916638,61.293290,206155.241997,99.587798,655.127946,-21.107172,652.438437,-140.627759,656.379293,59.945102,-0.000099,1,0
8.767000,-58.782787,205617.015244,-178.924493,205498.877457,60.937764,204038.289347,99.302418,653.039379,-20.750864,652.161686,-141.197726,653.947024,59.952623,-0.003402,1,0
8.800000,-58.814677,204494.405974,-178.955882,205902.323070,60.997303,204560.003326,99.061749,650.271720,-20.595073,654.861411,-140.859032,659.093182,59.959628,-0.000235,1,0
8.833000,-58.768773,204206.093718,-178.896252,204279.889345,61.304790,207288.484329,99.627319,651.877428,-20.724238,654.537063,-140.557683,653.707949,59.953660,-0.003921,1,0
8.867000,-58.719524,205481.512279,-178.983192,204482.493781,61.096006,206580.138879,99.014146,654.081615,-20.898793,651.927151,-140.883522,656.250144,59.955605,-0.002385,1,0
8.900000,-58.853023,204380.914560,-178.715501,203801.990403,61.401963,204910.542318,99.126898,652.116616,-20.724903,650.842683,-140.707235,651.400212,59.966095,-0.011634,1,0
8.933000,-58.810633,206258.608689,-178.814299,205635.351650,61.287798,204766.191018,98.815365,653.264131,-21.113820,653.707186,-140.933103,644.597325,59.960177,-0.002028,1,0
8.967000,-58.867339,204268.972871,-178.819196,205750.122197,61.259029,206688.743464,99.342402,652.669444,-20.678568,650.434989,-140.651628,658.164535,59.952437,0.003244,1,0
9.000000,-58.810282,206345.877682,-178.715859,205355.812561,61.291791,204738.472814,98.609876,647.094547,-20.647438,650.548815,-140.719004,648.357192,59.956335,-0.015249,1,0
9.033000,-58.769940,205800.489373,-178.618978,204056.296085,61.217078,206219.469602,99.261976,652.236001,-20.901991,652.459824,-140.962418,646.864770,59.955818,-0.002383,1,0
9.067000,-58.906324,205413.012809,-178.621706,204148.049067,61.287182,203745.908055,99.199313,657.182707,-20.717861,652.290327,-140.837168,654.197030,59.962739,0.002492,1,0
9.100000,-58.753766,206199.039603,-178.893187,206057.155210,61.058632,204745.681748,99.385329,657.464695,-20.656217,656.550042,-140.910918,650.710146,59.959991,-0.006237,1,0
9.133000,-58.827847,208017.728005,-178.843379,203515.618767,61.094315,203254.773046,98.920536,653.661930,-21.102076,656.542410,-141.085046,658.536079,59.967066,0.008384,1,0
9.167000,-58.876228,203361.931238,-178.833164,204964.751327,61.095698,206542.007342,99.100403,653.734130,-20.993077,654.158301,-140.882032,654.584099,59.956777,-0.009035,1,0
9.200000,-58.611446,205630.268881,-178.706640,203767.007074,61.148400,205912.660650,99.136387,657.486917,-20.998670,656.774040,-140.509392,653.964632,59.953462,0.003039,1,0
9.233000,-58.773972,206966.485250,-178.723570,205115.263649,61.447425,203785.220962,99.389868,654.953965,-20.688144,644.881897,-140.434865,658.472670,59.951197,-0.003361,1,0
9.267000,-58.560844,205678.006582,-178.641539,205631.101378,61.244992,204349.221172,99.454786,656.317761,-20.532795,649.998451,-140.717980,647.968963,59.962990,-0.000914,1,0
9.300000,-58.718300,206724.731542,-178.905511,205850.081257,61.201743,204451.036244,99.373681,655.447773,-20.970909,645.340455,-140.782862,654.516673,59.955230,-0.001887,1,0
9.333000,-58.625945,207100.651255,-178.829276,207504.718259,61.179239,205922.424373,99.123865,647.752862,-20.961512,656.033261,-140.630057,652.013125,59.959103,-0.003706,1,0
9.367000,-58.771203,207030.806978,-178.776383,205515.414130,61.344581,206410.617175,99.257303,651.006246,-20.700452,656.184330,-140.502489,649.315269,59.967225,0.005516,1,0
9.400000,-58.809729,205642.396906,-178.701464,205410.474227,61.294063,205542.572340,98.966643,657.211662,-20.293906,652.888178,-140.451075,659.776067,59.962812,-0.001104,1,0
9.433000,-58.730622,207303.801083,-178.888146,204316.960079,61.110300,207022.945329,99.273821,658.323977,-20.914070,657.252902,-141.161922,655.767556,59.959511,0.001610,1,0
9.467000,-58.541533,207472.666814,-178.817395,206424.538033,60.993005,205967.029719,99.930343,651.789153,-20.917253,658.022126,-141.147044,654.382276,59.953164,0.002439,1,0
9.500000,-58.745101,205904.190823,-179.011116,205387.663603,61.065590,204573.827054,98.869384,661.337807,-21.054236,653.944501,-140.909228,655.144294,59.959093,0.001545,1,0
9.533000,-58.808278,205624.724455,-178.798796,206136.467963,61.081489,206740.114124,98.964503,649.890903,-21.209839,648.503926,-141.005077,658.851833,59.955949,-0.001945,1,0
9.567000,-58.654882,205293.835601,-178.664669,206397.479778,61.291517,207405.602658,99.308947,656.339400,-20.412952,655.755097,-140.470989,652.461510,59.952262,-0.001712,1,0
9.600000,-58.862966,206341.200989,-178.836327,205681.726254,61.252889,206412.383043,98.908538,654.732263,-20.823119,649.288087,-140.727481,656.232414,59.949793,0.013619,1,0
9.633000,-58.661216,206659.277490,-178.754447,206842.339222,61.333239,205828.049897,99.659318,658.356796,-20.974637,657.390385,-140.500149,657.540670,59.955971,-0.003335,1,0
9.667000,-58.714864,206505.932993,-178.773442,206177.598906,61.320890,205925.438222,99.555020,660.371251,-21.139814,655.373070,-140.360290,654.648144,59.948065,0.005540,1,0
9.700000,-58.694302,205913.923053,-178.818610,204877.494629,61.232994,205101.637890,99.561365,658.280474,-20.706916,652.941670,-140.882860,657.170649,59.951445,0.001196,1,0
9.733000,-58.694076,208512.488133,-178.694238,204542.706100,61.192827,205102.284457,99.357192,660.374044,-20.748568,656.681483,-140.901685,655.278523,59.952926,0.000931,1,0
9.767000,-58.494594,205040.823883,-178.893857,208072.337349,61.117117,206772.165314,99.457413,654.971026,-21.256047,661.661105,-140.921282,652.218602,59.950915,-0.003872,1,0
9.800000,-58.719678,205481.443193,-178.817919,205200.035663,61.399769,205007.285663,99.178121,655.012718,-20.622359,654.726147,-140.613509,654.010600,59.945794,-0.008381,1,0
9.833000,-58.690218,206906.448734,-178.636787,205945.288252,61.203507,205438.002000,99.248992,653.920853,-20.848499,657.915412,-140.625122,654.744640,59.950954,-0.003277,1,0
9.867000,-58.652057,206590.914902,-178.753987,206471.350953,61.237978,206245.486254,99.332885,652.084251,-20.829647,656.714578,-140.698156,655.218750,59.956979,0.004802,1,0
9.900000,-58.656341,205765.228611,-178.588897,206526.959263,61.360438,204957.924707,99.420273,658.457832,-20.658427,654.978765,-140.606470,656.272241,59.955964,0.001096,1,0
9.933000,-58.735653,205086.583772,-178.792835,205349.449053,61.276371,204382.901567,98.997423,658.725816,-20.833648,656.197767,-140.503213,660.893369,59.958566,-0.010539,1,0
9.967000,-58.743477,206065.253259,-178.949400,206642.218240,61.034156,205160.555460,99.221465,658.285742,-20.928532,662.390650,-141.198539,656.581942,59.948788,0.000580,1,0
10.000000,-58.833591,205870.770780,-178.869497,205515.369556,61.231949,203737.021397,98.779329,654.747475,-20.731188,652.386883,-140.666432,653.231393,59.956224,-0.000660,1,0
10.033000,-58.690596,206373.882839,-178.899580,205341.027725,61.352660,207059.033222,99.386692,651.044056,-20.962179,651.559694,-140.780939,656.797217,59.952294,0.002782,1,0
10.067000,-58.670788,205594.031908,-178.806467,205042.114608,61.268152,206175.680586,99.252302,656.582294,-20.877674,655.078368,-140.731024,651.190500,59.953893,0.003777,1,0
10.100000,-58.806794,204881.259397,-178.736377,204873.319649,61.161180,204210.613761,99.509153,659.123041,-20.753014,654.659714,-140.563500,658.922276,59.957238,-0.008894,1,0
10.133000,-58.723897,205860.341483,-178.825334,205905.682821,61.155610,203945.141340,99.267677,652.501351,-20.707377,659.229638,-141.013594,660.468489,59.954764,0.006613,1,0
10.167000,-58.689501,206673.062354,-178.667389,204355.267283,61.324287,203204.933717,99.324608,663.321727,-20.789143,656.092832,-140.671740,649.646115,59.955425,-0.005176,1,0
10.200000,-58.911195,206240.141791,-178.566172,204513.357531,61.192377,206348.518545,98.779424,658.314997,-20.609028,654.069411,-140.663836,654.874698,59.948884,-0.003748,1,0
10.233000,-58.741203,205496.937610,-178.703776,204832.735888,61.262461,206812.669154,99.170601,660.607577,-20.654340,660.351727,-140.642536,657.553386,59.948208,0.005082,1,0
10.267000,-58.555663,205222.467579,-178.704538,204905.265135,61.248942,205705.965952,99.515717,659.519015,-20.796895,655.008537,-140.761602,651.722929,59.955713,-0.001787,1,0
10.300000,-58.667116,207260.169121,-178.580564,204879.784673,61.411506,205752.179011,99.069968,665.921634,-20.646646,657.693264,-140.877956,657.869824,59.943760,0.000562,1,0
10.333000,-58.739061,206059.144892,-178.549464,203717.438487,61.214008,204981.419643,99.252874,659.966309,-20.749011,650.849237,-140.688077,658.809535,59.948189,0.006391,1,0
10.367000,-58.959689,205145.612504,-178.741389,206172.276412,61.256478,206761.890110,98.927900,652.442291,-20.494942,663.564453,-141.122921,652.858651,59.950757,-0.005831,1,0
10.400000,-58.600010,206549.553755,-178.696782,207110.193237,61.312816,204629.477032,99.158348,655.193853,-20.923070,653.296753,-140.961841,660.530097,59.956846,0.008563,1,0
10.433000,-58.587324,205383.475927,-178.599095,205570.747352,61.352913,204475.455753,99.053179,659.199638,-20.614697,654.252208,-140.550628,656.699901,59.949658,-0.005804,1,0
10.467000,-58.654077,206064.651180,-178.572649,204500.834987,61.433004,205306.565790,99.460239,663.324943,-20.850280,660.389181,-140.961717,658.300227,59.950342,0.003808,1,0
10.500000,-58.509182,204863.889756,-178.809798,206705.148404,61.312420,205444.752338,99.611377,662.471902,-20.486504,664.769084,-140.805566,664.807545,59.950752,-0.000517,1,0
10.533000,-58.745103,204332.808797,-178.649101,206921.151118,61.296889,205987.652525,99.411709,663.336149,-20.765911,657.730191,-141.000908,658.231772,59.944520,-0.004051,1,0
10.567000,-58.676946,204351.087066,-178.613488,204125.483525,61.299682,202731.216518,99.423591,665.565926,-20.580020,663.027482,-140.754149,664.897645,59.952792,0.007892,1,0
10.600000,-58.654026,204653.843289,-178.558690,206951.029027,61.409549,204645.852288,99.573646,654.190577,-20.591030,666.902089,-140.703839,662.840815,59.954377,-0.004637,1,0
10.633000,-58.566972,204634.043045,-178.822060,204970.582998,61.300217,203864.631807,98.919236,660.548852,-20.572333,668.106542,-140.559853,659.511713,59.953610,-0.009505,1,0
10.667000,-58.753334,205382.250790,-178.801276,205882.406850,61.361696,204766.353098,99.489716,660.602957,-21.026202,655.257356,-140.717189,663.460199,59.951391,0.003602,1,0
10.700000,-58.709715,204499.933935,-178.595013,206208.656403,61.363012,203392.854046,99.392400,662.371830,-20.352539,664.094098,-140.885811,663.402684,59.956075,0.000500,1,0
10.733000,-58.650667,204490.314539,-178.496499,204134.138056,61.290602,203664.995669,99.639392,661.517560,-20.640342,658.843957,-140.612047,660.575755,59.945935,0.006581,1,0
10.767000,-58.775165,203071.954045,-178.655036,203405.864361,61.191220,205460.574119,99.225883,657.389613,-20.543466,655.153496,-140.483151,657.685619,59.940112,-0.005050,1,0
10.800000,-58.532891,205627.039967,-178.621456,203639.606639,61.306268,204172.735330,99.669145,656.875484,-20.574824,661.947267,-140.685517,654.819097,59.950402,0.005961,1,0
10.833000,-58.610821,205439.912749,-178.517042,205512.748907,61.345787,204416.645293,99.151177,658.992717,-20.570704,658.059185,-140.613466,658.005464,59.950500,-0.002215,1,0
10.867000,-58.648648,204367.086183,-178.671758,201646.196805,61.523663,204526.599175,99.382825,666.502344,-21.012179,662.006890,-140.408667,670.204910,59.947870,-0.016216,1,0
10.900000,-58.630442,205209.230731,-178.628312,203802.111250,61.413840,203616.201983,99.223035,661.103205,-20.472226,665.882162,-140.851669,662.534842,59.947101,0.003096,1,0
10.933000,-58.732525,203462.407196,-178.468707,204479.618203,61.465487,205246.325845,99.307518,654.537033,-20.431777,660.731957,-140.726714,665.997994,59.951168,-0.002637,1,0
10.967000,-58.414740,204248.325805,-178.376224,204575.363327,61.399008,204018.451944,99.465861,663.304476,-20.252580,664.981990,-140.603251,657.355014,59.946896,-0.005123,1,0
11.000000,-58.468511,204499.681267,-178.551224,205541.828049,61.411749,203907.594255,99.224775,667.187467,-20.794981,668.424051,-140.820701,674.705203,59.954154,-0.011929,1,0
11.033000,-58.616694,205266.226855,-178.678620,203549.860654,61.333610,204957.822718,99.659086,666.380240,-20.476852,670.572973,-140.899162,670.168191,59.943510,-0.008291,1,0
11.067000,-58.542123,205487.151984,-178.472266,203764.670422,61.440268,203241.663984,99.585273,664.206131,-20.402857,665.042028,-140.612757,672.343525,59.948531,0.001373,1,0
11.100000,-58.648556,206163.334209,-178.643393,203574.919121,61.352075,203367.408822,99.549043,667.193005,-20.610612,668.139294,-140.890158,665.258006,59.946681,0.015873,1,0
11.133000,-58.534176,204533.265754,-178.663767,204485.473465,61.204253,203934.639215,99.463683,665.251152,-20.602717,670.922658,-140.793874,665.581622,59.949450,-0.004593,1,0
11.167000,-58.640880,203680.090320,-178.518456,203521.089527,61.433935,204628.113464,99.655711,662.869611,-20.239380,665.654013,-140.531971,672.607867,59.944712,-0.000371,1,0
11.200000,-58.596355,203429.873354,-178.733008,203444.566201,61.358258,204611.895063,99.478626,662.163913,-20.496496,657.886148,-140.645686,656.766720,59.952634,-0.002959,1,0
11.233000,-58.739722,205666.796021,-178.729538,205899.979422,61.360240,203563.682150,99.457755,660.404972,-20.682823,660.701939,-140.664989,658.331521,59.945035,0.007182,1,0
11.267000,-58.718732,206092.986159,-178.722388,203958.582984,61.300027,205176.253802,99.539752,663.313719,-20.830013,661.084704,-140.484641,660.895215,59.944049,0.005058,1,0
11.300000,-58.685900,204968.240704,-178.635372,205534.987651,61.265306,205995.206824,99.300866,662.577718,-20.679460,662.884020,-140.636686,656.713977,59.953856,0.000667,1,0
11.333000,-58.689655,205849.018916,-178.740233,205317.617295,61.397366,206185.489166,99.293137,663.547724,-20.760206,655.277307,-140.372874,655.340602,59.956022,0.006097,1,0
11.367000,-58.692395,204833.078466,-178.718253,205053.818456,61.193270,205159.781939,98.926631,659.939595,-20.782261,664.643664,-140.731015,660.632644,59.944327,-0.010398,1,0
11.400000,-58.818262,204128.340869,-178.767497,203270.177224,61.243561,205462.259205,98.786097,659.229206,-20.782809,664.496564,-140.775453,653.971845,59.934960,0.008482,1,0
11.433000,-58.918048,204854.985179,-178.774541,205815.344035,61.167049,205271.234194,98.727412,664.971131,-20.765561,660.773343,-140.656000,661.129708,59.938454,-0.000212,1,0
11.467000,-58.661526,206253.508180,-178.901641,204757.713849,61.248305,204262.188506,99.482901,662.154210,-20.903424,654.370479,-140.851131,667.769230,59.945364,-0.004720,1,0
11.500000,-58.813651,203845.041964,-178.844227,206552.128691,61.184261,204687.817462,99.058115,657.168505,-20.756869,662.251750,-140.784177,659.209769,59.936287,0.008343,1,0
11.533000,-58.692685,206236.395726,-178.901513,204698.027833,61.067933,206835.377234,99.211262,664.203358,-21.085647,663.130290,-140.805134,665.528348,59.945524,-0.011712,1,0
11.567000,-58.972429,203218.465547,-178.989382,202579.170449,61.068992,205157.261813,99.116168,666.829166,-21.194384,669.308034,-140.771532,664.599674,59.943268,0.003693,1,0
11.600000,-58.872867,204661.458800,-178.905639,204336.418915,61.131951,205016.286649,98.946205,663.094284,-20.842478,667.523935,-140.705018,661.101741,59.940468,0.008698,1,0
11.633000,-58.805540,206817.831115,-179.044560,204229.773701,60.965430,203882.630565,99.227992,658.040265,-21.017256,666.385739,-140.971977,663.881906,59.937193,0.004928,1,0
11.667000,-58.858446,204834.295102,-178.796658,205966.898907,60.949773,203331.199686,99.416132,662.867803,-20.605993,662.699279,-140.832732,660.092947,59.937372,0.014120,1,0
11.700000,-58.850979,204714.019796,-178.845941,203511.261943,61.039319,204898.230186,99.270765,662.888569,-21.053630,655.407276,-140.895753,663.278308,59.930227,0.001688,1,0
11.733000,-58.895598,204371.413436,-178.908761,204178.366671,61.230620,204004.171074,99.077371,658.180899,-21.258509,664.738437,-140.945349,655.491511,59.936478,-0.009321,1,0
11.767000,-59.021384,204895.712308,-179.021629,203593.024753,61.085799,203432.792006,99.169983,659.355067,-21.141167,655.653217,-140.785078,663.328715,59.938327,0.001194,1,0
11.800000,-58.884722,205783.944421,-178.820511,203534.879321,61.353953,203292.532417,99.512984,661.359355,-20.785853,653.057398,-140.777578,662.402338,59.932381,0.005593,1,0
11.833000,-58.845455,203076.589158,-178.861759,203587.985499,61.297872,204124.516987,99.147176,655.460561,-21.085702,655.868325,-140.818477,656.222005,59.934252,-0.000317,1,0
11.867000,-58.794122,204887.435814,-178.829932,205514.176473,61.244394,203355.013308,99.302245,658.543681,-20.689645,658.462891,-140.583840,654.432387,59.939774,0.002640,1,0
11.900000,-58.962837,203173.766769,-178.956247,203913.007172,61.041846,204744.735227,99.182880,659.316063,-21.178624,653.140592,-141.016759,659.240014,59.939513,0.009332,1,0
11.933000,-59.077012,204262.618551,-178.899098,203345.612575,61.302346,204530.738857,98.934932,652.042078,-21.088909,662.450671,-140.671202,662.016635,59.939658,0.000248,1,0
11.967000,-58.890710,204522.291329,-178.778814,206265.307817,61.283320,204124.823397,99.095132,652.814220,-20.937775,658.850599,-140.951264,656.163340,59.932070,-0.010864,1,0
12.000000,-58.890008,205942.257207,-178.796340,204252.375770,61.112699,204637.115721,98.692763,656.939544,-20.829888,656.836971,-140.940574,657.079805,59.935549,-0.003461,1,0
12.033000,-58.972686,202764.133239,-178.916802,205129.377863,61.311823,203383.254098,99.004086,649.497868,-20.842568,663.132222,-140.775218,658.829206,59.947725,-0.001008,1,0
12.067000,-59.088088,204330.133524,-178.890584,204011.635154,61.132440,204569.069195,98.933904,661.153915,-20.658566,660.339461,-140.816347,660.461714,59.936971,0.007993,1,0
12.100000,-58.943868,203138.844863,-178.927083,206119.371145,60.967887,204344.277366,99.212322,665.189863,-20.938446,658.782795,-141.150431,662.108917,59.942382,0.006640,1,0
12.133000,-58.849172,204365.436644,-178.920878,205431.474948,61.337598,204213.279642,98.915361,656.281858,-21.042595,660.191750,-140.793865,659.920321,59.948468,0.010321,1,0
12.167000,-58.721926,204699.734783,-178.936257,205255.525879,61.131019,204639.915127,98.923915,657.354341,-21.140506,660.149072,-140.881185,656.938354,59.952043,0.002287,1,0
12.200000,-59.047814,204199.877842,-178.882055,204994.722103,60.928459,203286.645591,98.901630,665.747836,-20.569331,657.400078,-141.345637,656.880584,59.945301,0.007647,1,0
12.233000,-58.699400,203649.180064,-178.904704,204751.186837,61.163261,204386.182938,99.436248,665.097000,-20.696894,654.747043,-140.809168,660.095699,59.939439,-0.005429,1,0
12.267000,-58.896543,206171.265199,-178.963028,205280.410452,61.308499,202341.713339,99.149447,659.196605,-21.312083,664.179168,-140.756558,660.801418,59.944639,-0.008484,1,0
12.300000,-58.798043,203624.547206,-178.650629,206368.698173,61.417512,204150.807605,99.248344,661.641783,-20.579086,659.950666,-140.462442,666.957353,59.943431,0.001908,1,0
12.333000,-58.724816,206105.797357,-178.783708,204465.102156,61.270384,204020.905678,99.266684,659.944331,-20.802761,659.335281,-140.609220,657.090761,59.947346,-0.007254,1,0
12.367000,-58.757015,205890.879491,-178.698904,204507.275961,61.124252,203595.782308,98.755174,655.873543,-20.508455,662.077622,-140.938661,659.835410,59.943159,0.006343,1,0
12.400000,-58.732142,203905.664723,-178.729410,204254.011068,61.253915,203541.184740,99.525890,658.160196,-20.590847,653.210414,-140.652407,653.992238,59.936571,-0.007023,1,0
12.433000,-58.657387,204400.685278,-178.617548,206042.548274,61.214937,204684.404164,99.570943,655.451469,-20.662668,656.674494,-140.990340,653.542998,59.957002,0.005642,1,0
12.467000,-58.619470,205481.906283,-178.752703,205138.208367,61.231683,202778.200086,99.451193,656.209950,-20.869771,651.391789,-140.425344,652.339185,59.946948,0.009938,1,0
12.500000,-58.700307,203434.674463,-178.729326,204492.691590,61.142728,204193.744300,99.351189,658.141598,-20.824407,657.791323,-140.960117,656.360756,59.946499,-0.005001,1,0
12.533000,-58.617731,205014.505368,-178.850968,205092.329344,61.207997,203771.013309,99.132123,659.573546,-20.839740,663.403680,-140.608377,653.605055,59.944852,0.016603,1,0
12.567000,-58.537558,203155.729142,-178.630499,203629.062346,61.337768,202158.782661,99.476658,653.308645,-20.637469,652.803780,-140.702147,658.742234,59.950830,-0.000850,1,0
12.600000,-58.538507,204601.822524,-178.561163,204907.098592,61.364838,204098.749311,99.005255,664.526312,-20.552266,651.014552,-140.493895,661.707303,59.939184,0.008242,1,0
12.633000,-58.727734,204182.630499,-178.586600,204513.764999,61.379346,204894.047544,99.506816,662.778138,-20.482641,653.808449,-140.598404,654.917747,59.939212,-0.011215,1,0
12.667000,-58.687989,203545.764170,-178.610009,206021.461758,61.287747,203889.317954,98.972282,663.332748,-20.622935,659.938292,-140.958265,656.388458,59.939978,0.002258,1,0
12.700000,-58.558133,204281.070128,-178.497111,204727.323756,61.650254,202947.228604,99.497038,653.447829,-20.203875,662.397732,-140.451386,651.978523,59.951136,-0.008529,1,0
12.733000,-58.602403,204362.891867,-178.563623,205738.819058,61.473555,203695.379380,99.410556,653.394811,-20.321501,651.613788,-140.613819,654.903955,59.945519,0.001332,1,0
12.767000,-58.569459,202211.829191,-178.504126,202964.006822,61.491756,202495.515942,99.421528,659.456305,-20.371866,652.539026,-140.386618,656.087476,59.937671,-0.006785,1,0
12.800000,-58.490495,202328.121344,-178.842101,203716.232803,61.358735,204196.540227,99.423159,659.209734,-21.131477,659.477298,-140.587327,651.808512,59.943256,-0.008659,1,0
12.833000,-58.573803,204939.285717,-178.641487,204185.028839,61.169655,203182.907541,99.397916,654.866374,-20.263661,653.409785,-140.979502,657.218912,59.939256,-0.005363,1,0
12.867000,-58.601344,204733.679137,-178.870145,203975.511525,61.346430,203197.722122,99.808540,655.310874,-20.794358,649.386633,-140.897484,653.299377,59.946554,-0.017574,1,0
12.900000,-58.768312,203101.449614,-178.585053,203259.763047,61.441211,203370.872588,99.456963,651.979112,-20.658457,650.133664,-140.745035,655.602753,59.949240,-0.005386,1,0
12.933000,-58.563630,205064.922032,-178.672568,203841.759890,61.360729,205715.448554,99.693742,651.681315,-20.529183,654.627423,-140.893722,650.582338,59.956277,-0.000798,1,0
12.967000,-58.715095,203345.022842,-178.713123,203752.080019,61.401956,203490.210465,99.052069,655.381557,-20.752235,648.886199,-140.458129,649.826650,59.946989,-0.009072,1,0
13.000000,-58.630436,204297.175004,-178.732480,205009.253768,61.424191,202938.074159,99.171018,650.021189,-20.683529,650.271884,-140.800499,644.322751,59.957274,-0.007105,1,0
13.033000,-58.495466,202340.772072,-178.782830,202874.677051,61.314078,202572.880171,99.793735,655.756357,-20.699828,654.746415,-140.863256,650.208754,59.952458,0.007094,1,0
13.067000,-58.617116,204401.813109,-178.529024,203567.557783,61.301962,204874.087069,99.503659,658.409753,-20.749781,658.838269,-140.743758,653.513950,59.948342,0.006498,1,0
13.100000,-58.691685,203837.626015,-178.618363,204627.469911,61.311933,204704.891163,99.369680,652.983412,-20.826320,656.323866,-140.565313,651.059187,59.947111,-0.004337,1,0
13.133000,-58.808523,203673.500397,-178.659551,202365.945230,61.274904,203137.716866,99.289704,648.694262,-20.606847,648.606402,-140.682889,652.778844,59.953279,-0.008368,1,0
13.167000,-58.742207,203593.752991,-178.649953,203357.375838,61.380386,204189.589935,99.321001,648.458698,-20.652528,649.290473,-140.435138,651.809428,59.952686,-0.005785,1,0
13.200000,-58.854220,204039.262365,-178.805436,203252.375622,61.288820,201697.353639,99.062438,649.604283,-20.659822,652.501938,-140.789921,650.166784,59.954568,0.010612,1,0
13.233000,-58.684061,203220.495624,-178.589467,202393.554472,61.396704,203611.121430,99.185196,652.486100,-20.450220,643.149876,-140.597920,646.925264,59.950241,0.001559,1,0
13.267000,-58.810995,203953.777332,-178.788757,203635.811793,61.131987,204597.285162,99.304127,645.990718,-20.870077,648.330558,-140.764134,645.646600,59.953191,0.000345,1,0
13.300000,-58.748711,202730.018022,-178.685767,203602.758551,61.215761,204877.292976,98.997216,652.715890,-20.860000,644.920285,-140.719630,650.199331,59.954414,0.002748,1,0
13.333000,-58.717000,203542.358756,-178.622113,205901.062882,61.213843,203777.158439,99.106011,649.084700,-20.524567,656.367395,-140.923579,658.458416,59.964075,0.004501,1,0
13.367000,-58.686930,206714.410166,-178.756627,201886.753623,61.277076,203103.268490,99.381822,643.930990,-20.877942,650.492032,-140.753957,652.222059,59.959561,0.013254,1,0
13.400000,-58.539886,204190.405236,-178.737896,205707.915625,61.318309,204156.788246,99.256802,651.216445,-20.670816,653.957279,-140.762569,649.792515,59.956677,0.004988,1,0
13.433000,-58.685960,204219.802777,-178.704347,205905.632046,61.524453,204664.120238,99.526385,656.941934,-20.989946,653.034225,-140.610434,653.491313,59.954212,-0.003099,1,0
13.467000,-58.493728,204633.646218,-178.459765,203625.792498,61.477939,203871.924842,99.570990,648.585928,-20.548995,649.951913,-140.528552,646.435036,59.953050,-0.009326,1,0
13.500000,-58.561708,204258.790979,-178.639088,204291.694074,61.254294,203765.206916,99.530357,650.412680,-20.846111,650.045513,-140.711682,655.110439,59.949213,-0.002244,1,0
13.533000,-58.466445,203616.999099,-178.769678,204111.977992,61.421979,204948.924792,99.316460,650.211880,-20.568838,648.311385,-140.561833,642.039500,59.940008,0.000471,1,0
13.567000,-58.736838,204344.152014,-178.674159,205016.208291,61.256893,204807.156426,99.204744,639.803850,-20.794471,642.380070,-140.928368,652.489378,59.949749,0.008650,1,0
13.600000,-58.642105,204627.316464,-178.793497,202627.429598,61.484527,204192.114123,99.324547,651.129737,-21.061241,650.941403,-140.524172,649.085680,59.945430,0.000052,1,0
13.633000,-58.747122,203752.950090,-178.711294,204589.479626,61.308223,205412.197734,99.344964,644.840755,-20.736108,646.883135,-140.500310,648.928627,59.954327,0.004830,1,0
13.667000,-58.832248,204051.768913,-178.751984,205663.141928,61.426511,203710.029323,99.409012,647.330480,-20.750309,643.041046,-140.579103,644.095647,59.948148,-0.013860,1,0
13.700000,-58.785420,203831.214549,-178.717314,203921.907251,61.209352,205648.786617,99.346021,645.018995,-20.306418,641.833071,-140.914593,642.527995,59.946411,0.001807,1,0
13.733000,-58.574064,205866.390388,-178.695556,203945.571421,61.361201,204139.223504,99.679747,642.473721,-20.582119,638.914944,-140.836703,642.826905,59.944007,0.001711,1,0
13.767000,-58.662176,205435.700817,-178.557548,204080.531323,61.327711,205499.023844,99.421733,646.265760,-20.754703,643.318505,-140.654149,647.070714,59.944160,0.005937,1,0
13.800000,-58.764126,203666.206062,-178.575096,205322.143082,61.269156,204894.623315,99.639436,648.562931,-20.600030,650.286772,-141.291003,651.331803,59.947761,0.002934,1,0
13.833000,-58.752655,205122.004465,-178.482556,204463.999561,61.305685,205317.093715,99.173895,653.037903,-20.468048,648.416674,-140.857272,652.002451,59.938324,0.010523,1,0
13.867000,-58.751028,205008.770384,-178.809092,204912.596013,61.323375,205395.410496,99.173215,656.542332,-20.655870,657.034681,-140.712364,646.875246,59.948013,-0.000309,1,0
13.900000,-58.584773,205668.057172,-178.520919,202902.756621,61.252833,205003.513109,99.487434,649.104393,-20.487363,646.453132,-140.711389,644.330730,59.946102,0.006054,1,0
13.933000,-58.557220,205472.172914,-178.608662,203849.888767,61.393321,204937.449862,99.482789,654.751211,-20.620890,652.365429,-140.674586,647.722283,59.951572,-0.004087,1,0
13.967000,-58.726697,205333.740340,-178.586394,205383.448966,61.454836,205707.999110,99.147063,655.805954,-20.408205,646.091109,-140.511670,648.458291,59.948991,-0.004889,1,0
14.000000,-58.913804,205435.192296,-178.620263,204309.444119,61.320304,203891.549209,99.104780,648.707568,-20.501612,641.797323,-140.957718,644.495560,59.950217,-0.005640,1,0
14.033000,-58.760404,205162.070576,-178.737362,206114.475587,61.186109,205418.574788,99.375125,646.270000,-20.698298,652.186898,-140.928435,646.769271,59.948988,0.005109,1,0
14.067000,-58.528351,204002.330660,-178.499665,204505.247504,61.393632,205371.315558,99.404770,647.076274,-20.493922,646.398415,-140.593706,647.693861,59.952385,-0.002310,1,0
14.100000,-58.684058,203318.566119,-178.658771,206844.110825,61.435292,203380.361616,99.301311,647.421923,-20.638577,640.665216,-140.443928,652.512723,59.947615,-0.014932,1,0
14.133000,-58.650641,205013.503689,-178.619190,204639.324946,61.389755,204408.849467,99.674838,655.252323,-20.713136,644.476793,-140.581370,650.852033,59.945168,0.007974,1,0
14.167000,-58.593148,203695.549684,-178.709684,204023.037158,61.362267,204119.963585,99.649135,644.524580,-20.574553,645.471781,-140.564427,647.768800,59.947148,-0.010701,1,0
14.200000,-58.384913,204469.232584,-178.631924,203100.149249,61.263077,203456.856501,99.353931,651.420027,-20.531082,653.256665,-141.041209,644.621491,59.948776,-0.008581,1,0
14.233000,-58.459465,205049.270567,-178.449634,204560.567855,61.386228,204829.191289,99.675625,641.982603,-20.681725,654.235809,-140.846161,647.020065,59.942724,-0.007616,1,0
14.267000,-58.550707,203720.668818,-178.588287,203426.041646,61.515134,203511.009551,99.553881,645.321375,-20.389010,651.640456,-140.398974,649.040090,59.947356,-0.003299,1,0
14.300000,-58.453263,205600.636265,-178.553360,204630.517918,61.450715,203852.528070,99.215258,644.740118,-20.606803,640.035883,-140.458075,639.071884,59.946280,0.004130,1,0
14.333000,-58.636570,206264.949710,-178.539671,204276.072265,61.289266,202628.385378,99.558139,641.815305,-20.400256,640.120664,-140.803019,639.518318,59.948375,-0.002176,1,0
14.367000,-58.395684,203291.352931,-178.487627,202301.273560,61.315131,203465.834946,99.512469,645.988421,-20.522594,645.453768,-140.622394,641.542042,59.948884,0.006184,1,0
14.400000,-58.722880,203684.302264,-178.761882,204819.616822,61.262110,203869.323654,99.170213,645.071574,-20.899466,645.956660,-140.829576,645.978152,59.954225,-0.010153,1,0
14.433000,-58.600909,204402.946567,-178.747017,203772.361604,61.271128,203710.770393,99.322703,646.140115,-20.631559,646.253519,-140.712668,649.277135,59.951093,-0.005950,1,0
14.467000,-58.647459,205100.292105,-178.662954,206332.940955,61.284209,202731.692706,99.455644,648.943687,-20.540682,643.103057,-140.735301,648.206614,59.944178,-0.001804,1,0
14.500000,-58.768601,203139.216430,-178.744833,205139.306735,61.363416,203565.271443,98.987025,645.805204,-20.743303,646.297719,-140.956834,644.437410,59.945990,-0.001640,1,0
14.533000,-58.610053,204504.402122,-178.637668,203742.291649,61.177626,203049.089336,99.243278,646.730654,-20.781872,647.111113,-140.552575,649.525237,59.950643,-0.000897,1,0
14.567000,-58.509798,204212.556506,-178.840981,205695.159132,61.292599,203295.376937,99.579708,642.045401,-20.866929,644.284943,-140.777516,636.135123,59.942475,0.011140,1,0
14.600000,-58.842174,205874.966137,-178.534085,203747.851845,61.429223,204872.033325,98.764361,636.903911,-20.378905,645.099777,-140.547137,641.934498,59.940695,0.013150,1,0
14.633000,-58.636959,202419.510962,-178.629726,205118.533790,61.434287,205054.684348,99.402046,642.199828,-20.658202,644.117346,-140.582708,643.068557,59.943912,0.006250,1,0
14.667000,-58.683363,204775.616805,-178.657456,204833.351489,61.452121,204436.461487,99.492085,638.365188,-20.498834,650.512226,-140.772901,645.175206,59.943970,0.011575,1,0
14.700000,-58.572180,203541.979488,-178.483217,204088.848148,61.508785,203369.891179,99.420401,648.758719,-20.748973,641.319893,-140.795533,649.717739,59.950507,0.002738,1,0
14.733000,-58.729885,205521.288914,-178.820361,205659.825687,61.155142,202928.744912,99.093940,639.767992,-21.034031,648.367481,-140.718685,646.442180,59.948561,0.003103,1,0
14.767000,-58.574049,203429.768788,-178.594534,204697.902730,61.209185,204691.737820,99.115383,644.450019,-20.831767,651.313132,-140.716247,647.326257,59.956011,0.004253,1,0
14.800000,-58.492806,207532.202492,-178.772851,204909.221150,61.383323,204705.192228,99.199355,644.253713,-20.638978,653.449316,-140.401227,648.947285,59.957236,-0.005815,1,0
14.833000,-58.664649,204242.097680,-178.533152,206851.593621,61.319678,204171.489595,99.387758,642.796726,-20.908390,648.884714,-140.626073,640.558527,59.948523,-0.004155,1,0
14.867000,-58.449928,203529.145449,-178.839425,205060.384721,61.284359,202234.278735,99.523318,649.988994,-21.156676,647.001238,-141.075473,649.485948,59.951534,-0.003418,1,0
14.900000,-58.584816,204741.709467,-178.512494,206985.905534,61.362978,205490.294800,99.478180,649.432944,-20.390175,646.273772,-140.661848,646.771934,59.959793,-0.008140,1,0
14.933000,-58.652129,204754.859986,-178.746948,202851.014491,61.275235,202929.226890,99.395008,646.478001,-20.567804,646.490515,-140.427378,646.068665,59.955303,0.003104,1,0
14.967000,-58.377966,205279.342416,-178.446268,203491.010058,61.614149,205779.339759,99.554582,650.968033,-20.466608,653.836845,-140.327738,647.396436,59.951503,0.005606,1,0
15.000000,-58.602182,204323.330180,-178.538645,202975.817460,61.444968,203476.365508,99.261305,646.969756,-20.769219,650.397413,-140.422623,653.048364,59.957000,-0.004668,1,0
15.033000,-58.655128,204393.746987,-178.635159,204997.363231,61.354369,204756.347126,99.198673,652.453135,-20.479864,658.249705,-140.448987,651.862341,59.956606,0.012292,1,0
15.067000,-58.587171,205140.299679,-178.589604,204247.721271,61.463639,204309.495696,99.258630,658.910219,-20.826232,661.731222,-140.192055,653.146709,59.967437,-0.000502,1,0
15.100000,-58.775193,204216.918237,-178.539953,202171.616755,61.499729,204141.333154,98.793330,657.781022,-20.392800,653.661934,-140.652519,652.838161,59.954666,0.003843,1,0
15.133000,-58.518345,205182.112854,-178.646344,205422.374315,61.414570,203504.963879,99.689302,655.235083,-20.773313,660.552176,-140.413156,648.364458,59.955980,-0.007431,1,0
15.167000,-58.576016,205991.502316,-178.689719,204056.863134,61.185192,204077.044049,99.217312,658.056958,-20.752159,651.778158,-140.842635,654.372639,59.961233,0.006338,1,0
15.200000,-58.571343,204893.070479,-178.459718,204951.381388,61.435366,204418.206225,99.383422,657.080971,-20.629817,655.141927,-140.238908,649.566314,59.959975,-0.006455,1,0
15.233000,-58.630900,203169.670726,-178.577423,203628.820743,61.195987,203338.964480,99.289419,657.166199,-20.533502,651.317029,-140.809451,651.723768,59.957699,-0.011212,1,0
15.267000,-58.651990,203669.645682,-178.508764,204613.980843,61.436804,204346.247375,99.367076,658.309360,-20.530915,653.858889,-140.440351,653.744553,59.963770,0.005553,1,0
15.300000,-58.626187,204340.011058,-178.749287,205769.990331,61.314122,203302.443444,99.544395,656.381062,-21.078313,646.696568,-140.824651,651.739550,59.957987,0.006124,1,0
15.333000,-58.551164,205437.647295,-178.615320,203775.718107,61.482040,203235.094169,99.487897,651.204205,-20.530663,649.007754,-140.634898,655.383832,59.965775,-0.004062,1,0
15.367000,-58.502597,203845.294523,-178.485246,205051.432925,61.577626,203826.141195,99.715510,653.441486,-20.408986,646.148680,-140.559932,646.562131,59.962574,0.008042,1,0
15.400000,-58.488699,205014.125051,-178.434726,205442.728036,61.525438,203462.249258,99.583575,655.618327,-20.403397,654.637236,-140.377134,652.220371,59.955121,0.007796,1,0
15.433000,-58.620357,205599.713277,-178.463534,203301.019605,61.369880,204878.401665,99.198000,642.606104,-20.575021,650.577582,-140.562313,652.664516,59.964443,-0.004179,1,0
15.467000,-58.442367,203375.065053,-178.522169,204763.304873,61.782862,205122.380859,99.826953,651.810319,-20.792341,660.350750,-140.374771,646.134700,59.965641,0.001578,1,0
15.500000,-58.488285,204984.715571,-178.480126,206343.831725,61.375972,204297.585227,99.518546,657.705682,-20.412142,654.292237,-140.588032,659.335026,59.961920,0.008348,1,0
15.533000,-58.351221,203481.964589,-178.421478,206380.742250,61.485778,202882.221817,99.610595,652.893918,-20.054101,654.670112,-140.796452,654.798961,59.957261,0.004560,1,0
15.567000,-58.522454,203465.188773,-178.383741,202581.315915,61.608674,202809.940146,99.245296,653.363589,-20.218590,658.546213,-140.381345,652.528440,59.957987,-0.015463,1,0
15.600000,-58.444990,204238.568023,-178.556746,205675.672250,61.584526,203755.504316,99.704524,648.643010,-20.494336,647.731181,-140.325369,649.797358,59.953141,0.003249,1,0
15.633000,-58.399140,203420.884366,-178.372229,203831.692122,61.418371,203608.788520,99.740514,653.470595,-20.825891,651.664695,-140.656237,651.214633,59.958741,-0.020152,1,0
15.667000,-58.390448,203262.683786,-178.323114,204155.746139,61.379733,204887.150293,99.691312,655.066649,-20.326731,648.571300,-140.732113,645.047103,59.966535,-0.004121,1,0
15.700000,-58.333235,203356.853237,-178.449857,204335.660935,61.539554,204957.062008,99.973283,650.698855,-20.693889,650.877904,-140.487575,654.380557,59.958202,-0.001914,1,0
15.733000,-58.394763,204425.349564,-178.464498,202820.521316,61.619364,204562.451622,99.775771,647.603535,-20.649105,655.076247,-140.209737,658.066170,59.957313,0.002678,1,0
15.767000,-58.382014,204768.079091,-178.452084,203154.145567,61.709386,204965.408268,99.567471,656.853864,-20.701343,653.014562,-140.405351,647.627057,59.955407,-0.008678,1,0
15.800000,-58.514554,204061.610348,-178.203226,205947.463893,61.507217,205326.520920,99.692838,651.866574,-19.991031,648.816653,-140.612753,651.956706,59.946849,0.003489,1,0
15.833000,-58.304691,205588.911926,-178.466792,204319.396860,61.565000,205148.057140,99.900888,649.125814,-20.315830,646.655071,-140.599670,653.388046,59.962019,-0.007530,1,0
15.867000,-58.516802,202880.611402,-178.353533,204962.310168,61.564607,205190.553780,99.570700,649.462129,-20.367939,651.689267,-140.140175,652.868068,59.951454,-0.000597,1,0
15.900000,-58.707989,204491.850856,-178.410086,203523.171961,61.645115,204047.072209,99.390805,646.758969,-20.175221,649.398276,-140.379306,652.205750,59.956609,0.000496,1,0
15.933000,-58.294296,203583.575188,-178.479030,204780.923560,61.624112,204600.636805,99.979822,655.158085,-20.227998,649.794076,-140.410987,652.144925,59.957061,-0.008892,1,0
15.967000,-58.613810,204606.153963,-178.534722,204846.293005,61.582075,205923.565151,99.353367,651.930397,-20.635171,646.224699,-140.412705,652.466978,59.953415,0.006877,1,0
16.000000,-58.499579,204179.486270,-178.468051,204642.771916,61.470814,203780.047303,99.315750,651.228550,-20.637365,658.958183,-140.717501,663.086481,59.952976,0.002007,1,0
16.033000,-58.378100,203258.704269,-178.436491,204943.012123,61.517106,203905.617841,99.606098,652.539156,-20.414434,651.710247,-140.739142,662.344469,59.957437,-0.000812,1,0
16.067000,-58.519625,204268.772394,-178.558075,203047.386698,61.591478,203262.378702,99.732289,650.263030,-20.488874,652.567411,-140.120719,652.202486,59.954846,-0.006057,1,0
16.100000,-58.422201,204193.464117,-178.415609,203460.682309,61.572921,203946.360056,99.715946,653.440810,-20.367145,649.832783,-140.732034,652.381807,59.950478,-0.006028,1,0
16.133000,-58.410141,203615.711407,-178.638856,206050.646485,61.590961,205661.018100,99.257767,649.932288,-20.835649,654.730336,-140.462073,659.763096,59.949827,0.000920,1,0
16.167000,-58.366967,202723.224535,-178.571120,205221.840434,61.409659,203403.212561,99.726954,651.270195,-20.517839,649.728632,-140.579863,644.190600,59.958409,-0.007862,1,0
16.200000,-58.473630,204417.028280,-178.434225,204119.398680,61.556185,204376.505333,99.762059,653.325738,-20.327158,647.177696,-140.430707,659.061433,59.959669,-0.006731,1,0
16.233000,-58.406748,205962.332797,-178.422653,204888.332100,61.479112,203937.515978,99.459482,642.005385,-20.479905,644.134512,-140.523440,644.804002,59.955645,-0.003145,1,0
16.267000,-58.310548,205738.084257,-178.311375,205360.020124,61.415431,203028.037315,99.658624,651.011292,-20.422993,656.423673,-140.385488,651.826178,59.963041,0.004100,1,0
16.300000,-58.510980,204069.857005,-178.454455,203495.438553,61.715762,202759.603781,99.549514,650.484099,-20.249732,647.658755,-140.351987,653.501057,59.955984,0.010385,1,0
16.333000,-58.394684,205776.483651,-178.171638,204622.133332,61.490051,203960.808335,99.758377,647.252912,-20.084004,654.703573,-140.697409,651.593364,59.959778,-0.000026,1,0
16.367000,-58.462120,204963.063343,-178.389469,204726.331453,61.664139,202922.533218,99.580459,641.316998,-20.297569,651.035640,-140.468000,647.918686,59.958607,0.000553,1,0
16.400000,-58.507441,204945.376644,-178.405232,205056.432171,61.587996,202976.667807,99.271884,648.335306,-20.267628,646.906656,-140.468530,648.261150,59.956749,-0.000001,1,0
16.433000,-58.485614,204201.691412,-178.233422,202832.727625,61.636785,204709.140723,99.458960,651.749306,-20.098915,649.436342,-140.292030,646.579114,59.954396,-0.008972,1,0
16.467000,-58.422965,204823.450227,-178.156955,203611.751405,61.599236,204882.244329,99.403838,638.331536,-20.173598,655.276807,-140.097918,643.525187,59.943443,-0.002792,1,0
16.500000,-58.367290,204303.865136,-178.240877,204032.510324,61.471282,203295.717967,99.861309,651.628518,-20.161755,650.048974,-140.798377,646.615985,59.951326,0.007379,1,0
16.533000,-58.422091,207074.917283,-178.530788,205939.347256,61.651734,204798.053823,99.287594,646.302618,-20.508436,649.169391,-140.344531,640.294336,59.946030,0.003813,1,0
16.567000,-58.510183,203334.430367,-178.464750,204148.890320,61.440708,205097.970719,99.473187,647.581514,-20.126920,646.899995,-140.602787,649.586965,59.947125,0.003084,1,0
16.600000,-58.517098,203856.755338,-178.444927,203934.460528,61.542758,205841.601415,99.739767,644.228140,-20.375236,652.825576,-140.331381,647.608753,59.955473,-0.001989,1,0
16.633000,-58.467683,204678.434915,-178.437989,203727.948701,61.588296,202346.852069,99.434523,657.222559,-20.662899,643.740601,-140.617478,649.244472,59.950666,-0.006577,1,0
16.667000,-58.485364,204456.072086,-178.569541,203523.946512,61.625716,204886.089999,99.646164,649.232717,-20.862627,655.503602,-140.392263,645.987756,59.947781,-0.007244,1,0
16.700000,-58.449568,204800.137120,-178.348994,203677.795279,61.582653,203544.313810,99.525691,644.345514,-20.310277,649.663284,-140.267474,648.256005,59.945908,0.000919,1,0
16.733000,-58.318225,202830.697909,-178.262545,202864.050613,61.512549,204286.383715,99.770754,644.953791,-20.169925,646.053165,-140.559557,651.026738,59.957115,-0.003859,1,0
16.767000,-58.363215,206332.951838,-178.447475,205754.477851,61.258529,204615.177324,99.583259,648.495452,-20.602349,649.693761,-140.771058,647.752312,59.946787,0.003822,1,0
16.800000,-58.584634,203124.471960,-178.741397,205011.199004,61.590050,204238.457480,99.651265,647.234223,-20.712771,655.304623,-140.523057,646.945104,59.950593,-0.000276,1,0
16.833000,-58.565812,202540.020105,-178.515723,203613.349116,61.579282,204461.288315,99.389216,649.893673,-20.444602,656.706887,-140.425774,648.883230,59.952749,0.009394,1,0
16.867000,-58.571233,204014.577671,-178.338472,204360.233060,61.329687,204080.583629,99.396806,655.343398,-20.286718,647.297952,-141.098466,649.274432,59.945471,0.001929,1,0
16.900000,-58.594046,203826.022337,-178.541411,206017.895750,61.570874,203341.856827,99.197878,647.397398,-20.319173,646.463973,-140.431225,649.728114,59.946802,0.002563,1,0
16.933000,-58.497176,204336.738268,-178.505249,204050.750112,61.546212,204925.197848,99.722006,647.670983,-20.479802,642.216050,-140.412885,639.478390,59.954118,0.006168,1,0
16.967000,-58.603987,205143.583414,-178.537370,203770.404774,61.393835,205410.469339,99.725327,642.954323,-20.437681,652.926985,-140.834471,641.564891,59.952126,0.011953,1,0
17.000000,-58.563821,203513.692127,-178.407267,204945.321520,61.501953,203915.959040,99.738003,649.369658,-20.133859,650.714466,-140.319743,644.950673,59.944121,-0.006348,1,0
17.033000,-58.476644,204855.687407,-178.367274,203484.264198,61.534347,204302.316652,99.476685,645.925280,-20.497635,637.827399,-140.295517,638.351834,59.955737,0.000607,1,0
17.067000,-58.310414,203885.309914,-178.482311,204250.591046,61.535282,205288.119001,99.629011,646.864804,-20.643772,643.100376,-140.715488,647.774021,59.959000,-0.015600,1,0
17.100000,-58.427206,202770.080690,-178.405306,203548.138284,61.657351,203602.986416,99.457397,643.892729,-20.492034,640.882178,-140.094900,640.951869,59.951786,0.005744,1,0
17.133000,-58.511585,204019.854333,-178.452773,204799.703422,61.508263,205463.832471,99.279162,645.009265,-20.261856,646.632907,-140.909204,643.442506,59.960646,-0.010019,1,0
17.167000,-58.449723,204053.394514,-178.434273,203346.504530,61.399358,203491.596097,99.533754,647.696975,-20.271733,653.833480,-140.642661,649.473798,59.959939,-0.005129,1,0
17.200000,-58.539384,204578.768427,-178.371544,204077.243920,61.579191,204076.357846,99.601658,648.967675,-20.212777,647.697961,-140.315636,647.611872,59.952427,0.006909,1,0
17.233000,-58.379574,203986.696200,-178.413388,204536.829601,61.453020,203227.630140,99.606985,643.670867,-20.297215,648.516946,-140.561797,644.040030,59.954026,-0.007020,1,0
17.267000,-58.482678,203661.275463,-178.464234,204522.552963,61.595268,204401.828057,99.685794,646.979927,-20.465057,648.023046,-140.505763,648.468271,59.950838,-0.001310,1,0
17.300000,-58.596068,203881.278481,-178.479297,203252.584919,61.609697,202659.682881,99.133549,647.332264,-20.710363,646.984503,-140.257011,649.988575,59.959548,-0.001427,1,0
17.333000,-58.408763,204529.430549,-178.572948,204582.647810,61.447917,204301.254324,99.565955,648.805003,-20.258775,654.018621,-140.452738,648.615894,59.957461,-0.001550,1,0
17.367000,-58.470525,206273.543213,-178.338523,203150.640960,61.481371,203466.631718,99.723488,649.530151,-20.261975,645.685880,-140.588364,644.595872,59.956158,-0.009388,1,0
17.400000,-58.493607,203428.245560,-178.344042,202337.888641,61.684545,205316.784395,99.531801,650.324479,-20.434730,651.638245,-140.409458,648.350956,59.958916,-0.001884,1,0
17.433000,-58.593059,204039.120837,-178.512555,204007.828066,61.540303,202624.148458,99.459109,646.758612,-20.641272,645.772837,-140.257264,653.499466,59.952271,0.003711,1,0
17.467000,-58.236800,205207.873293,-178.310671,203749.727111,61.533524,203658.167903,99.950354,652.940759,-20.418359,653.366739,-140.248636,651.443519,59.963609,0.000500,1,0
17.500000,-58.398086,204070.364706,-178.416916,203061.248286,61.620010,203508.908536,99.394319,653.092163,-20.507676,646.403331,-140.268720,653.318802,59.958967,-0.000780,1,0
17.533000,-58.287848,204416.038779,-178.378021,203513.255025,61.708778,205063.652112,99.547102,650.550963,-20.579831,650.256525,-140.401400,651.421667,59.959130,-0.010980,1,0
17.567000,-58.406062,202948.744619,-178.397378,204008.811206,61.630090,206021.342194,99.745355,653.964511,-20.803059,644.676952,-140.155680,653.921346,59.954151,-0.000121,1,0
17.600000,-58.425836,204976.202994,-178.347687,204499.999469,61.919288,204397.791748,99.539436,646.607540,-20.008132,648.750852,-140.419113,649.330004,59.963664,-0.007385,1,0
17.633000,-58.376616,203401.491577,-178.194416,204752.517439,61.681109,203071.167710,99.335922,651.806522,-20.035345,652.995158,-140.539990,651.671791,59.956903,-0.003724,1,0
17.667000,-58.388547,204618.938259,-178.321978,203511.998982,61.740138,204892.230204,99.649191,655.038461,-20.245869,655.058985,-140.225031,655.712117,59.953091,-0.002290,1,0
17.700000,-58.359914,203547.752697,-178.688032,203965.050147,61.461617,204486.015061,99.750855,646.475874,-20.788786,655.175540,-140.207296,650.244404,59.956701,0.001853,1,0
17.733000,-58.310437,205641.941098,-178.408841,205015.760328,61.562767,203953.308917,99.562078,646.353905,-20.508818,652.372654,-140.272789,648.636587,59.953612,-0.003643,1,0
17.767000,-58.526712,204286.925447,-178.319620,205593.848815,61.525536,205527.631926,99.576010,650.594010,-20.003340,652.978109,-140.344900,650.620803,59.953700,0.008034,1,0
17.800000,-58.180097,205790.642029,-178.404973,204245.676576,61.567469,203415.635429,99.312782,644.730644,-20.252271,641.499605,-140.516658,641.924641,59.957862,0.009828,1,0
17.833000,-58.435283,204340.057118,-178.450539,204683.511640,61.533454,202835.579591,99.454649,648.129387,-20.684475,645.832698,-140.229833,645.189361,59.958600,-0.009041,1,0
17.867000,-58.387418,204834.621490,-178.372219,206124.054504,61.439885,203705.961909,99.402192,647.944944,-20.777476,641.069889,-140.976927,642.160896,59.957793,-0.000465,1,0
17.900000,-58.231718,206084.693597,-178.377096,203890.764216,61.622638,203503.496798,99.849969,635.795248,-20.325402,641.612784,-140.432525,640.708757,59.958884,0.002453,1,0
17.933000,-58.519876,205212.970356,-178.495036,204114.733335,61.516867,202858.424180,99.455455,643.770769,-20.549513,643.035928,-140.482129,647.684335,59.948795,0.002644,1,0
17.967000,-58.551741,204931.785431,-178.408552,204709.319427,61.694517,203767.637429,99.307215,640.732975,-20.509546,638.763929,-140.152529,641.274235,59.952311,-0.012833,1,0
18.000000,-58.443643,203820.514744,-178.332307,204961.543439,61.439551,204764.071742,99.340911,645.269430,-20.274695,640.626964,-140.310662,638.068863,59.949161,-0.002328,1,0
18.033000,-58.382914,204193.592722,-178.501370,204279.018002,61.452787,205497.365658,99.465516,643.479748,-20.619119,644.738732,-140.353631,643.173977,59.958087,0.004917,1,0
18.067000,-58.462688,204548.488575,-178.626073,204263.688354,61.497437,203909.658163,99.137641,641.835324,-20.471296,642.602052,-140.530170,643.495121,59.956487,0.017707,1,0
18.100000,-58.598661,202648.889249,-178.419065,205159.381982,61.415125,204896.265783,99.749571,642.636212,-20.299059,640.947838,-140.266026,643.338980,59.957277,0.009704,1,0
18.133000,-58.679061,205331.788517,-178.391238,204536.588932,61.420600,203385.819198,99.489577,640.707000,-20.359997,644.442827,-140.254853,634.263815,59.949836,-0.007464,1,0
18.167000,-58.470670,205683.918509,-178.463507,204639.460237,61.372624,203847.244207,99.370857,641.302983,-20.198117,650.192302,-140.669449,644.335109,59.948566,0.000997,1,0
18.200000,-58.514069,205152.047867,-178.590340,204236.369469,61.370557,204124.067516,99.135998,641.407548,-20.974555,637.245216,-140.565354,644.364751,59.957029,0.003669,1,0
18.233000,-58.461903,203794.949242,-178.490526,204240.309840,61.485907,205027.380517,99.824487,635.405240,-20.433445,636.982563,-140.496220,643.079431,59.961400,0.004495,1,0
18.267000,-58.514451,203441.969346,-178.541269,204781.801389,61.720927,203371.484432,99.640251,638.328746,-20.556335,640.622413,-140.029319,639.498750,59.960272,-0.000555,1,0
18.300000,-58.580582,204270.644530,-178.591468,205013.409192,61.475991,203977.632410,99.642824,636.692323,-20.711778,637.848477,-140.445399,635.751929,59.952433,-0.001184,1,0
18.333000,-58.610773,205319.189303,-178.732063,204684.703318,61.545226,202994.086692,99.683630,642.304255,-20.580551,635.876379,-140.407082,644.256205,59.954198,-0.004220,1,0
18.367000,-58.449197,203098.602756,-178.567539,205880.119209,61.450114,205563.932855,99.940539,638.226039,-20.770173,642.172420,-140.564992,638.707630,59.952237,0.000891,1,0
18.400000,-58.452145,204326.196903,-178.536340,205824.816064,61.610988,201479.537577,99.400505,639.103413,-20.418439,638.888163,-140.587068,631.621656,59.947337,-0.012046,1,0
18.433000,-58.399438,203704.321581,-178.623277,205328.634343,61.675354,205259.802848,99.950781,640.232960,-20.342251,634.014721,-140.204086,633.858148,59.954020,-0.001256,1,0
18.467000,-58.627305,206904.771526,-178.460392,204444.951886,61.602105,204871.171401,99.506398,632.821606,-20.321500,638.653087,-140.219596,637.092485,59.954165,0.003613,1,0
18.500000,-58.525809,205439.520528,-178.432585,205341.935948,61.559600,205951.852260,99.419680,640.223319,-20.193972,634.997928,-140.371912,636.357346,59.953370,0.004103,1,0
18.533000,-58.425204,205553.945351,-178.412353,205685.108277,61.609134,204370.302285,99.603629,635.420519,-20.292865,637.214351,-140.561245,638.123914,59.948601,0.016214,1,0
18.567000,-58.533812,205749.187456,-178.377338,207035.657721,61.608106,205453.650345,99.609989,639.287325,-20.210838,644.485987,-140.237566,640.579807,59.952571,0.011934,1,0
18.600000,-58.252970,205275.362536,-178.390788,203914.499331,61.545656,205487.494276,99.907523,637.278960,-20.013485,636.473154,-140.299625,637.353320,59.953627,0.000566,1,0
18.633000,-58.350844,204722.936304,-178.274447,206454.650785,61.713139,205043.376919,99.576342,640.810187,-20.300793,645.115287,-140.349872,628.816148,59.949224,0.012836,1,0
18.667000,-58.332121,205265.397644,-178.405735,205781.274434,61.510288,205185.688579,99.623427,639.115427,-20.245705,641.759745,-140.676346,635.549254,59.944404,0.000187,1,0
18.700000,-58.271954,205186.035567,-178.489258,205443.037860,61.488985,204877.734695,99.652876,629.986053,-20.667890,629.484460,-140.640959,634.123089,59.947783,0.001025,1,0
18.733000,-58.428425,205328.157325,-178.194865,205570.439815,61.502712,205931.012601,99.406759,631.440039,-20.186918,633.183578,-140.526848,633.288276,59.950581,0.009236,1,0
18.767000,-58.335258,204481.739537,-178.223586,205488.258443,61.546164,204757.010565,99.605729,632.402704,-19.901165,637.349278,-140.439831,630.524191,59.952557,0.000346,1,0
18.800000,-58.493686,205507.744254,-178.205001,205424.651469,61.554100,204221.190675,99.446248,633.880341,-20.134273,641.653162,-140.400444,631.050981,59.948579,-0.006016,1,0
18.833000,-58.352769,203593.171003,-178.256582,206484.421632,61.545068,205166.599401,99.587081,640.530614,-20.456328,634.625415,-140.267562,636.883917,59.946902,0.002028,1,0
18.867000,-58.316468,204992.885767,-178.309334,206402.320928,61.423205,205762.186315,99.724817,633.208491,-20.242666,644.300196,-140.509917,632.892367,59.950637,-0.002735,1,0
18.900000,-58.345749,205675.355057,-178.188465,204475.626328,61.589178,206629.210336,99.362598,643.857767,-20.478773,638.803538,-140.145490,636.194988,59.945591,-0.000564,1,0
18.933000,-58.354690,206038.275070,-178.253125,206483.994046,61.820909,205175.874555,99.445178,642.803241,-20.187808,634.980504,-140.305029,636.272731,59.945860,-0.017209,1,0
18.967000,-58.366649,205223.659813,-178.312826,203761.891680,61.758369,206209.324533,99.612835,635.367579,-20.529956,637.877099,-140.174175,635.262931,59.946208,-0.004437,1,0
19.000000,-58.261936,202816.812036,-178.236399,205029.639308,61.655032,204600.746161,99.800814,632.275819,-19.827391,645.523222,-140.205642,632.839563,59.942574,-0.002329,1,0
19.033000,-58.217665,205543.962353,-178.381516,204631.641190,61.747222,205655.789309,99.682942,632.451168,-20.176228,632.500642,-140.578253,634.675566,59.937556,0.010116,1,0
19.067000,-58.240937,203993.096411,-178.179538,203808.493839,61.765950,203993.251277,99.545427,634.634383,-19.980945,629.962667,-140.491207,630.820400,59.939678,-0.008621,1,0
19.100000,-58.337194,206245.479970,-178.330747,207033.987477,61.614243,205570.193532,99.498144,640.293481,-20.256338,639.333515,-140.190191,634.321043,59.944467,0.000772,1,0
19.133000,-58.211974,204643.834852,-178.336038,207026.955594,61.754031,203976.623032,99.449616,639.176587,-20.256386,633.298573,-140.329160,635.246271,59.937522,-0.005447,1,0
19.167000,-58.387711,206408.004337,-178.277402,204613.206773,61.658579,205298.470875,99.663822,637.799723,-20.253007,628.239805,-140.625146,630.100518,59.942706,-0.003958,1,0
19.200000,-58.471888,203590.493640,-178.350896,206246.493498,61.521105,206120.543618,99.518863,630.108859,-20.293629,639.833390,-140.505318,630.917473,59.941354,-0.003290,1,0
19.233000,-58.469733,205660.678953,-178.189153,204671.147024,61.716022,205430.093555,99.088414,631.713269,-20.163912,624.924335,-140.503794,631.173383,59.941627,0.007860,1,0
19.267000,-58.228595,204806.740148,-178.259457,204998.606676,61.465254,205500.391627,99.687399,635.335186,-20.445173,634.484618,-140.694292,630.455131,59.943482,0.007795,1,0
19.300000,-58.238088,205928.070482,-178.481312,204953.728179,61.810327,203218.301490,99.739842,640.478784,-20.717394,634.697154,-139.937387,637.404547,59.944196,0.001046,1,0
19.333000,-58.552087,205612.252234,-178.337430,205175.586931,61.652926,204256.862181,99.457876,636.073330,-19.878162,629.813490,-140.459907,638.749297,59.954961,0.012609,1,0
19.367000,-58.376515,207610.041484,-178.099055,203956.332095,61.775909,202938.449079,99.496504,641.344918,-20.066782,638.152194,-140.125292,631.639930,59.952366,-0.001214,1,0
19.400000,-58.264801,205051.881422,-178.177107,204699.386843,61.750494,205393.665115,99.742705,636.563125,-20.374422,634.999975,-140.565783,637.789038,59.945261,-0.003630,1,0
19.433000,-58.453197,205551.541013,-178.201994,205371.767193,61.637427,204938.197640,99.666450,636.397907,-20.007872,636.105826,-140.302786,632.258774,59.950970,0.006775,1,0
19.467000,-58.384349,205381.134954,-178.218123,204778.887556,61.748204,204607.797912,99.315251,635.025065,-20.253567,634.626890,-140.378160,634.124448,59.954094,0.001050,1,0
19.500000,-58.383041,205789.636689,-178.214691,203909.641844,61.678541,205918.423664,99.903723,641.230046,-20.451892,638.237069,-140.335052,634.542607,59.951699,-0.004681,1,0
19.533000,-58.297478,205862.344044,-178.229284,203869.669597,61.814889,203813.530300,99.444322,634.889410,-19.851150,638.673700,-140.279533,639.465491,59.957416,-0.003324,1,0
19.567000,-58.344941,204205.344669,-178.351218,204848.361205,61.888447,205247.703423,99.420606,635.075874,-20.679506,630.475058,-140.059856,637.148727,59.961355,-0.001856,1,0
19.600000,-58.282508,205127.625065,-178.088733,205794.209737,62.010682,204688.042903,100.037822,636.983131,-20.076387,634.946642,-139.626529,637.732354,59.961813,0.002758,1,0
19.633000,-58.275485,206278.357587,-178.311003,205095.573224,61.695153,204586.666581,99.600882,635.572557,-20.338750,643.513341,-140.567730,641.889809,59.960855,-0.002218,1,0
19.667000,-58.209426,206045.380561,-178.270053,203746.996833,61.783993,204353.399409,99.871980,638.413415,-20.101429,640.137144,-139.908026,639.501696,59.963750,0.003116,1,0
19.700000,-58.024293,206341.238117,-178.174510,204281.623529,61.878885,204081.995043,100.050247,635.854679,-20.034694,644.863821,-140.373893,641.514186,59.961072,0.008221,1,0
19.733000,-58.348130,204918.660471,-178.057278,205145.114285,61.670102,203974.224882,99.581358,650.871027,-19.855551,640.381940,-140.399764,640.460202,59.960131,-0.010475,1,0
19.767000,-58.085329,205978.646994,-178.250736,202703.294670,61.558718,204229.701054,99.912181,628.675133,-20.393511,632.142867,-140.535563,637.052998,59.966297,-0.009028,1,0
19.800000,-58.170719,204752.417887,-178.313347,206205.500676,61.637081,202848.288685,99.772334,639.789723,-20.282063,643.544990,-140.515818,645.366393,59.955546,0.011786,1,0
19.833000,-58.307550,204474.743140,-178.458112,204758.651496,61.774391,204911.438770,99.820443,636.322902,-20.641925,635.373688,-140.312490,638.612438,59.963532,-0.007305,1,0
19.867000,-58.163005,205823.487893,-178.285239,205450.959291,61.741808,205196.638103,99.929155,642.228118,-20.284753,641.770145,-140.038628,645.243785,59.956238,0.006690,1,0
19.900000,-58.198147,205545.466764,-178.060083,206118.798558,61.924542,204416.192607,99.885499,649.441790,-19.777869,638.477311,-139.954086,639.041063,59.969825,-0.001704,1,0
19.933000,-58.243844,203212.677525,-178.088121,204815.145101,61.761037,203884.057715,99.587327,641.417649,-20.240201,642.498598,-140.238166,646.267405,59.949029,0.002968,1,0
19.967000,-58.159138,204983.704603,-178.208486,205233.770744,61.911201,203872.267560,100.314439,644.803600,-19.895585,640.954299,-139.675539,644.059197,59.959385,-0.000692,1,0
20.000000,-58.309036,205782.731807,-178.228040,205790.534384,61.715522,204980.020487,99.667962,647.798959,-20.278649,646.088378,-140.510172,642.879869,59.957978,-0.009995,1,0
20.033000,-58.181667,206026.401882,-178.231748,206263.623955,61.820968,204307.454543,99.782348,644.799915,-20.006122,648.268142,-140.096437,639.384097,59.962642,-0.001164,1,0
20.067000,-58.382609,204318.427023,-178.355367,204684.493072,61.660194,205427.619740,99.567791,643.356488,-20.444104,636.408311,-140.403508,642.014737,59.957840,-0.003585,1,0
20.100000,-58.266398,205749.000262,-178.269933,204724.631698,61.941688,201869.383320,99.696478,642.571531,-20.385481,645.451654,-140.308571,633.379875,59.966555,-0.005604,1,0
20.133000,-58.197742,206224.681830,-178.326552,204533.506716,62.146496,205185.502342,99.916992,645.423084,-20.376421,644.596207,-139.750124,643.541645,59.957155,0.009655,1,0
20.167000,-58.238126,204030.422570,-178.294001,206998.969266,61.849030,205378.935386,99.803532,634.569884,-20.217455,648.632486,-140.348699,638.608805,59.960521,-0.006890,1,0
20.200000,-58.350634,205666.592369,-178.372238,205444.515909,61.801800,204353.008893,99.606440,639.684224,-20.449166,638.917135,-140.233009,636.599725,59.969295,0.003217,1,0
20.233000,-58.338952,205130.998359,-178.146464,203875.118121,61.786465,203223.193985,99.624362,641.555773,-20.177780,637.494941,-140.327694,643.912828,59.961386,0.004732,1,0
20.267000,-58.249789,204937.297937,-178.328184,203526.185526,61.697449,203960.434690,99.778888,645.593731,-20.505196,643.926120,-140.384632,635.598059,59.953138,-0.010657,1,0
20.300000,-58.378876,206895.571041,-178.309787,205388.895521,61.708794,204713.078878,99.511649,639.347505,-20.494734,639.615841,-140.279888,638.479216,59.942417,0.003544,1,0
20.333000,-58.150459,204192.497775,-178.180137,204648.798778,61.684263,205025.602722,99.975667,644.863379,-20.318281,636.947096,-140.412336,642.996070,59.954374,0.015705,1,0
20.367000,-58.419076,204891.254876,-178.430038,206899.789527,61.725000,205300.626291,99.633723,636.485257,-20.185752,644.890186,-140.066398,640.976191,59.953780,-0.004825,1,0
20.400000,-58.372654,204856.531075,-178.238351,204548.307664,61.793807,203803.822341,99.692783,635.545594,-20.108335,636.880639,-140.220348,640.769352,59.953030,-0.000774,1,0
20.433000,-58.508192,204943.332194,-178.137341,203521.771549,61.721871,203877.420805,99.554810,644.856980,-20.218389,640.962804,-140.144486,646.306389,59.960803,-0.011653,1,0
20.467000,-58.251416,205459.553103,-178.328583,204393.634030,61.810111,205728.653408,99.688247,646.363795,-20.429219,636.839806,-140.365593,634.932253,59.960629,-0.004830,1,0
20.500000,-58.458693,204663.330443,-178.088276,205353.093789,61.982953,204184.777007,99.817037,636.550573,-19.866600,634.174905,-139.709715,641.489601,59.968404,-0.001329,1,0
20.533000,-58.435600,203446.563887,-178.293759,203822.988213,61.840298,202624.072608,99.977958,633.599772,-20.407342,636.580887,-140.466162,641.119616,59.958335,0.003734,1,0
20.567000,-58.397865,204956.655639,-178.510872,204216.978264,61.467136,205307.751054,99.592203,637.536271,-20.466351,640.658202,-140.301434,638.389645,59.971110,-0.003433,1,0
20.600000,-58.287477,203060.817784,-178.232934,203286.684242,61.604358,204612.693860,99.832494,633.631110,-20.415086,636.101146,-140.564654,636.144522,59.971224,-0.001961,1,0
20.633000,-58.391355,203615.193300,-178.437190,203234.884165,61.605636,204444.385412,99.667784,638.321255,-20.463676,639.247591,-140.477204,627.461509,59.964934,-0.007879,1,0
20.667000,-58.544699,203607.673244,-178.323182,205195.913992,61.573790,204488.538034,99.646075,641.501251,-20.128265,638.087200,-140.285769,636.803163,59.962954,0.000827,1,0
20.700000,-58.345334,204912.070328,-178.427381,204999.759025,61.751966,207109.833551,99.808044,637.722917,-20.579478,633.098609,-140.300545,634.871130,59.968262,0.012594,1,0
20.733000,-58.481083,203274.366951,-178.498911,204706.291394,61.634843,202952.279761,99.481192,643.628985,-20.521070,639.406424,-140.731223,639.090444,59.964263,0.001710,1,0
20.767000,-58.351387,205868.417077,-178.367451,205153.915028,61.555725,204058.825561,99.753643,640.596086,-20.234273,638.172710,-140.368222,635.212136,59.968921,0.009955,1,0
20.800000,-58.510701,203862.769436,-178.403596,203728.389777,61.639931,204554.134498,99.079321,636.704468,-20.479778,636.643048,-140.012496,630.563825,59.962102,-0.011081,1,0
20.833000,-58.311425,206264.634202,-178.465575,203815.435491,61.629832,203472.318486,99.667353,632.135089,-20.486607,635.795289,-140.452623,641.072629,59.973355,0.001575,1,0
20.867000,-58.610419,203733.937557,-178.246200,207082.381475,61.503200,203521.362253,99.307707,642.514530,-20.338333,639.704084,-140.742101,636.139992,59.965357,-0.009373,1,0
20.900000,-58.291891,204069.684319,-178.236907,205386.997639,61.503805,205136.521212,99.573454,638.408690,-20.529141,640.512703,-140.457603,630.262149,59.971035,-0.002581,1,0
20.933000,-58.418582,204390.351010,-178.182962,204858.049757,61.432926,204566.142070,99.473867,640.053767,-20.318486,638.239397,-140.726692,634.393743,59.968915,0.002882,1,0
20.967000,-58.496907,203245.188644,-178.364704,205141.472383,61.541935,202857.095419,99.864022,636.322340,-20.472559,634.775011,-140.388498,631.399450,59.960745,0.012499,1,0
21.000000,-58.451242,205236.502371,-178.154089,204807.511096,61.397409,204901.648316,99.601515,630.517742,-20.267530,636.526203,-140.527253,634.777154,59.972285,-0.003497,1,0
21.033000,-58.183689,203072.267783,-178.352273,205600.045067,61.796328,203049.937252,99.758760,633.515361,-20.022356,633.212239,-139.896847,634.143659,59.969664,-0.005705,1,0
21.067000,-58.193589,204387.412134,-178.341074,204722.312567,61.698996,203521.531404,99.917906,634.174920,-20.650895,638.642535,-140.421973,639.051952,59.966884,0.002151,1,0
21.100000,-58.387475,206177.712583,-178.335128,203916.716101,61.511420,203833.727812,99.734554,632.375481,-20.663277,627.345601,-140.470051,631.060756,59.973809,0.006659,1,0
21.133000,-58.180623,203594.309787,-178.276242,204052.921813,61.731773,203966.971529,99.828500,633.199154,-20.181355,637.934685,-140.436896,633.615097,59.967214,0.005751,1,0
21.167000,-58.153301,204511.319139,-178.231154,205792.686236,61.937422,203867.315500,100.058183,639.925579,-20.252874,628.730474,-139.935253,628.896572,59.971032,-0.004164,1,0
21.200000,-58.100292,204639.720795,-178.359791,205196.541917,61.670064,203377.870228,99.805059,629.797941,-20.298294,628.477516,-140.243690,630.209632,59.966725,-0.005605,1,0
21.233000,-58.405886,206108.380375,-178.233839,205282.258128,61.775203,204796.531033,99.889091,626.075762,-20.506799,627.645218,-140.136055,630.338648,59.969830,-0.013953,1,0
21.267000,-58.200473,206524.290227,-178.210980,204776.639095,61.589164,204649.898027,99.543674,631.880336,-20.232915,626.313707,-140.599653,631.055621,59.968322,-0.004757,1,0
21.300000,-58.313016,205817.286616,-178.153248,204731.247496,61.706317,204967.790136,100.067483,634.988268,-20.095744,626.837681,-140.366987,638.245250,59.968516,0.010695,1,0
21.333000,-58.360711,204910.952761,-178.218391,204153.545207,61.696496,203711.612969,99.620526,631.933673,-19.940838,628.626363,-140.225106,630.848704,59.969507,0.006046,1,0
21.367000,-58.242335,204573.192237,-178.141455,204162.712172,61.678336,205826.751049,99.700482,627.091402,-20.363887,628.678436,-140.222521,629.443943,59.968480,-0.000628,1,0
21.400000,-58.276080,204147.166204,-178.133672,206111.033000,61.574768,205638.949515,99.620253,627.707011,-20.211183,633.191643,-140.411254,630.723384,59.967370,0.001616,1,0
21.433000,-58.316090,204183.926401,-178.341427,205862.833841,61.656957,205308.634777,99.886455,635.734946,-20.391368,629.115751,-140.322434,628.977420,59.966088,0.003405,1,0
21.467000,-58.305966,204219.767519,-178.430216,206728.757393,61.901165,206398.863073,99.550394,625.686365,-20.712965,624.689181,-140.058891,628.591810,59.973700,0.010958,1,0
21.500000,-58.288465,205278.689786,-178.363250,205885.903749,61.550224,204385.995998,99.683657,630.787093,-20.439417,628.975067,-140.928898,631.369747,59.968340,0.005218,1,0
21.533000,-58.479191,205746.862097,-178.334210,205667.074529,61.634050,205820.127524,99.443800,631.564699,-20.237327,626.492239,-140.161459,629.801404,59.976124,-0.015799,1,0
21.567000,-58.410206,204853.346556,-178.226369,205679.533908,61.718417,203328.892884,99.621532,623.164021,-20.377207,630.709793,-140.195657,631.414025,59.964937,-0.000490,1,0
21.600000,-58.292492,205636.524995,-178.240266,204793.523345,61.598653,205152.179486,99.458060,631.234850,-20.451114,633.827184,-140.136357,640.093161,59.965127,-0.009912,1,0
21.633000,-58.184685,204433.165851,-178.504122,205022.293667,61.667083,207518.281914,99.530374,634.233824,-20.347364,635.153139,-140.298591,639.577622,59.967155,0.004555,1,0
21.667000,-58.585361,204555.566704,-178.327922,205062.668823,61.760461,203203.162285,99.147078,632.561221,-20.204319,635.843253,-140.517783,631.950622,59.967845,0.005828,1,0
21.700000,-58.445092,203979.560592,-178.285581,204459.459068,61.844625,205011.733430,99.605281,627.831341,-20.463981,635.116731,-140.148702,633.156017,59.970540,0.003375,1,0
21.733000,-58.465188,205363.109388,-178.286457,204626.797933,61.685134,204966.798836,99.444611,628.195023,-20.336352,626.749243,-140.746138,629.004735,59.967418,-0.017779,1,0
21.767000,-58.366453,206077.331057,-178.254606,205092.942854,61.789467,204477.958952,99.567250,632.241588,-20.363652,627.204461,-140.145562,632.395143,59.961563,0.005555,1,0
21.800000,-58.372179,206262.144641,-178.128237,205885.894936,61.895769,204487.947947,99.975124,634.043062,-19.914446,633.782334,-139.915441,630.684788,59.959663,-0.002800,1,0
21.833000,-58.431504,204467.592164,-178.327923,203832.677767,61.666298,205386.819180,99.220658,628.717611,-20.383716,629.405946,-140.570283,633.385275,59.954266,-0.008424,1,0
21.867000,-58.259038,205595.203612,-178.198079,206726.496612,61.708575,204640.962438,99.500332,631.640860,-20.123978,630.462936,-140.484290,631.533765,59.969282,0.014756,1,0
21.900000,-58.148820,205638.915463,-178.286562,205851.973268,61.628448,204889.255694,99.852842,630.646964,-19.914491,627.863581,-140.169438,629.583641,59.959742,0.000572,1,0
21.933000,-58.262035,203942.011731,-178.295372,206045.429893,61.744854,204029.032592,99.749451,626.962248,-20.129173,632.229771,-140.013887,630.198836,59.964342,-0.007642,1,0
21.967000,-58.310987,206132.914470,-178.152133,206113.288745,61.807850,203932.260023,99.982271,624.135985,-20.087324,630.757450,-140.368713,624.934583,59.964699,-0.002427,1,0
22.000000,-58.219164,205969.247097,-178.458346,206938.614971,61.838995,204330.987485,99.678552,625.617423,-20.332800,626.288978,-140.212807,631.464664,59.964541,0.014800,1,0
22.033000,-58.444016,206637.411681,-178.338831,205320.072687,61.716915,203945.499813,99.519169,630.096908,-20.406546,625.351501,-140.142043,626.099214,59.962322,0.000264,1,0
22.067000,-58.359780,204430.585707,-178.316411,202442.762376,61.739032,204561.298654,99.574464,628.173585,-20.047885,625.372709,-140.231322,627.312542,59.969948,0.006639,1,0
22.100000,-58.348328,205259.713814,-178.266911,205601.364175,61.544409,204536.559109,99.389931,627.829718,-20.380003,627.672995,-140.294812,629.790785,59.962863,-0.000640,1,0
22.133000,-58.158280,204032.627234,-178.290432,204603.772816,61.554179,202800.331607,100.139562,620.563952,-20.044399,620.426047,-140.342513,626.403084,59.956814,-0.003095,1,0
22.167000,-58.308178,202629.102705,-178.340971,206975.917020,61.777716,204819.864913,99.658595,625.365189,-20.564242,626.242950,-140.331618,620.071518,59.966482,-0.003007,1,0
22.200000,-58.191493,205002.888356,-178.187696,206515.049082,61.743466,203208.732103,99.737624,624.790821,-20.090659,625.936144,-140.079536,621.381708,59.965669,-0.000715,1,0
22.233000,-58.261055,203381.617544,-178.223391,204245.316596,61.870200,206056.565311,99.661913,626.020236,-20.144296,629.600321,-140.098013,624.810272,59.966681,0.011449,1,0
22.267000,-58.258259,203539.881338,-178.272194,204496.392810,61.794101,202652.304919,99.704698,624.915199,-20.240319,618.267240,-140.307909,619.363376,59.960297,-0.012465,1,0
22.300000,-58.119966,204675.204021,-178.122701,206348.241906,61.813226,203199.594016,99.539601,617.905868,-19.875189,628.702021,-140.229822,622.792921,59.965317,-0.009242,1,0
22.333000,-58.235775,205866.333262,-178.104186,205778.108094,62.007103,202912.884703,99.772438,621.576382,-20.331384,627.783980,-140.167701,624.042891,59.963373,-0.006505,1,0
22.367000,-58.318511,205013.483402,-178.191040,203604.683283,61.882536,203014.052606,99.917915,619.364738,-20.253477,621.281414,-139.833650,621.899932,59.966201,0.006675,1,0
22.400000,-58.388268,205214.116293,-177.990945,204253.218386,61.708115,204357.615813,99.468435,628.061522,-19.932709,624.723956,-140.536549,625.199468,59.966801,-0.000221,1,0
22.433000,-58.182688,205929.792997,-178.210078,206348.152856,61.630414,204452.028491,99.790199,626.554048,-20.416913,620.977577,-140.289661,625.481926,59.966405,-0.001576,1,0
22.467000,-58.469479,204548.240014,-178.189452,204869.219094,61.897130,203428.276953,99.182327,620.426549,-20.249246,623.669049,-139.846737,621.396347,59.956080,-0.013541,1,0
22.500000,-58.100461,203755.582084,-178.133492,205317.665449,61.888395,203711.886026,100.076987,625.832422,-20.014654,619.943203,-139.948389,622.419434,59.967726,-0.000341,1,0
22.533000,-58.265639,204361.972436,-178.297046,205280.782622,61.813143,204150.954244,99.570095,624.737217,-20.384224,627.575888,-140.170154,616.593896,59.963909,-0.009158,1,0
22.567000,-58.189840,205407.420361,-178.422710,203877.971247,61.738312,204851.414154,99.868534,623.503120,-20.829683,628.740600,-140.386283,615.914387,59.961114,-0.007917,1,0
22.600000,-58.213523,206837.331887,-178.182944,205172.523561,61.719048,205471.890278,99.712444,625.403515,-19.905540,622.935886,-140.378070,623.527559,59.953434,0.004952,1,0
22.633000,-58.261454,205524.044516,-178.263498,206310.649350,61.781889,205408.225699,99.679297,629.490814,-20.281078,620.277632,-140.040724,630.107401,59.951094,0.002944,1,0
22.667000,-58.221419,204717.190742,-178.219039,205011.188265,61.729287,204503.835625,99.551766,623.424635,-20.232022,621.333193,-140.427420,620.922185,59.960317,-0.004412,1,0
22.700000,-58.274489,204449.239329,-178.285940,204186.955998,61.879693,204270.627519,99.543048,627.962075,-20.158866,624.911921,-140.263629,622.420576,59.959092,0.003227,1,0
22.733000,-58.198103,208369.927645,-178.236947,205452.182375,61.796354,202313.009402,99.857619,625.347293,-20.109469,627.169839,-140.357525,628.231627,59.945327,0.006359,1,0
22.767000,-58.132582,204911.989441,-178.255749,204884.986593,61.740248,204943.270820,99.717495,631.461419,-20.109792,629.580566,-140.194493,630.692395,59.959587,0.001563,1,0
22.800000,-58.179140,205704.798539,-178.231786,203993.859873,61.782078,205108.025918,99.695521,620.713677,-20.392237,631.930430,-140.462227,617.893363,59.941981,0.012123,1,0
22.833000,-58.142538,205549.538531,-178.093775,204455.993526,61.761743,205056.604252,99.936062,627.121655,-20.118858,629.443790,-139.974498,626.039142,59.951128,-0.005095,1,0
22.867000,-58.275797,204276.514073,-178.397038,203465.164001,61.765983,204960.534988,99.663670,622.990757,-20.253399,626.844263,-140.175735,618.937009,59.957520,-0.007428,1,0
22.900000,-58.150415,203832.635294,-178.334168,204906.058958,61.868309,204773.942007,99.752995,624.588860,-20.625671,627.541445,-140.272399,625.159324,59.961209,-0.001196,1,0
22.933000,-58.271169,204242.593705,-178.098106,203300.319510,61.848466,205857.106536,99.657088,620.164256,-20.070522,624.368738,-140.202153,623.206004,59.956768,-0.000130,1,0
22.967000,-58.244303,204560.092702,-177.966916,207309.392444,61.997898,205948.187957,99.568121,622.502076,-20.051938,622.109623,-139.711400,622.134293,59.954326,0.014667,1,0
23.000000,-58.247351,203419.655598,-178.287694,205706.817515,61.918317,204444.601307,100.088615,621.672702,-19.998552,624.044029,-140.276755,616.981561,59.950908,-0.005754,1,0
23.033000,-57.998648,206033.698593,-177.988910,205431.060993,61.775762,203955.353201,99.847553,624.039184,-20.057760,623.745848,-140.150360,628.748099,59.954582,-0.014259,1,0
23.067000,-58.011365,204059.905644,-178.127993,206048.039308,61.783925,205679.513567,100.121454,628.915757,-20.229914,621.436617,-140.074577,632.665796,59.956357,0.014198,1,0
23.100000,-58.191154,205081.930569,-178.033282,205786.320452,61.840426,203582.837517,99.654124,626.066751,-20.339234,630.014819,-140.000621,625.880446,59.946268,0.006842,1,0
23.133000,-58.111042,204344.551150,-178.091643,205607.760908,62.010533,204423.550320,100.069652,632.853385,-20.394023,636.426638,-139.709914,633.127325,59.951489,-0.010517,1,0
23.167000,-58.240650,204901.014932,-177.999863,204779.831300,61.737863,205275.206354,99.816076,625.397528,-19.755602,633.305843,-140.326681,627.579363,59.950831,0.004709,1,0
23.200000,-58.164436,205299.032811,-177.945074,203569.238747,61.836711,205288.644661,99.930618,628.764425,-20.255263,623.988097,-140.073370,627.842971,59.958423,0.006358,1,0
23.233000,-58.005174,204097.793215,-178.124191,204445.677417,61.839294,204707.774624,99.992282,618.369263,-20.375766,631.273794,-139.789857,631.686418,59.953093,0.004829,1,0
23.267000,-58.156150,203208.589750,-178.185638,203064.647926,61.971331,203652.769661,99.881378,629.285288,-20.301570,627.331052,-140.173523,625.718174,59.955627,0.002731,1,0
23.300000,-57.943205,205101.408885,-178.121063,206093.798290,61.978174,203599.489039,100.053800,621.749438,-20.025766,630.590055,-140.130183,621.200153,59.958177,-0.000871,1,0
23.333000,-57.968370,203661.634503,-178.062882,202315.698392,62.047960,204347.312534,100.114490,623.810509,-20.093594,625.663910,-139.738819,623.915020,59.960255,0.010196,1,0
23.367000,-57.851570,204570.664118,-178.138164,203350.072885,61.828113,203966.710558,100.336115,625.213455,-19.901202,624.604822,-139.951606,629.571623,59.963886,0.011734,1,0
23.400000,-58.152722,203060.536755,-178.232937,203678.212345,61.802812,206154.398912,99.640717,624.940335,-19.942303,623.440524,-139.996537,621.653688,59.960522,0.001741,1,0
23.433000,-58.233543,204494.550595,-178.250613,205273.207164,62.024639,204554.276510,99.724202,631.483472,-20.268861,628.294918,-139.960656,631.391215,59.962075,0.001378,1,0
23.467000,-58.105283,204599.604378,-178.119717,204961.938610,61.902267,204344.670353,99.692763,630.997155,-20.366832,627.847781,-140.077155,624.577602,59.964461,-0.006485,1,0
23.500000,-58.226317,203926.773000,-178.234244,204333.301641,61.855495,204799.557198,99.819460,624.431063,-20.026602,627.690997,-140.010518,631.175330,59.963942,-0.002365,1,0
23.533000,-58.187441,205249.709757,-178.217501,204825.385491,61.627323,204312.370545,99.741840,625.028242,-20.032444,627.855708,-140.346383,618.258543,59.965186,0.005884,1,0
23.567000,-58.069609,203742.197174,-178.131208,204039.154154,61.882857,204029.730596,100.066435,626.716463,-19.962656,628.071882,-140.328728,624.144005,59.963036,-0.003075,1,0
23.600000,-58.157546,204566.869346,-178.255527,204908.909771,61.847900,203412.161273,99.680074,631.737152,-20.252804,632.391977,-140.097549,637.457082,59.963692,0.001033,1,0
23.633000,-58.022375,204170.649794,-177.992162,204390.772305,61.950673,204942.741598,99.873459,640.025366,-20.387859,634.983604,-140.039092,634.116317,59.958042,0.001743,1,0
23.667000,-57.887747,204468.874708,-178.282858,204259.070430,61.911465,203342.403977,99.846298,632.046516,-20.147860,632.897862,-140.234491,631.992316,59.969560,0.004108,1,0
23.700000,-58.001457,204367.188735,-178.192270,204371.902150,61.928672,204052.528643,99.744544,630.862490,-20.430531,633.670046,-139.857379,629.427394,59.963414,-0.003970,1,0
23.733000,-58.155594,205926.760463,-178.102833,205427.140023,61.923995,205029.734955,99.767534,633.829754,-20.013423,623.186247,-139.906142,631.872423,59.963657,-0.001815,1,0
23.767000,-58.112008,204946.993257,-178.080590,205389.417645,61.882305,204309.278573,99.982011,642.658094,-20.043231,640.199208,-139.718012,631.010757,59.964259,-0.012461,1,0
23.800000,-58.068313,205277.593768,-177.991520,203978.915947,62.106183,205146.653583,99.937389,629.693450,-19.880555,634.443687,-139.638792,638.544137,59.962613,0.008739,1,0
23.833000,-58.069479,205027.535481,-178.179088,203725.350237,61.828077,204541.633477,99.792578,625.486032,-20.216116,628.587193,-139.993174,632.415505,59.969179,-0.006519,1,0
23.867000,-58.088137,204811.811616,-177.974459,203437.112056,61.837685,203317.790670,99.997462,631.137179,-19.812254,629.226875,-140.150165,627.892476,59.958445,0.004651,1,0
23.900000,-58.011500,202870.785100,-178.171168,202486.761915,62.053072,203301.497810,99.817260,632.709679,-20.626240,635.909359,-140.063235,631.824114,59.961123,-0.001962,1,0
23.933000,-58.027963,204265.782463,-178.196337,202759.224176,61.735352,205158.127742,99.865504,626.738789,-20.129594,631.755509,-140.356883,626.071983,59.963346,0.006057,1,0
23.967000,-57.977793,204748.769153,-178.257481,204216.477802,61.944689,204703.060929,100.392704,628.827507,-20.401922,635.159700,-140.143425,631.245125,59.964858,-0.009872,1,0
24.000000,-58.031263,203613.319280,-177.919637,202554.109972,62.124660,203142.069212,99.599290,627.538419,-19.715801,625.399469,-139.714562,631.925091,59.964842,0.003339,1,0
24.033000,-58.209939,206230.275723,-178.264084,205111.312280,61.993481,201296.653125,99.697668,625.913210,-20.220285,624.917934,-140.138848,627.321409,59.971505,0.001436,1,0
24.067000,-58.198228,205218.036761,-178.074406,203996.912026,61.862120,204918.477831,99.890987,628.844240,-20.057007,624.670646,-140.003771,624.004489,59.963880,-0.002138,1,0
24.100000,-58.374988,204876.559922,-178.043169,204139.120248,61.821868,203028.204328,99.306505,632.045339,-20.209027,625.466044,-140.088839,624.712500,59.968413,0.000360,1,0
24.133000,-57.956342,204825.728084,-178.150681,205815.977013,61.742416,203329.229656,100.083975,623.967466,-19.847493,617.086515,-139.995172,627.346706,59.975248,-0.003936,1,0
24.167000,-58.149543,204368.934577,-178.105220,204591.958781,61.919118,203335.641290,99.997591,629.815893,-19.909848,615.268712,-139.896548,626.975194,59.965108,0.008407,1,0
24.200000,-57.994788,205296.636644,-178.102245,204551.679351,61.946650,204345.049645,99.991481,620.749110,-20.090911,626.071808,-140.169864,622.444525,59.962526,-0.003390,1,0
24.233000,-58.375500,204112.088768,-178.178370,203389.991066,61.885032,204231.799693,99.929600,623.658423,-20.331540,625.848623,-140.176387,624.436552,59.969290,0.011764,1,0
24.267000,-58.005502,203610.369370,-178.087251,203811.017234,61.925375,203690.145781,100.128256,621.466004,-20.414935,628.129544,-139.742198,625.552155,59.969846,0.003124,1,0
24.300000,-58.106199,202996.879538,-178.225134,204416.796875,61.783007,203864.893438,99.839350,626.592658,-20.183016,620.325730,-140.328341,619.162828,59.971880,0.002305,1,0
24.333000,-58.090325,203108.049789,-178.176002,204607.483578,61.749325,204868.282014,99.938809,621.615450,-19.897689,624.783255,-140.503574,618.018403,59.961799,-0.004390,1,0
24.367000,-58.000627,204038.485932,-178.284318,203895.944997,61.834834,202763.809413,100.278519,625.236066,-20.534313,620.188558,-140.248741,615.968212,59.969491,-0.001490,1,0
24.400000,-57.983667,204848.383762,-178.147556,203473.556806,61.925846,203439.522335,99.903748,628.039932,-20.270875,621.705353,-140.714968,632.096325,59.957987,-0.010249,1,0
24.433000,-58.215369,203448.456041,-178.121627,203985.094123,61.816605,203896.300813,99.635319,626.076440,-20.246830,625.136092,-140.092230,624.107879,59.965300,-0.007970,1,0
24.467000,-58.066717,201619.622601,-178.084730,202979.109552,61.979140,202570.196655,99.790888,625.616267,-20.128934,622.733535,-140.095884,623.673146,59.965031,0.002859,1,0
24.500000,-58.078376,202782.701861,-178.081807,202245.951614,62.087160,202981.087074,99.676286,627.803845,-20.047424,626.162396,-139.778759,622.568567,59.968960,-0.012079,1,0
24.533000,-58.063752,203388.205491,-178.055699,201239.986288,61.982449,202980.686400,99.759530,629.973738,-19.752104,623.985731,-140.245400,621.408790,59.966814,-0.006912,1,0
24.567000,-57.960805,203519.068595,-178.199850,202224.949160,62.038660,202519.567492,99.979219,631.218531,-20.326155,623.604805,-139.652783,626.093978,59.965672,0.003963,1,0
24.600000,-58.068272,203395.456666,-177.805017,202797.511607,61.716220,203101.021353,99.936298,630.575713,-19.556216,630.636781,-140.097382,630.212009,59.969002,0.002591,1,0
24.633000,-58.039794,202015.020737,-177.880107,203168.376221,62.102710,201949.907759,100.000382,625.282079,-20.041801,631.351783,-140.084873,624.098115,59.968907,-0.007880,1,0
24.667000,-57.871571,203576.927650,-177.938776,203226.339116,62.093263,204655.459347,99.975078,625.948728,-20.114897,628.347007,-140.027012,631.779740,59.966864,-0.013414,1,0
24.700000,-58.032713,201621.703327,-178.092845,201962.721106,62.077290,202662.310235,99.791338,626.902719,-20.267207,629.033524,-140.173814,629.056685,59.961770,0.005100,1,0
24.733000,-57.983195,203533.071058,-177.834254,203281.564460,62.214865,203288.760250,100.233139,629.339215,-19.769329,632.542132,-139.653808,633.994737,59.966462,0.005674,1,0
24.767000,-57.956309,203551.991527,-178.113032,201432.603638,61.944930,203279.439652,99.920538,636.461387,-19.979774,628.422563,-140.015196,629.856984,59.962546,0.001003,1,0
24.800000,-58.158397,202672.597509,-178.041004,202117.281858,62.091743,202943.265057,99.698285,642.372175,-20.148763,629.020308,-140.049402,628.568919,59.964370,-0.001977,1,0
24.833000,-58.078001,203865.016481,-177.994893,203172.240432,61.820190,201217.321798,100.121082,634.300574,-20.175272,626.995032,-140.489919,637.527407,59.965841,-0.007211,1,0
24.867000,-58.021816,202554.016981,-178.215159,203636.740028,61.885381,203133.040385,100.037446,635.419146,-20.131371,631.695878,-140.259217,634.159786,59.969146,-0.008205,1,0
24.900000,-58.018268,201933.091834,-178.072075,203854.206463,61.860266,202249.066884,100.005664,628.208166,-20.083166,639.660485,-140.251174,632.816472,59.970755,0.009800,1,0
24.933000,-58.014584,202544.287592,-177.929674,203526.982043,61.889504,202861.231714,99.540387,628.031992,-19.777678,638.563815,-140.211223,634.907716,59.964616,0.001447,1,0
24.967000,-57.836665,202585.995498,-178.110358,202087.958392,61.944442,202782.429310,100.074619,633.772594,-20.115009,639.537770,-139.780149,636.325166,59.963955,-0.001255,1,0
25.000000,-57.994794,201715.252942,-178.105612,204286.675934,62.048038,202332.855122,100.151715,640.462638,-20.049524,634.738565,-139.888449,637.970843,59.956495,-0.004471,1,0
25.033000,-58.145766,203545.294482,-178.035109,202711.490613,61.901117,202458.226949,99.653439,634.082076,-20.099032,631.481415,-140.079370,639.858845,59.965087,-0.011979,1,0
25.067000,-58.057195,202754.681800,-178.208976,203200.713714,61.846438,202895.745622,99.995581,632.562853,-20.449854,638.983592,-140.277705,629.968704,59.958416,-0.008594,1,0
25.100000,-57.937112,202890.298774,-178.041014,203182.527846,61.942849,203928.137187,99.762670,632.617508,-20.037348,634.000288,-140.151991,639.515403,59.963049,-0.002246,1,0
25.133000,-57.876753,202530.310393,-178.114967,203915.779322,61.925870,203834.520643,100.108678,633.720803,-19.892721,638.043266,-140.163081,631.861067,59.971024,0.005529,1,0
25.167000,-58.044268,202900.834200,-178.041782,203669.983556,61.840913,202732.325400,99.950530,637.580302,-20.023633,627.486479,-139.994915,637.192062,59.969145,-0.004801,1,0
25.200000,-58.064886,202572.448374,-177.711614,201177.518065,62.027025,202488.720459,100.098225,632.895836,-19.780378,633.704409,-140.074081,628.952318,59.973969,-0.011165,1,0
25.233000,-57.995311,202183.437037,-178.054168,201975.901264,61.961298,202153.709084,100.080766,630.226299,-20.007486,630.319424,-140.253481,629.668320,59.964416,-0.005420,1,0
25.267000,-58.030744,202703.141909,-178.110071,202045.862828,61.878857,203586.195537,99.731261,624.795772,-19.961749,638.410646,-140.329257,624.747987,59.967228,0.003559,1,0
25.300000,-57.995250,203093.782796,-177.978829,203467.028217,61.770702,202040.338734,100.067460,631.183892,-20.042600,625.439482,-140.028134,626.613020,59.977184,-0.007864,1,0
25.333000,-57.959541,204390.492307,-177.959069,202382.777536,61.894829,201672.504882,100.158012,625.642087,-19.868282,624.067798,-140.253037,626.448600,59.965215,-0.004065,1,0
25.367000,-57.915765,203208.249648,-178.034344,204630.289747,62.124595,202959.275401,99.979784,632.980867,-20.078237,635.000427,-139.778432,635.721578,59.968295,0.001172,1,0
25.400000,-58.214002,202210.529318,-178.078763,202486.767876,61.901325,203098.431865,99.538152,627.232613,-19.744821,628.191827,-140.299589,629.198825,59.973717,0.006531,1,0
25.433000,-58.024745,203018.606083,-177.929523,203936.062696,61.998273,201665.965714,99.901316,631.535117,-19.722879,627.751593,-140.267238,627.764189,59.966152,0.003456,1,0
25.467000,-58.095806,204633.433490,-178.019176,204757.378208,62.122382,201869.788662,99.616097,628.141804,-19.889928,623.445038,-140.065911,631.685131,59.964158,0.000413,1,0
25.500000,-57.927896,203204.900658,-178.118007,202033.857838,61.863242,202327.284644,99.990571,628.311542,-20.431409,636.582414,-140.291656,632.848039,59.959421,-0.005371,1,0
25.533000,-58.064558,203237.563087,-178.004602,203722.917415,61.914528,203761.278176,99.936728,624.531486,-20.105794,631.085643,-139.620029,629.174128,59.974774,-0.004877,1,0
25.567000,-58.024562,201507.549766,-178.075971,203425.975094,61.862732,203278.454104,99.863274,638.484156,-20.069795,631.852671,-140.216930,632.975762,59.967512,0.001297,1,0
25.600000,-57.981455,204789.856709,-177.930722,203922.336811,61.913534,203150.549190,99.984284,630.311319,-20.009297,633.856493,-140.230817,637.151210,59.971186,-0.007772,1,0
25.633000,-57.988799,202846.666030,-177.868555,205147.289094,61.778602,201492.500529,99.869886,627.995694,-19.971988,630.252682,-140.267233,634.300361,59.978661,-0.001351,1,0
25.667000,-58.141162,204519.135332,-178.251639,205729.878597,61.934096,202591.956341,99.810933,626.192635,-20.144788,631.561829,-139.841535,633.138079,59.972777,-0.009501,1,0
25.700000,-57.954509,204501.337806,-178.009985,202606.468386,61.893092,203008.130049,99.865330,631.508714,-19.852177,630.006483,-140.328967,632.991982,59.970296,-0.011660,1,0
25.733000,-58.195342,203699.895418,-177.943536,205023.560636,61.831436,202109.649462,99.736648,628.360571,-20.194147,636.607981,-139.907550,636.816516,59.968546,-0.002165,1,0
25.767000,-58.148202,203607.776454,-177.994722,203545.081119,61.866329,203115.433072,99.876658,638.470494,-19.817772,634.813793,-140.205304,636.564917,59.970984,-0.011173,1,0
25.800000,-58.131653,204276.665363,-177.846968,202100.310959,61.882762,203023.003971,99.578388,636.423980,-19.977020,639.376963,-140.229963,634.494386,59.968917,0.012082,1,0
25.833000,-57.936781,201993.469698,-177.727758,202280.601863,61.858140,202912.323713,100.284644,636.457255,-19.818662,644.427871,-140.016466,641.412055,59.977695,0.002503,1,0
25.867000,-58.046678,201933.532538,-178.102710,205195.795911,61.992110,202604.710811,100.108664,643.907913,-19.776624,629.268483,-139.750775,639.150933,59.969599,-0.008630,1,0
25.900000,-57.920563,202996.077594,-177.977735,205483.468923,62.247878,201403.458689,99.890436,639.864708,-19.739176,635.782965,-139.756915,636.864527,59.974002,0.017499,1,0
25.933000,-57.900043,204033.448468,-177.846574,205198.707013,62.006657,204031.747068,100.466724,628.194977,-20.007868,629.194480,-140.117681,634.196437,59.968360,0.008796,1,0
25.967000,-58.035272,203954.233772,-177.907432,205410.334621,61.901462,203921.855334,99.948569,631.012495,-19.755613,637.643515,-140.108429,643.892725,59.975262,0.001563,1,0
26.000000,-57.911938,204405.590584,-178.004061,203578.645028,61.935077,204101.149191,100.063458,637.045272,-20.090881,639.327887,-140.250890,643.075159,59.978627,0.010870,1,0
26.033000,-57.895167,204379.464789,-177.785122,202626.199882,61.763855,202063.923431,99.758894,646.947927,-19.936539,641.906770,-140.209725,641.277183,59.972139,0.000915,1,0
26.067000,-58.118453,205292.653055,-177.884235,202024.019257,62.040306,203453.437574,99.599578,639.016221,-19.545787,639.442360,-139.959992,639.487510,59.976787,-0.008288,1,0
26.100000,-57.965546,203288.452081,-178.006352,203079.386568,62.013964,204316.614493,100.093489,644.172418,-19.713777,641.679435,-139.603715,638.860369,59.974811,-0.015089,1,0
26.133000,-58.056078,203945.681979,-177.688775,203752.857760,62.025957,203253.345324,100.021081,641.747676,-19.476344,641.838118,-139.863569,637.846456,59.978212,-0.002058,1,0
26.167000,-57.897053,204912.790521,-177.921551,203996.619729,62.232116,205429.299086,99.713214,639.672546,-19.651609,635.309875,-140.001720,641.226660,59.975237,0.006441,1,0
26.200000,-58.031692,204417.940664,-177.954429,205038.617937,61.873307,204695.739269,100.198584,639.651881,-19.924721,636.837980,-139.895488,629.874479,59.972990,0.004764,1,0
26.233000,-58.010598,204302.450110,-178.063536,204545.592146,61.974900,204006.474352,99.933728,636.905681,-20.178454,642.563398,-139.871712,636.787281,59.983065,0.007813,1,0
26.267000,-58.092335,203479.214015,-177.981659,203424.399103,62.310934,205306.607109,99.863212,641.876770,-20.048018,643.075545,-139.561670,635.790369,59.975525,-0.015011,1,0
26.300000,-57.819839,204500.253560,-177.787529,202741.535615,61.990151,204432.602712,100.055163,638.496519,-19.885172,637.874965,-139.930872,636.289346,59.980619,0.007141,1,0
26.333000,-57.871007,205074.173846,-177.953610,205159.390904,61.912157,203944.461858,100.201344,637.685444,-19.967429,641.236351,-140.231227,637.934425,59.973880,-0.009541,1,0
26.367000,-58.006699,204863.896062,-177.997910,204986.949227,61.969026,203862.698156,99.887376,635.927513,-19.898032,638.390017,-139.989144,636.552932,59.972104,-0.005103,1,0
26.400000,-57.985661,204938.217343,-177.840039,204585.946869,61.927007,204599.369289,100.027501,633.875226,-19.654929,634.044695,-139.888528,634.478998,59.969823,0.004016,1,0
26.433000,-58.011986,204075.548989,-177.973243,203652.943484,62.035069,204939.353899,100.311627,640.161170,-19.889935,637.500731,-139.985583,635.014205,59.966501,-0.005160,1,0
26.467000,-58.182515,205635.703036,-177.972825,204886.342284,62.019247,203931.106201,99.930487,637.203136,-19.620018,634.297653,-139.756229,633.689167,59.974567,-0.005058,1,0
26.500000,-57.883098,205785.741138,-178.128094,206244.279917,61.867769,203556.510723,100.002125,646.501108,-20.251729,635.607216,-140.251676,643.672660,59.978195,0.006716,1,0
26.533000,-58.058084,204432.343330,-178.004995,202356.548595,61.858749,204268.005372,100.212653,638.501077,-19.996306,636.122882,-139.958155,636.374579,59.976377,0.001099,1,0
26.567000,-58.088152,204590.444768,-178.005892,204717.746168,61.772568,204929.508526,100.097649,640.696446,-20.107304,638.581986,-139.903697,630.704221,59.969932,-0.001080,1,0
26.600000,-57.927776,205001.147574,-178.008434,203484.440176,61.755514,202374.939327,99.939735,638.226572,-19.909688,635.871285,-140.166067,641.511459,59.970372,-0.000836,1,0
26.633000,-58.019840,205900.909731,-178.117522,202608.374820,62.092070,204257.747767,99.744441,640.848409,-20.376260,643.283013,-139.987326,642.727417,59.980205,-0.005405,1,0
26.667000,-58.076089,203747.330484,-178.034506,204551.810519,61.738972,204301.318319,99.860683,640.310997,-20.067104,639.155018,-140.619924,638.415194,59.978806,0.013930,1,0
26.700000,-58.007468,204356.837294,-178.102837,204857.061919,61.969630,201878.055174,99.963159,642.028079,-20.228143,639.457248,-140.347271,639.520352,59.978110,-0.013570,1,0
26.733000,-57.980583,202844.534964,-178.088313,204488.041682,61.848182,202823.478805,100.005727,644.531236,-20.042173,642.787421,-139.756317,638.419025,59.982790,-0.007223,1,0
26.767000,-58.276948,204458.239676,-178.139858,203637.192382,61.750172,204763.478888,99.756890,649.778202,-20.281732,643.707758,-140.169963,645.398411,59.979414,-0.003777,1,0
26.800000,-58.044852,203687.935500,-178.163982,205312.284238,61.679583,201502.599779,100.221325,638.395067,-20.139947,639.050750,-139.896660,640.469961,59.979041,-0.006807,1,0
26.833000,-58.042741,204199.658133,-178.155702,205515.998022,61.886727,203358.048290,99.943346,637.735525,-20.344212,645.104168,-140.644495,643.873187,59.978312,-0.000451,1,0
26.867000,-58.150554,204646.906237,-178.014178,203737.763424,61.838447,203947.924743,99.719901,645.961295,-19.949767,643.581233,-139.901969,646.350736,59.990137,0.008051,1,0
26.900000,-58.341448,203662.052474,-178.237706,203534.852515,61.870561,204018.329852,99.603447,634.883413,-20.173461,638.206244,-139.946204,646.904402,59.981466,0.000959,1,0
26.933000,-58.231576,204784.346888,-178.242431,203490.251559,61.701205,205029.779883,99.705180,639.564912,-20.365991,639.597632,-140.535707,638.766539,59.976122,-0.002857,1,0
26.967000,-58.282551,206061.663738,-178.444250,204702.499932,61.767335,204521.991495,99.590270,642.336259,-20.409909,643.776979,-140.370953,647.956244,59.980252,0.003061,1,0
27.000000,-58.138395,205066.784169,-178.433426,204393.451183,61.624552,203725.187152,99.610879,643.258161,-20.750399,649.534436,-140.566856,648.784812,59.977608,-0.003016,1,0
27.033000,-58.205819,205704.275495,-178.362352,206098.882557,61.840898,204342.002771,99.789142,648.649707,-20.599935,650.248648,-139.983567,651.230632,59.974794,0.001061,1,0
27.067000,-58.184717,204547.317350,-178.198055,205204.168437,61.779316,204727.358582,99.683282,646.592195,-20.005904,645.157106,-140.103090,648.917659,59.976203,-0.008724,1,0
27.100000,-58.363340,204224.885915,-178.391945,204019.699660,61.748958,205113.916712,99.816926,647.462455,-20.084669,649.753558,-140.425866,644.402747,59.975053,-0.002917,1,0
27.133000,-58.235934,205565.129461,-178.403367,202809.788337,61.553848,201583.841454,99.570017,646.385647,-20.279103,643.764401,-140.789513,646.542549,59.964719,-0.005103,1,0
27.167000,-58.312086,203316.097326,-178.165995,205123.994771,61.525874,204715.547712,99.732490,654.344888,-20.106972,655.550139,-140.143231,645.616197,59.964277,0.003313,1,0
27.200000,-58.265443,206143.826140,-178.450546,204197.117234,61.912618,203860.125706,99.589859,653.294116,-20.754417,649.101500,-140.024191,649.725583,59.970049,0.010357,1,0
27.233000,-58.327093,203707.740848,-178.211041,203944.681446,61.924559,202929.988904,99.647125,653.788333,-20.117044,650.517619,-140.166863,645.548174,59.966335,-0.001383,1,0
27.267000,-58.264824,203625.166764,-178.268515,204489.797259,61.900664,204695.974283,99.620480,653.428935,-20.549381,650.676070,-140.180060,645.753525,59.971213,0.000970,1,0
27.300000,-58.352538,204335.805911,-178.139189,203256.403886,61.797374,201242.839341,99.537763,653.815572,-20.336021,648.514487,-140.182189,649.405373,59.979132,-0.005094,1,0
27.333000,-58.148600,203804.042782,-178.437139,204532.728671,61.672812,203974.947142,99.888916,647.244923,-20.289723,649.966842,-140.311792,654.772022,59.973750,0.007388,1,0
27.367000,-58.369251,204642.664867,-178.266882,203626.494432,61.949569,203194.114466,99.426366,646.762837,-20.429784,648.788839,-140.062523,642.046466,59.964966,0.011469,1,0
27.400000,-58.150881,206404.239156,-178.292374,204943.399538,61.734593,204774.996008,99.989777,649.190303,-20.155940,658.976160,-140.316679,652.431638,59.958646,-0.002615,1,0
27.433000,-58.346189,205454.040861,-178.261779,204130.730380,61.825948,203625.338826,99.541159,646.678856,-20.027465,646.296382,-139.915310,656.407049,59.962885,-0.010565,1,0
27.467000,-58.409662,203625.543892,-178.110778,205145.868801,61.688177,204590.362642,99.584667,650.812024,-20.072293,642.024675,-140.254960,651.938040,59.970080,-0.006806,1,0
27.500000,-58.426730,203861.137875,-178.304787,202645.644750,61.792476,203766.979762,99.783551,653.102092,-20.543275,659.427713,-140.431560,651.527392,59.973940,-0.002104,1,0
27.533000,-58.391877,204883.140631,-178.116807,203636.538040,61.702714,203098.449669,99.564799,653.448608,-20.272391,653.125734,-140.083471,660.937257,59.969923,-0.008739,1,0
27.567000,-58.224010,203009.119497,-178.542388,202900.594674,61.760354,201922.715412,99.691732,660.807396,-20.415840,651.459805,-140.345196,655.123908,59.967389,0.006685,1,0
27.600000,-58.349006,204121.531685,-178.134896,206075.597294,61.762785,203133.930440,99.284942,655.101919,-20.345366,654.082334,-140.153085,652.099934,59.964612,-0.004060,1,0
27.633000,-58.165556,204703.289831,-178.258051,204679.694373,61.872697,203683.201917,99.725645,654.954006,-20.291178,665.671983,-140.236041,658.615395,59.969601,0.005428,1,0
27.667000,-58.183670,202989.411831,-178.466912,203356.541961,61.620138,204019.483676,99.650765,658.359240,-20.494625,652.467284,-140.409099,654.338434,59.967975,-0.000516,1,0
27.700000,-58.378342,203177.293792,-178.267814,203288.883065,61.715465,203712.533176,99.701821,654.094370,-20.140600,653.454964,-140.517585,656.834910,59.965616,-0.011808,1,0
27.733000,-58.364249,204723.949635,-178.250090,203569.721190,61.592742,203096.971472,100.015996,656.036569,-20.142323,661.071243,-140.209215,660.910260,59.970849,0.006593,1,0
27.767000,-58.221136,204491.246514,-178.208716,205179.335504,61.780544,204646.779639,99.761881,652.522271,-20.537642,658.598071,-140.303872,660.648072,59.966460,-0.008094,1,0
27.800000,-58.213802,203413.038174,-178.424730,203717.891903,61.555743,204100.594929,100.058945,649.264678,-20.509251,659.477050,-140.342050,653.508158,59.963311,-0.015702,1,0
27.833000,-58.245513,204786.556716,-178.428710,203657.562612,61.696719,203511.854116,99.827601,658.786704,-21.010781,658.463869,-140.366936,657.634239,59.973215,-0.009869,1,0
27.867000,-58.295032,204457.184814,-178.211573,203408.451838,61.723992,204456.797692,99.638791,656.260949,-20.274121,653.439317,-140.490342,652.284302,59.968767,0.002693,1,0
27.900000,-58.406251,203547.899152,-178.350239,203191.846189,61.616737,201774.801698,100.176583,661.417655,-20.539608,655.577427,-140.236458,656.711761,59.971124,-0.000868,1,0
27.933000,-58.324348,204958.872630,-178.333907,204907.563834,61.829914,202817.605525,99.844163,657.717955,-20.456827,652.619534,-140.109951,650.264397,59.972864,0.003146,1,0
27.967000,-58.182826,206193.290187,-178.351002,206305.800711,61.727664,203613.379697,99.912857,660.764439,-20.590781,654.725404,-140.254171,649.574940,59.968018,0.011472,1,0
28.000000,-58.166070,205028.691812,-178.291867,203082.101977,61.598883,203986.450845,100.108595,652.866699,-20.166549,652.108310,-140.206943,652.551988,59.970313,0.001737,1,0
28.033000,-58.408980,204015.403988,-178.247907,205001.545460,61.714990,206293.791631,99.415683,652.562984,-20.401132,650.004580,-140.065080,654.419375,59.974223,0.000049,1,0
28.067000,-58.280826,204905.246811,-178.310218,205422.062786,61.833418,203963.588996,99.770737,651.084021,-20.370973,646.012935,-140.146273,650.787886,59.962263,-0.004222,1,0
28.100000,-58.334966,205229.178801,-178.340833,205101.033148,61.763375,204330.614371,99.577812,650.948431,-20.400237,650.400914,-140.160395,650.878101,59.967273,0.005397,1,0
28.133000,-58.461600,204775.633684,-178.234328,206128.756490,61.726094,203663.942007,99.848304,654.602648,-19.998264,658.275399,-140.433222,654.982371,59.963926,-0.007927,1,0
28.167000,-58.135305,206361.680360,-178.350475,206064.287956,61.567282,203599.531318,100.158830,657.864579,-20.109385,651.851419,-140.488981,653.215541,59.960081,-0.003394,1,0
28.200000,-58.294454,206387.196342,-178.320884,206459.136098,61.904256,203491.861814,99.485831,645.961172,-20.230202,652.680184,-139.904061,653.325745,59.961792,-0.009363,1,0
28.233000,-58.335649,205343.889876,-178.293108,205352.885798,61.642624,204812.197081,99.773053,647.566728,-20.209569,655.964813,-140.440317,651.453204,59.959095,-0.011627,1,0
28.267000,-58.201595,204421.526642,-178.315031,205638.317446,61.716907,203210.400458,99.820763,656.061216,-20.423507,654.441570,-140.412015,651.533536,59.966341,-0.003072,1,0
28.300000,-58.210175,206234.645624,-177.998156,204722.076039,61.728598,203788.222755,99.868005,647.945455,-19.933765,649.356094,-140.387025,652.914139,59.961963,-0.002462,1,0
28.333000,-58.144697,205675.322657,-178.281868,204125.456600,61.575737,203225.223872,99.958872,659.264619,-20.182702,651.444256,-140.021357,652.598147,59.964800,-0.005004,1,0
28.367000,-58.199393,205180.732718,-178.304312,204280.959457,61.428160,203654.930455,99.902607,654.776329,-19.996966,646.081310,-140.608791,647.803443,59.961457,-0.006109,1,0
28.400000,-58.153132,204727.302335,-178.401061,205214.131990,61.729540,205172.586553,99.571335,649.480254,-20.426430,653.040361,-140.191415,650.304174,59.962740,-0.004466,1,0
28.433000,-58.162002,205090.637262,-178.300671,206483.027659,61.797871,204818.508813,99.485266,649.537296,-20.227456,658.814473,-140.115076,659.681045,59.962881,0.002663,1,0
28.467000,-58.188549,206359.863235,-178.337239,205275.954806,61.814367,204868.951392,99.699181,648.199866,-20.239112,648.843237,-140.159242,647.207398,59.961612,-0.007073,1,0
28.500000,-58.327832,205890.815152,-178.244689,204732.793189,61.798330,204443.462989,99.499676,648.154231,-20.419765,649.925901,-140.050095,653.314944,59.963078,0.006185,1,0
28.533000,-58.366952,204660.241077,-178.280420,204978.903257,61.736629,204974.728316,99.186878,643.797866,-20.293034,648.042503,-140.134212,652.588116,59.956711,0.006985,1,0
28.567000,-58.429273,204781.535622,-178.420362,205652.104488,61.748408,203636.265006,99.676715,645.977775,-20.691789,646.069534,-140.284811,646.172834,59.960740,0.003784,1,0
28.600000,-58.277280,205687.531500,-178.256384,202803.104862,61.602155,205193.571602,99.731745,647.565388,-20.362901,654.478248,-140.515536,649.488721,59.959921,0.011419,1,0
28.633000,-58.148076,205066.286174,-178.430397,205279.845033,61.703181,203493.124723,99.892587,652.445687,-20.415927,653.020116,-140.598003,646.193666,59.954232,-0.002335,1,0
28.667000,-58.261633,204580.126640,-178.492538,205070.527211,61.647389,205453.463740,99.701876,650.273047,-20.507021,643.918622,-140.458138,649.560573,59.963284,-0.005364,1,0
28.700000,-58.264698,204091.122687,-178.429448,205833.327591,61.521126,206376.270236,99.780721,649.174659,-20.500191,651.027865,-140.767925,649.320009,59.963012,-0.005302,1,0
28.733000,-58.320886,206175.596246,-178.449800,205168.931866,61.634155,205034.050106,99.677899,656.119194,-20.272703,653.547408,-140.598232,651.111462,59.961224,0.004388,1,0
28.767000,-58.376007,204340.427939,-178.481625,206434.698051,61.760627,205254.604177,99.664187,652.262765,-20.694344,653.416696,-140.374691,651.530185,59.955719,-0.003770,1,0
28.800000,-58.256338,205398.376488,-178.407481,205369.877893,61.756106,205110.910052,99.740936,648.155803,-20.448898,650.590448,-140.673295,655.157633,59.960232,-0.008866,1,0
28.833000,-58.342304,205484.034580,-178.397088,205539.773180,61.580024,204675.987108,99.394661,658.059384,-20.563023,655.043562,-140.423713,660.030598,59.953381,0.000728,1,0
28.867000,-58.254073,206030.307175,-178.502589,207154.960585,61.752231,205421.249472,99.885402,658.663583,-20.898117,655.545245,-140.148806,647.969156,59.953559,0.006341,1,0
28.900000,-58.409917,206242.108506,-178.337622,204685.274648,61.781866,204398.023558,100.028547,653.324319,-20.369494,658.907547,-140.024192,658.131825,59.955974,-0.005886,1,0
28.933000,-58.298303,206096.966602,-178.281666,206503.231728,61.531142,205781.143378,99.637959,657.148579,-20.446831,655.836211,-140.494132,656.994388,59.955698,-0.004243,1,0
28.967000,-58.318567,205448.085863,-178.411761,204564.284665,61.600230,203653.863146,99.620872,656.194765,-20.447485,657.786060,-140.287922,650.882170,59.956489,-0.002990,1,0
29.000000,-58.122358,203423.762946,-178.322940,205030.794038,61.760114,205460.918640,99.700322,654.590287,-20.477682,656.030396,-140.324262,665.256122,59.951871,0.017860,1,0
29.033000,-58.131198,206190.671363,-178.363935,206049.077275,61.633338,203811.664608,99.835549,653.017182,-20.202944,651.003957,-140.473912,649.825585,59.953800,0.000374,1,0
29.067000,-58.207564,205659.551142,-178.286050,205706.961086,61.726549,204258.261362,99.765248,651.892393,-20.259623,655.659893,-140.072078,656.569811,59.954810,0.007404,1,0
29.100000,-58.329255,203810.209032,-178.004332,205044.123542,61.897144,203639.255337,99.770453,654.454683,-20.243345,651.397571,-139.946406,649.896189,59.957917,-0.001559,1,0
29.133000,-58.232601,204026.110080,-178.206944,203591.059275,61.747083,205404.628422,99.685398,648.078068,-20.012290,651.000184,-140.247220,650.241076,59.951184,-0.001034,1,0
29.167000,-58.261912,205866.307285,-178.340808,204706.798542,61.794868,204536.687498,99.451549,659.010991,-20.274676,651.417857,-140.353319,651.769653,59.955084,0.004544,1,0
29.200000,-58.207184,205166.535653,-178.304801,205537.321823,61.872164,205204.974495,99.807362,657.321622,-20.209823,645.830021,-140.306486,649.282921,59.960627,-0.006371,1,0
29.233000,-58.424467,204970.186594,-178.266296,203722.659782,61.736014,202724.355531,99.492761,650.362635,-20.566518,644.636977,-140.133638,656.211662,59.952217,0.004763,1,0
29.267000,-58.391679,203833.589085,-178.111731,205221.602816,61.746103,203471.353266,99.631649,653.671506,-20.063989,652.807165,-139.931205,653.541951,59.953665,0.012134,1,0
29.300000,-58.510451,204264.609730,-178.241081,204515.828386,61.616651,205835.101271,99.249569,653.813109,-20.452052,649.111471,-140.504610,648.881043,59.956174,-0.007122,1,0
29.333000,-58.192432,204750.158173,-178.345333,202571.309941,61.803787,203131.721857,99.849358,654.745822,-19.925818,658.820066,-140.188735,653.090897,59.947243,0.016105,1,0
29.367000,-58.192934,204796.808801,-178.285359,204289.096408,61.622193,203738.305209,99.791539,654.166056,-20.282455,654.336257,-140.156926,654.938126,59.953487,-0.004456,1,0
29.400000,-58.276098,205093.170706,-178.366931,203224.939424,61.467104,204227.745784,99.548048,655.965921,-20.352321,655.130541,-140.422927,654.616219,59.959111,-0.007375,1,0
29.433000,-58.346148,204190.027206,-178.152226,204639.705090,61.829070,203945.512862,99.675315,657.095913,-20.030159,661.298113,-140.299308,648.355556,59.948633,-0.009407,1,0
29.467000,-58.239217,204301.989454,-178.165119,202873.132146,61.847226,203318.170561,99.556447,666.987063,-20.401252,651.331139,-140.229945,649.820118,59.954937,-0.006113,1,0
29.500000,-58.423934,205450.516388,-178.206986,203373.696579,61.843545,205015.095059,99.517165,650.580872,-20.393309,654.968232,-140.293548,659.032639,59.957682,0.001041,1,0
29.533000,-58.173158,205851.300652,-178.149230,205414.696202,61.785184,203068.280120,99.708028,659.703074,-20.324925,656.738321,-140.109229,655.268735,59.962403,0.003342,1,0
29.567000,-58.288754,205746.065626,-178.100424,204080.752311,61.825179,205012.446068,99.790019,654.404356,-20.084156,653.601071,-140.242180,653.307646,59.956131,-0.001675,1,0
29.600000,-58.365176,203834.542322,-178.184338,204333.132865,61.635278,204222.611225,99.798414,657.576852,-20.334351,652.276417,-140.393510,656.482247,59.962867,0.003387,1,0
29.633000,-58.269644,206130.893775,-178.097669,206477.760727,61.829697,202599.877131,100.038626,651.848285,-20.025209,650.642034,-140.040088,660.692669,59.955040,-0.001298,1,0
29.667000,-58.164780,205182.826517,-178.234653,203464.320019,61.631688,204374.980355,100.042716,654.436520,-20.158828,652.408029,-140.832091,655.466614,59.958835,-0.000393,1,0
29.700000,-58.221729,205914.736237,-178.322298,204293.898824,61.990963,204378.926244,100.049048,659.908042,-20.574450,658.786556,-139.837365,655.579761,59.950051,0.003635,1,0
29.733000,-58.170476,205249.590236,-177.915300,205730.423854,61.835975,205655.122308,99.688682,651.324810,-19.809184,655.265591,-140.317611,662.035562,59.962088,0.005418,1,0
29.767000,-58.036133,204270.181644,-178.165278,204545.483111,61.867796,203031.389048,100.039327,662.274923,-20.174654,656.034466,-140.101987,655.763436,59.951736,-0.007541,1,0
29.800000,-58.283392,204759.154202,-178.134098,204564.704963,61.629822,202692.845264,99.451380,654.912343,-20.297096,655.638807,-140.187462,655.795399,59.952641,-0.007365,1,0
29.833000,-58.053146,203793.524840,-178.162997,204660.732422,61.751294,204927.150310,99.939220,652.381276,-20.420237,652.776258,-139.983094,647.965676,59.943480,-0.004172,1,0
29.867000,-58.206720,205522.754136,-177.983297,204324.314663,61.787416,204677.583118,99.645373,658.555552,-20.251478,652.196684,-140.324857,657.648653,59.960254,0.002892,1,0
29.900000,-58.134019,204180.485096,-178.210744,206584.298843,61.751194,203155.438987,99.685137,652.135341,-20.273774,657.944424,-139.930853,655.344100,59.955118,0.018832,1,0
29.933000,-58.476051,205714.122266,-178.148453,205139.216576,61.788279,205873.218638,99.538449,651.787311,-20.265197,650.294005,-139.779627,654.983864,59.969860,0.005139,1,0
29.967000,-58.284793,203568.721434,-178.044417,203759.370840,61.663897,203680.493935,99.637961,652.485158,-19.841003,653.320339,-140.391789,655.489421,59.949247,0.000830,1,0
30.000000,-58.210939,205813.491843,-178.293351,204207.476309,61.615429,205581.810810,99.415041,651.426806,-20.304710,652.553555,-140.340727,648.360151,59.955738,-0.004437,1,0
