TIMESTAMP,BUS17_VA_ANG,BUS17_VA_MAG,BUS17_VB_ANG,BUS17_VB_MAG,BUS17_VC_ANG,BUS17_VC_MAG,BUS17_IA_ANG,BUS17_IA_MAG,BUS17_IB_ANG,BUS17_IB_MAG,BUS17_IC_ANG,BUS17_IC_MAG,BUS17_Freq,BUS17_ROCOF,DATA_PRESENT,Event
0.000000,-56.097917,206876.898046,-176.149485,207553.723193,63.794918,205986.863318,102.126104,642.996604,-18.182468,643.472452,-138.212266,646.738004,59.956320,-0.004765,1,0
0.033000,-56.180350,206974.038016,-176.164336,205197.805918,63.883424,206633.552175,101.909697,647.721512,-18.275034,645.000669,-138.146110,644.393361,59.948330,0.002921,1,0
0.067000,-56.301543,204784.968935,-176.105717,206165.875057,63.795631,207610.798390,101.977246,643.079150,-18.399724,653.622355,-138.150136,652.042176,59.959540,-0.010254,1,0
0.100000,-56.121795,207617.506192,-176.184394,207648.667994,64.037369,205382.675742,102.230621,654.307111,-18.307941,643.337508,-137.977076,645.322288,59.965890,-0.011872,1,0
0.133000,-56.120484,206883.531782,-176.136949,206654.921493,63.829269,206329.803270,101.767156,651.308636,-18.058229,647.329028,-138.090459,649.418645,59.958524,0.004960,1,0
0.167000,-56.065166,205641.414878,-176.259671,207631.497760,63.913106,206396.070320,101.837169,645.007860,-18.491015,654.701548,-138.196556,655.341201,59.956704,0.001539,1,0
0.200000,-56.330127,205486.492051,-176.228827,205631.732020,63.917640,207130.907135,101.571647,644.135404,-17.897607,640.240286,-138.056401,650.671535,59.952231,0.001804,1,0
0.233000,-56.206324,205911.020551,-176.302725,205552.162052,63.936006,207555.845875,101.570758,646.654309,-17.959716,652.024474,-138.072018,644.920509,59.957632,-0.000523,1,0
0.267000,-56.147747,206287.318505,-176.216456,206978.382616,63.935653,207555.104926,101.776973,651.722391,-17.861011,649.539896,-137.752003,647.520798,59.949414,-0.007614,1,0
0.300000,-56.121792,206484.573043,-176.260459,206105.498672,63.744740,207297.425391,101.917685,645.287683,-18.253306,647.385832,-138.239403,646.490801,59.964095,0.002058,1,0
0.333000,-55.925846,206097.556767,-176.330907,206792.596039,63.818896,205335.135617,101.908936,649.010145,-18.275647,647.239682,-138.363384,649.150259,59.954035,-0.007026,1,0
0.367000,-56.176162,205393.096766,-176.225384,207611.171635,63.958427,207173.730957,101.944591,645.889032,-18.332201,653.649434,-137.471166,644.336653,59.957309,-0.013231,1,0
0.400000,-56.112548,206290.086248,-176.140021,208054.675977,63.760305,206561.749569,101.728553,650.832016,-18.321754,650.354267,-137.963341,644.856767,59.951852,0.005600,1,0
0.433000,-56.103524,204980.453463,-176.269027,205787.795531,63.971969,205847.287473,101.820586,644.310450,-18.262120,640.687869,-138.110122,646.686130,59.944319,-0.007936,1,0
0.467000,-56.186730,205699.973684,-176.190388,206494.206291,64.035733,205132.825061,101.696497,650.609356,-18.492662,653.699668,-137.835711,649.168496,59.943242,-0.001424,1,0
0.500000,-56.176723,205425.516215,-176.233140,206991.495132,63.793203,205793.481711,101.758851,648.385386,-17.986748,653.361141,-138.297918,643.886968,59.946999,0.014120,1,0
0.533000,-56.164068,204385.645278,-176.203060,206211.656982,63.950131,203807.773825,101.958183,640.955390,-18.348257,645.471779,-138.071692,657.161814,59.946518,-0.001110,1,0
0.567000,-56.087505,207091.513199,-176.293183,205712.943593,63.793108,204261.370758,101.733408,645.166305,-18.220659,643.696638,-138.049133,641.183044,59.937260,-0.002482,1,0
0.600000,-56.122722,205106.960004,-176.191375,205714.099980,63.701300,206529.253031,102.114443,644.056052,-18.090147,643.320046,-138.248683,651.363149,59.955969,0.016280,1,0
0.633000,-56.291566,204679.293258,-176.191560,203402.586125,63.664318,205424.508826,101.910707,631.475810,-18.137994,642.743033,-138.251348,644.190844,59.947192,0.012256,1,0
0.667000,-56.423723,203883.815429,-176.275718,204686.587297,63.926460,205786.095197,101.492314,642.751144,-18.140833,642.363420,-138.257429,646.160564,59.945161,-0.002233,1,0
0.700000,-56.181146,205850.085706,-176.275693,205618.216103,63.768278,206507.631581,101.581424,641.078852,-18.301146,640.161953,-138.217919,643.488578,59.939447,0.002390,1,0
0.733000,-56.243970,206007.000809,-176.249063,204846.886518,63.740088,206029.174142,101.610917,643.216780,-18.433805,645.027833,-138.416073,640.834975,59.948422,-0.007969,1,0
0.767000,-56.245879,206111.849263,-176.053129,206400.679656,63.671821,206564.747897,101.950670,638.436213,-18.189164,639.073884,-138.177618,640.516718,59.952137,-0.000697,1,0
0.800000,-56.280442,205552.965750,-176.247337,205357.582043,63.645687,205529.206308,101.680597,640.420249,-17.914056,649.319567,-138.240085,637.623807,59.953780,-0.003245,1,0
0.833000,-56.231738,206461.837416,-176.330579,205312.377749,63.684308,206023.398851,101.775883,639.182151,-18.081319,637.382246,-138.229008,640.964576,59.953010,-0.003771,1,0
0.867000,-56.183448,204917.746423,-176.184183,204890.000113,63.723562,205284.739336,101.614122,649.998049,-18.416763,640.452515,-138.347629,635.945558,59.956222,0.002320,1,0
0.900000,-56.439471,205924.170391,-176.333714,204392.400335,63.835891,205798.110058,101.299067,637.970979,-18.559205,638.984228,-138.114947,636.914257,59.957418,-0.003006,1,0
0.933000,-56.147925,204462.734098,-176.224652,205712.878479,63.856178,204719.541001,101.597194,651.737526,-18.291771,640.069134,-138.023884,638.781412,59.950138,-0.003351,1,0
0.967000,-56.184627,206115.801473,-176.204313,204626.017031,63.840361,204564.151468,101.834054,640.334081,-18.138360,634.392422,-138.334275,633.556501,59.952469,-0.010042,1,0
1.000000,-56.008131,204194.191476,-176.500918,206514.328382,63.679156,207399.225161,102.362343,631.816711,-18.121929,636.853985,-138.530513,641.908050,59.946390,-0.005819,1,0
1.033000,-56.276699,204119.722522,-176.223724,205394.585074,63.574651,205630.497849,101.412183,634.739104,-18.181539,636.940324,-138.649535,635.222256,59.951011,0.000287,1,0
1.067000,-56.127811,204557.903187,-176.423557,205353.717807,63.793429,204461.038075,102.031073,639.311783,-18.364305,632.804102,-137.924960,632.368068,59.960050,0.004725,1,0
1.100000,-56.310889,206051.793381,-176.217323,205159.883614,63.784608,206011.175825,101.400634,632.579905,-18.894195,633.271647,-138.415362,638.822331,59.951608,-0.003248,1,0
1.133000,-56.319181,206450.796987,-176.139870,204778.649692,63.845998,204531.709319,101.617810,634.655357,-17.991860,634.806963,-138.309650,629.245395,59.953741,-0.002164,1,0
1.167000,-56.524390,206075.347663,-176.288337,205294.891832,63.648452,205110.796635,101.274716,628.880905,-18.338307,632.929581,-138.361950,638.951072,59.949574,0.008398,1,0
1.200000,-56.279228,205037.446575,-176.066894,203883.503507,63.579936,204931.607467,101.979568,639.422334,-18.149736,641.792226,-138.609824,630.554326,59.954873,0.014066,1,0
1.233000,-56.334865,205380.150245,-176.133175,205141.822357,63.757649,203937.121158,101.429880,639.534877,-17.965633,636.907191,-138.644060,634.566474,59.955441,0.003192,1,0
1.267000,-56.411124,205091.770106,-176.254103,205192.404749,63.709231,207503.265211,101.918985,637.147700,-18.427239,631.793219,-138.255154,632.907932,59.953513,-0.005905,1,0
1.300000,-56.256308,205345.359306,-176.373927,207404.609326,63.691607,206138.027414,101.907487,636.836902,-18.338330,639.343720,-138.190538,639.847138,59.951042,0.011415,1,0
1.333000,-56.410502,204274.430752,-176.383792,204259.416435,63.743942,206389.762740,101.671710,629.969291,-18.297313,638.275774,-138.587413,644.664620,59.954043,-0.006339,1,0
1.367000,-56.346523,205895.045924,-176.326978,207358.981081,63.537642,205167.535325,101.409636,630.597228,-18.259588,637.260520,-138.397915,639.660753,59.947817,-0.017936,1,0
1.400000,-56.244956,207012.852337,-176.440980,206686.069072,63.588284,206626.433510,102.176613,637.851068,-18.731888,637.808760,-138.517264,634.297121,59.943527,-0.004953,1,0
1.433000,-56.346781,206848.780701,-176.307346,205301.045556,63.619791,204931.104208,101.722362,646.819136,-18.625186,643.072920,-138.081947,636.966433,59.956107,0.000169,1,0
1.467000,-56.294578,206068.065436,-176.339158,204475.086513,63.568418,204969.964377,101.324364,629.142092,-18.200981,632.273631,-138.394097,635.760523,59.961459,0.008503,1,0
1.500000,-56.444084,207475.317904,-176.501018,204947.720955,63.493941,205868.197008,101.465582,638.508034,-18.311964,639.310598,-138.489714,639.956900,59.955576,-0.009590,1,0
1.533000,-56.431925,204441.972228,-176.367670,204868.968977,63.487448,203444.513038,101.360388,641.109183,-18.067900,631.123114,-138.588992,643.593829,59.947899,-0.002866,1,0
1.567000,-56.515483,206236.362927,-176.408856,204482.668663,63.544485,205275.622106,101.129628,639.440251,-18.288699,633.443258,-138.399837,637.602846,59.956275,-0.009135,1,0
1.600000,-56.547699,203968.484423,-176.434028,206713.631436,63.574035,205541.951440,101.563869,636.069670,-18.246246,636.774701,-138.529410,635.553388,59.957138,-0.002505,1,0
1.633000,-56.509900,205109.195514,-176.544081,205108.170739,63.578735,204648.533054,101.597188,634.795607,-18.644866,634.458516,-138.388787,636.927214,59.949787,0.000109,1,0
1.667000,-56.320581,207109.583142,-176.356433,205236.991638,63.702257,204940.486026,101.850787,632.386921,-18.358496,631.011752,-138.415323,639.220772,59.955105,0.004734,1,0
1.700000,-56.396682,204707.637369,-176.318388,207298.094326,63.664278,206503.928227,101.955877,632.918391,-18.261113,644.030266,-138.282918,631.581777,59.956425,-0.008189,1,0
1.733000,-56.524712,206056.948566,-176.554051,206187.993421,63.565025,204990.118622,101.244185,633.450007,-18.307263,647.188571,-138.530773,633.503148,59.954408,-0.006104,1,0
1.767000,-56.526799,207393.977650,-176.472381,206016.396110,63.520473,205937.450017,101.276178,639.862900,-18.901309,641.034290,-138.284921,642.288038,59.950906,0.012745,1,0
1.800000,-56.537253,204944.542528,-176.523426,205662.779699,63.637596,205588.293535,101.683678,638.311640,-18.549755,635.365654,-138.406193,633.432371,59.955010,0.000232,1,0
1.833000,-56.456850,206799.121478,-176.323329,205808.321477,63.603901,207010.558974,101.604814,633.389974,-18.199837,631.160423,-138.173709,631.206645,59.945724,0.007994,1,0
1.867000,-56.451262,205892.082183,-176.439217,207039.577698,63.608100,205030.772838,101.411109,641.083189,-18.447466,637.433625,-138.718452,640.838380,59.950704,0.003720,1,0
1.900000,-56.471756,206031.960337,-176.430503,206281.534384,63.573234,204835.966029,101.755567,634.775376,-18.287043,635.074324,-138.380112,640.325875,59.953217,-0.009757,1,0
1.933000,-56.421550,207709.066712,-176.536355,205655.515261,63.577939,206202.341300,101.581771,634.991455,-18.423028,633.764391,-138.599881,639.864909,59.947034,0.010951,1,0
1.967000,-56.345043,206101.732950,-176.451562,208701.873752,63.523548,205547.861091,101.376069,635.671729,-18.447087,635.861579,-138.290002,638.961730,59.951959,0.013159,1,0
2.000000,-56.428651,206547.336892,-176.280966,208430.001191,63.720833,207856.203017,101.492310,642.007393,-18.406110,644.048040,-138.319597,641.379039,59.949720,-0.006686,1,0
2.033000,-56.281852,207560.703019,-176.246682,206386.135133,63.738008,203139.902262,101.918808,633.886128,-18.385124,636.218607,-138.306153,641.324986,59.951921,0.004071,1,0
2.067000,-56.427881,206497.579082,-176.288717,206230.101258,63.589439,206635.458239,101.444620,639.823684,-18.327097,633.225890,-138.605190,635.294619,59.951711,-0.001679,1,0
2.100000,-56.333574,206123.864720,-176.334936,207673.756930,63.525274,207778.953160,101.660459,634.018396,-18.380585,632.711169,-138.317862,632.052444,59.958577,-0.003523,1,0
2.133000,-56.432327,206596.970224,-176.638148,206051.912887,63.555391,205288.862201,101.771513,639.433022,-18.066655,636.322236,-138.245497,637.938232,59.948939,0.004779,1,0
2.167000,-56.506163,207010.921286,-176.156507,207506.428349,63.634642,206986.711000,101.699799,633.351279,-17.981117,634.987190,-137.981353,631.480377,59.953634,-0.009043,1,0
2.200000,-56.426597,205054.328247,-176.421845,206306.344479,63.559204,205581.814833,101.387807,640.303897,-18.616295,637.248341,-138.661930,633.990892,59.955167,-0.001877,1,0
2.233000,-56.275475,206916.857510,-176.446043,207041.199203,63.468881,207410.305752,101.973902,640.284396,-18.163872,635.673137,-138.856414,634.058354,59.946314,-0.009936,1,0
2.267000,-56.493218,205819.800796,-176.381901,205030.962134,63.681236,206076.802006,101.732464,633.174268,-18.499923,638.043694,-138.338104,640.100392,59.950497,0.008396,1,0
2.300000,-56.523115,206116.951436,-176.464356,206024.892944,63.568074,206911.327247,101.752568,641.206022,-18.290377,641.918983,-138.448789,632.074965,59.948444,0.000169,1,0
2.333000,-56.312471,205009.945037,-176.344691,206455.928499,63.656986,205730.902736,101.754069,633.754569,-18.734425,632.010705,-138.209915,636.031259,59.947325,0.009569,1,0
2.367000,-56.371957,206582.364850,-176.330112,205177.798002,63.602544,206597.836287,101.508888,637.579205,-18.306274,633.323808,-138.147080,639.189250,59.941444,-0.004265,1,0
2.400000,-56.311573,207642.214932,-176.538865,206690.698025,63.665680,206395.050755,101.725299,635.145935,-18.890029,634.078965,-138.578997,634.605154,59.940442,0.006883,1,0
2.433000,-56.434745,205426.769536,-176.619413,206279.701758,63.536542,207008.468475,101.583924,632.435125,-18.469071,637.350057,-138.257545,638.248681,59.949612,-0.002442,1,0
2.467000,-56.292267,206129.738312,-176.247649,205830.947007,63.673168,205791.677547,101.743804,633.538934,-18.057961,636.434044,-138.355870,637.393742,59.945810,-0.013463,1,0
2.500000,-56.547808,205449.850313,-176.432481,205894.391036,63.474691,207222.253512,101.280981,637.631159,-18.552572,635.790396,-138.129893,638.003448,59.951002,0.007825,1,0
2.533000,-56.252922,206221.856400,-176.424242,205520.021360,63.637281,205908.643696,101.916496,636.851294,-18.829846,638.308664,-137.901055,636.047489,59.947241,0.004083,1,0
2.567000,-56.307083,206189.988096,-176.486992,207324.633345,63.572063,206367.476830,101.462656,637.002597,-18.512488,643.674543,-138.448853,644.020166,59.943339,-0.001567,1,0
2.600000,-56.299412,206890.139408,-176.458404,205900.924506,63.698103,206845.247138,101.657481,631.219316,-18.404402,635.769513,-138.216803,635.325204,59.950331,-0.010752,1,0
2.633000,-56.620576,205019.438804,-176.511230,205292.308294,63.654202,206458.645120,101.323461,640.569965,-18.376359,638.897462,-138.122767,639.573065,59.951199,0.010958,1,0
2.667000,-56.601153,204980.372607,-176.515570,207903.169661,63.632277,205505.013345,101.483304,632.171760,-18.568805,635.794261,-138.562329,636.161512,59.951016,0.002084,1,0
2.700000,-56.398212,206316.708603,-176.496805,207745.599024,63.566967,207127.629726,101.508102,641.596672,-18.509045,641.372203,-138.639075,644.120654,59.942770,-0.003224,1,0
2.733000,-56.573097,205450.297378,-176.389706,206801.413422,63.320145,205491.959539,101.579071,642.096729,-18.223284,635.916333,-138.949758,640.154186,59.948650,-0.000660,1,0
2.767000,-56.594064,205700.410181,-176.456435,204956.956337,63.347978,204879.740009,101.271191,639.124316,-18.335388,644.802339,-138.864659,640.278862,59.953591,0.002422,1,0
2.800000,-56.545632,205793.811414,-176.536965,204908.300353,63.269281,205744.180890,101.551799,640.194495,-18.553479,639.084103,-138.665959,639.753942,59.950618,-0.003331,1,0
2.833000,-56.600523,205784.379951,-176.790273,206738.850713,63.391076,205103.096574,101.269488,645.931417,-18.656852,641.046279,-139.001374,635.830911,59.949969,-0.001843,1,0
2.867000,-56.557457,206007.113613,-176.582432,206200.631720,63.535327,205545.362735,101.480644,634.227433,-18.360782,636.464501,-138.612413,643.049393,59.959243,-0.008262,1,0
2.900000,-56.478264,207657.491622,-176.536064,205250.630043,63.446054,205256.801235,101.393635,638.336540,-18.576888,632.386263,-138.363934,637.864908,59.958335,0.012096,1,0
2.933000,-56.491400,205862.688607,-176.566107,206081.143800,63.475588,206057.124857,101.216515,634.864064,-18.565225,638.964129,-138.803905,637.302854,59.954258,-0.002283,1,0
2.967000,-56.388931,205684.206275,-176.455598,204690.621861,63.568609,204937.979757,101.354857,639.255866,-18.390661,633.718579,-138.585978,636.004018,59.951713,-0.012561,1,0
3.000000,-56.385125,207111.541882,-176.476583,203970.437267,63.792541,203113.963663,101.631429,623.496353,-18.628126,627.005217,-138.087656,630.681385,59.944364,-0.005899,1,0
3.033000,-56.544406,206876.473521,-176.520681,206854.055595,63.558991,205373.644816,101.447862,630.852307,-18.702160,630.783449,-138.407385,631.823034,59.945695,0.008325,1,0
3.067000,-56.608247,206596.505955,-176.558384,205056.610265,63.551151,204324.197472,101.341556,632.127266,-18.663953,636.400223,-138.649988,637.017268,59.947462,-0.006938,1,0
3.100000,-56.437823,204598.909188,-176.434036,204457.044491,63.562564,205313.274288,101.392100,631.430076,-18.687060,628.022614,-138.319435,628.830000,59.945835,-0.009333,1,0
3.133000,-56.566415,204016.594359,-176.562073,206501.202048,63.626639,206384.371107,101.758318,631.285529,-18.537207,635.055855,-138.252619,629.876482,59.948406,-0.005738,1,0
3.167000,-56.461894,205083.090179,-176.334556,205992.656159,63.493536,204812.492616,101.467933,628.393952,-18.438835,635.276021,-138.333918,630.390935,59.944101,0.005625,1,0
3.200000,-56.249436,205547.030278,-176.425581,207455.683583,63.569185,205453.503531,101.829163,629.424303,-18.212670,629.144364,-138.091444,638.065985,59.951001,-0.002742,1,0
3.233000,-56.430045,205281.957537,-176.387167,205268.999278,63.560985,206314.640193,101.737668,634.779810,-18.395023,637.024533,-138.543754,633.014514,59.949957,0.014066,1,0
3.267000,-56.782368,206221.885757,-176.496915,207061.785424,63.521616,206080.604620,101.073668,628.775711,-18.438793,628.529720,-138.584660,629.605642,59.953991,0.006391,1,0
3.300000,-56.472936,206823.444493,-176.570916,205228.018632,63.510347,206942.302323,101.524946,634.575164,-18.449388,632.013826,-138.338806,634.485303,59.949592,0.009865,1,0
3.333000,-56.453124,206272.014827,-176.308372,204438.300009,63.644075,206315.531840,101.575045,634.644141,-18.093546,631.403567,-138.221708,636.557092,59.946969,-0.006081,1,0
3.367000,-56.474197,204988.793744,-176.486958,206476.710954,63.827206,205770.352078,101.339855,635.186066,-18.578178,636.686891,-137.956301,639.882353,59.951212,0.003405,1,0
3.400000,-56.273736,206548.789975,-176.514907,204932.621213,63.570551,205866.839904,101.614035,628.610491,-18.353112,634.260169,-138.370573,631.667130,59.959822,0.017068,1,0
3.433000,-56.323019,205984.638422,-176.513108,206602.320515,63.468833,206228.588733,101.446080,637.068637,-18.631736,635.550104,-138.931639,635.398735,59.948104,0.000905,1,0
3.467000,-56.148457,205223.717572,-176.410292,207640.433640,63.413825,206795.184839,101.482789,635.483714,-18.180436,635.787379,-138.626911,630.010714,59.942332,-0.007063,1,0
3.500000,-56.425488,207489.516882,-176.567824,205590.505105,63.482450,206404.577934,101.721826,631.925626,-18.474519,632.436731,-138.306800,636.101974,59.955488,0.005307,1,0
3.533000,-56.467014,205607.460091,-176.383473,206645.772244,63.675344,204827.257109,101.815744,639.168453,-18.336076,629.023300,-138.453056,634.746407,59.960118,0.004152,1,0
3.567000,-56.312354,207903.837894,-176.343278,207077.601371,63.617602,205589.479784,101.492633,628.418478,-18.341703,624.360473,-138.208130,626.770559,59.950138,-0.005287,1,0
3.600000,-56.342861,205365.784973,-176.519605,204237.219580,63.437921,205358.107208,101.697720,630.267395,-18.295394,628.841898,-138.608581,629.264234,59.959170,0.003247,1,0
3.633000,-56.395568,206364.415505,-176.440800,205913.144875,63.479790,206948.288018,101.421123,628.348150,-18.487760,631.209023,-138.794642,628.517584,59.961748,0.012223,1,0
3.667000,-56.355547,205807.573579,-176.516482,206738.409206,63.625850,209382.582429,101.719476,633.084364,-18.711785,627.888263,-138.382951,626.605783,59.951846,0.016240,1,0
3.700000,-56.381468,208552.712578,-176.470437,206033.333082,63.683187,207075.725974,101.665946,626.378946,-18.544686,627.773437,-138.019213,627.119104,59.953260,-0.000633,1,0
3.733000,-56.360459,207624.305905,-176.334013,206857.330451,63.463013,205999.679869,101.734411,625.374939,-18.638651,630.230707,-138.158179,627.852126,59.940359,-0.002706,1,0
3.767000,-56.357365,205859.204291,-176.396616,205125.755412,63.579239,205899.448856,101.614654,628.616595,-18.299317,630.400660,-138.429406,622.001685,59.954550,0.007499,1,0
3.800000,-56.330125,207430.183613,-176.196612,205241.519694,63.653579,208823.309470,101.690147,624.216286,-18.132438,626.353433,-138.523179,626.671661,59.950699,0.002134,1,0
3.833000,-56.405550,207415.500734,-176.386265,206097.205437,63.729276,207579.723088,101.567916,626.059420,-18.341541,628.509814,-138.355177,624.781240,59.952822,-0.015431,1,0
3.867000,-56.305862,206004.412805,-176.426445,207509.422208,63.738574,206689.722339,102.085357,624.896419,-18.269683,623.481142,-138.151536,627.624220,59.954953,-0.006414,1,0
3.900000,-56.226258,207823.487921,-176.379077,206814.478549,63.555467,206969.218038,101.383901,626.283763,-18.509893,632.825761,-138.547634,628.406646,59.956392,-0.003198,1,0
3.933000,-56.360365,205722.899752,-176.326741,205867.123861,63.587751,205134.259587,101.654295,626.440881,-18.533957,627.567359,-138.309302,626.477530,59.955983,0.003592,1,0
3.967000,-56.309875,206804.415867,-176.331158,204395.351480,63.513255,206926.015374,101.550454,630.663187,-18.385325,629.909107,-138.581338,632.927164,59.963057,-0.005345,1,0
4.000000,-56.360848,205978.194651,-176.476638,204437.402928,63.697544,204097.419336,101.618413,625.973587,-18.286252,627.751585,-137.995778,633.979004,59.953219,-0.009154,1,0
4.033000,-56.353946,206070.461295,-176.339436,205894.108064,63.667958,206238.433726,101.857839,630.846800,-18.278261,630.397466,-138.245867,627.150964,59.952289,0.002271,1,0
4.067000,-56.477913,205606.011443,-176.486568,205011.333464,63.637025,207211.296070,101.474645,625.091762,-18.598238,627.585270,-138.111273,632.775744,59.956154,0.004071,1,0
4.100000,-56.427717,205745.176755,-176.193381,205944.890420,63.583577,205859.638861,101.510854,624.719069,-18.073898,628.849185,-138.051588,627.452008,59.956040,0.003440,1,0
4.133000,-56.451770,203233.527526,-176.255893,205320.597915,63.436761,205938.492668,101.987754,626.847732,-18.341706,634.062487,-138.808673,630.656161,59.949333,-0.001424,1,0
4.167000,-56.215770,206310.171851,-176.339119,205588.572287,63.562852,205945.907816,101.626330,624.871094,-18.485329,629.887211,-138.372340,629.288114,59.950415,0.000793,1,0
4.200000,-56.286355,207549.630254,-176.401158,205907.225278,63.375941,204734.431938,101.969255,629.090393,-18.544474,622.186450,-138.536117,621.419543,59.944588,0.004061,1,0
4.233000,-56.365788,206160.343866,-176.250171,204197.216483,63.530633,205190.660384,101.604309,623.108176,-17.840370,635.796586,-138.403666,629.308295,59.952725,-0.006936,1,0
4.267000,-56.537807,205122.236315,-176.487812,204384.315678,63.484746,204478.425409,101.752208,627.775330,-18.801284,627.680173,-138.772549,623.172195,59.952573,0.004094,1,0
4.300000,-56.432653,205427.934394,-176.391274,203391.458351,63.535742,205358.162673,101.682366,633.573221,-18.697707,624.614656,-138.519456,627.390066,59.945943,0.007426,1,0
4.333000,-56.394051,204287.634584,-176.382766,206655.272416,63.513803,206752.904954,101.727900,628.250252,-18.276440,623.806508,-138.267347,624.719119,59.953121,0.012485,1,0
4.367000,-56.372666,206096.659557,-176.475816,206333.823009,63.428483,204763.093542,101.785277,628.374665,-18.301776,627.707915,-138.626837,627.388771,59.948118,-0.005902,1,0
4.400000,-56.266246,205331.250835,-176.447505,205939.594738,63.487182,204420.751395,101.950661,626.819581,-18.256443,626.430938,-138.375294,624.806661,59.935621,-0.007969,1,0
4.433000,-56.316509,206748.128374,-176.338022,206803.785479,63.625710,204855.317742,101.765112,631.919407,-18.292245,627.473087,-138.490610,624.449458,59.954086,0.000692,1,0
4.467000,-56.335016,206640.779387,-176.282051,205841.694422,63.606258,204534.767734,101.585111,627.269431,-18.280370,625.248020,-138.229157,629.629507,59.943918,-0.007316,1,0
4.500000,-56.354331,206019.577841,-176.405236,205333.351979,63.719159,208095.816287,101.808838,631.657624,-18.347452,627.392410,-138.313175,632.140552,59.944787,-0.005167,1,0
4.533000,-56.401266,204760.025530,-176.411207,203979.107345,63.636678,204001.142413,101.815354,623.400931,-18.529114,626.101798,-138.236692,626.337892,59.948813,0.002457,1,0
4.567000,-56.465680,205164.836318,-176.402432,205164.732509,63.612246,202978.095744,101.522741,624.170884,-18.403359,627.581595,-138.272427,626.278365,59.945669,-0.003015,1,0
4.600000,-56.467430,204924.408802,-176.355095,205250.722298,63.616000,204715.358665,101.217785,627.562511,-18.403830,628.263392,-138.224022,623.886020,59.945681,-0.000328,1,0
4.633000,-56.489351,205136.483763,-176.322690,205150.376457,63.670807,204797.644543,101.311363,625.698110,-18.614273,627.219430,-138.336355,624.453641,59.949937,-0.004434,1,0
4.667000,-56.516143,203780.962789,-176.459769,204215.763697,63.392340,205958.893148,101.456822,628.891089,-18.507331,621.157718,-138.749083,628.773726,59.951613,-0.001931,1,0
4.700000,-56.496612,205698.033531,-176.405873,204327.736688,63.430292,205996.716566,101.410943,627.887635,-18.340647,629.060565,-138.599010,618.945157,59.945355,0.001350,1,0
4.733000,-56.461026,202908.862630,-176.354555,202922.810595,63.472559,205269.503736,101.244307,624.602670,-18.260191,616.406091,-138.504171,625.219397,59.950077,-0.002077,1,0
4.767000,-56.529417,204923.586476,-176.578076,206289.947123,63.583978,205155.186246,101.432127,626.539457,-18.807929,628.098061,-138.476381,622.789675,59.949009,0.008673,1,0
4.800000,-56.421465,203649.395929,-176.478674,204670.230423,63.434498,203866.838632,101.530374,622.207817,-18.320241,632.574600,-138.259529,621.484374,59.951465,0.002914,1,0
4.833000,-56.409681,204070.006003,-176.338755,203750.205755,63.436069,205560.299222,101.791540,620.568178,-18.624429,622.929522,-138.184275,623.653507,59.953269,-0.005225,1,0
4.867000,-56.561670,205066.728760,-176.326470,205393.619921,63.781954,204926.748058,101.233851,625.868078,-18.284608,626.685976,-138.013240,618.271320,59.948002,0.003454,1,0
4.900000,-56.315293,205645.418546,-176.468933,204192.273119,63.505907,205174.968041,101.716601,622.990632,-18.629638,625.832634,-138.190001,626.877774,59.950399,0.001383,1,0
4.933000,-56.492400,203868.991307,-176.313776,203961.385948,63.676031,204247.156432,101.639996,628.727548,-18.200061,628.742400,-138.169038,628.682828,59.949485,0.002751,1,0
4.967000,-56.376392,203831.232719,-176.488774,203016.499907,63.437390,203569.402884,101.713264,622.080833,-18.252889,629.883950,-138.730076,635.668503,59.945369,0.007581,1,0
5.000000,-56.498441,205877.127373,-176.729699,203767.117605,63.650194,202179.351170,101.186996,624.530265,-18.479167,625.954180,-138.502609,632.435829,59.947242,0.011936,1,0
5.033000,-56.650864,203581.522013,-176.319777,205029.379828,63.391668,205369.219177,101.253326,627.622261,-18.532477,629.011235,-138.667705,629.934099,59.948943,0.005065,1,0
5.067000,-56.449839,205208.324206,-176.465917,204574.188220,63.502506,204747.051785,101.362665,623.584642,-18.527305,623.616790,-138.607930,626.214488,59.944455,0.013488,1,0
5.100000,-56.426410,204453.202947,-176.462198,205357.417247,63.369258,205350.970424,101.490517,627.609596,-18.508084,621.139322,-138.562478,626.802020,59.952275,0.003198,1,0
5.133000,-56.507205,205244.914319,-176.583307,205109.632614,63.498938,206241.002519,101.322310,625.171586,-18.773375,630.884277,-138.488470,621.794893,59.955015,0.002301,1,0
5.167000,-56.265921,205833.836307,-176.452312,204870.833624,63.638782,203967.301542,102.046805,624.801595,-18.490659,632.523951,-138.562977,632.886667,59.947964,-0.004923,1,0
5.200000,-56.457544,204100.178749,-176.623589,203805.724509,63.384952,206734.208489,101.531620,625.143559,-18.431535,627.708442,-138.683986,631.164232,59.949660,0.006786,1,0
5.233000,-56.470368,204797.718985,-176.554211,204713.689154,63.540161,207160.755458,101.774782,626.816292,-18.509974,626.160378,-138.618234,625.356674,59.945321,0.003430,1,0
5.267000,-56.442388,204919.564258,-176.421180,204744.791055,63.519625,205087.843990,101.329782,624.965462,-18.212331,632.782963,-138.298162,631.994789,59.948585,0.005726,1,0
5.300000,-56.332805,204896.036487,-176.548203,204458.988396,63.523690,203286.659483,101.841943,634.202732,-18.324084,631.600837,-138.545027,628.316558,59.940958,-0.001567,1,0
5.333000,-56.554120,205757.914604,-176.368148,203508.564936,63.454010,206471.386768,101.303136,631.101172,-18.306654,628.275253,-138.801759,626.692987,59.944592,0.001058,1,0
5.367000,-56.427422,205545.388942,-176.637732,205983.643032,63.663770,205630.829543,101.587278,629.711781,-18.906357,630.009483,-138.362908,628.811110,59.943424,0.006595,1,0
5.400000,-56.428170,205101.521716,-176.506021,205126.545953,63.536382,203722.627168,101.942021,627.377625,-18.437247,628.751339,-138.358083,620.343480,59.951706,-0.000354,1,0
5.433000,-56.526726,204490.268093,-176.205941,204246.078708,63.615260,205374.703646,101.577265,624.552703,-18.019995,628.740360,-138.232096,632.752267,59.940560,0.003428,1,0
5.467000,-56.400060,206307.204514,-176.525104,204647.451561,63.454835,206718.582111,101.462706,631.554964,-18.450050,622.276263,-138.501139,630.607013,59.943779,0.001459,1,0
5.500000,-56.422205,205443.585303,-176.378409,203576.802415,63.440459,205215.854310,101.424293,626.793587,-18.295978,629.233393,-138.886464,628.083785,59.943564,-0.001670,1,0
5.533000,-56.455032,205792.863210,-176.525258,203535.023211,63.555541,205119.430861,101.700828,630.326321,-18.444191,634.032620,-138.383954,627.240625,59.951391,-0.000142,1,0
5.567000,-56.379888,206790.289682,-176.451215,206480.178331,63.539602,203851.364851,101.421897,627.230079,-18.472856,631.533993,-138.249830,626.850338,59.946823,0.007174,1,0
5.600000,-56.498771,205236.995054,-176.464062,205637.477881,63.601990,205122.963092,101.485392,628.863297,-18.478952,628.005679,-138.555989,631.747630,59.952430,-0.003086,1,0
5.633000,-56.535040,205117.393035,-176.614631,204314.824220,63.412519,207392.448567,101.359476,626.074773,-18.706327,624.145469,-138.255746,631.204548,59.943805,-0.002927,1,0
5.667000,-56.461596,204221.409708,-176.505529,205523.705864,63.521001,204771.449973,101.420753,627.214637,-18.307507,630.892242,-138.602452,630.688843,59.954832,-0.011357,1,0
5.700000,-56.660466,204719.432428,-176.453134,204496.924656,63.606001,205115.173124,101.337146,635.089065,-18.473216,638.562625,-138.427839,628.558028,59.957190,-0.000046,1,0
5.733000,-56.487041,205616.805160,-176.584460,203581.525689,63.509164,204830.408938,101.685495,636.794179,-18.874636,632.223126,-138.501524,637.542872,59.951384,0.008879,1,0
5.767000,-56.518701,206486.088467,-176.529183,205088.203786,63.620359,204448.895206,101.192253,626.101622,-18.622833,634.772369,-138.247411,631.209207,59.960381,-0.009456,1,0
5.800000,-56.519489,206014.606799,-176.517769,204968.537069,63.676606,205705.946812,101.598035,624.976230,-18.582918,630.270366,-138.410021,627.524671,59.957173,-0.003083,1,0
5.833000,-56.675702,205132.860986,-176.526106,205059.647109,63.544881,204617.267500,101.182392,629.226537,-18.352487,638.822036,-138.013497,630.812452,59.949950,0.005145,1,0
5.867000,-56.421245,204710.262482,-176.504599,205258.341079,63.541174,205610.258159,101.460616,638.250929,-18.609754,636.889724,-138.309895,632.299970,59.946265,0.002535,1,0
5.900000,-56.656233,205611.379240,-176.697753,206412.827574,63.479905,205887.479748,101.439684,634.852942,-18.455570,640.112700,-138.680215,631.947848,59.953703,0.007508,1,0
5.933000,-56.596072,205566.526291,-176.532700,204172.456695,63.541639,204963.783822,101.495322,635.455629,-18.263674,634.338127,-138.345994,638.661959,59.952248,-0.017720,1,0
5.967000,-56.481542,206574.551625,-176.351117,205358.844507,63.652633,207136.422098,101.653493,640.718938,-18.416662,638.305257,-138.252804,637.791677,59.953630,0.002206,1,0
6.000000,-56.379378,205349.611486,-176.441113,207563.242246,63.540839,204575.925105,101.581479,637.193521,-18.589414,635.944821,-138.466500,636.647806,59.942591,0.008254,1,0
6.033000,-56.430992,206266.216478,-176.439969,205948.795046,63.568018,205107.221478,101.665068,640.311508,-18.328667,634.731153,-138.311163,635.786229,59.947113,-0.010029,1,0
6.067000,-56.360706,205951.178217,-176.595076,206755.704580,63.360840,205303.305019,101.598416,630.653685,-18.794944,635.167664,-138.566343,635.564779,59.953819,0.011880,1,0
6.100000,-56.350899,206524.780066,-176.280073,203909.044416,63.534844,206624.703005,101.765850,631.693608,-17.972276,635.300152,-138.321742,637.730199,59.948644,0.006773,1,0
6.133000,-56.562436,205497.146659,-176.352453,206006.536824,63.638766,205586.741830,101.534977,634.475042,-18.500565,631.768183,-138.871132,624.185940,59.944800,0.011523,1,0
6.167000,-56.444859,203602.712322,-176.527041,206928.924431,63.350545,204655.443221,101.632411,641.876631,-18.577784,638.654928,-138.400462,639.599707,59.939796,0.009171,1,0
6.200000,-56.535886,205224.300718,-176.525518,205745.917634,63.382856,206777.084652,101.297803,637.878417,-18.172304,636.740668,-138.361301,635.837759,59.943090,-0.003836,1,0
6.233000,-56.353291,204256.257289,-176.568463,203071.853460,63.507093,204991.544918,101.775059,637.439135,-18.528719,633.654958,-138.707115,636.324141,59.947573,-0.006591,1,0
6.267000,-56.589356,205675.517712,-176.541232,205114.071292,63.474816,204377.443415,101.305378,635.784226,-18.627630,635.832005,-138.555089,638.890905,59.948392,-0.007229,1,0
6.300000,-56.426031,207706.596926,-176.572521,206031.213970,63.334399,204734.668504,101.453126,633.530112,-18.620727,640.417111,-138.559761,638.601672,59.951147,-0.013175,1,0
6.333000,-56.707039,205115.339041,-176.474794,206306.687933,63.435980,205357.954367,101.181642,635.719845,-18.157858,640.214141,-138.710220,644.706430,59.951436,-0.000573,1,0
6.367000,-56.503037,205363.086111,-176.626314,204427.155288,63.382295,205274.105872,101.535523,639.905964,-18.802179,633.755398,-138.804750,636.082134,59.949129,-0.008786,1,0
6.400000,-56.442239,204521.163718,-176.700566,203921.983050,63.395784,205218.780117,101.355756,633.389687,-18.668971,634.649190,-138.852037,634.693316,59.952577,0.006471,1,0
6.433000,-56.555295,204562.953839,-176.474597,204428.568504,63.538070,205624.427828,101.721862,642.641759,-18.446036,638.993317,-138.698015,637.880550,59.956022,-0.004128,1,0
6.467000,-56.598144,205191.915046,-176.373274,206524.126204,63.768299,204823.007753,101.485739,628.299326,-18.560451,637.683528,-138.179356,637.147791,59.946943,-0.010444,1,0
6.500000,-56.317253,203613.991969,-176.436418,205739.798140,63.577589,203681.261356,101.457013,639.910231,-18.530532,637.276385,-138.497617,639.287925,59.947953,0.020709,1,0
6.533000,-56.335070,204582.763636,-176.587975,204764.093688,63.511256,206815.913179,101.701107,638.014515,-18.695344,635.824744,-138.382710,638.318682,59.949274,-0.000042,1,0
6.567000,-56.529473,204815.547617,-176.517591,205824.987827,63.409501,204615.429639,101.691679,641.048473,-18.593272,632.492859,-138.919191,640.905337,59.937756,0.007267,1,0
6.600000,-56.477864,205696.620453,-176.541288,205175.621028,63.667884,205369.367064,101.603347,641.841711,-18.433560,643.241325,-138.195065,635.055559,59.951617,0.005672,1,0
6.633000,-56.697662,205704.587761,-176.407021,206307.699059,63.558082,206188.644363,100.922893,640.287421,-18.402559,637.698235,-138.413850,637.177447,59.950578,-0.008988,1,0
6.667000,-56.574352,205651.173319,-176.610995,204625.441925,63.507851,204990.743006,101.258334,641.939465,-18.331489,642.373620,-138.281340,647.954247,59.940553,0.001317,1,0
6.700000,-56.446111,205890.324211,-176.530276,205370.170412,63.580261,206284.097956,101.343034,644.753949,-18.839265,635.020210,-138.325093,642.718360,59.951895,0.003554,1,0
6.733000,-56.666401,205703.802209,-176.510844,201909.264582,63.534385,206853.911825,101.394249,637.628742,-18.455613,637.377922,-138.257518,645.691488,59.940882,0.002987,1,0
6.767000,-56.528427,207058.995910,-176.559157,205145.499002,63.477815,204895.868986,101.671428,638.902276,-18.496073,630.573584,-138.485349,642.828990,59.945273,-0.006665,1,0
6.800000,-56.601973,204243.740558,-176.501715,204140.176750,63.488810,206072.241869,101.558745,638.801182,-18.405003,640.864534,-138.459552,639.379095,59.944345,-0.005559,1,0
6.833000,-56.513275,203863.332315,-176.566947,205553.597614,63.654773,205708.450991,101.657976,635.520173,-18.772916,640.789177,-138.402057,633.956899,59.942409,-0.000833,1,0
6.867000,-56.610515,203138.951396,-176.686803,206736.672933,63.586327,204648.189188,101.252429,643.466050,-18.634375,642.842169,-138.282017,639.692890,59.937856,-0.002451,1,0
6.900000,-56.662543,205484.911834,-176.751597,205029.350171,63.393963,205517.871828,101.510535,638.969123,-18.576732,642.825537,-138.750737,640.085100,59.941229,0.011093,1,0
6.933000,-56.742243,205226.270887,-176.560026,204868.948777,63.470095,205110.712046,101.401650,641.131392,-18.286249,640.675341,-138.407857,641.591025,59.939878,-0.004522,1,0
6.967000,-56.465760,203437.130362,-176.718920,204423.173202,63.424088,203750.259192,101.681383,638.258526,-18.838523,638.161229,-138.542503,643.156107,59.933811,0.009450,1,0
7.000000,-56.588874,203237.805707,-176.657871,203676.125081,63.255535,205392.437124,101.144639,640.503986,-18.759345,641.241667,-139.004878,641.381763,59.943961,-0.015114,1,0
7.033000,-56.624508,205246.430617,-176.540056,204731.835557,63.292383,205059.111691,101.503607,643.344317,-18.337097,642.748445,-138.575150,644.032063,59.940371,0.008953,1,0
7.067000,-56.594355,205067.745370,-176.547787,205126.724164,63.314028,203348.281506,101.295414,643.352559,-18.959445,641.919646,-138.828265,640.404739,59.946422,-0.010078,1,0
7.100000,-56.517090,204706.843179,-176.677521,204673.409405,63.282172,203646.245393,101.360025,644.655578,-18.797261,635.398954,-138.743531,630.922561,59.949240,-0.004242,1,0
7.133000,-56.554042,205436.785446,-176.648312,204538.136527,63.375411,203609.424021,101.155490,639.994064,-18.530783,645.470044,-138.602354,645.728496,59.947897,-0.008814,1,0
7.167000,-56.602102,205002.281333,-176.601630,204626.830319,63.456925,204523.075708,101.541877,643.993491,-18.522452,646.821943,-138.542514,642.335989,59.948547,0.004571,1,0
7.200000,-56.497643,204355.488518,-176.649798,203850.029609,63.474195,203963.341592,101.405671,635.894791,-19.172983,642.274697,-138.513730,637.377126,59.945494,-0.008171,1,0
7.233000,-56.526112,204816.523680,-176.637011,204452.102092,63.325155,205302.148397,101.387133,641.491737,-18.618557,645.682263,-138.715541,644.663172,59.941145,-0.007883,1,0
7.267000,-56.647594,204169.041635,-176.654190,204948.707539,63.285771,203474.551689,101.299231,642.773276,-18.651200,638.968579,-138.474958,638.208343,59.937620,0.000118,1,0
7.300000,-56.601078,205582.250086,-176.686885,204603.941209,63.407987,205495.524235,101.543894,646.804259,-18.773783,645.099568,-138.388764,641.039129,59.943918,0.005366,1,0
7.333000,-56.525009,205081.134191,-176.571270,204757.140594,63.286911,204883.429514,101.517334,645.140404,-18.587518,641.053422,-138.727335,639.345198,59.954425,0.005574,1,0
7.367000,-56.642294,204111.580503,-176.456667,204505.382363,63.232148,203875.327157,101.307904,633.610230,-18.329269,646.813333,-138.781875,643.813896,59.941991,-0.004620,1,0
7.400000,-56.659422,204504.855427,-176.384980,203820.398347,63.343640,205073.493122,101.215538,637.355206,-18.278571,638.108588,-138.785249,646.325773,59.938607,0.000052,1,0
7.433000,-56.598176,203877.011173,-176.595914,202667.989905,63.491250,205291.628889,101.663411,639.686122,-18.440152,641.874783,-138.476802,639.760660,59.936736,-0.004267,1,0
7.467000,-56.360227,205044.053054,-176.658214,204043.969434,63.392647,204797.390656,101.610277,640.306321,-18.596002,635.684277,-138.683465,638.033909,59.942202,0.005107,1,0
7.500000,-56.516563,204400.192173,-176.615375,205325.126852,63.541673,203747.739578,101.773052,645.411120,-18.750093,638.260903,-138.101283,641.827014,59.946352,-0.013342,1,0
7.533000,-56.486006,205860.694838,-176.684278,204450.262475,63.507639,205168.580811,101.574576,640.232796,-18.976838,640.947412,-138.733322,635.667283,59.951454,0.003753,1,0
7.567000,-56.489626,204656.450221,-176.555221,204112.406481,63.378696,204252.723964,101.317799,640.303800,-18.665709,644.378109,-138.135187,642.780358,59.952527,-0.006711,1,0
7.600000,-56.564887,204613.012215,-176.630080,203772.325251,63.424188,205677.905130,101.448037,641.099617,-18.583358,640.851216,-138.501398,644.800511,59.942217,-0.000875,1,0
7.633000,-56.495787,207511.135849,-176.667395,203899.949238,63.362220,206633.327978,101.378583,647.759681,-18.525156,644.089991,-138.835995,643.055151,59.950910,-0.001065,1,0
7.667000,-56.490667,204810.394811,-176.821149,204110.853366,63.242773,204719.562106,101.527787,638.738301,-18.877063,640.760113,-138.823883,646.151560,59.950609,0.005282,1,0
7.700000,-56.527401,204776.970400,-176.681148,205470.878444,63.374895,205457.226695,101.411167,639.887365,-18.401379,651.056022,-138.331486,651.099213,59.945483,-0.004979,1,0
7.733000,-56.735015,205871.636518,-176.385535,205324.197580,63.255744,205106.803790,101.267458,640.744735,-18.121489,636.486791,-138.877289,648.790282,59.959822,0.002434,1,0
7.767000,-56.550038,204602.287376,-176.748468,204369.416668,63.336637,204835.777686,101.826170,643.045810,-18.946846,649.334152,-138.839938,637.418845,59.951358,0.003875,1,0
7.800000,-56.745217,204325.368605,-176.594841,204068.371206,63.356489,206229.417533,101.401101,646.625129,-18.647875,639.945305,-138.446426,640.649039,59.936682,-0.011630,1,0
7.833000,-56.628904,204516.475561,-176.599885,203361.566106,63.518846,206551.642722,101.146081,637.149873,-18.222849,646.825093,-138.683613,649.791070,59.943879,-0.006241,1,0
7.867000,-56.729957,204804.873593,-176.818240,204596.418275,63.346636,204421.827516,101.627773,637.211857,-18.844089,639.193470,-138.660970,638.668569,59.943782,0.009745,1,0
7.900000,-56.630354,202889.326981,-176.580509,204680.908148,63.467782,204194.391551,101.391279,653.563437,-18.597613,632.971662,-138.577015,645.708049,59.944354,0.009544,1,0
7.933000,-56.587786,204726.794126,-176.548625,206646.902154,63.319495,203833.133698,101.205315,631.683450,-18.377329,636.892592,-138.282267,635.555451,59.947037,0.000749,1,0
7.967000,-56.638116,203335.576108,-176.736123,205731.695216,63.321161,205135.329288,101.488134,643.310284,-18.659661,637.960505,-138.735418,642.322313,59.939019,0.006428,1,0
8.000000,-56.630510,202981.615897,-176.460459,205969.935931,63.527142,203396.496329,101.584598,644.731837,-18.354193,637.344112,-138.474639,643.857680,59.934726,0.005344,1,0
8.033000,-56.666265,203772.445534,-176.534840,205242.397467,63.244518,205515.507267,101.534912,640.638143,-18.555254,642.410907,-138.771656,644.732884,59.937032,-0.016292,1,0
8.067000,-56.580271,205575.780845,-176.769713,204668.096399,63.339671,204247.446334,101.477772,638.377793,-18.753418,647.900248,-138.816614,640.935938,59.941598,-0.011077,1,0
8.100000,-56.680162,202843.614004,-176.768617,203059.851485,63.331409,204819.461988,101.609184,640.923453,-18.785894,640.415834,-138.725890,647.544291,59.942518,0.006275,1,0
8.133000,-56.687118,205564.275354,-176.531594,204899.860039,63.437564,203356.378444,101.487589,642.535810,-18.644964,642.971465,-138.441124,644.848400,59.945891,0.000254,1,0
8.167000,-56.711405,204292.092724,-176.569853,204021.361332,63.189560,205781.457923,100.974327,646.693909,-18.517171,640.707014,-138.551931,641.811338,59.926287,-0.002527,1,0
8.200000,-56.504677,204378.020852,-176.662943,203265.476373,63.228226,203516.909069,101.442013,652.719994,-18.562536,632.710358,-138.471784,645.706548,59.931625,-0.012134,1,0
8.233000,-56.643057,204415.738106,-176.957059,202297.775212,63.592740,203450.703484,101.143916,631.074264,-18.914289,639.369213,-138.235215,640.812884,59.926018,-0.003130,1,0
8.267000,-56.586249,206121.970364,-176.821729,205721.222121,63.372887,205929.090823,101.458793,640.668959,-18.583995,643.164927,-138.792864,647.793610,59.932953,0.014094,1,0
8.300000,-56.610640,204910.825682,-176.776455,204417.674170,63.289909,204183.413497,101.319209,643.161012,-18.835784,645.105762,-138.773154,645.507664,59.938302,0.001491,1,0
8.333000,-56.678556,205894.677658,-176.461355,205596.403787,63.261365,204692.918467,101.553542,638.738453,-18.165949,637.252369,-138.758347,636.714314,59.928573,0.007313,1,0
8.367000,-56.472294,204963.681766,-176.617948,203843.204141,63.302146,203974.546357,101.525214,644.641629,-18.806295,650.712191,-138.633781,646.650979,59.938793,0.001636,1,0
8.400000,-56.614919,205287.911719,-176.603844,204324.800314,63.513728,204586.670354,101.141814,643.557159,-18.947183,641.597890,-138.649843,642.729404,59.935848,-0.006929,1,0
8.433000,-56.701216,202740.974614,-176.497980,204061.926670,63.363200,204394.378207,101.296309,642.851872,-18.395510,639.363279,-138.832290,641.737712,59.927479,-0.001685,1,0
8.467000,-56.451975,202751.410638,-176.627625,203284.846585,63.451717,203093.802694,101.547519,640.984186,-18.470650,647.140554,-138.369310,644.585477,59.926436,0.007100,1,0
8.500000,-56.667307,204713.238871,-176.574284,203982.074899,63.339430,203664.859322,101.558037,637.772666,-18.192847,642.536697,-138.494549,649.127440,59.936698,0.001866,1,0
8.533000,-56.608984,204815.381856,-176.740007,203561.711550,63.377881,203991.026843,101.312560,651.033646,-18.679076,649.375012,-138.847561,650.039542,59.937403,0.001836,1,0
8.567000,-56.535711,204521.466168,-176.419261,203483.321124,63.503891,205374.370008,101.786175,646.534995,-18.224494,648.065163,-138.438840,651.985177,59.939487,0.002628,1,0
8.600000,-56.686891,204803.043640,-176.457578,205833.490036,63.483290,205157.245009,101.563896,646.117794,-18.316577,642.970076,-138.150883,649.330194,59.937914,-0.004378,1,0
8.633000,-56.452479,204057.995510,-176.509212,204947.047067,63.353346,203057.791912,101.426574,651.146073,-18.140323,648.263620,-138.425486,653.691430,59.944112,-0.000303,1,0
8.667000,-56.717174,204475.577617,-176.622251,203742.571883,63.539498,205066.955338,101.104274,651.558478,-18.468357,653.146374,-138.722839,644.847830,59.946161,-0.001984,1,0
8.700000,-56.568248,204538.782734,-176.632717,203052.519535,63.342720,204493.872984,101.264007,644.652163,-18.932512,645.641467,-138.883944,648.883080,59.945334,-0.006119,1,0
8.733000,-56.301679,204068.888638,-176.595006,204921.665328,63.569040,203705.310059,101.619500,650.141471,-18.825859,650.130350,-138.602009,648.621767,59.941094,0.010617,1,0
8.767000,-56.363341,204068.878606,-176.678696,203749.823384,63.596865,205248.221324,101.904654,643.555541,-18.763602,649.334885,-138.494640,642.752577,59.946722,-0.015545,1,0
8.800000,-56.527641,204175.186845,-176.412670,204539.943116,63.496569,205540.741077,101.307951,649.226080,-18.118603,648.902172,-138.520683,649.585372,59.942066,-0.018757,1,0
8.833000,-56.550502,203490.377962,-176.599874,203132.569353,63.498881,205013.731054,101.248304,651.299022,-18.608527,650.856040,-138.484306,649.476122,59.945719,-0.001855,1,0
8.867000,-56.458345,203175.310373,-176.436433,202615.214945,63.570743,203707.242075,101.883721,647.621020,-18.605403,647.610236,-138.259919,648.887848,59.946443,-0.005976,1,0
8.900000,-56.413040,205459.979848,-176.385103,204297.725383,63.496071,204403.870385,101.813361,651.111154,-18.322016,657.694131,-138.756784,643.756122,59.952002,0.010408,1,0
8.933000,-56.572103,205928.211797,-176.523399,204434.418460,63.509851,202454.876720,101.470578,654.208306,-18.471542,645.322380,-138.548592,658.274794,59.945771,0.017306,1,0
8.967000,-56.440261,202977.603790,-176.326218,204496.057289,63.599630,202469.287159,101.508051,654.445858,-18.035606,648.934547,-138.531178,645.641192,59.952302,-0.013150,1,0
9.000000,-56.313931,204041.113150,-176.459780,203545.012137,63.659229,203796.157710,101.534807,650.936114,-18.714201,646.422230,-138.112665,652.600151,59.951574,-0.011908,1,0
9.033000,-56.331415,204166.643628,-176.245767,203374.876308,63.466640,205567.281541,101.785502,647.091869,-18.237711,655.009291,-138.813528,647.062077,59.950562,-0.014734,1,0
9.067000,-56.387003,205959.040736,-176.464599,202495.015583,63.622909,202765.370352,101.653643,654.755486,-18.376685,644.501591,-138.545144,655.617337,59.947066,0.011549,1,0
9.100000,-56.581758,204655.045697,-176.300332,203360.412069,63.431396,205898.423619,100.967623,651.274685,-18.360967,647.186734,-138.644652,647.679467,59.948940,-0.006860,1,0
9.133000,-56.519351,204703.449835,-176.442498,204151.567062,63.608341,205245.975663,101.141417,650.244083,-18.520145,646.370335,-138.735465,652.697566,59.940120,-0.000033,1,0
9.167000,-56.521744,204206.256132,-176.502142,204926.423765,63.490703,204568.483039,101.341282,649.987985,-18.442566,650.350832,-138.495296,654.816108,59.937103,-0.008577,1,0
9.200000,-56.466762,203302.164389,-176.434534,204755.005135,63.530975,204993.181806,101.486856,647.777941,-18.634996,647.355049,-138.343594,647.995116,59.946114,0.001697,1,0
9.233000,-56.328730,203670.224923,-176.288192,204585.277409,63.451378,204632.294796,101.548726,646.077513,-18.375900,654.255195,-138.613057,655.639288,59.941679,0.003516,1,0
9.267000,-56.399869,204356.370469,-176.253821,203099.459941,63.603962,203810.773166,101.581825,651.335966,-18.267422,650.103277,-138.230547,659.032388,59.944482,0.007799,1,0
9.300000,-56.536799,204453.998550,-176.417738,204423.674619,63.709938,202631.178809,101.782266,655.400622,-18.198936,650.880002,-138.271117,650.371435,59.947973,0.005972,1,0
9.333000,-56.372070,204029.791383,-176.440729,204300.191493,63.738326,205131.908407,101.766864,652.289063,-18.512855,655.819543,-138.299466,652.587626,59.946049,0.004093,1,0
9.367000,-56.446010,205879.516036,-176.470953,204840.205315,63.493737,204811.875566,101.707410,656.505182,-18.108520,652.090118,-138.689233,653.457002,59.952554,0.003015,1,0
9.400000,-56.446008,206575.878781,-176.534685,205161.588963,63.574064,205299.174450,101.231622,655.269396,-18.253448,655.775063,-138.623634,657.844550,59.946065,0.002796,1,0
9.433000,-56.496559,203523.791730,-176.525887,204226.613252,63.565074,204975.898646,101.411338,658.520144,-18.734141,656.639894,-138.329107,655.027743,59.943649,0.000615,1,0
9.467000,-56.526191,205366.384880,-176.465466,202857.298356,63.768187,205477.542567,101.559210,653.099511,-18.288483,661.274258,-138.205853,652.209385,59.958476,-0.014973,1,0
9.500000,-56.340698,205895.449542,-176.453629,206076.924061,63.523614,204289.288296,101.634701,653.384363,-18.445302,653.535819,-138.378365,659.572418,59.942005,0.000053,1,0
9.533000,-56.508740,205006.711955,-176.508563,205919.278125,63.459205,203438.089532,101.801382,649.264973,-18.262228,657.376310,-138.652807,651.292869,59.937573,0.003719,1,0
9.567000,-56.568010,204111.734533,-176.605550,205211.760001,63.514906,206187.131996,101.533974,648.578090,-18.827420,649.241151,-138.719915,653.537916,59.946032,-0.002402,1,0
9.600000,-56.616660,205209.327274,-176.484450,205144.225233,63.512588,206432.831457,101.219359,653.173406,-18.601759,640.976894,-138.725408,646.751380,59.946776,0.003098,1,0
9.633000,-56.577487,203576.349267,-176.675762,205935.187558,63.226872,205619.938719,101.282764,655.206393,-18.680571,652.019308,-138.944998,647.812609,59.944131,0.001995,1,0
9.667000,-56.584087,205371.403471,-176.557831,205209.266712,63.479065,203205.091800,101.608980,645.727516,-18.486270,646.733812,-138.645559,650.305913,59.944002,0.002283,1,0
9.700000,-56.590022,205175.826522,-176.566229,204068.054776,63.519769,204864.406404,101.426044,652.219703,-18.526589,643.841913,-138.365972,651.103870,59.942916,-0.003701,1,0
9.733000,-56.457251,205533.360845,-176.416047,205132.911859,63.454456,204211.297953,101.591279,651.663844,-18.367462,644.236417,-138.205570,646.725122,59.940532,0.007808,1,0
9.767000,-56.683651,206091.822500,-176.655715,206460.792361,63.330223,204589.139565,100.896938,641.242195,-18.682071,643.644626,-138.688635,644.006071,59.941831,0.002388,1,0
9.800000,-56.402232,205508.194245,-176.579047,204854.468845,63.472213,205313.486626,101.648788,648.447107,-18.725360,652.285193,-138.690303,644.590781,59.942630,-0.002821,1,0
9.833000,-56.585204,204911.274067,-176.444377,206174.429225,63.602953,205813.831083,101.299604,648.639809,-18.385475,642.288731,-138.291510,647.889560,59.947078,-0.012609,1,0
9.867000,-56.594923,205422.632871,-176.553284,205731.079729,63.524284,205206.880147,101.303638,646.447485,-18.460220,649.183657,-138.434036,640.607426,59.945420,-0.007758,1,0
9.900000,-56.544517,204418.031748,-176.500538,206239.530315,63.495080,204608.905421,101.347842,649.917467,-18.472374,650.980662,-138.328023,650.716440,59.944425,0.000064,1,0
9.933000,-56.594505,204174.973217,-176.549180,205212.264232,63.513161,204181.240031,101.655369,651.758658,-18.736012,647.026913,-138.872439,651.737040,59.941598,0.006682,1,0
9.967000,-56.513568,203370.335469,-176.400607,204373.202870,63.721063,203973.952925,101.212442,652.777528,-18.510161,648.509031,-138.091423,648.483490,59.943025,0.012022,1,0
10.000000,-56.543445,203464.801719,-176.443823,206174.014942,63.451865,205956.823658,101.590775,641.886630,-18.487241,646.373965,-138.759099,648.010769,59.948806,0.004815,1,0
10.033000,-56.601194,204407.194803,-176.506593,204381.278548,63.525383,203955.263669,101.429600,648.433430,-18.606653,646.138997,-138.580866,648.861626,59.943263,0.000411,1,0
10.067000,-56.589667,204276.355095,-176.638407,203960.545591,63.325002,205420.434519,101.158449,649.924683,-18.615593,645.997530,-138.623838,650.306436,59.941991,0.005160,1,0
10.100000,-56.522222,204060.676094,-176.527469,204635.335624,63.550371,205165.008955,101.192631,651.531778,-18.704386,644.419906,-138.706895,650.738032,59.946565,-0.005052,1,0
10.133000,-56.534033,206404.658780,-176.567895,206646.171856,63.715645,203380.226363,101.793476,650.319268,-18.484538,650.616728,-138.557536,651.459402,59.945011,0.005370,1,0
10.167000,-56.320786,205238.639175,-176.306165,204230.261037,63.482484,205170.252552,101.400999,646.097518,-18.533792,640.336802,-138.381003,645.161532,59.948068,-0.007684,1,0
10.200000,-56.346233,204785.472601,-176.145635,205565.261372,63.519626,204533.012323,101.560303,645.313860,-18.111976,651.609462,-138.272122,643.488333,59.945401,-0.008159,1,0
10.233000,-56.513836,205663.131828,-176.399328,204340.114648,63.538705,205226.653580,101.640674,650.292776,-18.366410,647.551862,-138.561800,643.842957,59.950452,-0.007370,1,0
10.267000,-56.454715,206035.420007,-176.404757,204973.401840,63.560362,204247.362295,101.503271,650.298585,-18.289349,642.465131,-138.689928,638.454326,59.947329,-0.003718,1,0
10.300000,-56.515183,205997.550994,-176.470693,205668.943710,63.631751,205821.520373,101.443977,646.057441,-18.610148,640.841495,-138.760111,645.482632,59.935567,0.005519,1,0
10.333000,-56.314124,203580.322125,-176.299112,205940.204597,63.594147,204577.061137,101.792510,644.466741,-18.446846,643.964068,-138.513123,648.172917,59.938426,-0.002372,1,0
10.367000,-56.329982,203836.774468,-176.288937,204181.974064,63.698932,206660.152964,101.572854,646.700800,-18.554750,644.500189,-138.271540,641.677747,59.937342,0.002094,1,0
10.400000,-56.364785,205662.505829,-176.458309,203224.177906,63.559557,203720.709704,101.582894,643.421045,-18.041757,645.318678,-138.496938,645.579562,59.938972,-0.003593,1,0
10.433000,-56.396603,205127.406228,-176.219646,204508.421728,63.801072,205106.331119,101.915334,650.421591,-18.057530,650.393575,-137.956314,649.422864,59.932280,0.001174,1,0
10.467000,-56.423269,205425.949387,-176.353400,205801.738428,63.554663,204483.794591,101.693642,645.512417,-18.248931,643.359524,-138.624762,643.557919,59.942012,-0.002508,1,0
10.500000,-56.454889,205413.476571,-176.434584,205628.527789,63.558315,205943.372965,101.283288,642.602341,-18.727404,639.891141,-138.525506,639.400723,59.933080,-0.003172,1,0
10.533000,-56.361171,204058.129569,-176.191990,205190.951018,63.696444,204705.041291,101.513591,649.792820,-17.818888,649.010282,-138.429838,652.662078,59.947333,0.001413,1,0
10.567000,-56.278914,204000.101185,-176.379619,205665.184218,63.923264,205621.729809,101.896954,647.079399,-18.473115,638.424521,-138.143383,641.699039,59.945547,-0.008822,1,0
10.600000,-56.291958,205583.903602,-176.314363,205397.859432,63.595672,205792.443250,102.044819,640.845899,-18.552372,648.508777,-138.442160,644.587164,59.942398,0.008545,1,0
10.633000,-56.337112,205084.908784,-176.310243,203263.457482,63.531339,204247.156509,101.688153,640.545858,-18.211867,643.451554,-138.412239,648.757614,59.943705,-0.001418,1,0
10.667000,-56.463400,204527.777129,-176.483313,204154.785947,63.430921,204061.284830,101.533111,644.876792,-18.997509,645.088157,-138.431546,640.857487,59.929204,0.001735,1,0
10.700000,-56.558266,204108.879537,-176.368952,206102.003839,63.481174,204768.718514,101.082087,643.895047,-18.372143,641.155016,-138.452001,642.147661,59.941490,0.008496,1,0
10.733000,-56.441648,205433.066545,-176.442472,203913.039397,63.684734,204123.821891,101.785452,649.254930,-18.603126,644.833690,-138.148892,641.620126,59.949092,0.002986,1,0
10.767000,-56.562295,206910.489080,-176.449623,203907.312953,63.510295,205375.777575,101.474849,645.794465,-18.447018,644.301445,-138.465691,639.316644,59.942737,0.002175,1,0
10.800000,-56.268037,207374.263310,-176.371465,205231.963384,63.635472,204696.507519,101.778244,642.275381,-18.180297,644.638373,-138.592681,635.471589,59.942815,0.010225,1,0
10.833000,-56.668990,205913.869881,-176.410385,205172.968507,63.536655,205933.820241,101.285121,642.961410,-18.431992,641.307629,-138.339506,637.290987,59.945863,-0.003077,1,0
10.867000,-56.394863,204947.600264,-176.469160,203629.704398,63.628477,205352.092224,101.566174,644.434643,-18.621000,646.345359,-138.070524,643.326913,59.943944,-0.003983,1,0
10.900000,-56.352064,204037.050016,-176.344182,204087.833029,63.608226,206672.766684,101.659931,635.647630,-18.336733,637.634961,-138.399340,640.620085,59.947999,-0.002446,1,0
10.933000,-56.310626,204266.535505,-176.333471,205154.200253,63.782208,206107.875746,101.460876,638.082648,-17.980244,641.956352,-138.442774,647.507362,59.950811,0.000053,1,0
10.967000,-56.325867,205351.189489,-176.230101,202935.192715,63.648568,205130.793873,101.261967,640.494212,-18.255855,634.097835,-138.362217,638.427637,59.950999,-0.007471,1,0
11.000000,-56.269783,204291.847111,-176.399262,203460.960374,63.559795,203630.339711,101.821968,641.341010,-18.670873,637.520907,-138.553532,634.023804,59.953840,0.005986,1,0
11.033000,-56.166880,204688.172808,-176.405018,205015.381948,63.582995,205516.899615,101.974246,651.663097,-18.453921,640.045975,-138.404850,645.551803,59.949794,-0.001703,1,0
11.067000,-56.110358,204438.761020,-176.231454,203674.082018,63.666577,204893.054367,101.785481,646.012908,-18.176453,640.409199,-138.263479,642.486184,59.944164,0.010951,1,0
11.100000,-56.331405,203706.756536,-176.389381,202942.685058,63.793238,205808.958607,101.943548,640.387080,-18.487106,633.716856,-138.318548,637.819424,59.947691,0.005620,1,0
11.133000,-56.304426,203729.191380,-176.148082,204979.914241,63.669896,204072.708749,102.015339,640.080051,-17.758147,632.467268,-138.165683,638.817924,59.943066,0.000543,1,0
11.167000,-56.292782,205263.658050,-176.261850,206158.387388,63.838509,204354.113393,101.808581,641.073320,-18.451563,641.732323,-138.060480,642.278440,59.947686,0.007702,1,0
11.200000,-56.380381,204451.558178,-176.356363,204992.579016,63.486276,205463.660304,101.733818,639.087718,-18.573403,635.932501,-138.211773,639.536340,59.949360,0.007166,1,0
11.233000,-56.180770,204515.774183,-176.216883,205360.448709,63.592933,204589.546396,101.798131,644.434914,-18.170361,639.591894,-138.569962,643.969960,59.946306,0.001700,1,0
11.267000,-56.204331,206863.977571,-176.288320,205824.124424,63.641799,205530.970569,101.740566,641.781610,-18.298947,638.660638,-138.327413,638.440981,59.951618,-0.000745,1,0
11.300000,-56.334643,204634.049528,-176.321989,205651.976839,63.670977,205021.706745,101.401075,633.442291,-18.290308,635.065293,-137.982093,632.336547,59.946824,-0.005159,1,0
11.333000,-56.313726,203487.749262,-176.161851,203965.181459,63.810600,206472.400010,101.676166,633.671663,-18.436989,630.855717,-138.010601,636.728688,59.945091,-0.002428,1,0
11.367000,-56.285035,203745.504106,-176.200679,205888.619099,63.747804,204623.220568,101.634981,629.089317,-17.970720,634.352618,-138.351547,634.741687,59.953456,-0.001529,1,0
11.400000,-56.283099,204677.828015,-176.299371,203871.060815,63.872521,205632.174138,101.561752,635.705713,-18.054648,639.574002,-138.267051,635.904580,59.943223,-0.015321,1,0
11.433000,-56.412124,204362.755023,-176.192703,203525.221550,63.829957,206483.767042,101.483901,634.500208,-18.297625,630.927919,-138.348218,631.330366,59.946817,-0.003513,1,0
11.467000,-56.273993,204269.056144,-176.302452,205399.517304,63.623971,205616.806778,101.788742,634.925128,-18.482018,629.995729,-138.288916,627.676682,59.959217,0.005580,1,0
11.500000,-56.385294,204563.221153,-176.315573,205339.895507,63.747353,204914.161017,101.542300,634.701462,-18.017270,628.082902,-138.307810,630.364559,59.951535,-0.001471,1,0
11.533000,-56.191460,204985.823514,-176.176938,204834.467419,63.874654,204034.112183,101.716578,630.149987,-18.414982,637.486891,-138.055788,636.059029,59.949157,0.006588,1,0
11.567000,-56.344778,206164.297182,-176.345998,206173.031644,63.731746,206253.754210,101.499466,636.823937,-18.291986,636.637488,-137.962797,630.879448,59.944163,0.003031,1,0
11.600000,-56.279668,204301.290544,-176.224068,206012.231301,63.656060,206256.318234,101.678770,638.863816,-18.198988,634.655729,-138.171231,633.603326,59.950955,-0.017116,1,0
11.633000,-56.259386,206585.838214,-176.423720,204355.242294,63.658387,206821.952870,101.549109,640.740630,-18.245564,634.739928,-138.478298,648.364579,59.944455,-0.000357,1,0
11.667000,-56.241889,205554.039130,-176.332020,205020.134568,63.731826,205076.672936,101.989332,640.276286,-18.519037,638.630199,-138.061788,631.797558,59.948558,-0.000605,1,0
11.700000,-56.225811,206106.648068,-176.101755,205087.786653,63.675706,206376.945720,101.736155,634.711363,-18.180518,631.656602,-138.611335,636.626233,59.949978,-0.006128,1,0
11.733000,-56.348497,204751.391378,-176.467442,203440.652870,63.591690,204761.311731,101.492795,639.235909,-18.524853,641.202005,-138.093824,641.253660,59.945360,0.001374,1,0
11.767000,-56.318029,206512.079241,-176.150016,205659.635080,63.560702,204593.322256,101.746005,636.261852,-18.088640,639.192532,-138.325123,634.637038,59.947482,-0.007567,1,0
11.800000,-56.329016,204498.687239,-176.287693,205647.268654,63.754287,205650.941116,101.312834,637.900276,-18.029627,636.748230,-138.011413,637.851442,59.937318,0.004945,1,0
11.833000,-56.348382,205152.306320,-176.202045,205307.222221,63.731536,207581.911233,101.646301,652.812098,-18.142033,633.840905,-138.312576,641.352991,59.942666,-0.006732,1,0
11.867000,-56.093800,205427.816216,-176.334820,205203.392364,63.890791,206038.558977,101.819976,639.380730,-18.465982,634.171579,-137.745398,643.232740,59.937981,0.014888,1,0
11.900000,-56.283921,205975.899054,-176.080919,205299.061787,63.902502,205586.678348,102.042345,645.774283,-18.140718,648.310619,-138.241707,637.172564,59.947587,0.002139,1,0
11.933000,-56.321490,206630.136496,-176.151588,204564.747975,63.681737,205270.667129,101.892008,640.459509,-17.995228,645.547252,-138.480812,641.048620,59.935127,0.004073,1,0
11.967000,-56.149324,205106.998743,-176.291214,205793.524526,63.652345,204776.287817,101.847453,634.146800,-18.339910,646.724018,-138.464543,643.333298,59.937546,0.001316,1,0
12.000000,-56.267131,205040.305483,-176.312548,203990.212651,63.578342,206099.165984,101.633179,634.969039,-18.318972,642.049374,-138.404751,640.614714,59.949935,0.016693,1,0
12.033000,-56.248572,206470.731889,-176.373388,206111.801451,63.657852,205395.766787,101.895499,644.140526,-18.164510,643.026612,-137.881141,636.082993,59.942994,-0.000102,1,0
12.067000,-56.194842,205065.407372,-176.225466,205344.330964,63.678650,205326.839151,101.829515,632.115104,-18.232561,643.557745,-138.246437,643.654164,59.938688,-0.001676,1,0
12.100000,-56.142544,205924.639089,-176.258118,206491.765466,63.707438,205012.602428,101.494445,641.547545,-18.041568,641.819708,-138.236011,635.548067,59.947035,-0.011510,1,0
12.133000,-55.947866,206103.686951,-176.241636,205511.505970,63.647588,203364.370544,101.964429,638.603821,-18.576730,636.956043,-138.098048,647.868570,59.941164,-0.003535,1,0
12.167000,-56.076664,204902.740231,-176.341963,204664.225337,63.801777,205142.256141,101.994587,642.153658,-18.139841,642.444193,-138.251555,641.681471,59.944731,0.011170,1,0
12.200000,-56.132834,205759.776656,-176.176734,204344.582014,63.788174,204593.406054,102.201790,644.326553,-18.215714,643.830271,-138.024293,643.127353,59.935403,0.007655,1,0
12.233000,-56.218700,205410.276054,-176.100919,204065.365941,63.734615,206519.867151,102.415317,645.184835,-18.378769,642.962327,-138.254183,642.279056,59.947060,-0.005151,1,0
12.267000,-56.004479,205281.625118,-176.217252,205398.356457,63.711033,205769.067956,101.951001,640.143296,-18.080747,641.499908,-138.445658,647.900696,59.954542,0.005168,1,0
12.300000,-56.148874,206233.315457,-176.241957,206622.631634,63.633815,205364.285350,101.728446,645.857589,-17.917442,637.888822,-138.376539,643.440098,59.941855,-0.000812,1,0
12.333000,-56.192921,205563.230074,-176.252449,207475.619359,63.871531,205679.314808,101.419869,646.569200,-18.414860,642.567856,-137.946981,637.755811,59.941199,-0.007410,1,0
12.367000,-56.128668,206265.641161,-176.132638,205520.597797,63.812929,206524.772415,101.809343,636.240125,-18.548032,635.798370,-138.246716,639.738010,59.948738,0.001898,1,0
12.400000,-56.185319,204256.868887,-176.171604,205507.274010,63.637973,204852.184050,101.809606,637.755796,-18.194194,631.820454,-138.462276,638.331092,59.943483,0.005373,1,0
12.433000,-56.254210,205867.608274,-176.108840,206168.923050,63.749947,205568.513973,101.889399,637.800048,-18.419852,641.276759,-138.423829,637.678647,59.933958,0.003747,1,0
12.467000,-56.369186,205677.618577,-176.166642,204403.926797,63.890812,204706.050079,101.695753,646.252828,-18.151300,647.737288,-138.316852,636.076541,59.939491,-0.016281,1,0
12.500000,-56.148854,205370.030095,-176.368691,205106.493807,63.830301,206361.108964,101.958333,642.778910,-18.509339,638.670765,-138.099082,636.825730,59.932512,-0.005374,1,0
12.533000,-56.147538,204304.395820,-176.314354,203835.793300,63.731571,204831.964761,101.804378,643.948300,-18.366421,648.519905,-138.065996,645.603029,59.933474,0.003628,1,0
12.567000,-56.395751,205097.143834,-176.116473,205817.680424,63.714710,206248.536055,101.715330,641.732183,-17.967903,639.078586,-138.547189,639.388940,59.944942,0.006333,1,0
12.600000,-56.071567,205186.353232,-176.062833,207097.065389,63.798158,206131.661423,101.981583,638.688846,-17.443070,645.885607,-137.860883,638.929300,59.942795,-0.004248,1,0
12.633000,-56.306459,204587.671770,-176.166291,204946.087554,63.706532,207007.898923,101.452357,641.263488,-18.035208,631.588875,-138.352824,639.609567,59.942197,-0.010792,1,0
12.667000,-56.033912,205631.231348,-176.434336,206449.601041,63.745355,205315.922276,102.116672,634.858520,-18.280051,642.819726,-138.407326,642.683628,59.941383,-0.012129,1,0
12.700000,-56.315918,204789.182923,-176.267556,204835.595592,63.597307,204727.931772,101.728871,637.307323,-18.565347,634.835560,-138.279961,632.346392,59.933263,-0.014138,1,0
12.733000,-56.353272,206104.830897,-176.089821,204836.926250,63.796768,204963.599363,101.499728,636.683383,-18.005725,644.657842,-138.146167,634.059302,59.931462,0.006505,1,0
12.767000,-56.322204,205979.188680,-176.095945,204403.289899,63.614605,206971.739359,101.737627,640.431488,-18.009494,640.780873,-138.455770,636.533061,59.946100,-0.003401,1,0
12.800000,-56.221224,205120.403999,-176.198318,204576.329783,63.661058,203527.653101,101.907374,636.443725,-18.376597,640.322513,-137.874689,637.221914,59.940128,-0.002992,1,0
12.833000,-56.351882,205353.134092,-176.146784,206062.159063,63.944822,205436.156335,101.774651,644.056430,-18.084265,632.693103,-137.943314,634.589828,59.935114,-0.000677,1,0
12.867000,-56.136615,204390.189494,-176.296481,205913.568964,63.715165,205194.344016,101.961130,637.256224,-18.022243,633.357240,-138.521024,637.592811,59.937336,0.007644,1,0
12.900000,-56.088032,205782.706367,-176.263708,204433.676237,63.870312,205769.642216,101.539385,638.823503,-18.165818,639.972122,-138.007350,643.498037,59.941486,-0.006211,1,0
12.933000,-56.334490,205031.365022,-176.292846,204811.821829,63.788879,206202.055533,101.290726,644.716216,-18.260931,640.072752,-138.098469,645.512280,59.943909,0.000032,1,0
12.967000,-56.146529,204783.114309,-175.968224,205616.464248,63.693009,205058.003121,102.049477,640.600395,-17.872090,646.500341,-138.464289,638.053618,59.942469,-0.000693,1,0
13.000000,-56.193060,204592.664492,-176.166521,203200.684494,63.910740,205024.415915,101.605572,635.356922,-18.338787,633.976615,-137.744307,634.954930,59.935497,-0.009818,1,0
13.033000,-56.296736,204418.637344,-176.300938,204219.960869,63.849729,206335.709660,101.661591,633.962595,-18.396832,631.038799,-138.027561,633.157182,59.943657,-0.002794,1,0
13.067000,-56.182033,204733.130692,-176.081984,206251.231839,63.876529,205974.854716,101.842448,641.479688,-18.250715,640.378627,-138.406215,642.200092,59.938642,0.002260,1,0
13.100000,-56.066667,205280.566626,-176.125206,205789.223062,63.883733,204957.035229,102.190279,631.895524,-18.179840,641.927624,-138.202787,638.752033,59.935154,0.000236,1,0
13.133000,-56.082329,204308.621041,-176.064984,205509.440472,63.907923,205074.734820,101.820794,634.997018,-18.057407,636.472684,-138.020403,635.001007,59.933563,-0.005634,1,0
13.167000,-55.972405,204021.171058,-175.838005,205342.688707,64.064064,205062.989861,102.078503,636.011901,-17.794996,641.038572,-138.205317,640.215063,59.941035,-0.003425,1,0
13.200000,-56.005958,205074.486225,-176.238866,205379.543011,63.947458,203902.624328,101.942911,635.971542,-18.340878,639.151914,-137.832878,631.659896,59.940577,0.000321,1,0
13.233000,-56.045531,205331.171838,-175.998044,205832.492333,64.065213,204413.627183,101.957466,632.444205,-18.276654,638.412786,-137.837162,639.905354,59.932998,-0.004973,1,0
13.267000,-56.189692,206670.577345,-176.042267,203660.773859,63.946394,205717.200862,101.884440,638.739227,-18.105601,643.588060,-137.845689,631.480097,59.937406,0.008808,1,0
13.300000,-55.940928,205488.670020,-175.979828,203967.736647,63.868145,206128.350015,102.100348,636.204206,-18.302524,637.791562,-138.284813,627.602755,59.937118,0.007185,1,0
13.333000,-56.207115,204314.070479,-175.940811,204934.396260,63.979645,205000.557655,101.650341,636.264946,-17.897505,631.527282,-137.863307,634.218364,59.940879,-0.007445,1,0
13.367000,-55.931917,204863.461081,-176.179887,204655.839391,63.954475,204143.173278,102.080795,632.043783,-18.385848,633.069465,-138.256568,629.575571,59.937754,0.009905,1,0
13.400000,-55.995504,204504.482058,-176.038223,203907.328029,63.906205,205193.063312,101.915544,637.251999,-18.456345,633.899389,-138.191575,637.752102,59.931584,0.008900,1,0
13.433000,-56.098577,205232.134915,-175.894187,205555.690992,63.902344,203894.771880,101.515980,635.361771,-17.724685,640.713075,-137.747534,640.355199,59.924654,0.008284,1,0
13.467000,-56.120721,205387.922050,-175.995314,205498.220430,63.708745,203753.182118,101.823673,637.393724,-17.671926,640.379433,-138.382934,633.945741,59.934656,-0.002756,1,0
13.500000,-55.814854,204896.987594,-176.007422,203974.809026,64.153760,204852.133406,101.988059,643.378266,-18.097617,637.397038,-137.889158,638.697484,59.930605,0.016887,1,0
13.533000,-55.958881,204549.503804,-175.971155,205500.379465,63.894866,205181.916110,101.935102,639.794832,-18.024212,640.190225,-138.024975,633.494192,59.926274,0.000906,1,0
13.567000,-55.906772,205015.722086,-175.926427,205927.168148,63.852821,205974.650247,101.903413,637.498252,-18.265473,640.824715,-138.211833,640.785646,59.928286,-0.011521,1,0
13.600000,-55.980081,205903.752438,-176.039806,204174.767714,63.956454,205830.467304,101.904350,641.601711,-17.995918,645.867911,-138.087604,637.697870,59.929391,-0.002843,1,0
13.633000,-55.972075,205549.339204,-176.054642,204819.150191,63.878029,204993.322550,101.864607,635.017345,-17.810764,626.088329,-138.150983,632.542479,59.935632,-0.009329,1,0
13.667000,-56.136567,206612.206101,-175.999518,205187.858847,64.015728,205750.119089,101.691120,630.959004,-17.603492,635.142421,-137.948513,628.273072,59.924766,-0.004637,1,0
13.700000,-56.123099,203212.017043,-176.029777,204104.296986,64.170440,206131.284831,101.646611,633.823525,-18.190251,632.040764,-137.580410,622.787517,59.933875,-0.006757,1,0
13.733000,-55.809943,206413.281686,-175.920822,205259.932750,63.955156,203245.283277,102.002436,633.581911,-18.053466,637.360886,-138.117423,638.167411,59.928180,-0.001644,1,0
13.767000,-55.952535,202608.640076,-175.974797,204374.811475,63.972939,204202.694424,102.118125,631.135028,-17.873739,635.974411,-138.198966,630.822739,59.940177,0.015522,1,0
13.800000,-55.851997,203841.298622,-175.897733,205803.095700,63.998935,204664.149689,102.111938,621.179426,-17.993473,631.211148,-138.272760,636.695118,59.933429,-0.001177,1,0
13.833000,-55.883799,204075.285448,-175.974850,204682.035564,63.946821,204541.110355,101.923796,634.542598,-18.237408,640.569494,-138.251230,635.655606,59.947568,0.005598,1,0
13.867000,-56.046273,202491.556239,-176.043102,203611.244259,64.200543,203840.929847,101.855823,634.086010,-17.963869,630.909917,-138.052911,633.298452,59.947863,0.005598,1,0
13.900000,-55.984526,205206.307977,-175.936491,205251.122918,64.076212,204756.296458,102.062545,633.160198,-18.048258,636.573409,-138.331235,638.194637,59.944188,-0.000371,1,0
13.933000,-55.976589,205161.461979,-175.840281,204614.453436,63.912711,205821.381317,102.184677,637.869912,-17.847702,635.433532,-138.098583,633.154023,59.942818,-0.000201,1,0
13.967000,-55.848642,204304.481725,-175.853081,204062.607510,64.046672,204163.782597,102.310088,636.500330,-17.865978,634.610042,-137.712076,635.822558,59.938488,0.001073,1,0
14.000000,-55.979361,202794.594042,-176.021447,204371.690455,63.897819,203975.208070,102.141038,625.765172,-18.094928,637.381306,-138.598552,633.824940,59.947033,0.000196,1,0
14.033000,-56.049602,204406.834657,-175.897671,203086.739690,63.980856,203226.877711,101.943922,637.648537,-17.853457,633.642494,-137.970918,633.045941,59.946836,-0.015633,1,0
14.067000,-56.018816,202948.982034,-176.019053,203795.678494,63.957289,204504.616613,101.865632,635.591122,-18.076919,635.422028,-138.213980,637.231591,59.948555,0.000526,1,0
14.100000,-56.104769,204473.672169,-175.939024,204099.316619,63.963778,204086.543322,101.797148,633.644312,-17.650721,638.123049,-138.171224,637.108840,59.946700,-0.009189,1,0
14.133000,-55.882995,203942.423812,-175.994178,202009.450316,63.876899,204999.352307,102.184002,632.215048,-18.145491,630.843167,-138.202497,633.190423,59.949226,0.003073,1,0
14.167000,-55.997498,203628.089095,-176.042077,204807.749077,64.193219,204448.931424,102.109922,633.295352,-17.986435,636.985896,-137.885392,632.762004,59.944938,0.008802,1,0
14.200000,-55.867788,203358.707505,-176.036944,202883.199513,64.042980,203473.641086,102.174619,625.521771,-18.076371,629.011669,-137.665053,623.263862,59.955526,-0.007997,1,0
14.233000,-56.064642,204626.802826,-175.925211,204039.783852,63.998352,204880.656272,101.929621,628.477506,-17.781894,626.253784,-138.190450,625.717424,59.948036,0.001337,1,0
14.267000,-56.009659,204975.869504,-175.782610,203153.128132,64.073254,206485.106656,101.951649,629.209880,-17.968186,631.903820,-137.733097,627.492356,59.946862,0.012223,1,0
14.300000,-56.019480,203158.516694,-175.875862,205843.600879,64.205188,204789.738140,102.143826,625.686503,-17.737778,622.154934,-137.795416,625.583164,59.949562,0.011000,1,0
14.333000,-55.759858,204195.525874,-175.965294,204710.737160,64.201620,204952.753173,102.552354,632.437237,-18.125297,625.687670,-137.774031,629.660372,59.945287,0.006044,1,0
14.367000,-55.986220,203608.227718,-175.761955,204903.003240,64.120838,205382.525009,101.516943,627.963144,-17.787869,625.662335,-137.912909,622.706650,59.948289,-0.016661,1,0
14.400000,-55.894778,203671.512991,-175.844868,203949.926663,64.000764,203870.623994,101.946857,622.314545,-17.741793,623.211131,-138.321846,628.164861,59.946948,-0.000388,1,0
14.433000,-55.907638,203363.565160,-175.678352,205047.238637,64.289048,205355.310257,102.142372,627.674493,-17.572693,628.244255,-137.998805,624.779975,59.943271,0.002013,1,0
14.467000,-55.864626,203839.637913,-175.841005,205244.971206,64.185829,204531.633500,101.982036,621.920700,-17.865882,621.827278,-137.757168,627.529212,59.945114,0.005956,1,0
14.500000,-55.843412,204827.071899,-175.981014,205927.345215,64.269285,204311.713166,102.286285,616.104589,-18.055776,622.939558,-137.832395,623.954917,59.948573,-0.004695,1,0
14.533000,-55.735237,204963.929625,-175.754854,204671.606110,64.206402,205267.609842,102.301433,624.519684,-17.769026,614.261298,-137.940888,625.233092,59.938351,-0.006981,1,0
14.567000,-55.795409,204278.221870,-176.014276,204871.242288,64.176399,203208.313329,102.264605,621.691104,-18.378248,620.772856,-137.564703,622.260831,59.948764,-0.003149,1,0
14.600000,-55.867230,204109.676848,-175.849322,204171.157680,64.240703,204337.542015,102.482180,616.474868,-17.744341,619.171569,-137.800431,617.279385,59.945689,0.002351,1,0
14.633000,-55.911189,206451.776765,-176.048197,204609.236068,64.085827,205938.556831,102.002479,624.071802,-17.952430,614.100779,-137.663648,618.601167,59.949522,0.006414,1,0
14.667000,-55.883987,204256.783895,-175.871130,203706.438348,64.051076,206135.572098,101.919144,614.031251,-17.997850,611.993018,-137.907898,615.053390,59.947441,-0.016779,1,0
14.700000,-56.002798,205435.479110,-175.824257,206397.672958,64.170053,206199.561047,101.680798,627.306144,-17.714681,621.772780,-137.885655,619.142359,59.946644,0.000481,1,0
14.733000,-55.838089,203658.372988,-175.821299,203645.785098,64.196984,205164.609045,102.164663,618.366539,-17.939567,621.590453,-137.802040,622.396022,59.941205,-0.002651,1,0
14.767000,-56.010348,205425.681234,-175.890417,204441.862576,64.043905,205269.849061,102.028398,622.621778,-17.936527,619.245312,-137.909500,621.850743,59.944831,0.009813,1,0
14.800000,-55.951672,204494.978878,-175.775384,206015.712241,63.997765,205201.506186,102.176718,619.134498,-18.076265,618.241261,-138.181634,617.002887,59.940962,-0.002792,1,0
14.833000,-55.965193,207094.014677,-176.044298,205208.932111,64.157709,205340.681341,101.853291,620.135148,-18.026715,619.692945,-137.769324,621.486437,59.938637,0.003735,1,0
14.867000,-56.025634,203830.452010,-175.897668,204208.795840,64.124325,205213.696996,101.940499,620.144005,-17.885839,620.468036,-137.896926,612.507559,59.946008,0.005861,1,0
14.900000,-56.098744,204857.891413,-175.870523,203519.585723,63.832082,203781.997625,101.778495,613.947304,-18.223931,614.895634,-138.049065,612.691881,59.948025,-0.008380,1,0
14.933000,-55.933152,206121.971967,-176.133576,203086.502029,64.017660,205710.469814,102.154251,613.335982,-18.056955,614.323450,-138.235746,612.850489,59.953160,-0.006668,1,0
14.967000,-55.935631,204699.136758,-175.819811,204723.281582,64.123405,203988.536105,102.109977,610.146623,-17.425419,614.055034,-137.944464,611.968438,59.941497,-0.007516,1,0
15.000000,-55.904956,203189.984548,-176.064092,204623.820843,64.030367,203864.973077,101.789078,603.633138,-18.299957,610.382916,-138.162033,606.077414,59.937880,0.005161,1,0
15.033000,-56.001005,203864.710876,-175.906578,204087.911746,64.006207,204694.858825,101.626075,610.118311,-17.830732,617.002733,-137.764048,605.248406,59.944542,-0.019772,1,0
15.067000,-55.905961,204351.904917,-175.867172,204805.074654,64.018041,204205.470525,102.180748,613.073642,-17.995725,610.350637,-137.826597,617.285367,59.942078,-0.006619,1,0
15.100000,-55.947123,203106.593634,-175.891324,204233.972075,63.972993,204682.072931,102.043049,610.936906,-17.874334,613.146731,-137.889246,609.049005,59.939165,-0.000932,1,0
15.133000,-56.145437,204438.547496,-175.821248,204305.709103,63.861017,203939.890361,101.772266,611.399541,-17.913556,608.931692,-137.888329,610.298708,59.942712,-0.010471,1,0
15.167000,-56.003916,204778.266890,-175.783478,204869.328836,64.193229,203344.139869,101.821843,607.519955,-17.770522,605.562464,-137.940981,609.287155,59.933951,0.011821,1,0
15.200000,-56.030567,204947.556002,-175.945300,203040.849587,63.860970,203980.670501,101.772016,607.480575,-17.700571,606.649828,-138.263396,603.496704,59.935297,0.003065,1,0
15.233000,-55.946893,204252.981818,-176.033278,204763.137978,64.142163,207422.993599,101.987916,601.334403,-17.896491,605.572198,-137.819387,604.745599,59.938906,0.006288,1,0
15.267000,-56.070521,204415.404286,-175.707825,203793.366540,63.958510,203246.823428,102.050964,613.366355,-17.461757,608.823941,-138.157885,599.042318,59.942344,0.004638,1,0
15.300000,-56.196905,203996.600516,-175.928329,205781.138380,64.030067,203709.271951,101.733854,607.580251,-17.519026,607.068494,-138.019346,610.193604,59.939394,-0.006125,1,0
15.333000,-55.901518,205075.092208,-175.821018,204080.505039,64.187415,203947.171366,102.213485,607.032944,-17.466183,612.778215,-137.895079,610.767180,59.938990,-0.003578,1,0
15.367000,-55.897691,205998.548330,-175.645652,204361.163760,64.289837,203522.265872,102.114909,607.417962,-17.624227,610.313299,-137.743045,606.961687,59.930340,0.009300,1,0
15.400000,-55.765000,204083.939646,-175.860774,205549.436323,64.196726,204430.516136,102.302697,614.306763,-17.905598,606.430912,-137.641970,611.325519,59.942168,0.005825,1,0
15.433000,-55.814536,204004.545765,-175.783732,203532.387517,64.140273,203285.623127,102.195855,606.266173,-17.382141,607.870412,-137.712513,610.443831,59.943112,-0.011768,1,0
15.467000,-55.846282,205124.999008,-175.928871,205254.724554,64.165636,204064.274328,101.801314,611.739151,-17.634914,609.488427,-137.903274,606.857504,59.932309,0.017461,1,0
15.500000,-56.146685,203625.756720,-175.890237,204438.771752,64.104239,203112.922505,102.023184,611.237405,-17.743464,602.677951,-138.155834,607.821250,59.940590,-0.004150,1,0
15.533000,-55.816500,203706.493741,-175.992539,202589.640648,64.165680,205187.430190,102.080759,603.019241,-18.195295,605.814931,-138.124978,612.879063,59.941074,-0.007002,1,0
15.567000,-55.961848,205146.130820,-175.921456,206646.244567,64.207758,203136.067489,101.917876,605.485223,-18.185021,610.873410,-137.977043,606.727620,59.936239,-0.002331,1,0
15.600000,-55.927248,203437.543114,-175.910450,202993.000522,64.124442,203517.810863,101.969221,609.438042,-17.934574,604.939829,-138.056469,611.970790,59.938704,-0.008662,1,0
15.633000,-55.945631,204254.145328,-175.794616,206616.319442,64.157807,205420.752569,101.946217,611.198135,-17.793595,608.179065,-137.885349,613.837047,59.936404,0.000574,1,0
15.667000,-55.930653,205104.888152,-175.692894,205145.332611,64.108510,201955.863381,101.851196,608.285902,-17.510233,604.592457,-138.125172,608.561243,59.940175,0.002842,1,0
15.700000,-55.907247,205183.693533,-175.768066,203704.105304,64.046418,204655.502925,101.919760,615.903745,-17.911389,606.731643,-137.743819,606.841187,59.940113,0.006799,1,0
15.733000,-56.056788,204445.809418,-175.936765,203832.084419,64.112175,205485.471914,101.916116,609.371170,-18.023111,608.500844,-137.817745,609.234333,59.941332,0.000945,1,0
15.767000,-55.855811,205282.529965,-175.911855,205879.732292,63.906986,204497.660360,102.249131,613.069277,-17.503661,608.217189,-138.215596,609.696492,59.939677,-0.002301,1,0
15.800000,-55.993716,205914.956681,-175.883578,204984.537357,63.948866,207073.734704,101.670481,609.760674,-17.764148,607.364594,-138.140323,607.045830,59.942346,-0.011315,1,0
15.833000,-56.046745,205151.480792,-176.066487,203170.967868,63.960981,205735.106618,101.863371,605.514813,-17.697733,602.716389,-137.987343,610.075271,59.929556,0.003341,1,0
15.867000,-56.028341,205406.763168,-175.748682,206321.946791,64.005697,204795.979348,101.685943,612.439585,-17.446508,613.736971,-137.579378,613.892825,59.933530,-0.011080,1,0
15.900000,-55.814361,205062.954316,-175.787385,205150.590678,64.305744,205086.210674,101.960750,610.169494,-17.857191,611.690495,-137.510816,613.090220,59.937322,0.011648,1,0
15.933000,-55.829120,205145.344657,-175.835615,204308.522786,63.924787,204634.771726,102.395215,605.153747,-17.433023,614.904601,-138.253359,611.160812,59.932899,0.013958,1,0
15.967000,-55.785808,203944.044381,-175.881501,205648.228277,64.005065,204963.821491,102.347639,614.753876,-18.310985,610.336363,-138.298414,616.759162,59.928142,-0.002154,1,0
16.000000,-55.906992,203384.831865,-175.773137,204229.940960,64.154321,204730.280426,101.966181,610.561816,-17.937574,612.769820,-137.745814,608.701307,59.936058,0.004856,1,0
16.033000,-56.010949,203124.977198,-176.113904,205373.471697,64.156520,205622.025295,102.246644,610.119267,-18.028424,615.955361,-137.804344,604.134513,59.928414,0.003157,1,0
16.067000,-55.879532,205502.931597,-175.861457,203632.773082,64.006971,204993.469542,102.203800,608.849040,-18.068557,613.813115,-138.293913,615.204218,59.932395,-0.002001,1,0
16.100000,-55.834298,204997.540816,-175.959575,204876.455577,64.169456,205064.205233,102.162115,610.083455,-18.118349,604.811156,-137.878777,610.579659,59.932515,-0.006997,1,0
16.133000,-55.848786,204322.140976,-176.018863,204088.906296,63.985604,203770.303269,102.186124,616.485023,-18.018716,614.777193,-138.077837,607.813282,59.931445,0.001238,1,0
16.167000,-56.030386,204844.284683,-175.802926,204483.818780,64.229269,203643.339546,102.025333,614.356597,-17.831214,611.388641,-137.739425,611.928620,59.921263,-0.010233,1,0
16.200000,-56.074468,205463.630326,-175.986634,204835.543358,64.130583,204289.467901,102.134553,612.005883,-17.899389,608.886848,-137.893761,612.840192,59.931552,0.001271,1,0
16.233000,-55.927199,205583.099554,-175.846570,204302.335599,63.926752,204766.819354,101.982740,611.283237,-17.752838,614.737753,-138.251843,611.192915,59.932504,-0.002416,1,0
16.267000,-55.841146,204796.309296,-175.881249,205036.940994,64.082898,205612.859781,102.013231,606.720338,-17.818554,610.048912,-137.969004,610.697504,59.932632,0.002649,1,0
16.300000,-55.833730,204524.034818,-176.032184,204706.703708,64.143995,203679.859843,102.270418,608.927616,-18.245675,607.605221,-137.843511,616.848071,59.929504,-0.002612,1,0
16.333000,-56.091920,204501.997476,-175.872833,204191.593556,64.196051,205017.349274,101.736137,611.996580,-17.541955,612.601988,-137.722954,610.394105,59.935486,0.018261,1,0
16.367000,-55.685705,204307.019259,-175.784555,204554.688798,63.962409,204105.881993,102.286845,617.943025,-17.672564,620.159273,-137.884189,606.858595,59.935589,0.003328,1,0
16.400000,-55.950473,205375.033487,-175.925529,204032.374363,63.945668,204068.512867,102.277948,608.578842,-17.938327,609.987130,-138.066237,619.627352,59.941385,0.011242,1,0
16.433000,-55.925165,205176.656674,-176.064061,205950.624449,64.116793,204796.683611,102.178265,616.456194,-18.042232,613.182987,-137.875398,611.907514,59.938896,-0.012405,1,0
16.467000,-55.902067,205893.473796,-175.956374,205450.484970,64.231909,205742.619117,101.911155,609.277562,-17.860438,615.120087,-137.853770,610.133479,59.940371,0.009056,1,0
16.500000,-55.960979,206131.934969,-175.771767,205452.275733,64.195135,204016.323078,101.665600,614.714618,-17.781681,606.339622,-137.930637,610.827409,59.933990,-0.002617,1,0
16.533000,-55.704920,204889.535282,-175.896877,205334.234578,63.963529,205315.774889,102.391331,616.290742,-17.791374,608.605014,-137.982466,616.604837,59.939529,0.002986,1,0
16.567000,-55.720419,206180.157615,-175.837675,206232.167723,64.157173,204368.288414,102.295628,613.553055,-17.897218,615.033029,-137.742383,611.470254,59.938107,0.004767,1,0
16.600000,-55.922527,206703.716666,-175.921223,205766.910694,64.087520,206278.434910,101.971269,610.299165,-17.666578,614.150330,-137.666127,619.303115,59.937560,-0.002507,1,0
16.633000,-55.841982,206120.370072,-175.820545,204077.915432,64.106362,205520.567844,102.460407,610.939457,-18.016176,613.931127,-137.641029,612.428484,59.934634,0.011076,1,0
16.667000,-55.972716,205263.655442,-175.903814,204849.134804,64.031580,206192.609178,102.028994,616.067435,-18.053883,611.969229,-137.985592,606.471291,59.936265,-0.004855,1,0
16.700000,-55.814668,205197.868786,-175.700004,204652.979197,64.169095,205657.219818,101.981360,616.485354,-17.773497,614.097743,-137.670119,614.117204,59.941458,0.004507,1,0
16.733000,-55.857149,206238.837390,-175.963516,205452.796993,63.935366,206316.836272,102.051383,608.402724,-17.933125,614.999510,-138.367543,615.103454,59.945548,0.012210,1,0
16.767000,-56.014702,206928.741340,-176.078335,205899.239612,64.173029,207413.360485,102.016699,610.779395,-18.175020,613.308847,-137.757125,602.656029,59.940339,-0.001556,1,0
16.800000,-55.816592,204133.812714,-175.908209,207103.310093,64.204962,206760.656895,102.149881,616.998500,-17.896464,611.692679,-137.809021,611.489044,59.942017,-0.001117,1,0
16.833000,-55.839925,205563.493030,-175.896621,205324.839165,64.029232,204893.701796,102.501623,609.727672,-18.244613,622.353740,-137.953910,609.529907,59.941732,-0.002203,1,0
16.867000,-55.942675,204732.591644,-175.915441,206608.025545,64.333034,204867.696731,102.110824,615.670465,-17.635213,613.528039,-137.639601,616.770493,59.942130,-0.003695,1,0
16.900000,-55.832605,206328.652077,-175.989653,206294.115502,64.026639,207214.783009,102.081062,616.405413,-18.162019,612.163267,-138.020616,613.592255,59.946625,-0.007234,1,0
16.933000,-55.927089,206462.378829,-175.775497,204615.090847,64.096108,206822.479681,101.927883,611.934435,-17.350828,623.011560,-137.975993,614.205409,59.943569,-0.015700,1,0
16.967000,-55.961896,205656.975833,-176.087407,205084.543907,64.237770,205298.775663,101.995546,624.160430,-18.235441,618.712182,-137.770733,618.370435,59.937712,-0.000895,1,0
17.000000,-55.708631,206499.471161,-175.947603,205378.400576,63.944176,205758.484575,102.429193,619.382189,-18.151845,616.752736,-138.058064,619.986261,59.940413,-0.005313,1,0
17.033000,-55.835872,207991.240092,-175.799095,205500.127159,64.116996,207304.568856,102.031377,620.421043,-18.050487,614.559296,-137.850695,621.206416,59.941436,-0.014390,1,0
17.067000,-55.930741,204970.425673,-175.816259,206099.068667,64.165704,205014.998048,102.149184,621.149599,-17.691960,619.989072,-138.026349,617.349856,59.929957,-0.000457,1,0
17.100000,-55.665068,206809.178590,-175.804749,206358.666381,64.148271,206342.338442,102.351175,624.173810,-17.835905,612.990433,-137.935917,612.152318,59.939305,0.004962,1,0
17.133000,-55.902172,206054.338086,-175.888287,206573.297160,64.131948,204891.382451,102.177504,617.922951,-17.773997,615.724075,-137.957677,620.163934,59.942004,-0.001035,1,0
17.167000,-55.777439,206390.536407,-175.844239,207272.831747,64.179733,205565.001523,102.317304,619.217650,-17.973692,619.128483,-137.773419,620.412458,59.933265,-0.014713,1,0
17.200000,-55.940400,204543.487787,-175.840501,204008.197718,64.047146,206506.961907,101.724380,612.958464,-17.804508,610.755295,-137.945318,615.642421,59.938487,-0.005011,1,0
17.233000,-55.953015,206821.999416,-175.859297,205990.841231,64.171890,206989.492683,102.265005,620.561539,-17.854900,616.225976,-137.845149,616.532227,59.943884,-0.009519,1,0
17.267000,-55.884849,205684.027864,-175.894903,205512.012837,64.121022,204941.997821,102.188983,611.020932,-17.819053,609.336839,-137.682500,609.872066,59.946090,0.008343,1,0
17.300000,-55.757491,204751.017166,-175.700447,205639.072956,64.087391,208038.312495,102.320207,605.958836,-17.792841,616.028636,-137.762792,608.070662,59.944316,0.007667,1,0
17.333000,-55.976598,205302.434639,-175.926060,205895.687463,63.978761,207836.715362,101.992632,607.781470,-17.857162,615.860982,-138.225248,611.391131,59.943132,0.005275,1,0
17.367000,-55.789259,206713.246278,-175.841984,205284.872338,64.181678,205755.582535,102.264361,618.245776,-18.003697,613.320934,-137.858874,608.890187,59.949705,0.000460,1,0
17.400000,-55.956173,207483.284173,-175.850150,205756.186244,64.310934,205523.688478,101.761393,621.246302,-18.027613,616.966436,-137.885268,612.778447,59.951232,-0.008656,1,0
17.433000,-55.683453,206971.737347,-175.896736,204516.511383,64.235894,205537.754010,102.261725,616.146924,-17.468575,611.255931,-137.673519,609.184968,59.945568,0.017910,1,0
17.467000,-55.773368,205491.410553,-175.797789,206137.849372,64.429727,205805.993895,102.173530,603.997170,-17.773622,615.150954,-137.342470,616.767133,59.949529,0.006416,1,0
17.500000,-55.885385,205945.624568,-175.652353,203220.161146,64.227124,205853.389096,101.816034,616.379809,-17.947084,622.580139,-137.711122,617.412734,59.946066,-0.002494,1,0
17.533000,-55.732123,204387.471898,-175.665851,205210.510705,64.186982,207306.973148,102.196645,624.964795,-17.603834,620.983077,-137.860418,620.185049,59.943189,0.002539,1,0
17.567000,-55.821578,206500.775817,-175.559868,204477.122888,64.152470,204935.092521,102.010998,619.727993,-17.143692,623.001396,-138.049865,617.691193,59.937495,-0.000128,1,0
17.600000,-55.932936,205317.597458,-175.638702,205639.182749,64.212141,205462.302021,102.099968,616.831536,-17.526593,611.364946,-137.531589,616.291203,59.938996,-0.005557,1,0
17.633000,-55.871970,205323.003946,-175.809450,204838.509509,64.180842,205762.908812,102.102752,622.236363,-18.057475,619.347414,-137.613564,619.405281,59.936989,0.004988,1,0
17.667000,-55.631848,203593.144688,-175.726460,206434.572980,64.179724,204401.216364,102.358565,614.781483,-18.167549,614.705903,-137.622114,614.429347,59.948200,-0.007316,1,0
17.700000,-55.705446,205088.925467,-175.765947,205989.475142,64.264238,204282.811175,102.315139,619.420541,-17.702856,619.378299,-137.926483,619.632156,59.939346,0.003700,1,0
17.733000,-55.987962,205608.337427,-175.609562,204999.413691,64.135223,204214.441754,101.921049,618.904747,-17.735750,622.088736,-137.614503,617.479661,59.944137,-0.004689,1,0
17.767000,-55.815700,205260.131681,-175.692423,204898.527569,64.070823,206041.630546,101.879525,624.542539,-17.601583,619.965944,-138.152861,619.511573,59.943203,-0.000576,1,0
17.800000,-55.793950,205173.356383,-175.864352,204387.494937,64.119811,204536.179666,102.061713,626.770209,-17.885395,617.347759,-138.001744,620.117993,59.949068,0.003154,1,0
17.833000,-55.888037,205410.971720,-175.763421,205784.177466,64.062423,203749.311919,102.457375,621.653194,-17.761388,622.398800,-138.167593,624.727849,59.945094,-0.009169,1,0
17.867000,-55.757993,204327.553221,-175.821767,205792.548121,64.364613,206561.692833,102.084094,620.451562,-17.788832,621.887291,-137.926660,627.160324,59.943953,-0.011844,1,0
17.900000,-55.710305,204499.401088,-175.923668,203596.004211,64.329643,204816.075464,102.373664,622.942211,-18.397150,620.838354,-137.754745,620.337653,59.943000,-0.000860,1,0
17.933000,-55.760806,203291.021320,-175.794569,204917.419336,64.266889,204167.542196,101.781457,625.153868,-17.883507,624.894876,-137.838822,621.696718,59.949768,-0.001660,1,0
17.967000,-55.893972,203045.300146,-175.877730,204411.818140,64.130561,206215.112007,102.383690,630.734741,-17.891204,624.568572,-137.780440,621.103843,59.946180,-0.001466,1,0
18.000000,-55.709193,204111.198816,-175.637923,203953.677374,64.059617,204465.256163,102.155155,627.551019,-17.543870,627.101389,-137.887090,623.608730,59.944126,0.005585,1,0
18.033000,-55.802015,204927.680155,-175.558760,205723.198180,64.387202,205448.551187,102.348151,619.209611,-17.577757,622.649579,-137.773779,627.624112,59.942866,0.009408,1,0
18.067000,-55.682662,206173.087340,-175.883697,207289.352884,64.415817,205490.731940,102.465661,630.752504,-17.810320,625.080933,-137.499882,625.135944,59.948134,-0.006439,1,0
18.100000,-55.582421,204527.155642,-175.618325,204385.479607,64.306206,204991.546997,102.451470,632.418710,-17.345271,624.210148,-137.573018,632.396691,59.959275,0.003552,1,0
18.133000,-55.632948,203236.729456,-175.730857,203943.037946,64.098232,205258.893908,102.410426,627.031016,-17.568931,622.687982,-138.040643,622.172835,59.949787,-0.007343,1,0
18.167000,-55.783944,203520.416025,-175.817317,205166.727129,64.263477,204412.788492,102.169464,622.678633,-17.859083,623.845068,-137.644437,629.355466,59.948299,0.010797,1,0
18.200000,-55.631444,203758.719862,-175.606710,203965.262313,64.062227,204750.940322,102.130451,624.537768,-17.397197,624.288469,-137.753085,625.596894,59.950305,-0.003798,1,0
18.233000,-55.844613,204073.051980,-175.710864,203670.535003,64.544156,204036.884367,102.265119,621.658415,-17.777606,622.759084,-137.663992,621.513954,59.957028,-0.006987,1,0
18.267000,-55.690617,203802.813471,-175.853956,204380.593548,64.302969,204062.030699,102.017466,619.866964,-17.671766,617.990663,-137.365947,622.820072,59.962214,-0.010571,1,0
18.300000,-55.842884,203867.857621,-175.699724,203151.687916,64.274314,203503.986011,101.768798,621.677093,-17.725874,619.802023,-137.504784,624.516562,59.950051,-0.002477,1,0
18.333000,-56.000872,205326.694488,-175.809625,203354.579282,64.331579,204073.622174,102.093052,620.184236,-17.916600,623.618970,-137.425049,618.627361,59.950565,-0.006229,1,0
18.367000,-55.679082,204781.005746,-175.628311,202828.095320,64.328530,205956.409598,102.224647,620.229848,-17.441297,625.926553,-137.394776,619.392254,59.953184,-0.009060,1,0
18.400000,-55.691098,203691.823277,-175.646456,201856.618112,64.299780,201998.043155,102.410718,618.578032,-17.546570,629.352938,-137.682343,625.188467,59.953264,0.003472,1,0
18.433000,-55.526223,203974.216429,-175.811937,205584.338699,64.376773,204798.998056,102.481293,623.549697,-17.799140,621.608608,-137.573957,622.847527,59.950834,-0.012761,1,0
18.467000,-55.677871,203834.415146,-175.786602,203342.901728,64.312478,203307.287088,102.086625,623.248626,-17.808662,623.231405,-137.420920,622.537611,59.951744,0.002916,1,0
18.500000,-55.575108,204672.391024,-175.518866,205687.450745,64.562504,205895.990521,102.133760,625.977581,-17.289878,622.329310,-137.210791,626.242949,59.953218,-0.010008,1,0
18.533000,-55.648249,203686.526161,-175.702573,205898.495706,64.065539,204151.021723,102.168769,631.407696,-17.822576,622.360024,-138.167295,625.943678,59.947395,0.009278,1,0
18.567000,-55.697908,204698.044509,-175.659471,203908.970018,64.521191,202845.384132,102.058897,631.940206,-17.718404,624.001481,-137.395535,627.232595,59.944368,0.002780,1,0
18.600000,-55.766249,204569.515254,-175.723948,204472.089301,64.057399,204103.456706,102.194753,620.947068,-17.951320,624.130811,-137.995076,630.940166,59.944715,-0.005335,1,0
18.633000,-55.774450,205330.806414,-175.800804,203685.374013,64.422534,204149.998380,102.571283,622.946021,-17.700090,626.282378,-137.694993,624.058008,59.944111,0.000833,1,0
18.667000,-55.581630,204846.912419,-175.633330,204299.754553,64.319391,203432.509095,102.617007,622.433777,-18.039494,620.367845,-137.701455,623.066282,59.955321,0.005097,1,0
18.700000,-55.796554,203024.398082,-175.792335,202388.872771,64.247577,204813.441178,102.275384,627.474132,-17.679960,624.932774,-137.505828,618.336719,59.944554,-0.005694,1,0
18.733000,-55.803903,202558.687689,-175.738188,203272.095912,64.211148,203776.097880,102.666501,621.746973,-17.601676,622.217636,-137.616231,625.911106,59.947266,0.009885,1,0
18.767000,-55.742262,204644.038437,-175.816031,204163.006730,64.368339,202791.895816,102.103377,627.292081,-17.670973,623.777830,-137.695356,627.513406,59.948839,0.002149,1,0
18.800000,-55.662454,202846.781371,-175.694992,202535.716148,64.461451,204240.079273,102.334243,624.840540,-17.827864,625.681690,-137.615503,624.687315,59.949205,0.001071,1,0
18.833000,-55.547577,203642.159637,-175.647175,202720.497832,64.289397,203036.735643,102.226813,620.993612,-17.670043,629.605897,-137.787718,618.832805,59.952237,0.005193,1,0
18.867000,-55.635516,203100.143866,-175.479741,205325.242498,64.128889,204488.321684,102.433415,626.807947,-17.601047,618.900430,-138.010737,627.004575,59.952032,0.004146,1,0
18.900000,-55.672694,203692.680087,-175.591748,203418.157259,64.442633,204172.756568,102.556798,618.796603,-17.592017,621.829260,-137.497870,622.729804,59.946025,-0.000643,1,0
18.933000,-55.767902,203430.352045,-175.745159,202448.717257,64.313637,203675.413601,102.729991,622.628628,-17.875836,621.901870,-138.070904,624.492197,59.956635,0.008075,1,0
18.967000,-55.701100,204465.337760,-175.680376,202725.669918,64.311913,203326.850084,102.094153,626.176474,-17.887019,625.571590,-137.641864,620.234019,59.942080,-0.002029,1,0
19.000000,-55.581211,203052.639927,-175.643104,204216.465536,64.176110,203602.950561,102.415785,624.639236,-17.505477,621.896195,-137.804186,617.836401,59.950869,-0.013130,1,0
19.033000,-55.682674,204270.968675,-175.782528,203493.904948,64.318460,204865.487042,102.159232,625.789602,-17.971141,613.014922,-137.700290,616.053281,59.944979,0.007650,1,0
19.067000,-55.782640,204000.080510,-175.647415,202550.061957,64.264100,203022.925041,101.802518,626.699670,-17.589347,620.459118,-137.760578,620.780977,59.951036,0.004232,1,0
19.100000,-55.789173,202853.297197,-175.722166,204350.976031,64.307538,202773.548467,102.300914,621.848076,-17.693051,616.047863,-137.931171,620.021120,59.957625,0.002869,1,0
19.133000,-55.740225,205008.930711,-175.593663,204079.041336,64.213779,204238.659323,102.055311,622.600533,-17.401215,615.202086,-138.029131,623.385229,59.952176,0.011176,1,0
19.167000,-55.636874,203591.938312,-175.679796,204908.354575,64.391478,205026.274406,102.433287,618.589550,-17.501147,618.618085,-137.403649,619.557034,59.953059,-0.007741,1,0
19.200000,-55.742950,204061.154270,-175.639861,205048.721022,64.160397,204783.503947,102.270849,623.170372,-17.642367,621.547619,-137.954093,617.298922,59.955442,-0.011349,1,0
19.233000,-55.844035,204075.801509,-175.591237,204350.710593,64.185449,202626.996275,102.711220,617.753740,-17.626638,621.384544,-137.880950,616.527475,59.944767,0.000105,1,0
19.267000,-55.749676,203789.595120,-175.625531,203256.787170,64.293817,204172.231715,102.131733,617.378589,-17.850605,625.385557,-137.747474,629.271189,59.952583,0.002461,1,0
19.300000,-55.630972,202968.445158,-175.741701,204903.578102,64.246626,204393.277473,101.842503,621.044569,-17.878581,613.918286,-137.572554,620.957383,59.953281,0.010058,1,0
19.333000,-55.728432,203397.740314,-175.649381,204122.550299,64.165335,204143.741435,102.109041,618.210663,-17.757499,626.548631,-137.604752,626.993147,59.951460,0.009881,1,0
19.367000,-55.821045,202810.517577,-175.584207,203291.561755,64.418244,204326.729085,102.049317,624.588490,-17.564080,623.260842,-137.506064,622.246847,59.949909,-0.008313,1,0
19.400000,-55.534622,202256.086824,-175.784505,203164.146257,64.220832,203382.948944,102.653960,631.794129,-17.456850,625.463748,-137.559602,621.330840,59.955841,-0.009517,1,0
19.433000,-55.535288,203348.549964,-175.619561,203011.272762,64.418988,203693.873424,102.312970,621.164812,-17.634692,620.855475,-137.881963,619.145578,59.949458,0.003685,1,0
19.467000,-55.645619,202478.003228,-175.633234,202813.083603,64.246112,203382.578091,102.369785,624.823204,-17.335838,623.542563,-137.514717,621.557708,59.951684,-0.006198,1,0
19.500000,-55.581351,204212.898813,-175.726022,203325.059408,64.306957,204917.854145,102.344725,616.156377,-17.861166,615.846320,-137.787366,620.073407,59.949243,-0.000457,1,0
19.533000,-55.606556,203591.325790,-175.749078,204632.250884,64.429643,203171.674154,102.284074,617.017122,-17.972742,625.161526,-137.346626,630.883953,59.957816,0.010234,1,0
19.567000,-55.778191,202994.301977,-175.797458,204093.597968,64.346733,202765.593694,101.927759,623.417920,-17.532820,626.599938,-137.963359,623.197436,59.953438,-0.002024,1,0
19.600000,-55.824897,202648.592035,-175.446226,204791.780500,64.380450,203651.273695,102.302658,621.321774,-17.420706,625.340076,-137.497398,624.414249,59.956975,-0.004016,1,0
19.633000,-55.422753,203836.334133,-175.607691,204407.758765,64.199537,202852.003600,102.921087,626.021589,-17.327656,621.301090,-138.092790,625.323525,59.958575,-0.013308,1,0
19.667000,-55.635925,203378.530452,-175.769861,202715.244144,64.356429,202620.070839,102.454947,625.591030,-17.716357,623.654164,-137.849320,624.038626,59.942632,-0.003145,1,0
19.700000,-55.764630,203137.292455,-175.765249,204258.935109,64.235170,205269.876990,102.338647,624.536684,-17.887290,622.040530,-137.639911,618.307363,59.947583,0.006577,1,0
19.733000,-55.875750,203678.879509,-175.766504,203248.651608,64.216400,203393.228561,102.198038,621.021150,-17.917233,622.388148,-137.779771,624.188132,59.948278,-0.015695,1,0
19.767000,-55.608464,205212.973042,-175.707588,203464.953227,64.344686,202834.210858,102.663387,618.505541,-17.463285,617.899469,-137.644700,617.774680,59.953081,0.005940,1,0
19.800000,-55.875741,202564.307235,-175.949455,204921.191219,64.182372,205446.815463,102.280980,615.228170,-17.911208,617.692734,-137.872448,618.775654,59.950081,-0.000216,1,0
19.833000,-55.970194,204989.276692,-175.824180,204684.591189,64.331004,204006.867162,101.815878,618.884029,-18.004447,619.892723,-137.743151,618.762313,59.949132,-0.000634,1,0
19.867000,-55.664758,203815.675748,-175.658625,203983.040354,64.166775,203174.118418,102.498771,620.122849,-17.954622,615.580214,-137.897237,616.325632,59.944912,0.008944,1,0
19.900000,-55.856019,202915.355233,-175.708416,204203.992470,64.299137,202748.736664,102.298429,611.995858,-17.612773,616.339786,-137.701911,615.324182,59.950305,-0.002285,1,0
19.933000,-55.818369,201867.389755,-175.865960,204068.292007,64.222955,201692.640897,101.846850,623.831041,-17.556314,614.075335,-137.890993,617.936273,59.950029,-0.008546,1,0
19.967000,-55.932327,204221.470287,-175.872540,203041.147345,63.971155,202789.690507,102.195389,613.798439,-18.128357,613.738770,-138.124466,620.670050,59.953766,-0.005406,1,0
20.000000,-55.940957,203540.457775,-175.787056,205042.537958,64.078696,203066.627956,102.082489,613.199231,-17.623402,613.847554,-137.716258,616.704317,59.951675,0.000244,1,0
20.033000,-55.791767,202519.426849,-175.770163,203596.786627,63.909749,202011.276852,102.273581,612.371233,-18.005674,616.555014,-137.887132,621.640361,59.951477,-0.002260,1,0
20.067000,-55.922777,203872.240466,-175.850415,203789.916678,64.047758,203145.655164,101.971114,626.353893,-18.127779,623.478948,-137.998150,611.770208,59.947624,-0.005497,1,0
20.100000,-56.053250,203949.350885,-175.753900,203503.772414,64.218100,202227.073736,102.054452,615.345968,-17.968568,612.577433,-138.137225,619.856831,59.947242,0.001384,1,0
20.133000,-55.944704,203496.887376,-175.931824,204500.720744,64.134455,203059.957061,101.955770,614.756654,-17.589130,614.454216,-137.989035,614.201601,59.945095,0.003852,1,0
20.167000,-55.929034,203062.480656,-175.961873,204862.625593,64.092040,202192.526155,102.137867,616.713966,-17.992669,612.700595,-138.352381,620.371771,59.951060,-0.004445,1,0
20.200000,-55.881855,202833.319329,-175.949386,203559.197427,64.028639,201772.636284,102.192822,616.190849,-17.952111,618.134314,-137.824477,616.813951,59.955452,-0.003995,1,0
20.233000,-56.000292,203301.748593,-175.907702,202510.667600,64.008081,204298.551081,101.882274,617.430976,-17.731792,613.926041,-137.879121,626.340574,59.958001,-0.008079,1,0
20.267000,-55.809439,203751.415993,-175.911012,204919.151976,64.022500,203633.540156,102.474789,620.403409,-17.838043,620.018118,-137.809048,614.202731,59.954765,-0.002522,1,0
20.300000,-56.025410,203006.286910,-175.870459,205148.637909,64.066455,203787.901897,101.763688,614.896379,-17.844505,623.966103,-137.760738,622.373167,59.963076,-0.004114,1,0
20.333000,-56.039597,203611.914706,-175.780814,204417.580845,63.926895,203971.750325,101.951121,617.757594,-17.566503,618.433522,-138.495832,623.160881,59.953650,-0.006435,1,0
20.367000,-55.869663,205131.807914,-175.896297,203672.681989,64.081931,204547.011250,102.100923,616.361625,-18.041827,610.334415,-137.988951,613.074733,59.954977,0.008035,1,0
20.400000,-55.823654,203116.098106,-175.783889,204437.242197,64.172928,203400.094439,102.377543,609.922233,-17.559483,615.668948,-137.539627,613.676662,59.952902,0.006378,1,0
20.433000,-55.939909,202817.936395,-175.739440,202831.112056,64.001155,203111.128277,101.959490,613.640709,-17.629476,620.526306,-138.034132,612.768332,59.958312,0.005573,1,0
20.467000,-55.867853,203867.267935,-175.801236,203570.524158,64.235689,205624.674786,101.950557,614.046594,-17.659599,604.640732,-137.828203,617.971018,59.958846,-0.005520,1,0
20.500000,-55.853562,204128.890854,-175.699176,203937.886293,64.122390,203103.040151,102.218044,609.047384,-17.681106,609.302303,-138.032454,619.171720,59.947969,0.006741,1,0
20.533000,-55.811112,205069.615195,-175.899542,203618.665796,64.181785,204508.415043,102.380310,615.256732,-17.998020,613.128738,-137.727571,611.239401,59.952833,0.004437,1,0
20.567000,-55.858589,204851.205306,-175.966996,203513.212026,64.174767,205685.532025,102.007639,615.887753,-18.086638,615.595082,-137.764931,615.836092,59.949019,-0.005429,1,0
20.600000,-55.953393,202828.011102,-175.832720,203524.366419,64.145817,204305.855503,101.876564,613.944797,-17.941943,615.009031,-137.712575,622.819835,59.948110,-0.002725,1,0
20.633000,-55.528013,204285.063006,-175.868170,204523.657513,64.176907,203716.797796,102.765849,620.710071,-18.056534,619.333767,-137.689281,605.061214,59.954472,-0.002341,1,0
20.667000,-55.860069,204064.350912,-175.867495,203921.640001,64.114593,203308.063523,102.006091,614.927494,-18.013450,614.437463,-138.214502,611.399917,59.952480,0.006444,1,0
20.700000,-56.013990,202814.558039,-175.701556,203536.353272,64.066452,202536.918701,101.955079,614.440925,-17.777855,618.998388,-137.634527,618.927472,59.960162,0.001478,1,0
20.733000,-55.903982,204301.524573,-175.978412,204169.057630,63.989607,202778.905337,102.237828,613.310793,-18.116919,611.247500,-138.073892,614.078276,59.957880,0.001311,1,0
20.767000,-55.889302,202752.268339,-175.794767,202616.752217,64.176070,203529.204847,102.019441,613.446854,-17.916892,607.838492,-138.001667,614.886325,59.951550,-0.012796,1,0
20.800000,-55.987510,201837.917670,-176.157106,203036.140132,64.105140,203514.240755,102.017052,602.694165,-18.103693,610.843349,-138.259982,611.886637,59.958901,-0.000439,1,0
20.833000,-55.861779,202877.272457,-175.851182,202179.254582,64.013338,203887.752747,101.898714,609.934720,-17.942187,605.805256,-137.810284,617.651993,59.955736,0.008087,1,0
20.867000,-55.966879,202491.915307,-175.832428,202486.895151,64.172600,204335.909291,101.887166,613.876755,-17.879151,615.827987,-138.004471,617.019408,59.961929,-0.003965,1,0
20.900000,-55.966302,205411.260166,-175.894629,204724.373267,64.202751,203324.191284,102.062406,607.748866,-18.061121,608.148923,-137.604376,610.501949,59.956397,-0.003628,1,0
20.933000,-56.036910,202269.478012,-175.753290,204423.029809,64.118716,204148.982859,101.750442,613.123864,-17.620647,605.692258,-137.765997,608.113875,59.960053,0.008183,1,0
20.967000,-55.799157,202727.237036,-175.843009,203198.560409,64.208203,201889.531561,102.207026,607.176277,-17.897991,608.671246,-137.591064,611.444394,59.958387,0.001710,1,0
21.000000,-55.950299,202848.587521,-175.897923,202844.441207,64.069478,204040.266174,102.155838,603.892126,-17.930058,607.834185,-137.843422,614.403694,59.956275,0.006826,1,0
21.033000,-55.792026,203111.449302,-175.797773,202717.890593,64.125706,202813.267934,102.048345,609.399676,-17.638996,609.303660,-137.893616,607.338788,59.965502,-0.006609,1,0
21.067000,-55.939427,201728.056406,-175.800832,204195.993370,64.149648,203628.172733,102.256170,606.456684,-17.596371,612.828475,-137.793138,616.012285,59.950521,-0.005916,1,0
21.100000,-55.969025,202752.537235,-175.744500,203454.884258,64.065058,203911.097562,102.000489,608.919094,-17.499107,618.031035,-137.961141,613.944281,59.949673,0.002544,1,0
21.133000,-55.849636,204521.284057,-175.679072,204421.178083,64.039995,202372.267111,102.091224,615.987087,-17.601478,610.026544,-138.018974,619.121838,59.952614,-0.001400,1,0
21.167000,-55.803911,204907.630409,-176.006960,203237.575454,64.294532,204226.462847,102.388754,619.295011,-18.236060,608.706074,-137.656009,614.758118,59.949415,-0.002668,1,0
21.200000,-55.764151,203444.014828,-175.871763,204066.488194,64.023893,205007.384038,101.936154,614.095247,-17.689891,613.995065,-137.717552,613.968922,59.946053,0.015773,1,0
21.233000,-55.964564,205678.763429,-175.979270,203986.329688,64.089484,204010.787906,101.802778,613.864718,-18.022225,609.836608,-137.506155,612.274820,59.952145,0.006830,1,0
21.267000,-55.956159,203879.522172,-175.795910,203265.674894,64.202898,205074.029659,102.180925,616.413604,-17.952216,615.309078,-138.088593,612.464703,59.957690,0.004801,1,0
21.300000,-56.104285,203604.390910,-175.790111,203079.385531,64.026365,205073.375959,102.098712,612.487832,-17.536686,615.722910,-138.132668,616.015020,59.958943,0.004390,1,0
21.333000,-55.934519,205351.550519,-176.006576,203598.337561,64.022435,205097.141264,102.445403,613.804494,-17.681888,607.566278,-138.046293,612.845203,59.954929,0.001768,1,0
21.367000,-55.783800,202936.574560,-175.958076,203895.016281,64.178983,204949.390141,102.203018,616.066554,-17.612377,609.309959,-138.112911,614.279554,59.949637,0.001214,1,0
21.400000,-55.838460,204009.428694,-175.841609,203176.094243,64.301716,204004.614285,101.895962,612.340452,-17.503649,608.768655,-137.834820,605.537116,59.952339,-0.002639,1,0
21.433000,-55.875764,203917.536506,-175.870309,203889.361206,64.036003,203790.107683,102.174254,609.708346,-17.897640,611.144254,-137.923166,607.710166,59.957327,0.015052,1,0
21.467000,-55.943855,205551.506131,-175.875830,203389.483670,64.263330,205439.937821,102.160260,615.032442,-17.855025,619.343640,-137.781244,609.928646,59.959291,-0.003823,1,0
21.500000,-55.813887,204074.159118,-175.805003,201544.139786,64.138620,204422.265178,102.307742,620.007031,-17.977229,613.211084,-138.319916,610.974163,59.954567,-0.002539,1,0
21.533000,-55.893877,205533.067419,-175.837043,203279.422345,63.865810,205437.832536,101.935808,614.775954,-17.833322,615.464840,-138.025207,612.107742,59.955972,0.012051,1,0
21.567000,-55.991977,204599.540232,-175.856611,205960.259744,64.125095,203884.646036,102.079520,615.983050,-17.919936,611.842845,-137.815720,614.090008,59.961316,0.010017,1,0
21.600000,-55.830327,204029.568983,-176.023723,206753.269088,64.238556,205355.659040,102.129775,616.359237,-18.125538,612.489306,-137.947890,612.447478,59.957397,-0.005160,1,0
21.633000,-55.762851,204185.103530,-175.641244,205172.388186,63.995430,203447.698918,102.261327,619.576642,-17.691529,619.037980,-138.144554,613.149701,59.966408,-0.009634,1,0
21.667000,-55.847278,203990.033120,-175.890367,203570.399876,64.103053,203756.597727,102.113420,619.327948,-17.833380,610.083054,-137.940295,615.733218,59.955978,0.008609,1,0
21.700000,-55.839701,203515.497380,-176.042396,203327.201079,63.979692,204016.626261,102.172563,615.041125,-18.038560,615.194161,-137.693942,605.306208,59.964942,0.016267,1,0
21.733000,-55.946510,205916.170170,-176.010088,204524.389132,64.085821,205016.625423,102.369741,616.098486,-17.977974,617.529385,-138.018002,611.221394,59.961090,0.007267,1,0
21.767000,-55.957211,203836.710740,-176.057059,205452.472593,64.015913,205088.828244,102.043154,616.097470,-18.116950,616.797522,-137.940809,615.268547,59.957068,0.003995,1,0
21.800000,-56.119752,206186.027048,-176.019578,205858.319123,63.895718,204172.023938,101.929553,613.195915,-18.225110,615.042311,-138.090779,616.959980,59.961684,-0.002409,1,0
21.833000,-56.208018,204383.237411,-176.029328,204780.797539,63.971310,203985.206716,101.987852,616.644257,-18.107943,617.321588,-138.035221,613.843242,59.955101,-0.009018,1,0
21.867000,-55.901483,204669.837620,-175.997446,203876.044640,64.093941,205663.093952,101.749529,610.134749,-18.320943,613.639817,-137.911141,618.391461,59.959068,0.019291,1,0
21.900000,-56.022352,203902.661082,-175.959140,205883.871641,63.955820,204874.710725,101.951862,614.459587,-17.689824,617.508898,-137.790288,614.462375,59.958649,0.003493,1,0
21.933000,-56.162016,205263.194879,-176.131026,204794.045497,63.929152,203725.234486,101.830396,619.303144,-18.161042,611.880719,-138.085642,614.198121,59.958541,0.005764,1,0
21.967000,-55.972481,205062.370747,-176.094527,205350.157907,64.155222,202034.731989,101.835559,614.541298,-17.927345,621.941490,-138.079958,617.081285,59.967735,0.003468,1,0
22.000000,-56.100783,204957.911017,-176.179006,204843.137507,64.119862,205842.044218,102.219580,621.113681,-18.248958,620.433325,-137.907902,618.419092,59.966191,-0.014686,1,0
22.033000,-56.172400,206004.592602,-176.096421,205395.038292,64.032075,205953.207596,101.985863,623.763780,-17.913089,620.036240,-138.132788,622.837814,59.953412,0.001922,1,0
22.067000,-56.103916,204566.223268,-176.036052,206265.422842,63.998470,206477.839328,102.015951,618.211594,-18.114449,617.893597,-138.299204,622.760871,59.960108,-0.010972,1,0
22.100000,-56.157151,205771.661397,-176.224433,203722.531904,63.765616,204516.302632,102.007041,620.473697,-18.028169,618.934936,-137.957874,615.046717,59.950154,-0.000661,1,0
22.133000,-56.084373,205107.332738,-176.116772,204270.901396,63.932050,203199.747219,102.097838,618.670443,-18.178042,623.525923,-137.590427,618.150859,59.969656,0.003808,1,0
22.167000,-56.166778,206105.966532,-176.257798,204678.098822,63.788667,203455.886091,101.792377,619.635217,-18.393861,619.019230,-138.162969,618.124776,59.968839,-0.007820,1,0
22.200000,-56.045801,204291.819554,-176.223756,205279.813338,63.835652,204550.097721,101.770091,618.123547,-18.127994,619.265040,-137.843189,618.053092,59.958944,-0.009613,1,0
22.233000,-55.881978,203863.073207,-176.210414,205668.228101,63.928300,204201.575602,102.213393,615.216369,-18.432502,619.711474,-138.055673,614.587192,59.961753,-0.002208,1,0
22.267000,-55.992670,205876.296832,-176.251420,203112.338715,64.031621,205968.191106,101.913697,614.020071,-18.389763,618.102134,-137.917061,620.784338,59.971018,0.011409,1,0
22.300000,-56.189731,205646.693082,-176.115469,204785.796238,64.038535,205162.116879,101.976940,616.780479,-17.926983,618.215022,-137.804001,619.095179,59.965476,-0.008229,1,0
22.333000,-56.127389,203900.134316,-175.926378,203861.742729,64.007629,205534.338879,102.033769,620.171948,-18.019843,621.194870,-138.376109,617.497001,59.967944,-0.001437,1,0
22.367000,-56.168441,203730.655316,-176.077385,205438.306788,64.083703,204631.125136,101.588538,619.224468,-18.337559,620.756153,-138.145950,621.611251,59.966713,-0.007826,1,0
22.400000,-56.074269,203205.870257,-175.986609,204190.972129,63.776524,204666.259072,102.071132,620.249133,-18.118656,622.769387,-138.327530,618.168582,59.964978,0.001415,1,0
22.433000,-55.962850,203500.863693,-175.957904,204355.145013,63.769685,203927.534494,101.881562,621.088402,-17.715143,616.830116,-138.326812,614.188249,59.961243,-0.001710,1,0
22.467000,-56.255695,203348.121802,-176.267759,203825.193176,63.930587,205771.142079,101.751828,621.428394,-18.603300,617.307017,-138.144204,618.275137,59.965920,0.007648,1,0
22.500000,-56.147581,203008.377181,-176.137583,203982.737335,63.733324,204998.870061,101.799218,624.100573,-18.057615,621.426676,-138.414856,614.056664,59.966520,-0.004190,1,0
22.533000,-56.151582,202912.548078,-176.207407,204409.562926,63.920583,204811.100851,101.684210,625.212623,-18.354415,620.347168,-138.124877,618.005833,59.967592,0.006824,1,0
22.567000,-56.158457,204178.809234,-176.097814,205194.025184,63.934559,204412.260203,101.918258,621.307403,-18.010265,610.656295,-138.031902,621.247579,59.967151,0.011551,1,0
22.600000,-56.145594,205639.694306,-175.986634,206587.764765,63.730557,204177.123681,101.955762,623.816814,-17.759740,623.899419,-138.480113,622.582343,59.965864,-0.007178,1,0
22.633000,-56.242151,202521.588911,-176.284374,204065.049256,63.686672,204608.977243,101.853667,626.424335,-18.438130,622.750994,-138.169193,615.638082,59.967321,-0.000032,1,0
22.667000,-56.118992,204424.217593,-176.298634,204016.038785,63.665196,204444.599878,101.649310,621.798146,-18.057523,625.456793,-138.324681,627.375504,59.971321,0.004583,1,0
22.700000,-56.162002,205472.277952,-176.207783,204373.589769,63.789617,205473.832597,101.971848,624.103792,-18.685731,623.079999,-138.050972,626.955150,59.960599,0.001375,1,0
22.733000,-56.264742,204407.425177,-176.133675,205440.578504,63.686570,202940.825098,101.809862,625.634046,-17.873957,620.270933,-138.225636,618.095039,59.958744,-0.000218,1,0
22.767000,-56.114849,205447.914194,-176.253087,203618.446514,63.853869,205969.699716,102.010620,620.569067,-18.544788,621.776950,-138.037182,615.320457,59.968196,0.000395,1,0
22.800000,-56.068858,205583.107468,-176.303215,203856.991105,63.695916,202807.752897,101.925289,622.780016,-18.073908,624.900131,-138.387064,618.630711,59.959597,0.005149,1,0
22.833000,-56.307487,206758.943159,-176.162102,205433.031051,63.962843,203617.644653,101.811975,620.946919,-18.296288,622.145495,-138.225411,618.728280,59.973751,-0.001756,1,0
22.867000,-56.012419,204726.114608,-175.958322,204128.388097,63.855423,203018.945183,101.998150,620.869225,-17.998754,622.608921,-138.195342,618.516364,59.959972,-0.005611,1,0
22.900000,-56.226271,205283.840497,-176.156539,203798.737069,63.824088,203826.943214,101.606927,620.030557,-18.300855,623.563074,-138.151766,624.533773,59.965038,-0.003246,1,0
22.933000,-56.124896,204133.216788,-175.936156,204391.226703,63.933509,203686.771284,101.846632,616.212165,-17.652869,619.494487,-138.009170,624.400128,59.961064,-0.012134,1,0
22.967000,-55.903991,203930.722028,-175.980061,204893.378044,64.034541,205356.731284,102.186475,622.025986,-17.863472,616.023315,-137.614827,624.642047,59.963192,0.001918,1,0
23.000000,-56.186263,204611.956205,-176.027666,206056.702762,64.060830,205086.205012,101.928992,621.198236,-17.990565,621.833709,-138.161731,623.702999,59.955112,0.007654,1,0
23.033000,-56.003835,204407.175680,-176.130801,205555.631581,63.873359,204505.632050,101.995276,621.784257,-17.582032,622.280435,-138.040787,620.322441,59.961176,-0.003649,1,0
23.067000,-56.219907,205918.200843,-175.940893,205173.092143,64.009445,204387.966378,101.439371,617.901735,-17.946321,627.241687,-138.050632,624.351690,59.964122,0.011496,1,0
23.100000,-56.085270,204729.760993,-176.217147,204566.339859,63.926955,204137.783702,101.735084,623.338006,-18.211358,627.475844,-138.105510,618.871907,59.968004,0.011548,1,0
23.133000,-56.068769,206722.624931,-176.169828,204188.822551,63.990591,205564.588518,101.722533,623.802837,-18.172937,624.183936,-138.403933,623.567583,59.966668,-0.007439,1,0
23.167000,-55.888665,205352.784688,-176.268739,205504.237001,63.816403,204052.038402,101.682726,625.690455,-18.170455,620.423615,-138.117572,625.303393,59.960333,0.006436,1,0
23.200000,-56.316814,205284.094954,-175.996738,204927.316267,63.889125,204630.156691,101.653076,624.389737,-18.061446,624.867001,-138.073203,624.080378,59.958373,-0.002224,1,0
23.233000,-56.044808,204308.234108,-175.936668,205022.172537,63.658736,205426.964877,102.317403,622.599464,-17.674459,621.560812,-138.150885,618.751484,59.959490,-0.003574,1,0
23.267000,-56.111763,205010.708229,-176.128365,203649.187639,63.733874,205108.179957,101.838885,620.989510,-17.936818,619.921634,-138.194213,622.937822,59.957615,0.003505,1,0
23.300000,-56.340696,203795.875837,-176.220664,204619.822194,63.675080,204134.714336,101.203970,625.024719,-18.548734,618.312737,-138.439119,617.935472,59.960081,0.011188,1,0
23.333000,-56.376912,205329.802907,-176.203911,204509.953524,63.761339,204396.156316,101.343623,628.159546,-17.944318,621.376956,-138.259423,625.286500,59.957719,0.000172,1,0
23.367000,-56.075664,205073.984338,-176.325612,204155.625180,63.947377,204880.913567,101.915149,627.143068,-18.158218,622.102818,-138.420258,622.164810,59.957222,0.010512,1,0
23.400000,-56.079413,202256.950896,-176.160657,203776.667101,63.933135,203616.695627,101.984001,612.455835,-18.167238,625.125442,-138.312143,620.419711,59.958399,-0.011492,1,0
23.433000,-56.212282,204959.612604,-176.304942,203322.054100,63.774553,205313.657117,101.800214,625.496391,-18.264621,625.049127,-138.631663,618.023355,59.960644,0.001961,1,0
23.467000,-56.333894,203946.197715,-176.091260,204639.644154,63.690820,205650.579668,101.720394,623.285710,-18.091204,622.290619,-138.248358,626.289940,59.962013,0.001039,1,0
23.500000,-56.240205,203723.782710,-176.168181,203500.127788,63.924423,204591.786610,101.745281,622.598108,-18.214894,622.596192,-137.854712,627.561491,59.961009,-0.007569,1,0
23.533000,-56.158177,205471.249635,-176.106880,206222.477978,63.809693,204611.552073,101.619600,619.324208,-18.113276,628.130755,-138.139089,615.967460,59.960197,-0.005143,1,0
23.567000,-56.165319,204500.434984,-176.279070,203714.221754,63.879394,205475.700275,101.771130,611.078076,-18.370658,617.666531,-138.143829,621.156898,59.956999,-0.009310,1,0
23.600000,-56.333440,205761.036504,-176.064268,203577.479146,63.716272,201887.960636,101.578579,621.415437,-18.006970,624.888173,-138.111235,620.787627,59.957648,-0.000872,1,0
23.633000,-56.138766,205638.836477,-176.289220,205226.337110,63.885572,204921.696399,102.049622,619.681364,-18.414147,621.647821,-138.178110,624.118182,59.961476,-0.006531,1,0
23.667000,-56.144560,203607.601216,-176.103708,205383.314557,63.880745,203684.022404,101.990588,626.722542,-18.253344,616.890869,-138.187501,621.450591,59.955642,-0.003531,1,0
23.700000,-56.262660,205182.607411,-176.161066,203659.997643,63.854737,203861.830813,101.658593,626.659716,-18.532926,625.814349,-138.078093,620.496602,59.956311,-0.012048,1,0
23.733000,-56.220428,204473.264048,-175.910432,204737.392736,63.910333,206400.657270,101.520513,635.193243,-18.087349,623.412152,-137.948367,622.834039,59.962381,-0.004687,1,0
23.767000,-56.051918,205011.887318,-176.220304,204241.461643,63.838085,203950.064143,101.912391,622.532549,-18.349652,613.869078,-138.101166,620.530901,59.948256,-0.009446,1,0
23.800000,-56.163119,205026.023709,-176.054475,205101.081494,63.782830,204370.183301,102.029500,618.322768,-18.025175,620.728574,-138.202203,619.523175,59.949756,-0.005048,1,0
23.833000,-56.213201,202940.088427,-176.169855,204264.162836,63.964069,203479.139854,101.431423,626.106270,-18.238614,622.722289,-138.159462,621.902217,59.955070,-0.001334,1,0
23.867000,-56.154582,206307.634939,-176.073580,203715.718514,63.903897,203933.973744,101.550033,627.002782,-17.665034,626.911686,-138.271397,625.374803,59.959148,0.001665,1,0
23.900000,-56.293847,206874.041070,-176.225817,204373.249579,63.761341,204649.169575,101.825401,623.884811,-18.007024,622.891181,-138.297989,618.034291,59.949726,0.001299,1,0
23.933000,-56.170543,204495.790753,-176.241184,203816.991692,63.842994,204692.601238,102.080031,621.632699,-18.281292,619.867927,-138.132480,623.199792,59.954346,-0.009536,1,0
23.967000,-56.182274,204454.911297,-176.287170,205368.954263,63.715037,205780.565984,101.696739,623.847757,-18.282731,625.395151,-138.291110,623.501778,59.950527,-0.000474,1,0
24.000000,-56.180339,204487.891020,-176.154274,206549.435220,63.967356,204291.386550,101.640666,629.503025,-18.344539,623.470327,-138.177673,621.786242,59.953316,-0.010626,1,0
24.033000,-56.121580,205298.645409,-176.237171,205885.152607,63.706357,204531.366836,101.963639,626.112604,-18.398715,624.921584,-138.179774,625.278656,59.949891,-0.010224,1,0
24.067000,-56.166719,204781.964550,-176.221571,204147.818007,63.979282,205143.251289,102.153974,626.931449,-18.120324,622.677521,-138.289954,624.081035,59.953713,0.003637,1,0
24.100000,-56.054552,205705.235336,-176.233216,205221.444943,63.873215,205720.931883,102.198509,624.009008,-18.423399,624.475152,-138.138465,622.822793,59.956059,0.011121,1,0
24.133000,-56.182325,205653.807557,-176.278398,205531.504468,63.842674,206183.322496,101.991996,628.237204,-18.507373,632.124236,-138.004798,625.758085,59.953342,0.008009,1,0
24.167000,-56.119475,205001.585296,-176.108677,205550.324538,63.885420,205992.803090,102.015200,624.592049,-18.077719,630.137627,-137.957059,624.254315,59.954774,0.004655,1,0
24.200000,-56.137144,204747.503759,-176.196225,206107.196379,63.916789,206426.101712,102.038070,629.366739,-18.249825,626.022933,-138.160637,618.997383,59.958559,0.002836,1,0
24.233000,-56.128233,205110.563786,-176.233349,206305.842261,64.082587,206135.625400,101.922547,627.266578,-18.232354,627.135376,-137.726210,627.461813,59.956918,0.001981,1,0
24.267000,-56.162927,205745.472003,-176.329388,203586.824628,63.884533,204678.685157,101.727792,626.261093,-18.541783,622.395059,-138.165945,628.519221,59.962144,0.008920,1,0
24.300000,-56.059118,207260.058402,-176.279927,204145.737535,63.739459,204741.245979,102.027580,623.653583,-18.319948,621.634879,-138.214497,616.011592,59.958698,0.012496,1,0
24.333000,-56.145656,207004.621156,-176.012222,207372.402232,63.879028,205117.269349,101.531113,628.758895,-17.884894,626.832869,-138.199881,626.313010,59.956090,-0.000317,1,0
24.367000,-56.114541,203952.798499,-176.057402,204821.781092,64.104343,204698.359150,101.679305,631.309199,-17.766102,628.856794,-137.719084,627.620777,59.963972,-0.008589,1,0
24.400000,-56.171079,205102.041570,-175.985190,205942.960257,63.729162,207694.494520,101.970880,629.806493,-18.228935,628.371491,-138.459736,625.764443,59.955244,-0.010075,1,0
24.433000,-56.421043,206382.996929,-175.963632,205638.817711,63.651315,206477.620992,101.369425,625.894860,-17.745567,622.472206,-138.096612,626.195527,59.958583,-0.003994,1,0
24.467000,-56.030649,205357.127587,-176.017720,207907.510223,63.933876,205966.573358,102.018221,628.084723,-17.968962,631.577052,-138.189405,633.478127,59.954589,0.011359,1,0
24.500000,-55.981729,205014.544460,-176.117591,208047.422507,63.999999,207008.691426,101.854248,629.356152,-18.008813,632.884308,-137.828377,626.834798,59.969832,0.002516,1,0
24.533000,-56.191373,207144.307138,-176.130011,206481.773723,64.058455,205352.414930,101.663545,635.231182,-18.106987,629.340654,-137.734118,625.999670,59.961707,0.001505,1,0
24.567000,-56.177193,203482.914130,-176.231688,203791.937267,63.981580,204717.960770,101.812922,630.941922,-18.413401,631.496910,-138.143707,627.586242,59.964212,-0.008440,1,0
24.600000,-55.985105,206288.771422,-176.149997,206214.385309,63.971177,206014.523719,102.114200,631.347420,-18.185255,624.970387,-138.174425,628.161856,59.960939,0.001634,1,0
24.633000,-56.251498,205612.837307,-176.119465,205823.168244,63.944493,205529.847534,101.734357,626.456865,-17.918580,626.780206,-138.102165,625.885214,59.957600,0.008441,1,0
24.667000,-55.983295,206414.934273,-176.008689,203277.467749,63.800138,205307.099305,102.162127,626.583732,-18.206852,622.805758,-138.338454,632.390239,59.964724,0.002427,1,0
24.700000,-56.092259,204292.077866,-176.141403,205147.931794,63.812258,204314.908664,101.868634,624.469598,-18.285330,630.088852,-138.145844,625.828286,59.961043,0.006183,1,0
24.733000,-56.148976,204516.111330,-176.060691,205072.594326,63.832154,206004.054294,101.888049,624.666351,-17.894667,627.444557,-138.287007,622.737456,59.949055,-0.001711,1,0
24.767000,-56.188378,205896.111106,-176.094134,205177.990664,63.986183,204586.136149,101.799282,624.752799,-18.340260,623.934752,-137.930449,624.693928,59.956904,-0.005480,1,0
24.800000,-56.187377,204560.836411,-176.224096,203382.706324,63.994407,203931.389659,101.735632,620.648373,-17.825235,627.820825,-137.968595,626.864700,59.959234,-0.007806,1,0
24.833000,-55.948410,204005.152010,-176.078440,205628.032732,63.770047,206693.693650,102.011597,621.346496,-18.232595,627.051853,-138.180448,627.705884,59.956105,0.024908,1,0
24.867000,-56.280529,205097.633929,-176.123814,204217.808785,63.731114,204690.098891,101.467364,626.294254,-17.988050,627.138861,-138.333879,628.119755,59.950113,-0.006528,1,0
24.900000,-56.142909,206066.904452,-176.121283,203133.612992,63.932756,204812.588768,101.875224,625.658109,-18.045521,630.858931,-138.175414,631.661031,59.950159,-0.002762,1,0
24.933000,-56.155930,205181.794572,-176.024338,205974.076549,63.952284,203587.164963,101.909901,628.226886,-17.885192,625.381620,-137.825975,622.018835,59.956105,0.006683,1,0
24.967000,-56.109548,204884.912570,-176.156885,204334.333653,63.806106,203943.110842,102.030472,627.195163,-18.190510,632.351588,-138.190574,629.406842,59.951885,0.002403,1,0
25.000000,-56.195850,204644.021862,-176.138595,204686.243383,63.831603,203700.109138,101.609235,626.838641,-18.217697,627.853786,-138.045870,629.186265,59.967099,0.005634,1,0
25.033000,-56.138794,207300.599698,-176.223631,205346.857037,63.946478,205997.114818,101.861566,633.776963,-18.555356,634.211338,-138.138281,630.031475,59.943288,-0.000480,1,0
25.067000,-56.156417,204389.169085,-176.073786,205515.701083,63.852722,205427.064293,101.654249,631.383024,-17.953736,625.918887,-137.912787,626.777239,59.946506,0.015887,1,0
25.100000,-56.080492,203659.916819,-176.218633,205254.371655,63.784174,204888.907497,101.999647,629.125817,-18.476783,631.511213,-137.998661,629.184498,59.957207,0.004890,1,0
25.133000,-56.037100,204135.148503,-175.945933,204774.542783,63.857038,203627.988643,102.222467,630.272644,-17.775095,628.544724,-137.981329,625.167382,59.950509,0.002649,1,0
25.167000,-56.257909,206374.581455,-176.119334,204963.124402,64.005378,204614.184180,101.935355,628.654125,-18.006897,630.281854,-137.876538,631.499452,59.965383,-0.002635,1,0
25.200000,-56.135205,203514.872598,-176.135436,206742.290286,64.076961,205793.592461,102.043370,631.810929,-17.854282,630.179765,-137.797049,624.721878,59.960260,0.001630,1,0
25.233000,-56.183009,205977.380702,-176.248952,206731.289170,63.681193,205783.902230,101.613291,621.294097,-18.278249,631.018769,-138.196153,627.278417,59.957524,-0.001031,1,0
25.267000,-56.056921,204466.347071,-176.125823,204746.841314,63.940332,204880.231309,101.788479,626.288308,-17.910223,622.554789,-138.197459,633.599422,59.955729,-0.006939,1,0
25.300000,-56.075465,204640.841586,-176.213548,205089.696973,63.904272,206302.021012,101.713419,619.122712,-18.212621,630.012744,-137.922259,632.962018,59.962820,-0.000640,1,0
25.333000,-56.078837,205400.839874,-176.227972,205771.387789,63.774552,205625.812954,101.904607,628.996042,-18.454497,622.553874,-138.273006,622.656353,59.962591,0.007849,1,0
25.367000,-56.219525,204448.330437,-176.214404,205621.928595,63.827408,203984.372495,101.888454,627.201018,-18.332581,627.911041,-137.951055,627.083957,59.956993,0.003609,1,0
25.400000,-56.382099,206038.089424,-176.130248,204274.653090,63.676808,205034.438759,101.709371,627.068202,-18.107660,623.984199,-138.486602,635.299449,59.955700,-0.000505,1,0
25.433000,-56.202323,202304.307964,-176.298742,205607.037675,63.807217,205445.423354,101.784935,627.981986,-18.604731,626.343002,-138.032801,618.276500,59.959024,-0.002754,1,0
25.467000,-56.300042,205609.781075,-176.035523,206435.664339,63.738256,204969.084406,101.615399,625.942788,-18.238453,636.962615,-138.492685,626.411500,59.957727,0.001218,1,0
25.500000,-56.226109,204702.141007,-176.294555,203870.278834,63.659827,206063.478536,101.887813,623.714530,-18.419138,619.969873,-138.680227,627.257475,59.963875,0.011049,1,0
25.533000,-56.425829,204377.587052,-176.140975,203962.142668,63.803052,205439.462901,101.744981,628.499147,-18.156220,626.852136,-138.351117,622.142626,59.958042,0.004839,1,0
25.567000,-56.419039,204831.827419,-176.249525,203499.896299,63.659255,204203.346643,101.396158,623.372980,-18.108115,628.691758,-138.461437,632.353006,59.958298,0.001172,1,0
25.600000,-56.174879,204456.594946,-176.378322,205080.771424,63.774778,205597.353626,101.976122,620.013345,-18.304612,623.670471,-138.246245,619.883556,59.962822,0.002526,1,0
25.633000,-56.100532,204631.727934,-176.295222,205212.124582,63.687907,205258.456211,101.756305,623.069115,-18.550313,620.383206,-138.481662,625.292001,59.966308,0.007140,1,0
25.667000,-56.369848,205880.553837,-176.251414,204504.624006,63.672460,205581.571707,101.901810,620.643060,-18.467408,627.078912,-138.280139,621.544074,59.959831,0.002029,1,0
25.700000,-56.177778,203865.209577,-176.341130,205048.594669,63.726189,205194.882427,101.966131,630.473464,-18.554579,629.613266,-138.288600,624.835200,59.961910,-0.010851,1,0
25.733000,-56.517962,205704.005942,-176.374956,205342.525720,63.646405,204372.705092,101.849489,625.749824,-17.890603,627.526394,-138.269839,629.596621,59.960323,0.006943,1,0
25.767000,-56.364999,205921.387117,-176.201223,205639.990270,63.791490,206061.635977,101.791837,627.389808,-18.025877,630.095125,-138.175992,622.782228,59.968686,-0.005360,1,0
25.800000,-56.212547,204615.862820,-176.271193,205327.655488,63.604663,205389.823976,101.931367,638.197429,-18.120971,623.088089,-138.204515,630.136853,59.956351,-0.002548,1,0
25.833000,-56.489592,205830.170401,-176.422473,205313.815077,63.605243,205848.819171,101.557617,625.570490,-18.411977,627.545602,-138.342026,627.664165,59.951803,-0.011408,1,0
25.867000,-56.402329,205908.013403,-176.407995,204966.940582,63.628703,205914.178588,101.393262,628.337410,-18.656908,634.334758,-138.566016,631.912017,59.954949,0.008712,1,0
25.900000,-56.151842,206608.381243,-176.318790,205030.274866,63.662197,206586.227348,101.809709,625.407839,-18.158577,631.417589,-138.249497,631.051922,59.957714,0.010075,1,0
25.933000,-56.256949,206893.457316,-176.452514,206479.322622,63.595936,206214.593779,101.713181,632.414329,-18.829599,633.062073,-138.158642,631.685334,59.960988,-0.001603,1,0
25.967000,-56.365918,203642.986960,-176.408595,206084.263939,63.771807,205853.831794,101.596630,631.710330,-18.246471,635.382741,-138.347863,632.323007,59.960230,-0.009216,1,0
26.000000,-56.440365,206176.455216,-176.401002,205145.421638,63.422442,206539.304079,101.409395,634.619368,-18.465649,626.157369,-138.578619,637.703722,59.957017,0.009878,1,0
26.033000,-56.267783,204749.363841,-176.245539,205488.114962,63.496685,206894.769221,101.941055,634.055175,-18.406546,628.923395,-138.351916,638.158132,59.956703,-0.001787,1,0
26.067000,-56.399375,206217.808634,-176.346037,204645.725980,63.698986,204974.203145,101.566886,640.021271,-18.300773,638.376589,-138.281112,641.163539,59.960712,-0.004249,1,0
26.100000,-56.361370,205711.657306,-176.539792,205637.728346,63.565479,206709.271496,101.780912,639.921748,-18.600698,636.812687,-138.272249,634.766894,59.961471,0.000555,1,0
26.133000,-56.351508,207484.263436,-176.375257,205444.226554,63.674602,203005.335799,101.727734,642.052227,-18.146820,642.206986,-138.254895,639.101948,59.957162,0.003611,1,0
26.167000,-56.311400,205794.947296,-176.416952,206426.888566,63.611461,205043.567973,101.742688,641.140560,-18.178177,640.376123,-138.551426,632.871801,59.962398,-0.004048,1,0
26.200000,-56.275605,208220.763179,-176.314206,204944.368589,63.606393,205044.791388,101.719893,637.856617,-18.641803,641.621615,-138.345475,635.494456,59.972758,0.000720,1,0
26.233000,-56.183927,205743.888400,-176.438160,206064.544953,63.632588,208067.467919,101.961475,633.931412,-18.777425,635.585120,-138.580532,641.235294,59.960714,-0.002040,1,0
26.267000,-56.280205,205840.783258,-176.374428,205282.043073,63.654482,205141.273288,101.728383,628.160260,-18.395445,631.605441,-138.058605,636.937533,59.972502,-0.001504,1,0
26.300000,-56.191939,205457.394138,-176.233396,205517.866835,63.725931,204637.529839,102.019273,640.145078,-18.440081,632.254493,-138.000236,633.378186,59.970606,0.001513,1,0
26.333000,-56.295263,204156.969888,-176.276648,205309.795981,63.583006,205706.039501,101.528402,625.856157,-18.275466,636.540399,-138.363434,636.450216,59.968455,-0.004841,1,0
26.367000,-56.345966,204891.516292,-176.311013,204851.639389,63.680670,204954.128661,101.690284,639.984085,-18.365354,634.507977,-137.995009,634.164169,59.966336,0.002848,1,0
26.400000,-56.247611,206410.698236,-176.254760,205506.104678,63.816672,207155.633010,101.781952,629.474922,-18.418602,636.633846,-137.933499,630.928956,59.965230,-0.008850,1,0
26.433000,-56.219022,206581.574870,-176.066021,204674.718943,63.760182,204927.685285,101.758439,632.109372,-17.963188,633.596794,-138.268152,629.009379,59.956563,0.004053,1,0
26.467000,-56.233745,205760.988742,-176.434241,204177.501965,63.672881,204901.773210,101.822722,632.010344,-18.467335,634.310859,-138.421786,628.859378,59.972815,-0.001493,1,0
26.500000,-56.101384,205262.555329,-176.031396,204843.442709,63.716936,207391.932372,101.728938,642.286833,-17.979204,640.059817,-138.753843,630.704869,59.965958,-0.006076,1,0
26.533000,-56.146376,205150.987768,-176.026427,205650.022896,63.714329,205325.008646,101.972439,633.281738,-18.066648,629.091402,-138.332991,626.943883,59.964458,0.001557,1,0
26.567000,-56.382429,206070.240957,-176.385310,206147.270504,63.799229,205739.454691,101.733897,635.821180,-18.524845,637.295291,-138.193910,637.845609,59.961271,-0.006337,1,0
26.600000,-56.089240,205350.381071,-176.230399,205057.224404,63.722200,205179.709836,101.535280,633.955146,-18.062885,626.587984,-138.033180,638.273022,59.970131,-0.004871,1,0
26.633000,-56.301343,204488.380744,-176.146056,205278.285560,63.608842,206205.305406,101.895602,636.710392,-18.374049,637.585847,-138.363157,642.322249,59.962804,0.015080,1,0
26.667000,-56.309069,205210.829137,-176.444426,205507.417847,63.539030,207345.903714,101.791958,628.459610,-18.405947,638.877133,-138.539543,632.495299,59.963477,0.000422,1,0
26.700000,-56.137415,204820.541485,-176.174284,205912.779099,63.694471,204440.338472,101.846190,637.369765,-18.046442,633.562381,-138.152861,637.464975,59.968060,-0.011960,1,0
26.733000,-56.236498,204202.261693,-176.239885,205646.967085,63.666928,205195.317829,101.746509,642.132371,-18.174119,640.644088,-138.242561,640.786101,59.971227,-0.008293,1,0
26.767000,-56.300531,205432.165437,-176.410373,205800.976914,63.502628,205248.107680,101.890233,639.017147,-18.379246,638.017840,-138.343968,640.838846,59.966669,-0.004191,1,0
26.800000,-56.156855,205831.064004,-176.394280,207189.130076,63.744456,206479.475373,101.815530,645.385903,-18.391414,635.814641,-138.522768,646.555374,59.963335,0.006583,1,0
26.833000,-56.419717,205444.762154,-176.387317,204156.188295,63.632983,206237.242120,101.541040,645.087440,-17.884094,638.359750,-138.829678,639.853565,59.974178,0.005026,1,0
26.867000,-56.485277,205293.324382,-176.524199,204684.150958,63.410834,204787.723730,101.461307,640.578765,-18.267104,634.315613,-138.465109,633.660422,59.971075,-0.002793,1,0
26.900000,-56.289975,205356.629148,-176.457656,205602.176839,63.729862,206131.215068,101.688975,633.075832,-18.378830,645.070487,-138.211712,637.548432,59.967673,-0.000439,1,0
26.933000,-56.411034,206124.588635,-176.281228,205501.765556,63.607979,206311.036728,101.833156,635.737841,-18.191498,639.727596,-138.778238,632.050597,59.970406,-0.000218,1,0
26.967000,-56.436303,204887.281482,-176.189150,206489.710614,63.734025,206062.076090,101.339044,637.837489,-18.219225,632.929916,-138.192228,634.415240,59.973136,0.005626,1,0
27.000000,-56.477553,206505.880306,-176.486960,205866.929764,63.831987,206709.200085,101.232599,635.074045,-18.480763,633.353101,-138.352086,634.316993,59.974517,0.001585,1,0
27.033000,-56.279992,206625.112617,-176.215945,204709.141062,63.520828,205637.127297,101.258210,628.972748,-17.846854,624.608258,-138.364105,629.687798,59.975469,0.004208,1,0
27.067000,-56.481729,205993.506692,-176.563504,205283.398522,63.661901,205496.940466,101.590068,635.069508,-18.419589,624.833357,-138.374954,630.538605,59.973351,-0.001005,1,0
27.100000,-56.275073,204564.523983,-176.493499,204626.036939,63.737167,205355.111133,101.664037,633.476645,-18.647666,637.751882,-138.172877,631.651961,59.970596,0.002661,1,0
27.133000,-56.241848,206100.932889,-176.349381,205299.249051,63.832594,207025.586094,101.658889,636.106704,-18.625385,631.721526,-138.038060,635.876485,59.974817,0.012287,1,0
27.167000,-56.347629,206311.047630,-176.443079,204761.802412,63.775243,204728.295441,102.081647,632.341416,-18.387147,632.155734,-138.454488,631.943532,59.963525,-0.003152,1,0
27.200000,-56.307787,204741.052359,-176.451398,206555.433379,63.442503,205203.271355,101.754779,636.910532,-18.885197,633.116075,-138.297371,625.136449,59.967033,0.002729,1,0
27.233000,-56.440983,205993.623177,-176.443704,207595.264707,63.857576,206032.723646,101.565147,634.047270,-18.336599,632.434819,-138.158862,631.527373,59.963490,-0.010684,1,0
27.267000,-56.219737,205569.487215,-176.263684,207447.734261,63.681577,206824.718530,101.816990,631.578367,-18.293894,633.448044,-138.237101,638.000963,59.977262,0.000462,1,0
27.300000,-56.347141,204549.740771,-176.320605,205360.151692,63.595448,204636.546386,101.859374,627.302676,-18.400275,634.862288,-138.386705,641.785508,59.974050,-0.005732,1,0
27.333000,-56.390724,205960.899923,-176.383669,204829.653267,63.676152,205492.274820,101.655659,636.395946,-18.526121,629.717419,-138.299291,635.285620,59.963361,0.006815,1,0
27.367000,-56.310669,204724.989240,-176.324265,205232.068315,63.671842,206343.730916,101.580804,636.255596,-18.379537,632.721323,-138.622266,630.936609,59.964753,0.008027,1,0
27.400000,-56.402959,204622.399882,-176.449882,205453.292962,63.602063,206468.923788,101.630152,631.140502,-18.418650,634.398587,-138.806455,636.159359,59.956491,0.006382,1,0
27.433000,-56.460025,203839.623583,-176.479660,205375.584908,63.473440,207770.788704,101.357856,630.405750,-18.873217,633.444897,-138.463550,628.893756,59.966381,-0.006615,1,0
27.467000,-56.415256,205332.531323,-176.553859,204572.746358,63.529138,204191.891501,101.756961,634.656739,-18.452417,638.199997,-138.736913,629.545162,59.966122,-0.009088,1,0
27.500000,-56.488926,207642.453134,-176.412176,206309.295433,63.690349,205286.726200,101.802710,636.048909,-18.396144,638.877560,-138.059408,636.516474,59.962496,-0.003996,1,0
27.533000,-56.484744,206827.719263,-176.414492,205576.680382,63.313432,206115.239454,101.361202,633.108972,-18.808559,634.881067,-138.578098,636.192090,59.971962,-0.006323,1,0
27.567000,-56.281652,206811.753787,-176.508108,205192.696586,63.549365,205493.997648,101.633756,631.042564,-18.548239,633.957944,-138.406013,631.415644,59.969346,0.003201,1,0
27.600000,-56.513981,206251.398003,-176.293432,206389.646949,63.421936,206309.635094,101.107857,626.287507,-18.004949,624.204830,-138.613612,627.305241,59.972442,0.001319,1,0
27.633000,-56.436169,205720.314815,-176.245723,205039.566673,63.604702,205290.222832,101.511165,633.936579,-17.919783,633.016757,-138.442261,631.696387,59.970567,0.005405,1,0
27.667000,-56.231265,205827.087653,-176.464028,206313.973205,63.516327,205793.593676,101.929582,633.040316,-18.678528,632.811494,-138.160947,631.220977,59.960297,0.011536,1,0
27.700000,-56.300482,205559.266043,-176.430293,206659.610975,63.741420,206848.365794,101.607999,629.351352,-18.260441,631.003763,-138.255675,631.210757,59.963425,-0.006798,1,0
27.733000,-56.149964,205270.192018,-176.410709,206579.312874,63.376316,206884.167266,101.642812,631.818113,-18.459945,635.504621,-138.861966,634.789919,59.964138,0.003099,1,0
27.767000,-56.160366,204347.911975,-176.228883,204424.740593,63.771536,205847.449354,101.945622,638.166719,-18.572333,631.709181,-138.289013,640.531794,59.964581,-0.004830,1,0
27.800000,-56.122289,206858.825908,-176.343594,205556.485306,63.779483,205049.149482,101.620549,636.386155,-18.256396,635.437572,-138.328058,633.216992,59.957396,-0.011664,1,0
27.833000,-56.209865,204250.633244,-176.417759,203899.943075,63.745989,205256.160239,101.524093,636.090446,-18.374762,633.849680,-138.155416,635.484473,59.969019,-0.002796,1,0
27.867000,-56.399396,206092.016519,-176.331443,205280.999288,63.469328,204245.185441,101.890680,631.911470,-18.493897,630.877054,-138.582272,640.556937,59.963281,0.012697,1,0
27.900000,-56.362928,205290.825042,-176.384251,206005.246226,63.583427,205252.626346,101.430050,639.785385,-18.542544,634.720630,-138.479269,635.988012,59.962110,0.006222,1,0
27.933000,-56.381308,205848.945407,-176.411934,206593.931139,63.527480,203786.093145,101.616462,632.297923,-18.205567,632.474453,-138.311481,634.009305,59.962358,-0.001390,1,0
27.967000,-56.329552,204957.991152,-176.237155,203423.161233,63.760869,203897.792072,101.823722,637.490335,-18.285787,630.791404,-138.470154,640.603909,59.962406,-0.009117,1,0
28.000000,-56.440370,204518.159347,-176.485733,206247.102789,63.517688,204715.828001,101.432132,628.736706,-18.429646,634.593440,-138.490909,630.222985,59.953446,0.003289,1,0
28.033000,-56.530467,206787.171256,-176.382797,205183.463912,63.487429,206413.211934,101.771131,631.576134,-18.094336,634.609433,-138.462203,629.500887,59.961627,-0.000143,1,0
28.067000,-56.366949,205573.561496,-176.404942,205310.519823,63.655929,206942.971571,101.795341,632.853921,-18.484195,626.643992,-138.441338,629.829778,59.963145,0.006158,1,0
28.100000,-56.314091,206475.015545,-176.627120,206551.052404,63.655899,205777.514175,101.860304,636.097948,-19.081983,635.866584,-138.320096,632.580011,59.962150,-0.001536,1,0
28.133000,-56.263133,204042.567819,-176.494779,205447.646403,63.441858,204138.182356,101.671617,627.331573,-18.900015,631.809190,-138.454279,637.253790,59.953683,-0.002740,1,0
28.167000,-56.523197,204873.514947,-176.419121,206101.365846,63.573369,205585.303921,101.598390,633.676458,-18.327758,634.914482,-138.509341,639.161037,59.962039,0.003246,1,0
28.200000,-56.355196,206201.453878,-176.266200,205025.806172,63.559638,205373.245375,101.604378,627.321435,-17.997418,623.349828,-138.562406,630.750951,59.954934,0.001475,1,0
28.233000,-56.445832,205066.977309,-176.507081,206108.157138,63.745574,206094.191134,101.881309,628.029831,-18.762054,632.217269,-138.297847,627.731433,59.946727,-0.007225,1,0
28.267000,-56.452307,206732.152805,-176.492544,207363.317986,63.599395,204602.705349,101.498153,631.877690,-18.364548,632.319197,-138.344306,629.836362,59.946805,-0.003953,1,0
28.300000,-56.227423,205737.104612,-176.271610,205920.470272,63.528112,205243.209419,101.666738,630.689179,-18.355438,625.524309,-138.575416,632.221579,59.951676,-0.004062,1,0
28.333000,-56.385833,206267.983997,-176.552450,204639.086558,63.569112,205766.446411,101.672438,623.687151,-18.274199,625.689322,-138.346611,636.188130,59.956680,-0.003843,1,0
28.367000,-56.462810,205662.744820,-176.439149,204919.355150,63.776494,205510.537808,101.543063,624.635989,-18.337312,623.338160,-138.108838,627.351143,59.959150,0.009030,1,0
28.400000,-56.284916,205955.090668,-176.178654,206286.059756,63.683331,206928.526563,101.634560,621.789099,-17.812595,621.586914,-138.213995,621.486896,59.958497,-0.002011,1,0
28.433000,-56.647950,206671.337543,-176.403988,207884.081809,63.546429,206088.700141,101.193925,624.040046,-18.471420,620.327309,-138.654841,625.120694,59.956678,-0.003450,1,0
28.467000,-56.500723,208195.117461,-176.348136,205797.938904,63.520431,205649.611696,101.651074,628.517193,-18.202725,626.116964,-138.339181,619.235813,59.960405,-0.000362,1,0
28.500000,-56.384513,206065.871115,-176.404618,207142.324301,63.533162,206278.641538,101.752764,624.600790,-18.575070,625.124073,-138.443724,622.898332,59.970025,0.009194,1,0
28.533000,-56.469787,206538.476476,-176.327693,205873.528454,63.470512,206276.409805,101.666319,626.121287,-18.303612,627.443867,-138.457973,617.995651,59.964434,-0.002445,1,0
28.567000,-56.550619,207438.258494,-176.299196,203947.974927,63.541975,204838.976763,101.384884,623.131677,-18.445126,627.679594,-138.523802,630.031802,59.953387,0.001745,1,0
28.600000,-56.412823,205762.565218,-176.570000,206172.705749,63.428220,206271.233156,101.867969,629.226996,-18.535002,629.456988,-138.758406,627.747181,59.963719,-0.004427,1,0
28.633000,-56.387651,205877.372846,-176.406143,206115.685530,63.600258,205587.600198,101.593858,627.996869,-18.598815,628.180987,-138.379128,625.470653,59.957613,-0.006810,1,0
28.667000,-56.427805,207517.119837,-176.412990,207013.551862,63.730717,205592.682018,101.441007,629.323780,-18.300215,638.591576,-138.464430,628.352243,59.959601,-0.001431,1,0
28.700000,-56.337069,205498.202332,-176.503038,206818.518751,63.714367,206865.687428,101.836970,623.957044,-18.696795,626.180470,-138.493147,634.643966,59.958357,0.006946,1,0
28.733000,-56.364679,207752.619502,-176.549503,205363.314492,63.712361,208744.338448,101.818817,625.727544,-18.370465,623.013892,-138.197491,629.184995,59.968732,0.000967,1,0
28.767000,-56.339277,207074.060248,-176.448045,204793.025640,63.665658,206467.090217,101.838958,617.856768,-18.496686,626.112512,-138.170696,623.262418,59.968114,-0.000710,1,0
28.800000,-56.454433,207649.475768,-176.394729,206269.366157,63.734325,205990.094341,101.483260,626.183406,-18.529035,627.568606,-138.420017,623.052881,59.969915,-0.002420,1,0
28.833000,-56.505331,205756.000470,-176.533219,206675.173116,63.654201,207615.169254,101.180412,630.297009,-18.426191,627.403887,-138.443994,625.499610,59.965912,0.003191,1,0
28.867000,-56.455579,206938.442360,-176.291932,206949.010669,63.835070,206462.814360,101.237765,626.721239,-18.263244,627.236940,-138.435752,635.671551,59.965780,-0.004656,1,0
28.900000,-56.424504,207621.646892,-176.402035,205740.915861,63.727790,207056.808913,101.410913,630.804367,-18.438540,625.693401,-138.668729,628.182316,59.974938,0.010113,1,0
28.933000,-56.484833,206933.285274,-176.435455,206851.458504,63.645344,206870.737158,101.433147,625.827636,-18.352306,629.966667,-138.341417,629.288187,59.972234,-0.010757,1,0
28.967000,-56.317938,206391.087395,-176.230044,205761.020247,63.733201,206641.503474,101.739436,634.133305,-18.578165,626.021497,-138.457543,626.082260,59.965579,-0.008571,1,0
29.000000,-56.308722,205077.653390,-176.304830,205183.070828,63.538952,206750.343016,101.656719,630.244658,-18.302824,624.986507,-138.223255,628.505949,59.967836,0.009457,1,0
29.033000,-56.334590,206470.174203,-176.323045,206549.326753,63.580743,205502.667691,101.555290,629.985092,-18.294103,623.379873,-138.502410,623.516640,59.964666,-0.012804,1,0
29.067000,-56.220990,206152.838499,-176.298732,207308.531893,63.568009,206024.132004,101.784143,624.229290,-18.025550,630.785346,-138.260555,624.078211,59.968453,-0.015912,1,0
29.100000,-56.278069,206299.696856,-176.432219,206641.439445,63.858405,205857.838707,101.890134,633.957215,-18.570968,631.389474,-138.213113,634.575283,59.967423,-0.010631,1,0
29.133000,-55.875827,205943.321149,-176.182649,207081.826930,63.755431,205495.499236,102.302508,631.241533,-18.249793,625.746738,-138.307648,620.996663,59.960811,0.010488,1,0
29.167000,-56.198739,207062.114103,-176.258296,204106.682226,63.724165,205231.513725,101.759594,621.188651,-18.447912,629.568116,-138.366935,624.223609,59.961264,0.012479,1,0
29.200000,-56.238626,205392.671379,-176.403147,203985.596477,63.709127,205110.758870,101.710894,626.508642,-18.384310,622.712777,-138.291707,620.383975,59.976676,-0.007941,1,0
29.233000,-56.132343,207908.901699,-176.381984,207480.696027,63.670703,205350.971633,101.643489,620.946746,-18.337459,623.391916,-138.889982,623.885337,59.976125,0.014645,1,0
29.267000,-56.377873,207334.888978,-176.269331,205581.890062,63.843844,207166.943315,101.670191,622.011249,-18.637955,622.734368,-138.114925,618.583932,59.970750,0.005961,1,0
29.300000,-56.510671,205053.062199,-176.322202,206948.655211,63.633353,205784.775798,101.203184,628.614247,-18.484604,625.483694,-138.110417,621.738922,59.971596,0.001370,1,0
29.333000,-56.282544,205240.544846,-176.338945,205302.852461,63.668157,204787.956648,102.102169,627.366113,-18.063815,628.398701,-138.115626,620.293996,59.957109,-0.001776,1,0
29.367000,-56.428710,207023.327840,-176.462052,206207.537367,63.510333,207178.110565,101.606306,625.973341,-18.330395,625.250218,-138.491931,626.779227,59.968631,0.001130,1,0
29.400000,-56.280280,207853.531930,-176.402815,204344.658522,63.646278,207808.484403,101.873058,628.624954,-17.903266,625.035043,-138.439181,628.115964,59.963554,-0.000838,1,0
29.433000,-56.401803,206540.710234,-176.296276,204925.024390,63.556862,206938.801186,101.598033,623.191537,-18.332581,620.863372,-138.281996,619.946992,59.958493,0.000048,1,0
29.467000,-56.228792,207383.731469,-176.515591,206371.247870,63.612723,207754.318085,101.836016,619.570300,-18.769127,629.035228,-138.235648,624.190944,59.962464,0.005169,1,0
29.500000,-56.426874,207702.314943,-176.374041,208491.415613,63.691154,207042.074213,101.382021,624.200054,-18.463019,621.724311,-138.131188,621.631751,59.964436,0.003123,1,0
29.533000,-56.352307,207639.154170,-176.315415,204264.072218,63.601399,207567.266684,101.649200,617.839400,-18.159853,630.498622,-138.666575,619.144296,59.964262,0.008773,1,0
29.567000,-56.502198,206026.610557,-176.288503,206436.467436,63.593390,205268.270632,101.314612,625.262127,-18.163577,623.525660,-138.422759,623.197749,59.970154,0.009019,1,0
29.600000,-56.308006,207115.486134,-176.475195,207651.611053,63.694434,207439.418860,101.358676,622.853592,-18.828094,631.311219,-138.265325,621.129782,59.962908,0.001087,1,0
29.633000,-56.518957,205067.700098,-176.454094,207221.656683,63.734445,207335.862527,101.336646,622.309582,-18.178975,619.008033,-138.282016,619.610630,59.960372,0.011263,1,0
29.667000,-56.529519,204582.675663,-176.444912,207394.429710,63.695423,207448.363463,101.296338,628.762023,-18.645665,632.535678,-138.455266,627.228042,59.965924,-0.001924,1,0
29.700000,-56.396407,208151.592720,-176.662068,205967.702822,63.589462,207573.686661,101.852973,619.265005,-18.612172,626.385716,-138.272891,623.102707,59.951826,-0.015603,1,0
29.733000,-56.420331,205372.040076,-176.352062,205981.204351,63.556723,206994.860825,101.668852,630.771053,-18.311862,627.410441,-138.386506,620.475907,59.965305,0.011095,1,0
29.767000,-56.351276,206369.398280,-176.508406,208149.528504,63.465726,206058.293183,101.873575,632.685928,-18.846683,622.691480,-138.461598,627.360246,59.958771,-0.001348,1,0
29.800000,-56.520939,206661.703803,-176.405500,204933.130654,63.534519,207510.794753,101.461737,627.266307,-18.760195,624.079531,-138.754891,632.114571,59.952498,-0.012350,1,0
29.833000,-56.578631,206591.801420,-176.571077,207018.882182,63.592803,207916.379452,101.905007,630.836491,-18.647411,626.488052,-138.389681,621.501071,59.948098,-0.003995,1,0
29.867000,-56.408596,204491.768362,-176.465456,205089.886906,63.588937,207232.892543,101.499367,620.444403,-18.415582,632.526516,-138.164329,626.775863,59.963974,-0.002372,1,0
29.900000,-56.257724,205176.088019,-176.544883,205859.923381,63.582058,206110.297568,101.597908,624.645152,-18.502025,618.637404,-138.406993,631.450270,59.952717,-0.005386,1,0
29.933000,-56.504652,205851.158246,-176.511972,206616.535745,63.503482,205677.275173,101.395578,620.808814,-18.286030,620.606398,-138.313601,622.259585,59.957485,-0.003503,1,0
29.967000,-56.492441,207037.152224,-176.457059,207302.985792,63.672966,206170.784329,101.435248,624.577100,-18.247124,624.535587,-138.359388,626.373907,59.954186,-0.013015,1,0
30.000000,-56.330179,205136.474229,-176.413063,206081.876500,63.609079,206163.430657,101.530206,623.282051,-18.451860,616.400359,-138.563002,625.838680,59.949982,-0.005148,1,0
