TIMESTAMP,BUS39_VA_ANG,BUS39_VA_MAG,BUS39_VB_ANG,BUS39_VB_MAG,BUS39_VC_ANG,BUS39_VC_MAG,BUS39_IA_ANG,BUS39_IA_MAG,BUS39_IB_ANG,BUS39_IB_MAG,BUS39_IC_ANG,BUS39_IC_MAG,BUS39_Freq,BUS39_ROCOF,DATA_PRESENT,Event
0.000000,-60.266561,205563.993888,179.803440,207625.432509,59.857692,206020.577331,98.011298,236.664802,-21.934211,236.184091,-142.357394,237.349618,59.967601,-0.001729,1,0
0.033000,-60.318069,205825.627820,179.572739,207311.167043,59.656508,206425.684565,98.039921,236.063889,-22.380277,237.661725,-142.318485,236.733103,59.971108,0.003742,1,0
0.067000,-60.534377,205308.598584,179.578732,207080.506729,59.737880,206044.458335,97.133177,238.323751,-22.471569,237.436927,-142.164048,236.164912,59.975870,-0.011368,1,0
0.100000,-60.376845,206191.638006,179.823735,205359.562368,59.862080,204916.064787,97.496614,237.298125,-22.122148,237.769923,-141.889964,236.323672,59.969211,-0.001629,1,0
0.133000,-60.456446,204664.588743,179.626773,205601.139314,59.637633,205523.643904,97.537115,239.018874,-22.398447,237.259168,-142.359667,240.390186,59.975234,0.005807,1,0
0.167000,-60.243138,207420.624383,179.770343,206772.665687,59.550135,206471.806364,97.946563,236.128225,-21.964569,237.026133,-142.611772,235.945788,59.972757,0.005830,1,0
0.200000,-60.292311,206016.828226,179.469140,204722.756753,59.623108,204868.102059,97.638830,235.622114,-22.273272,238.881491,-142.396348,234.580423,59.976011,-0.002731,1,0
0.233000,-60.448647,205785.438912,179.761029,206258.224480,59.656737,205644.432055,97.310383,233.936876,-22.393861,238.050508,-142.524624,238.495651,59.968912,-0.013675,1,0
0.267000,-60.543744,205512.915027,179.606770,204077.677941,59.823790,206687.745892,97.776837,236.976952,-22.456355,237.922594,-142.297380,235.921032,59.967126,-0.007265,1,0
0.300000,-60.381527,205206.677956,179.606336,204301.448587,59.511327,206462.191269,97.712866,238.122091,-22.181688,236.058410,-142.421302,238.786637,59.966217,0.007147,1,0
0.333000,-60.228378,204728.038682,179.390931,205188.507726,59.589718,204720.726413,97.372313,238.566747,-22.640800,236.973276,-142.072970,238.074259,59.963702,-0.006186,1,0
0.367000,-60.375841,206827.236655,179.729849,205621.654107,59.478975,206110.426907,97.543352,239.385171,-22.149482,239.250118,-142.239913,239.986866,59.970282,0.007749,1,0
0.400000,-60.239892,206613.127695,179.825190,205852.514886,59.744406,205555.119064,97.699939,237.224120,-22.047237,241.529972,-142.277284,237.480692,59.970468,-0.015620,1,0
0.433000,-60.262051,205004.868922,179.619486,206798.422957,59.661370,203814.753120,97.553932,238.945149,-22.460116,238.317912,-142.441613,239.161777,59.962014,-0.007125,1,0
0.467000,-60.220014,205097.892717,179.735563,204134.848013,59.643566,205394.872639,97.757927,240.595948,-22.289495,240.713158,-142.217782,239.789330,59.967890,0.000103,1,0
0.500000,-60.367763,205450.966835,179.592804,207429.176149,59.612886,205336.782069,97.587570,240.854445,-22.410174,242.432175,-142.451218,238.359147,59.957289,-0.001332,1,0
0.533000,-60.283826,204705.022940,179.390696,206033.890997,59.628977,206526.617264,97.811013,240.805608,-22.626451,239.660972,-142.319662,238.744368,59.963409,0.005963,1,0
0.567000,-60.363055,205787.550307,179.437067,205592.229842,59.620474,205510.672649,97.805121,235.579996,-22.463822,239.242168,-142.160712,238.588722,59.965058,0.004237,1,0
0.600000,-60.274934,204665.494149,179.444740,203956.386552,59.611079,204714.726150,97.756832,238.535386,-22.568221,238.022193,-142.199445,241.223007,59.969367,0.004337,1,0
0.633000,-60.546462,206303.092225,179.707440,205747.140998,59.636109,205063.560804,97.421593,239.127070,-22.236620,239.079886,-142.544027,238.835750,59.966262,0.001526,1,0
0.667000,-60.322857,206712.088172,179.671512,205428.571203,59.739997,208083.666960,97.475694,239.177829,-22.288378,237.577055,-142.246179,236.843891,59.968100,0.002751,1,0
0.700000,-60.523939,205237.109230,179.691703,206189.366746,59.623523,206225.950815,97.546337,237.154294,-22.567670,238.025603,-142.367032,237.633019,59.956727,0.015740,1,0
0.733000,-60.336505,204412.767191,179.575579,205914.075729,59.410861,207257.504488,97.880270,239.231937,-22.569673,238.987080,-142.439983,237.879200,59.959727,0.012802,1,0
0.767000,-60.382454,205767.801370,179.704083,207378.415509,59.557929,204204.801616,97.534540,237.924285,-22.250895,237.545486,-142.512618,238.018915,59.961742,0.003880,1,0
0.800000,-60.558630,207182.522532,179.670928,204362.017076,59.596314,206021.991474,97.307931,238.210024,-22.263551,236.940818,-142.205487,238.324197,59.965246,0.001079,1,0
0.833000,-60.316870,204793.443412,179.600397,205128.461886,59.567242,206469.317133,97.450896,238.494080,-22.178928,239.291267,-142.744564,241.655984,59.968386,-0.002495,1,0
0.867000,-60.187637,204739.602413,179.590443,205521.382198,59.670265,204760.381232,97.634059,241.779731,-22.299285,238.405206,-142.490441,240.308954,59.964589,-0.000956,1,0
0.900000,-60.583239,205052.275748,179.746680,206316.899665,59.675505,206740.402072,97.454727,242.750937,-22.117849,241.686503,-142.054404,239.645905,59.958607,0.000696,1,0
0.933000,-60.431713,205812.400249,179.488459,206202.420626,59.837458,206036.102764,97.525693,241.299783,-22.427830,240.194416,-142.422056,238.200485,59.972556,0.001525,1,0
0.967000,-60.533210,205844.442914,179.441896,205764.109860,59.586540,206038.830937,97.853299,243.328631,-22.447920,240.719885,-142.190753,243.691713,59.967040,-0.012179,1,0
1.000000,-60.401995,204638.783685,179.750243,203929.950239,59.543874,205436.988806,97.385420,240.147692,-22.100087,241.499681,-142.503906,240.878810,59.967434,0.011627,1,0
1.033000,-60.230601,203058.227606,179.643650,204928.507170,59.739722,204976.320795,97.954416,241.736550,-22.285221,242.147677,-142.107612,244.277894,59.968552,-0.002450,1,0
1.067000,-60.349161,205085.328388,179.363341,207209.147367,59.684182,205107.309458,97.570542,241.572227,-22.582669,241.917239,-142.412910,241.803687,59.964740,0.002332,1,0
1.100000,-60.357663,206075.488626,179.700002,205911.688602,59.623862,205112.521387,97.681581,241.668175,-22.288623,242.964657,-142.239575,241.408286,59.973319,-0.006780,1,0
1.133000,-60.119486,205472.636803,179.555905,205692.429652,59.736787,204518.779599,97.975540,241.235516,-22.641288,242.235689,-142.349042,238.776904,59.963999,0.001069,1,0
1.167000,-60.263709,204693.793133,179.542176,205740.276677,59.536597,205386.946118,97.800672,242.446312,-22.148408,241.512144,-142.683623,239.715764,59.966619,-0.005582,1,0
1.200000,-60.215133,204405.672136,179.689061,205176.884206,59.718941,205469.596176,97.825975,241.037700,-22.230659,239.776177,-142.146830,243.162037,59.972070,0.012743,1,0
1.233000,-60.256805,206262.531840,179.588986,206448.439470,59.702400,205226.228784,97.690395,242.074664,-22.720044,241.183357,-142.161158,242.119623,59.963101,-0.006496,1,0
1.267000,-60.144683,206799.819275,179.626543,206314.253929,59.662619,205810.751881,97.630139,239.743489,-22.065774,241.861223,-142.099774,242.097322,59.969156,-0.008788,1,0
1.300000,-60.257563,205980.307005,179.494159,207368.062136,59.722507,205513.262673,97.394920,240.342949,-22.391748,243.564464,-142.113359,242.480900,59.959498,0.000076,1,0
1.333000,-60.213474,203836.345209,179.743792,206319.926477,59.688048,206303.184072,97.901988,242.460423,-22.241507,243.617765,-142.636790,244.436089,59.956366,-0.000134,1,0
1.367000,-60.230485,206108.676688,179.763014,206056.712137,59.814461,204808.514111,97.802456,238.962273,-22.381981,239.470119,-142.338268,242.413728,59.971194,-0.008712,1,0
1.400000,-60.254420,206672.254007,-179.993879,206084.061951,59.897543,207500.663752,97.572335,240.723906,-21.885678,240.699221,-142.253521,243.487029,59.966911,0.002892,1,0
1.433000,-60.239804,207345.618351,179.750945,204425.322508,59.720081,205631.949273,97.659765,240.832776,-22.072476,240.230736,-141.970069,240.526717,59.966280,-0.007307,1,0
1.467000,-60.095538,205002.600523,179.740498,207097.413651,59.667737,205967.800496,98.107631,242.763633,-22.183678,240.295370,-142.377954,241.618120,59.959356,-0.012173,1,0
1.500000,-60.267831,205369.524714,179.726828,204245.971820,60.023016,206856.171468,97.555839,240.717571,-22.164102,241.240826,-141.973477,238.707084,59.966316,-0.012270,1,0
1.533000,-60.146442,205722.989737,179.806468,206654.682566,59.736788,205475.025373,97.917924,238.356924,-21.972825,238.359424,-142.053254,241.379641,59.957111,0.013587,1,0
1.567000,-60.169173,204660.809643,179.604347,205654.803669,59.810076,205640.509210,97.763303,240.557146,-22.320481,239.242573,-142.156798,241.003138,59.965011,0.004661,1,0
1.600000,-60.320593,206250.284108,179.948010,206480.601957,59.752625,207812.464752,97.834577,242.170534,-22.245419,240.985900,-142.079185,241.966070,59.960136,-0.001183,1,0
1.633000,-60.181243,205387.066488,179.806382,207488.317479,59.774976,206208.215409,97.881185,241.650764,-22.035564,241.744047,-142.213583,239.429766,59.959857,-0.009178,1,0
1.667000,-60.101799,206075.478352,179.668050,205119.132222,59.889936,204092.926609,97.718779,242.095495,-22.248798,239.863694,-142.000029,239.585501,59.970711,0.013576,1,0
1.700000,-60.207086,205723.640902,179.715511,205886.849317,59.761806,205424.793969,98.017357,240.696345,-21.902265,240.750498,-142.338157,244.811984,59.960669,-0.006641,1,0
1.733000,-60.043268,206589.232427,179.667981,205147.877406,59.826940,206597.539962,97.937405,242.533224,-22.619137,241.527226,-142.209236,244.150596,59.966369,0.005299,1,0
1.767000,-60.207051,204225.061830,179.847798,205928.579434,59.909482,205777.025238,97.812957,243.077866,-22.117457,241.940470,-142.100074,241.930250,59.966578,-0.004631,1,0
1.800000,-60.043217,205956.868212,179.716981,205434.490065,59.840132,204516.190296,97.873059,240.649764,-22.421233,241.882298,-142.116031,240.048328,59.968264,0.002701,1,0
1.833000,-60.364628,205800.205941,179.659959,207019.198436,59.934316,206253.362262,97.457127,244.303103,-22.560577,242.574599,-142.064365,242.304264,59.961680,0.006767,1,0
1.867000,-60.053996,205772.308475,179.723453,206308.560842,59.877498,204949.371973,97.922433,241.440275,-22.390746,241.643598,-142.218251,241.034150,59.962692,0.000950,1,0
1.900000,-60.214085,206453.850075,179.889058,206610.660064,59.993133,206137.563833,97.800946,242.640764,-21.991872,242.854651,-141.679441,243.578428,59.963219,0.008660,1,0
1.933000,-60.106105,205078.140074,179.740179,205046.262038,59.909803,205342.081069,97.831753,242.642656,-22.065569,244.602789,-141.998949,242.471799,59.964297,0.006139,1,0
1.967000,-60.245703,206098.513258,179.873230,205474.927077,59.822822,205726.085847,97.684127,240.266487,-21.986951,241.089236,-142.054595,244.281484,59.960241,0.007111,1,0
2.000000,-60.177304,204056.553996,179.957075,205628.478913,59.752018,204979.385287,97.536347,239.125038,-22.072965,241.296632,-142.238584,243.984232,59.961958,-0.006690,1,0
2.033000,-60.364081,206858.226820,179.577543,205675.045256,59.807412,205803.333887,97.606401,241.562910,-22.737346,240.135853,-141.947587,242.866485,59.964956,0.003181,1,0
2.067000,-60.257030,205780.244269,179.865231,205420.309433,59.762750,206416.682215,97.984348,243.064506,-21.922155,240.869987,-142.063773,242.197362,59.966276,-0.010451,1,0
2.100000,-60.025078,205553.685282,179.706385,207307.678645,59.913304,205919.994231,97.833473,240.205275,-22.120930,240.778506,-141.680627,242.195578,59.962610,0.005643,1,0
2.133000,-60.173760,204770.709329,179.693872,205982.608218,59.617288,206920.697778,97.600174,241.565157,-22.351172,241.556656,-142.319135,243.083949,59.967662,-0.001452,1,0
2.167000,-60.360346,206576.585486,179.695888,204340.352234,59.647213,205388.991955,97.633399,242.938213,-22.379843,242.027685,-142.410380,240.108805,59.970688,-0.007539,1,0
2.200000,-60.229571,205843.556927,179.793484,204242.104452,59.780470,205017.051473,98.007976,242.492957,-22.405332,240.810344,-142.346604,242.257787,59.969054,0.008023,1,0
2.233000,-60.144338,206380.234006,179.713454,204649.625768,59.620847,205794.618995,97.552240,241.387756,-21.972416,241.668695,-142.454920,242.619179,59.964152,-0.008225,1,0
2.267000,-60.308676,205351.162846,179.694980,205600.413540,59.798796,205073.388738,97.963393,242.287712,-22.361027,239.799267,-142.404649,241.177333,59.965567,-0.002876,1,0
2.300000,-60.219030,204353.751671,179.897996,205329.905841,59.663214,206717.537051,97.970942,242.470505,-21.827261,242.495989,-142.229014,245.593559,59.960684,0.004862,1,0
2.333000,-60.216150,203862.284470,179.937492,205038.470670,59.563796,206385.381730,97.891044,242.148813,-21.862514,242.988284,-142.594791,245.191744,59.961651,0.010302,1,0
2.367000,-60.360904,204723.948437,179.622383,204701.787314,59.556190,204639.294750,97.888033,241.534980,-22.478038,242.155662,-142.555646,241.815471,59.970233,0.004095,1,0
2.400000,-60.307438,205993.047289,179.611503,204787.249933,59.698321,206541.912137,97.710113,238.850819,-22.352969,242.322840,-142.400564,242.322134,59.969181,-0.001758,1,0
2.433000,-60.419863,205164.131771,179.542429,205223.684195,59.510176,205115.838558,97.624516,244.605346,-22.460932,243.695151,-142.693736,246.224655,59.972184,0.008355,1,0
2.467000,-60.269482,204214.854926,179.637977,206309.388507,59.861942,205684.278432,97.321888,243.359497,-22.727946,245.616220,-142.098534,243.095379,59.963502,0.008919,1,0
2.500000,-60.171174,207534.839023,179.670244,204917.250039,59.863767,204188.794017,97.561392,245.802094,-22.278569,243.157762,-142.303103,246.823360,59.973443,-0.009206,1,0
2.533000,-60.204878,205432.994151,179.570082,206318.319749,59.769353,204704.256985,97.790080,243.346095,-22.052130,247.106765,-142.217407,242.257832,59.959499,-0.001620,1,0
2.567000,-60.312784,206320.425403,179.756082,205813.663102,59.728843,204529.973709,97.723998,245.578207,-22.551534,246.955598,-142.217841,244.140891,59.969928,-0.010855,1,0
2.600000,-60.163608,205965.031435,179.854514,204586.100853,59.911805,205238.271994,97.399357,243.930214,-22.232981,242.487917,-141.869104,244.209327,59.964101,0.002115,1,0
2.633000,-60.151457,204488.484621,179.761126,205244.006935,59.683283,206078.263246,97.855605,242.692179,-22.433050,242.169378,-142.312881,241.661958,59.966831,0.004633,1,0
2.667000,-60.208394,206624.332817,179.924143,204692.796161,59.702684,205420.993191,97.723687,243.301476,-22.167042,244.829859,-142.175538,243.084117,59.962292,-0.008300,1,0
2.700000,-60.189380,206050.021330,179.731173,203678.858251,59.747399,204621.019785,97.733869,241.817735,-22.302043,243.697897,-142.330604,241.072629,59.966976,-0.005414,1,0
2.733000,-60.277905,205791.401064,179.796745,205528.244669,59.769130,205401.337097,97.765290,242.704875,-22.489221,240.289856,-141.962808,240.819222,59.966573,0.003849,1,0
2.767000,-60.463239,206517.111607,179.640511,204826.156623,59.780651,204047.986067,97.520275,241.301149,-22.477378,243.567583,-142.069433,243.817107,59.969798,-0.012289,1,0
2.800000,-60.293821,204760.073946,179.649067,207041.376799,59.565770,205590.321992,97.584728,241.450678,-22.204758,241.829350,-142.719458,242.519571,59.970093,0.004974,1,0
2.833000,-60.300667,205456.326437,179.818511,205005.290818,59.627991,204982.901040,97.613996,241.119897,-21.898830,242.466039,-142.014643,242.713976,59.966445,-0.001362,1,0
2.867000,-60.382675,203624.257378,179.675635,202585.223578,59.822949,204944.185417,97.796634,241.938340,-22.314937,242.236571,-142.326625,243.863843,59.974399,-0.007465,1,0
2.900000,-60.191969,204800.216747,179.769394,203107.747038,60.029170,205990.121146,97.775680,243.915724,-22.149699,241.995659,-142.008079,241.221899,59.972407,-0.000101,1,0
2.933000,-60.370015,204717.635306,179.610199,206735.592359,59.954107,205583.567093,97.463712,239.895356,-22.248510,242.747799,-141.907282,241.980917,59.963206,0.004999,1,0
2.967000,-60.243588,205937.730138,179.943629,205812.170463,59.740316,206937.025215,97.644143,242.790624,-21.950491,241.144966,-141.950207,243.224052,59.966640,0.004676,1,0
3.000000,-60.272007,205695.819642,179.758615,205673.596545,59.533544,205091.629853,97.857793,242.639148,-22.313186,243.545108,-142.253576,241.405535,59.964676,0.006405,1,0
3.033000,-60.362163,206332.779674,179.717655,204818.118343,59.705274,206009.147318,97.909058,242.709553,-22.235537,240.755631,-142.363985,239.732866,59.963023,0.008854,1,0
3.067000,-60.157086,205986.604001,179.672809,203908.298631,59.968759,203983.180062,97.942739,241.385939,-22.226257,243.250094,-142.073986,241.651534,59.959911,-0.010075,1,0
3.100000,-60.241528,204347.127121,179.812526,205294.603448,59.971171,206148.777994,97.524109,242.686087,-22.284140,241.961670,-141.723833,243.258099,59.956422,0.000092,1,0
3.133000,-60.262607,204447.492302,179.865193,207376.584943,59.760795,205493.886186,97.900576,243.732965,-22.080564,241.754346,-142.302621,243.605426,59.954016,0.015423,1,0
3.167000,-59.972160,205312.681221,179.874380,205943.033427,59.815132,206884.578189,98.163152,242.543836,-22.043478,242.017365,-142.149099,242.413672,59.960775,-0.002235,1,0
3.200000,-60.127318,205989.532833,179.673454,204831.955985,59.768389,204969.824315,97.700101,242.540807,-22.286226,241.288482,-142.166464,241.097757,59.963118,0.000793,1,0
3.233000,-60.237368,206017.927859,179.788282,204615.781219,59.732820,206902.301338,97.511554,239.299763,-22.386622,241.230144,-142.232388,241.434285,59.956797,0.004341,1,0
3.267000,-60.118444,205745.959942,179.591870,205021.823129,59.854037,203555.651305,97.997644,241.421225,-22.822415,240.055405,-142.031394,240.273707,59.966473,0.008373,1,0
3.300000,-60.237310,204290.867534,179.853454,204410.832115,59.767111,203551.540578,97.924865,240.134239,-22.256542,242.302738,-142.241077,238.821970,59.965248,0.002221,1,0
3.333000,-60.262422,207284.633008,179.686958,204992.474663,59.789508,205439.601489,97.848774,240.851702,-22.533100,242.984066,-142.415633,241.023204,59.959328,0.000147,1,0
3.367000,-60.311318,203587.731874,179.791587,204927.834650,59.707308,206401.793961,97.658108,241.811892,-22.342783,239.716261,-142.788921,240.998584,59.963086,-0.004850,1,0
3.400000,-60.206231,205016.389891,179.624581,204086.380279,59.718950,205222.405907,98.275281,240.829347,-22.595611,237.101384,-142.430169,240.552430,59.956524,-0.002081,1,0
3.433000,-60.223163,205599.856265,179.781170,204494.389967,59.802326,204580.091617,97.712619,241.935900,-22.108652,239.716693,-142.503801,239.721814,59.958253,-0.001785,1,0
3.467000,-60.209342,204662.014609,179.708624,207117.491526,59.782006,205466.823009,98.045826,239.257227,-22.351865,241.444675,-142.103469,240.658706,59.955307,-0.003384,1,0
3.500000,-60.286312,204541.925233,179.868882,203113.809136,59.743764,205679.293797,97.871549,239.866456,-22.092320,241.582739,-142.364637,240.103331,59.953633,0.000975,1,0
3.533000,-60.323627,203839.598083,179.732996,205055.924482,59.624774,206323.720403,97.527471,240.177766,-22.090674,242.367436,-142.495189,241.831117,59.951587,-0.002421,1,0
3.567000,-60.209083,203638.641586,179.813592,204726.081161,59.679593,206712.393155,97.622757,239.011327,-22.074268,240.103553,-142.192912,241.366253,59.956714,0.007270,1,0
3.600000,-60.224764,203405.166435,179.799009,204765.698773,59.703806,204647.109240,97.791732,240.491982,-22.042921,238.910775,-142.121617,243.379108,59.946130,0.004463,1,0
3.633000,-60.191054,202937.508882,179.665204,205280.900011,59.648069,205078.009217,98.112059,241.099531,-22.124450,243.004018,-142.292159,240.858168,59.950084,0.008337,1,0
3.667000,-60.160339,204904.924302,179.861993,204261.722018,59.709206,204563.900820,97.785853,240.659339,-22.378727,239.442345,-142.361547,239.918308,59.951748,0.008030,1,0
3.700000,-60.042592,204160.162065,179.800482,203353.613562,59.825924,205397.527877,98.051310,240.246578,-21.928073,241.415300,-142.117504,244.145506,59.953552,0.002314,1,0
3.733000,-60.315716,205292.512178,179.655172,204461.495624,59.766047,204450.069752,97.592196,239.746396,-22.556419,241.893204,-142.243744,242.852765,59.947522,-0.007855,1,0
3.767000,-60.249431,204102.329443,179.699619,203478.484370,59.796562,204949.228438,97.836972,239.901483,-22.284273,240.026091,-142.091600,241.582263,59.949368,0.008402,1,0
3.800000,-60.128016,206075.850073,179.683496,203535.499709,59.787711,203907.948301,97.883023,241.321359,-22.215703,243.360915,-142.412449,241.761253,59.940553,-0.006120,1,0
3.833000,-60.242260,203670.712153,179.577878,206246.193083,59.748374,203899.726344,97.737371,243.028422,-22.977216,240.985516,-142.412070,241.330355,59.953028,-0.002280,1,0
3.867000,-60.320634,205648.504321,179.913367,205261.141956,59.660088,205666.712510,97.598910,240.530946,-22.061672,240.395078,-142.257585,241.040571,59.948966,-0.001461,1,0
3.900000,-60.335361,206586.789375,179.485882,204560.463831,59.812876,204849.699816,97.920577,240.051901,-22.521368,241.790857,-142.336643,241.795505,59.944230,0.002944,1,0
3.933000,-60.462446,206525.492973,179.994620,204828.465884,59.717276,204428.688788,97.295431,239.257241,-22.058792,239.912274,-142.079366,238.800994,59.947736,0.003339,1,0
3.967000,-60.277084,205850.220897,179.780152,205519.353701,59.693569,205401.393051,97.344322,240.516156,-22.207312,241.240278,-142.399341,242.499604,59.941854,0.002207,1,0
4.000000,-60.425661,203895.652463,179.612083,204150.514218,59.528594,206884.039273,97.456172,239.277382,-22.177293,238.774382,-142.605095,239.719501,59.948271,-0.000454,1,0
4.033000,-60.394470,204007.534965,179.629862,205349.987355,59.726770,206127.429798,97.460745,239.928810,-22.567437,236.931910,-142.471876,240.389977,59.950257,-0.009441,1,0
4.067000,-60.211811,205559.788227,179.916448,204452.558344,59.582808,204410.863268,98.016731,238.800704,-21.910283,240.301062,-142.721632,240.852764,59.947351,-0.000192,1,0
4.100000,-60.210441,205255.166720,179.621953,204250.304295,59.886861,205867.612996,97.564872,240.543756,-22.147085,240.093494,-141.660731,239.438353,59.939824,-0.002960,1,0
4.133000,-60.187151,205904.144165,179.822197,205656.400954,59.631259,205716.793806,97.868599,239.714406,-21.966753,239.387984,-142.249598,239.361431,59.948732,0.001394,1,0
4.167000,-60.348276,204464.034086,179.799822,204287.868931,59.799136,204356.782564,97.871124,238.799115,-22.252785,238.644308,-142.028247,237.669999,59.941417,0.004209,1,0
4.200000,-60.228076,204165.690689,179.730679,204858.829470,59.690977,206378.930149,97.851958,240.451617,-22.472498,237.232065,-142.301381,237.719359,59.954545,-0.010243,1,0
4.233000,-60.298360,204543.746145,179.707208,204165.870283,59.853169,206475.840515,97.547592,238.479434,-22.247554,240.594720,-141.804727,239.493644,59.944823,-0.000454,1,0
4.267000,-60.056512,206801.874043,179.849596,203996.898595,59.584089,204525.786162,97.988487,237.695744,-22.327400,238.607176,-142.629148,239.342514,59.951109,-0.002391,1,0
4.300000,-60.360282,205018.994680,179.831471,206047.498832,59.728761,203862.826875,97.763674,239.964811,-22.007539,237.009750,-142.121300,237.729273,59.944841,0.006218,1,0
4.333000,-60.146620,206637.332291,179.819551,203101.053022,59.565782,204135.369855,98.054810,237.234058,-22.141318,240.981239,-142.396089,237.812081,59.953154,-0.002984,1,0
4.367000,-60.280067,203968.080572,179.756181,203251.413427,59.571828,204528.348647,97.795382,235.880500,-22.459089,238.720324,-142.439554,239.070546,59.943476,-0.002407,1,0
4.400000,-60.302233,204270.288224,179.719746,204050.520437,59.702744,203532.082091,97.540508,238.410602,-22.164272,239.963857,-142.378863,239.838634,59.956443,-0.004926,1,0
4.433000,-60.160367,205272.971258,179.572565,204569.588050,59.680559,206449.468935,97.730785,239.105195,-22.327365,239.744058,-142.407589,239.921390,59.946982,-0.008298,1,0
4.467000,-60.337272,204742.315603,179.723192,205048.782446,59.572915,205929.542692,97.402090,237.293693,-22.157830,237.989905,-142.539254,238.926447,59.949590,0.002428,1,0
4.500000,-60.195711,207008.558908,179.817114,204347.749713,59.941466,204728.246606,97.629554,240.493129,-22.176237,239.698803,-141.792092,238.838954,59.960046,-0.000759,1,0
4.533000,-60.382371,204806.956271,179.781561,203916.205350,59.784987,204027.808996,97.575365,237.884256,-22.207070,237.254703,-142.155852,238.320658,59.956272,-0.004313,1,0
4.567000,-60.235533,205239.148059,179.861936,206746.404375,59.755854,206142.759747,97.747291,237.632966,-22.003287,237.557491,-142.313241,236.786205,59.955351,0.006271,1,0
4.600000,-60.197753,204727.004352,179.683203,206334.830772,59.730086,205255.250460,97.616727,238.711434,-22.066262,238.131887,-142.298340,237.714816,59.962674,-0.007831,1,0
4.633000,-60.142225,203810.605628,179.791329,204968.163202,59.790161,206012.980920,97.664299,235.784090,-22.159070,238.803506,-142.117740,237.782038,59.953381,0.007675,1,0
4.667000,-60.301219,204731.952772,179.748458,207562.584658,59.917275,205111.716411,97.869095,237.145466,-22.516445,240.222852,-142.073154,240.294099,59.952909,0.003452,1,0
4.700000,-60.449096,204432.539578,179.600542,205507.427443,59.835392,205175.054572,97.602670,239.067442,-22.385058,238.555843,-141.992181,236.644818,59.960655,-0.000809,1,0
4.733000,-60.193362,205490.752117,179.735471,205962.845339,59.761874,204452.374484,97.663659,236.238706,-22.097873,239.594595,-142.647612,236.740542,59.955171,-0.000882,1,0
4.767000,-60.375159,205551.248530,179.768158,205882.704270,59.573934,205585.299105,97.704439,239.396989,-22.340841,236.624673,-142.194709,240.368879,59.961343,-0.003286,1,0
4.800000,-60.077625,205518.081316,179.643218,205311.316575,59.971062,205549.259149,97.736461,239.072144,-22.429383,238.165559,-141.750332,240.389858,59.952882,0.016615,1,0
4.833000,-60.241986,205556.823528,179.644115,206901.855536,59.687260,204369.238927,97.825838,239.595427,-22.181810,240.178965,-142.217613,241.504740,59.954397,0.003894,1,0
4.867000,-60.143409,204428.714313,179.784594,204702.787809,59.896392,205512.976316,97.863147,239.547821,-22.309011,238.750903,-141.931325,239.379247,59.956037,0.008065,1,0
4.900000,-60.142802,205190.470793,179.771159,205578.069831,59.748165,205070.646725,98.098827,240.981617,-21.997108,241.381525,-142.149510,241.650290,59.955840,0.003895,1,0
4.933000,-60.154320,204674.259480,179.826244,206338.860846,59.869149,206634.997138,97.817405,238.974207,-22.081379,241.252083,-141.925132,241.149145,59.949666,0.000504,1,0
4.967000,-60.211037,204915.931613,179.977675,204932.912887,59.555684,206304.647974,97.485200,241.440936,-21.937630,240.958678,-142.361541,239.447389,59.955870,0.000851,1,0
5.000000,-60.300883,205981.784790,179.665180,205973.841783,59.793765,205079.854412,97.806225,243.640217,-22.880708,241.119592,-141.730134,240.035096,59.947823,-0.010592,1,0
5.033000,-60.127065,205064.530724,179.773472,205523.772014,59.668052,204775.515214,97.764340,239.753524,-22.016687,240.644381,-142.466899,241.725395,59.955845,-0.008290,1,0
5.067000,-60.195848,206493.510711,179.697229,205483.623290,59.573267,204904.301817,97.537356,242.285556,-22.114284,242.583208,-142.368510,242.095816,59.954264,0.011868,1,0
5.100000,-60.223577,207526.777213,179.695247,205935.283169,59.675223,206806.764774,97.874265,242.764038,-22.319733,241.930976,-142.254970,241.792097,59.960591,-0.003271,1,0
5.133000,-60.412587,204762.946649,179.710084,206455.311690,59.736450,207505.482492,97.604302,241.986802,-22.309766,243.757596,-142.339953,242.483331,59.956651,0.001950,1,0
5.167000,-60.157530,205928.970741,179.822680,204644.127939,59.659375,205452.095345,97.799026,244.711324,-22.123664,242.968775,-142.564193,242.605398,59.955186,-0.004805,1,0
5.200000,-60.196436,205522.025399,179.592071,203404.554985,59.897585,206950.014421,97.786606,243.901739,-22.622190,240.130279,-142.216892,240.884562,59.957777,-0.003601,1,0
5.233000,-60.382612,206621.907304,179.523901,206151.389872,59.632965,204972.025191,97.579927,239.191063,-22.101994,242.813406,-142.604232,240.295818,59.960413,-0.014304,1,0
5.267000,-60.292010,204415.203145,179.719106,205919.468589,59.468315,206426.475296,97.649971,244.831067,-22.278427,239.293435,-142.527783,242.081790,59.950586,0.000996,1,0
5.300000,-60.158984,205505.062038,179.786584,204595.084232,59.870518,206748.598450,97.615497,241.789296,-22.114947,245.318996,-142.051125,241.269386,59.952893,0.004871,1,0
5.333000,-60.193258,205256.728699,179.721602,206566.974965,59.729197,204770.541949,97.869997,240.994230,-22.412434,245.639535,-142.200104,245.271496,59.954737,-0.002470,1,0
5.367000,-60.227511,208070.660157,179.623448,205968.330793,59.753364,204314.160561,97.652754,242.717479,-22.277973,244.241344,-142.241759,243.432496,59.956111,0.000313,1,0
5.400000,-60.261739,205522.358081,179.732877,205934.991958,59.753628,206865.910802,97.867106,243.701902,-22.449932,243.365442,-142.226587,240.921571,59.958738,-0.003677,1,0
5.433000,-60.251906,204917.223588,179.776708,206300.296931,59.818277,206579.225598,97.370851,242.456929,-22.329360,245.268327,-142.039738,245.863975,59.956129,0.001157,1,0
5.467000,-60.292190,204953.198398,179.643327,206281.326843,59.770405,205438.590096,97.871726,247.157135,-22.246918,243.562371,-141.944765,245.133567,59.951769,-0.001054,1,0
5.500000,-60.129428,206362.901838,179.622244,205095.514256,59.547037,206745.319004,98.040187,242.718649,-22.274713,243.260291,-142.492042,244.136829,59.957912,0.007373,1,0
5.533000,-60.399526,207373.260502,179.613759,207140.475326,59.937086,206469.021303,97.459848,245.268872,-22.588944,245.774305,-142.103860,243.597955,59.956649,-0.000482,1,0
5.567000,-60.246906,204546.443954,179.677162,205397.745706,59.737204,205082.020717,97.967506,242.950180,-22.595457,245.233716,-142.506807,245.318295,59.953074,0.000144,1,0
5.600000,-60.305680,206892.260084,179.756536,206374.973575,59.551905,205877.817200,97.802748,245.919175,-22.179349,243.785113,-142.277131,245.575089,59.954555,0.001834,1,0
5.633000,-60.410711,207065.956722,179.609888,206494.824047,59.569646,205525.781505,97.711093,243.134959,-22.606032,242.975439,-142.318937,242.541211,59.953470,0.001625,1,0
5.667000,-60.294913,203818.871841,179.920150,205658.762346,59.783299,207769.980281,97.398248,244.175112,-22.213384,240.978602,-142.238044,245.559966,59.946713,0.001587,1,0
5.700000,-60.364489,207438.915668,179.720472,204038.010101,59.725409,204909.865439,97.594237,243.057574,-22.016610,245.241390,-142.052750,243.440731,59.946802,0.013806,1,0
5.733000,-60.369638,205759.604676,179.752859,207203.809276,59.676483,205283.252231,97.639229,245.466436,-22.244792,246.545255,-142.240798,245.240274,59.945880,0.005307,1,0
5.767000,-60.317950,204593.330325,179.739114,206377.211454,59.824181,207140.654892,97.416563,246.085180,-21.909224,245.656513,-142.096351,246.749194,59.943742,-0.006186,1,0
5.800000,-60.202144,205347.517238,179.592603,207146.655904,59.915381,205317.486052,97.582310,245.579906,-22.480778,243.693510,-141.937548,245.672120,59.942293,0.005380,1,0
5.833000,-60.225631,207179.388663,179.747776,203659.130344,59.578641,207725.298862,98.028501,244.977269,-22.564387,244.795092,-142.317685,244.375209,59.949156,0.007601,1,0
5.867000,-60.235308,205873.531142,179.654967,206890.024892,59.844828,206161.911837,97.615974,241.609259,-22.240226,245.412164,-142.015161,246.628129,59.937984,-0.002149,1,0
5.900000,-60.194036,205843.943246,179.864107,206995.451462,59.795901,204942.727245,97.640680,244.047427,-22.217540,245.609990,-142.140043,245.305374,59.935668,0.001666,1,0
5.933000,-60.130067,206031.511623,179.791476,206816.767969,59.720678,205802.164049,98.238124,244.771956,-22.205697,244.845146,-142.720792,245.187680,59.942426,0.002969,1,0
5.967000,-60.266687,207404.030466,179.505972,205622.778149,59.621461,208028.603873,97.782109,245.327094,-22.350502,244.884021,-142.020566,245.514951,59.943232,0.003662,1,0
6.000000,-60.275601,205964.157756,179.729383,207586.932083,59.602913,206725.021711,97.747429,245.085000,-22.551361,246.257063,-142.600716,245.081014,59.935721,0.000727,1,0
6.033000,-60.364319,206432.341380,179.831538,205778.779946,59.686424,208107.662167,97.743200,245.772233,-21.883956,244.228900,-142.148228,245.137467,59.943368,0.002102,1,0
6.067000,-60.549149,204396.122469,179.801858,206124.987375,59.871703,207955.908149,97.504501,245.809823,-21.892406,244.703047,-141.839209,246.455368,59.943749,-0.007549,1,0
6.100000,-60.292663,206271.689651,179.863506,205997.248002,59.698567,206151.166117,97.623004,245.870024,-22.180820,246.275261,-142.175984,246.984651,59.952546,-0.000920,1,0
6.133000,-60.272825,206375.364023,179.703693,206530.197385,59.796359,205384.168034,97.737154,246.225152,-22.005561,245.901794,-142.027981,247.860761,59.953899,-0.015630,1,0
6.167000,-60.278870,206846.713068,179.629666,205755.316306,59.778814,207692.931046,97.647386,246.219318,-22.527432,246.601678,-142.187414,243.501112,59.945967,0.000398,1,0
6.200000,-60.137340,207625.525867,179.565982,207715.349337,59.731982,206210.167724,98.067837,244.469887,-22.776110,246.359381,-142.164259,244.612648,59.945380,-0.008430,1,0
6.233000,-60.265709,205908.956919,179.678883,206335.373848,59.599962,206125.898624,97.724594,244.984361,-22.432628,247.377640,-142.532081,244.505151,59.956669,-0.006567,1,0
6.267000,-60.227162,207273.423205,179.876368,205320.305613,59.652206,204998.359147,97.818672,245.787069,-21.965400,244.694292,-142.372239,246.264727,59.946135,-0.000409,1,0
6.300000,-60.415653,204569.818448,179.878040,206291.934377,59.705625,206046.363080,97.586499,246.010735,-21.993043,246.234749,-142.284217,246.859597,59.943696,-0.000198,1,0
6.333000,-60.308228,207133.339593,179.624590,207153.594843,59.673514,205619.111912,97.491336,244.194356,-22.213561,244.911557,-142.072034,245.543564,59.946408,0.009700,1,0
6.367000,-60.264058,206899.264376,179.756075,206788.567979,59.514911,206106.649363,97.535955,243.746256,-22.432760,243.058377,-142.441330,246.503557,59.938285,0.001426,1,0
6.400000,-60.454680,205952.162750,179.768897,206097.793422,59.594192,206352.368756,97.531494,242.064522,-22.240999,244.168167,-142.474868,246.002995,59.944283,-0.004466,1,0
6.433000,-60.333463,205344.418761,179.798723,207125.343221,59.813448,207443.984836,97.892372,242.810806,-22.189118,243.387856,-141.987846,243.165120,59.949455,0.009810,1,0
6.467000,-60.144860,206899.055587,179.714426,205787.076883,59.716536,206523.638192,98.067292,245.989385,-22.483057,244.495604,-142.554059,242.447939,59.951329,0.006602,1,0
6.500000,-60.216272,207173.535465,179.756077,206117.030244,59.615419,206908.423022,97.934561,243.108793,-22.319570,243.960133,-142.431631,242.184164,59.951731,0.006129,1,0
6.533000,-60.292868,207123.017978,179.704322,203860.463631,59.883594,206026.457827,97.835395,245.170087,-22.175854,244.611276,-141.909901,243.744802,59.945545,0.001397,1,0
6.567000,-60.372487,207525.875459,179.349616,206868.968671,59.641295,207117.052939,97.303210,242.938706,-22.381339,242.700366,-142.490113,245.908097,59.951841,-0.001233,1,0
6.600000,-60.449301,206256.894132,179.637573,206388.811356,59.552546,206614.326980,97.597155,246.498421,-22.649374,243.698049,-142.478613,243.752938,59.942661,0.000799,1,0
6.633000,-60.521694,205567.008710,179.559249,205252.110036,59.632465,207987.221406,97.368633,243.098927,-22.110164,241.807522,-142.421670,244.060004,59.953922,-0.005761,1,0
6.667000,-60.457910,205482.466429,179.579571,204849.643998,59.507176,207530.841201,97.378383,243.051348,-22.506626,242.628946,-142.458577,240.448945,59.944067,-0.002452,1,0
6.700000,-60.478957,207923.295774,179.596870,207513.700416,59.538140,207998.887603,97.752180,244.003339,-22.333885,242.245125,-142.295088,243.659071,59.953567,0.008191,1,0
6.733000,-60.431060,206905.555901,179.703406,207259.472151,59.377245,207282.876597,97.632036,242.357172,-22.223365,243.229357,-142.739790,242.738267,59.953487,0.000815,1,0
6.767000,-60.462394,206649.143717,179.376404,208495.073714,59.579109,206112.182084,97.531427,243.400478,-22.756573,243.256479,-142.230337,242.385233,59.949117,0.000993,1,0
6.800000,-60.430271,206834.746981,179.605375,205833.639432,59.498472,205792.064238,97.462686,244.102601,-22.487268,241.862512,-142.412459,240.080000,59.943258,-0.001281,1,0
6.833000,-60.402079,207652.963248,179.629256,205990.342634,59.475331,206435.279827,97.250950,243.908045,-22.457705,243.832934,-142.582857,242.015505,59.939641,-0.000329,1,0
6.867000,-60.448908,206339.869021,179.567098,206463.386817,59.551758,207955.303135,97.720230,240.185793,-22.348453,243.647926,-142.686926,242.551686,59.949875,0.000150,1,0
6.900000,-60.468861,205957.766811,179.481779,206087.706225,59.570812,206843.092010,97.489251,241.956799,-22.737749,242.673580,-142.130409,241.084946,59.950113,0.001381,1,0
6.933000,-60.475973,206159.832693,179.600801,206983.883440,59.598449,208258.491592,97.809677,242.705621,-22.384422,240.380582,-142.286572,242.767809,59.956643,-0.006158,1,0
6.967000,-60.417985,205855.237379,179.557208,207141.422288,59.512139,204493.321152,97.762434,243.503560,-22.318938,242.408317,-142.349050,241.578835,59.953400,0.012732,1,0
7.000000,-60.370568,206233.615084,179.565504,205510.994496,59.675696,206069.285002,97.750251,244.049727,-22.398546,243.591309,-142.574853,243.507346,59.958444,0.008333,1,0
7.033000,-60.552421,207306.085983,179.529002,206244.694939,59.618984,207705.662298,97.513102,242.440682,-22.327372,243.848783,-142.416790,243.682634,59.949708,0.000243,1,0
7.067000,-60.377123,208947.389958,179.476064,206363.880832,59.703258,206125.469675,97.831264,245.490505,-22.473865,244.075187,-142.284775,245.825431,59.954283,0.010202,1,0
7.100000,-60.341419,206672.630360,179.554654,206875.842603,59.600916,206932.727610,97.572520,240.721573,-22.290878,246.784689,-142.551001,243.806549,59.948858,-0.002015,1,0
7.133000,-60.487502,205778.224617,179.763939,207443.232710,59.664369,207524.226014,97.373383,244.932801,-22.442446,241.994085,-142.418231,244.508265,59.947594,0.002565,1,0
7.167000,-60.533982,204636.875546,179.446263,206255.820571,59.479736,206482.650557,97.711759,242.258202,-22.882682,243.230837,-142.215465,243.622625,59.951830,0.000843,1,0
7.200000,-60.527338,206408.358593,179.657320,206574.122556,59.564403,205107.004205,97.403618,244.962923,-22.652386,243.007202,-142.474599,243.991968,59.956736,-0.001731,1,0
7.233000,-60.584535,205659.593527,179.468564,206322.064078,59.577864,204954.858661,97.468968,242.602938,-22.525366,244.060726,-142.516610,243.457113,59.952188,0.013158,1,0
7.267000,-60.511764,207327.604882,179.555293,205238.851689,59.513104,204622.704856,97.708464,243.245886,-22.424752,245.616280,-142.438971,242.596364,59.950420,0.000958,1,0
7.300000,-60.356697,204866.970029,179.612925,206155.960859,59.484307,206090.924135,97.602081,242.179961,-22.459785,243.204820,-142.834794,246.405384,59.946008,0.005892,1,0
7.333000,-60.662369,205368.332296,179.657881,206293.613957,59.601485,206350.236587,97.320590,240.476509,-22.437404,242.422541,-142.453415,242.143008,59.941100,-0.002840,1,0
7.367000,-60.415532,204955.171395,179.436760,205319.810139,59.485099,204185.258468,97.499073,244.431271,-22.602165,241.699141,-142.273895,243.395217,59.952120,-0.006358,1,0
7.400000,-60.476468,206062.894931,179.469055,206180.081487,59.415367,205816.117297,97.346488,244.438743,-22.479935,242.558382,-142.623215,244.951034,59.946396,-0.001651,1,0
7.433000,-60.427142,205552.853482,179.607712,205593.009917,59.596702,205746.631027,97.811806,241.992834,-22.657319,242.872440,-142.299688,245.720253,59.948918,-0.000878,1,0
7.467000,-60.559433,204632.349785,179.510646,206679.331215,59.563922,205822.603699,97.409917,243.460089,-22.528344,244.887885,-142.337142,244.545876,59.944243,0.011569,1,0
7.500000,-60.507015,206553.740335,179.523304,205501.285473,59.350062,205899.487591,97.291128,242.248003,-22.551171,245.403766,-142.665885,244.862712,59.947739,0.001584,1,0
7.533000,-60.520891,207189.854688,179.438777,204440.222084,59.411102,207191.718923,97.005960,242.202149,-22.649416,243.906160,-142.564169,243.002803,59.946148,-0.007211,1,0
7.567000,-60.508287,204822.584274,179.439919,206742.337735,59.577839,206076.157358,97.647228,246.022641,-22.507305,243.746991,-142.417891,243.878540,59.953660,-0.000014,1,0
7.600000,-60.664608,205476.453731,179.609294,206422.476337,59.671068,207371.084058,97.501848,243.414725,-22.523955,242.628057,-142.166292,245.421103,59.951008,-0.002693,1,0
7.633000,-60.579872,204962.148001,179.524331,206537.636536,59.440381,205422.347456,97.399648,245.155807,-22.470894,242.909603,-142.539575,245.986395,59.951569,0.007282,1,0
7.667000,-60.468744,207420.120681,179.553465,204510.697187,59.534491,206435.775164,97.357678,246.025777,-22.404550,245.520857,-142.495671,246.471354,59.950268,-0.002188,1,0
7.700000,-60.660117,206121.539351,179.368266,206862.069117,59.347467,205950.784419,97.164315,243.005864,-22.688312,243.300256,-142.860553,242.432703,59.955296,0.001335,1,0
7.733000,-60.508995,205333.718213,179.330247,206678.646456,59.448873,205592.086162,97.300807,244.001731,-22.551065,242.260406,-142.577275,243.915144,59.952065,0.000145,1,0
7.767000,-60.613530,205789.420835,179.303929,206664.410819,59.549651,206235.352021,97.365542,240.432241,-22.504893,244.533792,-142.572946,244.821611,59.949020,-0.008285,1,0
7.800000,-60.254415,204062.759005,179.682116,206135.564591,59.438332,204070.540263,98.144481,245.481694,-22.733126,245.639629,-142.561075,242.585823,59.951760,0.002501,1,0
7.833000,-60.432199,204414.111643,179.344171,206670.314428,59.381052,205402.687925,97.866305,245.075172,-22.599525,243.165075,-142.758686,245.580419,59.948918,-0.004088,1,0
7.867000,-60.693803,205033.968142,179.599095,205563.879061,59.609425,204641.585801,97.480709,245.501856,-22.326623,246.302060,-142.395854,244.113494,59.952806,0.000283,1,0
7.900000,-60.613296,204216.296815,179.357961,207220.877261,59.446621,205146.747911,97.257963,245.667015,-22.483558,243.995791,-142.577204,245.520091,59.952343,-0.002742,1,0
7.933000,-60.453287,204790.982212,179.562258,206020.404862,59.465788,205928.797382,97.622575,245.685319,-22.572577,244.121988,-141.938053,246.344082,59.951998,-0.004723,1,0
7.967000,-60.571439,205239.376245,179.454010,204546.779592,59.465229,205841.449408,97.372148,247.654650,-22.560816,246.409772,-142.641549,247.365554,59.952823,0.001331,1,0
8.000000,-60.493343,206641.155662,179.492618,206650.053816,59.476007,206692.141999,97.784522,247.660193,-22.686715,247.160134,-142.606310,244.758740,59.949663,0.000766,1,0
8.033000,-60.405696,203792.357673,179.506646,207428.238693,59.478103,204116.995190,97.889260,245.653363,-22.452094,246.927495,-142.358429,248.081234,59.957901,-0.002959,1,0
8.067000,-60.359476,207399.244480,179.500513,205426.313306,59.331407,204929.538580,97.473936,248.151041,-22.527092,248.580012,-142.529022,248.707065,59.953477,-0.004782,1,0
8.100000,-60.673039,206009.029097,179.244875,206627.652166,59.347821,203399.097489,97.249722,248.644669,-22.714769,248.873252,-142.404734,249.247337,59.947925,-0.007870,1,0
8.133000,-60.576821,206450.750307,179.501440,206872.500873,59.559888,205487.023138,97.636111,245.720630,-22.547254,245.771253,-142.737171,247.467936,59.946302,0.005398,1,0
8.167000,-60.560367,205436.238694,179.382599,204073.652784,59.320368,205467.746344,97.068519,246.375633,-22.834988,243.092940,-142.821555,248.955898,59.953229,0.004076,1,0
8.200000,-60.744026,206195.887433,179.300669,204617.020828,59.451423,206826.666596,97.564368,247.951971,-22.741757,248.757188,-142.674266,247.445982,59.952326,-0.000379,1,0
8.233000,-60.401820,205884.252076,179.469317,205156.829066,59.531326,206381.304417,97.668270,247.318698,-22.435526,247.942264,-142.852845,247.011013,59.952966,-0.004179,1,0
8.267000,-60.440616,205643.156349,179.343560,206597.394331,59.390995,206057.282332,98.353684,249.458424,-23.142429,247.368672,-142.385087,247.296846,59.956013,0.007104,1,0
8.300000,-60.690706,203691.239669,179.506180,205760.262571,59.650010,207507.936825,97.379171,248.625077,-22.305188,247.906081,-142.247350,246.237779,59.953246,0.000601,1,0
8.333000,-60.586289,205456.013711,179.544807,206567.585732,59.374850,206414.664036,97.484606,245.339584,-22.502284,246.442204,-142.398508,247.907777,59.946668,-0.015333,1,0
8.367000,-60.620871,206588.090877,179.269310,205678.613936,59.392358,207364.310111,97.492941,247.958596,-22.665453,250.214898,-143.137577,246.372768,59.946328,0.002131,1,0
8.400000,-60.478082,204073.828672,179.571183,206060.891596,59.611126,205892.690237,97.449345,249.633695,-22.271761,249.161867,-142.057869,249.441283,59.953544,-0.003570,1,0
8.433000,-60.546510,205224.945422,179.490018,205952.703418,59.271704,205948.971412,97.547675,249.756469,-22.967185,246.822815,-142.485398,248.527673,59.954350,-0.011071,1,0
8.467000,-60.561686,205922.513691,179.567257,206274.845876,59.429450,206300.625080,97.472657,249.265255,-22.398484,247.715100,-142.189162,247.278231,59.942216,0.003911,1,0
8.500000,-60.294585,206690.110830,179.580757,204614.165003,59.459100,207205.961766,97.514933,246.643257,-22.501717,251.740722,-142.281914,245.848264,59.954864,0.008101,1,0
8.533000,-60.494326,206076.404307,179.476141,204553.291520,59.497453,206472.399138,97.625391,248.674333,-22.704945,247.223547,-142.403375,247.708546,59.953720,-0.004421,1,0
8.567000,-60.395832,207190.348127,179.583060,205237.586194,59.567937,206380.499842,97.377920,245.159052,-22.495981,246.686800,-142.514256,247.295057,59.958770,0.011376,1,0
8.600000,-60.397156,205407.356316,179.560695,206983.012372,59.509081,206857.542035,97.268307,248.511696,-22.408069,249.535468,-142.518106,248.346366,59.951875,0.006063,1,0
8.633000,-60.345181,207413.896859,179.678017,206057.881581,59.549295,205322.754103,97.770977,249.338008,-22.382582,246.657460,-142.668369,250.264168,59.948390,-0.002076,1,0
8.667000,-60.570391,207523.589922,179.324707,205828.296970,59.563383,206318.679415,97.607994,246.959571,-22.409190,247.107680,-142.430454,247.123206,59.951367,-0.002191,1,0
8.700000,-60.495498,206982.026870,179.736045,206807.173491,59.392696,207519.719731,97.160069,247.423261,-22.366572,250.368884,-142.661224,250.893424,59.956294,0.001327,1,0
8.733000,-60.585928,204998.198579,179.337295,206078.727149,59.690750,206236.841773,97.498049,248.613326,-22.505375,248.612073,-142.362959,249.387368,59.954950,-0.008947,1,0
8.767000,-60.411477,205605.089911,179.463476,206143.497383,59.580336,206101.915781,97.467087,248.266486,-22.708139,248.578551,-142.132506,248.750568,59.957158,0.000006,1,0
8.800000,-60.608869,204012.358349,179.226900,205001.117628,59.539880,206215.393681,97.440857,251.081081,-22.829927,250.911325,-142.463563,250.239341,59.955350,-0.008503,1,0
8.833000,-60.595040,206317.000551,179.594935,204954.686629,59.508528,206032.314129,97.721406,249.508426,-22.237389,249.222346,-142.283223,249.464637,59.958371,0.000002,1,0
8.867000,-60.400706,205823.694682,179.433094,205040.447679,59.711206,204732.833663,97.485070,248.548538,-22.832175,250.047440,-142.624757,249.780270,59.948110,0.005025,1,0
8.900000,-60.528028,207024.715381,179.493475,204348.225969,59.535156,205607.450936,97.505063,247.919818,-22.324293,249.156665,-142.546006,248.894257,59.951166,0.001508,1,0
8.933000,-60.563554,206896.359267,179.467083,205203.174045,59.329852,204326.414791,97.130829,249.802415,-22.698072,249.228233,-142.767766,246.139625,59.947963,0.000973,1,0
8.967000,-60.495923,206088.096449,179.627405,205078.072972,59.633106,203997.448974,97.635911,247.712357,-22.390787,249.118186,-142.179110,250.053406,59.953987,-0.000695,1,0
9.000000,-60.553676,206203.201018,179.461275,206897.245571,59.549307,206437.456816,97.494471,247.376274,-22.455970,247.209681,-142.709688,247.841056,59.959294,-0.006005,1,0
9.033000,-60.429185,206700.959858,179.542195,206909.652689,59.459011,204141.669559,97.469418,247.674069,-22.375282,246.440868,-142.651703,246.623348,59.948318,-0.019325,1,0
9.067000,-60.554304,205888.604309,179.238941,205224.680668,59.321033,205574.088716,97.635651,247.159798,-22.799351,246.472606,-142.630489,249.822392,59.957977,-0.003726,1,0
9.100000,-60.570141,205457.003122,179.400205,206668.035102,59.434349,205236.961723,97.246247,247.290350,-22.654895,246.384912,-142.605727,245.632587,59.956194,-0.012235,1,0
9.133000,-60.594487,205997.467267,179.422025,205907.221389,59.368226,206479.684560,97.390716,245.391241,-22.476142,246.382941,-142.921421,248.220716,59.952096,0.001958,1,0
9.167000,-60.529027,204004.704332,179.514353,206679.315640,59.493232,206919.584864,97.500899,244.957207,-22.384452,244.076235,-142.614877,247.153146,59.955099,-0.000993,1,0
9.200000,-60.681552,206474.945029,179.478041,206541.081415,59.573135,205844.761952,97.360498,245.198747,-22.814469,245.480229,-142.523143,244.604205,59.950389,-0.000182,1,0
9.233000,-60.647642,206244.175147,179.603423,205806.354171,59.488954,206635.276342,97.226211,248.770239,-22.280479,245.702872,-142.419815,244.462452,59.948347,0.002042,1,0
9.267000,-60.440397,205447.327361,179.339247,206570.759977,59.390048,205536.644865,97.435847,246.360462,-22.846378,245.828875,-142.706513,242.690621,59.953897,0.003722,1,0
9.300000,-60.591399,206678.614314,179.323607,205191.362319,59.575219,204959.453430,97.101501,245.726088,-22.443362,244.891906,-142.495352,245.828086,59.952585,0.003809,1,0
9.333000,-60.543508,206883.374490,179.740748,205039.108032,59.343688,204086.652802,97.015863,244.256204,-22.216035,246.188062,-142.637130,245.741988,59.945103,0.011340,1,0
9.367000,-60.578662,204972.193998,179.561451,205480.081676,59.545362,205232.677483,97.560689,247.577510,-22.385322,245.061649,-142.466374,245.964200,59.957508,0.007558,1,0
9.400000,-60.521965,205553.706857,179.601066,204643.255829,59.440892,207757.029945,97.268413,245.857343,-22.572657,245.011748,-142.547137,245.386482,59.943420,-0.011638,1,0
9.433000,-60.367788,204966.077760,179.472438,206033.962603,59.579113,207361.662762,97.551210,246.885450,-22.521971,244.186633,-142.343898,247.680099,59.944089,0.004986,1,0
9.467000,-60.577834,203765.671672,179.703217,205051.136900,59.525111,205916.448221,97.613559,245.092567,-22.311802,245.900767,-142.111454,244.023285,59.943166,0.008825,1,0
9.500000,-60.384037,205559.783018,179.554950,206517.167545,59.598798,205045.357073,97.235775,244.076154,-22.364886,243.846162,-142.649203,245.285363,59.940377,-0.005264,1,0
9.533000,-60.536340,205361.127709,179.551610,206004.347405,59.561364,203324.131362,97.523037,243.714710,-22.232763,245.009047,-142.221430,243.426020,59.943886,-0.018530,1,0
9.567000,-60.411051,205118.264255,179.626964,206691.546690,59.617162,206479.972878,97.595131,241.374802,-22.573585,246.418939,-142.287491,243.456471,59.950895,-0.004581,1,0
9.600000,-60.508695,204477.392009,179.512555,205755.110662,59.527719,206347.484149,97.310368,244.359908,-22.327405,244.324459,-142.535498,246.045831,59.940810,-0.004666,1,0
9.633000,-60.483340,207076.285326,179.601342,205521.892737,59.444905,205340.585300,97.572246,241.887593,-22.449686,240.908753,-142.627908,244.073723,59.929970,-0.003540,1,0
9.667000,-60.209523,206083.263166,179.734077,206489.222503,59.559873,207671.571867,97.942830,244.497952,-22.173621,242.115892,-142.415532,244.438361,59.935090,-0.008037,1,0
9.700000,-60.299653,206528.490101,179.630241,206592.862421,59.476507,207712.151088,97.885321,242.358407,-22.097323,242.990348,-142.583464,243.976652,59.947463,-0.000933,1,0
9.733000,-60.444687,207560.123104,179.709906,207201.834390,59.538722,207681.501275,97.086926,239.715099,-22.686290,243.062571,-142.650047,241.960362,59.944468,-0.005206,1,0
9.767000,-60.555834,205535.835888,179.451374,204986.906298,59.500562,207438.050159,97.611471,244.680294,-22.614830,243.656183,-142.696473,243.059172,59.943596,0.000835,1,0
9.800000,-60.445253,206281.978923,179.587731,204834.894544,59.533249,206553.007215,97.447058,239.886309,-22.768572,241.813483,-142.678176,242.678535,59.942214,-0.006061,1,0
9.833000,-60.304172,207071.646664,179.757472,206542.248362,59.813132,207541.574113,97.867231,242.258609,-22.104417,240.377279,-142.100875,239.978871,59.944740,0.010739,1,0
9.867000,-60.509606,204773.023957,179.525664,207697.049576,59.610846,209063.525526,97.359551,243.308754,-22.122489,240.514532,-141.961734,241.221939,59.946420,-0.001620,1,0
9.900000,-60.503846,207565.692246,179.615072,206390.148151,59.932316,207634.290783,97.230633,243.020059,-22.225913,241.122412,-142.231865,242.435786,59.943998,-0.000490,1,0
9.933000,-60.358608,206026.949051,179.558459,207700.698620,59.710837,206982.095320,97.698268,242.224765,-22.422708,241.253163,-142.513623,240.557389,59.944018,0.000775,1,0
9.967000,-60.427820,206937.987752,179.449920,206911.359125,59.665760,208538.775600,97.482404,239.345006,-22.375629,242.586933,-142.454820,240.307828,59.937148,0.001702,1,0
10.000000,-60.332448,207081.842867,179.761552,207499.922986,59.780298,206049.279416,97.727241,240.413056,-22.441093,240.038995,-142.452100,239.229997,59.936946,0.003632,1,0
10.033000,-60.287346,207948.161533,179.675103,208413.353991,59.711304,207366.925654,97.687258,238.766301,-22.503219,240.771107,-142.254119,241.671535,59.943674,-0.000900,1,0
10.067000,-60.241658,207723.855801,179.773673,208131.068773,59.806081,206046.624089,97.495510,237.392888,-22.250614,241.130352,-142.356995,239.988142,59.944120,0.008840,1,0
10.100000,-60.263312,206267.142527,179.605102,207177.535282,59.951933,205684.228870,97.894564,240.563856,-22.418268,242.862927,-141.800037,239.910323,59.938972,0.003681,1,0
10.133000,-60.424835,205938.900985,179.630461,206212.963673,59.438169,205716.267251,97.421309,242.829621,-22.678558,238.748091,-142.242505,241.273798,59.937372,0.006827,1,0
10.167000,-60.234879,208278.578306,179.527711,206193.400569,59.662105,205798.787893,97.829562,242.282966,-22.449563,240.279575,-142.185578,242.693714,59.941391,0.007832,1,0
10.200000,-60.567677,207265.679881,179.672971,208137.926094,59.411431,205962.723286,97.409169,241.314767,-22.551229,239.734123,-142.759275,240.179054,59.941543,0.008113,1,0
10.233000,-60.302871,207642.356762,179.874429,208773.737822,59.522780,206264.926467,97.856723,240.481650,-22.423486,240.004662,-142.632519,240.594726,59.934209,0.004909,1,0
10.267000,-60.560008,206635.585061,179.727342,206925.903089,59.522462,207537.804250,97.383576,240.083872,-22.442055,242.124397,-142.753394,239.345997,59.933162,0.010950,1,0
10.300000,-60.509401,205885.352872,179.632134,206623.001752,59.759799,207664.435787,97.687386,242.051963,-22.715521,240.721254,-142.276759,241.399968,59.939552,-0.004678,1,0
10.333000,-60.469793,207950.439469,179.653456,204681.955542,59.615698,206492.183674,97.425301,240.276719,-22.324017,241.506047,-142.528530,242.639461,59.940414,0.010797,1,0
10.367000,-60.585347,207889.988929,179.726943,206814.688251,59.512589,206325.315937,97.384162,241.570398,-21.831999,239.850488,-142.791582,240.987055,59.941965,-0.005616,1,0
10.400000,-60.420074,206229.646901,179.512537,205475.064669,59.782597,206637.617654,97.610311,241.221265,-22.865166,243.890500,-142.156979,240.857265,59.937081,-0.011832,1,0
10.433000,-60.265775,205796.973913,179.683568,205845.094738,59.545950,205803.308344,97.425810,242.399766,-22.425591,241.119292,-142.506466,240.798965,59.932323,0.002468,1,0
10.467000,-60.441410,208502.477145,179.670073,206166.450047,59.609419,206318.166482,97.769613,240.855862,-22.140193,244.619984,-142.703162,242.246727,59.946647,0.007658,1,0
10.500000,-60.287628,206006.821127,179.768555,207997.138910,59.564426,206970.651968,98.010212,240.063559,-22.561586,242.035250,-142.289390,242.442378,59.930589,-0.003499,1,0
10.533000,-60.389595,205156.040902,179.451661,206442.816161,59.541250,206231.868649,97.978331,243.316358,-22.304730,241.940727,-142.509094,240.025769,59.935058,0.006338,1,0
10.567000,-60.315931,206274.092039,179.672361,206006.841888,59.494338,207556.691160,97.940020,240.769147,-22.307999,242.367472,-142.421720,241.771397,59.938791,0.004136,1,0
10.600000,-60.452598,205590.227407,179.722678,205490.571262,59.576824,206790.226358,97.453925,240.933681,-22.678439,242.922979,-142.550736,241.727249,59.932781,-0.004018,1,0
10.633000,-60.389943,206383.587154,179.563154,206257.925965,59.579858,207532.951720,97.734554,241.628502,-22.320523,244.549290,-142.058934,243.481958,59.932312,-0.011833,1,0
10.667000,-60.477878,205767.603713,179.425511,206690.043447,59.644092,206004.025614,97.780003,242.314458,-22.551367,241.790888,-142.307688,243.538774,59.930338,-0.003139,1,0
10.700000,-60.391735,205735.316063,179.584783,206176.775050,59.616440,207254.072219,97.619237,241.285260,-22.371693,244.806477,-142.591741,242.231184,59.938820,-0.002275,1,0
10.733000,-60.158915,207310.137166,179.705611,206564.758751,59.577024,205683.229459,97.695250,241.784259,-22.220327,243.558320,-142.223999,241.620794,59.933411,0.002348,1,0
10.767000,-60.338031,206655.716382,179.711558,206485.389165,59.544407,206900.968471,97.591709,243.380200,-22.174125,242.331095,-142.491988,243.513943,59.935105,-0.007188,1,0
10.800000,-60.255822,205665.050644,179.741324,205115.100260,59.604738,205550.861575,97.713713,245.243133,-22.335968,241.784053,-142.277460,241.258882,59.934244,-0.005780,1,0
10.833000,-60.193497,205574.777561,179.707794,206926.591324,59.774496,206833.666215,97.698528,241.544729,-22.335207,243.172229,-142.022994,242.349933,59.940024,0.000956,1,0
10.867000,-60.436678,205847.575268,179.703849,206314.644443,59.776984,205724.635799,97.544761,241.775332,-21.940137,243.294333,-142.284662,241.449452,59.939682,-0.008900,1,0
10.900000,-60.224921,206560.568965,179.690143,206757.194919,59.777065,206085.023866,97.714314,243.711727,-22.261265,242.446879,-142.023802,244.362627,59.939921,-0.004776,1,0
10.933000,-60.352138,205297.433015,179.641345,206249.852213,59.779987,206834.873533,97.554348,242.605674,-22.410619,243.123551,-142.378879,244.200684,59.942544,-0.001011,1,0
10.967000,-60.340905,205735.812906,179.765985,206767.619579,59.613669,206659.119677,97.657215,240.471581,-22.308124,241.440388,-142.255087,242.492404,59.947387,0.009160,1,0
11.000000,-60.379178,203953.803955,179.665472,205482.411419,59.790354,204875.210451,97.754795,241.460085,-22.244945,242.309699,-142.057756,240.804642,59.942215,-0.011171,1,0
11.033000,-60.365811,205037.037637,179.884359,209379.531477,59.662054,205994.216691,97.650712,241.865382,-22.152034,243.103347,-142.597561,241.839440,59.947668,-0.011557,1,0
11.067000,-60.471092,206893.392398,179.645559,205155.764379,59.668748,205447.017075,97.099692,242.550226,-22.039961,241.946843,-142.559270,238.993333,59.942211,0.008969,1,0
11.100000,-60.373116,206433.316903,179.720339,204612.363943,59.707399,206445.386865,97.473575,244.325234,-22.161175,242.188686,-141.887597,246.378479,59.937901,0.003800,1,0
11.133000,-60.250895,205903.007357,179.713492,204148.989746,59.756783,205541.447289,97.964591,240.064409,-22.187587,243.043920,-142.258483,243.542209,59.945900,-0.001132,1,0
11.167000,-60.391347,205472.485427,179.670179,205200.120586,59.796896,206884.943174,97.772417,241.508955,-22.221882,240.553523,-142.210131,243.196211,59.949372,-0.003360,1,0
11.200000,-60.277317,205332.222931,179.748400,206574.342879,59.576078,205985.469218,97.836599,241.514289,-22.414623,242.692755,-142.594190,241.289382,59.937933,0.008003,1,0
11.233000,-60.115909,207207.012166,179.611221,204909.137910,59.749869,204284.160284,97.583660,242.384474,-22.430895,240.599485,-142.325258,241.543579,59.946205,-0.003536,1,0
11.267000,-60.388548,205225.886486,179.728720,206110.154212,59.603150,206270.723195,97.438438,241.269356,-22.240300,239.385179,-142.209163,242.370497,59.941036,0.003618,1,0
11.300000,-60.346500,207169.172056,179.607784,205863.101725,59.756233,206612.552784,97.528357,243.692433,-22.127304,239.591008,-142.278940,242.426534,59.945391,-0.011931,1,0
11.333000,-60.338569,207164.266261,179.691166,204324.866450,59.704205,205133.682897,97.667779,244.134820,-22.502009,243.172036,-142.323140,241.245819,59.939768,-0.009970,1,0
11.367000,-60.394232,205832.441950,179.754293,205974.341913,59.691416,205210.892956,97.605058,240.163979,-22.300570,243.631801,-142.383480,241.346474,59.948204,0.004376,1,0
11.400000,-60.136081,206923.882612,179.966240,206357.954381,59.593889,206799.513091,97.957217,239.395811,-22.040619,241.622661,-142.429498,243.575482,59.951054,-0.005228,1,0
11.433000,-60.300628,206413.733411,179.765293,206283.099166,59.471087,205894.149688,97.550205,242.946784,-22.368388,242.480300,-142.771200,240.401503,59.947856,-0.000108,1,0
11.467000,-60.456522,206725.700683,179.685401,206133.304944,59.601907,204886.370845,97.500536,243.966138,-22.393723,241.415102,-142.386450,241.919784,59.940329,0.004548,1,0
11.500000,-60.355527,203388.742634,179.828189,208147.912980,59.766064,205517.458327,97.719446,240.524951,-22.541171,241.189999,-142.446848,238.410707,59.955627,-0.007519,1,0
11.533000,-60.243492,206065.380462,179.677061,205987.374190,59.986533,205934.188886,97.587473,240.619108,-22.384801,241.723268,-141.865348,240.735849,59.948230,0.008050,1,0
11.567000,-60.365262,206403.232743,179.556764,207060.384037,59.545591,206293.445811,98.008964,241.717659,-22.567292,240.558254,-142.738147,242.503487,59.948847,-0.012339,1,0
11.600000,-60.276452,206649.026140,179.832802,205436.993146,59.412890,206640.715870,97.444085,240.287803,-22.281783,244.103683,-142.471772,243.699638,59.947828,-0.013818,1,0
11.633000,-60.320899,207907.158409,179.648629,206204.108324,59.786665,206529.271213,97.405643,244.221013,-22.203819,241.787504,-142.059770,240.633099,59.951968,0.001524,1,0
11.667000,-60.490222,204870.982283,179.805371,206082.780956,59.681540,205812.649693,97.742329,242.787020,-21.874186,239.044648,-142.368074,243.617925,59.944706,0.005998,1,0
11.700000,-60.287409,206371.294950,179.752164,206933.238005,59.750286,205024.669315,97.613491,240.096684,-21.928965,240.220504,-142.566178,239.261815,59.947149,-0.003258,1,0
11.733000,-60.223876,204573.388032,179.757472,206798.232254,59.862233,205314.880456,97.586363,241.582807,-22.229329,241.106166,-142.251284,240.325027,59.953559,-0.000839,1,0
11.767000,-60.432857,206309.189717,179.860449,207539.502805,59.744217,206594.080173,97.653593,241.277940,-22.244623,241.109825,-142.554322,240.162015,59.950996,-0.001116,1,0
11.800000,-60.480735,207497.354309,179.877077,205359.859382,59.652374,204960.942030,97.959522,239.558771,-22.251775,241.089913,-142.148417,239.433480,59.951002,-0.013251,1,0
11.833000,-60.117339,206841.654863,179.732071,206474.194789,59.821015,206393.906332,97.995866,240.016539,-22.210265,238.620600,-142.244330,240.407948,59.943890,0.003611,1,0
11.867000,-60.238947,206097.179771,179.745022,205737.886654,59.845203,206635.906001,97.657313,241.488657,-22.178256,240.274239,-142.294544,239.169638,59.945492,-0.000810,1,0
11.900000,-60.123976,206573.135939,179.904667,205608.367690,59.672977,207767.646505,97.997051,239.664136,-21.978044,239.731994,-142.453415,240.301163,59.938023,0.002779,1,0
11.933000,-60.268612,206498.227711,179.571032,204584.968102,59.805289,205833.066723,98.184679,241.806168,-22.343374,242.653577,-142.104278,242.916827,59.937439,-0.007980,1,0
11.967000,-60.376798,207330.320066,179.788686,204769.266730,59.729468,207456.515953,97.715374,239.563274,-22.389963,239.983857,-142.404412,240.198971,59.944337,-0.000237,1,0
12.000000,-60.291543,204800.316039,179.867034,206310.704966,59.812152,207037.286969,97.892117,240.676449,-22.085102,240.347831,-142.077323,237.817644,59.949020,-0.004835,1,0
12.033000,-60.134672,206425.258463,179.367369,207832.119669,59.516999,207024.196154,97.765631,236.922098,-22.485880,237.203131,-142.232273,238.200563,59.946415,-0.003032,1,0
12.067000,-60.302658,206561.343851,179.746306,207161.815819,59.783279,207433.028229,97.384426,238.912929,-21.952325,237.110438,-142.096828,235.861507,59.947614,-0.004694,1,0
12.100000,-60.565928,206719.681925,179.785933,207424.201603,59.693195,206917.242568,97.385868,241.080372,-22.352128,240.081016,-142.050621,237.079215,59.948274,0.001376,1,0
12.133000,-60.337016,207537.311271,179.530163,207139.306696,59.528640,206694.620245,97.947736,239.417686,-22.462841,236.964563,-142.662419,238.755315,59.942931,0.010635,1,0
12.167000,-60.240735,207158.188286,179.933227,205683.817984,59.739384,207666.197174,97.796495,239.035569,-21.719492,238.334077,-141.931293,237.968885,59.941156,0.001382,1,0
12.200000,-60.425075,208165.714089,179.758530,207422.909454,59.748170,208562.382743,97.812342,242.128956,-22.400970,239.137864,-142.165478,238.803332,59.949309,0.001976,1,0
12.233000,-60.272049,207906.854060,179.856265,206437.958320,59.785306,206015.252966,97.901938,240.219757,-22.413909,240.125181,-142.387536,238.865911,59.948899,0.008133,1,0
12.267000,-60.340456,206307.297535,179.729723,207107.569277,59.678767,207914.891169,97.715338,241.380890,-22.411765,240.551193,-142.146778,242.143279,59.948664,-0.003827,1,0
12.300000,-60.271222,206503.817841,179.539537,205723.430680,59.483597,207171.214727,97.572615,239.419684,-22.437869,240.717329,-142.467332,240.418499,59.950201,-0.013658,1,0
12.333000,-60.400726,206620.906200,179.702056,206587.229816,59.652827,205855.875068,97.755028,242.068771,-22.135815,240.139014,-142.416304,238.475375,59.940541,-0.003459,1,0
12.367000,-60.198431,207117.758849,179.601024,208035.968755,59.799389,206376.609345,97.612612,238.712557,-22.602104,239.000141,-141.629471,239.710053,59.942068,-0.012825,1,0
12.400000,-60.443467,207568.576840,179.765363,207183.698645,59.666328,207277.899309,97.603449,240.113469,-22.338628,239.326019,-142.476591,237.805608,59.947499,0.003986,1,0
12.433000,-60.469126,209538.233408,179.765041,206527.838471,59.578102,206632.076394,96.892112,242.173927,-22.054148,238.429670,-142.349464,239.420096,59.942478,0.011571,1,0
12.467000,-60.465197,207488.077924,179.594142,207154.997697,59.605259,206961.030240,97.557887,240.352042,-22.565778,238.784586,-142.601397,240.688556,59.943595,-0.006808,1,0
12.500000,-60.407844,204795.836240,179.759783,208368.868785,59.708313,207178.030040,97.757932,240.652126,-22.428620,239.598512,-142.516310,240.610184,59.941821,-0.013557,1,0
12.533000,-60.408958,206687.964998,179.416042,207593.154702,59.525427,206782.844620,97.260339,241.342005,-22.586424,239.861002,-142.399567,241.402330,59.940246,0.002014,1,0
12.567000,-60.563330,206067.750543,179.654500,206897.234910,59.514023,208065.603635,97.740133,237.596302,-22.351150,239.859974,-142.511271,240.557682,59.944552,0.001696,1,0
12.600000,-60.333680,207339.889254,179.406230,206843.035668,59.465654,207559.290589,97.872128,240.591909,-22.514588,240.230661,-142.795192,239.096456,59.939943,0.007509,1,0
12.633000,-60.446592,207476.908285,179.492121,207046.555741,59.560786,206362.229704,97.618328,236.899390,-22.513796,240.317940,-142.327773,240.364405,59.943411,0.001242,1,0
12.667000,-60.633867,208584.421926,179.542661,208821.226645,59.742180,206913.763869,97.287505,241.009607,-22.767393,239.045098,-142.516523,239.765209,59.947892,-0.009252,1,0
12.700000,-60.317556,207994.624547,179.586180,206976.650789,59.712138,206496.081547,97.856217,239.993369,-22.526639,240.600116,-142.204546,238.558390,59.948399,-0.000420,1,0
12.733000,-60.469790,206098.575636,179.548566,206732.824449,59.733652,205903.176702,97.306917,238.260181,-22.439409,238.958900,-142.361287,239.190843,59.939749,-0.001587,1,0
12.767000,-60.435637,207905.957826,179.659279,208710.108237,59.631405,206223.746193,97.438968,239.047509,-22.264829,239.262608,-142.684410,239.441355,59.948066,-0.001689,1,0
12.800000,-60.334248,207318.213624,179.599952,207187.756214,59.754510,207475.129686,97.875516,241.235673,-22.450600,238.693787,-142.205623,238.903926,59.940299,0.005191,1,0
12.833000,-60.336099,207323.121730,179.644187,206554.503424,59.667684,207961.099935,97.711960,241.669077,-22.434521,240.527121,-142.078938,241.096544,59.944017,-0.003917,1,0
12.867000,-60.084099,207511.711504,179.734130,206804.253784,59.683620,207612.152054,97.846960,238.832564,-22.547513,240.840836,-141.959632,238.127967,59.949600,-0.004203,1,0
12.900000,-60.182635,205777.958443,179.691323,207411.056213,59.584144,206310.413707,98.054533,239.072767,-22.644930,237.967974,-142.435368,241.312495,59.947425,-0.013882,1,0
12.933000,-60.242951,206718.548462,179.420632,206740.346445,59.614329,207765.462564,98.000161,238.119004,-22.463659,241.617468,-142.403744,238.393418,59.939314,0.003677,1,0
12.967000,-60.518549,206944.916795,179.604402,208031.158311,59.688725,206027.426521,97.618158,239.377218,-22.348881,237.915259,-142.447314,239.011679,59.946481,-0.003537,1,0
13.000000,-60.439321,207448.904557,179.507261,205915.088601,59.543430,207119.656444,97.631971,239.408212,-22.150037,242.179342,-142.283174,241.462428,59.946848,-0.008434,1,0
13.033000,-60.473557,206937.014845,179.597121,208015.397306,59.689516,206227.659863,97.600932,241.888131,-22.518660,241.840485,-142.217990,240.729659,59.951794,0.001581,1,0
13.067000,-60.381684,204524.442329,179.597838,206742.100795,59.586918,207952.899950,97.507585,242.186534,-22.015486,242.631745,-142.272653,238.561031,59.951415,-0.010622,1,0
13.100000,-60.372891,205495.249692,179.542412,204673.234712,59.541257,207527.408785,97.687215,241.925067,-22.392856,241.612678,-142.481563,241.080697,59.948807,-0.007776,1,0
13.133000,-60.443714,207320.614210,179.593210,207479.521426,59.451281,208251.460301,97.456222,242.382651,-22.148676,240.927069,-142.798775,240.534433,59.945051,-0.001923,1,0
13.167000,-60.381066,207139.502606,179.591541,208603.488137,59.608628,206816.387030,97.707673,239.363289,-22.281457,240.513662,-142.510175,240.987223,59.952115,0.010118,1,0
13.200000,-60.343885,207723.554653,179.645297,206742.222801,59.506576,207840.231543,97.688228,238.119893,-22.140279,241.677062,-142.723629,241.301035,59.956148,0.006543,1,0
13.233000,-60.323228,207762.568287,179.653978,206672.283051,59.399384,207592.728445,97.762407,241.309082,-22.212874,236.928738,-142.597513,239.307909,59.955110,-0.002143,1,0
13.267000,-60.343279,207045.476564,179.683591,208365.225946,59.811729,207939.176557,97.519155,240.711799,-22.537335,240.074075,-142.209270,238.153197,59.955483,-0.000373,1,0
13.300000,-60.396074,208310.445496,179.687846,206853.362072,59.776403,207013.003194,97.417942,237.861921,-22.179345,237.009721,-142.159349,237.323748,59.950913,-0.006620,1,0
13.333000,-60.180086,206672.557998,179.494039,206887.136081,59.620600,207771.722867,97.628750,238.023370,-22.443066,237.833932,-142.145576,237.809143,59.956364,-0.008654,1,0
13.367000,-60.516200,209259.645431,179.641098,207186.358663,59.645128,207731.719676,97.584728,239.304246,-22.448193,241.739536,-142.228451,240.857959,59.959355,-0.013338,1,0
13.400000,-60.302791,208569.851201,179.608959,207189.428003,59.759122,208435.969350,97.541096,241.556088,-22.491774,239.497991,-142.437460,240.417130,59.954774,-0.000643,1,0
13.433000,-60.393244,207595.073040,179.674051,209886.096680,59.810663,209464.127189,97.664261,240.933372,-22.078112,241.281369,-141.924088,239.778949,59.955142,-0.004485,1,0
13.467000,-60.435843,207860.893901,179.704713,207943.115997,59.688086,208463.140296,97.772565,241.715381,-22.631676,242.741974,-141.999077,239.195391,59.953091,0.008515,1,0
13.500000,-60.226535,207269.200085,179.820443,208426.672372,59.864196,208333.299313,97.440398,239.262792,-22.304403,238.735346,-141.930779,239.311976,59.953018,-0.000368,1,0
13.533000,-60.262273,207853.322740,179.599590,208300.727491,59.691534,207082.662376,97.583909,240.154363,-22.486930,241.475219,-142.445643,239.821326,59.960884,0.008621,1,0
13.567000,-60.052952,208135.439564,179.612003,207656.387228,59.870789,207526.434018,97.455556,241.186958,-22.354992,240.632090,-142.339924,239.825477,59.953173,-0.001660,1,0
13.600000,-60.241791,207821.346512,179.684149,208813.023786,59.697168,208572.597300,97.645155,239.068835,-22.198064,239.610914,-142.307971,241.183297,59.954821,-0.011081,1,0
13.633000,-60.159182,207615.645887,179.543831,206156.257571,59.761697,206650.129715,97.677662,241.076440,-22.535379,239.607553,-142.185168,237.539140,59.956255,0.008221,1,0
13.667000,-60.352787,207461.130187,179.743432,206827.673705,59.639659,207075.066750,97.814698,240.688147,-22.399576,239.362797,-142.326804,240.675744,59.959564,0.006039,1,0
13.700000,-60.229988,208525.539984,179.659359,206515.141737,59.917535,207859.588206,97.549287,238.855503,-22.349692,241.366654,-142.246929,240.950789,59.966665,0.017078,1,0
13.733000,-60.383687,208045.680235,179.696893,206826.754069,59.518753,207656.715335,97.273419,239.945176,-22.161721,238.323136,-142.318806,240.631360,59.958548,-0.000153,1,0
13.767000,-60.240173,206238.268828,179.809086,207411.743875,59.844204,207664.061057,97.980111,241.267188,-22.251416,239.784541,-142.487716,237.784631,59.964803,0.006561,1,0
13.800000,-60.236702,207394.155433,179.807131,208809.797533,59.562696,206563.270724,97.917309,240.220368,-22.206077,239.200488,-142.121014,240.160990,59.956246,-0.006010,1,0
13.833000,-60.163972,206181.507596,179.601493,207653.214720,59.584798,205804.917031,97.906479,240.573981,-22.492922,239.585497,-142.503859,241.148034,59.953758,0.000701,1,0
13.867000,-60.274184,207813.863495,179.853928,206440.631608,59.810670,207493.251594,97.777851,237.730862,-22.130847,239.573886,-142.204197,238.833015,59.952305,0.003577,1,0
13.900000,-60.297340,207907.666772,179.728737,207389.456777,59.815552,205653.848552,97.839600,239.560633,-22.329061,238.017966,-142.009368,239.454673,59.964974,0.015904,1,0
13.933000,-60.325895,206975.995308,179.926367,206355.517643,59.854239,207702.823963,97.632656,239.725623,-22.152070,237.584448,-142.507022,240.560178,59.962073,-0.002121,1,0
13.967000,-60.260582,208002.704875,179.750844,209164.423139,59.770600,205930.045546,97.512554,236.721781,-22.511704,237.034024,-142.176859,239.255411,59.953846,0.004866,1,0
14.000000,-60.248952,207376.328083,179.706233,207588.772943,59.840877,207503.336073,97.832625,236.083751,-22.236205,236.998347,-142.165595,238.464775,59.968038,-0.000890,1,0
14.033000,-60.224740,207362.302417,179.661416,207670.076866,59.547955,207345.627184,97.500538,239.772532,-22.430271,235.829510,-142.254015,237.099881,59.955907,-0.005640,1,0
14.067000,-60.163715,205665.546535,179.806375,207619.727490,59.711842,208635.130942,97.936557,235.724514,-22.379372,235.224207,-142.483372,234.478232,59.960066,0.005742,1,0
14.100000,-60.221042,206687.811770,179.705582,206837.804385,59.864801,207674.875629,98.091100,235.199868,-22.040839,235.901648,-141.877064,235.727812,59.962696,-0.001511,1,0
14.133000,-60.214819,206545.544593,179.768328,208453.898363,59.866319,207187.395403,97.603484,237.334210,-22.141669,237.871028,-141.820273,236.236701,59.955345,-0.005249,1,0
14.167000,-60.054373,209390.180125,179.980627,206218.923262,59.745599,207258.770743,97.792300,235.413114,-21.680549,236.356326,-142.194212,236.009483,59.958126,-0.002936,1,0
14.200000,-60.154389,205680.865970,179.804005,207265.759926,59.860548,207483.706616,97.955863,235.378047,-22.195883,234.559939,-142.086904,237.693027,59.964949,-0.000482,1,0
14.233000,-60.120657,208561.801304,179.922078,207144.596374,59.791546,208234.433895,97.986118,235.545889,-22.061981,235.637840,-142.296114,236.977433,59.960700,0.004749,1,0
14.267000,-60.239792,209067.641788,179.740500,208156.663187,59.732656,209034.612095,97.573835,237.290507,-22.385316,236.547087,-142.074825,236.340843,59.964465,0.001773,1,0
14.300000,-60.038463,204774.129437,179.847970,208524.030995,59.803919,209171.892465,97.884145,238.303723,-22.278374,235.640494,-142.276637,234.769386,59.958945,-0.012472,1,0
14.333000,-60.250205,208227.098969,179.807220,207253.279251,60.079730,207611.110895,97.583759,236.427241,-22.150521,235.799082,-141.559319,236.731056,59.955379,-0.001591,1,0
14.367000,-60.036011,207506.501014,179.883014,208498.240271,59.971573,207028.053499,97.813634,235.600272,-22.072994,236.774930,-141.955518,236.567196,59.950260,0.004294,1,0
14.400000,-60.214855,208285.989995,179.682519,208182.479100,59.869892,208003.683695,97.495738,235.194664,-22.391475,234.432780,-142.213916,238.028896,59.957305,0.012624,1,0
14.433000,-60.124690,206767.566374,179.674549,208009.499439,59.935527,208146.489278,97.655488,237.230133,-21.958296,235.734987,-142.330185,237.170758,59.956629,0.002076,1,0
14.467000,-60.245180,208541.027883,179.955560,208901.278346,59.781540,208923.939499,97.787600,235.180748,-22.076863,237.023663,-142.022722,235.235405,59.966221,0.001308,1,0
14.500000,-60.098709,208360.990775,179.962306,207960.101677,59.921369,208282.727357,97.798913,235.880898,-22.049692,233.395924,-141.868963,233.976981,59.956170,-0.000460,1,0
14.533000,-60.059201,207618.236962,179.853804,208108.142002,59.769879,208070.081218,98.044358,234.509782,-22.289735,235.581217,-142.154569,234.954131,59.965274,0.000611,1,0
14.567000,-60.230781,207744.823886,179.831385,207969.057369,59.804942,209107.816617,97.846904,235.868923,-21.803116,233.639388,-142.052575,237.343261,59.963048,0.000890,1,0
14.600000,-60.079422,208430.034283,179.972278,207833.904899,59.869193,207885.873879,97.700801,234.733005,-21.837804,235.971266,-142.205901,234.840468,59.952540,0.003528,1,0
14.633000,-60.213763,207196.698529,179.819784,208496.806202,59.833023,210906.135878,97.842257,236.155116,-22.500224,236.718482,-142.668545,235.800650,59.951847,0.014691,1,0
14.667000,-60.034910,208795.930687,179.947702,208107.833332,59.723177,207132.936162,98.123409,236.254231,-21.986536,234.312565,-142.263791,236.590078,59.956242,0.007316,1,0
14.700000,-60.043862,208201.573779,179.924947,208581.891240,59.885831,208058.517666,98.192514,235.171944,-21.895175,234.695542,-141.976528,236.517101,59.952059,-0.000241,1,0
14.733000,-60.056806,207769.494837,179.794919,206726.814660,59.893460,208136.774792,97.802338,237.254459,-22.191034,236.889483,-142.426990,234.985068,59.949694,0.002263,1,0
14.767000,-60.187292,208263.224627,179.747934,208115.772607,59.859724,207571.436214,97.788968,236.269946,-22.355364,236.225102,-142.139541,237.111818,59.955891,0.002218,1,0
14.800000,-59.982927,208199.715180,179.814563,208925.296119,59.924678,208028.533198,98.257789,235.378619,-22.232684,236.560826,-141.813046,237.316981,59.954946,0.003999,1,0
14.833000,-60.062628,206050.205775,-179.874846,207547.581441,59.929727,208393.842720,97.985227,236.252121,-21.876834,237.458829,-142.317723,235.975740,59.960420,-0.003073,1,0
14.867000,-60.056417,206462.733409,179.806152,208180.334475,59.865039,208212.426706,97.898763,236.976156,-22.004550,235.816272,-142.216190,233.797205,59.953388,-0.010912,1,0
14.900000,-60.033451,208972.843234,179.916344,207860.680396,60.065895,207231.619600,97.860136,236.659101,-22.294855,234.260607,-141.960507,233.256509,59.954370,0.006021,1,0
14.933000,-60.240042,207119.443185,179.822156,207642.370353,59.980713,210258.112557,97.579318,235.899655,-22.380105,236.601972,-142.140381,235.557817,59.946351,0.000739,1,0
14.967000,-60.167656,208708.257005,-179.978725,208986.278389,59.756778,208674.966304,97.899149,232.304836,-21.981502,237.571711,-142.247025,237.727491,59.949501,0.000690,1,0
15.000000,-59.959793,207850.589144,179.970546,206679.722007,59.782381,208494.281935,97.708622,236.382008,-21.905432,237.995895,-142.581229,237.946834,59.947610,0.003222,1,0
15.033000,-60.184518,208793.728753,179.829344,209299.293723,59.855501,207732.100052,97.754679,236.867003,-22.198497,235.403311,-142.389291,236.129170,59.942732,0.006319,1,0
15.067000,-60.293841,206114.641797,-179.904732,207351.211402,59.825135,209521.451393,97.883031,237.059483,-21.931311,236.705273,-142.211212,237.982054,59.952176,0.003225,1,0
15.100000,-60.063060,207090.160256,179.872536,209551.150856,59.938088,208928.034007,97.985526,237.015449,-22.164684,235.970724,-142.341460,237.293678,59.943534,0.003686,1,0
15.133000,-60.148880,207434.532089,179.837557,207019.577672,60.062192,207598.984349,97.957458,237.744151,-22.255156,234.908036,-141.965899,234.724897,59.953883,0.004257,1,0
15.167000,-60.196686,209670.375554,179.925052,207950.125393,59.884246,208604.115916,97.673066,236.608601,-22.060182,239.164563,-141.864955,237.329799,59.956328,-0.003895,1,0
15.200000,-60.117434,207929.767726,179.883997,206865.833124,59.736256,208245.159684,97.580240,238.516540,-21.957490,237.308800,-142.402460,236.318247,59.951087,0.008807,1,0
15.233000,-60.185127,207784.854437,179.939466,207409.449877,59.770378,207390.915235,97.877127,239.125771,-22.054040,239.493358,-142.428898,238.429107,59.954738,0.005898,1,0
15.267000,-60.377576,207564.206228,179.907152,207351.232119,59.923226,207521.228886,97.523821,235.600551,-22.022215,237.564122,-142.055935,236.505645,59.948081,0.005331,1,0
15.300000,-60.273014,208253.516918,179.620668,207498.775403,59.767358,209019.693429,97.900469,237.349648,-22.138044,236.497928,-142.193177,236.724353,59.952693,0.001972,1,0
15.333000,-60.352417,207381.403207,179.702948,208614.517120,59.840918,208885.941134,98.202368,237.241914,-22.245344,236.581663,-142.457124,239.823577,59.954912,-0.003016,1,0
15.367000,-60.362731,207298.047329,179.747958,207771.017225,59.814717,207169.966225,97.648034,236.857895,-22.109180,237.431646,-142.434376,239.745848,59.961205,-0.007473,1,0
15.400000,-60.308038,207396.072657,179.748880,208857.965533,59.780371,207795.306556,97.678458,236.051600,-22.205370,239.199756,-142.254277,238.565206,59.956362,-0.010900,1,0
15.433000,-60.150101,207780.451295,179.861347,208532.250621,59.655163,209297.109992,97.520343,238.665615,-22.313566,239.239923,-142.355151,237.688077,59.955224,0.003995,1,0
15.467000,-60.241788,208874.398793,179.884021,208204.092987,59.962334,209565.117471,97.810245,239.945628,-22.238515,239.684541,-142.053701,239.418702,59.956538,0.003638,1,0
15.500000,-60.291192,209016.801608,179.875022,209305.817285,59.825798,206850.515532,97.965490,237.077972,-22.364814,237.944365,-142.083213,238.649507,59.965017,0.008967,1,0
15.533000,-60.378406,208446.807267,179.807639,209598.140592,59.791225,209439.829361,97.799665,240.668176,-22.266142,239.669779,-142.195656,238.550237,59.953791,0.003486,1,0
15.567000,-60.431077,207972.239302,179.509866,208308.759745,59.807386,210018.949260,97.843933,238.167679,-22.629404,238.843332,-142.245797,238.351016,59.956564,-0.007439,1,0
15.600000,-60.055480,207782.466947,179.836892,207567.007079,59.717372,209194.508963,97.881731,239.941786,-22.176996,241.429772,-142.099937,236.969263,59.954312,0.004782,1,0
15.633000,-60.386208,208724.440992,179.503897,207165.242653,59.707241,207912.573439,97.548955,237.751049,-22.355856,238.907416,-142.044958,240.336519,59.969208,-0.001252,1,0
15.667000,-60.437993,206634.341678,179.378543,208907.192751,59.598255,207999.993937,97.409950,240.325843,-22.241928,238.806459,-142.341551,241.453996,59.953266,-0.001453,1,0
15.700000,-60.362163,208600.782512,179.567309,207257.795043,59.706195,208112.644715,97.626685,241.909718,-22.192286,238.656752,-142.121772,237.884384,59.961659,0.004411,1,0
15.733000,-60.323467,208605.365936,179.681337,209830.997990,59.523587,208987.395054,97.670089,241.369525,-22.532990,242.348011,-142.386462,240.396077,59.964332,0.006569,1,0
15.767000,-60.316069,207665.902621,179.577498,207463.470819,59.639082,207748.034702,97.844634,242.172623,-22.235927,241.387846,-141.916164,238.139259,59.955174,0.002811,1,0
15.800000,-60.309786,208938.832722,179.682575,207372.344069,59.767518,208139.564324,97.454524,240.008315,-22.086676,239.652521,-142.023764,240.477458,59.956315,-0.006921,1,0
15.833000,-60.311137,207905.257231,179.677418,207393.805822,59.715582,206843.543778,97.434594,239.723354,-22.323457,237.907603,-142.303891,240.459960,59.961011,0.000996,1,0
15.867000,-60.118840,209460.838761,179.612418,207449.615240,59.774627,208415.871115,97.848146,240.676200,-22.276971,242.497904,-142.254282,239.753048,59.956124,0.000119,1,0
15.900000,-60.372342,207782.140396,179.631310,208929.215087,59.560153,208555.778340,97.861892,239.574574,-22.509230,238.907723,-142.371327,240.734767,59.956979,0.010212,1,0
15.933000,-60.244758,208038.868984,179.807726,207806.431742,59.712379,209195.376191,97.628929,241.006947,-22.117203,240.673486,-142.309571,241.507056,59.956889,0.005671,1,0
15.967000,-60.237863,206817.649262,179.883077,208506.264663,59.690623,208285.403732,97.713704,242.146147,-22.276331,242.247084,-142.100635,242.597889,59.957214,0.016155,1,0
16.000000,-60.411844,207555.349270,179.758505,205835.182475,59.684820,207528.246996,97.313882,240.367153,-22.203461,243.635658,-142.287104,237.692406,59.954982,0.005910,1,0
16.033000,-60.270589,207965.069607,179.801787,208516.033612,59.579868,208311.839759,98.040150,242.810295,-21.945425,247.068975,-142.481877,243.802978,59.953583,0.000910,1,0
16.067000,-60.372828,208517.420474,179.900098,208782.988249,59.668552,209396.418221,97.331075,242.904660,-22.058661,240.267510,-142.043924,243.337795,59.955296,-0.006429,1,0
16.100000,-60.467404,207405.634409,179.739642,208287.365742,59.812445,206714.392319,97.239275,242.821075,-22.150346,243.100959,-141.802680,241.903750,59.949925,0.005606,1,0
16.133000,-60.306549,207118.758491,179.815132,207230.578058,59.520710,207951.727616,97.548225,241.501575,-21.973771,242.479638,-142.137063,242.689655,59.952107,-0.006828,1,0
16.167000,-60.295303,208668.573724,179.702582,207050.049439,59.749607,208108.748107,97.845801,242.755900,-22.336133,242.195000,-142.205953,241.372941,59.949510,-0.004637,1,0
16.200000,-60.269579,207863.543008,179.692013,206141.341548,59.881559,207360.118629,97.767935,243.077245,-22.120288,241.713172,-142.176653,242.867951,59.945891,0.003435,1,0
16.233000,-60.090834,206562.936883,179.650384,208182.714149,59.673011,207896.107994,98.193018,244.341270,-22.495156,246.066771,-142.508816,244.051915,59.951211,-0.000070,1,0
16.267000,-60.190898,208046.189290,179.931841,207693.184967,59.731087,206213.036749,97.585588,241.687815,-22.079136,244.541287,-142.129177,242.931883,59.945306,0.011146,1,0
16.300000,-60.267661,207734.464859,179.676420,207619.744757,59.664747,207448.056127,97.999906,242.099556,-22.213070,240.808975,-142.061955,242.241783,59.944781,-0.004576,1,0
16.333000,-60.330060,207242.051635,179.843862,205935.948025,59.771944,208572.666575,97.614386,242.081150,-22.425285,240.416608,-142.086048,241.523922,59.945696,-0.007683,1,0
16.367000,-60.294836,207371.354593,179.735146,207739.458116,59.563804,208030.314918,97.818092,241.863254,-22.134644,244.004362,-142.540380,241.676789,59.938081,0.012390,1,0
16.400000,-60.372897,207346.787657,179.680927,206002.380667,59.862872,205700.468509,97.535277,242.306488,-22.402375,245.176601,-142.071920,241.160769,59.940808,-0.007928,1,0
16.433000,-60.233259,207343.887525,179.902399,207770.257684,59.857714,206793.151528,97.555879,242.169919,-21.917006,242.719688,-142.447827,244.894094,59.953020,-0.012089,1,0
16.467000,-60.261348,208665.693240,179.797973,206465.445323,59.800267,205893.947871,98.236191,241.680089,-22.320937,240.710662,-142.083210,241.003473,59.945620,0.016132,1,0
16.500000,-60.270283,207619.338495,179.606298,206714.686237,59.829187,207403.059198,97.782766,241.873401,-22.246576,241.592871,-141.969573,243.804886,59.936165,-0.002663,1,0
16.533000,-60.132543,207262.415657,179.763058,207079.460120,59.687181,207960.590333,97.931551,240.742422,-22.356003,242.455638,-142.137090,242.061834,59.949904,0.010579,1,0
16.567000,-60.276042,208407.161146,179.687721,206468.597615,59.811455,207754.576096,97.852141,239.899016,-22.264609,240.087579,-142.363227,241.862865,59.935304,0.004432,1,0
16.600000,-60.435028,205916.622745,179.762872,206495.528078,59.737056,205743.527492,97.592731,242.769592,-22.124121,242.481996,-142.258074,240.308017,59.941281,-0.007558,1,0
16.633000,-60.098309,206074.104062,179.762617,205866.845793,59.698332,206825.572237,98.063628,241.999927,-22.352871,243.676028,-142.222313,241.915098,59.943008,0.002563,1,0
16.667000,-60.171519,208097.853563,179.806038,205092.474834,59.712277,208853.306148,97.912099,242.102031,-22.052720,244.142227,-142.284917,243.326155,59.944053,0.005818,1,0
16.700000,-60.522118,205086.800646,179.552177,206402.279235,59.742331,205504.792889,97.717304,240.131597,-22.337867,242.469572,-142.259295,242.506773,59.946760,0.002689,1,0
16.733000,-60.381975,205776.804886,179.607626,204429.479669,59.850960,205543.325675,97.550689,242.832765,-22.563276,240.970762,-142.086817,241.057022,59.949090,-0.005229,1,0
16.767000,-60.306216,206922.319450,179.825070,206415.505631,59.786888,206721.805934,97.798560,242.911516,-22.409366,240.948093,-142.252408,242.221056,59.941064,-0.007574,1,0
16.800000,-59.993100,207048.917420,179.517281,207403.345160,59.813995,207733.463778,98.017075,242.874890,-22.489419,242.137072,-142.013305,241.532091,59.943570,0.000600,1,0
16.833000,-60.141633,206944.545664,179.888449,206264.880508,59.896844,206463.490846,97.451516,239.558426,-22.176007,243.193871,-142.139496,240.295771,59.942574,0.000249,1,0
16.867000,-60.331069,205688.013785,179.672944,205133.496561,59.734697,208192.361494,97.732273,240.579029,-22.248529,239.859968,-142.167982,240.803807,59.938727,-0.005661,1,0
16.900000,-60.283715,208182.944982,179.779712,205686.796886,59.675153,208540.819751,97.500398,242.167967,-22.358003,242.581451,-142.361584,241.506464,59.939769,-0.002108,1,0
16.933000,-60.342670,207136.160572,179.745252,206851.878684,59.749451,207369.706840,97.551324,242.599776,-22.492666,241.864512,-141.902159,242.310807,59.933228,-0.008101,1,0
16.967000,-60.292557,207156.485315,179.595493,208069.583183,59.834979,206894.152247,97.647427,242.800142,-22.275188,241.339700,-142.331323,242.122690,59.934304,-0.004867,1,0
17.000000,-60.399167,207946.289814,179.449766,207292.758606,59.722419,206609.467505,97.621400,240.594629,-22.456397,238.028750,-142.473780,240.707150,59.941431,-0.009652,1,0
17.033000,-60.426982,205790.908960,179.603659,207131.560061,59.580513,208001.459784,97.861213,241.298479,-21.916044,242.592769,-142.299180,239.830010,59.940756,-0.004987,1,0
17.067000,-60.386198,207691.085380,179.603855,207118.912554,59.643784,208409.705182,97.533607,239.689110,-22.343342,238.742693,-142.251841,238.082860,59.933533,-0.008851,1,0
17.100000,-60.203057,207337.906332,179.517198,206748.194750,59.682609,207692.628768,97.723477,239.949776,-22.435388,238.426822,-141.965377,242.416473,59.930587,0.007872,1,0
17.133000,-60.365038,207073.978442,179.776685,206721.988438,59.744125,207298.752985,97.683886,239.776302,-22.066543,239.209681,-142.353236,238.434037,59.937896,0.003072,1,0
17.167000,-60.215897,207577.129037,179.799170,208992.068625,59.634020,206386.046914,97.747899,238.794373,-22.534843,241.078339,-142.466988,237.014388,59.934406,0.004551,1,0
17.200000,-60.379385,207744.039571,179.766731,206704.693106,59.630249,207165.503757,97.763019,236.862538,-22.267525,238.063331,-142.275781,239.360939,59.942559,0.010618,1,0
17.233000,-60.367707,207755.704577,179.504663,205696.091639,59.710740,206919.196931,97.948810,237.130554,-22.537383,240.136911,-142.276080,238.439511,59.941420,0.004103,1,0
17.267000,-60.259625,207542.018322,179.559020,207983.227998,59.654690,208391.120437,97.562979,237.506047,-22.411215,238.410311,-142.057059,238.487552,59.939579,-0.017661,1,0
17.300000,-60.265410,206043.265560,179.840226,208153.314280,59.688717,208858.141599,97.790113,238.113785,-22.386966,238.935572,-141.970869,238.619369,59.936170,-0.014502,1,0
17.333000,-60.309928,206084.978548,179.496582,207528.812486,59.699242,207318.311166,97.746852,236.862170,-22.748583,237.290381,-142.370453,236.827507,59.934488,0.003966,1,0
17.367000,-60.076586,207602.998274,179.576832,205597.589013,59.722373,206928.662448,97.648856,234.915425,-22.292413,239.019396,-142.249724,240.886675,59.939607,0.006924,1,0
17.400000,-60.428296,206722.561136,179.975643,207793.772074,59.580111,207497.136083,97.449333,237.000744,-22.494126,238.626426,-142.556908,238.169078,59.939965,-0.003524,1,0
17.433000,-60.298131,207171.868140,179.729620,206744.648950,59.670151,206569.493723,97.736679,240.932157,-22.139064,239.327249,-142.501550,236.390870,59.936018,0.003829,1,0
17.467000,-60.287758,207266.822484,179.590495,208199.398652,59.669937,205142.136364,97.696727,237.447660,-22.610802,239.474454,-142.226413,238.183143,59.936266,0.003572,1,0
17.500000,-60.327123,206413.804235,179.595668,207796.867307,59.659200,207134.617669,97.483311,239.153531,-22.320204,238.175839,-142.455488,238.165752,59.933119,0.003919,1,0
17.533000,-60.392692,207454.944616,179.492073,205977.607932,59.700865,207509.117833,97.434676,238.234066,-22.829309,239.725047,-142.298414,237.357467,59.930389,0.003114,1,0
17.567000,-60.463983,205529.666060,179.704933,205754.678782,59.577496,206546.969690,97.277963,238.689152,-22.256456,237.304514,-142.688758,238.911218,59.936337,-0.005730,1,0
17.600000,-60.378539,206030.085015,179.876846,206229.028776,59.701560,208621.383718,97.617325,239.426426,-22.299234,239.053533,-142.495924,236.354332,59.934386,-0.003064,1,0
17.633000,-60.260444,205791.141787,179.591656,207923.142286,59.709374,205729.398914,98.060586,238.519571,-22.171170,238.849954,-142.318683,238.003364,59.942224,0.000210,1,0
17.667000,-60.358699,206059.659053,179.486463,205549.340660,59.576525,204646.724253,97.765558,237.167175,-22.564172,242.531793,-142.304001,238.179597,59.933278,-0.011960,1,0
17.700000,-60.316411,206883.942836,179.630261,205513.455191,59.531410,207366.297254,97.495694,237.994943,-22.185149,240.115947,-142.447962,236.613249,59.936553,-0.003911,1,0
17.733000,-60.422810,207159.209767,179.609446,206774.312447,59.455239,206899.993569,97.485118,239.995800,-22.307180,237.926754,-142.586195,237.985543,59.933436,0.006604,1,0
17.767000,-60.327751,206389.282116,179.500898,206266.779741,59.732274,208000.032913,97.382971,239.709221,-22.155928,235.460566,-142.377395,236.396587,59.935102,-0.005053,1,0
17.800000,-60.371393,207565.939608,179.476028,208148.971793,59.518953,207051.795532,97.759994,237.659716,-22.599744,237.397687,-142.159136,235.647634,59.933708,-0.010876,1,0
17.833000,-60.574162,206791.003112,179.694658,207072.155341,59.615945,207614.028461,97.169169,239.128519,-22.231773,235.423060,-142.245255,237.664517,59.939606,0.001893,1,0
17.867000,-60.420955,207728.320047,179.620173,206138.523390,59.610828,207766.350901,97.829577,237.057864,-22.183659,238.893117,-141.950739,238.545055,59.933888,-0.007530,1,0
17.900000,-60.316795,206886.782817,179.624508,207640.344290,59.469114,207175.272370,97.634248,237.471538,-22.179565,238.905019,-142.330248,238.830193,59.937528,-0.001125,1,0
17.933000,-60.503610,206801.211414,179.535496,206499.549376,59.743998,208368.914000,98.067151,235.486346,-22.580275,238.404369,-142.041440,237.055132,59.944634,0.011018,1,0
17.967000,-60.306777,207830.658669,179.660044,207264.559007,59.658018,206584.469645,97.774072,239.654870,-22.053411,236.782106,-142.411866,238.866870,59.935859,-0.008691,1,0
18.000000,-60.428979,207369.328295,179.661799,205959.347080,59.533349,206425.732414,97.580391,237.905596,-22.443860,239.796975,-142.481346,242.062771,59.940588,-0.000893,1,0
18.033000,-60.171604,207042.383228,179.752163,207561.068326,59.771885,206012.781724,97.708403,240.882603,-22.261636,239.524528,-142.400242,237.606471,59.934063,0.006654,1,0
18.067000,-60.297236,205641.829418,179.497281,205846.085604,59.661945,206905.652516,97.730842,237.523914,-22.493639,239.115778,-142.563268,238.965613,59.945512,0.011008,1,0
18.100000,-60.372245,206989.953961,179.449038,206192.953032,59.698929,206491.659051,97.771736,237.986801,-22.163032,239.087555,-141.972722,236.634572,59.950580,-0.010267,1,0
18.133000,-60.432459,207229.773807,179.663626,206247.021561,59.621775,206304.493322,97.724718,235.687446,-22.527703,234.632569,-142.483921,235.063344,59.939991,0.004649,1,0
18.167000,-60.263975,206710.666040,179.756163,206833.069444,59.674002,207613.856806,97.884246,240.172730,-22.287520,239.638809,-142.439087,237.848207,59.945913,-0.003503,1,0
18.200000,-60.414578,208298.668346,179.492007,204707.499655,59.824188,207050.563876,97.639294,236.713722,-22.460316,236.770713,-142.036315,238.099753,59.944743,-0.001470,1,0
18.233000,-60.372074,206813.901206,179.712275,208321.982545,59.548699,206108.731064,97.751767,235.712596,-22.599308,237.809197,-142.879225,239.215849,59.946551,0.002064,1,0
18.267000,-60.275988,208986.688011,179.864404,207274.240524,59.682501,207251.942204,97.845151,241.124972,-21.977021,238.953024,-142.435261,239.578575,59.940817,-0.006707,1,0
18.300000,-60.205202,206280.892946,179.759683,206997.228913,59.852029,206166.568523,97.814867,240.544174,-22.103532,238.499530,-141.994592,237.244854,59.955739,0.007088,1,0
18.333000,-60.119818,206442.930614,179.606695,206837.461033,59.629589,205835.406774,98.176867,236.776854,-22.425870,239.013461,-142.619365,237.192844,59.944707,0.010766,1,0
18.367000,-60.129343,206690.838668,179.785733,207035.569573,59.735054,207244.798903,98.149385,237.044058,-22.226578,241.093060,-142.394632,238.199415,59.946977,-0.002578,1,0
18.400000,-60.285872,207546.132993,179.689973,206354.840111,59.593361,206692.830430,97.530074,240.197705,-22.222678,237.808617,-142.281503,235.928650,59.940474,0.016031,1,0
18.433000,-60.174105,206954.524113,179.898948,205807.856387,59.608533,207226.736312,97.952237,241.282653,-21.976157,239.312970,-142.511647,239.118570,59.944584,-0.014225,1,0
18.467000,-60.263338,206771.101456,179.810385,207555.764746,59.779127,205739.825823,97.869971,236.845087,-22.566739,240.130275,-142.074797,240.332681,59.940412,-0.000576,1,0
18.500000,-60.303491,206902.024018,179.774126,205999.942869,59.926703,206120.011732,97.727828,240.302789,-21.901547,240.153029,-142.332296,238.944291,59.945695,-0.000677,1,0
18.533000,-60.355505,207245.909244,179.813794,207710.682152,59.914957,206372.328220,97.700197,240.866233,-22.076126,236.999882,-141.946216,239.934818,59.958838,0.006214,1,0
18.567000,-60.208882,207629.894967,179.636595,207439.791586,59.677218,206500.295417,97.906601,239.201176,-22.229155,236.215215,-142.229731,239.444069,59.958812,-0.002344,1,0
18.600000,-60.242518,207328.425609,179.726390,206757.987847,59.803262,206642.872581,97.757460,240.068956,-22.166369,236.036657,-141.800970,239.894835,59.952873,0.006573,1,0
18.633000,-60.243182,205781.227266,179.657231,205672.958071,59.704165,206869.758578,98.085704,239.677488,-22.103439,238.264974,-142.076885,238.464670,59.960849,0.010818,1,0
18.667000,-60.271602,207346.926808,179.728583,207914.271884,59.622922,206456.978850,97.811357,239.891332,-22.174883,239.148858,-142.271953,238.737292,59.960629,0.008740,1,0
18.700000,-60.333632,207711.231838,179.746887,207047.839924,59.750447,207609.863907,97.734712,239.016530,-22.533264,242.157899,-141.973302,236.483927,59.955902,-0.002473,1,0
18.733000,-60.079510,207815.481720,179.904251,207952.038385,59.769854,206870.831563,97.829294,239.319426,-21.899863,238.267671,-142.405887,235.873506,59.958719,-0.011704,1,0
18.767000,-60.280725,207995.704735,179.670323,205873.801199,59.671639,206924.806672,97.736985,238.643727,-22.648671,239.951099,-142.314668,236.941269,59.966432,0.006036,1,0
18.800000,-60.150007,206993.623266,179.814736,208578.297616,59.833307,205764.755853,97.769789,237.150301,-22.183603,236.328635,-142.226054,238.417726,59.959786,-0.002352,1,0
18.833000,-60.163997,207091.084406,179.760782,208546.750959,59.873848,206304.689947,97.828005,236.771317,-22.528057,238.169296,-141.998064,239.504507,59.957374,0.003721,1,0
18.867000,-60.235725,206751.830744,179.758599,208109.251681,59.959795,206846.459282,97.742744,237.475196,-22.279793,235.616957,-142.265177,235.089605,59.958613,0.004701,1,0
18.900000,-60.255726,208253.877416,179.569681,206716.490067,59.839523,206492.504487,97.474609,239.293441,-22.695905,235.554277,-142.005318,233.615371,59.965465,0.001734,1,0
18.933000,-60.224362,205750.535389,179.856267,206370.248690,59.687132,205445.513091,98.156863,237.732291,-21.878417,239.648761,-142.344807,234.987258,59.954127,0.004041,1,0
18.967000,-60.199113,206745.305651,179.721774,207139.075378,59.716369,206068.962754,97.969108,236.951214,-22.098746,238.182450,-142.121065,235.827260,59.961428,-0.002551,1,0
19.000000,-60.331067,206303.679165,179.838024,206821.303926,59.671181,208456.477386,97.779895,236.353837,-22.049112,234.989274,-142.193572,234.642558,59.966338,0.011014,1,0
19.033000,-60.254036,207394.722423,179.784336,207726.364734,59.766676,208560.039893,97.775323,236.204014,-22.090236,233.144486,-141.958410,236.171701,59.966830,0.006610,1,0
19.067000,-60.264499,206826.076710,179.593986,207111.139494,59.797109,207484.493154,97.466721,235.707172,-22.287133,238.743311,-142.068753,234.787202,59.968459,0.012692,1,0
19.100000,-60.297132,206741.037111,179.729426,206455.736745,59.691407,207971.155802,97.876614,236.117384,-22.449952,236.375283,-142.076475,236.588020,59.973142,-0.008681,1,0
19.133000,-60.234590,207699.711723,179.695098,206326.439066,59.970639,206186.946071,97.838614,238.818775,-22.235291,239.314345,-141.955158,239.539090,59.972020,-0.019157,1,0
19.167000,-60.479627,205735.801747,179.823699,207730.007290,59.783653,206350.641107,97.354601,239.246294,-22.378307,238.687894,-142.220472,236.839555,59.960002,0.001331,1,0
19.200000,-60.256065,207742.813764,179.830242,206165.231524,59.864890,206558.740830,97.843641,236.964790,-22.293290,236.185654,-142.245230,237.758624,59.973158,-0.008374,1,0
19.233000,-60.193837,204484.126690,179.599176,205361.400080,59.864968,206733.157579,97.935917,237.705736,-22.395653,235.022157,-141.960443,236.219116,59.974414,-0.007380,1,0
19.267000,-60.280809,206060.508161,179.683727,205494.745862,59.870387,205173.332923,97.769489,236.825489,-21.959663,239.025309,-142.131746,237.072138,59.963336,-0.003506,1,0
19.300000,-60.072816,208545.428119,179.747482,207183.074099,59.694252,205080.910871,97.987715,236.630203,-22.059793,238.546552,-142.287214,239.286961,59.967104,0.006215,1,0
19.333000,-60.244531,207209.557200,179.756830,203759.305915,59.536676,207231.173263,98.112210,239.557734,-22.082183,237.587998,-142.629946,239.378377,59.971715,0.016652,1,0
19.367000,-60.277824,206535.797273,179.866389,206707.515550,59.877485,207404.413257,97.578414,241.158904,-22.177844,240.599039,-142.269052,242.355176,59.963846,0.003424,1,0
19.400000,-60.140827,206934.198330,179.796237,207573.139190,59.696627,206235.996947,97.806874,240.587404,-22.167138,238.362549,-142.540342,241.363388,59.968183,0.004041,1,0
19.433000,-60.385199,208665.241386,179.598304,206777.362706,59.659053,205915.608401,97.718879,240.122715,-22.328511,239.050357,-142.183015,240.277038,59.972811,0.005268,1,0
19.467000,-60.304601,208393.507503,179.653289,207648.499412,59.876313,209656.979585,97.494771,240.903587,-22.480704,239.647033,-141.850032,238.654417,59.976062,0.006226,1,0
19.500000,-60.336312,206193.215215,179.511505,207317.552225,59.732480,208113.806751,97.595042,238.466969,-22.559521,237.022387,-142.296339,240.811117,59.973497,-0.006970,1,0
19.533000,-60.294922,206934.262155,179.542675,207061.321579,59.699624,206608.958069,97.711347,241.422172,-22.607788,243.119517,-142.214642,243.387833,59.974870,0.005048,1,0
19.567000,-60.320943,207502.518414,179.624343,208283.730745,59.622006,206790.433662,97.740542,238.724134,-22.017945,241.892925,-142.486417,239.564785,59.973107,0.003786,1,0
19.600000,-60.198919,207999.187109,179.744793,207762.667212,59.789843,206926.242400,97.622036,237.716366,-22.361654,242.105202,-142.465253,240.423093,59.973283,0.008350,1,0
19.633000,-60.328205,207909.314841,179.802843,207381.543112,59.961337,207937.759140,97.481317,239.335562,-22.135620,241.462973,-142.027333,241.155667,59.971247,0.002349,1,0
19.667000,-60.284347,207982.214664,179.781943,206780.795442,59.488394,206072.981649,97.691115,238.014396,-22.176484,239.839536,-142.028422,239.798328,59.968427,0.001179,1,0
19.700000,-60.385095,206106.617847,179.680116,206956.255621,59.800704,206585.785217,97.407279,239.423183,-22.485814,242.649281,-142.063496,240.408104,59.973279,0.003443,1,0
19.733000,-60.408259,207488.007267,179.696678,207927.588126,59.668571,206167.759446,97.773447,240.079492,-22.443885,240.710276,-142.385574,243.188884,59.962599,0.002480,1,0
19.767000,-60.397447,207603.986911,179.763984,206845.402324,59.629836,207791.166321,97.223492,241.491495,-22.221618,243.165057,-142.287381,239.741297,59.967798,0.002347,1,0
19.800000,-60.385009,205790.835646,179.655319,206571.740123,59.675384,207763.135062,97.692671,239.379926,-22.264338,241.046181,-142.467259,239.930057,59.959400,-0.005815,1,0
19.833000,-60.330989,207888.712672,179.708379,209129.982802,59.565737,208541.107074,97.463626,238.634652,-22.265556,240.476638,-142.210017,239.503886,59.968087,-0.004626,1,0
19.867000,-60.421765,206958.031206,179.529534,206920.271834,59.724819,207582.759277,97.621499,240.250257,-22.518260,236.910453,-142.413450,242.192194,59.962762,-0.003642,1,0
19.900000,-60.360708,207111.774936,179.675179,208953.532292,59.597463,207568.615250,97.620600,239.163468,-21.889604,239.963579,-142.618204,238.803499,59.954604,-0.000033,1,0
19.933000,-60.545392,206074.874593,179.559347,208759.928932,59.650463,205886.197389,97.385864,238.915033,-22.502641,239.675545,-142.203864,237.988587,59.965466,0.011270,1,0
19.967000,-60.493152,209145.310808,179.740708,209472.910225,59.711446,207611.068457,97.552022,240.146646,-22.541659,239.864203,-142.383676,238.622720,59.969028,-0.013031,1,0
20.000000,-60.487602,207476.410820,179.682057,208790.766383,59.694408,207358.589236,97.338658,238.524992,-22.563051,240.236858,-142.410397,240.811751,59.964979,0.003529,1,0
20.033000,-60.349111,208290.947946,179.523109,206878.303264,59.677107,207865.480757,97.627677,240.909414,-22.419762,237.941025,-142.402494,237.411553,59.967640,-0.002789,1,0
20.067000,-60.466877,206502.448229,179.590315,206020.060925,59.545558,207332.423743,97.744634,238.730271,-22.402569,240.039818,-142.458160,238.076249,59.960344,-0.000398,1,0
20.100000,-60.276997,208949.894518,179.343133,206014.334230,59.473796,206959.130933,97.502397,238.046180,-22.844193,239.516619,-142.605454,239.322727,59.972333,0.013244,1,0
20.133000,-60.419812,207051.195509,179.610543,208564.408693,59.697241,206404.902500,97.720355,239.775562,-22.347689,238.497161,-142.270215,240.560418,59.981019,0.003820,1,0
20.167000,-60.545292,207799.507489,179.627431,206729.204549,59.310510,206903.996058,97.564683,238.512724,-22.476441,237.689921,-142.792646,240.110162,59.973166,0.008080,1,0
20.200000,-60.458714,208436.041502,179.632803,206133.076598,59.722870,206457.179215,97.800698,238.774681,-22.497013,236.290173,-142.061043,237.263155,59.968090,0.006587,1,0
20.233000,-60.335728,206235.650530,179.494805,206332.859591,59.471747,205197.685278,97.519967,236.982064,-22.402456,237.384450,-142.430077,239.060127,59.969179,0.006110,1,0
20.267000,-60.554429,206076.515031,179.717420,206058.161964,59.350111,205282.219505,97.615272,235.273953,-22.257200,239.053502,-142.875981,238.311824,59.960733,0.010704,1,0
20.300000,-60.424546,208266.983990,179.264083,207488.358619,59.343617,206957.107525,97.828459,238.604827,-22.672966,238.448993,-142.673609,236.499711,59.966582,-0.004688,1,0
20.333000,-60.272219,205324.593668,179.279167,206585.976713,59.480461,207474.406642,97.504243,236.368355,-22.646172,237.444098,-142.513442,236.533094,59.971893,0.002198,1,0
20.367000,-60.473569,205298.665150,179.560015,208501.601736,59.412135,207349.868625,97.346994,238.405202,-22.481169,237.205301,-142.675352,237.288059,59.972147,-0.007415,1,0
20.400000,-60.587828,205014.601383,179.610534,206968.597619,59.481808,208184.250148,97.080958,238.485876,-22.292758,240.056832,-142.284838,237.134826,59.964246,0.005190,1,0
20.433000,-60.536991,206306.811636,179.380781,206740.610868,59.358884,206779.426109,97.578930,236.861081,-22.621392,236.699223,-142.663417,237.962265,59.976327,0.001927,1,0
20.467000,-60.574776,206206.556859,179.536677,206149.664530,59.495569,208387.759685,97.300168,234.787881,-22.316739,237.364303,-142.683151,235.564918,59.968691,0.005822,1,0
20.500000,-60.637656,205767.386897,179.326980,206492.941309,59.495053,206193.290208,97.291279,235.331519,-22.222592,239.800159,-142.415310,235.425057,59.973920,-0.005229,1,0
20.533000,-60.588246,206250.237227,179.268355,206912.665445,59.440566,205485.876015,97.250606,236.248898,-22.918864,238.223836,-142.767602,237.776136,59.976474,0.010469,1,0
20.567000,-60.302284,205749.734033,179.532668,204779.236108,59.457838,205434.252724,98.040124,236.581579,-22.668162,236.021308,-142.906744,238.161436,59.977147,0.006823,1,0
20.600000,-60.495944,206655.077855,179.276393,205995.223201,59.532569,206460.637121,97.227925,237.647662,-22.639392,238.774930,-142.688313,237.602633,59.974519,-0.001262,1,0
20.633000,-60.484094,205946.457400,179.624614,207739.679807,59.435257,207435.903949,97.586254,237.322602,-22.221881,238.440144,-142.696588,238.534010,59.978471,-0.002474,1,0
20.667000,-60.632550,206470.828123,179.495392,208345.648822,59.336268,204766.060088,97.461934,240.761391,-22.488668,236.709902,-142.551479,238.466080,59.978921,0.011404,1,0
20.700000,-60.524119,204428.685573,179.453925,206540.561992,59.502889,205202.969189,97.286757,239.849293,-22.466860,240.490586,-142.473659,240.564930,59.968416,0.004585,1,0
20.733000,-60.589987,206560.949913,179.408966,206438.055461,59.394936,206183.352972,97.613835,240.098615,-23.011062,238.305260,-142.793209,236.493120,59.976803,-0.002854,1,0
20.767000,-60.632518,205305.608801,179.401866,206539.134118,59.710785,206405.673343,97.553100,240.225365,-22.918006,238.848748,-142.291576,239.800312,59.974602,0.003261,1,0
20.800000,-60.561747,206904.796717,179.663261,205884.208822,59.451753,206182.820149,97.159275,238.635605,-22.546109,239.274088,-142.219840,239.413876,59.972116,0.013796,1,0
20.833000,-60.493336,205039.854512,179.544524,205801.454423,59.407406,206237.991203,97.365340,238.411629,-22.406666,240.138676,-142.480948,236.969152,59.971638,-0.005542,1,0
20.867000,-60.421982,206817.302774,179.565952,205183.608864,59.404033,206813.258560,97.541654,238.349456,-22.307065,239.416464,-142.386993,240.563338,59.968943,-0.005121,1,0
20.900000,-60.534400,204791.691898,179.459624,205699.550598,59.365911,207345.271374,97.813072,239.214400,-22.695525,237.239511,-142.640451,239.629665,59.971637,0.003234,1,0
20.933000,-60.444334,206128.554894,179.275276,205938.938505,59.434732,207372.987382,97.212388,238.864090,-22.732510,236.065321,-142.664941,238.872205,59.967498,-0.007356,1,0
20.967000,-60.640896,207261.939802,179.390635,205791.742449,59.398959,204710.863275,97.273873,240.131261,-22.805192,238.454990,-142.696164,239.405282,59.973920,-0.001101,1,0
21.000000,-60.483473,204897.270756,179.554295,206362.274756,59.541676,206645.795773,97.534058,238.855152,-22.305899,242.093448,-142.555090,239.897998,59.969894,-0.005402,1,0
21.033000,-60.706765,205289.416493,179.464747,206382.023936,59.647909,205121.800930,97.719848,239.512578,-22.589861,240.975328,-142.149005,237.581990,59.969964,-0.004707,1,0
21.067000,-60.414876,206579.041789,179.544083,205299.119762,59.439528,207130.798706,97.867625,237.347979,-22.565107,241.109968,-142.399224,240.120613,59.966064,0.000129,1,0
21.100000,-60.589048,206609.236819,179.408344,206312.279579,59.268394,206164.589032,97.215933,240.130578,-22.496294,237.877004,-142.633505,239.660017,59.965799,-0.006254,1,0
21.133000,-60.462807,205175.879053,179.403236,207322.916140,59.419635,207496.621773,97.574639,239.026504,-22.652863,240.753148,-142.442457,238.167918,59.959627,0.002609,1,0
21.167000,-60.612682,206514.275019,179.460014,206401.632442,59.341698,206408.230782,97.247739,238.828019,-22.582859,238.459551,-142.824013,239.197363,59.957510,-0.006150,1,0
21.200000,-60.404506,206892.775480,179.433134,206181.917722,59.671984,206836.106996,97.682465,238.490793,-22.844155,238.676902,-142.204054,239.701056,59.961205,-0.007811,1,0
21.233000,-60.691609,205851.676949,179.353762,205487.903266,59.379571,206534.696567,97.146145,235.597450,-22.837875,239.509204,-142.835922,235.734404,59.956448,-0.005859,1,0
21.267000,-60.390738,206844.481335,179.465319,207297.455899,59.513067,205236.229664,97.627830,239.996071,-22.752314,236.212937,-142.709617,238.787310,59.958113,0.007380,1,0
21.300000,-60.425980,205659.029307,179.548506,205275.945227,59.688507,208430.797355,97.696660,236.961226,-22.536602,236.883973,-142.303642,237.607526,59.962612,-0.003163,1,0
21.333000,-60.321299,206929.872332,179.537125,205859.565263,59.605568,206455.682224,97.718314,237.032453,-22.602272,238.424590,-142.241966,238.078665,59.962681,-0.003926,1,0
21.367000,-60.369087,206561.491179,179.421888,208623.940081,59.496907,206540.160096,97.658415,236.375793,-22.758413,238.673420,-142.054853,238.720572,59.963140,0.004868,1,0
21.400000,-60.451239,206450.523406,179.748906,205397.666511,59.465049,205895.696203,97.651852,237.919731,-22.388994,237.228886,-142.591564,238.227709,59.959825,0.000328,1,0
21.433000,-60.531692,207534.177164,179.264391,207510.261862,59.710554,207690.457905,97.574455,238.560343,-22.277183,234.427708,-142.492436,236.927345,59.966626,0.008218,1,0
21.467000,-60.480237,208719.864135,179.589725,204904.560107,59.539288,205994.721899,97.282918,240.449713,-22.205203,237.284036,-142.820648,237.944190,59.965284,0.005579,1,0
21.500000,-60.468369,204493.676971,179.375177,205163.051625,59.536078,207780.935490,97.664786,238.795818,-22.677228,238.033292,-142.454120,238.909687,59.969496,0.005698,1,0
21.533000,-60.340430,206433.086831,179.531159,207836.302067,59.638377,207552.230898,97.842732,237.943823,-22.507380,239.457321,-142.436151,237.679285,59.965517,0.000080,1,0
21.567000,-60.541213,205161.124503,179.348931,206602.054966,59.432032,207588.384745,97.228783,240.082927,-22.620201,237.784059,-142.499938,238.716129,59.963630,0.013426,1,0
21.600000,-60.598739,205865.402816,179.493830,208478.311203,59.548602,207329.327192,97.328523,238.309884,-22.580216,238.002670,-142.409655,237.893394,59.969993,-0.002830,1,0
21.633000,-60.494534,206901.936915,179.401128,205365.227291,59.682221,207295.962133,97.662780,235.510110,-22.712852,236.419644,-142.174585,237.997726,59.961330,0.004937,1,0
21.667000,-60.639477,206872.379646,179.401139,205749.186076,59.487955,206564.867233,97.821901,237.335053,-22.737587,239.118723,-142.732577,238.192377,59.966816,-0.003541,1,0
21.700000,-60.316992,207921.717305,179.293099,205725.026166,59.250817,205214.051806,97.567827,237.010939,-22.619729,238.119710,-142.792543,233.997702,59.961692,0.000508,1,0
21.733000,-60.430054,205484.927733,179.631861,204196.471741,59.515424,206139.404356,97.792648,237.004773,-22.215200,236.244381,-142.459305,240.519536,59.968883,-0.000822,1,0
21.767000,-60.574199,205403.943722,179.549548,205975.916808,59.479380,207579.139635,97.423537,238.840480,-22.620891,237.449484,-142.436742,239.123683,59.966486,0.006718,1,0
21.800000,-60.618532,205980.785862,179.489329,206034.436677,59.279006,206078.201976,97.307649,238.198715,-22.688786,242.011281,-142.651899,236.521954,59.966991,-0.000443,1,0
21.833000,-60.440338,206853.821059,179.551534,205665.955882,59.458209,207710.027290,97.469696,237.981355,-22.436605,237.172146,-142.679798,236.956680,59.964609,-0.004496,1,0
21.867000,-60.483883,207417.223200,179.596785,206523.725167,59.475746,206807.322719,97.272740,235.260813,-22.778896,236.666604,-142.495873,238.213030,59.971633,-0.006351,1,0
21.900000,-60.489244,205723.896050,179.431080,207969.669907,59.595781,206405.457475,97.310075,235.050679,-22.534783,236.748851,-142.517958,239.557729,59.972988,0.018318,1,0
21.933000,-60.513886,204404.448677,179.463504,206216.376526,59.662406,208818.760181,97.343943,236.119113,-22.555783,237.381969,-142.658372,235.722388,59.964781,-0.007516,1,0
21.967000,-60.456068,206472.052118,179.572104,207524.593609,59.585015,207248.451182,97.798706,237.275010,-22.578781,236.990973,-142.412370,236.487747,59.972981,-0.003743,1,0
22.000000,-60.445628,205940.695981,179.616964,206903.645782,59.557057,207264.951111,97.745605,237.314273,-22.444767,236.095925,-142.320997,237.127588,59.964422,-0.001435,1,0
22.033000,-60.566385,206674.583390,179.655341,206294.835941,59.621286,205888.484401,97.430406,236.267998,-22.304858,234.589640,-142.447902,236.964613,59.967376,0.003624,1,0
22.067000,-60.286247,203970.532924,179.471707,205547.746683,59.507347,205937.809313,97.478017,235.681600,-22.600286,238.028315,-142.581530,236.230083,59.962886,0.007000,1,0
22.100000,-60.430323,206961.514713,179.594968,207243.139430,59.666293,206758.709818,97.483700,238.132677,-22.548291,237.963462,-142.153758,237.676204,59.963954,-0.003223,1,0
22.133000,-60.419378,205059.485159,179.623700,206753.908122,59.525611,207228.185027,97.528977,239.859962,-22.192210,239.554071,-142.544860,239.227885,59.965039,-0.006088,1,0
22.167000,-60.288135,205130.978148,179.267011,207381.533170,59.377348,207403.060556,97.390866,239.143931,-23.000065,237.776480,-142.437501,237.617915,59.960100,0.000888,1,0
22.200000,-60.595164,206816.086912,179.253807,206732.612894,59.281618,206914.571886,97.513210,236.235577,-22.739915,235.861486,-142.844525,234.934656,59.963480,-0.001762,1,0
22.233000,-60.638985,206084.707438,179.475562,207412.514012,59.381540,206594.530027,97.131444,237.667409,-22.459741,237.149575,-142.297740,237.153379,59.967304,-0.018802,1,0
22.267000,-60.513106,206378.709648,179.427622,207001.476457,59.409627,208646.699977,97.200027,234.806170,-22.490818,238.307126,-142.673465,238.449308,59.961496,-0.000271,1,0
22.300000,-60.437310,206598.713164,179.441414,206986.042989,59.497588,207021.754236,97.463191,236.701251,-22.445389,237.685249,-142.438576,236.940608,59.961624,0.006631,1,0
22.333000,-60.419258,205430.651682,179.432878,207108.212706,59.324835,206175.607187,97.306027,232.975121,-22.586822,236.571452,-142.605226,234.070237,59.961446,0.010439,1,0
22.367000,-60.584061,206257.544951,179.418888,207649.635656,59.479181,207547.307851,97.515123,235.879874,-22.764701,233.970251,-142.452369,236.397024,59.957663,-0.002687,1,0
22.400000,-60.719092,206270.803977,179.446453,206456.910293,59.383904,206571.997590,97.032993,235.171207,-22.382005,233.349845,-142.594632,234.054945,59.946656,0.004467,1,0
22.433000,-60.416647,205338.793471,179.360891,208037.948889,59.447629,206934.432007,97.531448,232.583721,-22.701240,235.428991,-142.312086,233.098311,59.956713,0.007170,1,0
22.467000,-60.542519,208307.433424,179.251761,206461.727828,59.480867,205914.961700,97.391769,234.999768,-22.883383,233.971208,-142.440100,232.549167,59.956806,-0.003357,1,0
22.500000,-60.579858,206562.079843,179.305362,208160.421222,59.301607,207660.964832,97.394693,233.926335,-22.895589,233.755840,-142.863303,234.140184,59.949572,-0.010623,1,0
22.533000,-60.599826,206763.988767,179.380707,206972.108314,59.359578,204768.289817,97.810153,232.782465,-22.529239,233.029432,-142.662034,231.600031,59.949855,-0.001837,1,0
22.567000,-60.618237,205959.582618,179.386251,207214.692881,59.331097,207261.977018,97.260208,232.308640,-22.794876,233.044694,-142.432452,237.804104,59.952909,0.007318,1,0
22.600000,-60.649688,207399.080383,179.304250,209051.600868,59.201676,207718.366605,97.312601,236.144973,-22.430852,232.961463,-143.006158,235.898680,59.953269,-0.000369,1,0
22.633000,-60.855594,206221.245070,179.333001,206578.139540,59.333402,207306.104597,97.159959,236.169394,-22.782142,236.203416,-142.728487,233.198026,59.953477,-0.003880,1,0
22.667000,-60.728442,206779.716343,179.302852,208807.233942,59.351905,207843.697714,97.096148,234.441064,-22.767924,235.273207,-142.586643,233.431692,59.946967,0.001308,1,0
22.700000,-60.720057,207071.752393,179.231485,207452.338252,59.247463,206348.369574,97.331224,234.358546,-22.645334,233.471664,-143.021137,233.004062,59.950366,-0.004653,1,0
22.733000,-60.594081,206652.215194,179.144579,207772.509314,59.489970,207690.561774,97.204053,233.464349,-22.892287,233.350140,-142.477389,234.593887,59.952673,0.002842,1,0
22.767000,-60.791001,207241.360711,179.205169,206860.550116,59.225319,206951.599042,97.585079,237.816769,-22.821546,234.473129,-142.801075,234.701370,59.948110,0.007168,1,0
22.800000,-60.735976,205497.193034,179.285815,206978.635181,59.274081,206342.546811,97.478010,233.344286,-22.683635,234.281994,-142.595506,235.607163,59.945378,0.013079,1,0
22.833000,-60.744657,208588.790483,179.168767,205066.320889,59.238904,206020.451655,97.189042,234.926495,-22.886104,232.326283,-142.846744,232.073089,59.948369,-0.012405,1,0
22.867000,-60.780217,206601.057731,179.254537,207185.804411,59.364989,207645.587613,97.471752,233.199338,-22.844113,233.967776,-142.812499,231.802205,59.946410,-0.000488,1,0
22.900000,-60.638023,206406.708048,179.234543,205711.132108,59.487115,207354.973163,97.390474,236.116846,-22.642752,235.123339,-142.275423,233.539520,59.952981,0.002375,1,0
22.933000,-60.706068,205430.984279,179.261574,207406.683280,59.326265,205602.368420,97.198002,234.987130,-22.851259,233.493100,-142.700602,236.524942,59.950278,0.014226,1,0
22.967000,-60.732004,208238.886535,179.375846,206248.544087,59.370373,208827.170938,97.176260,233.052221,-22.592326,234.629401,-142.731547,233.352906,59.941942,0.009097,1,0
23.000000,-60.678346,208973.878760,179.400596,205821.289096,59.337666,205362.554728,97.345470,235.324967,-22.559762,234.845044,-142.805235,233.539105,59.940305,0.002538,1,0
23.033000,-60.568906,207415.801437,179.199333,207670.903913,59.292235,205858.597551,97.406561,232.243308,-22.917726,232.485604,-142.416264,234.619057,59.940758,-0.015586,1,0
23.067000,-60.690976,207468.715833,179.256468,207927.592425,59.297653,207043.540747,97.447472,232.968267,-22.905224,232.704440,-142.287710,232.895271,59.946765,0.010820,1,0
23.100000,-60.481440,206059.190673,179.380633,206691.706045,59.351908,205626.728550,97.606874,230.580040,-22.437269,234.158881,-142.293019,231.572367,59.945316,0.005144,1,0
23.133000,-60.652668,208237.290441,179.248272,206930.605033,59.353784,207937.842620,97.281232,233.092801,-23.041132,232.821414,-142.571367,234.186048,59.937969,0.003798,1,0
23.167000,-60.662584,207017.465050,179.540124,208063.169579,59.453532,205624.050512,97.268720,231.646240,-22.387298,233.711369,-142.379074,232.422916,59.952869,0.013492,1,0
23.200000,-60.667223,205416.927197,179.261777,207371.072416,59.410047,206022.799615,97.291000,232.705004,-22.855139,233.275700,-142.790921,230.827847,59.957653,0.008136,1,0
23.233000,-60.535671,206894.005856,179.352615,206215.674491,59.392203,206481.648097,97.691818,232.708239,-22.933133,233.067281,-142.808786,234.548574,59.942115,-0.010324,1,0
23.267000,-60.673596,207519.547840,179.336105,206102.469985,59.387716,205565.373436,97.322811,233.769056,-22.580216,231.452418,-142.675080,233.418773,59.937220,-0.004430,1,0
23.300000,-60.637029,206741.723554,179.345122,207247.726932,59.303328,206369.435857,97.355899,231.350276,-22.828744,233.138032,-142.837687,234.339901,59.942368,0.010046,1,0
23.333000,-60.754819,208439.685088,179.312931,206421.789156,59.338526,205920.309017,97.039802,234.604983,-22.614112,234.471331,-142.549278,236.548914,59.945256,0.009635,1,0
23.367000,-60.567520,206263.571177,179.350774,207741.125019,59.431444,208164.517125,97.226113,233.267975,-22.619283,233.782358,-142.709298,236.732616,59.944114,0.001350,1,0
23.400000,-60.610702,206828.019273,179.367492,207903.105362,59.418951,206722.853512,97.297441,238.654572,-22.449049,236.510242,-142.288934,234.565891,59.941672,0.006905,1,0
23.433000,-60.505941,206236.306236,179.268396,207239.354005,59.434067,207284.888962,97.604975,236.850057,-22.832483,236.524824,-142.598648,237.292894,59.949074,0.002382,1,0
23.467000,-60.712090,207597.863063,179.586133,207956.395435,59.284352,207316.658994,97.256724,238.196558,-22.632067,236.022374,-143.095346,237.317597,59.953233,-0.000328,1,0
23.500000,-60.752036,206702.105897,179.352146,206551.481569,59.392205,205898.816280,97.133220,238.729598,-22.254262,239.433946,-142.489053,237.277959,59.946628,-0.000770,1,0
23.533000,-60.556080,208070.208477,179.313882,207084.282140,59.338848,205875.894886,97.222633,234.462299,-22.431771,236.957858,-142.682581,236.301752,59.951029,-0.013148,1,0
23.567000,-60.678229,207677.955178,179.381401,206478.784873,59.430883,209259.846426,97.305470,236.238807,-22.686599,235.615234,-142.462503,237.323839,59.952117,0.000373,1,0
23.600000,-60.751036,207527.944478,179.399136,207201.801186,59.426658,205676.979640,97.098568,235.374925,-22.494944,236.149115,-142.313057,238.531250,59.949110,0.003948,1,0
23.633000,-60.487365,205984.844168,179.479892,205887.328694,59.516826,206767.975666,97.506299,234.608966,-22.652075,237.149172,-142.654830,234.888262,59.945190,-0.000134,1,0
23.667000,-60.680619,206324.783535,179.407693,205015.669552,59.440612,206244.835782,97.275604,232.991095,-22.454686,237.434177,-142.626230,236.099972,59.953268,-0.009135,1,0
23.700000,-60.639472,206683.947420,179.312049,206140.424590,59.305017,207002.959347,97.344429,235.628888,-22.901345,235.115507,-142.639458,235.593660,59.949994,-0.003088,1,0
23.733000,-60.612089,207009.482621,179.396628,204581.585149,59.391748,207938.991357,97.438259,237.287371,-22.704298,236.355068,-142.564027,237.167691,59.939032,0.015295,1,0
23.767000,-60.647606,209245.720870,179.328910,207848.253050,59.289892,207670.979649,97.135522,237.090471,-22.988128,233.907284,-142.754230,235.672018,59.947623,-0.002881,1,0
23.800000,-60.617418,208663.254906,179.245555,207561.822743,59.486842,206650.520794,97.420695,235.793516,-22.914150,237.339017,-142.618085,234.348491,59.950344,0.006575,1,0
23.833000,-60.697229,205603.626629,179.217180,207402.266716,59.259674,207832.640872,97.332032,236.385841,-22.603645,234.033827,-142.655426,234.766894,59.946973,-0.001167,1,0
23.867000,-60.516751,206437.632101,179.350918,206618.301611,59.463651,207922.573906,97.462765,238.100663,-22.944494,235.675017,-142.523826,238.457992,59.948550,0.009084,1,0
23.900000,-60.573635,207142.531060,179.372438,205996.509872,59.295506,207245.765635,97.549131,235.900534,-22.588777,236.978269,-142.504653,236.378112,59.947390,-0.004190,1,0
23.933000,-60.458762,206474.215943,179.367139,208053.101012,59.407896,207270.545933,97.445210,234.883992,-22.436057,235.112999,-142.594080,237.347386,59.948803,0.009789,1,0
23.967000,-60.509808,207077.588083,179.205447,206936.290904,59.461799,206118.492440,97.063545,236.377217,-22.830910,235.505338,-142.661246,236.504712,59.953386,0.011466,1,0
24.000000,-60.614356,206485.490987,179.438711,208231.371187,59.399142,208463.944465,97.245114,237.118670,-22.522020,238.301519,-142.552911,234.790458,59.958091,-0.003275,1,0
24.033000,-60.782278,207301.260117,179.397908,206745.352927,59.352316,208800.632935,97.093941,234.462056,-22.657005,235.739646,-142.706509,235.160817,59.958563,0.003096,1,0
24.067000,-60.390308,207916.749691,179.419158,206897.363947,59.401739,207695.925613,97.359596,233.985472,-22.566804,234.161887,-142.387353,236.893983,59.951391,0.002163,1,0
24.100000,-60.617710,205178.461801,179.499080,206186.957757,59.279564,206275.907014,97.655845,236.244384,-22.435559,235.685631,-142.768203,235.245955,59.949934,0.007632,1,0
24.133000,-60.664869,206876.659178,179.460813,208265.649871,59.226955,206465.676445,97.302166,236.899879,-22.368683,235.043845,-143.080083,233.405884,59.959576,-0.003999,1,0
24.167000,-60.579109,206244.044504,179.545543,207532.818184,59.347385,206439.341576,97.798280,234.444356,-22.329097,232.807695,-142.757708,234.751188,59.954090,0.000216,1,0
24.200000,-60.506866,205829.208058,179.195417,206193.016989,59.459798,207910.121429,97.508853,233.056878,-22.942464,232.062429,-142.550136,234.471696,59.951619,-0.004003,1,0
24.233000,-60.503928,205371.672050,179.348211,206946.319271,59.455194,207421.416495,97.121530,234.371685,-22.478307,232.283330,-142.421539,233.908051,59.940692,-0.010665,1,0
24.267000,-60.757844,206573.828492,179.353374,206592.721006,59.281857,207321.121396,97.226238,236.737021,-22.374824,235.642494,-142.702049,235.622420,59.944858,-0.001492,1,0
24.300000,-60.652211,206910.064095,179.238324,206652.352440,59.400913,205972.098815,97.335258,236.546086,-22.738629,235.298110,-142.631859,236.226813,59.942160,0.007202,1,0
24.333000,-60.522831,205938.971197,179.254321,206503.304021,59.489955,206866.621563,97.705647,237.014276,-22.691023,235.502123,-142.637831,237.451135,59.949309,-0.001529,1,0
24.367000,-60.711130,206075.326659,179.296940,206325.053820,59.310725,208069.264952,97.353467,236.640812,-22.821884,233.938090,-142.666497,231.361272,59.945644,-0.007862,1,0
24.400000,-60.528918,206086.086401,179.435762,205447.293363,59.518110,205088.777402,97.478469,234.240897,-22.464280,234.665796,-142.220190,235.368445,59.941902,-0.003378,1,0
24.433000,-60.630768,206848.078983,179.601387,206266.526279,59.217882,206319.121884,97.421185,235.098872,-22.321090,233.612453,-142.917226,235.265375,59.947202,0.002329,1,0
24.467000,-60.706164,204928.209149,179.309556,206708.227033,59.388137,206739.126926,97.047842,234.874964,-22.676884,233.993512,-142.611838,232.831847,59.946278,-0.008588,1,0
24.500000,-60.541054,206660.681438,179.250972,207319.998336,59.382934,206209.941788,97.406320,235.198676,-22.776457,233.700053,-142.900022,233.567619,59.949402,-0.003352,1,0
24.533000,-60.591343,206811.495584,179.398261,207880.088830,59.162408,205998.237886,97.181702,234.598061,-22.529301,235.168419,-142.806944,234.647490,59.942860,0.002042,1,0
24.567000,-60.525757,206782.418273,179.344852,206532.266988,59.351671,207194.401165,97.554051,235.197134,-22.635275,235.200543,-142.869857,234.089058,59.941659,-0.003989,1,0
24.600000,-60.651635,206624.119768,179.267424,206853.868279,59.310050,206347.061892,97.284179,237.557451,-22.812744,233.470433,-142.763017,236.852534,59.947904,0.000494,1,0
24.633000,-60.726114,205466.806744,179.559772,206265.511054,59.331738,206802.559408,97.316688,238.053433,-22.308115,236.117402,-142.604456,238.887883,59.950313,0.004973,1,0
24.667000,-60.569040,205937.083382,179.471663,205660.431940,59.324171,205357.166445,97.306126,237.893490,-22.644665,234.942310,-142.626479,235.902019,59.950425,0.008232,1,0
24.700000,-60.652095,207514.254318,179.489889,206777.505082,59.346489,206119.117837,97.429809,235.492995,-22.464630,234.953467,-142.813355,239.845249,59.950818,-0.010712,1,0
24.733000,-60.708282,205811.148121,179.231442,206043.288488,59.341404,206790.930968,97.028498,236.100353,-22.750468,235.618486,-142.634954,234.774845,59.949318,0.007028,1,0
24.767000,-60.955326,207197.111711,179.321055,206110.784237,59.160446,207324.596838,97.157692,235.911337,-22.911109,235.725045,-142.706157,236.531529,59.957806,-0.000628,1,0
24.800000,-60.852744,206422.927974,179.198947,207511.822850,59.247090,207546.218174,96.963776,236.830706,-23.261099,234.532426,-142.533123,233.939195,59.942759,-0.007511,1,0
24.833000,-60.644669,207594.927730,179.168481,205264.393436,59.320895,205860.450918,97.730648,237.371687,-22.827226,234.912455,-142.735536,235.978309,59.947779,-0.002323,1,0
24.867000,-60.657791,207004.097715,179.212321,206041.808179,59.393743,205658.035092,97.045379,234.039832,-22.914276,233.510278,-142.427678,235.622181,59.949514,-0.004145,1,0
24.900000,-60.741112,205530.438944,179.218061,206304.195768,59.247090,207019.671217,97.336314,237.298898,-22.816838,232.079695,-142.826356,237.564916,59.951031,0.002985,1,0
24.933000,-60.674610,205476.794008,179.414131,206440.121329,59.321386,205238.989231,97.147540,237.554837,-22.798942,238.322012,-142.874812,236.334820,59.944529,0.010377,1,0
24.967000,-60.588867,207302.467855,179.227279,206042.878564,59.384546,208284.439075,97.446072,233.406527,-22.453914,236.072332,-142.706787,237.939296,59.948414,0.008460,1,0
25.000000,-60.696533,205924.932903,179.397845,207165.252521,59.338628,206279.179429,97.234606,236.458489,-22.267963,236.025729,-142.810911,234.904619,59.947642,0.014770,1,0
25.033000,-60.793590,206089.463993,179.275269,207547.742099,59.324308,208693.281035,97.136050,236.055209,-22.833186,236.307455,-142.546013,233.693136,59.950480,0.003049,1,0
25.067000,-60.835444,206477.036442,179.098322,205692.843888,59.265161,205656.653237,97.276379,235.051655,-22.907060,235.218388,-142.402502,236.805016,59.945923,0.009500,1,0
25.100000,-60.741309,206970.799108,179.218058,207233.567371,59.417141,207450.644426,97.366089,235.316353,-22.908505,236.025246,-142.341226,236.552535,59.945025,-0.001232,1,0
25.133000,-60.738540,206143.113898,179.337690,206555.812536,59.144129,206389.161365,97.376775,235.938903,-22.532677,235.460970,-142.492060,236.227185,59.942772,0.002933,1,0
25.167000,-60.743174,204894.271268,179.123396,205557.981138,59.177990,207407.516351,97.436598,237.338795,-22.922992,237.512473,-142.590980,238.063456,59.940258,0.001879,1,0
25.200000,-60.746516,204584.241957,179.077490,206517.912946,59.355521,206569.077106,97.008606,235.021504,-22.845099,234.462786,-142.527897,236.776991,59.944229,0.001884,1,0
25.233000,-60.683063,206898.567613,179.099171,206319.706670,59.218154,208682.678005,97.356769,236.537485,-22.909040,237.668072,-142.645089,235.909636,59.942041,-0.013766,1,0
25.267000,-60.823247,207796.314879,179.280623,208128.710656,59.235366,205872.510860,97.214367,235.322723,-23.032160,235.347291,-142.825337,236.440954,59.942165,-0.002169,1,0
25.300000,-60.670132,208071.428170,179.300452,207324.594693,59.286465,206459.526920,97.303438,234.759061,-22.374336,234.467206,-142.769344,233.173855,59.940422,-0.004467,1,0
25.333000,-60.632675,208234.441101,179.213268,206686.344620,58.993372,207649.321432,97.607093,234.388679,-22.620968,234.103764,-142.844465,234.203917,59.942745,0.002282,1,0
25.367000,-60.727161,208194.935855,179.162900,207090.032120,59.291870,207089.400051,97.621172,234.851203,-23.037244,237.691522,-142.611748,234.829413,59.949436,0.006595,1,0
25.400000,-60.636656,206714.269566,179.105895,206175.461091,59.202913,208151.170250,97.721175,235.447497,-22.646314,237.943217,-143.068191,234.191332,59.947105,-0.003264,1,0
25.433000,-60.911597,208516.760824,179.192960,208018.759794,59.264580,208199.045768,97.081046,235.115965,-22.796332,235.912719,-142.822791,235.167878,59.940321,0.009290,1,0
25.467000,-60.709007,206208.876124,179.236022,207230.011991,59.192171,206909.701933,97.259116,235.820393,-22.895884,235.489003,-142.760884,237.513753,59.937634,0.009635,1,0
25.500000,-60.800438,206602.890913,179.170590,206243.961601,59.127980,207587.939739,96.985668,234.667021,-22.602247,234.901361,-142.871609,233.203790,59.931616,-0.000444,1,0
25.533000,-60.990275,206824.202056,179.270707,206750.858671,59.181706,207738.461614,96.913551,235.292801,-22.764079,234.559989,-142.627495,238.098023,59.937011,0.009877,1,0
25.567000,-60.912042,207303.057172,179.084178,207439.616850,59.319266,206127.312969,97.338625,236.300671,-22.941605,237.434283,-142.993927,236.083188,59.940361,0.007023,1,0
25.600000,-60.864685,207323.150159,179.116270,206695.181798,59.250597,207667.925264,97.239191,235.531339,-22.619985,234.282912,-142.891608,235.958969,59.940149,-0.003458,1,0
25.633000,-60.667034,208935.887045,179.123125,207800.931000,59.127396,206347.258676,97.192207,236.699600,-23.065134,235.095358,-142.637217,237.168901,59.940307,-0.005997,1,0
25.667000,-60.850095,205669.782427,179.206225,206184.601476,59.064276,207793.168802,97.145216,234.903731,-22.990564,230.772686,-142.858040,234.987895,59.941111,0.001754,1,0
25.700000,-60.761590,207649.751919,179.188289,206585.391495,59.138000,206674.611342,97.156358,235.203025,-22.956478,233.973965,-143.145090,234.521611,59.934078,0.008927,1,0
25.733000,-60.852205,208208.656291,179.215198,207918.690423,59.321122,206418.047125,96.827410,232.284977,-22.815334,233.076282,-142.616720,233.358972,59.939437,0.000821,1,0
25.767000,-60.870420,207961.575234,179.186096,207481.076112,59.064910,206742.307466,97.073478,234.718167,-23.097334,234.644502,-142.902951,233.530076,59.934671,0.006126,1,0
25.800000,-60.774085,205232.729786,179.197053,206393.463988,59.165700,205290.000418,97.087064,235.273845,-23.193502,236.218506,-142.834681,236.264378,59.953026,0.002172,1,0
25.833000,-60.721098,206866.970852,178.940217,206189.831850,59.163722,207030.028406,97.384623,234.901332,-22.842094,233.375858,-142.833009,231.539557,59.939866,-0.003772,1,0
25.867000,-60.758787,206818.896565,179.168302,206704.691061,59.236986,206736.825535,97.199443,232.158194,-22.849071,236.806611,-142.719509,236.873326,59.937352,-0.009477,1,0
25.900000,-60.729726,206059.253612,179.028155,207874.738825,59.191925,206957.291925,97.539363,235.143171,-23.025636,234.808320,-142.641749,236.445717,59.932915,-0.012208,1,0
25.933000,-60.757076,208199.834139,179.280390,206318.151095,59.339327,206534.375893,97.442334,233.705347,-22.734700,233.563405,-142.623159,233.557217,59.936928,0.000843,1,0
25.967000,-60.661931,205670.386997,179.178580,205791.145216,59.341465,206323.789948,97.269353,233.970830,-22.966254,235.500474,-142.622681,235.746070,59.934119,-0.004087,1,0
26.000000,-60.785629,205382.113011,179.390561,205308.760559,59.197478,206579.769065,97.196291,234.620044,-22.674698,233.339792,-142.737517,235.868123,59.938171,0.002876,1,0
26.033000,-60.699482,207323.627600,179.188352,206628.442117,59.143096,205852.699123,97.565751,236.495484,-22.912479,235.334426,-142.636154,234.090483,59.932123,0.007031,1,0
26.067000,-60.653718,206123.403568,179.242333,205831.386225,59.404178,206513.089390,97.063304,235.135019,-22.603596,234.707584,-142.314658,233.822953,59.934997,-0.011796,1,0
26.100000,-60.704359,206725.470052,179.415222,207152.050952,59.302601,205344.083851,97.328183,231.914425,-22.406394,234.681499,-142.606952,235.146920,59.926222,0.002469,1,0
26.133000,-60.665361,206482.380367,179.408416,206433.399226,59.274395,208148.161288,97.179538,234.125950,-22.900634,234.513092,-142.919011,234.681561,59.927414,-0.001467,1,0
26.167000,-60.801956,206261.014315,179.474779,206224.806448,59.283597,207055.903689,97.023355,233.198543,-22.360976,236.599793,-142.945121,234.629581,59.932998,0.001474,1,0
26.200000,-60.791915,204580.501444,179.245842,205970.475225,59.376242,207025.362547,96.967840,235.800061,-22.693725,237.692706,-142.676770,238.700687,59.939426,0.008812,1,0
26.233000,-60.788532,206969.103287,179.331150,206625.800061,59.174535,205471.635201,97.390523,235.078190,-22.644607,234.003816,-142.833526,235.407724,59.934140,-0.008461,1,0
26.267000,-60.752572,206466.897707,179.326507,205359.953260,59.179637,205539.332202,97.313038,234.374688,-22.259550,235.078278,-142.493255,233.841156,59.939174,0.009492,1,0
26.300000,-60.661720,206250.514208,179.359313,206727.943279,59.324348,206074.773424,97.229965,235.993896,-22.476370,234.845957,-142.631245,237.390342,59.930719,-0.009198,1,0
26.333000,-60.719626,206203.673249,179.229739,205056.737659,59.334594,205682.369981,97.360227,236.506713,-22.795418,238.963038,-142.713052,236.492194,59.933775,0.001545,1,0
26.367000,-60.644054,206640.490499,179.396377,206902.231763,59.363941,206602.718405,97.423875,239.227711,-22.900765,235.545744,-142.644439,238.152667,59.938161,-0.009814,1,0
26.400000,-60.707085,205196.006734,179.229076,205236.661458,59.490647,207700.666053,97.220967,237.904967,-22.590772,237.180517,-142.932351,235.168153,59.927350,-0.004895,1,0
26.433000,-60.712584,206262.355792,179.506098,206665.676865,59.347350,207195.669727,97.214854,236.291145,-22.289200,234.408888,-142.518869,235.387468,59.924021,-0.017181,1,0
26.467000,-60.777192,205640.028430,179.521845,207274.616756,59.300021,206527.273509,97.304579,237.507721,-22.527721,236.778737,-142.439667,239.671685,59.926205,-0.002162,1,0
26.500000,-60.763067,206667.523995,179.222978,209179.481667,59.269331,207346.570075,97.091891,237.362164,-22.812586,238.748117,-142.895951,235.899420,59.928763,-0.007805,1,0
26.533000,-60.600109,208025.284067,179.459773,206409.557107,59.206677,207407.663251,97.301487,238.439655,-22.446589,236.418678,-143.033000,233.706357,59.932757,0.002939,1,0
26.567000,-60.715886,204503.010468,179.243185,206265.173958,59.374920,206354.440942,97.273448,236.042417,-22.687685,236.505472,-142.614256,234.572766,59.928323,-0.002597,1,0
26.600000,-60.569317,207037.022566,179.392011,207339.715330,59.164950,205890.997987,97.370951,236.715064,-22.332650,235.169170,-142.998761,237.705184,59.930047,0.001664,1,0
26.633000,-60.737480,206141.102733,179.320063,206420.404637,59.252321,206768.509394,96.924594,236.491722,-22.916072,235.461556,-142.712522,234.028600,59.929683,-0.012449,1,0
26.667000,-60.818776,207237.370731,179.186547,204662.436837,59.262492,206421.583148,97.181389,235.965953,-23.045501,237.075696,-142.779543,236.028630,59.931987,-0.010647,1,0
26.700000,-60.850905,206487.988136,179.313349,208432.697277,59.335676,205545.678903,96.883223,237.488561,-22.692059,238.202878,-142.913016,236.806233,59.933982,-0.000921,1,0
26.733000,-60.701858,206362.478498,179.289952,206644.279552,59.203741,205382.662382,97.353062,239.292554,-22.814368,236.359534,-142.876333,235.859351,59.938210,-0.006037,1,0
26.767000,-60.638658,205254.016604,179.278363,205850.308903,59.417830,205692.414461,97.539569,239.929838,-22.586010,237.448883,-142.599721,235.637511,59.928074,-0.010624,1,0
26.800000,-60.703140,206863.039690,179.208565,205417.437830,59.387137,204907.357302,97.293141,236.615788,-23.136828,234.902056,-142.539574,235.766126,59.925945,-0.012250,1,0
26.833000,-60.754050,205700.511242,179.264800,206669.221146,59.335299,205403.243599,97.680066,236.954025,-22.633981,236.803416,-142.417450,238.353918,59.931672,-0.003962,1,0
26.867000,-60.730555,205055.538473,179.351239,205249.335729,59.312447,205023.411830,97.510758,237.201680,-22.577209,237.670440,-142.842276,235.754606,59.931886,0.000866,1,0
26.900000,-60.692214,205777.329141,179.246636,207483.767600,59.344511,206484.944180,96.965508,237.788992,-22.714802,235.594192,-142.608638,236.154795,59.931272,0.004654,1,0
26.933000,-60.801844,206493.193106,179.348629,206027.620136,59.169411,206675.112105,97.108496,235.453924,-22.540757,235.883839,-142.782104,235.746280,59.935404,-0.003656,1,0
26.967000,-60.491855,206388.088275,179.132060,206582.162619,59.418199,207892.795804,97.236068,236.281442,-22.930714,238.430719,-142.984313,237.290439,59.924890,-0.007016,1,0
27.000000,-60.816474,206772.230356,179.250872,207089.957644,59.184625,205990.695483,97.338505,235.991963,-22.978157,235.373188,-142.780079,237.195053,59.930054,-0.002136,1,0
27.033000,-60.754039,206120.571247,179.089232,206642.126417,59.121023,205882.125317,97.306743,238.526000,-23.085795,234.533573,-143.272220,234.128395,59.937728,-0.003861,1,0
27.067000,-60.620884,205407.492764,179.222888,207032.198121,59.253694,206469.825816,97.625960,238.357171,-23.111488,236.854478,-142.470136,235.105937,59.929065,-0.000595,1,0
27.100000,-60.808709,204288.303839,179.190966,206958.896092,59.328102,206077.388053,97.170384,238.144018,-22.903072,236.381029,-142.474770,236.062979,59.936128,0.014214,1,0
27.133000,-60.692835,205589.926961,179.262588,205437.370436,59.149281,207097.922323,97.437508,236.443507,-22.579934,235.086575,-142.381336,238.665553,59.924477,-0.005716,1,0
27.167000,-60.849655,205908.250088,179.252220,205587.221588,59.054556,207065.505512,97.407273,237.763456,-23.050803,234.087017,-143.210919,236.380769,59.926920,0.007390,1,0
27.200000,-60.627433,205798.454524,179.087828,206758.990108,59.156464,205790.609118,97.346661,240.186600,-23.077586,236.845166,-142.917383,239.329281,59.932361,-0.003768,1,0
27.233000,-60.759612,206860.267310,179.234964,206032.820253,59.410246,205341.831410,97.239640,236.883819,-22.753300,237.448214,-142.493938,238.454739,59.930599,-0.000743,1,0
27.267000,-60.828169,207210.159231,179.247861,207703.951772,59.145359,206222.543690,97.017233,242.072074,-22.828771,236.775342,-142.914690,241.196891,59.930527,0.013913,1,0
27.300000,-60.860137,206912.964300,179.002766,207333.925525,59.084880,207365.756004,97.230166,234.484222,-23.504379,239.024380,-142.838166,239.556141,59.929964,0.005751,1,0
27.333000,-60.891860,206454.517855,179.231354,207762.151671,59.015742,206040.357364,97.000986,237.359069,-22.727084,239.774580,-142.811894,236.704583,59.928243,0.003614,1,0
27.367000,-60.926199,206579.648518,179.153501,206159.581651,58.969418,205088.255909,97.157786,239.197018,-22.649071,239.299471,-142.996484,238.284951,59.940069,0.001407,1,0
27.400000,-60.769100,206513.562087,179.074869,203862.795130,59.237585,205117.185839,97.158100,238.367586,-22.905564,239.589526,-142.720602,242.084858,59.934927,0.000580,1,0
27.433000,-60.917749,207771.474927,178.955229,207142.819182,59.252303,206480.481424,97.360806,240.858538,-23.001028,238.007637,-142.776689,239.875941,59.939207,-0.009336,1,0
27.467000,-60.684161,206253.924895,179.192415,205519.969927,59.124099,205496.967431,97.308815,239.694545,-22.722509,239.382608,-142.554150,242.512437,59.935816,0.002344,1,0
27.500000,-60.865898,206674.617262,179.153066,208314.752408,59.339965,205520.366090,96.938330,241.732845,-22.762833,240.419502,-142.535253,240.608232,59.942810,-0.013997,1,0
27.533000,-60.821318,205864.263770,179.184677,206129.399204,59.303914,205567.062908,97.247951,241.007480,-22.912728,238.761406,-142.521268,241.812712,59.934930,0.003439,1,0
27.567000,-60.761797,207890.535703,179.090572,206669.652813,59.140359,207751.348601,97.149015,240.177995,-22.951234,240.710494,-142.925133,237.535619,59.945568,-0.009361,1,0
27.600000,-60.690001,205575.928925,179.169625,207250.657452,59.266947,206461.560727,97.212550,239.051525,-22.821609,242.044671,-142.709815,239.133482,59.928245,0.005340,1,0
27.633000,-60.761756,205769.409144,179.410942,206089.367508,58.927256,206133.991702,97.413539,240.376996,-22.439953,241.982511,-143.197819,239.379908,59.935384,-0.005836,1,0
27.667000,-60.760268,205902.203380,179.319158,206388.089655,59.413816,205472.290088,97.393744,238.678534,-22.364465,238.826764,-142.651344,238.501187,59.939639,0.007123,1,0
27.700000,-60.653076,206909.960864,179.191859,205834.461758,59.125993,205874.752953,97.363123,239.864150,-22.890564,239.327334,-142.855138,239.715376,59.932437,-0.007399,1,0
27.733000,-60.844726,206374.665693,179.306847,204834.723933,59.123939,206739.366800,97.004445,240.231292,-22.655130,238.967985,-142.850241,240.796782,59.937988,0.002365,1,0
27.767000,-60.744900,207184.102022,179.136647,207359.744340,59.069743,204463.236542,97.278745,240.220810,-23.211963,239.918612,-142.731641,239.064916,59.933666,0.004708,1,0
27.800000,-60.856847,206060.176617,179.117427,206942.009252,59.426490,206094.295479,97.264709,243.346249,-22.752619,243.294132,-142.262029,238.935225,59.935616,0.006600,1,0
27.833000,-60.853932,208235.189449,179.015091,206753.339293,59.087446,207058.806025,97.138165,240.333587,-22.828043,241.253414,-143.085102,242.726694,59.935667,-0.006165,1,0
27.867000,-60.776701,205227.827719,179.270363,207190.870318,59.241149,205845.209000,97.463429,240.016354,-22.879789,241.438776,-142.933444,239.817649,59.938885,0.014393,1,0
27.900000,-60.853700,206771.641613,179.068673,207595.568212,59.300852,206792.746509,97.127805,241.624855,-22.964797,240.679820,-142.632039,240.146501,59.933290,0.004400,1,0
27.933000,-60.897227,207189.665056,179.128742,206810.305747,59.223624,206933.787290,96.879791,238.144561,-23.053071,239.735486,-142.756723,241.741323,59.943480,-0.002171,1,0
27.967000,-60.963189,205658.757023,179.283440,205454.784719,59.094881,205715.006259,96.782915,242.819791,-22.751085,239.888400,-142.964331,240.158901,59.943329,-0.004910,1,0
28.000000,-61.011217,205672.258906,179.105383,207721.359725,59.142053,204879.303066,96.987258,240.556281,-22.915009,243.813822,-143.117988,242.287814,59.938594,0.000487,1,0
28.033000,-60.793042,206555.091073,179.098930,205967.605748,59.290149,205237.357371,97.100099,243.689940,-22.729801,243.739009,-142.736454,241.373077,59.934337,-0.004032,1,0
28.067000,-60.887014,205879.406783,179.282468,205502.101617,59.159391,206499.037971,97.107978,241.916523,-22.948184,241.377224,-142.737723,242.463256,59.936800,-0.001483,1,0
28.100000,-60.751090,205726.757024,179.143054,205891.874011,59.280460,207725.267942,97.519412,241.696880,-22.714713,243.739510,-142.651779,242.687780,59.938382,0.001162,1,0
28.133000,-60.957910,207785.122188,179.058399,206721.446610,59.040716,205281.364812,97.146757,243.610760,-22.828842,240.806626,-142.762606,240.198553,59.943839,-0.006570,1,0
28.167000,-60.836533,205313.273619,179.043917,207071.135994,58.981990,206160.812278,96.992996,240.377563,-23.012809,239.748567,-142.929884,242.819398,59.931410,0.006845,1,0
28.200000,-60.920772,206483.927432,179.103809,206065.657979,58.825189,206883.433133,96.980788,242.197995,-23.324026,242.950919,-142.910779,241.355918,59.936708,0.005176,1,0
28.233000,-60.732803,207241.995335,179.175363,206541.406972,58.986962,206964.602503,97.269960,241.611380,-22.588794,240.468017,-143.042768,241.522918,59.931824,-0.015266,1,0
28.267000,-60.912111,206733.867678,179.050991,206484.380258,59.266375,207678.731158,97.085644,240.665661,-22.993199,242.493405,-143.001583,241.095412,59.937564,-0.017283,1,0
28.300000,-60.855592,206004.475009,179.065531,208334.192824,59.094432,206323.055795,96.855474,243.200595,-23.170076,241.660297,-142.870059,240.801212,59.931075,-0.013516,1,0
28.333000,-60.949010,207425.096169,179.216074,205089.893902,59.244844,205006.385300,97.334836,242.803523,-22.894856,242.252851,-142.812801,242.007832,59.937737,0.005066,1,0
28.367000,-60.826514,204887.651713,179.060202,207820.485885,59.040573,206202.147671,97.064893,243.055302,-23.019197,241.992600,-143.015334,242.951413,59.939249,-0.007828,1,0
28.400000,-60.964187,204954.168124,178.962246,206671.588585,58.910949,204947.792763,96.808433,240.944003,-23.129700,240.838847,-143.224970,241.841328,59.933392,0.015551,1,0
28.433000,-60.800536,205191.876079,178.961581,206993.283526,58.934984,206769.782874,97.338480,240.683111,-22.967539,243.342352,-143.180139,241.722899,59.935032,-0.007849,1,0
28.467000,-60.868805,205717.281903,179.137481,206021.610921,59.125783,205195.734873,96.718015,238.069146,-22.923434,240.589825,-142.880341,241.786585,59.942021,-0.000074,1,0
28.500000,-60.994496,205600.159336,179.141060,206232.176241,59.202026,206135.711127,96.874782,241.899037,-22.978031,245.712079,-142.658887,239.203067,59.936865,0.007361,1,0
28.533000,-60.791060,205359.429769,178.884860,205518.494009,59.104396,205307.003120,96.943903,243.473823,-23.148068,241.074178,-142.891499,240.457768,59.942527,0.003552,1,0
28.567000,-60.853161,207023.874402,179.065937,205680.093582,59.078362,204691.671433,97.304208,239.926185,-23.126974,240.727037,-142.576805,243.323046,59.944317,0.002187,1,0
28.600000,-60.805108,206128.371379,179.042788,204966.677945,59.099871,205621.793474,97.153578,241.392919,-22.870812,242.863918,-142.955347,241.733529,59.939469,-0.009796,1,0
28.633000,-61.045408,206079.927283,179.186268,205664.972307,59.271385,206065.509977,97.198618,242.264970,-22.512635,241.680938,-142.441564,241.671270,59.936429,0.001904,1,0
28.667000,-60.850017,205448.281728,179.129447,205026.658787,59.007226,204992.565446,97.052602,241.931360,-23.195002,242.879433,-142.948517,242.591880,59.936353,-0.004930,1,0
28.700000,-60.886943,203449.800886,179.089444,204989.325179,59.103245,206232.634417,97.299229,242.636203,-22.720039,243.236613,-143.015559,241.362900,59.931964,-0.003116,1,0
28.733000,-60.976709,204739.158119,179.059253,205180.238683,59.109401,205721.190021,96.791735,238.463400,-22.989577,241.045035,-142.925286,242.159264,59.947248,-0.002180,1,0
28.767000,-61.078364,205014.811892,179.059714,205437.314466,58.991569,204527.093143,97.125288,242.592138,-22.867537,241.617648,-142.880150,240.236188,59.927547,-0.005335,1,0
28.800000,-60.903229,206818.888540,179.223873,205376.866226,59.093066,205734.157061,97.193154,240.910956,-23.115523,241.327456,-142.927681,240.973771,59.932579,-0.007106,1,0
28.833000,-60.997899,207295.750092,178.936134,205646.864083,59.282535,205266.938400,96.562635,242.347687,-23.344761,241.392129,-142.369611,240.134891,59.943016,-0.003994,1,0
28.867000,-61.000246,205308.141387,179.112841,206313.610542,59.087043,207101.215681,97.110517,241.429541,-22.908980,241.046238,-143.072179,243.352020,59.934511,0.005740,1,0
28.900000,-60.700962,206557.343697,178.906855,206460.748784,59.034658,205877.072253,97.327326,242.352394,-22.946306,244.565964,-142.797941,245.127801,59.940123,-0.012102,1,0
28.933000,-60.900951,206137.607885,179.026077,207260.824417,58.943570,205562.990314,97.083023,241.994132,-23.142557,244.742396,-143.216373,241.428064,59.938817,-0.000063,1,0
28.967000,-60.947221,207133.798394,179.144492,205857.651750,59.074013,205631.412359,97.131242,243.669242,-22.915806,243.805575,-142.902224,244.239282,59.931606,0.008999,1,0
29.000000,-60.932461,204885.680832,179.092079,205106.400556,59.126244,207146.721777,97.114587,240.324133,-23.033644,243.850638,-142.845272,242.171395,59.940255,0.006233,1,0
29.033000,-60.914985,205451.030087,179.115964,206094.087701,59.036247,205445.999046,96.953880,242.513929,-22.858409,243.213029,-143.114956,243.528816,59.942104,0.000930,1,0
29.067000,-60.807054,205593.409732,178.936251,206402.745687,59.132091,205698.227118,97.078732,246.738216,-23.025495,244.457119,-142.902258,242.317206,59.938993,-0.002673,1,0
29.100000,-60.835278,204852.825837,179.226177,204184.019451,59.150749,205143.960370,97.255497,244.537961,-22.890674,244.313462,-142.961398,244.054850,59.935219,0.009872,1,0
29.133000,-60.900915,205807.797862,179.154287,203482.503213,59.088617,205102.083288,97.283902,244.816614,-22.858255,244.437225,-142.935933,243.467108,59.937035,0.010591,1,0
29.167000,-60.817914,205669.173667,179.182564,205797.805499,59.148552,205850.777801,97.348077,243.442357,-22.879476,244.652525,-142.956189,244.210101,59.944350,0.000065,1,0
29.200000,-60.760799,206607.334011,179.250823,206715.792626,59.096425,204243.289799,97.388939,242.137174,-22.664872,242.808130,-142.865843,243.485925,59.934994,0.005498,1,0
29.233000,-60.609109,206731.703469,179.049872,205703.101564,59.010014,205377.403739,97.418308,245.230899,-22.844069,243.285263,-142.852002,244.231347,59.929593,0.001082,1,0
29.267000,-60.756356,206152.429070,179.082522,205382.035963,59.205500,205745.981881,97.178995,244.372283,-23.010578,244.122700,-142.751316,245.235253,59.938035,-0.001327,1,0
29.300000,-60.743048,206060.788336,178.952857,204795.884636,59.329365,205388.874930,97.250253,245.345229,-23.107685,242.681603,-142.548350,247.020826,59.937788,0.007893,1,0
29.333000,-60.812441,206337.672641,179.381932,205406.677466,59.137872,206021.440012,97.369034,243.283552,-22.567413,245.330809,-142.724048,245.779577,59.940388,-0.014408,1,0
29.367000,-60.641305,205450.623377,179.009469,205259.360460,59.167516,206241.777377,97.108080,246.463730,-22.691117,246.369406,-143.133306,245.738622,59.935762,-0.008207,1,0
29.400000,-60.776196,206326.762379,179.092221,205295.206832,59.267961,204906.131580,97.105773,243.986854,-22.852855,246.399222,-142.423276,246.053629,59.941944,-0.012634,1,0
29.433000,-60.762373,204982.477502,179.079263,204529.722010,59.156041,206034.850191,97.174861,246.659647,-23.142057,246.554125,-143.127575,246.653767,59.938246,-0.000599,1,0
29.467000,-60.869047,204559.905558,179.246962,205873.724611,59.098967,204843.890591,96.813949,247.126016,-22.656988,247.322234,-142.864256,244.770098,59.940912,0.002654,1,0
29.500000,-60.916456,205484.167577,179.329337,205713.658638,59.261339,204877.416815,97.266621,245.324036,-22.522099,245.064856,-142.905197,245.671279,59.936732,0.008157,1,0
29.533000,-60.675504,206641.539900,179.229585,206459.272555,59.222353,204695.705897,97.103524,249.936835,-22.565550,245.593876,-142.967032,247.767967,59.937391,-0.008405,1,0
29.567000,-60.738934,207011.108480,179.239584,206188.583209,59.017753,205782.586759,97.432902,246.118621,-22.776235,246.926967,-142.938160,245.103689,59.934381,0.004413,1,0
29.600000,-60.950082,204486.755956,179.055337,206980.138610,59.404476,206257.462749,97.030900,245.385469,-22.693136,245.049672,-142.609605,244.889620,59.936336,0.001126,1,0
29.633000,-60.849896,205976.657817,179.016214,205877.942937,59.199435,205888.257363,97.402815,245.642349,-23.029169,245.922315,-143.019017,245.722731,59.939108,0.005932,1,0
29.667000,-60.817652,205667.474312,179.266225,204730.643569,59.292384,206002.448202,96.761231,244.915142,-22.588884,244.910920,-142.596877,246.957548,59.935852,-0.016067,1,0
29.700000,-61.019114,206724.729624,179.063424,207300.817453,59.075006,206475.703428,96.697994,248.463992,-23.190555,245.207332,-142.815703,248.168132,59.941052,0.015913,1,0
29.733000,-60.653467,204939.409850,179.223592,206748.276080,59.214462,206381.540011,97.289535,245.658985,-22.930710,245.940390,-142.775876,244.996316,59.935094,-0.010064,1,0
29.767000,-60.665131,204589.437895,179.044459,207341.620744,59.335203,204160.681951,97.377117,246.480321,-23.321358,248.739681,-142.532741,246.655624,59.942659,-0.004010,1,0
29.800000,-60.795431,204538.964429,179.038501,205579.900057,59.149393,207044.295038,97.128777,246.051684,-22.917775,245.536764,-142.944002,245.899047,59.935746,-0.004267,1,0
29.833000,-60.828366,205731.499489,179.296156,206114.898563,59.153155,205396.810633,97.400491,247.223756,-22.673846,246.828912,-142.809155,244.545907,59.935764,0.007727,1,0
29.867000,-60.902513,206088.762825,179.217752,207161.926138,59.262901,206447.622476,96.910710,244.514351,-22.762045,242.773112,-142.696263,244.973475,59.942236,0.000483,1,0
29.900000,-60.839986,205314.272617,178.942839,204985.364970,59.072525,205780.630367,96.937300,247.950654,-23.110651,246.938681,-143.023872,244.592703,59.935087,-0.003459,1,0
29.933000,-60.752584,205803.300588,179.174294,206659.371338,59.288100,206692.668738,96.980058,243.072427,-22.874673,246.409312,-142.851148,244.489971,59.947431,0.006594,1,0
29.967000,-60.845954,206882.856143,179.270352,206752.961130,59.198861,206148.554237,97.679294,245.905890,-22.549860,245.220503,-143.018152,245.458795,59.936743,-0.008157,1,0
30.000000,-60.809102,205102.426306,179.373312,205831.337744,59.301274,206912.625418,97.276923,245.086365,-22.492891,244.028452,-142.406589,246.648495,59.944393,0.006800,1,0
