TIMESTAMP,BUS1_VA_ANG,BUS1_VA_MAG,BUS1_VB_ANG,BUS1_VB_MAG,BUS1_VC_ANG,BUS1_VC_MAG,BUS1_IA_ANG,BUS1_IA_MAG,BUS1_IB_ANG,BUS1_IB_MAG,BUS1_IC_ANG,BUS1_IC_MAG,BUS1_Freq,BUS1_ROCOF,DATA_PRESENT,Event
0.000000,-61.840881,205121.349488,178.135187,205254.413375,58.183911,206017.901678,95.998367,648.302777,-23.756836,642.855152,-143.911211,645.976226,59.956561,0.012061,1,0
0.033000,-61.797089,205007.479242,178.084922,206498.233999,58.087293,204875.810789,96.016144,646.147653,-24.012703,643.662408,-144.089399,644.693977,59.956255,0.000884,1,0
0.067000,-61.918585,205357.596480,178.216914,206212.553478,57.920861,206186.919477,96.479663,643.335792,-24.074767,646.798745,-143.954937,644.127322,59.963736,-0.005703,1,0
0.100000,-61.660586,206163.927203,178.121607,206986.305628,58.281837,205348.477401,96.285792,644.974227,-23.894888,644.516806,-143.906779,643.850335,59.956649,-0.008971,1,0
0.133000,-61.749614,204388.066294,178.274419,203156.316491,58.266215,203015.632333,96.611438,641.693324,-23.653988,645.583091,-143.723513,637.547672,59.959969,0.010869,1,0
0.167000,-61.777804,205246.151650,178.253382,204328.398627,58.176697,204898.588585,96.420441,641.762329,-23.751753,636.940646,-143.605832,640.776863,59.963795,-0.003956,1,0
0.200000,-61.721935,204696.463808,178.149666,203164.230876,58.164612,206130.842007,96.428491,634.574506,-23.705367,642.326940,-143.879168,641.294487,59.961576,0.005866,1,0
0.233000,-61.591329,205988.399439,178.321680,204764.230846,58.131189,203967.481027,96.492161,643.718184,-23.821238,635.078019,-143.860153,640.910419,59.967523,0.000883,1,0
0.267000,-61.653883,204281.839203,178.225177,203778.458731,58.235861,204991.639380,96.102625,641.243749,-23.704570,648.946622,-143.260044,640.286160,59.957991,0.004073,1,0
0.300000,-61.661279,204700.409565,178.275339,203448.839760,58.253807,203222.977842,96.072623,644.433535,-23.556878,647.456046,-143.407867,643.227803,59.965289,-0.010314,1,0
0.333000,-61.834193,204560.454570,178.234226,204719.684308,58.117794,204118.284931,96.247650,644.941913,-23.660449,653.491511,-143.752811,645.686462,59.959451,0.006385,1,0
0.367000,-61.823554,204377.582244,178.260186,205206.613532,58.209503,203303.342517,95.830171,647.717192,-23.736387,645.171839,-144.031628,643.409911,59.957150,-0.003255,1,0
0.400000,-61.667881,203171.583306,178.279203,203888.529498,58.365611,203636.535304,96.416665,651.638350,-23.669877,648.069491,-143.826618,642.122160,59.961467,0.006076,1,0
0.433000,-61.665782,205067.270977,178.166130,204390.529032,58.181715,203243.782757,96.372579,651.062425,-23.691593,646.877766,-143.702526,635.862335,59.968760,0.007005,1,0
0.467000,-61.744127,203140.120479,178.337002,205011.023735,58.349768,204150.878414,96.351097,640.452959,-23.923548,646.603442,-143.783217,640.912506,59.961888,-0.008587,1,0
0.500000,-61.721840,203371.953046,178.220765,204596.211346,58.240602,203462.377774,96.550686,635.754700,-23.449982,638.079823,-143.702422,644.499882,59.957888,-0.008712,1,0
0.533000,-61.916424,203868.049201,178.254949,203116.125435,58.229647,204748.103692,95.893513,645.934954,-23.745707,643.614475,-143.748899,636.967516,59.957723,-0.006974,1,0
0.567000,-61.603339,202747.179949,178.159502,204382.131280,58.048212,205273.539057,96.423788,647.442765,-23.970236,647.544418,-144.096374,641.912088,59.968053,0.003746,1,0
0.600000,-61.975698,203716.680097,178.107961,202851.323967,58.315512,203846.654569,96.179734,654.802805,-23.637058,653.176823,-143.780688,648.301873,59.962866,-0.001224,1,0
0.633000,-61.831392,204581.667100,178.190526,202498.418527,58.279844,203926.000845,96.274644,648.360886,-24.016661,646.527217,-143.782327,652.973726,59.966451,0.015429,1,0
0.667000,-61.836121,204948.012479,178.182394,203816.361363,58.170634,203891.033480,96.262037,648.298008,-23.684607,651.616856,-143.917843,647.669758,59.964877,-0.005560,1,0
0.700000,-61.724659,204323.956327,178.205989,204623.698986,58.160567,203705.167090,95.908852,645.102103,-23.804988,647.240728,-143.935628,644.850424,59.961586,0.001769,1,0
0.733000,-61.803330,203300.100814,178.232016,205162.632234,57.982407,204272.134285,96.237750,650.201269,-23.800472,651.098116,-144.337613,648.238422,59.964688,-0.004109,1,0
0.767000,-61.618194,203517.581453,178.090718,203540.115678,58.090136,204253.943846,96.461723,644.534774,-24.004380,647.603348,-144.084658,646.747641,59.958387,-0.002951,1,0
0.800000,-61.646349,202748.159037,178.361390,203888.422662,58.233293,204052.555335,96.265280,645.703839,-23.567948,640.681778,-143.765628,648.916593,59.971837,-0.007576,1,0
0.833000,-61.733196,204804.156635,178.136599,204350.437653,58.237950,203689.401814,96.370990,641.760936,-23.644773,645.440287,-143.613878,640.249991,59.962346,0.004844,1,0
0.867000,-62.014679,205225.268150,178.176508,205272.771012,58.015752,203307.198355,96.030974,643.878450,-24.111262,644.776572,-143.806842,646.736789,59.952693,0.005641,1,0
0.900000,-61.824531,205586.327708,178.157323,204864.511888,58.131039,205805.491247,95.921104,642.862561,-23.643878,648.973077,-143.677842,648.654642,59.965019,0.000752,1,0
0.933000,-61.729909,204994.728448,178.076204,204194.342460,58.090233,202578.109963,96.453274,649.016457,-23.665636,641.457492,-144.053745,647.954528,59.967867,-0.002337,1,0
0.967000,-61.772405,203850.398864,178.219845,203110.873170,58.147169,203291.548484,96.030635,648.078513,-23.704700,644.197871,-143.617132,645.181044,59.967749,0.000923,1,0
1.000000,-61.883823,202867.613290,178.258321,203646.392804,58.344595,203574.476723,96.182977,646.757653,-23.928060,638.771806,-143.702932,643.379186,59.966011,0.005462,1,0
1.033000,-61.922387,205596.360107,178.058105,203865.473361,58.007208,203633.431740,96.139639,645.949948,-23.705403,644.243315,-144.230647,647.345286,59.969204,-0.002151,1,0
1.067000,-61.959514,202274.839682,178.337418,203755.554875,58.156366,204349.490276,96.074424,644.435390,-23.612431,637.193412,-143.889432,646.058497,59.967396,-0.000792,1,0
1.100000,-61.821919,203377.310617,178.023876,204889.243296,58.166919,204082.320677,96.311535,645.312455,-24.278167,646.345648,-143.708350,645.389530,59.974207,-0.008553,1,0
1.133000,-61.827660,205390.091961,178.175574,202918.427192,58.087876,204341.049280,96.217013,642.152434,-23.866874,637.070798,-144.010306,640.519283,59.971622,0.004620,1,0
1.167000,-61.867526,203929.624339,178.200051,203714.328363,58.135784,204160.952253,96.061335,644.999585,-24.066057,642.396225,-143.886238,637.935807,59.975055,-0.002131,1,0
1.200000,-61.899323,203255.359811,178.088567,205951.343627,58.315775,203999.092821,96.128555,643.121151,-23.945876,642.808804,-143.459798,636.596891,59.972297,0.004349,1,0
1.233000,-61.787823,201927.206490,178.046901,202856.019149,58.183816,205033.082262,96.044763,641.908624,-23.650340,638.132512,-143.913647,647.866357,59.962972,0.007750,1,0
1.267000,-61.947711,202293.734884,178.214577,203165.767158,58.102096,204452.031862,95.907292,644.014920,-23.882948,641.236332,-143.890183,641.464408,59.968205,-0.004626,1,0
1.300000,-61.989518,202336.786858,178.021231,204397.977543,57.912881,203409.697598,95.931725,643.811230,-23.722289,641.621612,-143.947992,646.631677,59.975029,-0.000322,1,0
1.333000,-61.934577,201711.509899,177.990086,203257.882573,58.188871,203227.880701,95.961304,643.604364,-23.908184,650.975942,-143.757833,650.725490,59.967230,-0.008939,1,0
1.367000,-61.998128,203514.614862,178.438054,202320.781153,57.949794,202750.467098,96.123693,648.829276,-23.836027,648.341126,-144.075016,646.961221,59.966314,-0.007916,1,0
1.400000,-62.073435,203939.829265,178.030300,202865.228677,58.220603,203319.227022,95.586530,641.758187,-23.994994,644.452259,-143.776147,637.414773,59.964565,-0.003142,1,0
1.433000,-61.856139,203403.437771,178.075825,203852.327510,58.186913,202140.577155,95.745116,641.233888,-23.626883,641.994817,-143.885215,641.956938,59.972422,0.010507,1,0
1.467000,-61.822694,202086.705482,178.246536,201642.642466,58.163274,204703.596607,96.363948,631.150241,-23.603099,637.297942,-143.941805,645.211626,59.955971,-0.000425,1,0
1.500000,-62.002851,202152.556690,178.092833,203524.434106,58.093568,202431.145138,95.640513,643.133554,-24.021730,637.374937,-144.079258,628.187944,59.951585,-0.005579,1,4
1.533000,-61.865593,203518.394465,178.247776,203557.885098,58.262909,203854.891343,96.015178,634.881963,-23.685025,633.019063,-144.049467,633.439147,59.951698,-0.011736,1,4
1.567000,-61.819295,202726.632044,178.106343,201496.370718,58.134192,203400.710077,96.089214,643.855749,-23.960217,631.396784,-143.668742,636.022320,59.952871,-0.008532,1,4
1.600000,-61.858717,202041.520397,178.141360,202085.971758,58.169781,202258.122293,95.909376,640.870215,-23.963294,640.725770,-143.599256,639.503101,59.954721,-0.020427,1,4
1.633000,-61.961414,201326.257932,178.161423,202486.699154,58.026723,202571.427010,95.965482,636.719784,-23.877207,644.647896,-144.179296,643.868098,59.955668,-0.006112,1,4
1.667000,-61.840457,204139.622696,178.227550,201784.776594,58.063499,203429.795173,96.398171,643.584339,-24.098426,651.268053,-143.968765,642.283043,59.957480,0.001985,1,4
1.700000,-61.897465,203913.614156,178.094891,204981.687790,58.228631,204028.669900,95.967845,648.213245,-23.652514,647.330518,-143.689152,646.187590,59.953696,-0.002781,1,4
1.733000,-61.896620,204492.563344,178.245020,203361.962535,58.250267,201231.970482,96.221874,635.361794,-23.541493,641.411901,-143.916911,649.012865,59.951908,-0.004751,1,4
1.767000,-61.888350,204043.093621,178.118523,203239.621390,58.112982,203495.801380,96.332188,639.538462,-23.729752,643.548447,-144.464236,638.862336,59.951571,0.013162,1,4
1.800000,-61.904052,201504.226457,178.016112,202714.913936,58.187485,204340.576104,96.141822,642.439518,-23.968249,644.144824,-143.932777,638.879979,59.949510,0.007563,1,4
1.833000,-61.935237,203118.509665,178.017452,202995.365317,58.055632,202242.895892,96.299841,641.275033,-23.902231,639.524112,-144.059387,647.582433,59.945885,-0.009877,1,4
1.867000,-62.018605,202408.441931,177.917991,204372.739983,57.936523,201756.075171,95.703904,641.877618,-24.252608,641.388662,-144.033400,637.854892,59.951666,-0.001343,1,4
1.900000,-62.002000,202939.946066,177.998448,203182.936623,58.187052,204696.464095,95.861680,647.190982,-23.986115,639.327956,-144.015464,650.147084,59.951797,0.002513,1,4
1.933000,-61.785567,204213.550980,178.010433,204051.991626,58.135314,203113.644940,96.064859,643.026206,-24.105628,646.112842,-143.873573,638.179545,59.951026,0.004811,1,4
1.967000,-61.895795,203171.567535,177.852651,203626.768471,58.015680,202916.612639,95.976698,650.746042,-24.371061,638.649780,-144.007273,641.398408,59.945362,0.009286,1,4
2.000000,-62.012226,203140.773598,178.054527,201786.619503,57.998106,203278.608514,95.690129,641.666498,-23.922042,646.936216,-144.034378,643.076675,59.944309,-0.005202,1,4
2.033000,-61.767424,202130.785600,178.111514,203454.006648,57.789870,204070.329456,96.334211,641.631092,-23.697666,637.118923,-144.023336,642.735641,59.948861,-0.010165,1,4
2.067000,-62.113459,204175.658208,178.071893,201519.782616,57.872240,201964.900586,95.789442,651.369762,-23.829713,641.542557,-143.949566,648.076213,59.949430,-0.004123,1,4
2.100000,-62.000635,201766.460160,178.070710,204081.046612,58.022500,203791.585712,96.126711,646.050232,-24.048924,646.900405,-144.012018,642.783950,59.946166,0.000022,1,4
2.133000,-62.055736,202625.981591,177.974824,203638.891457,57.957794,202744.120600,96.037638,647.612710,-24.081930,642.704240,-143.830169,647.496385,59.950343,-0.000072,1,4
2.167000,-62.136744,203314.040146,177.855992,204210.405633,57.651379,202451.390567,95.718740,646.674602,-24.395350,648.706951,-144.250156,653.100403,59.950635,-0.008171,1,4
2.200000,-62.150808,204148.192210,177.832618,202677.269260,58.010332,203941.018085,95.715614,652.578768,-24.233358,647.633128,-143.740907,652.157089,59.956772,0.004569,1,4
2.233000,-61.910925,204259.145181,177.809074,203276.077318,58.034293,202278.862553,96.368205,647.492453,-24.224687,647.428948,-143.925031,652.868590,59.949038,-0.008620,1,4
2.267000,-62.086301,202431.194208,177.974636,203319.761057,57.787789,203276.987508,95.840771,647.611043,-24.010566,649.435890,-144.128556,649.202918,59.954139,-0.012430,1,4
2.300000,-61.979817,203542.700800,178.068594,202990.172419,57.887054,203899.965142,96.183243,648.879443,-23.964028,650.792385,-143.833550,656.508752,59.949998,-0.006145,1,4
2.333000,-61.862879,203537.918661,178.036277,203110.518085,57.831052,202287.194134,95.564258,649.655721,-24.316298,651.001561,-144.158072,650.189488,59.953515,-0.009235,1,4
2.367000,-62.211986,203081.048426,177.806738,203989.208675,58.013968,203400.004213,95.809664,651.236828,-24.118487,649.238416,-144.149500,648.030089,59.946448,0.006747,1,4
2.400000,-61.859486,204498.072982,177.875007,203862.467034,58.070021,203776.640941,95.900473,647.888411,-24.132239,646.312283,-143.992338,655.700851,59.949809,0.000905,1,4
2.433000,-62.049566,203738.900692,177.990512,203714.126490,57.862439,204301.302668,95.715779,646.424920,-23.894751,649.787155,-144.231494,651.870100,59.949359,-0.008183,1,4
2.467000,-62.140844,204753.248854,178.036456,203781.092153,57.872275,204312.762120,95.669053,653.617279,-23.894942,656.422203,-144.058340,648.373330,59.949817,-0.004715,1,4
2.500000,-62.012964,202706.208219,178.048639,202255.114344,57.951739,202919.387061,95.934966,648.059636,-24.042391,648.001212,-144.048542,653.173783,59.948928,-0.001845,1,4
2.533000,-62.027020,204239.583508,178.145832,203133.626076,57.996858,202818.613064,95.916027,650.615961,-23.770085,649.442677,-143.842471,656.707815,59.948867,-0.002983,1,4
2.567000,-61.963672,203451.062132,177.989370,202969.068214,57.856338,204026.379817,95.832070,653.991980,-23.884859,654.765164,-144.396826,651.532426,59.952424,-0.013107,1,4
2.600000,-62.010606,202898.984613,178.145117,204866.562517,57.845068,204284.770484,95.788218,656.170924,-23.822102,653.823512,-144.054650,655.105187,59.951997,-0.000390,1,4
2.633000,-62.089808,205357.027841,177.945129,202680.291683,57.932554,202754.429142,95.980930,654.346938,-23.943007,654.578383,-143.965617,647.816335,59.956230,0.001342,1,4
2.667000,-62.022917,202844.460500,178.148108,201953.089316,58.212110,205081.072102,95.779652,650.768206,-23.916092,645.349605,-143.742078,648.190542,59.948310,0.000016,1,4
2.700000,-61.875267,205812.127354,178.138556,202941.052523,58.059414,204423.322990,96.108991,640.604632,-24.039945,646.016393,-143.873163,651.277838,59.953090,0.011223,1,4
2.733000,-62.112527,202862.154568,177.961873,205137.807630,57.917280,202930.153518,95.930277,643.947243,-23.855375,648.161650,-144.045377,644.996082,59.957186,0.004823,1,4
2.767000,-61.947903,202500.088400,178.056161,203807.766094,58.111661,203275.499635,96.087512,642.886522,-23.623220,645.622927,-143.879143,650.187473,59.959598,-0.001885,1,4
2.800000,-62.012790,203777.524439,177.916680,204464.528475,57.919029,204216.015708,95.752558,649.742942,-24.033748,647.752899,-143.987218,646.736293,59.950902,0.004353,1,4
2.833000,-62.042725,203311.667009,177.787425,201825.682200,57.906748,203974.948600,96.056698,651.410336,-23.804042,642.936609,-143.857387,647.589023,59.954823,0.009681,1,4
2.867000,-62.132666,203857.930637,177.969344,203948.807414,58.031388,201644.957509,95.753669,647.556485,-24.088760,642.694989,-143.691442,643.053843,59.954129,0.002360,1,4
2.900000,-62.022145,203600.280537,178.096220,201746.900849,57.956939,204176.354327,95.837572,642.828674,-24.072046,641.316665,-143.989748,650.440193,59.959267,-0.002706,1,4
2.933000,-61.988035,203170.465099,177.843345,203440.338415,57.784834,205443.956649,96.301706,645.623272,-24.469674,636.935337,-144.257688,642.027967,59.954734,0.004736,1,4
2.967000,-62.259519,204698.947018,177.746233,203162.588400,57.879996,203220.141164,96.124672,641.616503,-24.375641,649.343088,-144.348871,643.465291,59.958969,0.008933,1,4
3.000000,-62.044708,203586.244051,177.988860,203469.436763,57.985516,204989.959668,96.078311,646.037886,-24.114453,645.684302,-144.008696,647.282938,59.953851,-0.006234,1,4
3.033000,-61.991632,203188.717684,177.953833,203928.488940,57.777165,203900.197496,95.960897,649.254932,-24.293131,651.398895,-144.434671,647.484540,59.951571,-0.007424,1,4
3.067000,-61.942171,203752.943409,177.863127,202976.319175,57.871433,204042.727566,96.146287,642.611893,-24.076369,646.096127,-143.987426,646.761730,59.957699,-0.001178,1,4
3.100000,-61.914362,204259.980722,177.995175,204398.928124,57.934454,204384.887091,96.229339,644.866892,-24.269482,650.281418,-143.961706,651.389777,59.953867,-0.007722,1,4
3.133000,-61.947331,204483.624976,178.080926,204922.791915,58.060956,205038.734426,95.839584,640.781115,-23.774990,644.742559,-144.069149,643.173263,59.953048,0.004536,1,4
3.167000,-62.054858,204077.446001,178.005278,204945.474888,58.016178,205381.647460,95.757595,646.105581,-24.063974,649.252932,-143.768147,646.290274,59.955028,0.000946,1,4
3.200000,-61.914284,203727.304490,177.957400,204382.203388,58.151209,203140.640167,95.994653,645.167380,-23.984378,642.487736,-143.934457,649.235242,59.954709,0.007255,1,4
3.233000,-61.918565,204686.492170,178.062220,204865.444427,58.088116,205072.887943,95.777503,644.453021,-23.917019,643.364455,-143.766122,652.980099,59.951985,0.015447,1,4
3.267000,-62.159684,206196.654514,178.073801,202552.656564,58.075683,203776.219623,96.066607,647.655591,-23.854728,646.375941,-143.886116,649.215260,59.948876,0.003674,1,4
3.300000,-61.943077,203969.263356,177.909588,205128.669554,57.825934,202678.921970,95.558607,644.724582,-24.326555,651.236639,-144.166360,648.506016,59.952835,0.000180,1,4
3.333000,-62.044057,202839.298991,178.112662,202984.688703,57.886567,204620.624655,95.970035,647.133214,-23.971688,651.646542,-143.977051,648.954027,59.948119,0.020605,1,4
3.367000,-61.914301,203652.653498,177.970220,203206.812426,58.038200,204219.714139,96.091416,641.632727,-23.899652,646.863325,-143.952048,649.072060,59.949309,0.004664,1,4
3.400000,-61.972982,203899.891046,177.949205,204065.769270,58.115780,203868.607785,96.077185,651.644337,-24.132995,646.935185,-143.699085,652.954157,59.960507,-0.006049,1,4
3.433000,-61.771198,202754.522058,177.993524,202931.066913,57.993815,202242.509174,96.271873,655.106663,-24.082360,651.316561,-143.668369,648.279758,59.953660,0.001271,1,4
3.467000,-62.171912,202920.180085,177.888660,204111.159393,58.025930,204680.918501,95.825738,650.000638,-24.270657,655.017652,-144.170347,651.703424,59.963234,0.001219,1,4
3.500000,-62.094615,202850.300425,178.060225,203764.427083,57.944439,203751.755568,95.698323,653.135485,-24.165598,651.452468,-143.957350,653.430137,59.968026,0.003904,1,4
3.533000,-62.065586,202698.183197,177.910376,202622.531229,58.015480,202560.444648,96.095476,653.982651,-23.819533,646.876765,-143.775805,645.434480,59.961574,0.000484,1,4
3.567000,-62.056131,204556.356374,177.988207,203741.814342,57.920331,203309.106143,96.278215,647.903438,-24.077539,652.213029,-144.265297,651.094506,59.960273,0.003771,1,4
3.600000,-62.060636,204518.286792,177.960879,203193.448905,57.845141,205324.420806,96.341182,652.373292,-23.718216,646.940121,-143.981184,645.470821,59.958149,0.008346,1,4
3.633000,-61.801236,204036.703915,177.978796,202364.455602,57.914276,203518.404006,96.055592,655.982371,-23.764456,651.737494,-144.118533,655.554850,59.960204,0.004491,1,4
3.667000,-61.883440,203554.772655,177.994494,202989.081769,57.914577,202548.040959,96.081614,651.345828,-23.729791,655.632844,-144.210860,654.967719,59.963490,-0.000890,1,4
3.700000,-62.081734,204115.571354,177.990631,202352.773963,58.122247,204549.861182,95.855644,651.535859,-24.203415,646.014294,-143.827445,650.268260,59.958781,0.002026,1,4
3.733000,-61.975863,202997.325688,177.873634,201909.058483,57.878728,203713.420422,96.272270,657.357890,-23.807475,655.729533,-144.164978,651.093912,59.958810,0.009005,1,4
3.767000,-62.083835,203308.269828,177.964569,204995.955239,58.116859,202700.438105,95.898135,649.929784,-24.049689,652.778163,-143.919980,655.502413,59.960688,-0.009904,1,4
3.800000,-61.913891,203864.968916,178.033640,202757.461986,57.966843,202743.316596,95.928757,653.149942,-23.610410,654.403794,-144.222666,650.153495,59.954494,0.014700,1,4
3.833000,-61.988746,203843.758764,178.008214,203632.308075,58.045933,202429.477881,96.055429,652.255388,-24.134944,660.444966,-143.933737,652.271400,59.960900,0.009313,1,4
3.867000,-62.078696,203201.462462,178.014436,201901.531321,57.867172,204625.058487,96.005468,656.627530,-24.050291,643.720887,-144.205372,649.024811,59.959804,0.005254,1,4
3.900000,-62.124066,204416.627420,178.060728,203450.004957,57.994197,200494.105798,96.079451,649.521624,-23.942575,649.501998,-144.005903,645.866795,59.954074,0.004173,1,4
3.933000,-61.875124,203395.834825,177.880161,204377.828995,58.104243,203217.908584,96.214110,649.017971,-23.986042,649.766095,-143.933994,648.784409,59.955305,-0.001660,1,4
3.967000,-62.086526,202961.890096,177.937148,202664.904744,58.201122,204275.338076,96.178424,657.408283,-24.388190,652.994287,-143.639162,655.686575,59.955867,-0.011007,1,4
4.000000,-62.090199,203452.680378,177.937376,203182.855955,57.885013,203045.628051,95.786478,652.071063,-23.823509,649.444921,-144.112551,645.974309,59.954390,0.000726,1,4
4.033000,-62.099195,204997.280160,177.901679,204378.525493,58.120377,205985.553784,95.764378,655.272571,-24.027318,655.643818,-143.972149,650.564622,59.945576,0.003961,1,4
4.067000,-61.843987,203801.566870,178.023194,205269.159078,58.001589,203013.832525,95.940099,655.789152,-23.975233,656.763918,-144.128795,655.796117,59.953053,-0.005222,1,4
4.100000,-62.022784,203018.776880,177.938456,202986.889728,58.100499,202200.809996,95.981707,659.832386,-24.135853,652.732631,-143.907982,651.439466,59.952547,0.004049,1,4
4.133000,-61.821209,203440.146901,177.994857,203362.374554,58.121288,204567.356176,96.290773,658.538556,-24.031587,658.083325,-143.629167,658.533160,59.953275,-0.002868,1,4
4.167000,-61.970969,203845.909417,177.940954,205126.677909,58.098346,204818.061242,95.904915,657.491322,-24.446349,656.102847,-144.145621,658.169584,59.962115,-0.002641,1,4
4.200000,-62.018032,202210.814320,177.991891,204701.248505,58.031649,203153.403189,95.929629,653.501181,-24.133195,662.379825,-143.897608,660.735081,59.949550,-0.008715,1,4
4.233000,-62.255245,204098.592199,178.035597,204710.982988,57.893706,204520.974445,95.842936,661.567214,-24.109252,659.712215,-144.447796,662.875863,59.959904,0.005070,1,4
4.267000,-62.049486,203460.113536,177.980282,203088.109826,57.896727,203388.225775,95.588538,664.268491,-24.371686,664.798434,-144.392800,662.223236,59.955462,-0.001930,1,4
4.300000,-62.085899,202518.654654,178.062440,204165.165634,57.842858,203964.593606,95.780676,668.906034,-23.912140,660.943013,-144.187925,658.892980,59.959110,0.016138,1,4
4.333000,-62.093470,202660.009118,177.895295,202210.845056,57.944609,201944.804987,95.657369,664.920924,-23.971752,662.368728,-144.010102,663.459277,59.958977,-0.004701,1,4
4.367000,-62.013130,203707.459205,178.003516,203967.771436,57.757469,201976.306261,95.920592,665.617964,-24.069922,665.767964,-144.263100,665.773008,59.959644,0.005659,1,4
4.400000,-62.215897,202196.918725,177.870968,202209.540054,58.120909,202932.430658,95.744207,667.215564,-24.131990,662.241060,-143.941245,667.027951,59.956128,-0.007614,1,4
4.433000,-61.959335,205024.300158,177.844349,202603.007976,57.902318,203237.721816,95.987868,666.195167,-24.700465,662.608125,-144.010975,663.044879,59.956732,-0.002267,1,4
4.467000,-62.119103,203889.820656,177.822585,204774.464620,58.021240,203722.728632,95.808610,664.191845,-24.194622,663.205519,-144.033256,661.473204,59.955653,0.005223,1,4
4.500000,-62.318573,202019.719930,177.966751,205922.557311,57.943004,203066.001761,95.634128,657.879384,-23.933386,663.881831,-144.126491,658.572150,59.954042,0.007242,1,4
4.533000,-62.118466,204765.829541,177.912463,204472.995349,57.904076,204779.536787,96.033884,664.559173,-24.110089,654.193621,-144.340232,660.060714,59.955608,0.000610,1,4
4.567000,-62.038738,204506.128967,178.055283,203508.953218,58.061657,202082.605074,96.153169,657.948483,-24.109673,656.433643,-144.008384,657.060661,59.957448,-0.001447,1,4
4.600000,-62.146861,205464.438971,178.020914,201955.266591,57.956106,203367.811121,95.848133,660.988658,-24.135516,659.327573,-143.884706,655.177914,59.957065,-0.002140,1,4
4.633000,-61.980351,203305.372456,178.033517,200455.894022,58.008430,203829.553270,95.916166,663.635300,-23.685182,663.992098,-143.922117,668.676893,59.948803,0.004696,1,4
4.667000,-61.977427,202996.798221,178.097262,204180.504023,57.869752,203736.478405,96.153382,665.291913,-23.954681,669.178050,-144.191571,660.759609,59.954534,0.004404,1,4
4.700000,-62.011259,204637.526997,177.967168,203466.001406,58.015599,203727.641580,96.063969,663.917459,-24.030047,663.104316,-143.756727,656.871108,59.953270,-0.007029,1,4
4.733000,-62.102435,202827.586079,178.130005,202794.568513,57.883945,203019.770503,95.837045,660.681313,-24.199290,664.061380,-144.031290,664.741407,59.948284,-0.000388,1,4
4.767000,-61.946809,201488.940353,178.061368,204096.917019,58.105752,203040.063055,96.242872,668.659510,-23.857908,668.078887,-143.695132,665.227512,59.947372,-0.007115,1,4
4.800000,-61.973045,203172.758579,177.944598,205041.205403,58.093030,204378.855690,96.268310,658.845794,-23.827449,662.660817,-143.938288,664.890846,59.958131,0.015815,1,4
4.833000,-61.881685,203703.482385,177.909413,204443.933001,57.995579,203019.778538,95.986544,665.076938,-24.082638,663.637944,-143.919421,665.748536,59.955684,0.006131,1,4
4.867000,-62.252767,202908.637659,177.933588,203980.563049,57.903835,202270.060409,95.848606,672.644484,-24.009948,666.164655,-144.034612,661.457339,59.952511,-0.002129,1,4
4.900000,-62.084454,202072.342137,177.853509,202633.654295,57.835170,202961.714539,96.011470,667.297253,-24.121836,675.153584,-144.292192,663.444191,59.959422,0.012692,1,4
4.933000,-62.142266,204008.416995,177.941601,203528.978571,57.765986,204369.822755,95.814101,666.844454,-24.004880,666.654067,-144.471479,667.300257,59.961102,-0.006533,1,4
4.967000,-62.094100,202931.970248,177.979967,203185.500825,57.991640,204656.263907,95.772623,665.891438,-23.852551,663.667325,-144.158125,671.161996,59.957881,-0.001618,1,4
5.000000,-62.094447,201245.252102,177.723106,202582.610163,57.879756,203492.011121,96.378454,664.759370,-24.412810,661.972263,-144.010001,662.384918,59.959774,0.010139,1,4
5.033000,-62.031698,203461.301361,178.188221,202856.749902,57.876207,201957.175289,95.480854,662.110117,-23.765049,659.833283,-143.875093,661.902174,59.958136,-0.010811,1,4
5.067000,-62.015591,203434.716908,177.877849,201839.390117,57.939884,203087.153806,96.048758,662.248994,-24.352581,663.487410,-144.317366,663.284276,59.963759,0.007548,1,4
5.100000,-62.157658,202353.229111,177.872482,202620.796293,57.962102,201753.869176,95.724621,667.497474,-23.756266,666.471694,-144.384228,665.228326,59.975249,-0.004537,1,4
5.133000,-62.064296,201819.067687,177.915812,202014.712142,57.803438,204110.965011,95.784974,669.520691,-23.914253,670.720555,-144.569143,656.175874,59.969113,-0.009731,1,4
5.167000,-62.046759,202895.651574,177.887475,203379.621779,58.222137,202851.941965,95.663120,664.737018,-24.242401,669.457856,-144.027517,666.736050,59.969589,-0.006417,1,4
5.200000,-62.120706,201956.719198,178.039868,204917.902352,57.974280,203073.014671,95.686346,668.934564,-24.224671,671.260943,-143.897600,665.324569,59.967415,0.007367,1,4
5.233000,-62.009152,202526.437167,177.941630,201918.452851,57.952216,202184.265865,95.969452,666.261754,-24.371701,664.043276,-144.204048,665.176186,59.965709,0.003568,1,4
5.267000,-62.035529,202519.505420,177.976354,201298.390326,57.801410,201629.108320,95.789578,670.423776,-23.908284,666.858015,-144.055043,662.342181,59.963412,-0.011418,1,4
5.300000,-61.948800,202581.831389,177.888545,202634.890408,57.693879,201364.942662,95.902876,663.975954,-24.107627,665.899031,-144.304824,666.709239,59.964635,0.002087,1,4
5.333000,-62.051739,201932.956181,177.963402,202574.053334,57.858275,202249.140052,95.994771,656.631404,-23.950190,667.555970,-144.205889,669.754887,59.961338,-0.007614,1,4
5.367000,-61.926871,201015.321976,177.979516,202421.201801,58.136012,202637.212525,96.138573,668.334513,-23.687605,668.384282,-143.927145,662.614528,59.968283,0.002038,1,4
5.400000,-62.281847,202057.507176,177.989209,202062.000349,57.884777,200834.351023,95.743341,663.078687,-24.189108,661.822660,-144.247657,667.927294,59.959046,0.010828,1,4
5.433000,-62.021260,203145.614346,177.932686,202771.830776,57.839808,201455.630163,96.015546,673.383289,-24.276818,665.915713,-143.839238,664.495419,59.963401,-0.005258,1,4
5.467000,-61.898819,201510.190892,177.760157,202137.566158,57.697138,203187.409485,95.835497,655.763406,-24.320343,661.967206,-144.158342,663.845232,59.959101,-0.008630,1,4
5.500000,-62.135531,202241.469822,177.907394,202071.887904,57.919117,201359.628407,95.794256,664.985157,-23.976929,669.507969,-143.921291,664.639531,59.969963,0.011369,1,4
5.533000,-62.210062,202065.944902,177.805731,200543.763673,57.832514,202385.285271,96.020339,659.614507,-24.112394,662.789465,-143.980054,659.660630,59.963288,-0.005188,1,4
5.567000,-62.170954,200948.259622,177.849404,200296.137465,57.926253,201944.569623,95.784426,667.677338,-24.139531,665.169666,-144.152887,665.120908,59.961325,0.000201,1,4
5.600000,-62.059324,202869.128219,177.772425,201970.000938,57.879057,200433.227935,95.887248,668.478405,-24.338759,663.094562,-144.025053,666.052450,59.958470,-0.002342,1,4
5.633000,-62.179944,201767.617539,178.012309,202748.164888,57.839717,202059.062064,95.809829,665.192207,-23.963985,665.586646,-144.226229,666.647979,59.959007,-0.004535,1,4
5.667000,-62.166566,201473.987838,177.738355,201445.648378,57.856703,201680.418974,95.776137,673.938066,-24.299294,677.261695,-144.058964,670.561402,59.965822,-0.002504,1,4
5.700000,-62.269723,200827.286962,177.871842,203219.998394,57.914456,202400.340885,95.434802,671.024254,-24.094712,667.464428,-143.448669,671.826283,59.958392,0.006172,1,4
5.733000,-62.263027,202409.691447,177.938681,202482.173576,57.962230,200533.696782,95.770996,666.935840,-23.992500,670.432931,-144.392365,671.120585,59.957880,-0.008878,1,4
5.767000,-62.170773,201044.786854,177.966840,202169.065749,58.035412,202133.515271,95.734112,668.550202,-24.158210,666.987938,-143.731475,669.316606,59.963370,0.000864,1,4
5.800000,-62.206776,200513.599913,177.870446,202147.346481,57.909686,203639.235924,95.603969,675.807372,-24.081302,674.849036,-144.121989,670.576805,59.954076,0.010671,1,4
5.833000,-61.900576,201474.994747,177.922976,201163.237152,58.063511,203397.405694,96.275886,672.814117,-24.074471,667.768167,-144.006389,672.327517,59.957971,0.007962,1,4
5.867000,-62.018435,202588.380728,178.064181,201960.866871,57.990969,200584.904576,95.564035,667.297979,-23.762435,668.585662,-144.096376,669.484572,59.961991,0.020048,1,4
5.900000,-61.967376,201571.135558,178.017398,202316.167854,57.738357,200781.121338,96.128475,668.887804,-23.945766,672.475675,-144.467021,665.089940,59.957777,-0.010723,1,4
5.933000,-62.106951,203869.520472,177.991884,199929.478632,58.001824,200782.716202,95.877396,671.626981,-24.001933,673.183244,-143.867362,670.235220,59.956611,0.003030,1,4
5.967000,-62.182881,202375.201345,177.826638,203075.705688,57.893744,200714.988356,95.711967,671.722094,-23.979442,665.681851,-143.798138,671.045517,59.960630,-0.004065,1,4
6.000000,-62.223161,202694.743398,177.839269,200579.948966,57.971479,201722.185209,95.812960,673.372702,-24.129561,675.376993,-143.924399,668.204777,59.959257,-0.010136,1,4
6.033000,-62.083333,201098.871154,177.905907,200338.028412,57.961025,200595.156595,96.108892,671.035115,-23.729893,668.184705,-144.162247,665.012104,59.959858,-0.005355,1,4
6.067000,-62.018295,203010.344565,177.958627,202139.762272,58.098798,202775.275665,95.956581,668.591754,-23.823018,668.190759,-144.078858,674.619211,59.960465,0.007176,1,4
6.100000,-62.263823,199994.747085,177.996161,201561.468913,57.797567,202306.722053,95.648965,661.715489,-23.931909,675.167426,-144.013402,669.122345,59.960475,-0.001114,1,4
6.133000,-62.016674,201423.540608,177.975703,204074.743520,57.922766,202389.759255,96.028062,666.105332,-23.584644,673.509758,-144.190242,668.477988,59.961847,0.004862,1,4
6.167000,-61.772089,201811.632915,177.977141,202356.767921,57.914262,200187.915063,96.155617,674.645829,-24.083188,668.213540,-143.926260,667.241074,59.959351,-0.000505,1,4
6.200000,-62.010698,200015.355028,178.091114,203496.894857,58.033982,201891.800250,95.945826,673.572794,-23.705183,663.265466,-143.843991,670.559118,59.968048,0.003689,1,4
6.233000,-62.102945,201673.895372,177.912492,201990.574155,58.083411,201074.787829,95.800807,665.563638,-24.077087,669.972856,-143.958112,668.692771,59.963169,-0.009807,1,4
6.267000,-61.968657,201297.084178,177.966304,202579.304662,57.770006,201782.655541,95.951979,674.501458,-24.124393,667.228152,-144.196488,675.765638,59.966380,-0.006249,1,4
6.300000,-62.297891,202537.742703,177.968549,202205.589290,58.060061,200307.468892,95.392982,669.293283,-24.295262,672.895027,-143.754366,665.960159,59.971390,-0.001402,1,4
6.333000,-61.986074,202406.109925,177.798728,199056.691269,57.870892,201223.147708,95.680980,668.265178,-24.166587,677.189364,-144.473174,667.566380,59.967495,-0.008168,1,4
6.367000,-61.986204,202268.527575,177.920380,201005.765327,57.919503,200833.189140,96.077922,674.196024,-23.860860,668.140878,-143.975715,667.841955,59.966155,-0.010271,1,4
6.400000,-61.963251,201316.238294,178.049633,200338.182368,57.899394,202713.081169,95.910899,670.429567,-24.209835,668.146146,-144.026370,677.654702,59.965313,0.006180,1,4
6.433000,-62.049772,201888.669175,177.924392,202838.744898,58.044416,201265.698786,95.926776,671.013681,-24.399464,666.088777,-143.859354,668.586699,59.963676,-0.005570,1,4
6.467000,-61.862588,201788.948709,178.112678,201057.743649,57.869349,202326.842056,96.163865,667.728465,-24.104270,673.756462,-144.211714,667.935393,59.964592,0.005507,1,4
6.500000,-61.995447,201798.894167,178.120120,203181.435193,57.936503,201843.252972,95.777425,672.167583,-23.730817,670.514109,-144.266253,670.143709,59.969923,0.001386,1,4
6.533000,-61.842643,200871.917746,178.029255,202418.292938,58.123219,201654.502381,96.092628,671.407607,-23.456064,670.737062,-143.765370,676.021801,59.968811,0.000440,1,4
6.567000,-61.914614,201223.213509,178.069088,201698.206072,58.049130,201582.071351,96.028498,668.764784,-23.865064,667.575100,-144.136271,671.220491,59.963298,-0.020862,1,4
6.600000,-62.024119,201975.138141,178.032372,200113.699884,57.861121,201508.915864,96.076731,676.181918,-24.014701,669.790104,-144.154569,668.935208,59.966766,0.000888,1,4
6.633000,-61.891115,201186.660971,177.998297,200371.543760,58.155177,201138.734937,95.722829,670.844122,-23.842588,668.423386,-143.532946,668.425073,59.970443,-0.001474,1,4
6.667000,-62.150410,202069.093811,178.002596,202130.965542,57.977346,202228.839556,95.661345,668.535475,-24.227583,664.524637,-144.377591,671.506345,59.980797,-0.000996,1,4
6.700000,-62.043186,202490.230648,178.084788,202652.820600,58.057714,199786.288349,96.192179,669.262505,-23.904485,671.579069,-143.813972,676.152314,59.959780,-0.010885,1,4
6.733000,-62.077188,201217.749567,178.227239,202039.746996,58.050177,201096.285614,95.822794,667.776640,-23.674323,666.317701,-144.070409,663.601119,59.965447,-0.001536,1,4
6.767000,-61.994109,201085.424549,177.974136,201333.712267,58.000701,200383.750853,96.171451,671.289793,-23.808664,670.279812,-143.606599,671.376119,59.966430,-0.000099,1,4
6.800000,-61.949432,200759.931609,177.971106,202241.586625,58.056380,202561.914607,96.277985,663.678682,-23.704678,672.523716,-143.868497,671.564004,59.967213,0.002753,1,4
6.833000,-61.941663,202313.699907,178.172725,201581.459751,57.849266,201776.236600,96.243729,668.321366,-23.772668,677.739186,-144.349488,669.983943,59.972462,0.001669,1,4
6.867000,-61.772959,202453.434590,178.200593,201924.941785,57.964994,201829.628375,95.932738,666.663632,-23.825652,671.828309,-144.038838,673.421904,59.968304,0.009457,1,4
6.900000,-61.987477,202318.515127,178.098753,202303.609801,58.078322,202222.049707,96.124516,665.907673,-23.729460,676.101269,-143.966751,677.760972,59.979377,0.002631,1,4
6.933000,-62.053622,202416.268817,178.051245,203411.755841,57.886097,200957.077989,95.783842,675.784859,-24.208225,674.058355,-143.982460,670.663309,59.975060,0.010536,1,4
6.967000,-62.111361,201665.972393,178.046929,200596.392971,57.945911,202479.523670,95.640711,664.556503,-23.766573,668.372000,-143.805549,666.227016,59.977839,-0.011822,1,4
7.000000,-62.008477,201244.893069,177.858253,201385.851737,57.888814,200444.326588,95.998899,661.380397,-24.339076,665.434595,-143.878247,669.555607,59.965374,0.002001,1,4
7.033000,-61.980578,202146.975357,178.012495,201623.856464,57.889326,201424.520378,96.384738,664.935408,-24.482021,671.921236,-144.151394,671.171686,59.976865,0.009918,1,4
7.067000,-62.257035,201173.339961,177.874979,201524.248926,57.885396,201983.077351,95.960343,672.983205,-24.157662,666.987241,-143.807857,668.658820,59.963681,-0.005714,1,4
7.100000,-62.168472,200624.518805,177.709116,201348.154792,57.834738,201450.303033,95.633722,672.943741,-24.382543,675.546190,-143.916071,673.078086,59.972198,0.006499,1,4
7.133000,-62.230941,201275.356725,177.904747,201397.634295,57.993627,201622.495759,95.689515,670.938747,-24.088185,673.955019,-143.437301,672.691750,59.970639,-0.008753,1,4
7.167000,-61.963598,202545.513977,178.002729,201537.635223,57.863184,200160.051235,96.320768,667.755720,-24.012702,674.467994,-144.193471,679.783259,59.967196,-0.013119,1,4
7.200000,-62.003799,201252.036338,177.956625,200756.887524,57.984924,200956.690183,95.751130,668.774848,-24.231873,665.265078,-143.919269,666.289723,59.968350,-0.008841,1,4
7.233000,-62.136307,201576.645106,177.819888,200869.187408,58.116210,203025.893994,96.151486,670.751166,-24.085392,669.051627,-143.835686,680.095783,59.964241,-0.013828,1,4
7.267000,-62.007333,202285.305716,177.969352,200805.906510,58.024790,201843.970506,96.129253,670.454270,-23.940033,674.945927,-143.826424,665.737488,59.971380,-0.000534,1,4
7.300000,-62.176437,201826.391339,178.073390,202198.425155,57.977461,202882.402737,96.031805,672.074687,-23.988429,675.614459,-143.901539,677.123289,59.967330,0.009957,1,4
7.333000,-61.955119,202575.818301,177.973156,200103.165224,57.949439,202451.389532,96.178166,674.443513,-23.859248,673.466400,-144.115984,676.001074,59.961260,0.006501,1,4
7.367000,-61.978205,202719.877012,177.938128,201529.973835,57.941895,203230.485678,95.888789,662.789572,-24.053376,667.104244,-144.144142,668.745571,59.971668,0.000689,1,4
7.400000,-61.888845,201918.994188,177.953678,202227.123873,57.845745,200559.164590,96.086135,672.301878,-23.879608,668.812463,-144.615757,671.194443,59.977610,-0.000358,1,4
7.433000,-62.171262,201420.244307,177.935818,201995.789657,57.932090,201719.616537,95.785015,672.287762,-23.899621,673.910246,-144.021326,672.270424,59.970126,-0.002195,1,4
7.467000,-62.256719,204649.188116,177.835460,203246.072072,58.010385,200274.704588,95.602504,676.752543,-23.864146,675.116645,-143.888490,667.735795,59.975801,0.019247,1,4
7.500000,-62.066272,202819.407827,178.143539,202385.269303,57.783932,200056.384619,95.912132,672.442138,-23.856847,672.447440,-144.355205,673.498114,59.979931,-0.000780,1,4
7.533000,-62.090569,201634.352248,178.122792,200901.246635,58.014802,202153.174507,96.038633,668.396943,-24.032370,672.051608,-144.039591,670.474402,59.974831,-0.006722,1,4
7.567000,-62.023917,201575.498634,177.872354,201438.299229,58.172416,201747.960939,96.263082,670.694840,-24.081394,668.702147,-143.623892,673.587089,59.972770,0.000210,1,4
7.600000,-62.051923,201679.972750,177.941019,201181.851695,57.986724,203020.854313,95.841953,665.725621,-24.002421,671.047851,-143.883996,672.200382,59.971317,-0.000380,1,4
7.633000,-62.089432,202444.881277,177.909697,201994.725959,57.866153,202034.494713,96.288065,669.915942,-23.973264,664.972456,-144.038844,667.373769,59.978512,0.006634,1,4
7.667000,-62.024971,201368.304335,178.064245,200816.229857,57.976110,202722.525016,95.716166,666.640857,-23.817538,667.119249,-143.964608,669.351961,59.980622,0.003291,1,4
7.700000,-62.087286,202361.257853,177.865180,203212.422746,57.832507,200871.638063,95.846038,670.619984,-24.242176,674.932372,-144.643199,671.393510,59.978245,0.005673,1,4
7.733000,-62.018440,200441.128361,177.957210,201854.623164,57.997966,202621.859937,96.207279,672.427373,-24.186848,672.204133,-144.276512,668.339368,59.973787,-0.002769,1,4
7.767000,-61.974796,201796.214303,177.801388,202478.976816,58.032068,201511.393159,96.041421,664.855721,-24.243582,664.653965,-144.132906,668.037497,59.984546,0.005114,1,4
7.800000,-61.918229,202596.966665,178.015684,202103.401858,58.006040,201628.360585,96.433841,671.225236,-24.053813,662.159641,-144.237870,666.958367,59.981794,-0.007197,1,4
7.833000,-61.953469,202340.923691,177.888275,202266.097733,57.956515,202024.917421,96.235979,667.048445,-24.198039,666.808440,-143.865019,667.646146,59.983610,-0.004524,1,4
7.867000,-61.844285,201683.674047,178.030562,200907.489993,57.953250,201460.134783,95.935861,669.763903,-23.811726,666.854444,-143.950313,664.058487,59.985597,0.002825,1,4
7.900000,-61.979394,202614.991710,177.895809,202067.023966,57.932033,201471.658836,95.738254,660.345144,-24.173695,665.705560,-144.091811,664.590696,59.983158,-0.004509,1,4
7.933000,-62.080813,201058.628503,177.786793,201017.522505,57.851331,201705.847646,95.901545,667.093178,-24.038535,680.181019,-143.975142,670.194151,59.982378,0.003582,1,4
7.967000,-62.143439,202003.158659,177.883663,201914.982491,57.972077,201949.888608,95.956370,668.600528,-24.226952,676.005934,-143.911734,665.888663,59.980930,0.005671,1,4
8.000000,-62.018582,202354.920468,177.946977,200105.101760,57.962600,204307.282433,96.245660,666.941972,-24.311051,666.922008,-144.133116,666.543461,59.980709,0.001504,1,4
8.033000,-62.229309,202267.968078,178.060798,202452.355575,57.868709,200925.041622,95.869331,664.991031,-23.847829,668.684299,-143.957600,660.279258,59.991133,0.003214,1,4
8.067000,-62.022482,200456.474408,177.901979,200361.186882,57.848970,202944.278380,96.008832,666.367485,-23.914087,660.407751,-144.107936,666.183031,59.978973,-0.003041,1,4
8.100000,-61.963308,201303.769254,177.950110,200816.209016,58.037249,202534.327999,96.022391,667.835071,-23.904949,660.391318,-143.822991,671.029669,59.982325,0.000253,1,4
8.133000,-61.922397,200604.888319,177.966895,201672.409665,57.947530,202582.083859,96.314191,661.860288,-23.921250,661.980771,-143.913578,667.527949,59.977038,-0.004182,1,4
8.167000,-62.056032,201119.541652,178.001765,201999.095021,57.842668,201669.974745,95.781371,666.503519,-24.199400,665.929832,-144.058466,664.184612,59.976603,-0.006272,1,4
8.200000,-61.985227,201998.832767,178.039807,203702.330532,57.922299,200178.243736,96.278166,674.578037,-23.975266,669.236545,-144.175657,666.509843,59.980126,-0.009227,1,4
8.233000,-62.089977,201237.847009,177.999993,202022.741006,58.128973,202773.591137,96.158008,665.221285,-23.970780,656.920607,-143.926064,661.727049,59.977774,0.009811,1,4
8.267000,-62.124328,201544.916499,178.061325,201626.442138,57.985368,201505.673026,95.711348,658.456683,-24.083096,665.443673,-143.916850,663.894447,59.979658,-0.004083,1,4
8.300000,-62.072890,200671.418027,177.779524,200370.351064,57.926299,202233.029854,96.093850,657.408791,-24.350987,655.194827,-144.246339,658.140868,59.984636,0.008042,1,4
8.333000,-62.038523,201544.171175,177.986791,203093.853079,57.857022,201800.269916,95.831879,655.713400,-23.888221,663.652651,-144.205391,663.237838,59.973370,0.000118,1,4
8.367000,-62.116252,202839.657585,177.944877,200728.839772,58.124478,201845.304379,95.706044,660.942203,-24.045991,655.876074,-143.880474,658.290929,59.974325,0.007927,1,4
8.400000,-61.971706,202490.193717,178.074492,200986.945119,57.988735,202802.390041,96.018025,653.267915,-23.936123,656.628620,-143.896310,658.793301,59.979689,0.000531,1,4
8.433000,-62.044544,201004.052952,177.912172,199262.325978,58.106665,201444.016237,95.743715,655.581093,-24.101163,667.227605,-143.913257,669.299674,59.973809,0.000871,1,4
8.467000,-62.156714,202081.607725,177.990226,200186.956898,58.060426,202214.060212,95.767839,658.071812,-23.885231,668.619194,-143.829139,659.898234,59.977195,0.015569,1,4
8.500000,-62.023307,201077.826513,177.906391,201358.718602,57.897637,200573.997155,96.230148,657.750270,-24.207047,657.026197,-144.077977,658.605120,59.968303,0.002616,1,4
8.533000,-62.024197,202908.699487,178.090614,203524.987085,58.029772,203124.165789,95.996765,662.470104,-24.011450,662.321479,-143.950185,658.558522,59.973878,-0.003041,1,4
8.567000,-62.084816,202937.009821,177.741076,200974.593369,57.904706,203841.111332,95.979832,655.335951,-24.344259,659.761221,-144.277561,657.314367,59.981661,0.002833,1,4
8.600000,-62.054520,200759.162948,177.876807,201977.240433,57.963720,202285.972262,96.234286,657.783445,-24.308181,664.042273,-144.244415,658.935994,59.972744,0.000294,1,4
8.633000,-62.044357,203629.668577,178.051286,201572.748031,57.944569,202557.127672,95.761640,665.743682,-23.933288,667.383645,-143.807855,665.363068,59.978604,-0.000373,1,4
8.667000,-62.177807,201279.403311,177.881691,203335.202642,57.882100,201952.289904,96.044335,658.519774,-24.021215,667.706953,-144.328743,662.676433,59.968753,-0.003036,1,4
8.700000,-62.262946,201798.407385,177.609864,203347.699352,57.846351,202558.136183,95.877046,663.888506,-24.816926,665.000249,-143.994606,666.236039,59.978088,0.003897,1,4
8.733000,-62.264134,203009.896129,178.036385,202981.999085,57.848332,201835.329196,95.613535,661.912268,-23.946879,659.341214,-143.843001,663.414284,59.976715,0.006773,1,4
8.767000,-62.333627,201521.262289,178.006155,201240.905726,57.594226,202559.103713,95.874216,659.778108,-23.834688,653.160408,-144.153553,658.339262,59.988005,-0.000401,1,4
8.800000,-62.172894,202375.256115,177.685965,202369.361944,57.676465,203125.738052,96.057515,655.385920,-24.189459,656.263683,-144.113825,658.913405,59.976393,0.003963,1,4
8.833000,-62.144837,203514.307341,177.717268,202755.117440,57.848424,201345.536061,95.778475,652.679478,-24.179744,653.137643,-144.207550,652.589499,59.980685,0.007638,1,4
8.867000,-62.185985,203819.670627,177.733815,200677.059472,57.895632,202721.967575,95.813652,653.449056,-24.167786,660.995809,-144.172463,657.659985,59.975898,0.005899,1,4
8.900000,-62.040688,201742.240608,177.879955,202586.195008,57.957312,201630.326156,96.195699,653.563273,-24.131404,663.977056,-144.203283,656.453108,59.975768,0.004003,1,4
8.933000,-62.278624,201769.331832,177.722025,203028.701786,57.750056,203634.216098,95.712510,657.794172,-24.401802,653.401830,-144.112028,658.949635,59.977543,-0.010268,1,4
8.967000,-62.261783,201434.995398,177.622478,202675.619840,57.805800,201247.996892,95.863908,651.189664,-24.579686,650.637999,-144.002576,659.235073,59.970762,0.002410,1,4
9.000000,-62.163801,203302.706635,177.803791,203188.346279,57.776436,204338.465045,96.051431,653.093690,-24.409294,656.439309,-144.373584,656.178068,59.974743,-0.001390,1,4
9.033000,-62.193373,202169.760330,177.789983,200890.082285,57.868805,202035.954602,95.876807,653.590650,-24.355865,654.354963,-144.357918,645.619986,59.978907,0.005462,1,4
9.067000,-62.253652,201918.612651,177.800553,201425.733762,57.800881,200484.468816,95.545216,653.392987,-23.938075,655.010318,-144.088502,651.372216,59.979039,0.011343,1,4
9.100000,-62.339535,203016.234391,177.863660,200649.348391,57.716242,202815.250284,95.783538,649.011268,-23.774540,655.407698,-144.218932,654.390903,59.991808,-0.009212,1,4
9.133000,-62.285435,201475.034959,177.659410,201845.825901,57.774112,203948.633460,95.704058,653.616179,-24.475771,646.839988,-144.127295,649.350892,59.979555,-0.006159,1,4
9.167000,-62.278168,202430.731836,177.755847,203575.946560,57.919661,202938.699409,95.703073,648.194647,-24.185918,653.187627,-144.111591,647.679738,59.980734,0.011187,1,4
9.200000,-62.146369,203151.726304,177.732540,205632.005339,57.685971,203035.241175,95.539237,647.982878,-24.153156,646.437736,-144.176934,646.029961,59.983499,-0.010786,1,4
9.233000,-62.151372,201213.998915,177.809132,201477.855934,57.684431,201930.803884,95.875660,648.984126,-24.203636,645.287036,-143.985916,647.474893,59.984577,0.002100,1,4
9.267000,-62.023829,203330.325280,177.773674,202411.255481,57.772467,201887.231399,96.147488,653.985467,-24.262456,653.938343,-144.431013,649.377380,59.977875,0.000304,1,4
9.300000,-62.154869,202398.489167,177.811441,201337.478192,57.804629,203483.896066,95.961280,653.687379,-23.911299,646.679885,-144.319740,649.712371,59.975250,-0.001843,1,4
9.333000,-62.105219,202730.837870,177.840519,202804.522381,57.835838,202399.522586,95.916020,655.425451,-24.279905,654.385411,-144.124581,649.840480,59.982363,0.008148,1,4
9.367000,-62.010971,202725.897136,177.930971,202937.618871,57.888595,203750.070570,95.835759,651.279012,-23.784418,660.454094,-143.969627,654.100828,59.983220,-0.019026,1,4
9.400000,-62.134198,203242.008300,177.879006,199586.753268,57.883948,200883.814166,96.157922,651.304391,-23.987863,651.660754,-144.083119,653.320720,59.972359,0.001351,1,4
9.433000,-61.976418,203120.887164,177.674775,201824.676027,57.953801,200657.337937,95.819387,651.276208,-24.294518,655.942153,-143.945824,656.490073,59.981692,-0.000534,1,4
9.467000,-62.404256,200652.724533,177.788903,201672.006071,57.762525,202204.238294,95.858712,655.753819,-24.030715,644.600168,-144.047801,649.750483,59.978404,0.002226,1,4
9.500000,-62.158110,202319.787005,177.663105,202253.022470,57.838854,201429.172010,95.845729,654.248278,-24.347789,650.884475,-144.179503,653.656478,59.983864,0.007621,1,4
9.533000,-62.204921,201150.095689,177.842855,202166.432768,57.784931,202799.250531,95.524016,651.168039,-24.205900,649.262243,-144.456462,653.539835,59.982631,-0.004299,1,4
9.567000,-62.029287,202550.733094,177.919744,201483.579062,57.996316,201031.999463,95.927281,649.950559,-23.928736,647.386256,-143.942910,648.858476,59.981362,-0.005001,1,4
9.600000,-62.233627,202600.606951,177.716417,202830.607082,57.867343,202920.326897,95.548541,654.857731,-24.248412,656.197063,-144.087058,651.711595,59.979191,-0.002600,1,4
9.633000,-62.161242,201149.913165,177.826668,201116.211015,57.910286,202937.941919,96.006221,645.405282,-24.210822,654.044026,-144.462015,646.926759,59.980952,0.003297,1,4
9.667000,-62.420991,200383.070707,177.895833,201336.170629,57.760004,202181.611489,95.436736,646.049015,-24.112688,657.242554,-144.715409,644.238857,59.976417,-0.002560,1,4
9.700000,-62.194881,200834.045267,177.891151,202237.372882,57.921960,201956.617851,95.880087,654.554072,-24.116316,650.140883,-143.813647,650.126812,59.969959,-0.002031,1,4
9.733000,-62.271123,200929.250251,177.711941,201699.126531,57.891345,201929.286868,95.527326,655.492968,-24.326373,658.389868,-144.209521,657.414983,59.979143,0.004376,1,4
9.767000,-62.114255,201702.568943,178.076726,202322.771294,57.776261,201368.231639,95.566305,656.707433,-23.970863,654.345978,-144.114015,648.750688,59.971666,-0.009456,1,4
9.800000,-62.211472,201165.160489,177.733833,202219.631859,57.952165,200986.158609,95.846100,658.098520,-24.136877,652.740234,-143.924610,652.585797,59.981663,-0.002621,1,4
9.833000,-62.165641,202469.868146,177.892537,203162.284561,57.705126,201883.355112,95.866217,651.076616,-23.812645,660.061265,-144.405886,650.799988,59.985207,0.002533,1,4
9.867000,-62.184786,202162.906423,177.744415,200680.627972,57.657691,202440.606140,95.659911,651.853903,-24.448434,653.983779,-144.608568,646.765692,59.984026,-0.006586,1,4
9.900000,-62.313243,200409.964747,177.728156,201795.101858,57.924986,201359.016870,95.740992,658.738155,-24.152709,651.791538,-144.336294,657.186671,59.978082,0.001147,1,4
9.933000,-62.198138,202407.772684,177.886816,201655.989622,57.806723,201040.776413,95.851439,652.660416,-24.016362,657.906436,-144.454818,652.064685,59.984578,-0.004189,1,4
9.967000,-62.329834,202548.894342,177.821472,200787.144435,57.743595,202370.619736,95.569786,653.978842,-23.796280,649.417014,-144.372436,651.008362,59.978434,-0.002454,1,4
10.000000,-62.040892,202342.596800,177.946779,201659.761745,57.776813,201263.324151,96.101790,659.634919,-24.153463,657.852623,-144.251131,653.290732,59.976390,0.000866,1,4
10.033000,-62.401656,201325.865490,177.749714,201371.416276,57.687133,200720.551236,95.194780,651.609882,-24.179728,648.280954,-144.279541,650.081123,59.974894,0.008070,1,4
10.067000,-62.330169,201470.076257,177.834844,200022.757263,57.798942,201002.707744,95.822391,642.961869,-24.322122,656.049205,-144.400268,654.988128,59.969611,-0.012266,1,4
10.100000,-62.427862,202031.606629,177.728281,201977.648553,57.751906,202122.111834,95.773221,644.696473,-23.741886,652.485399,-144.272394,648.936295,59.973183,0.004147,1,4
10.133000,-62.283603,201828.623086,177.695017,200839.243053,57.640600,203143.291670,95.716051,651.477897,-23.904096,647.173639,-143.733221,645.994500,59.961029,-0.004689,1,4
10.167000,-62.145262,200746.360317,177.751468,201391.544522,57.615676,200892.989406,95.882722,654.962904,-24.302332,649.550015,-144.340478,649.188018,59.972087,0.011403,1,4
10.200000,-62.247827,203666.178629,177.734216,202050.569063,57.873428,202051.905944,95.599575,649.087550,-24.174204,650.725482,-144.103604,649.001657,59.969247,-0.001731,1,4
10.233000,-62.186869,203331.089320,177.814013,201620.665099,57.603110,201364.428159,95.673159,649.233633,-24.197022,650.618946,-144.461415,655.549122,59.981508,0.001765,1,4
10.267000,-62.104921,202799.399884,177.757583,202846.017542,57.909597,201817.291433,95.731195,654.600504,-24.191585,648.358321,-144.535531,650.310633,59.975662,0.008289,1,4
10.300000,-62.016091,201948.938434,177.858236,202888.499134,57.689467,201102.783204,95.963911,649.169082,-24.075166,653.121130,-144.430909,654.286329,59.968625,-0.004846,1,4
10.333000,-62.195226,201924.876960,177.813303,200504.004166,57.808992,201985.100279,95.751050,651.916007,-23.903070,644.753186,-144.151159,655.730914,59.971956,0.011756,1,4
10.367000,-62.188083,202104.383022,177.730485,203431.176463,57.768545,202571.577544,95.643182,644.491712,-24.168226,650.556558,-144.207457,651.631723,59.974666,0.004193,1,4
10.400000,-61.990558,202089.332973,177.885347,202207.670487,57.877030,202799.327417,95.698601,645.753181,-24.075085,643.597365,-144.147695,652.395241,59.977905,0.004386,1,4
10.433000,-62.089933,200176.826159,177.692840,203736.792998,57.870745,203846.438156,95.957998,648.269822,-24.108626,645.658574,-143.876711,647.819532,59.976885,-0.000517,1,4
10.467000,-62.165904,201559.183345,177.832892,204060.123188,57.926620,202994.992915,95.674310,644.608370,-24.272678,643.642408,-143.848058,651.084135,59.964973,-0.000707,1,4
10.500000,-62.344055,202858.182876,177.677858,201309.613820,57.884601,203123.110360,95.913125,643.645510,-23.988726,647.587994,-143.927242,646.711147,59.972031,-0.008729,1,4
10.533000,-62.307353,201777.492732,178.002876,202394.658059,58.079456,201524.510965,95.813353,651.890239,-23.896781,642.568061,-144.087768,643.168829,59.971012,0.001190,1,4
10.567000,-62.168282,202448.437263,177.618588,203908.997812,57.785629,202024.207013,95.913495,645.946337,-24.442530,648.971884,-144.287848,646.225173,59.974279,0.000620,1,4
10.600000,-62.210700,202762.954590,177.824109,203127.463169,57.852360,203099.653430,95.851539,642.998059,-23.951869,646.716878,-144.285222,645.259244,59.965795,0.012864,1,4
10.633000,-62.202103,202871.650097,177.830701,204578.437532,57.929140,203846.972960,95.684118,653.681299,-24.117031,646.798414,-144.512746,647.666797,59.967572,0.000480,1,4
10.667000,-62.213873,201342.259916,177.974555,202104.265716,57.673267,203022.302940,96.234257,646.103174,-24.123295,653.725911,-144.340607,653.664905,59.965310,-0.006238,1,4
10.700000,-62.199681,205492.812396,177.849102,203042.156925,57.860014,202351.417830,95.789920,655.501761,-24.046463,642.526790,-144.329199,652.139705,59.971912,0.003766,1,4
10.733000,-62.147856,203913.691317,177.918678,203047.172735,57.758709,203605.281492,95.765438,643.963836,-24.215971,651.203084,-144.149285,645.136227,59.962011,-0.016831,1,4
10.767000,-62.225921,202704.170145,177.886944,201836.510941,57.876087,202633.446048,95.748522,647.985852,-24.039378,650.226168,-143.996080,649.412978,59.966579,0.009132,1,4
10.800000,-62.332233,202254.270756,177.916484,203295.217764,57.758873,202333.659874,95.760120,649.299766,-24.096157,649.426629,-144.456053,653.144193,59.973681,-0.005740,1,4
10.833000,-62.062549,201693.279186,177.781631,201228.059174,57.806075,200812.213778,95.799236,651.753514,-24.280669,644.185101,-144.155750,651.667685,59.980625,-0.002713,1,4
10.867000,-62.111341,202826.462933,177.837857,202284.267372,57.653019,202019.466713,95.960263,646.311174,-24.206375,651.084942,-144.261036,644.252816,59.971271,-0.005534,1,4
10.900000,-62.196341,202782.323987,177.664405,200994.218977,57.662010,200853.170103,95.581730,646.636811,-24.229925,646.956622,-144.466060,647.952070,59.971204,0.004938,1,4
10.933000,-62.226318,201903.736871,177.788871,201431.844886,57.817077,203404.510701,95.663698,649.555500,-24.719624,647.615277,-144.297689,652.497343,59.968374,0.005213,1,4
10.967000,-62.135661,201431.375866,177.725467,203014.243235,57.472172,202887.003927,96.058802,648.230107,-24.074960,652.418218,-144.206806,647.850841,59.962054,-0.009377,1,4
11.000000,-62.186398,200162.040417,177.855912,201918.849906,57.661924,202303.285130,95.801987,645.361495,-23.998135,646.454468,-144.055410,648.175363,59.970238,-0.015529,1,4
11.033000,-62.015298,202034.952425,177.908204,201281.046507,57.798505,200804.304350,95.944973,647.821234,-24.236158,648.977310,-144.292766,643.341842,59.962287,0.002626,1,4
11.067000,-62.284646,201037.847386,177.686140,201361.597606,57.918747,200719.130814,95.728617,643.286824,-24.499515,649.117876,-144.359366,650.311222,59.960944,0.004207,1,4
11.100000,-62.263626,203137.133209,177.933563,202521.087749,57.701859,201404.414477,95.751961,647.086552,-23.951606,643.955130,-144.400616,645.484870,59.964563,-0.002099,1,4
11.133000,-62.271284,199982.404037,177.961878,200675.975094,57.788100,202260.998555,95.796340,642.006324,-24.080640,646.319471,-144.190794,645.269770,59.962094,-0.003887,1,4
11.167000,-62.313714,202177.793147,177.659196,202839.771129,57.899896,200655.034418,95.752910,648.136352,-24.313558,637.912174,-143.973756,637.513571,59.965280,0.006906,1,4
11.200000,-62.198518,201425.984328,177.881027,202233.447633,57.635875,201915.321094,95.629876,646.529042,-24.076739,645.868981,-144.512412,643.751645,59.958653,-0.009125,1,4
11.233000,-62.265170,200709.113063,177.710078,202539.162923,57.774573,201163.575561,95.820438,647.209889,-24.264019,645.460960,-144.202984,644.577910,59.961973,0.007071,1,4
11.267000,-62.050327,202729.897134,177.880661,202003.569094,57.850001,202330.085746,95.774908,642.580043,-24.263183,648.466194,-143.941031,644.327874,59.960126,-0.001269,1,4
11.300000,-62.321780,201930.260406,177.720653,203231.458598,57.742148,200680.733967,95.832628,644.036610,-24.142971,648.159384,-143.958789,651.089866,59.964176,0.000074,1,4
11.333000,-62.211313,201413.144958,177.826495,201299.703990,57.691053,201518.824847,95.843659,647.065245,-24.103826,644.591218,-144.354871,652.871885,59.958849,-0.010363,1,4
11.367000,-62.016162,201825.974782,177.795858,201693.327091,57.717678,202885.506546,96.388522,641.063123,-23.954906,647.916702,-144.229282,648.735263,59.960507,0.018182,1,4
11.400000,-62.282139,202758.325869,177.793757,203633.294707,57.815310,204143.002255,95.866843,640.332455,-24.253010,640.273246,-144.130736,641.911596,59.965631,-0.007933,1,4
11.433000,-62.352363,203552.642504,177.786004,202390.886292,57.811146,202256.695852,95.539028,646.370292,-24.112543,641.508224,-144.153295,638.552508,59.961691,0.004106,1,4
11.467000,-62.121614,202806.767060,177.736767,203085.892581,57.714272,202064.738949,96.021861,641.084651,-24.131516,640.553341,-144.236010,652.381298,59.964081,0.009011,1,4
11.500000,-62.366975,202005.440998,177.694675,202190.900407,57.826205,200750.764829,95.336331,641.446511,-24.442230,642.303804,-144.047951,642.420981,59.960927,0.005663,1,4
11.533000,-62.276259,202433.531533,177.675621,200784.722000,57.782612,202106.890511,95.814046,643.564102,-24.430605,646.527477,-144.296641,641.416465,59.963522,0.008332,1,4
11.567000,-62.171276,201845.395658,177.907346,201982.396184,57.836956,203685.111172,95.786320,642.067152,-23.698474,644.628811,-144.290149,645.929494,59.972435,0.013401,1,4
11.600000,-62.299591,202753.584720,177.785367,202687.909147,57.928525,202687.369584,96.035872,647.012429,-24.139835,643.306547,-144.254111,640.809443,59.968609,-0.001868,1,4
11.633000,-62.138057,200891.983957,177.884453,202673.141798,57.765038,201526.252706,96.198333,643.614081,-24.195517,642.002611,-144.165174,645.994013,59.961886,0.000785,1,4
11.667000,-62.223067,201544.245903,177.928772,203018.365496,57.891127,203625.458500,95.872717,643.869703,-23.986908,646.187829,-143.896292,649.553567,59.966981,-0.000243,1,4
11.700000,-62.070404,203840.458282,178.077337,203644.346681,57.946080,204716.209521,95.894935,645.022951,-24.207957,643.966187,-144.168092,649.639396,59.970993,-0.008086,1,4
11.733000,-62.131490,203082.714719,178.014852,203387.067818,57.810484,201403.009942,95.975031,647.733963,-23.889295,646.726912,-144.150191,648.597401,59.967375,-0.016297,1,4
11.767000,-62.111276,203182.005002,177.832435,203534.351263,58.017929,203550.038341,96.086442,640.678679,-24.308930,645.283384,-143.825824,636.475856,59.970030,-0.003567,1,4
11.800000,-62.188651,202252.700230,177.822806,202375.718978,58.008355,202033.001251,95.797355,649.098273,-24.128134,643.245477,-143.941919,650.172145,59.960359,0.000222,1,4
11.833000,-61.979714,202808.366142,177.807811,202216.926843,58.097271,202915.575978,95.997861,647.389270,-24.225534,646.471931,-143.930750,644.769556,59.959439,-0.006244,1,4
11.867000,-62.186126,202669.634683,177.859250,201464.121375,57.841194,203115.498415,95.444230,641.498494,-24.109924,646.577971,-143.980592,643.272127,59.966890,-0.007684,1,4
11.900000,-62.087154,202613.043383,177.917817,202662.295133,57.873189,203919.231200,96.004199,650.059330,-24.019685,648.412222,-144.138613,649.089392,59.969522,-0.002391,1,4
11.933000,-62.402098,200832.559737,177.903515,202217.591068,57.830791,203519.604290,95.560778,647.481016,-23.849527,643.442101,-144.119710,640.002626,59.957819,0.003198,1,4
11.967000,-62.125331,203097.889682,177.776698,202672.820696,57.734502,202047.948554,96.016831,640.996359,-24.405677,647.231197,-144.466450,645.793838,59.965700,0.010384,1,4
12.000000,-62.289635,202924.522660,177.875985,202911.159606,57.828945,202694.638454,95.780487,645.297490,-24.088199,646.510976,-144.431645,647.781365,59.975581,-0.005335,1,4
12.033000,-61.957370,200960.216786,177.887043,203182.093017,57.867800,202826.110792,95.813274,652.101471,-24.221310,646.656523,-143.952492,649.474852,59.968562,-0.004910,1,4
12.067000,-62.067508,201947.216779,177.793252,203520.332808,57.779587,201919.282705,95.590583,647.722938,-24.396200,648.738893,-143.980948,659.493870,59.966218,-0.008755,1,4
12.100000,-62.113115,202639.958660,177.736535,201416.699947,57.775621,203750.461917,95.713517,650.014458,-24.342939,646.349580,-144.320448,647.371286,59.970507,-0.010132,1,4
12.133000,-62.246624,203386.961400,177.852327,202690.249119,57.729727,202398.479375,95.568748,652.767775,-24.212569,653.667286,-144.178030,647.903462,59.962484,-0.003122,1,4
12.167000,-62.294132,203502.373994,177.671073,203640.807277,57.795386,202335.346725,95.426968,651.018758,-24.053590,643.900664,-144.321858,653.006731,59.966139,-0.005297,1,4
12.200000,-61.943313,203621.627171,177.764785,201901.361220,57.763668,202008.586660,96.194470,651.537721,-24.248919,654.367400,-144.570564,653.664853,59.966366,-0.012386,1,4
12.233000,-62.431523,203139.112527,177.702127,202882.526650,57.732486,202122.180348,95.715849,654.528321,-24.033346,655.791528,-144.682479,649.212894,59.967520,-0.011221,1,4
12.267000,-62.311447,201952.653304,177.799804,203704.094811,57.789415,202024.269533,95.507210,657.481434,-24.089785,642.824039,-143.645199,660.724914,59.963821,-0.000427,1,4
12.300000,-62.345629,202754.233258,177.762345,201938.502409,57.762344,203440.307375,95.756834,655.751856,-24.020154,658.412520,-143.972398,654.493640,59.966459,0.003050,1,4
12.333000,-62.296225,201871.947121,177.937251,203369.517928,57.916037,202593.818792,95.749249,653.293995,-24.047517,651.422453,-144.223703,652.224111,59.965754,-0.003599,1,4
12.367000,-62.299481,203451.496684,177.706900,203625.194012,57.821695,202892.825510,95.847907,656.180585,-24.118768,654.308609,-144.176476,651.328437,59.966260,0.006585,1,4
12.400000,-62.303544,202632.173644,177.692834,203843.164008,57.609013,202875.226102,95.970405,657.127935,-24.130903,653.314405,-144.287966,653.278633,59.955218,-0.011991,1,4
12.433000,-62.283550,201857.630862,177.774658,203226.867149,57.866985,202208.734383,95.565441,656.550913,-24.308713,653.613763,-144.327353,654.768311,59.963148,-0.005919,1,4
12.467000,-62.138994,202808.573958,177.856287,203736.909260,57.776436,201055.088961,96.114755,650.417248,-24.236735,656.922613,-144.336525,656.743058,59.967028,0.004735,1,4
12.500000,-62.108384,202264.843722,177.878171,202973.482443,57.995804,200940.489448,95.895162,657.974823,-23.938487,648.014510,-144.242427,650.760402,59.968293,-0.014484,1,4
12.533000,-62.265799,203195.899619,177.825423,202155.018803,57.818032,202495.301984,95.632718,650.516489,-24.461318,656.789716,-144.246027,654.069284,59.969358,-0.005720,1,4
12.567000,-62.189362,202333.593285,177.881734,203824.701063,57.911246,200194.706678,95.992200,649.229004,-24.279962,654.542018,-144.011939,661.193642,59.960789,0.008477,1,4
12.600000,-62.178305,203273.203441,177.805006,202206.927124,57.904123,202537.445184,95.793217,642.266993,-24.364721,648.426174,-144.005403,651.920112,59.959641,-0.000473,1,4
12.633000,-62.227273,202402.014596,177.937293,202279.231816,57.791686,203273.819244,95.763746,648.996695,-24.414640,644.574680,-144.117162,655.768230,59.957785,-0.004765,1,4
12.667000,-62.031175,201035.067291,177.876720,202788.752288,58.027677,203268.306310,95.811596,646.703629,-24.231897,650.376844,-143.966477,649.604653,59.956739,-0.005515,1,4
12.700000,-62.225432,202223.185198,177.681533,203398.548468,57.858991,201270.836693,95.635033,645.042759,-24.136744,653.795629,-144.015615,654.534071,59.965791,0.004320,1,4
12.733000,-61.845638,202649.402891,177.900579,203249.203182,57.845636,203433.041565,96.117741,652.598845,-23.877982,648.540232,-144.132549,647.080254,59.976158,0.002011,1,4
12.767000,-62.229463,202922.278506,177.879433,201936.329733,57.887951,203333.533514,95.463753,649.174420,-23.687199,649.798414,-144.302201,647.328618,59.974916,0.005420,1,4
12.800000,-62.247582,203331.002331,177.848741,202413.065120,57.852488,204188.468695,95.642099,655.063228,-24.188014,652.358668,-143.952582,648.916837,59.968418,-0.002686,1,4
12.833000,-62.216656,202447.585405,177.940172,201221.190326,57.736167,201535.186365,95.695576,651.026108,-23.976728,651.121946,-144.405905,659.044697,59.971311,-0.008216,1,4
12.867000,-62.036770,201796.070915,177.757718,201734.192440,57.773046,203444.157072,95.950520,650.713631,-24.333567,640.907749,-144.316274,651.839784,59.968608,-0.007357,1,4
12.900000,-62.243149,203034.127858,177.789462,202739.795349,57.943601,201681.261676,95.416285,646.844320,-24.223167,647.686963,-143.936992,642.380658,59.965374,0.011253,1,4
12.933000,-62.117540,202339.992875,177.807090,203384.497537,57.745372,203371.379392,95.667358,649.596165,-24.151571,638.455733,-144.214146,641.774303,59.973108,-0.001000,1,4
12.967000,-62.398527,199990.523518,177.778924,202183.700757,57.905747,201897.636044,95.750530,646.397396,-24.429359,643.631986,-144.097808,640.663339,59.961062,-0.010747,1,4
13.000000,-62.013853,202964.323801,177.923497,200515.007685,58.024593,202484.842920,96.487447,643.284387,-24.006981,642.999275,-144.116747,641.953978,59.968152,0.009066,1,4
13.033000,-61.913445,201198.465674,178.019251,203141.313815,57.970884,201851.148360,96.140751,644.427300,-24.214748,639.887736,-143.876661,646.077763,59.962603,0.004149,1,4
13.067000,-62.222430,201278.566987,177.694527,202881.556865,57.946795,201749.560209,95.697792,650.098695,-24.216958,641.959706,-143.792611,647.164263,59.960624,0.004733,1,4
13.100000,-62.096703,202300.603231,177.785500,202695.246355,58.002486,202214.241229,96.011622,651.134723,-24.476634,640.989921,-143.742319,652.269592,59.967620,-0.004897,1,4
13.133000,-62.120901,203563.575681,177.823239,202829.577646,57.896630,202028.144044,95.839290,648.924510,-24.384369,649.213032,-143.885460,648.980967,59.967487,-0.007237,1,4
13.167000,-62.105783,201842.541014,177.928586,201583.178684,57.844022,200632.721965,96.018070,647.274876,-24.073856,637.966751,-144.161488,645.899223,59.972821,0.004913,1,4
13.200000,-62.242698,204175.687268,178.029430,201156.625358,57.930024,201459.952550,95.658399,642.483061,-24.097115,640.774045,-143.942063,649.411104,59.975078,0.001776,1,4
13.233000,-62.193535,202592.479913,177.869945,203421.641369,57.814666,203797.333821,95.503916,645.475205,-24.416878,643.910817,-144.308281,646.595661,59.975114,0.003364,1,4
13.267000,-62.052082,202958.357103,178.017139,201788.398425,58.122289,201852.597833,95.839627,644.579679,-23.841470,643.648590,-143.568360,643.180027,59.980599,-0.007054,1,4
13.300000,-62.126460,202102.880908,177.766075,202425.859048,57.892045,201748.702716,95.859709,646.839856,-24.339754,643.269034,-143.788947,647.776048,59.974972,0.004227,1,4
13.333000,-62.189605,202558.993516,177.739675,202319.811621,57.967604,202920.528431,95.643515,646.116797,-24.645674,640.212540,-144.072988,643.937970,59.970356,-0.005157,1,4
13.367000,-62.121761,201819.904559,178.009488,202168.285423,58.012037,203588.300207,95.890473,646.861475,-24.129424,646.000414,-143.991866,638.455939,59.974033,-0.007199,1,4
13.400000,-62.018494,202984.029845,177.971701,203669.849569,58.032163,204006.012297,95.896171,643.646572,-24.208034,640.773592,-143.617629,639.912947,59.972541,-0.000470,1,4
13.433000,-61.822013,200427.808347,177.994682,204053.973352,57.946387,203614.706670,96.569123,644.640494,-23.946125,647.327013,-143.960582,641.437274,59.970059,-0.002018,1,4
13.467000,-62.109638,202253.324616,178.110952,203081.977238,58.041957,201261.696279,96.135878,648.957894,-23.700115,643.396313,-144.089092,643.911072,59.972799,0.002575,1,4
13.500000,-61.972510,201597.637155,178.020395,202439.913515,57.912849,202367.472690,96.192344,642.201862,-23.917035,640.503895,-143.744057,636.863323,59.968652,-0.003256,1,4
13.533000,-62.044269,201541.134537,178.199857,201987.989762,58.248682,202304.229738,95.784277,641.850194,-23.582171,640.420854,-143.647683,638.972218,59.970240,0.008379,1,4
13.567000,-61.872759,203830.681076,178.245237,202284.298471,58.154849,200428.913533,95.945552,644.646401,-23.471436,645.992348,-144.121792,638.606717,59.974266,0.008445,1,4
13.600000,-61.775790,202318.118628,178.107380,202247.183940,58.039008,200976.650273,96.258106,638.460362,-24.251182,647.273610,-143.666065,643.177935,59.973795,-0.001880,1,4
13.633000,-61.969408,201935.436204,178.174339,200989.049032,58.137896,200835.385003,96.225909,651.553404,-23.759918,651.714679,-143.671635,649.390917,59.970883,0.002875,1,4
13.667000,-62.181293,201320.153479,177.980704,201174.250720,57.985190,203619.022985,95.953005,650.311216,-23.946311,645.236905,-144.113803,645.885987,59.967169,0.006986,1,4
13.700000,-62.002658,201380.606649,178.010742,201265.298715,58.228895,202344.272619,96.196996,647.027530,-24.010730,648.608927,-144.290834,641.851583,59.967816,-0.011048,1,4
13.733000,-61.941483,202490.453633,178.129659,204217.446430,58.077691,202381.401115,96.114034,646.717423,-23.952497,640.266996,-143.523224,647.982565,59.969154,-0.002005,1,4
13.767000,-62.052883,201910.513792,177.978686,202926.845649,57.995345,200744.980206,96.291637,638.497050,-24.029185,637.501244,-144.208109,636.456752,59.964302,-0.004824,1,4
13.800000,-61.836780,202738.306351,178.150270,202132.846874,58.069237,201982.362509,96.342929,635.386820,-23.962658,645.014815,-143.974030,647.442453,59.969564,-0.012047,1,4
13.833000,-62.009178,202120.503271,178.173068,202184.570432,58.255483,202356.902340,95.887072,641.384982,-23.649633,645.770764,-143.583182,646.575972,59.959665,0.009904,1,4
13.867000,-61.800712,201752.766219,177.986623,201557.927321,58.433195,204586.629787,95.850256,641.725433,-23.721877,650.838667,-143.362689,647.878419,59.963309,0.001180,1,4
13.900000,-61.842525,201760.071757,178.197854,200406.700737,58.208670,200753.480923,96.295246,643.682915,-23.932404,642.281206,-143.852165,641.209333,59.953846,-0.009133,1,4
13.933000,-61.917105,201206.807764,178.178164,202436.928832,58.192176,201901.570736,95.634626,652.572132,-24.074930,647.797665,-143.777333,647.659647,59.967036,-0.009318,1,4
13.967000,-61.948587,200318.641995,178.117916,200574.450696,58.288592,202603.392788,96.021380,644.143534,-23.752323,648.220332,-143.782295,643.353249,59.966863,-0.000309,1,4
14.000000,-61.861976,200833.537897,178.168829,200248.013138,58.181556,199833.275926,96.190566,646.982185,-23.860247,649.391808,-143.959578,648.581908,59.967278,0.001344,1,4
14.033000,-61.926241,201932.134914,178.213646,200930.220864,58.167975,201295.872959,96.036869,647.465018,-23.787812,644.066239,-143.767316,644.439999,59.965270,-0.002982,1,4
14.067000,-61.835715,203091.630827,178.099990,202045.181652,58.196142,201863.067014,96.320537,643.196095,-23.651869,640.895009,-143.598788,646.036948,59.967835,0.001444,1,4
14.100000,-61.831089,201828.903343,178.150626,200517.343446,58.269360,200881.167039,96.178420,638.337406,-23.652220,643.179673,-143.834016,642.129034,59.967350,-0.007674,1,4
14.133000,-61.967383,203172.283486,178.317423,202091.530191,58.127685,201916.156867,96.048938,646.469511,-23.806534,644.696983,-143.617953,638.638487,59.963690,0.007471,1,4
14.167000,-61.809774,203811.671894,178.137767,201947.615367,58.341593,201682.493369,96.336848,637.809693,-24.009523,646.813152,-143.753813,637.189499,59.966652,0.001722,1,4
14.200000,-61.700963,202464.381858,178.260867,201135.227251,58.189427,202063.803266,96.446808,643.424136,-23.908154,643.719295,-143.767544,642.135929,59.968777,-0.005207,1,4
14.233000,-61.675222,202209.207810,178.326133,200896.179269,58.320825,202479.770215,96.312339,649.036215,-23.794195,641.342098,-143.780979,642.929347,59.963310,-0.006667,1,4
14.267000,-61.679719,202551.642267,178.166286,203935.941104,58.376750,201245.524341,96.086927,645.710941,-23.866635,653.091641,-143.567080,645.160897,59.960273,0.014916,1,4
14.300000,-61.607348,203874.352172,178.256865,202170.906409,58.243796,201033.629838,96.532403,648.638865,-23.817541,644.449743,-143.630325,646.706945,59.969622,-0.005697,1,4
14.333000,-61.749727,202943.646410,178.384416,200961.207645,58.221680,201481.312617,96.304803,652.497132,-23.613100,644.543196,-143.792937,646.742192,59.971593,-0.006164,1,4
14.367000,-61.687877,202686.463573,178.446969,200811.675084,58.305326,202824.023640,96.066001,642.359004,-23.692767,646.559440,-144.155165,640.273759,59.972281,-0.001054,1,4
14.400000,-61.762215,200939.045914,178.277827,201778.557818,58.340838,202355.882187,96.324410,645.566642,-23.707314,650.425396,-143.648288,649.093630,59.973825,0.003107,1,4
14.433000,-61.682314,203708.368075,178.210042,201231.115698,58.223781,202481.528487,96.350469,648.669517,-23.533778,647.441256,-144.012220,646.523737,59.980491,-0.008964,1,4
14.467000,-61.765226,202547.561411,178.516843,203715.560584,58.389326,202440.277282,96.210188,646.540101,-23.531672,643.635875,-143.634563,644.013103,59.973313,0.004450,1,4
14.500000,-61.739439,201737.803573,178.244006,200956.907726,58.316646,202436.100753,96.017169,644.479655,-23.686438,645.375389,-143.512775,650.645599,59.980061,0.001455,1,4
14.533000,-61.611222,202276.635632,178.184966,202170.622327,58.532055,201628.377685,96.622216,642.053353,-24.069803,646.094978,-143.233671,645.265795,59.980104,0.004149,1,4
14.567000,-61.819177,201712.559882,178.430467,202828.177688,58.340281,202220.654879,96.288541,638.591626,-23.165123,645.870016,-143.932246,641.103986,59.978786,-0.004210,1,4
14.600000,-61.722502,201887.806447,178.280124,201436.628416,58.219267,202395.909931,96.077674,642.309663,-23.737189,636.647825,-143.832222,645.317730,59.982944,0.012553,1,4
14.633000,-61.539257,202599.679251,178.213794,201259.968216,58.441406,201811.451662,96.505491,635.718865,-23.762835,636.854931,-143.413551,642.932875,59.980403,0.009274,1,4
14.667000,-61.708571,201339.036720,178.327188,201374.678200,58.307928,201505.027363,96.312362,634.992857,-23.557126,653.029694,-143.739405,636.277626,59.980386,-0.005106,1,4
14.700000,-61.598353,201457.361873,178.332396,203270.232185,58.403764,201378.174564,96.480355,643.523219,-23.775409,637.275292,-143.703951,643.854970,59.982745,0.002008,1,4
14.733000,-61.737263,202549.556964,178.322140,203444.019831,58.176481,200067.105221,95.986584,644.110665,-23.900234,641.358230,-143.817848,641.109417,59.986859,-0.007498,1,4
14.767000,-61.663827,200616.031298,178.254082,201397.360840,58.117792,203527.584562,96.403202,645.520394,-23.755090,633.859722,-144.099086,636.038945,59.983249,0.003642,1,4
14.800000,-61.589781,201966.339720,178.235402,202080.440226,58.267955,201488.984101,96.455045,642.941134,-23.739581,642.543913,-143.746762,650.129069,59.984186,0.010896,1,4
14.833000,-61.877138,202086.313540,178.282122,202667.074663,58.327074,201621.541221,96.092962,633.169271,-23.521066,640.511307,-143.514979,639.697251,59.988412,0.004073,1,4
14.867000,-61.732076,201791.276623,178.111681,202830.692508,58.335909,202539.150600,96.488340,637.342783,-23.884080,640.459318,-143.854555,642.906855,59.979920,0.002192,1,4
14.900000,-61.900911,202874.774652,178.156696,201535.213307,58.213244,202988.440106,96.075243,637.295368,-23.815381,643.779197,-143.798212,643.634123,59.983852,-0.001295,1,4
14.933000,-61.675393,202312.158365,178.183617,202649.074474,58.078945,202426.345819,96.237023,640.116557,-23.705549,640.529198,-143.889821,637.712384,59.978770,-0.009145,1,4
14.967000,-61.870461,201617.797252,178.045151,202432.040677,58.264672,202158.243395,96.290136,639.434093,-23.803473,642.584862,-143.858656,640.811007,59.977170,0.001889,1,4
15.000000,-61.806215,202084.381364,178.292850,202157.950696,58.159859,201557.529253,96.214264,642.050332,-23.725801,646.115352,-143.964320,644.253750,59.976340,-0.008981,1,4
15.033000,-61.744559,202174.491099,178.204758,202854.257054,58.188058,203591.676947,96.213761,628.324336,-23.594984,632.203400,-143.761476,639.468788,59.977017,0.015369,1,4
15.067000,-61.846188,203188.322158,178.278465,201315.128648,58.069300,201181.562349,96.058446,639.107390,-23.643245,641.583946,-143.908227,637.916084,59.980715,-0.008000,1,4
15.100000,-61.837569,201644.981872,178.186528,202663.030835,58.318445,203518.584825,96.341025,643.334836,-23.759849,642.736867,-143.524581,633.536254,59.977927,-0.010935,1,4
15.133000,-61.666364,202700.236505,178.106149,202375.670554,58.055874,203309.865484,96.092761,644.224969,-24.099867,644.062632,-143.777561,642.346755,59.975786,0.001044,1,4
15.167000,-61.749492,201790.287166,178.328240,201276.161325,58.019488,203319.473788,96.316047,644.729175,-23.865252,642.864596,-143.624097,645.399932,59.976506,-0.013306,1,4
15.200000,-61.714115,201947.614189,178.101590,201980.135318,58.337576,201780.786808,96.229069,641.832602,-24.124493,638.958130,-143.603471,646.041685,59.972017,0.008504,1,4
15.233000,-61.737929,201343.177356,178.217605,200095.593395,58.131311,202216.155952,96.443816,641.340545,-23.908273,634.974137,-143.650803,650.153129,59.984320,-0.004611,1,4
15.267000,-61.731420,203144.927191,178.246318,200866.341746,58.182270,202158.034266,96.132433,636.534785,-23.368832,637.926096,-143.586722,636.011083,59.982110,0.007994,1,4
15.300000,-61.850727,203281.507103,178.207968,200374.668624,58.214964,203772.106961,96.275386,644.862125,-23.897574,646.096566,-143.847675,641.381031,59.977711,0.003948,1,4
15.333000,-61.736806,201988.162345,178.274407,202999.930347,58.074777,202489.148572,95.819970,639.640477,-23.849662,641.738877,-143.674209,644.953114,59.979013,-0.017181,1,4
15.367000,-61.666462,201748.691792,178.346028,202057.327190,58.143295,202790.157707,96.304686,641.755990,-23.535296,638.728184,-144.172623,644.485273,59.989233,0.003197,1,4
15.400000,-61.790038,203849.136301,178.441395,202631.022320,58.230254,201947.160993,95.980140,642.079841,-23.386262,635.440840,-143.950363,646.330710,59.982998,-0.010752,1,4
15.433000,-61.513331,203047.929567,178.309385,203012.335179,58.417802,201651.590720,96.073592,641.706372,-23.690344,643.150713,-143.587995,645.341053,59.980380,0.004889,1,4
15.467000,-61.730499,201506.339131,178.372239,201768.708855,58.203039,203431.804510,96.025655,635.943975,-23.657017,638.174834,-143.526510,644.336212,59.980778,-0.005033,1,4
15.500000,-61.601089,200296.512135,178.403081,201368.410113,58.419030,203206.139719,96.449517,638.204106,-23.511350,638.762824,-143.382580,641.936009,59.975415,-0.003729,1,4
15.533000,-61.784461,202964.487996,178.304394,202714.382546,58.396527,202372.788818,95.854512,635.548423,-23.633226,645.349130,-143.291575,647.989272,59.985279,0.000110,1,4
15.567000,-61.674695,203361.399034,178.362364,203529.906657,58.190744,202361.518645,96.309866,639.089193,-23.580555,639.160958,-143.885046,643.792923,59.979755,0.005390,1,4
15.600000,-61.693372,204030.786829,178.416793,203894.824340,58.294209,202321.523786,96.146353,636.477736,-23.800197,642.429585,-143.755292,636.382521,59.974366,-0.014546,1,4
15.633000,-61.583770,200478.403535,178.457873,203639.536717,58.301966,202909.556236,96.612979,634.856842,-23.615251,642.637599,-143.837019,633.808190,59.978412,-0.002775,1,4
15.667000,-61.620759,204058.333575,178.469392,204113.802448,58.347455,201575.610298,96.120280,637.087613,-23.629570,636.174593,-143.376184,637.985182,59.972484,-0.003211,1,4
15.700000,-61.676901,203017.183207,178.181840,203016.378568,58.149242,204021.059855,96.063234,629.682064,-23.665870,634.069870,-143.535232,634.699261,59.975265,0.009962,1,4
15.733000,-61.552138,202368.470840,178.342222,202470.633425,58.169496,202629.378881,96.482753,634.790423,-23.735111,632.724918,-144.053295,634.452337,59.971308,0.008267,1,4
15.767000,-61.665605,202620.000415,178.276919,201923.000936,58.480445,202455.949582,96.284803,630.817414,-23.707208,640.913081,-143.468728,638.136841,59.982867,0.009328,1,4
15.800000,-61.679596,202661.019186,178.551539,203107.411732,58.475514,202486.404675,96.375433,641.664546,-23.572032,636.630714,-143.240324,635.693911,59.978674,-0.001358,1,4
15.833000,-61.674679,202277.519819,178.570245,200845.476052,58.226741,203531.916513,95.959138,633.589037,-23.348357,641.125913,-143.682481,635.927686,59.980504,-0.005508,1,4
15.867000,-61.533251,202788.486047,178.347848,201422.745290,58.322413,204095.363432,96.661200,632.098678,-23.159620,635.940003,-143.554358,638.823910,59.979808,0.002673,1,4
15.900000,-61.535278,201782.135646,178.225561,202875.622459,58.289785,201061.735227,96.300260,631.386420,-23.774422,636.247616,-143.596740,628.412630,59.972206,-0.009504,1,4
15.933000,-61.467588,205393.101120,178.555918,204073.642443,58.396010,201726.352884,96.756260,643.895777,-23.211629,634.152394,-143.749683,630.113620,59.979604,0.008446,1,4
15.967000,-61.628350,202896.523342,178.625384,202116.943160,58.645018,201397.165185,96.414667,637.607975,-23.240855,639.229908,-143.156872,638.930419,59.977993,-0.006761,1,4
16.000000,-61.703401,201097.164351,178.476179,202552.958545,58.699314,201804.899719,96.077383,634.490678,-23.739871,631.700893,-143.445824,638.185852,59.981913,-0.001654,1,4
16.033000,-61.430758,201651.158898,178.282335,201062.688340,58.331715,201164.583022,96.590368,632.152826,-24.033631,632.913301,-143.470801,632.579283,59.969025,-0.000250,1,4
16.067000,-61.522317,202351.131921,178.539735,201595.248540,58.529761,201297.997748,96.617358,640.536399,-23.302298,639.299799,-143.734495,636.457566,59.981051,0.013599,1,4
16.100000,-61.393448,203234.504913,178.440226,201273.202856,58.236092,201305.710916,96.356552,635.569377,-23.465864,633.877981,-143.968112,630.446786,59.978504,0.011436,1,4
16.133000,-61.391246,201304.263448,178.448989,202214.301071,58.266842,201879.768445,96.728176,630.508619,-23.700753,629.252168,-143.788474,637.425421,59.979483,-0.000759,1,4
16.167000,-61.479979,203630.739737,178.505106,200574.412422,58.466641,201001.099638,96.448884,629.578050,-23.528936,632.872519,-143.523678,636.986293,59.980222,-0.010817,1,4
16.200000,-61.340710,201090.743800,178.441127,201181.549037,58.601326,201853.328755,96.576485,632.271925,-23.475559,630.015129,-143.259726,634.717234,59.980433,0.001471,1,4
16.233000,-61.332671,201430.354786,178.413530,201976.873551,58.634255,201982.617466,96.668134,630.731986,-23.327599,630.644847,-143.398651,640.045870,59.981279,-0.007704,1,4
16.267000,-61.408081,199804.836164,178.507055,201048.356074,58.541636,201035.307354,96.888874,634.649098,-23.624430,634.096951,-143.257908,631.921350,59.977466,-0.000758,1,4
16.300000,-61.388888,199799.020305,178.344437,201850.593051,58.447096,203237.000242,96.540390,636.569626,-23.438304,634.909219,-143.544163,631.527408,59.978078,0.000970,1,4
16.333000,-61.560799,200907.896799,178.561310,201672.279286,58.441958,202174.820152,96.397814,632.208025,-23.512321,633.127748,-143.169459,631.338213,59.986127,-0.002567,1,4
16.367000,-61.307643,202510.029385,178.655246,201255.126462,58.684576,200948.661872,96.630867,630.624944,-23.359897,629.906772,-143.222522,634.641210,59.977059,-0.000100,1,4
16.400000,-61.531153,201262.393906,178.482264,200842.420268,58.558921,202144.912656,96.541077,635.652525,-23.651060,625.778334,-143.283054,626.903939,59.974370,0.006393,1,4
16.433000,-61.544205,202284.548444,178.351111,200542.207131,58.507865,203178.838719,96.640536,628.815089,-23.523064,630.490067,-143.230177,621.753977,59.984311,0.007236,1,4
16.467000,-61.384539,201432.429442,178.358129,201520.307970,58.592321,201918.825642,96.649563,618.802906,-23.448776,625.585876,-143.408741,632.619894,59.981303,-0.000082,1,4
16.500000,-61.660034,202069.417756,178.631936,201861.059638,58.544417,201507.058859,96.303046,626.474626,-23.383746,627.269877,-143.269090,626.620674,59.984700,-0.007954,1,4
16.533000,-61.541086,201666.974713,178.352310,201205.848227,58.438439,203222.268777,96.350547,632.204327,-23.601314,625.760527,-143.592835,615.374019,59.981087,-0.004612,1,4
16.567000,-61.561516,203951.089921,178.386221,202018.688998,58.515457,202038.156189,96.124439,629.988858,-23.806772,623.381539,-143.535991,625.315582,59.976831,0.001690,1,4
16.600000,-61.542342,203469.003352,178.617954,201671.014942,58.436819,203507.155939,96.471548,627.284796,-23.632603,631.825163,-143.789780,629.556745,59.981677,-0.008038,1,4
16.633000,-61.705964,201869.988652,178.437112,200159.529793,58.718178,201276.946150,96.320320,632.563832,-23.770387,634.751022,-143.263595,629.519189,59.976016,-0.010926,1,4
16.667000,-61.486172,203638.271667,178.492867,202377.760942,58.489466,203051.051567,96.546517,624.961730,-23.554538,633.471969,-143.432087,630.396470,59.976349,-0.006236,1,4
16.700000,-61.596651,202624.035660,178.258103,201917.141678,58.471533,203620.898885,96.460425,632.221347,-24.081177,628.222323,-143.181702,622.727732,59.976205,-0.009535,1,4
16.733000,-61.461262,202677.882384,178.472478,203566.731047,58.479801,202848.285615,96.455361,626.657314,-23.274201,623.228352,-143.697357,626.834294,59.970800,0.005237,1,4
16.767000,-61.644309,202480.613613,178.447867,203056.594838,58.559530,202091.335376,96.238141,626.917164,-23.902203,628.321027,-143.390595,626.274262,59.970362,-0.000821,1,4
16.800000,-61.601782,201647.345518,178.438402,201612.191888,58.416560,202671.928702,96.054791,624.278748,-23.386123,619.137284,-143.601834,634.099749,59.965187,-0.002210,1,4
16.833000,-61.437019,202704.315396,178.491103,202996.374062,58.555124,202642.165741,96.502747,627.003825,-23.497344,637.722517,-143.533918,627.590509,59.966620,-0.008703,1,4
16.867000,-61.537306,202365.139340,178.457246,201723.181400,58.476334,202982.999108,96.175290,631.079928,-23.386263,629.370613,-143.410194,624.494260,59.971882,-0.002630,1,4
16.900000,-61.363804,201777.844545,178.540995,201082.607710,58.450148,202654.939803,96.569151,633.669668,-23.353615,635.234048,-143.242024,629.272288,59.973705,-0.007851,1,4
16.933000,-61.715825,203383.334310,178.609536,201030.145171,58.470000,203062.332691,96.369847,631.191007,-23.205325,630.623661,-143.435576,632.356433,59.961781,-0.001100,1,4
16.967000,-61.492299,203843.336538,178.376963,202347.473941,58.534689,203170.462160,96.667351,637.551727,-24.039450,630.983996,-143.830105,628.261677,59.958904,0.007471,1,4
17.000000,-61.429432,203508.232075,178.762047,202162.593870,58.557897,201888.650557,96.488030,635.142175,-23.259995,629.758664,-143.224909,634.159161,59.964920,0.000820,1,4
17.033000,-61.646941,201556.669500,178.619720,203545.464964,58.524194,202996.563776,96.167047,628.730466,-23.442315,635.070008,-143.447998,634.758037,59.957534,-0.012842,1,4
17.067000,-61.379474,201890.578131,178.481454,201183.816291,58.472512,201690.157027,96.382602,634.571725,-23.416045,637.736232,-143.641645,638.084116,59.964887,0.007623,1,4
17.100000,-61.201039,202629.923627,178.416902,201489.694735,58.320687,202450.408309,97.220489,627.378722,-23.387648,630.657949,-143.725528,631.401094,59.958851,-0.004596,1,4
17.133000,-61.313358,202596.811332,178.266622,201850.782836,58.651532,202360.336646,97.020225,634.252418,-23.503252,629.232009,-143.688176,635.947577,59.961987,0.010084,1,4
17.167000,-61.532586,201322.275489,178.634497,201312.719001,58.635845,203786.364132,96.525224,631.957606,-23.388049,632.447976,-143.083281,632.880496,59.964770,-0.003528,1,4
17.200000,-61.413627,201430.257320,178.651823,201162.954777,58.725168,203327.942635,96.362314,636.552884,-23.072325,633.484311,-143.403981,633.544848,59.962671,-0.006377,1,4
17.233000,-61.317922,201870.241156,178.674294,201449.257595,58.656398,201473.292756,96.402981,632.119047,-23.285589,639.604812,-143.117950,627.666150,59.974510,-0.002952,1,4
17.267000,-61.318944,203624.924692,178.711390,203953.230452,58.749042,202851.374585,96.511013,632.373929,-23.133984,629.818968,-142.975850,629.448982,59.968021,-0.004144,1,4
17.300000,-61.333261,201838.100660,178.653416,202998.906800,58.891298,201271.549410,96.389328,632.327543,-23.335277,628.864518,-143.089700,628.172888,59.966952,-0.000069,1,4
17.333000,-61.232659,201971.733615,178.535587,201867.975613,58.570170,202500.153847,97.016676,630.834323,-23.412857,628.791589,-143.302895,630.343155,59.964168,0.000207,1,4
17.367000,-61.339241,202016.938387,178.612395,201823.048232,58.648657,203690.033161,96.629491,629.755827,-23.316557,633.320858,-143.876737,633.454849,59.970547,0.002308,1,4
17.400000,-61.325435,201394.763291,178.678827,200019.010723,58.725341,201910.527649,96.609499,635.794469,-23.449984,630.169992,-142.952238,631.654372,59.970706,-0.009050,1,4
17.433000,-61.322991,203772.535999,178.782309,201022.217438,58.625202,201642.718999,96.581783,632.472011,-23.158841,635.170576,-143.444123,631.231803,59.971191,0.005476,1,4
17.467000,-61.610769,202497.516058,178.782405,203628.050211,58.698158,201985.509934,96.516494,635.532686,-23.098516,630.470666,-143.273310,630.898231,59.964238,0.001169,1,4
17.500000,-61.216123,203136.241395,178.796380,201601.665626,58.596188,200772.883031,96.857278,633.773830,-22.837516,633.354530,-143.223913,638.916907,59.976500,0.010175,1,4
17.533000,-61.432040,201185.321545,178.784854,201175.216354,58.508732,200987.053017,97.174825,636.495943,-23.257481,628.408200,-143.525742,632.395631,59.970026,-0.008446,1,4
17.567000,-61.231658,201879.984667,178.775731,202964.963213,58.595483,202443.373493,96.981305,641.951841,-23.365762,642.923804,-143.646688,634.121920,59.975572,0.002744,1,4
17.600000,-61.288744,202556.067309,178.802017,203039.274336,58.888251,202246.628948,96.447206,637.899822,-22.977515,646.050812,-142.983610,639.490144,59.969590,0.015440,1,4
17.633000,-61.191445,202256.380762,178.483824,203589.350502,58.825954,200816.110151,96.407028,642.757637,-23.404889,634.826978,-143.073205,636.907291,59.971750,0.011084,1,4
17.667000,-61.324658,202813.199618,178.800088,202084.493392,58.909438,201928.759769,96.556776,637.845360,-23.234660,637.358568,-143.019834,640.716992,59.980593,-0.003526,1,4
17.700000,-61.191735,202619.839744,178.870530,201437.136987,58.750738,202005.417680,96.983465,638.329493,-23.257870,643.267573,-143.104783,641.143045,59.969921,0.006269,1,4
17.733000,-61.197063,200947.933706,178.705226,201715.715269,58.686860,202059.325209,96.699761,633.978654,-23.205333,633.598652,-143.137040,638.010141,59.971074,-0.005351,1,4
17.767000,-61.304459,202999.444240,178.587980,202194.693234,58.601712,201809.923575,96.750339,638.127959,-23.581339,635.816335,-143.293058,637.437411,59.967888,-0.005203,1,4
17.800000,-61.320544,200673.330626,178.926993,200719.566164,58.774901,200425.642906,96.688146,641.494897,-23.055291,644.181803,-143.444078,645.973445,59.966442,-0.006554,1,4
17.833000,-61.316881,202103.709400,178.714886,202803.606678,58.786474,202969.690900,96.571602,637.418953,-23.051137,645.348682,-143.199693,647.932116,59.968331,0.000243,1,4
17.867000,-61.406310,200855.021101,178.602787,201393.331228,58.991239,201616.603044,96.349208,641.162119,-23.336252,635.578768,-143.032477,641.233253,59.967451,-0.011181,1,4
17.900000,-61.218173,200936.161318,178.744865,201005.803059,58.788870,200066.798542,96.916885,641.103019,-23.060642,634.346533,-143.485759,638.149837,59.969949,0.006775,1,4
17.933000,-61.215639,203190.459712,178.846411,202058.707359,58.714324,202471.591785,96.742025,632.781069,-23.223638,642.688204,-143.534556,635.801222,59.966607,0.012829,1,4
17.967000,-61.329149,202057.665255,178.658387,201074.575064,58.771863,202691.180722,96.651631,644.365302,-23.597176,645.402047,-143.299097,638.764362,59.973180,-0.016418,1,4
18.000000,-61.305331,201891.574177,178.755993,201060.873218,58.518075,202427.394227,96.694572,643.090450,-23.060872,640.395955,-143.301343,639.745557,59.968574,0.005858,1,4
18.033000,-61.255180,202884.477500,178.671926,203056.250661,58.631086,202466.969830,96.756510,628.990345,-23.181817,642.512369,-143.452743,637.299062,59.968710,-0.009464,1,4
18.067000,-61.298729,202379.708059,178.598265,202914.554506,58.779860,201459.641833,96.743430,640.262798,-23.410021,634.026897,-143.179126,639.517520,59.969559,-0.001433,1,4
18.100000,-61.369794,201556.784388,178.621967,201667.884770,58.585894,201536.008347,96.889470,637.793759,-23.494800,637.863957,-143.015615,629.111528,59.976523,0.007176,1,4
18.133000,-61.309971,200408.173629,178.650418,203565.204617,58.808226,203175.423426,96.654960,635.942987,-23.383055,634.590507,-143.049214,631.156845,59.969825,-0.000825,1,4
18.167000,-61.310160,200644.485430,178.465503,203323.919932,58.841571,203177.443097,96.602546,629.153441,-23.653846,635.399330,-142.999944,635.304293,59.972655,-0.004792,1,4
18.200000,-61.263761,204025.875152,178.718185,203576.951497,58.629150,200750.560187,97.061143,627.984993,-23.365195,641.062056,-143.080855,638.525654,59.970955,-0.002565,1,4
18.233000,-61.250379,202003.560279,178.874264,201010.550763,58.630038,204158.832153,96.600502,639.750223,-23.058011,634.038939,-143.426234,637.656777,59.969767,0.001978,1,4
18.267000,-61.309246,201965.224146,178.764072,202095.189660,58.801286,201862.904407,96.680311,630.129991,-23.271651,629.814282,-143.524786,630.375905,59.969194,0.005084,1,4
18.300000,-61.348847,202136.758124,178.732142,202263.417664,58.652578,201685.260024,96.580124,633.279274,-23.590496,627.408113,-143.276535,637.636177,59.966836,0.006753,1,4
18.333000,-61.292813,202063.531820,178.824498,203035.803419,58.648945,202417.362611,96.599183,634.942093,-23.148091,633.483072,-143.301532,637.206232,59.972840,0.004613,1,4
18.367000,-61.124164,201509.429880,178.586877,202067.585203,58.863146,203463.373599,96.711049,633.016565,-23.532596,633.858929,-143.522638,636.903316,59.971968,0.005035,1,4
18.400000,-61.307120,201603.765925,178.942682,203000.278052,58.548063,203090.955744,96.655101,644.014691,-22.900079,633.357917,-143.320482,633.528565,59.964682,0.000713,1,4
18.433000,-61.259847,202168.299856,178.458778,202619.723479,58.641186,203508.820427,96.937891,640.594398,-23.383086,633.350472,-143.455506,640.259251,59.966966,-0.005134,1,4
18.467000,-61.168486,203016.868732,178.678190,202456.769481,58.712607,203606.855824,96.992714,631.091599,-23.356408,625.871605,-143.390077,631.554731,59.968076,-0.014865,1,4
18.500000,-61.270745,203476.758595,178.629272,204628.700892,58.718249,202952.413911,96.716573,630.547606,-23.429139,632.507156,-143.273764,638.331419,59.969481,0.004762,1,4
18.533000,-61.244986,202198.530020,178.716544,202320.293950,58.686997,201504.340293,96.693156,632.571215,-23.178494,633.589703,-143.070937,635.166932,59.964759,0.001417,1,4
18.567000,-61.126580,204943.864150,178.792862,203885.583413,58.581968,202950.678360,96.950725,638.028110,-23.541990,633.518596,-143.243519,632.079873,59.953623,-0.002653,1,4
18.600000,-61.320554,201904.255063,178.744016,203471.171384,58.682304,203215.198251,96.682038,631.280956,-23.203461,628.769938,-143.609132,632.834806,59.951385,0.005310,1,4
18.633000,-61.362730,202961.708712,178.539522,204131.482705,58.823906,202706.530516,96.795958,632.819989,-23.652953,636.852047,-143.090352,633.761407,59.955650,-0.010607,1,4
18.667000,-61.281260,203651.371045,178.695835,204425.751258,58.698662,204819.185113,96.654316,635.532675,-23.457396,638.414909,-143.308734,633.281757,59.948022,0.003168,1,4
18.700000,-61.247716,201624.884956,178.716946,202135.763268,58.710279,202898.549658,96.805813,633.663604,-23.078633,629.886878,-143.377605,633.064681,59.953998,-0.001232,1,4
18.733000,-61.385500,203171.876347,178.550361,203650.351106,58.738169,203046.137155,96.917550,632.933265,-23.379743,638.159358,-142.983391,636.971457,59.952717,-0.016073,1,4
18.767000,-61.415840,204496.224094,178.695793,203934.725791,58.699870,204024.733133,96.506807,640.540498,-23.407248,641.676745,-143.235430,639.086982,59.948292,-0.011366,1,4
18.800000,-61.407340,203627.068115,178.749344,203009.495362,58.676219,202949.577247,96.404064,635.644729,-23.194003,639.539561,-143.129170,635.201790,59.949156,0.003510,1,4
18.833000,-61.383011,204149.738178,178.716280,204332.931100,58.608526,202908.441314,96.523740,640.076943,-23.217173,638.154944,-143.524108,635.839576,59.958776,0.011244,1,4
18.867000,-61.351677,204319.128035,178.667847,203593.718090,58.524234,202750.848472,96.667460,639.910178,-23.333416,635.134764,-143.494132,642.179242,59.952848,-0.004093,1,4
18.900000,-61.503875,202264.011522,178.500554,202496.472873,58.717269,204009.641621,96.409607,640.973239,-23.319541,640.052011,-143.216266,648.073885,59.957178,-0.003802,1,4
18.933000,-61.309586,203713.824554,178.792372,204070.602992,58.586291,203473.045339,96.578338,636.810547,-23.366916,639.258773,-143.679014,641.874113,59.953965,-0.003733,1,4
18.967000,-61.525680,203413.391635,178.604640,204665.839898,58.680109,203779.217547,96.481273,634.641256,-23.237571,641.896372,-143.418139,640.624244,59.962777,-0.013840,1,4
19.000000,-61.395632,203480.134379,178.686045,205263.969006,58.661037,204234.366102,96.514427,642.854811,-23.484059,642.632380,-143.242404,639.346264,59.950235,0.000642,1,4
19.033000,-61.571078,203540.093382,178.524190,203300.691613,58.576294,202020.677291,96.152614,638.384757,-23.782806,632.709962,-143.180752,637.562258,59.956310,-0.005321,1,4
19.067000,-61.275007,204160.692165,178.619639,204043.125198,58.589533,203200.939876,96.832484,640.582966,-23.239368,641.718246,-143.419336,635.292540,59.955133,0.003475,1,4
19.100000,-61.593862,203492.780917,178.657510,204038.253973,58.606263,203005.835160,96.208149,627.055124,-23.648584,635.958436,-142.909934,637.753587,59.959408,-0.009205,1,4
19.133000,-61.408109,204525.707889,178.486736,202970.008063,58.636559,204121.298894,96.606702,641.229274,-23.575997,634.832958,-143.305074,638.669346,59.958434,-0.001796,1,4
19.167000,-61.665074,202746.244317,178.392835,204422.197304,58.356212,202973.348991,96.462502,631.116605,-23.753867,634.038862,-143.832489,639.118669,59.957020,0.003267,1,4
19.200000,-61.409540,204594.257282,178.695253,204420.120011,58.322898,204159.200767,96.452454,638.443657,-23.268181,633.632067,-143.831412,638.347384,59.961834,0.000265,1,4
19.233000,-61.525899,204112.849314,178.438471,204747.321174,58.430916,204241.727345,96.737667,636.831922,-23.362239,634.720759,-143.331033,642.799628,59.963232,0.004981,1,4
19.267000,-61.429470,203930.278525,178.436812,203620.599297,58.345344,204631.980649,96.573291,634.540008,-23.317558,635.467977,-144.042290,638.527363,59.953844,-0.008514,1,4
19.300000,-61.614414,204376.667657,178.434366,204155.527691,58.591561,203291.122448,96.256320,643.225564,-23.495546,633.353275,-143.637880,639.283848,59.962421,-0.015313,1,4
19.333000,-61.412576,202851.540221,178.613070,203695.732202,58.496309,202632.150263,96.788075,643.755532,-23.500497,635.789311,-143.634128,640.266846,59.958905,-0.000466,1,4
19.367000,-61.559932,202909.493971,178.468775,204376.899607,58.387537,203978.320756,96.560167,634.428451,-23.684622,644.634385,-143.539435,640.277881,59.956420,0.009361,1,4
19.400000,-61.658295,204463.199247,178.637826,203893.247609,58.531931,203701.297662,96.115428,635.621386,-23.407827,635.712669,-143.462337,637.704094,59.960118,-0.006648,1,4
19.433000,-61.488172,206165.299138,178.598589,204437.022239,58.392687,204321.338296,96.545325,637.102433,-23.354232,634.600865,-143.825895,647.076489,59.957981,-0.001373,1,4
19.467000,-61.484372,202997.525726,178.564166,203311.085378,58.653873,203677.173038,96.565563,643.890909,-23.571928,627.158963,-143.027280,625.025121,59.965432,0.004630,1,4
19.500000,-61.322776,201222.868514,178.369431,203690.204688,58.501324,204512.033045,96.587807,635.140019,-23.416226,640.487841,-143.637242,634.103465,59.963887,-0.003429,1,4
19.533000,-61.556697,204826.143296,178.441057,204714.937880,58.502265,203273.216896,96.732531,633.563127,-23.777408,634.745698,-143.406214,636.504068,59.971240,0.019331,1,4
19.567000,-61.413383,204194.248545,178.473734,201851.707300,58.539038,202725.280352,96.435252,634.976600,-23.593852,644.716116,-143.371283,636.243704,59.958014,0.008018,1,4
19.600000,-61.581777,202885.592156,178.346963,204935.066219,58.656844,205111.345009,96.298106,633.043949,-23.461428,626.228233,-143.127168,637.909690,59.967724,-0.009725,1,4
19.633000,-61.463622,204959.583348,178.519573,205837.888685,58.336502,203929.545324,96.911823,638.510348,-23.598172,637.499665,-143.434567,632.273251,59.955753,-0.004642,1,4
19.667000,-61.516163,203928.685356,178.497497,204252.036692,58.509452,204292.349447,96.835164,641.166807,-23.896270,640.746072,-143.389755,635.964503,59.959062,0.000371,1,4
19.700000,-61.384511,204789.346046,178.483284,205033.264933,58.481977,205341.243580,96.633582,637.365387,-23.529217,640.159957,-143.487389,633.951518,59.954192,-0.002092,1,4
19.733000,-61.222241,203919.568581,178.659624,203578.433945,58.406283,203920.658414,96.968117,641.940740,-23.718440,642.769073,-143.427794,638.464820,59.945350,-0.001760,1,4
19.767000,-61.555874,202653.351522,178.551334,205346.509252,58.495118,203492.184840,96.473470,636.476986,-23.381673,639.993953,-143.774751,637.734950,59.952164,-0.000318,1,4
19.800000,-61.392340,204931.799903,178.454357,203322.113650,58.638365,205780.930221,96.191842,644.173744,-23.331068,644.658840,-143.234091,644.310639,59.954001,0.012556,1,4
19.833000,-61.362847,204823.030367,178.466279,204988.286100,58.783258,203783.748124,96.646319,637.421969,-23.696477,642.797335,-143.113604,637.810785,59.956100,-0.004116,1,4
19.867000,-61.261509,204401.859965,178.657888,204838.491789,58.649713,204202.764851,96.838515,644.503430,-23.247025,639.403079,-143.226846,635.288584,59.956808,-0.003472,1,4
19.900000,-61.434509,205203.402636,178.655256,206168.453362,58.735107,204688.316771,96.401184,646.845822,-23.254147,646.706167,-143.093930,636.152177,59.955614,0.006817,1,4
19.933000,-61.213353,205926.547063,178.560518,204680.508768,58.610077,204445.892883,96.854927,639.504874,-23.521402,643.062020,-143.455416,642.622278,59.963325,-0.004373,1,4
19.967000,-61.526053,204324.393633,178.559541,203335.009832,58.623134,205628.899386,96.450375,650.839751,-23.397724,644.521336,-143.100231,641.704500,59.966656,-0.005253,1,4
20.000000,-61.287747,203436.008581,178.631310,204618.092782,58.678438,205519.427974,97.075860,639.189607,-23.278116,643.596047,-143.491536,643.160260,59.958365,0.001354,1,4
20.033000,-61.343120,204941.718585,178.636483,203875.665813,58.722540,206083.765047,96.551606,643.506127,-23.098069,644.177742,-143.185050,638.321809,59.957472,-0.004129,1,4
20.067000,-61.241421,203888.644419,178.598279,204779.495160,58.662199,204831.191918,96.730121,639.047970,-23.764960,643.327643,-143.414392,644.923057,59.961656,-0.013599,1,4
20.100000,-61.459698,205111.253180,178.533052,205386.317168,58.757607,204662.545921,96.497027,638.934989,-23.435751,638.124991,-143.304931,642.397268,59.963143,0.001078,1,4
20.133000,-61.393680,204478.611732,178.659393,202109.446176,58.596400,204793.742695,96.628085,645.991337,-23.427155,645.628541,-143.361696,639.142627,59.950910,-0.000968,1,4
20.167000,-61.338849,204134.583128,178.704190,204605.755346,58.585355,204935.266858,96.599058,635.966485,-23.129170,641.033529,-143.402592,636.470837,59.950195,0.009726,1,4
20.200000,-61.434392,206234.251455,178.853954,205201.991509,58.801779,204421.689693,96.686395,640.441068,-23.028725,643.299039,-143.113168,640.702051,59.959499,-0.003145,1,4
20.233000,-61.308905,205151.666698,178.765590,204469.051527,58.494737,204027.025777,96.482660,640.925075,-23.139407,640.439112,-143.467243,648.617281,59.951341,0.003209,1,4
20.267000,-61.211859,203614.194497,178.559756,204228.197733,58.729610,204990.475431,96.863227,644.619092,-23.182841,641.477098,-142.976357,645.882916,59.953590,0.004779,1,4
20.300000,-61.325320,203771.935098,178.811643,202800.934374,58.609877,203326.283029,96.896933,651.262711,-22.866648,642.440870,-143.658191,641.809053,59.963698,-0.001634,1,4
20.333000,-61.191845,204205.769226,178.456302,203962.308661,58.735432,204275.052285,97.142724,638.546032,-23.578412,639.801017,-143.222709,641.498430,59.962075,-0.001311,1,4
20.367000,-61.214986,203255.503440,178.681917,203142.146309,58.570752,203857.803673,96.824932,643.276043,-23.181336,648.666228,-143.405302,643.736074,59.960894,0.006076,1,4
20.400000,-61.283130,205194.670548,178.606599,204303.717297,58.681443,204603.401640,96.489031,642.004134,-23.361517,645.927804,-143.394802,643.488353,59.959969,0.000761,1,4
20.433000,-61.380919,204401.403094,178.577154,204347.742620,58.702231,204401.353209,96.607561,639.985254,-23.449696,641.219960,-143.546274,643.282749,59.959720,0.004068,1,4
20.467000,-61.472014,204613.362403,178.522256,203819.123107,58.689609,204405.185437,96.578387,647.263400,-23.604360,642.906510,-143.421222,644.073695,59.961766,0.011560,1,4
20.500000,-61.272319,204219.254930,178.723715,203024.923880,58.714514,205096.176026,97.031295,643.175006,-23.409061,647.234039,-143.184845,643.044370,59.954160,0.009289,1,4
20.533000,-61.299890,204216.583519,178.761341,204159.123897,58.813987,206139.822534,96.569360,640.817492,-23.426432,641.429285,-143.312180,648.586434,59.959073,-0.002238,1,4
20.567000,-61.324060,203828.791738,178.709422,203396.168902,58.604364,202642.627357,96.673292,639.384876,-23.425861,645.516110,-143.555558,634.696347,59.957225,-0.014150,1,4
20.600000,-61.321370,204826.653489,178.531107,204522.036390,58.860922,203932.263357,96.970128,639.349863,-23.269726,646.836386,-143.270757,642.862640,59.954681,-0.010747,1,4
20.633000,-61.388627,203468.980624,178.564992,203205.269276,58.832606,204158.031616,96.567553,642.851606,-23.359398,639.610656,-143.037379,645.344576,59.955862,-0.000245,1,4
20.667000,-61.257381,204085.915001,178.767036,203611.184459,58.707117,202909.691035,96.790396,642.245900,-23.081534,642.481333,-143.686253,638.262953,59.959232,0.002518,1,4
20.700000,-61.146403,203905.023717,178.800648,202692.456723,58.645415,204339.538325,96.823539,646.437084,-22.932981,644.467987,-142.677031,642.833508,59.960695,-0.008614,1,4
20.733000,-61.161514,205843.697485,178.638478,202551.588725,58.667289,203231.615921,96.442132,640.272083,-23.380138,640.298080,-143.024684,636.860090,59.965856,0.006081,1,4
20.767000,-61.178491,203429.704524,178.722776,203303.287208,58.765047,202942.667000,96.727205,639.973036,-23.459859,641.239742,-143.068657,635.195837,59.953098,-0.003520,1,4
20.800000,-61.284325,203694.845128,178.865530,203315.064530,58.764864,202932.021400,96.536455,640.303754,-23.273501,639.155612,-143.300296,643.136058,59.957338,-0.000342,1,4
20.833000,-61.184154,204906.854989,178.804506,202435.921811,58.763485,204407.094377,96.534780,642.393965,-23.373483,638.798591,-143.092096,638.686541,59.956681,-0.001668,1,4
20.867000,-61.079668,203074.795925,178.851542,203373.326257,58.872710,203769.595981,97.416514,646.076385,-23.397445,643.012238,-142.980090,643.100774,59.962907,-0.004903,1,4
20.900000,-61.044786,204196.158234,178.715607,202756.618441,58.900435,204706.060212,96.945006,648.218933,-23.283782,644.372230,-142.987220,636.339512,59.960599,-0.011108,1,4
20.933000,-61.193660,204030.896530,178.813079,202600.683598,58.655279,203634.037296,96.818092,651.399230,-23.345817,635.720871,-143.295618,642.078956,59.952992,0.002399,1,4
20.967000,-61.333446,204143.866522,178.786056,204010.022654,58.771177,205115.877315,96.295092,640.790518,-23.262300,635.783600,-143.516961,639.704831,59.954894,-0.015308,1,4
21.000000,-61.021984,204210.859425,178.836896,205310.660599,58.861426,203670.593080,96.655070,639.903480,-22.977985,640.790195,-143.011991,642.510729,59.954115,-0.005290,1,4
21.033000,-61.385720,205032.766275,179.021136,205702.359533,58.964951,205686.651848,96.661628,646.727823,-22.869641,644.483064,-142.887952,641.542310,59.959864,-0.000127,1,4
21.067000,-61.102562,204505.402497,179.056772,205230.592731,58.928633,202874.481377,97.143635,639.895288,-22.757819,644.550107,-143.060888,644.421402,59.957834,0.015579,1,4
21.100000,-60.962073,204632.953680,178.992907,202811.838069,58.938927,204597.039177,97.218677,640.222746,-23.373027,643.385857,-142.622174,646.974123,59.955610,0.010982,1,4
21.133000,-61.181015,204044.827547,178.888110,203525.629954,58.877994,203662.005515,96.589813,641.360984,-22.561342,640.961309,-143.086408,644.528838,59.959522,-0.008013,1,4
21.167000,-61.180316,202655.504990,178.680152,203457.480822,58.868022,205580.634966,97.051237,639.696996,-23.382593,642.813670,-143.348692,643.158084,59.952421,-0.001862,1,4
21.200000,-61.146990,203438.012414,178.829712,205268.997509,58.830397,205177.508411,96.900187,647.108702,-23.272589,644.002394,-142.985344,633.805277,59.958217,0.003008,1,4
21.233000,-60.978947,203483.828129,179.028449,204668.943100,58.933556,206157.564550,96.949218,646.954848,-22.673218,640.083795,-143.129345,640.223409,59.951431,0.005554,1,4
21.267000,-61.281576,203078.753095,178.813572,203960.397245,58.778662,203635.677255,97.002926,654.280738,-23.051574,644.470060,-143.470443,640.247208,59.959996,0.008158,1,4
21.300000,-61.065603,205169.095613,179.035234,204285.073520,58.841603,205272.177151,97.401634,647.932553,-22.914826,642.185453,-143.262922,642.953966,59.952325,0.008983,1,4
21.333000,-60.996757,203804.015028,178.802251,203011.008067,59.037337,203732.129679,97.066258,642.334758,-23.281291,641.036922,-143.086351,634.143153,59.954918,0.004665,1,4
21.367000,-61.061543,203587.294268,178.853113,204987.643255,59.029243,204587.505095,96.949549,642.974873,-22.939731,637.314082,-142.982950,648.866932,59.959663,0.002918,1,4
21.400000,-61.114224,203687.370370,179.020525,203733.690093,58.936586,202724.294022,96.983391,638.953457,-22.758450,644.194653,-142.961471,644.658322,59.961743,-0.015790,1,4
21.433000,-60.979251,204194.579243,178.820231,202773.527909,58.792460,203217.712862,97.257023,640.139856,-22.926550,639.156606,-142.884880,646.409800,59.957761,-0.002450,1,4
21.467000,-60.983970,203816.665989,178.809616,204194.922453,59.156055,204170.316926,96.841164,641.506990,-23.186615,641.614957,-142.568318,642.679452,59.964496,0.006111,1,4
21.500000,-60.944118,203370.814294,178.816769,204834.718925,58.954815,203194.713996,97.432508,640.771722,-23.012283,638.781122,-142.890975,641.970686,59.957650,-0.004825,1,4
21.533000,-60.935830,205237.440716,179.263907,204484.172357,58.990952,205660.785446,97.059369,646.490764,-22.737507,638.485197,-142.850078,639.997144,59.953152,-0.006679,1,4
21.567000,-61.031248,204683.194730,179.085277,203795.723882,59.014959,203439.001147,96.851844,642.487775,-23.092429,633.034521,-142.792752,641.572632,59.951170,-0.000084,1,4
21.600000,-61.162115,202941.435847,179.119641,204212.816806,58.986333,203172.917159,96.826929,639.817125,-23.134780,647.027932,-142.958333,642.193460,59.947913,0.000732,1,4
21.633000,-61.082564,203309.763438,178.862005,204249.695394,59.028902,205194.115782,96.881429,639.416160,-22.798555,651.816437,-142.899503,645.407897,59.947980,0.009774,1,4
21.667000,-61.088148,204806.336682,179.180993,203819.526780,59.154563,203160.826944,96.997499,642.246666,-22.398343,646.950568,-142.697291,641.353363,59.951370,0.003338,1,4
21.700000,-61.112232,202675.625808,179.183821,203420.061572,58.866932,203893.738194,96.582050,635.808663,-22.686878,639.514388,-143.300148,640.678592,59.958920,0.008501,1,4
21.733000,-60.715569,202795.538481,179.263694,203909.850031,58.966477,204228.016549,97.486489,633.866524,-22.730149,642.091264,-143.230641,642.634375,59.959790,-0.004664,1,4
21.767000,-60.962626,204057.933258,179.073577,203275.186589,59.047292,202503.777015,96.949375,646.689610,-23.057805,643.613253,-143.181835,643.841615,59.958864,-0.012029,1,4
21.800000,-61.107096,204155.120300,178.955539,202792.707300,58.916298,204294.584979,96.786643,648.092060,-23.002179,643.010901,-142.780109,647.812346,59.965997,0.001472,1,4
21.833000,-60.863199,202188.689028,179.008857,202826.162841,59.137221,204075.076924,97.279726,641.878310,-23.049855,641.525688,-142.516092,638.636021,59.964976,0.017054,1,4
21.867000,-60.940177,204246.279401,178.984015,203641.004087,59.032984,205014.693782,97.386770,641.103131,-22.792178,645.462326,-142.609700,640.877724,59.954150,-0.014577,1,4
21.900000,-61.063689,203118.057955,179.228311,204369.601501,58.912754,201986.490960,96.949234,652.092710,-22.540034,643.054140,-142.979508,640.661488,59.965417,0.001929,1,4
21.933000,-60.896180,203643.988247,179.102804,204061.509371,59.097134,204219.132708,97.246904,648.915424,-22.606013,638.396799,-142.828137,640.964033,59.966069,-0.002743,1,4
21.967000,-60.858195,204177.140925,179.206385,203814.697694,59.202463,203801.125345,97.227864,641.272913,-22.407592,640.675793,-142.928705,639.101958,59.957550,0.001681,1,4
22.000000,-60.957451,202984.001585,179.107522,203507.342794,59.362642,204715.141403,96.880919,642.623425,-22.703699,644.283071,-142.565540,636.728303,59.958781,-0.011286,1,4
22.033000,-60.811952,203169.370712,179.080893,203999.995637,59.063819,203862.033196,96.939186,642.888796,-22.730317,639.818570,-143.084539,641.181739,59.954220,0.007376,1,4
22.067000,-60.885375,203384.826120,179.181346,203822.163061,59.197072,202507.814115,97.039221,638.604553,-22.553852,640.561690,-142.889963,639.641179,59.960007,-0.011967,1,4
22.100000,-60.705573,204309.361612,179.179928,202204.749542,59.105760,202439.226672,97.073445,638.365015,-22.672182,639.588782,-143.143772,641.914244,59.962460,-0.000243,1,4
22.133000,-61.023877,205668.437662,179.186550,202581.362126,59.189233,204135.810706,97.075081,641.471174,-23.136059,637.060104,-142.877957,636.906712,59.960361,-0.004703,1,4
22.167000,-60.897203,204103.293920,179.376184,203667.328614,58.892205,204482.276717,97.015870,643.133656,-22.874822,643.235959,-143.064092,643.649146,59.961804,0.001838,1,4
22.200000,-60.971782,203663.250770,179.062418,203539.040439,58.945650,203106.470161,97.013058,640.198968,-22.693884,636.951479,-142.917361,640.228114,59.965954,-0.005740,1,4
22.233000,-61.049151,203106.334656,178.918197,200788.739217,59.040829,204544.618263,96.976549,646.009377,-23.135671,647.143063,-143.006123,639.559477,59.967205,0.003802,1,4
22.267000,-61.012335,204516.805013,178.930192,203731.483394,59.140986,205065.955417,96.685062,640.311269,-23.094401,642.157879,-142.667550,643.755891,59.965277,0.016741,1,4
22.300000,-60.923139,204957.619550,179.042631,204602.387812,59.083333,204791.933393,96.760899,639.998236,-22.848279,641.748749,-143.327589,642.458552,59.958295,0.007943,1,4
22.333000,-60.982751,204018.357000,179.046067,203601.624634,58.983294,204564.488638,97.142631,641.869419,-22.926788,637.638622,-143.072038,638.281181,59.960245,-0.008126,1,4
22.367000,-60.923547,205657.526828,179.107796,202607.283229,58.986120,203822.545996,97.314163,638.665900,-22.923227,643.593869,-142.933561,640.346476,59.967441,-0.003083,1,4
22.400000,-60.987384,204585.139238,179.181035,203772.972090,58.944885,203192.309880,96.829541,646.830922,-22.732389,646.356265,-142.977988,640.560467,59.959451,0.012787,1,4
22.433000,-60.809328,203805.270535,179.022894,205110.319578,58.900625,205646.903420,97.075992,637.570750,-22.687732,649.505486,-142.971568,638.111955,59.960995,-0.004573,1,4
22.467000,-60.992244,203635.303679,179.025532,203885.136545,59.076600,205736.999441,96.676326,639.462603,-22.918241,641.702744,-143.100970,644.098117,59.962105,-0.003320,1,4
22.500000,-61.073327,204606.609341,179.071712,204152.003384,58.893580,204636.359813,97.073522,646.080108,-22.891715,639.927776,-143.039078,642.140415,59.962992,0.000352,1,4
22.533000,-60.988708,203960.016497,178.985322,203364.697932,59.145719,205257.526027,97.339899,642.763232,-22.916085,639.510947,-142.974111,646.907690,59.965909,0.005883,1,4
22.567000,-61.037785,204614.283205,178.966122,205339.700716,59.086507,204071.207655,97.123302,649.378848,-23.240227,648.546609,-142.656369,650.913263,59.964442,0.001779,1,4
22.600000,-61.072549,203330.693188,178.896794,203653.694616,58.809586,204248.490230,97.268599,641.288321,-22.941144,642.099220,-143.438598,646.548995,59.967752,0.004713,1,4
22.633000,-61.146672,206648.061320,179.017842,204839.137121,59.180008,202706.845297,96.717791,646.753496,-23.238125,646.855159,-142.736468,646.897560,59.962884,-0.003758,1,4
22.667000,-61.203523,204059.602664,178.763225,205034.602340,58.869787,205008.507626,96.935344,637.240575,-23.295462,642.909466,-143.077319,650.907863,59.961334,0.003021,1,4
22.700000,-61.007789,204407.959204,179.104990,204670.312063,59.083445,203500.422075,97.147951,637.746276,-22.557220,641.145342,-142.871037,646.063472,59.963195,-0.012617,1,4
22.733000,-61.071477,202561.588815,179.006625,204458.311766,58.899693,203292.416095,96.879695,653.103728,-23.193488,646.608016,-143.126377,645.246405,59.953358,0.000422,1,4
22.767000,-60.947100,203347.755251,178.829189,203931.862114,59.021720,206567.763619,97.160804,647.821177,-23.011064,644.972782,-143.030526,645.112493,59.958938,-0.013799,1,4
22.800000,-61.023407,203993.898160,179.054857,204843.952063,59.117963,203598.254180,97.016551,645.028369,-22.856329,643.546388,-142.897109,644.731708,59.951888,0.014034,1,4
22.833000,-61.077349,204253.971378,179.024752,205378.167601,58.823706,204157.474975,96.854245,643.009643,-22.680327,642.545642,-143.130278,643.636388,59.951727,-0.005095,1,4
22.867000,-61.202776,206093.299884,179.173777,203640.779274,58.947813,203671.298667,97.126599,641.884844,-22.822871,639.455476,-143.142341,637.106162,59.960236,-0.002788,1,4
22.900000,-61.077943,203386.191506,179.283049,203535.619290,59.014551,204345.582633,96.546367,644.543836,-22.813585,642.490303,-142.983227,647.626058,59.962566,0.007790,1,4
22.933000,-60.934729,203677.845443,179.021033,205527.223177,59.108978,204156.856487,96.949862,645.219140,-23.119784,647.340986,-143.048102,643.363749,59.957756,-0.002275,1,4
22.967000,-61.229759,204329.818845,179.084496,202589.665417,59.073221,203005.751920,96.761489,642.087079,-22.805439,642.803097,-142.848129,641.822551,59.966222,0.008567,1,4
23.000000,-60.906198,204423.934407,179.031236,201399.354387,58.997214,204400.345256,97.323698,641.527858,-22.775718,647.504395,-142.942683,647.144181,59.959061,0.004576,1,4
23.033000,-61.057687,205091.112775,179.085988,204570.209121,58.968194,204186.390677,97.003581,649.683891,-23.096182,647.420576,-142.934327,646.120072,59.967056,0.001795,1,4
23.067000,-60.994904,201691.207636,178.905554,203825.616931,58.951666,204763.156795,96.949115,647.381713,-22.829436,651.933556,-142.907110,650.289426,59.961594,0.001885,1,4
23.100000,-60.974889,204029.429556,179.098355,202957.458487,59.237938,203671.179364,97.038605,651.292880,-22.940438,654.233976,-142.727836,647.686544,59.960234,-0.009610,1,4
23.133000,-60.861590,201691.382304,179.090379,201931.692180,59.098041,202934.423552,97.356524,651.878796,-22.963389,647.280534,-142.734181,645.367104,59.961905,0.005766,1,4
23.167000,-60.847347,204995.484549,179.075790,203062.013024,58.997371,202840.848401,96.876743,654.451675,-22.954384,648.212150,-142.879354,648.954396,59.957433,0.003750,1,4
23.200000,-61.001419,204669.112040,179.110949,205289.622281,58.893797,204269.410044,96.935005,652.107149,-22.995185,656.492508,-143.155424,657.055724,59.960861,0.011460,1,4
23.233000,-60.942757,202768.194101,179.080698,202675.824312,59.138199,203191.372419,97.468124,650.440272,-22.635292,655.725024,-142.830600,650.911597,59.954323,0.006005,1,4
23.267000,-61.049399,203631.630426,179.107613,204299.567415,59.185263,205269.545065,96.926333,640.933956,-22.994887,649.937085,-142.727780,650.039592,59.957467,-0.010550,1,4
23.300000,-61.126397,204754.650698,178.946555,204308.412907,59.040073,204122.696237,96.824431,649.224022,-23.406820,649.294734,-142.725174,650.260668,59.958056,-0.004800,1,4
23.333000,-61.000697,204919.084894,179.059936,204190.304323,59.040673,203656.510899,96.970683,642.932447,-23.043998,646.609538,-142.915922,651.374752,59.965430,0.012506,1,4
23.367000,-61.022453,203791.523546,179.058632,204257.822392,59.203086,204980.420852,96.849829,641.347486,-22.809768,643.212411,-142.594750,648.979700,59.968512,0.009981,1,4
23.400000,-60.937559,205136.559673,178.804207,201504.311308,58.988575,202133.428375,97.068241,641.436416,-23.322666,645.840908,-143.039086,646.042531,59.965558,-0.005663,1,4
23.433000,-61.311015,202956.593963,178.918985,204469.272176,59.061457,205592.987699,96.525663,647.275260,-22.996389,642.667378,-142.859336,647.561199,59.966038,0.008410,1,4
23.467000,-61.036831,204555.660024,178.907894,203777.410700,58.934662,202736.854186,97.126794,650.109201,-23.157094,646.636469,-142.873928,644.879222,59.959531,-0.001046,1,4
23.500000,-61.192311,204110.157664,178.880017,202335.866529,58.755401,203076.197350,96.776518,653.586225,-23.005329,649.594050,-143.153812,648.455986,59.958820,0.012973,1,4
23.533000,-61.171073,203646.312372,178.879652,205480.585303,58.932907,203338.050479,96.860633,640.652115,-22.977764,656.345396,-143.035817,650.411309,59.957394,0.001781,1,4
23.567000,-61.306408,203849.278685,178.819432,204184.111864,58.741858,203590.523784,96.411041,647.496973,-23.729525,646.484991,-143.399409,646.197664,59.958846,0.005177,1,4
23.600000,-61.336414,204936.596900,178.859481,202851.611997,58.801411,203365.410157,96.557022,652.251924,-23.414923,650.769530,-143.284572,651.059630,59.953105,-0.008995,1,4
23.633000,-61.262570,204194.118074,178.928178,204378.723300,58.788445,203569.708262,96.895263,649.166668,-22.793444,651.251898,-143.314889,640.563444,59.954916,0.002268,1,4
23.667000,-61.349572,204755.830642,178.810757,204804.931946,58.641837,204214.998104,96.376152,655.650689,-23.037295,655.256308,-143.171634,649.490622,59.958985,-0.005978,1,4
23.700000,-61.291390,204040.358739,178.662961,205556.327540,58.698426,204678.381517,96.819684,643.185410,-23.220619,647.036023,-143.195408,645.445136,59.957132,0.002205,1,4
23.733000,-61.424935,204410.523412,178.722101,204733.971268,58.837514,205237.407822,96.535779,646.997002,-22.873063,647.641986,-142.868700,647.110435,59.957979,-0.005579,1,4
23.767000,-61.295558,204301.002147,178.683495,205311.494232,58.462600,204219.498487,96.603893,648.619425,-23.040809,649.026698,-143.404439,639.394394,59.963923,-0.009808,1,4
23.800000,-61.480465,205336.723215,178.719186,204343.383880,58.804702,205750.949321,96.493947,652.704076,-23.215343,652.598765,-143.336111,650.581399,59.966101,-0.006504,1,4
23.833000,-61.183680,205685.088387,178.652699,206172.626039,58.826908,203892.442680,96.569703,646.550555,-23.255658,646.992390,-143.396530,652.992772,59.955606,-0.003901,1,4
23.867000,-61.160152,205173.577143,178.899014,205347.431117,58.739444,203707.683774,97.180986,649.635716,-22.978374,649.811275,-143.103174,650.113479,59.957836,0.003980,1,4
23.900000,-61.440103,203979.837870,178.636363,205137.946311,58.604769,203714.990380,96.833442,646.855958,-23.369135,645.959655,-143.362368,644.970650,59.950707,-0.004031,1,4
23.933000,-61.366213,203666.162458,178.672552,205102.225360,58.676242,202994.002910,96.724923,658.306745,-23.329891,644.601664,-143.195108,642.531869,59.959954,0.005357,1,4
23.967000,-61.300926,204503.812457,178.657004,203703.191713,58.621429,204533.349690,96.770238,649.412970,-23.272755,649.357806,-143.349472,646.916686,59.951606,0.000411,1,4
24.000000,-61.308592,205294.447453,178.761180,205271.014957,58.582103,204243.706485,96.463596,645.964743,-23.302553,640.257203,-143.478887,652.368262,59.950538,0.004531,1,4
24.033000,-61.224467,205636.590536,178.529140,206066.762479,58.707128,204364.874265,96.917419,643.530000,-23.605927,647.067340,-143.321049,648.164164,59.950902,-0.001621,1,4
24.067000,-61.247507,206937.628484,178.555618,205206.234717,58.760103,204134.931182,96.548058,643.970412,-23.444371,642.300133,-143.245800,645.413838,59.960512,0.004297,1,4
24.100000,-61.470051,206591.793572,178.617973,205094.177798,58.687220,204625.117142,96.598776,646.586194,-23.389832,644.667883,-143.378379,644.311596,59.959523,0.002958,1,4
24.133000,-61.556667,205992.898579,178.598667,205864.472159,58.713583,204210.472352,96.685505,641.246019,-23.422705,635.501227,-143.276787,649.215099,59.954967,0.005642,1,4
24.167000,-61.566838,204448.615087,178.720672,206420.967549,58.653253,204594.660277,96.451590,645.697266,-23.041637,638.931416,-143.476573,637.150915,59.951860,-0.001659,1,4
24.200000,-61.436608,205624.594356,178.806662,206038.318100,58.466367,204602.860075,96.669497,644.461138,-23.002925,647.528828,-143.595163,641.733923,59.961172,0.001950,1,4
24.233000,-61.351516,206656.339728,178.688948,204432.639874,58.644870,206348.549475,96.626295,642.348693,-23.110176,643.688915,-143.512666,640.238452,59.956428,0.000057,1,4
24.267000,-61.653859,206616.662845,178.506583,206371.300110,58.426809,203773.346782,96.117084,639.666780,-23.319464,639.885385,-143.283056,638.950141,59.960964,0.003387,1,4
24.300000,-61.426225,205623.721838,178.575325,204682.635946,58.668618,205485.392821,96.302759,641.253048,-23.328317,637.294593,-143.510108,636.437865,59.956763,0.002579,1,4
24.333000,-61.639739,204782.678255,178.503886,204769.170171,58.564552,204539.180750,96.366093,637.445695,-23.524338,633.341852,-143.225284,637.151852,59.963344,-0.004464,1,4
24.367000,-61.506493,204138.456658,178.573708,205890.320237,58.719432,205909.554930,96.587914,636.748330,-23.308938,631.483270,-143.309986,636.886767,59.959936,0.006516,1,4
24.400000,-61.613346,206361.768016,178.363623,205897.221813,58.585763,206386.523275,96.235384,640.547379,-23.501437,637.814214,-143.409416,634.995512,59.963165,0.002509,1,4
24.433000,-61.575305,205509.559577,178.493311,204206.901005,58.455631,206374.695774,96.427797,631.435878,-23.343421,634.555254,-143.568475,632.391474,59.954582,-0.001650,1,4
24.467000,-61.490326,205480.374350,178.568696,207840.942876,58.366605,206405.278518,96.143234,634.290766,-23.630814,627.092430,-143.469673,634.893969,59.947064,0.004156,1,4
24.500000,-61.562413,206765.718484,178.456180,205899.058855,58.339511,205367.823716,96.347848,632.772972,-23.461412,625.579760,-143.562919,635.343605,59.950454,0.011870,1,4
24.533000,-61.480722,206804.246229,178.598722,206529.533827,58.363636,206322.636645,96.253050,630.414641,-23.484014,637.737372,-143.523973,627.262392,59.959126,0.001393,1,4
24.567000,-61.501528,206703.601232,178.368129,207074.929849,58.602489,207298.847507,96.517488,628.670355,-23.507455,635.123695,-143.111188,631.650392,59.952854,0.004286,1,4
24.600000,-61.488684,207508.730838,178.533824,206566.190332,58.581913,206562.211596,96.516446,632.324106,-23.458678,633.836365,-143.160629,630.818657,59.957890,-0.006558,1,4
24.633000,-61.510915,206229.329417,178.574482,205652.238512,58.423884,205099.133209,96.321033,625.732187,-23.264619,632.411779,-143.653612,634.543560,59.953487,-0.001622,1,4
24.667000,-61.397004,205541.681740,178.535825,205720.403718,58.407669,207671.424562,96.609981,631.974620,-23.591528,636.850630,-143.412995,633.668715,59.958518,-0.022852,1,4
24.700000,-61.545317,207123.983626,178.348282,207135.424915,58.465656,204897.179470,96.504931,627.995661,-23.870304,633.910565,-143.517170,633.508615,59.960598,-0.010372,1,4
24.733000,-61.553006,207393.238058,178.351699,205163.313593,58.360087,205053.671344,96.387723,634.429153,-23.461027,631.260162,-143.743844,633.428221,59.964478,0.004637,1,4
24.767000,-61.219250,205710.662099,178.643834,207465.762187,58.359363,206343.228375,96.958831,630.403601,-23.131930,628.623564,-143.532924,639.255787,59.960755,0.002718,1,4
24.800000,-61.602983,205767.379379,178.528244,207401.159517,58.362868,206693.422917,96.338611,627.540213,-23.408767,630.251516,-143.558540,635.736312,59.953489,0.006575,1,4
24.833000,-61.602109,204673.006008,178.298842,205513.074854,58.548425,207909.153606,96.285619,633.422662,-23.995863,637.333831,-143.719219,637.185416,59.963238,-0.007458,1,4
24.867000,-61.707260,206877.794609,178.396418,207421.429831,58.632740,205332.169257,96.384594,627.270484,-24.179925,629.752815,-143.490411,631.472913,59.965003,0.007904,1,4
24.900000,-61.573270,206934.082974,178.198120,207371.680822,58.447997,206730.442081,96.867743,628.481804,-23.720937,630.892982,-143.738701,631.131517,59.956758,0.001144,1,4
24.933000,-61.597337,204765.654663,178.592383,206763.313937,58.637940,204971.120979,96.575354,631.922745,-23.214443,625.616684,-143.484650,626.341519,59.959885,0.004506,1,4
24.967000,-61.582488,205716.784897,178.405192,205909.719121,58.485102,204707.634705,96.514986,627.520408,-23.808971,632.898701,-143.490413,629.700806,59.958673,0.006754,1,4
25.000000,-61.437659,206284.871170,178.316908,204633.005788,58.407990,204094.554758,96.892587,629.390241,-23.891401,632.317229,-143.504920,634.501570,59.959989,-0.008959,1,4
25.033000,-61.290368,207120.733682,178.568752,204554.596060,58.291192,205905.421436,96.554352,631.757267,-23.336440,637.642597,-143.587576,630.433120,59.961865,-0.003776,1,4
25.067000,-61.687499,205965.299123,178.512622,205009.396774,58.650360,205996.406421,96.420040,636.108897,-23.629552,629.552191,-143.091396,638.737681,59.964926,0.005742,1,4
25.100000,-61.635628,206442.038152,178.479948,207439.852849,58.436254,205734.901774,96.223862,633.770249,-23.770284,626.393859,-143.640722,636.999841,59.962096,0.006606,1,4
25.133000,-61.232164,207633.625543,178.435292,205460.086856,58.519068,205379.486059,96.768649,629.463232,-23.592859,632.680565,-143.383829,626.562626,59.966273,0.002496,1,4
25.167000,-61.391041,205374.031564,178.736345,206169.677328,58.612744,205592.993910,96.449951,634.139941,-23.298342,626.322608,-143.256184,628.870625,59.959804,0.006243,1,4
25.200000,-61.310091,207061.482349,178.667493,205414.575033,58.591296,206334.805046,96.481666,633.135495,-23.396976,629.946912,-143.181039,627.139688,59.964394,-0.006378,1,4
25.233000,-61.469211,204900.102692,178.658641,205746.287579,58.654368,205824.115124,96.811980,631.294892,-23.000106,627.068780,-143.403688,624.974259,59.959938,-0.014281,1,4
25.267000,-61.540788,205856.029713,178.599613,204028.291077,58.679137,204838.437861,96.405973,628.808247,-23.429264,623.305718,-143.293162,635.625859,59.959685,-0.006646,1,4
25.300000,-61.472997,204728.281743,178.707740,204895.252177,58.581323,205918.758447,96.485925,634.978134,-23.651929,633.257207,-143.253518,631.262385,59.964264,-0.000607,1,4
25.333000,-61.501882,204968.874414,178.537709,204254.476234,58.624638,205500.358492,96.329000,626.882520,-23.215725,632.196548,-143.305184,628.494640,59.962857,0.001766,1,4
25.367000,-61.238490,203129.444867,178.510957,203891.011466,58.592957,204744.692561,96.910453,629.493322,-23.387219,627.655025,-143.749097,629.499715,59.961877,-0.000888,1,4
25.400000,-61.458467,205458.505139,178.616563,204884.685165,58.606337,203664.199091,96.309339,633.707934,-23.404865,632.083402,-143.237271,630.019623,59.966970,-0.004328,1,4
25.433000,-61.349895,203530.567551,178.623854,204399.360069,58.544964,204061.692363,96.596954,630.773506,-22.999670,625.065185,-143.631435,630.912558,59.965257,-0.002211,1,4
25.467000,-61.606950,207364.579430,178.484854,205013.293548,58.648947,205408.656811,96.534334,630.725520,-23.523331,628.841779,-143.428939,629.103255,59.963308,-0.001792,1,4
25.500000,-61.482067,204431.190996,178.412046,206035.974614,58.459905,205727.936507,96.834402,640.180039,-23.687677,630.601280,-143.787148,630.994274,59.957278,0.007251,1,4
25.533000,-61.631928,205237.604270,178.576229,204849.108793,58.521023,204502.686292,96.651008,636.268827,-23.600870,634.184525,-143.514965,636.497716,59.954801,0.010414,1,4
25.567000,-61.569196,203328.478844,178.559562,203318.420476,58.553147,204866.144366,96.541119,628.538990,-23.216732,633.114279,-143.336420,629.856250,59.960884,0.003117,1,4
25.600000,-61.393378,205227.576414,178.460922,204300.971676,58.587297,204344.839090,96.809093,638.834342,-23.497993,636.963812,-143.392129,637.386128,59.956027,-0.001730,1,4
25.633000,-61.406238,203578.248371,178.419327,203387.106146,58.539119,202830.783820,96.370511,628.999973,-23.729684,636.201295,-143.418144,627.370546,59.964477,0.003327,1,4
25.667000,-61.555199,204258.848434,178.484919,203978.363679,58.509033,204803.585517,96.528180,639.815492,-23.340197,638.187233,-143.242183,634.168519,59.959156,0.000284,1,4
25.700000,-61.536896,203472.696816,178.398284,203421.139357,58.649767,203980.672069,96.673511,630.684218,-23.744274,630.761630,-143.660756,636.148205,59.955264,-0.013315,1,4
25.733000,-61.686392,203673.369868,178.530655,203867.665590,58.384167,204137.830683,96.210962,640.741450,-23.446733,630.417509,-143.510370,635.875667,59.960802,-0.014029,1,4
25.767000,-61.574056,203448.078317,178.388695,205167.715826,58.572462,203762.090360,96.242100,637.265320,-23.905310,636.722606,-143.465419,634.991536,59.945783,-0.006801,1,4
25.800000,-61.578518,203631.458626,178.499100,205780.345948,58.418589,202874.162123,96.349203,637.858959,-23.561991,644.953956,-143.430180,639.479178,59.951951,-0.010594,1,4
25.833000,-61.538016,203442.862602,178.552951,203153.097238,58.451182,203372.724961,96.343604,639.144492,-23.714964,638.770089,-143.895363,637.081031,59.940845,-0.011156,1,4
25.867000,-61.650398,204896.749540,178.573237,204396.077096,58.393558,203181.109292,96.431015,639.241094,-23.342937,636.118454,-143.687392,640.719824,59.944940,0.000370,1,4
25.900000,-61.617586,203875.859245,178.442429,204991.087030,58.627790,202488.198308,96.720024,638.270583,-23.569279,634.437750,-143.566230,630.131348,59.946983,-0.005654,1,4
25.933000,-61.341157,206132.710454,178.545674,204432.709550,58.654531,204623.034821,96.729793,642.459212,-23.447324,643.697090,-143.456174,638.551210,59.952056,-0.000403,1,4
25.967000,-61.592856,204570.653991,178.643234,204245.423920,58.430575,204856.905069,96.161177,640.605962,-23.170014,636.975176,-143.835978,641.245415,59.956126,0.002186,1,4
26.000000,-61.581431,204059.058155,178.515769,203573.486536,58.474461,204471.061408,96.451043,639.535460,-23.673063,641.576008,-143.310135,636.499007,59.959812,-0.007551,1,4
26.033000,-61.406965,203182.575890,178.476967,204033.689838,58.517458,204528.153993,96.591416,645.276652,-23.397404,641.044649,-143.717135,638.107950,59.961478,0.001469,1,4
26.067000,-61.384002,203169.623086,178.560341,203532.265854,58.535347,203170.756523,96.833019,643.370558,-23.359259,648.288481,-143.896444,636.627447,59.952697,-0.012320,1,4
26.100000,-61.508971,205291.934087,178.327419,203183.389743,58.350052,204333.880848,96.801766,642.543805,-23.915198,645.549445,-143.733808,637.355711,59.964564,-0.004489,1,4
26.133000,-61.458296,205797.536501,178.316450,205827.178959,58.348084,204713.931072,96.613100,644.836748,-23.786168,639.152129,-143.756650,644.843926,59.958021,-0.006325,1,4
26.167000,-61.581537,204143.451281,178.450793,205793.225614,58.411245,204200.110883,96.255072,644.808318,-23.523342,636.134638,-143.962939,638.606245,59.953603,-0.003005,1,4
26.200000,-61.567861,203682.656179,178.380212,203529.746411,58.604583,204269.482843,96.424378,644.777783,-23.561724,639.483398,-143.697684,652.923112,59.954432,0.003288,1,4
26.233000,-61.613223,202832.006477,178.355925,202665.432924,58.379899,203789.706922,96.294861,641.703161,-23.439117,644.457509,-143.770021,647.637725,59.956349,-0.008224,1,4
26.267000,-61.561441,205133.595021,178.398587,204024.181339,58.395735,204987.232290,96.076025,640.878617,-23.320089,637.167924,-143.740901,639.805638,59.961390,-0.011519,1,4
26.300000,-61.640757,203369.811999,178.378228,203283.945305,58.321166,203502.884543,96.259019,644.334176,-23.579371,640.515442,-143.952525,636.846483,59.963472,0.010426,1,4
26.333000,-61.591179,204403.305965,178.182360,204055.765065,58.382211,203315.403621,96.641498,644.294447,-23.781015,639.130995,-143.928067,638.181568,59.962268,-0.002143,1,4
26.367000,-61.665081,204640.223050,178.405344,204778.980743,58.441711,204119.110191,96.232969,639.609971,-23.648725,638.111776,-143.684024,636.634426,59.956662,-0.000170,1,4
26.400000,-61.571960,205199.354856,178.151308,203346.851307,58.530520,204987.615767,96.456332,637.688223,-23.948310,643.979035,-143.182713,645.122549,59.958140,-0.004491,1,4
26.433000,-61.544122,202923.690956,178.302738,203543.005085,58.365891,204282.452263,96.544982,635.391439,-23.941605,636.990649,-143.538874,633.374207,59.963673,0.002390,1,4
26.467000,-61.698784,202738.822951,178.299706,203921.191497,58.328008,203422.134440,96.564474,637.932729,-23.634353,644.870721,-143.774551,634.536899,59.966686,-0.004011,1,4
26.500000,-61.502704,203247.961507,178.504994,204256.599007,58.305905,205549.317773,96.566668,638.607680,-23.735375,634.182916,-143.750492,637.424601,59.954717,0.002236,1,4
26.533000,-61.556798,203529.401888,178.422672,203463.358630,58.587841,203302.288371,96.504935,642.689476,-23.620196,637.993081,-143.423777,647.325348,59.970434,-0.004273,1,4
26.567000,-61.449711,204253.171677,178.576473,204560.697904,58.419161,203540.782037,96.503392,645.084071,-23.877633,629.607119,-143.581995,640.903833,59.957332,-0.001993,1,4
26.600000,-61.701191,202550.400344,178.588019,204548.724186,58.484995,204527.479479,96.333663,643.571385,-23.229510,646.696836,-143.078563,642.624505,59.955739,-0.001625,1,4
26.633000,-61.717159,203694.930876,178.601339,204233.071073,58.299418,204006.831676,96.071891,643.059050,-23.475547,644.375805,-143.402159,640.186973,59.953343,-0.005146,1,4
26.667000,-61.576543,203474.145754,178.676771,203376.482774,58.526960,203206.863785,96.369471,647.088294,-23.182586,640.920968,-143.283642,649.098560,59.958575,0.010937,1,4
26.700000,-61.492886,203121.558595,178.552628,203488.828280,58.346966,205141.925289,96.846752,645.435695,-23.322355,652.744833,-143.440384,646.542326,59.961239,0.001274,1,4
26.733000,-61.373902,203606.717886,178.412961,202444.957892,58.703580,202907.724848,97.009793,646.371188,-23.410744,643.829672,-143.259720,644.702639,59.965354,0.011161,1,4
26.767000,-61.456998,203816.412931,178.311764,204525.272358,58.513621,202340.670718,96.423297,637.285714,-23.851289,649.086030,-143.062560,645.371481,59.965910,0.002297,1,4
26.800000,-61.424109,204356.766349,178.511360,203798.260733,58.425573,202096.544430,96.491606,645.327457,-23.601850,646.660097,-143.259035,644.817264,59.960855,-0.003091,1,4
26.833000,-61.589329,204137.835270,178.458061,203870.541495,58.675401,205163.935707,96.985976,648.488779,-23.498969,645.699078,-143.513507,644.499323,59.964742,-0.000539,1,4
26.867000,-61.424431,204901.000001,178.487470,201831.693754,58.585174,203938.671637,96.579050,643.656917,-23.347179,640.360703,-143.408238,650.212960,59.964661,0.010397,1,4
26.900000,-61.659070,204586.969433,178.635224,202773.925158,58.680304,202926.890078,96.227185,640.768811,-23.143532,647.315590,-143.180228,643.181737,59.957819,0.007442,1,4
26.933000,-61.450138,205219.297796,178.315086,203524.771966,58.488837,203372.771504,96.640606,647.749998,-23.603580,641.972534,-143.426777,646.565595,59.961259,-0.005676,1,4
26.967000,-61.507428,203544.949198,178.518838,202798.639339,58.376892,205263.456020,96.354502,644.171759,-23.292277,641.363977,-143.613854,636.604463,59.955765,0.008602,1,4
27.000000,-61.395843,203893.920015,178.595229,203884.005522,58.510903,204444.975877,96.893836,637.069154,-23.224390,640.437232,-143.367532,645.570931,59.961114,-0.017578,1,4
27.033000,-61.682297,204233.045961,178.630070,203893.181344,58.556498,205745.692305,96.380338,642.974432,-23.358138,648.058172,-143.486680,642.019770,59.964169,0.000510,1,4
27.067000,-61.507931,204777.148579,178.427478,205519.570893,58.361443,204864.227861,96.568206,639.776707,-23.705828,644.305181,-143.378411,647.016056,59.960932,0.009185,1,4
27.100000,-61.498513,202628.222198,178.541806,203853.884042,58.635585,203476.200037,96.491964,640.890718,-23.350915,651.756982,-143.493944,645.597985,59.952844,-0.003506,1,4
27.133000,-61.440771,204623.466380,178.501977,203377.104964,58.418931,204188.482574,96.628760,650.826831,-23.488308,645.386849,-143.423630,654.499527,59.948325,-0.012990,1,4
27.167000,-61.553990,204758.191883,178.447451,205030.346488,58.587808,204250.618916,96.644966,644.558795,-23.134633,641.225206,-143.590736,642.774384,59.953216,0.003508,1,4
27.200000,-61.556016,203937.020578,178.421430,203954.124801,58.604725,205256.609059,96.314916,649.944835,-23.332059,652.797565,-143.253839,641.906580,59.951560,-0.010108,1,4
27.233000,-61.483060,204673.976873,178.410784,205089.674079,58.442772,203351.301912,96.619423,643.899512,-23.443943,652.157255,-143.658764,648.800693,59.948240,-0.011506,1,4
27.267000,-61.533943,204734.415861,178.551003,203536.697036,58.305712,206425.060818,96.348404,651.823505,-23.672433,644.752248,-143.535849,655.885128,59.949689,0.007427,1,4
27.300000,-61.546667,205787.601995,178.417530,204313.995484,58.606808,202975.112376,96.516780,647.560550,-23.444412,646.096202,-143.310561,647.324222,59.949816,-0.002314,1,4
27.333000,-61.419253,204589.076670,178.407905,203814.547891,58.443925,204142.838686,96.600850,648.317681,-23.437190,652.869801,-143.265668,648.103094,59.947996,0.003732,1,4
27.367000,-61.710192,206316.910657,178.871591,204598.370628,58.683741,205487.160140,96.340996,652.064262,-23.068539,649.734165,-143.140308,644.602087,59.945780,-0.017800,1,4
27.400000,-61.364719,205542.939859,178.450108,204152.056892,58.486809,204691.694445,96.392181,651.375648,-23.274968,651.167965,-143.552090,655.287529,59.940869,-0.000321,1,4
27.433000,-61.610708,204403.568229,178.496000,204806.579594,58.428149,205870.310285,96.470982,654.615070,-23.465272,653.063935,-143.283151,654.303315,59.945198,-0.010269,1,4
27.467000,-61.521502,204768.327266,178.632753,204944.812599,58.409825,204100.016233,96.514279,653.593512,-23.599811,650.997255,-143.378206,643.059897,59.947798,-0.004800,1,4
27.500000,-61.640717,203940.107205,178.494213,205375.251513,58.352467,205050.830867,96.190575,650.843908,-23.510414,644.898476,-143.732893,645.767525,59.948935,0.003019,1,4
27.533000,-61.578083,205248.852808,178.312027,204431.387101,58.418073,204372.570592,96.577571,653.975698,-23.624781,656.776941,-143.771467,655.520041,59.950051,-0.010226,1,4
27.567000,-61.570266,203820.571084,178.390042,204533.828344,58.223359,204443.336223,96.222652,653.249608,-23.519162,658.075429,-143.782846,657.298612,59.959644,0.003611,1,4
27.600000,-61.663251,205819.953205,178.518706,203655.349277,58.530123,204777.307087,96.268424,648.208327,-23.384558,657.404151,-143.460410,649.861716,59.946821,0.005920,1,4
27.633000,-61.390698,203204.472383,178.461472,203487.593320,58.460266,204983.657448,96.206534,652.130302,-23.372238,656.420820,-143.424874,656.523824,59.956612,-0.002618,1,4
27.667000,-61.494833,204677.534602,178.597030,203733.347602,58.574384,203219.093229,96.553716,657.817499,-23.384706,656.327182,-143.159314,648.331706,59.954681,-0.000259,1,4
27.700000,-61.526679,203189.635737,178.575070,203600.703637,58.379956,204153.278126,96.503922,653.370308,-23.506688,647.128079,-143.871625,650.065007,59.951225,0.001887,1,4
27.733000,-61.539677,203004.831369,178.593272,205712.087356,58.598226,206074.618808,96.548355,647.952019,-23.349092,649.866382,-143.396937,658.721789,59.951213,0.003364,1,4
27.767000,-61.650758,202900.030217,178.451597,204728.168432,58.573722,205004.365283,96.632587,653.994195,-23.567433,643.263027,-143.590456,645.103767,59.959599,0.003647,1,4
27.800000,-61.271990,202572.868978,178.619409,204805.901949,58.388888,204395.724772,96.674103,649.386137,-23.278677,651.213638,-143.238399,652.137825,59.956208,-0.005904,1,4
27.833000,-61.455777,205063.763828,178.528504,205573.500563,58.537734,203975.643754,96.895916,649.559289,-23.258773,653.848178,-143.408713,652.659064,59.956898,0.000694,1,4
27.867000,-61.529588,204064.540240,178.478028,203371.896342,58.650389,204716.478128,96.382227,652.012575,-23.593648,649.788169,-143.462811,651.952638,59.957821,-0.001189,1,4
27.900000,-61.411736,205082.096244,178.502164,203895.914236,58.517729,202413.504455,96.469600,651.031161,-23.567992,651.393381,-143.440168,646.559897,59.951834,-0.000247,1,4
27.933000,-61.397137,202167.900577,178.639292,204936.307795,58.671229,204136.392481,96.400696,646.853238,-23.391983,646.968202,-143.132144,652.721391,59.952729,-0.008179,1,4
27.967000,-61.443358,203729.009729,178.516982,202645.856813,58.520973,203810.645614,96.501671,648.016243,-23.498917,650.651063,-143.079624,653.003550,59.936000,-0.008458,1,4
28.000000,-61.664059,204219.947494,178.586349,205587.621797,58.607919,203607.375637,96.491058,657.924802,-23.396518,654.652788,-143.264178,659.360446,59.950446,0.021390,1,4
28.033000,-61.431914,204258.452328,178.436798,205352.424682,58.665977,203249.502348,96.589353,654.890867,-23.512433,650.761424,-143.019838,651.737317,59.950400,0.014971,1,4
28.067000,-61.498762,203620.280239,178.656644,204931.498486,58.606575,203936.976364,96.401493,646.774783,-23.346266,652.117297,-143.712774,655.044241,59.938917,0.007538,1,4
28.100000,-61.645654,204131.018240,178.535307,203324.238206,58.447919,204319.735858,96.618726,649.484219,-23.471959,654.076410,-143.443927,650.614601,59.938956,-0.000597,1,4
28.133000,-61.476774,204841.185195,178.296078,204080.872900,58.733475,203652.829529,96.466200,646.423217,-23.748529,660.392166,-143.175491,658.660068,59.946952,0.014182,1,4
28.167000,-61.522550,204722.029062,178.539737,203569.730543,58.467776,203815.845385,96.487634,656.873616,-23.724838,659.081844,-143.404887,657.003217,59.948815,-0.000880,1,4
28.200000,-61.424319,204071.466709,178.429167,204546.919657,58.539701,205763.285844,96.623503,657.218242,-23.314691,654.940252,-143.181524,655.824207,59.954678,0.008036,1,4
28.233000,-61.651220,202808.835744,178.622914,204098.408508,58.633387,205243.082734,96.338852,659.985168,-23.466641,659.896211,-143.186150,661.781950,59.947012,0.002746,1,4
28.267000,-61.540798,204474.970770,178.688081,201927.864075,58.412386,203271.831465,96.219185,656.046094,-23.089271,660.393836,-143.639958,656.443351,59.943620,-0.004950,1,4
28.300000,-61.426096,203274.334439,178.544349,203334.248449,58.547237,203667.544318,96.791129,664.772966,-23.515756,655.759114,-143.293290,654.550484,59.955234,0.001800,1,4
28.333000,-61.422618,205909.772048,178.670006,202959.638432,58.557570,204627.756374,96.759643,660.298843,-23.321433,649.673775,-143.243390,652.371222,59.945440,0.002382,1,4
28.367000,-61.396445,204588.452262,178.490356,203036.162215,58.608527,202864.803986,96.813762,654.513298,-23.695312,659.639734,-143.450337,652.850947,59.953007,-0.004920,1,4
28.400000,-61.595956,202434.412884,178.671254,203190.528259,58.698838,204149.429544,96.458649,659.085130,-23.459876,654.918574,-143.181504,655.549606,59.953490,-0.002008,1,4
28.433000,-61.586334,202636.423450,178.535036,204321.930505,58.507717,204819.002964,96.229757,659.966254,-23.631160,658.916820,-143.524193,654.122783,59.954490,-0.013821,1,4
28.467000,-61.575568,203809.204511,178.375914,202582.747420,58.441992,202990.284811,96.455926,660.601465,-23.762024,650.020111,-143.719723,656.648981,59.944533,-0.011735,1,4
28.500000,-61.447721,202011.379101,178.572836,203623.302206,58.315435,204259.049791,96.745824,656.149550,-23.110130,657.905929,-143.605970,655.045645,59.954382,0.009789,1,4
28.533000,-61.559801,203128.933826,178.546040,203454.572540,58.409097,203570.657113,96.106891,650.510792,-23.566364,660.537198,-143.746299,657.807415,59.955512,-0.009027,1,4
28.567000,-61.622660,203892.639148,178.409004,203388.789558,58.437234,205319.764007,96.561045,663.583515,-23.468681,650.575706,-143.368344,649.390382,59.959988,-0.007145,1,4
28.600000,-61.731336,202211.877070,178.450315,204379.622407,58.228156,205125.806597,96.293387,650.763961,-23.386131,655.573011,-143.591041,649.686875,59.947741,-0.013321,1,4
28.633000,-61.570555,203751.029810,178.412007,202622.296759,58.277427,204880.622504,96.472135,652.894347,-24.026362,658.260738,-143.744976,659.746163,59.944870,-0.000878,1,4
28.667000,-61.528438,204786.354210,178.382013,204433.628454,58.494617,204808.772530,96.475258,650.389832,-23.497041,656.649053,-143.667554,653.279848,59.950058,-0.001291,1,4
28.700000,-61.385089,203338.784394,178.264277,204588.608793,58.746218,203793.346989,96.408656,649.261824,-23.808589,658.268985,-143.502012,655.115665,59.945495,-0.002874,1,4
28.733000,-61.610332,203962.825445,178.594791,203590.617654,58.387160,205189.609719,96.569687,659.468483,-23.660156,659.264412,-143.648378,651.647239,59.940423,0.010361,1,4
28.767000,-61.681785,203978.193630,178.384200,204522.667192,58.554476,204727.730432,96.645774,657.124286,-23.750851,651.773970,-143.628172,659.155635,59.953283,-0.005846,1,4
28.800000,-61.579624,203970.005217,178.409130,203136.073990,58.606477,205964.702954,96.515829,654.686044,-23.646313,654.930983,-143.262251,656.893298,59.951008,0.009620,1,4
28.833000,-61.582069,204779.323830,178.473479,203587.358625,58.499531,204032.372773,96.145203,649.677585,-23.604322,656.828084,-143.634348,655.117853,59.949627,-0.008309,1,4
28.867000,-61.627821,203420.286337,178.507011,204844.381340,58.378063,204499.749028,96.500244,656.065595,-23.630363,652.200416,-143.505732,648.584837,59.955458,0.004803,1,4
28.900000,-61.515943,203226.299377,178.517799,203893.918197,58.313670,203703.972119,96.501667,645.923098,-23.352359,641.218779,-144.063236,646.201861,59.955326,0.001809,1,4
28.933000,-61.637423,203660.693616,178.427899,202632.574151,58.495411,205643.418892,96.589754,653.220587,-23.518128,652.837308,-143.723248,657.002852,59.964277,0.012335,1,4
28.967000,-61.642287,204810.802061,178.304135,204756.116650,58.397751,203968.439046,96.438034,651.537939,-23.756810,646.784859,-143.543896,652.294769,59.964777,0.006065,1,4
29.000000,-61.593898,205296.279349,178.292048,203540.506625,58.299151,204253.605838,96.159098,636.612267,-23.776277,648.989431,-143.864760,641.441794,59.957172,-0.018454,1,4
29.033000,-61.769806,204529.441651,178.296541,204482.080116,58.410940,203156.880963,96.174080,643.052595,-23.244843,644.907191,-143.627649,646.844790,59.957000,0.013795,1,4
29.067000,-61.460647,204961.138145,178.322854,203992.099676,58.200587,205224.600562,96.305356,638.751347,-23.746079,643.363406,-143.612746,642.016077,59.962772,-0.004738,1,0
29.100000,-61.648081,203111.724587,178.504935,205605.891487,58.481672,204314.074927,96.442548,640.276362,-23.604704,635.192391,-143.303815,643.633116,59.961557,0.002650,1,0
29.133000,-61.636325,204274.232269,178.404303,206375.870117,58.403125,204935.736265,96.337509,639.180235,-23.971842,644.023336,-143.696758,644.709289,59.962219,0.001862,1,0
29.167000,-61.613813,205888.417369,178.250921,204431.292906,58.404232,204227.705230,96.326333,649.049528,-23.951955,640.228728,-143.586261,640.530411,59.970035,-0.003152,1,0
29.200000,-61.598432,204797.024267,178.470128,205013.064752,58.169525,204702.497045,96.371632,645.561052,-23.381138,642.286595,-143.630831,645.730573,59.969550,0.004285,1,0
29.233000,-61.613067,205860.023720,178.538014,203700.344210,58.375633,206431.432278,96.400500,637.269570,-23.180011,637.860116,-143.672820,640.132941,59.968016,0.002852,1,0
29.267000,-61.867094,206505.549191,178.319044,203769.587765,58.269847,203760.651192,96.096080,641.063760,-23.751910,644.010831,-143.590940,641.163581,59.975189,-0.013408,1,0
29.300000,-61.758932,203852.524690,178.494907,206515.430310,58.219624,206047.264385,96.333946,638.394304,-23.223066,646.354486,-143.847864,640.349782,59.969060,-0.009277,1,0
29.333000,-61.612292,206338.109451,178.271414,205629.512342,58.069559,206701.331015,96.509054,633.414311,-23.989843,638.181089,-144.123135,636.251851,59.959402,-0.006779,1,0
29.367000,-61.634353,205699.996568,178.464650,206428.406757,58.333683,205836.292226,96.385839,638.971900,-23.497252,645.410486,-143.944097,638.536227,59.962213,-0.004433,1,0
29.400000,-61.673150,207107.654744,178.281356,204899.637312,58.513661,207480.643230,96.217281,639.042274,-23.536542,643.778490,-143.415683,640.059045,59.961689,-0.012790,1,0
29.433000,-61.620615,205697.093442,178.288608,206692.186442,58.342386,206613.817928,96.656350,642.123619,-23.566098,647.501416,-143.440493,642.190539,59.959055,0.000543,1,0
29.467000,-61.645191,206575.837083,178.206869,204814.744849,58.367287,205838.598613,96.319478,640.439314,-23.800291,640.364305,-143.681706,637.672401,59.963309,-0.004961,1,0
29.500000,-61.777951,205877.410283,178.260347,205378.486389,58.246700,206139.212101,96.612425,647.956253,-23.643857,644.923454,-143.665143,633.226488,59.962590,-0.004975,1,0
29.533000,-61.621394,205557.044692,178.381016,205743.952377,58.240691,205880.116091,96.336279,638.866512,-23.678621,646.436856,-143.875585,639.378556,59.956247,0.014567,1,0
29.567000,-61.718105,205823.850328,178.428557,204740.493880,58.113032,206306.537731,96.247956,645.089587,-23.551305,646.658123,-143.823479,641.142710,59.950412,-0.003210,1,0
29.600000,-61.622832,206984.423253,178.146734,207407.886068,58.375858,206785.835536,96.078916,644.344437,-23.930121,642.207834,-143.890880,651.989215,59.960304,0.005587,1,0
29.633000,-61.661972,206090.413255,178.388696,204932.003713,58.264858,205244.876509,96.790740,646.734922,-23.682150,645.357005,-144.173872,644.140986,59.958957,-0.000835,1,0
29.667000,-61.690559,206109.517831,178.394603,205749.292828,58.385636,206051.094286,96.292618,645.988531,-23.361813,646.677490,-143.596228,640.424494,59.950045,0.007511,1,0
29.700000,-61.723142,205890.229003,178.305440,206390.986749,58.320478,205762.430068,96.195744,645.137762,-23.619523,637.296258,-143.994902,643.158579,59.953181,0.004302,1,0
29.733000,-61.601216,205241.473148,178.347909,206218.913144,58.338881,204597.998179,96.658153,639.626957,-23.325007,642.761030,-143.537518,635.871152,59.946777,-0.003457,1,0
29.767000,-61.676720,205778.277200,178.445701,205319.325612,58.224051,208205.528797,96.495552,639.775293,-23.954858,645.911354,-143.849290,642.641437,59.952067,0.007595,1,0
29.800000,-61.846185,206655.292751,178.418862,206907.886187,58.177142,205258.469785,96.173191,637.976958,-23.085561,637.800986,-143.693598,634.357266,59.951639,0.008657,1,0
29.833000,-61.741144,205781.441745,178.196840,206011.313343,58.335557,205109.326568,96.579998,633.208221,-23.832782,644.919079,-143.592187,637.787847,59.949414,-0.010682,1,0
29.867000,-61.757079,207233.369493,178.518941,207564.837550,58.198213,205678.706014,96.134478,635.468064,-23.320472,638.446508,-143.837457,633.166405,59.942941,0.002371,1,0
29.900000,-61.673442,205939.027969,178.254480,205306.559463,58.421144,207246.550554,96.504236,631.941117,-23.758418,636.215277,-143.226798,643.930319,59.946426,-0.009606,1,0
29.933000,-61.699470,205861.619177,178.390234,206324.765866,58.662216,206433.667144,96.432917,641.718411,-23.622375,632.257507,-143.049769,632.412672,59.939787,-0.007834,1,0
29.967000,-61.680687,205749.778692,178.311142,205805.916756,58.238205,206625.725034,96.785289,637.390614,-23.561081,636.162411,-143.645260,643.876896,59.936723,-0.001429,1,0
30.000000,-61.616878,205513.713655,178.173819,206159.344657,58.260949,207123.794335,96.598467,628.834564,-23.617848,636.544421,-143.649917,640.345795,59.935621,0.010882,1,0
