TIMESTAMP,BUS18_VA_ANG,BUS18_VA_MAG,BUS18_VB_ANG,BUS18_VB_MAG,BUS18_VC_ANG,BUS18_VC_MAG,BUS18_IA_ANG,BUS18_IA_MAG,BUS18_IB_ANG,BUS18_IB_MAG,BUS18_IC_ANG,BUS18_IC_MAG,BUS18_Freq,BUS18_ROCOF,DATA_PRESENT,Event
0.000000,-62.357616,206765.711904,177.619332,206453.559030,57.607159,205422.297671,95.684522,650.440267,-24.449863,649.700236,-144.404939,648.866767,59.941348,0.003736,1,0
0.033000,-62.492456,205692.921635,177.550209,206526.027238,57.633486,206872.555621,95.257692,650.762999,-24.289329,653.640384,-144.748312,644.098794,59.949000,0.006261,1,0
0.067000,-62.448186,208357.927720,177.484875,205635.853455,57.693521,206366.915285,95.511773,648.308403,-24.952598,653.898185,-144.504335,653.045327,59.944913,-0.015833,1,0
0.100000,-62.581968,206605.955696,177.619834,205089.551159,57.508728,205589.163016,95.225336,655.960796,-24.678770,653.624047,-144.395793,658.206975,59.944516,0.005989,1,0
0.133000,-62.431908,205066.262051,177.421947,205683.668791,57.564610,204503.555724,95.577604,655.587409,-24.912921,650.787833,-144.696651,658.323245,59.948987,0.008146,1,0
0.167000,-62.509974,205833.125413,177.505411,204818.368242,57.640162,206132.836761,95.514689,649.814491,-24.263517,650.896455,-144.602368,652.408802,59.949068,-0.003088,1,0
0.200000,-62.480815,204059.605767,177.514088,205557.150624,57.551864,205810.098596,95.323926,650.384181,-24.466669,651.134300,-144.824950,658.204203,59.942508,-0.002264,1,0
0.233000,-62.447429,205828.879099,177.604492,205846.605317,57.476320,205983.269877,95.752321,654.775491,-24.701922,657.596395,-144.845713,653.662051,59.945235,-0.012474,1,0
0.267000,-62.422029,206657.377470,177.616474,203955.104385,57.694486,205246.217268,95.507407,655.877613,-24.531970,654.256621,-144.152173,649.931266,59.950384,-0.001510,1,0
0.300000,-62.486642,205975.336296,177.601257,206227.891713,57.627007,205019.493476,95.458072,654.620448,-24.686581,659.227537,-144.460814,654.552606,59.954754,0.002397,1,0
0.333000,-62.442825,204812.109964,177.604253,206200.429277,57.585931,205651.857526,95.795316,655.550154,-24.419999,655.763388,-144.454699,661.081824,59.946483,0.001836,1,0
0.367000,-62.284940,205577.273160,177.786520,205803.754809,57.626336,206481.256409,95.485326,656.953447,-24.222930,652.316538,-144.444075,657.065071,59.948174,0.002154,1,0
0.400000,-62.364998,205033.739461,177.794796,205430.207750,57.640008,205314.307843,95.802075,658.944309,-24.187102,659.507633,-144.312272,662.191556,59.946968,0.012558,1,0
0.433000,-62.331441,204798.283880,177.591595,206091.443990,57.615972,207001.245903,95.774477,655.947227,-24.301876,655.419808,-144.331829,655.698233,59.959233,-0.013913,1,0
0.467000,-62.330133,206874.088077,177.655738,205011.814892,57.690441,204982.011064,95.866396,651.836689,-24.155465,657.982883,-144.427296,656.882755,59.950161,0.006700,1,0
0.500000,-62.243088,205236.505835,177.784310,204909.661958,57.819280,204409.369234,95.823098,657.821511,-24.204311,658.775730,-144.173285,658.794600,59.946710,0.003619,1,0
0.533000,-62.358596,206163.855083,177.606382,205186.477570,57.729110,208013.017716,95.233024,658.989994,-24.369224,661.024243,-144.234697,657.098870,59.948171,0.001414,1,0
0.567000,-62.435568,205205.668625,177.505238,205078.643252,57.558579,204892.228671,95.632072,654.315935,-24.522738,657.428321,-144.200867,660.701075,59.960406,0.002039,1,0
0.600000,-62.285608,204502.467767,177.600515,207019.482433,57.719680,205622.152055,95.675322,654.070617,-24.509304,652.977202,-144.253445,659.484755,59.950292,0.004179,1,0
0.633000,-62.286265,205173.914301,177.663772,204176.552247,57.631317,205406.951606,95.561484,654.395929,-24.872469,660.680994,-144.162881,653.739069,59.959474,0.007336,1,0
0.667000,-62.526058,204324.505175,177.613629,204729.274297,57.682499,205849.817580,95.722356,660.219346,-24.555190,660.378161,-144.282453,660.904770,59.954728,0.001548,1,0
0.700000,-62.214255,205108.895093,177.500590,205579.482180,57.633626,205677.220913,95.904212,661.457825,-24.449924,657.102331,-144.396028,655.753363,59.948480,0.005952,1,0
0.733000,-62.219276,204223.937600,177.775682,205223.741779,57.637645,204839.122679,95.889733,655.988649,-24.309439,658.575259,-144.387026,661.443298,59.955526,-0.001510,1,0
0.767000,-62.288034,204198.733046,177.668843,205525.438528,57.738890,206276.815834,95.673410,658.323890,-24.237540,662.996988,-144.151865,662.610480,59.955055,-0.006807,1,0
0.800000,-62.375455,205163.378774,177.476529,205994.087207,57.556781,204944.847165,95.573388,661.244103,-24.510773,665.476901,-144.182659,659.581273,59.959309,0.001687,1,0
0.833000,-62.434338,205598.682643,177.651110,204690.003840,57.510753,206882.840090,95.523597,661.530722,-24.286356,664.582628,-144.631729,661.771316,59.956197,-0.002411,1,0
0.867000,-62.312296,204339.295040,177.864708,204498.637741,57.803764,205862.863303,95.783357,660.684565,-24.157531,661.153216,-144.091706,660.622738,59.951686,-0.009112,1,0
0.900000,-62.302962,204818.746606,177.652674,205641.563005,57.622001,206478.514500,95.390302,661.484862,-24.387059,660.193662,-144.361540,658.578491,59.960952,0.002433,1,0
0.933000,-62.264726,205206.346875,177.671032,205086.774161,57.496879,203096.482747,95.805803,653.049665,-24.564190,660.894167,-144.598274,665.464100,59.953254,-0.016556,1,0
0.967000,-62.235627,203276.229269,177.583795,203711.613237,57.716363,204497.600000,96.038433,658.676474,-24.892718,656.194004,-144.300764,654.242648,59.949813,0.011602,1,0
1.000000,-62.384241,205231.951730,177.797241,204629.571500,57.655785,207173.352371,95.107797,658.259912,-23.950348,651.949274,-144.227086,655.121464,59.955414,-0.006932,1,0
1.033000,-62.305235,205239.332386,177.704066,204354.767218,57.776139,204745.533506,95.487228,653.860633,-24.360201,654.089810,-144.419199,658.670684,59.959692,-0.002885,1,0
1.067000,-62.337889,206577.316331,177.556579,204051.916607,57.817898,203377.971000,95.427366,656.606662,-24.432799,658.385835,-144.198539,660.935665,59.961773,-0.008923,1,0
1.100000,-62.343685,204229.609394,177.705946,204741.892133,57.521490,204536.728696,95.717786,656.953021,-24.207660,661.539568,-144.340541,658.069776,59.958670,-0.007954,1,0
1.133000,-62.457016,204402.915869,177.679351,204004.776517,57.723854,204652.414717,95.488547,657.812908,-23.920186,657.967535,-144.246256,658.676982,59.956065,0.000779,1,0
1.167000,-62.255733,204164.508234,177.629274,205911.987712,57.715655,204472.612164,95.808443,658.602726,-24.292252,653.766282,-144.491565,657.022056,59.949528,0.008136,1,0
1.200000,-62.343126,206069.784239,177.537093,204563.304508,57.691957,203496.595023,95.806808,654.918464,-24.702365,652.281217,-144.359142,661.391788,59.955423,0.001130,1,0
1.233000,-62.381705,205507.703693,177.728676,203907.208235,57.542351,204640.187940,95.758525,657.127429,-24.220832,657.185289,-144.410499,656.662910,59.956255,0.002689,1,0
1.267000,-62.112021,205077.569283,177.418072,204184.453894,57.729364,203200.007245,95.640338,660.664068,-24.545910,654.834421,-144.356482,660.354495,59.962023,-0.005409,1,0
1.300000,-62.430460,205169.600457,177.683519,204525.732840,57.582857,205406.720313,95.412534,662.566367,-24.396156,653.822489,-144.473663,658.236110,59.967122,-0.001947,1,0
1.333000,-62.366028,203400.088340,177.734359,206439.281134,57.693356,204410.118694,95.825646,651.640673,-24.453493,658.450165,-144.330463,660.599913,59.957997,0.005910,1,0
1.367000,-62.235482,204579.753796,177.693915,205897.505479,57.749048,205638.582437,95.762177,660.100314,-24.564125,652.261190,-144.191296,651.917889,59.951302,0.005344,1,0
1.400000,-62.273684,205386.927346,177.701447,203911.134426,57.416656,203833.101627,95.851983,647.899405,-24.496829,655.670556,-144.642071,656.936579,59.964272,0.003533,1,0
1.433000,-62.172087,204931.872478,177.715702,204534.654523,57.574428,204722.372247,95.911276,655.679070,-24.478616,657.261529,-144.416196,651.853889,59.955617,-0.007099,1,0
1.467000,-62.297780,203085.072806,177.537850,203450.164270,57.623850,204061.972228,95.961506,652.983455,-24.389294,652.901714,-144.822862,649.257187,59.963186,-0.008609,1,0
1.500000,-62.329704,204792.171392,177.558744,205430.851571,57.547830,203897.253100,95.764684,655.580593,-24.394465,653.144701,-144.464650,654.164715,59.955925,-0.003253,1,0
1.533000,-62.451814,203943.005729,177.547324,204582.499453,57.600352,204580.145463,95.510576,652.931140,-24.807352,661.065482,-144.544746,658.358733,59.954773,0.005083,1,0
1.567000,-62.375223,204476.737524,177.491058,203701.989360,57.758486,204547.878694,95.807501,649.244510,-24.734352,655.963870,-144.383059,661.389332,59.962101,-0.009541,1,0
1.600000,-62.340591,204228.826010,177.693488,203554.248815,57.513225,205047.314185,95.772097,654.586161,-24.601828,655.630606,-144.561206,651.481514,59.961330,0.006719,1,0
1.633000,-62.416094,202297.524051,177.518492,205264.224207,57.480695,204123.417505,95.428994,664.047690,-24.570264,653.800945,-144.409147,666.057937,59.952213,-0.007548,1,0
1.667000,-62.479426,205029.819826,177.522818,204828.598089,57.617039,205953.243385,95.718331,659.107024,-24.181087,662.464373,-144.392966,656.418075,59.952697,-0.007344,1,0
1.700000,-62.337140,204111.769102,177.630070,205205.626379,57.484649,206544.472136,95.781340,658.065886,-24.355381,646.472937,-144.613294,659.598100,59.960533,0.014901,1,0
1.733000,-62.402652,205652.335572,177.587245,202972.630804,57.504934,204694.009827,95.427957,658.842573,-24.428138,663.310538,-144.430081,658.974931,59.962102,-0.003623,1,0
1.767000,-62.364918,204188.450390,177.528191,204149.892489,57.505930,205624.562183,95.481981,655.485362,-24.492035,652.636303,-144.577547,655.809814,59.961989,-0.006893,1,0
1.800000,-62.634938,204893.226867,177.684342,204837.533440,57.560594,204363.039115,95.329024,656.540305,-24.309798,666.546390,-144.346065,653.030844,59.959356,0.004720,1,0
1.833000,-62.371482,203123.992831,177.574161,204213.747987,57.514473,203816.270732,95.987692,662.364723,-24.675449,659.238987,-144.495690,654.606299,59.954621,-0.005768,1,0
1.867000,-62.252077,205223.232528,177.676320,203909.439015,57.666190,205716.642620,95.744758,657.580145,-24.339243,656.945306,-144.399964,659.731953,59.961925,-0.004851,1,0
1.900000,-62.451721,204491.933715,177.658733,205249.389908,57.623284,205853.632787,95.552874,662.597419,-24.377396,657.923072,-144.333062,659.275347,59.956217,-0.003731,1,0
1.933000,-62.515738,205532.507991,177.463624,203408.262051,57.542612,206050.339978,95.500631,659.745994,-24.200155,654.415077,-144.509238,664.947169,59.964465,-0.005559,1,0
1.967000,-62.373913,205816.263105,177.588787,203926.942854,57.607591,202817.796042,95.622212,654.404911,-24.344220,659.151937,-144.375061,656.044443,59.967413,-0.004406,1,0
2.000000,-62.280567,204166.868325,177.768319,203370.718529,57.618223,203136.729250,95.706128,664.613366,-24.490493,665.219009,-144.774349,662.085626,59.961725,0.003236,1,0
2.033000,-62.602624,205123.256697,177.595085,204431.861087,57.486966,204540.143640,95.344251,665.557960,-24.344920,664.223528,-144.447335,664.610782,59.973103,0.004560,1,0
2.067000,-62.465601,202450.170079,177.370975,203902.299586,57.618768,203566.603059,95.336564,658.644587,-24.455113,660.016852,-144.111609,666.394092,59.965058,0.007989,1,0
2.100000,-62.302431,204429.948225,177.432589,202563.641330,57.565864,204322.582944,96.044508,661.884829,-24.504880,659.313095,-144.850247,662.700724,59.966538,-0.006564,1,0
2.133000,-62.390704,203310.762556,177.519963,204485.302515,57.603033,203751.713083,95.647181,657.233735,-24.441537,661.343211,-144.451114,660.715137,59.967872,-0.001308,1,0
2.167000,-62.587613,202345.517543,177.728543,203643.538587,57.461354,204341.678301,95.469588,669.122869,-24.458654,657.058140,-144.704357,668.139332,59.971292,-0.008633,1,0
2.200000,-62.593621,204919.596537,177.501284,204066.548977,57.466873,203161.585612,95.302336,662.495993,-24.450996,666.489394,-144.533570,658.052559,59.968496,0.002054,1,0
2.233000,-62.397002,203427.666892,177.619344,202728.203624,57.793976,202381.126063,95.246258,663.829526,-23.947735,663.748690,-144.219785,661.072398,59.961447,-0.004851,1,0
2.267000,-62.355517,202388.376488,177.420799,204016.684570,57.512791,204431.216429,95.625598,658.396426,-24.715045,667.064667,-144.123413,660.565029,59.963650,-0.012291,1,0
2.300000,-62.437643,204472.627492,177.584488,205761.495262,57.466030,202646.258678,95.596000,660.217896,-24.435727,664.349676,-144.297869,657.467540,59.966262,-0.006443,1,0
2.333000,-62.488666,202647.248162,177.555561,204242.546353,57.563030,202663.456261,95.499867,664.893752,-24.693416,663.210992,-144.265031,662.171717,59.970751,-0.005887,1,0
2.367000,-62.396983,204122.972367,177.476967,203598.906849,57.492163,203157.496916,95.599161,659.923165,-24.798329,661.393677,-144.555301,657.170087,59.968306,0.003372,1,0
2.400000,-62.445405,203629.480376,177.517682,203426.146596,57.644342,203599.285328,95.703202,660.231709,-24.330598,664.590482,-144.494016,663.701843,59.964497,0.002990,1,0
2.433000,-62.506888,202511.722166,177.482635,203573.824847,57.558067,205639.213206,95.430132,661.536634,-24.594685,659.532038,-144.461083,657.560046,59.967387,-0.009247,1,0
2.467000,-62.671078,202997.194009,177.402250,204167.983602,57.576625,205023.255708,95.336712,666.667568,-24.675120,662.780781,-144.130847,665.344865,59.963376,-0.002818,1,0
2.500000,-62.532515,202837.820808,177.679629,203394.499790,57.582549,203800.306693,95.606156,654.350319,-24.307292,656.978381,-144.574741,666.316897,59.964578,-0.003600,1,0
2.533000,-62.526340,205796.670075,177.500679,202548.925231,57.617808,204367.426242,95.384724,662.633912,-24.276792,663.393893,-144.248836,661.721125,59.968868,0.003296,1,0
2.567000,-62.440497,204176.453061,177.497508,204124.660955,57.524529,203924.700581,95.338810,660.695270,-24.650079,661.088837,-144.343423,665.970514,59.964902,0.001041,1,0
2.600000,-62.530713,203060.411467,177.358279,204429.112303,57.527120,202562.825294,95.471626,660.498949,-24.720292,667.786662,-144.115254,660.461436,59.965706,0.002857,1,0
2.633000,-62.482834,204797.419454,177.339856,203461.650778,57.532850,204592.992519,95.474815,667.513877,-24.812437,658.676373,-144.502568,666.660440,59.957505,0.008847,1,0
2.667000,-62.581271,202158.922529,177.457901,203249.344395,57.508045,205430.597485,95.406912,669.322175,-24.599511,664.875369,-144.780334,663.290479,59.967738,0.003568,1,0
2.700000,-62.357418,201096.089096,177.615886,203886.644496,57.400654,202569.137184,95.689382,660.501239,-24.616183,662.134240,-144.566388,657.071041,59.967248,0.007514,1,0
2.733000,-62.417077,204233.523371,177.460167,204771.629077,57.518295,203040.050723,95.390101,676.153081,-24.982407,661.941772,-144.490988,664.104095,59.971863,-0.007561,1,0
2.767000,-62.726075,202968.800118,177.518287,203803.026523,57.305752,204142.888740,95.228445,667.837141,-24.259885,665.455555,-144.810789,663.667830,59.967501,-0.004308,1,0
2.800000,-62.512927,202734.869548,177.506320,203362.007399,57.527213,203343.340528,95.599036,663.430457,-24.664915,670.648051,-144.345479,659.903307,59.967640,0.003322,1,0
2.833000,-62.603233,204036.910092,177.502078,205086.388551,57.492272,202806.816560,95.258242,658.459217,-24.365412,662.262557,-144.398702,661.725451,59.969550,-0.006623,1,0
2.867000,-62.377599,203500.141233,177.410711,203224.907548,57.420748,203236.215570,95.701150,662.290023,-24.999785,656.416424,-144.570009,660.358712,59.967589,0.008639,1,0
2.900000,-62.591523,203135.510312,177.552743,203120.071696,57.436927,203335.132692,95.179851,658.463550,-24.073941,663.768050,-144.622072,654.291302,59.968117,0.011315,1,0
2.933000,-62.605571,203435.560269,177.595671,204049.767680,57.590122,202780.372413,95.354131,661.033582,-24.462774,660.667659,-144.554146,659.369312,59.960162,0.000077,1,0
2.967000,-62.619802,204316.997523,177.401840,203366.003413,57.404407,202749.417317,95.618591,648.572445,-24.637199,658.313255,-144.358739,651.257809,59.969363,0.000240,1,0
3.000000,-62.328899,205496.619536,177.490130,202772.591281,57.598442,202726.167206,95.630354,657.102865,-24.463232,652.065753,-144.603562,654.956631,59.969922,-0.003692,1,0
3.033000,-62.485894,202719.535685,177.538581,203300.738789,57.524074,203378.198981,95.559130,651.145791,-24.270328,662.231271,-144.622408,652.073754,59.973813,-0.005490,1,0
3.067000,-62.568985,203504.900720,177.618623,203211.740729,57.533867,204685.115539,95.282788,656.524155,-24.561302,659.403567,-144.776370,656.109506,59.974619,-0.013678,1,0
3.100000,-62.440414,204311.572751,177.565513,203693.565443,57.474592,202246.669015,95.109743,657.464502,-24.272546,656.337888,-144.622955,649.787751,59.963475,-0.002088,1,0
3.133000,-62.341453,203643.948622,177.557209,204123.762918,57.561901,203995.246245,95.524450,656.579929,-24.257023,657.121403,-144.438303,653.908556,59.966070,-0.003540,1,0
3.167000,-62.414137,204719.803282,177.633781,202807.165679,57.537532,203354.698491,95.744737,655.400556,-24.378401,658.858302,-144.461759,652.754101,59.967854,-0.005259,1,0
3.200000,-62.489659,204470.108333,177.650856,202887.859774,57.832144,205413.556936,95.625927,658.916340,-24.182281,656.352869,-144.024406,660.724710,59.965108,-0.003051,1,0
3.233000,-62.509883,202985.870849,177.468450,203433.643738,57.590052,205591.264861,95.835413,660.598126,-24.266034,654.724911,-144.487608,651.470542,59.967400,-0.008031,1,0
3.267000,-62.592235,205287.697547,177.601971,204814.950637,57.570184,204354.744883,95.601610,651.734813,-24.465141,656.922307,-144.708537,653.368530,59.976573,0.009441,1,0
3.300000,-62.486471,204508.776726,177.665968,203697.521295,57.577982,204450.916409,95.360130,660.263115,-24.245290,650.885283,-144.527012,655.104944,59.959697,-0.002384,1,0
3.333000,-62.304303,205774.804039,177.494789,202638.327301,57.623683,205519.951283,95.876359,653.634455,-24.532306,654.424492,-144.423795,651.838345,59.959713,0.010627,1,0
3.367000,-62.482092,204096.521859,177.660463,204220.427953,57.628685,204250.057756,95.385295,654.610964,-24.000551,655.632595,-144.185005,655.594271,59.968007,0.015172,1,0
3.400000,-62.401244,203969.107886,177.490942,202889.595852,57.537311,203285.873673,95.475909,645.422497,-24.568162,656.962481,-144.325156,648.840722,59.964369,0.002444,1,0
3.433000,-62.694171,205010.635851,177.557064,203723.875741,57.530815,204302.392475,95.236778,649.563746,-24.734955,653.365535,-144.468363,650.951705,59.951811,0.007250,1,0
3.467000,-62.356389,203548.369570,177.509794,203649.589888,57.325379,204392.328403,95.517009,653.381211,-24.635712,653.271272,-144.451677,661.574878,59.958332,-0.005977,1,0
3.500000,-62.482708,204588.853329,177.298215,205642.663980,57.540065,203702.523292,95.712981,653.015956,-25.087805,658.904650,-144.476178,657.013800,59.959200,0.002259,1,0
3.533000,-62.636973,203526.702562,177.542459,204565.907616,57.342963,204106.183928,95.337054,658.479268,-24.381318,659.705935,-144.585914,654.497242,59.958313,-0.002115,1,0
3.567000,-62.552712,205606.275914,177.488093,203387.955671,57.702826,202618.936690,95.496549,647.886787,-24.617226,654.630383,-144.236509,653.454456,59.955382,-0.001400,1,0
3.600000,-62.569878,205118.934191,177.519354,205961.728116,57.408791,202843.762061,95.034954,657.774745,-24.530648,660.977493,-144.627783,653.657344,59.959162,0.003541,1,0
3.633000,-62.469331,205816.732418,177.539642,204624.594817,57.386788,204269.901171,95.575265,653.689499,-24.390733,657.914949,-144.550432,651.874364,59.963307,-0.002522,1,0
3.667000,-62.549421,204365.195233,177.419257,205979.319869,57.256547,204389.130910,95.488891,654.354942,-24.428354,656.210747,-144.570651,654.351549,59.953818,0.006575,1,0
3.700000,-62.385654,204061.837835,177.575972,202800.901099,57.556262,204543.784927,95.951653,654.398231,-24.232540,658.844880,-144.504593,657.309266,59.958228,-0.000223,1,0
3.733000,-62.430613,203677.995711,177.455567,205212.839449,57.533644,204655.029035,95.537430,662.476340,-24.631386,652.225796,-144.404799,647.307056,59.957744,0.008776,1,0
3.767000,-62.651705,204359.642287,177.358909,204074.898263,57.424021,202574.986060,95.338215,658.520987,-24.683092,654.257386,-144.567152,658.725609,59.959667,0.002648,1,0
3.800000,-62.462890,204729.061359,177.654733,204615.386350,57.475166,204281.266377,95.663213,660.931944,-24.329332,651.910961,-144.447680,657.488001,59.952522,0.001420,1,0
3.833000,-62.370347,204820.657845,177.358130,206177.749302,57.419041,204897.071647,95.389447,653.516327,-24.629780,656.320895,-144.645815,655.488719,59.960927,-0.013009,1,0
3.867000,-62.509307,203383.010045,177.502276,203258.283237,57.558627,204485.438364,95.326407,658.824578,-24.740447,656.571525,-144.411115,656.558927,59.955962,0.000309,1,0
3.900000,-62.523765,204645.156410,177.484457,205280.383452,57.591194,203170.518001,95.488873,650.833815,-24.605830,652.242927,-144.311155,645.478451,59.959300,-0.000911,1,0
3.933000,-62.626894,203430.218808,177.490287,204275.435637,57.429720,205968.892612,95.551010,655.656574,-24.429514,656.965710,-144.478207,652.111918,59.959488,-0.003656,1,0
3.967000,-62.404715,204177.523722,177.626854,203196.999529,57.450240,203154.980054,95.530206,657.062822,-24.032461,656.984679,-144.750902,658.265151,59.956318,-0.000948,1,0
4.000000,-62.283652,205006.840217,177.400743,204696.034667,57.554291,204580.866478,95.677735,660.189385,-24.701065,654.164797,-144.684215,664.291543,59.952005,0.000095,1,0
4.033000,-62.406831,203419.713621,177.682508,204967.105930,57.567915,205537.909583,95.577816,658.394649,-24.058810,657.300189,-144.567199,663.994575,59.966716,0.001964,1,0
4.067000,-62.481609,203480.997247,177.505089,205225.570826,57.646110,205717.582916,95.607737,653.489379,-24.582182,656.929360,-144.774277,664.747608,59.964791,-0.005440,1,0
4.100000,-62.409600,204143.062385,177.498235,205540.732465,57.460973,203761.077714,95.823956,665.396446,-24.588431,659.216182,-144.805358,666.421765,59.967535,0.002762,1,0
4.133000,-62.549936,205680.368813,177.578166,205127.697670,57.494796,203037.417458,95.915016,661.666115,-24.268012,656.836416,-144.533782,657.761954,59.962624,0.009840,1,0
4.167000,-62.527302,204949.061329,177.551092,205823.124723,57.626742,204710.323419,95.531115,653.371401,-24.490202,658.933871,-144.591354,656.189893,59.961899,-0.004623,1,0
4.200000,-62.378022,206109.185606,177.585599,204022.572050,57.565839,205788.962091,95.726394,656.636566,-24.418128,652.837509,-144.258296,664.178628,59.970040,-0.000192,1,0
4.233000,-62.338799,203903.855890,177.590422,203188.353765,57.497964,204413.550538,95.502672,660.587229,-24.125074,657.924577,-144.590061,662.199367,59.960761,0.000739,1,0
4.267000,-62.495123,202873.094527,177.600193,203459.756781,57.522158,203550.188419,95.443241,657.604833,-24.335107,662.587756,-144.477031,658.057808,59.963296,0.010770,1,0
4.300000,-62.468073,204693.511645,177.592096,204098.468591,57.619814,203038.256257,95.488479,659.460917,-24.293104,658.584350,-144.252027,658.798749,59.963250,-0.000482,1,0
4.333000,-62.513961,204521.400950,177.420901,203851.761885,57.632882,205268.990584,95.179217,663.934975,-24.697269,657.294094,-144.350994,659.330866,59.959953,0.009872,1,0
4.367000,-62.563489,204183.471274,177.656974,205186.162112,57.481230,202676.109302,95.256250,663.891133,-24.336304,665.674661,-144.814473,660.775676,59.967144,-0.000978,1,0
4.400000,-62.462776,204267.209195,177.493657,202410.366750,57.591660,203556.190954,95.656198,659.362268,-24.423222,662.763300,-144.376905,661.741195,59.944862,-0.004681,1,0
4.433000,-62.591251,203192.377930,177.263461,203028.842280,57.411377,203146.797029,95.623583,666.170917,-24.737850,666.671414,-144.663954,660.036511,59.963786,-0.006793,1,0
4.467000,-62.475786,204402.222747,177.269398,204630.949648,57.500858,203976.102469,95.494641,663.714521,-24.725904,665.985190,-144.237138,663.780564,59.952538,-0.004218,1,0
4.500000,-62.584911,202778.554172,177.345521,203769.179459,57.300234,204127.692808,95.094241,666.713062,-24.752581,660.473481,-144.363992,657.527931,59.957375,-0.003158,1,0
4.533000,-62.381500,204348.686777,177.611540,203993.181544,57.571897,204651.561562,95.508690,671.380058,-24.485803,666.242511,-144.442931,664.448359,59.957998,-0.003463,1,0
4.567000,-62.313024,202600.491858,177.429841,203210.426635,57.694109,203303.479444,95.662529,664.713700,-24.595918,660.698784,-144.490075,665.030490,59.952713,0.015731,1,0
4.600000,-62.594497,202449.233769,177.491235,203545.281765,57.499751,204659.088523,95.249281,660.635109,-24.280817,665.438988,-144.491313,667.162148,59.956736,0.006848,1,0
4.633000,-62.499088,203922.044359,177.546750,203871.921921,57.517854,204458.621495,95.655482,663.957060,-24.408301,664.744285,-144.459769,659.240182,59.949310,0.013664,1,0
4.667000,-62.395954,204319.296286,177.515910,204786.358015,57.606082,204027.642344,95.604993,665.606685,-24.305195,663.802202,-144.200686,662.604635,59.961978,-0.000686,1,0
4.700000,-62.404196,203658.060186,177.481956,203384.999576,57.498229,206274.133038,95.837228,668.015028,-24.795661,663.269689,-144.881514,661.138443,59.958461,0.005428,1,0
4.733000,-62.657145,203178.585995,177.497140,204947.292312,57.655720,203541.234067,95.145457,663.110143,-24.463620,669.179362,-144.402663,661.791365,59.949023,-0.005956,1,0
4.767000,-62.563384,204641.744297,177.489019,204113.950078,57.548019,203597.060606,95.147970,674.661815,-24.318631,663.340559,-144.560727,666.411938,59.953184,-0.008497,1,0
4.800000,-62.418694,204062.891971,177.579652,204179.811052,57.659766,204015.693215,95.741600,659.022772,-24.027076,661.979001,-144.402311,672.539430,59.954251,0.001967,1,0
4.833000,-62.635395,204632.221419,177.637232,202571.137420,57.682950,203864.821767,95.071783,665.445270,-24.457362,664.060416,-144.360564,667.026256,59.946390,0.001187,1,0
4.867000,-62.520273,203564.594629,177.508145,203085.345974,57.588832,204050.767834,95.516613,668.707337,-24.592028,661.673136,-144.526033,661.188518,59.954628,0.007333,1,0
4.900000,-62.692378,204314.960499,177.515256,204423.337269,57.529462,203241.459344,95.122625,667.962924,-24.370988,665.127907,-144.551683,663.754667,59.958969,-0.000044,1,0
4.933000,-62.466137,204680.568762,177.551397,204366.225674,57.710573,201923.802622,95.439949,664.783927,-24.380331,666.647444,-144.363648,661.464498,59.952568,0.000895,1,0
4.967000,-62.361304,202956.939921,177.584720,203095.608355,57.608198,203117.824965,95.839393,666.079344,-24.437501,667.419414,-144.622701,661.699044,59.949709,-0.001728,1,0
5.000000,-62.463583,204633.197671,177.359737,203450.409183,57.650759,202848.187752,95.374702,665.093075,-24.649745,663.016141,-144.254466,656.050177,59.969514,-0.011960,1,0
5.033000,-62.473851,204484.141416,177.595322,204243.677639,57.609741,202953.544557,95.275040,669.411294,-24.536284,663.646950,-144.236440,661.985499,59.952828,-0.005249,1,0
5.067000,-62.494765,205064.274746,177.554372,204476.336552,57.604305,204086.101959,95.442918,667.464565,-24.539751,665.791885,-144.695267,665.076217,59.952698,0.002460,1,0
5.100000,-62.469959,204837.908866,177.541685,205244.268854,57.458527,205151.678941,95.473591,670.744282,-24.487941,665.020076,-144.532010,668.474773,59.957741,0.000249,1,0
5.133000,-62.556575,204243.843368,177.471330,204100.004098,57.528627,205373.084582,95.449742,660.392024,-24.515842,669.813082,-144.275610,659.955812,59.962855,0.003457,1,0
5.167000,-62.552160,205237.936280,177.504012,205910.945299,57.639919,203967.568447,95.126731,667.489526,-24.252575,664.829187,-144.060526,661.127678,59.952316,0.006618,1,0
5.200000,-62.511770,205103.252061,177.816982,205226.712045,57.754381,203697.799640,95.800469,666.079331,-24.366511,672.461634,-144.374436,664.161454,59.950586,-0.001801,1,0
5.233000,-62.362801,205144.787302,177.465225,203877.200773,57.450685,204686.388723,95.377617,664.489151,-24.674840,665.895340,-144.567403,669.324056,59.958308,-0.002754,1,0
5.267000,-62.317255,204808.755453,177.626034,204031.075291,57.670153,204619.698908,95.684301,668.804238,-24.325713,671.515329,-144.149580,670.463929,59.951082,0.013967,1,0
5.300000,-62.438578,203521.742326,177.727408,204122.056713,57.451156,203350.352884,95.902486,662.805314,-23.887292,667.898851,-144.525669,674.605120,59.954834,0.009106,1,0
5.333000,-62.179119,203694.125910,177.754851,204462.028138,57.622808,205210.208811,95.681140,663.883594,-24.314197,666.719247,-144.497348,665.997967,59.953306,-0.010277,1,0
5.367000,-62.257710,206219.476209,177.710527,204779.431234,57.703233,205011.613703,95.772790,669.991531,-24.488084,662.061497,-144.657531,663.484417,59.954062,-0.003660,1,0
5.400000,-62.234078,204989.592805,177.477868,205290.953355,57.592172,204992.713892,95.837203,670.076003,-24.284212,669.600803,-144.566908,671.514675,59.943577,0.005262,1,0
5.433000,-62.435564,206402.077408,177.675476,203160.992665,57.598192,205428.745337,95.523551,666.540276,-24.700202,666.463723,-144.511812,673.020410,59.950734,-0.002095,1,0
5.467000,-62.481243,204181.083143,177.502324,204352.656065,57.537119,205376.378904,95.754229,670.449124,-24.231366,664.796884,-144.440323,666.953156,59.947802,0.009371,1,0
5.500000,-62.499170,203863.338018,177.440742,204576.000668,57.736057,204939.092273,95.207621,664.502226,-24.313340,671.228513,-144.282517,669.943864,59.960863,0.001691,1,0
5.533000,-62.610365,204239.289217,177.491821,204824.193954,57.729546,205160.351136,95.496131,680.310433,-24.317658,667.779947,-144.285351,667.616820,59.953111,0.007956,1,0
5.567000,-62.368859,205325.689330,177.690934,204513.446092,57.679351,202941.900457,95.329168,672.147395,-24.473205,668.556239,-144.106726,670.278821,59.951913,-0.007419,1,0
5.600000,-62.323648,206755.585642,177.738805,205475.740036,57.560942,205302.270008,95.618284,678.438810,-24.062926,678.013068,-144.527170,665.176059,59.952896,0.007054,1,0
5.633000,-62.370693,205653.173637,177.644844,205173.887651,57.636430,205692.290262,95.757063,665.862443,-24.191422,671.951604,-144.623869,666.038289,59.953314,0.004280,1,0
5.667000,-62.395483,205946.365300,177.577282,205119.011926,57.686268,205935.415797,95.545668,666.129909,-24.327798,667.713162,-144.457651,664.847249,59.948046,0.002075,1,0
5.700000,-62.190291,206682.740922,177.724657,206040.769872,57.535837,205971.337786,95.862521,671.649470,-24.302728,672.223023,-144.527712,669.326984,59.949776,0.005391,1,0
5.733000,-62.414531,206556.139526,177.729684,204916.675963,57.524800,205082.398081,95.621976,672.256568,-24.590325,668.938841,-144.585725,674.068042,59.942008,0.005977,1,0
5.767000,-62.224000,205579.870743,177.466070,203612.955842,57.463685,204929.004383,95.928343,669.883425,-24.449147,668.299483,-144.347144,663.764132,59.951828,0.001040,1,0
5.800000,-62.418315,205738.653758,177.515583,205300.653831,57.648257,206835.511731,95.675643,671.789318,-24.772321,670.217752,-144.581679,670.830956,59.953005,0.008693,1,0
5.833000,-62.276067,204172.327179,177.646448,206430.492846,57.641937,204949.132395,95.543660,671.055148,-24.287356,668.253177,-144.447263,668.430609,59.947509,-0.017219,1,0
5.867000,-62.231354,205048.927625,177.518117,206007.937591,57.454377,204088.015191,96.106570,676.928113,-24.430367,674.904560,-144.708790,671.159389,59.948700,-0.004956,1,0
5.900000,-62.245129,205510.392702,177.469591,205384.983956,57.496255,205668.537791,95.977096,671.532451,-24.298997,666.141704,-144.349728,678.171210,59.953406,0.001590,1,0
5.933000,-62.247445,203571.616647,177.767193,204444.605546,57.805592,205105.207474,95.591258,667.204951,-24.253301,675.123396,-144.150310,669.977728,59.953912,-0.008436,1,0
5.967000,-62.336648,206777.292249,177.759780,204988.902772,57.802996,202969.330442,95.864265,669.781297,-24.287160,673.370995,-144.356163,672.709803,59.951910,0.005003,1,0
6.000000,-62.426569,205541.602666,177.959868,204078.441120,57.658119,205237.455731,95.769962,674.316847,-24.197999,672.788212,-144.247577,679.594636,59.949492,0.001885,1,0
6.033000,-62.494163,203812.555268,177.697986,205905.103239,57.622486,204970.934512,95.326897,668.904597,-24.589449,677.904300,-144.329842,668.460292,59.960194,-0.011153,1,0
6.067000,-62.601339,205440.162819,177.673840,203848.345944,57.829437,205006.850694,95.420139,669.456673,-24.293563,669.396717,-144.287687,677.846202,59.966211,-0.011623,1,0
6.100000,-62.392769,204675.969833,177.605721,204945.971702,57.588083,206749.914074,95.669499,670.486473,-24.297889,675.387981,-144.459936,680.712055,59.955073,-0.010790,1,0
6.133000,-62.046356,205219.675272,177.598884,204841.863942,57.610374,205695.759136,96.111639,672.118808,-24.338545,673.856961,-144.382939,670.255850,59.964569,0.001957,1,0
6.167000,-62.243049,205014.983228,177.768092,203785.835022,57.645790,204710.146888,95.901966,681.453485,-24.175934,676.746243,-144.256226,675.833397,59.965157,0.001823,1,0
6.200000,-62.326354,204930.591464,177.795074,205610.589167,57.545297,204746.495844,95.747997,674.726147,-23.975825,668.702242,-144.474553,671.531946,59.959554,-0.022648,1,0
6.233000,-62.489938,205154.421463,177.716639,204322.000350,57.669404,204100.065911,95.437008,671.738669,-24.013578,677.870487,-144.197438,674.449446,59.960481,-0.009535,1,0
6.267000,-62.338050,205029.991058,177.705459,204055.860321,57.683509,204187.602996,95.866661,673.664156,-24.209130,674.941005,-144.283711,669.578293,59.960640,-0.003065,1,0
6.300000,-62.188478,203948.196233,177.527810,204986.617704,57.681052,204310.496491,95.759063,668.235096,-24.123642,672.764068,-144.049340,665.473124,59.954931,-0.008766,1,0
6.333000,-62.425193,205004.882722,177.511792,204645.432055,57.629643,206046.933021,95.710654,674.301404,-24.587091,675.271594,-144.541849,678.808981,59.947962,-0.003437,1,0
6.367000,-62.221761,203996.777762,177.620857,205524.879276,57.611694,204527.651520,95.704746,681.513499,-24.405704,673.997818,-144.468473,673.818260,59.962343,0.004872,1,0
6.400000,-62.086947,205666.282500,177.538910,204232.396581,57.579314,203684.864160,95.679344,677.992736,-24.462809,673.844667,-144.264157,678.647157,59.957293,-0.003363,1,0
6.433000,-62.363162,204852.721596,177.740454,205754.619474,57.690090,205482.702180,95.801304,676.440047,-23.982387,675.094336,-144.338644,679.017666,59.952909,-0.002295,1,0
6.467000,-62.375995,203361.819201,177.673741,202574.123757,57.565885,203256.612235,95.462396,671.685470,-24.270643,674.847592,-144.550303,671.150724,59.953295,0.013342,1,0
6.500000,-62.494014,203248.051516,177.647840,204193.464764,57.892654,205079.834033,95.492584,678.593130,-24.299216,669.423677,-144.274812,673.421140,59.959594,0.001680,1,0
6.533000,-62.300703,203593.961387,177.384074,203699.109042,57.683412,204541.293333,95.764654,681.037609,-24.698326,675.286084,-144.070296,670.502120,59.958324,0.001387,1,0
6.567000,-62.379202,204678.945614,177.698825,204842.262925,57.739517,206725.191093,95.542107,674.121917,-24.533630,678.440402,-143.917200,673.384340,59.954972,0.007287,1,0
6.600000,-62.310712,204823.785749,177.633566,203285.509276,57.635778,205009.959654,95.773033,680.036933,-24.048892,683.735188,-144.317831,674.744726,59.959270,-0.004702,1,0
6.633000,-62.452819,203548.897569,177.757222,205434.021334,57.598486,205111.869109,95.520157,679.473159,-23.978969,674.796647,-144.786817,679.356401,59.960718,0.010845,1,0
6.667000,-62.502099,202610.770811,177.463339,204445.098369,57.610414,203558.562651,95.487978,676.632561,-24.610901,669.068625,-144.379976,667.959461,59.966792,0.002983,1,0
6.700000,-62.364713,205613.452397,177.557828,203642.483543,57.683253,204439.016619,95.481190,678.555051,-24.449821,678.451956,-144.155423,676.583580,59.959515,0.003158,1,0
6.733000,-62.248211,202490.958809,177.566009,202888.591903,57.541018,205142.993025,95.791275,671.788322,-24.638384,678.668658,-144.232773,671.443996,59.966311,0.002135,1,0
6.767000,-62.283183,204836.065106,177.576318,205094.956038,57.552306,205776.072272,95.390178,673.997078,-24.324779,667.212770,-144.226674,675.434247,59.965691,0.005623,1,0
6.800000,-62.374621,205350.346495,177.759069,204146.402190,57.603279,206190.521583,95.772614,677.581864,-24.405259,677.706323,-144.359795,676.574485,59.972282,-0.005689,1,0
6.833000,-62.099990,204969.581383,177.492426,207011.376953,57.581775,206410.381880,95.995399,678.049865,-24.322720,672.977114,-144.298884,670.392084,59.966372,0.002522,1,0
6.867000,-62.264143,203736.298054,177.700129,203997.178353,57.567688,205872.442652,95.970842,665.487199,-24.433081,668.744534,-144.378577,676.793504,59.966500,0.013116,1,0
6.900000,-62.337344,203380.315359,177.542302,203738.003941,57.581497,203603.705724,95.684174,672.007384,-24.525777,669.803820,-144.799439,676.452445,59.959392,0.004514,1,0
6.933000,-62.162492,204332.117949,177.706915,204975.082861,57.581744,203720.504186,96.271511,677.117324,-24.383474,670.070216,-144.383826,676.597332,59.961004,-0.001712,1,0
6.967000,-62.361942,203632.016240,177.526579,206342.940891,57.523574,204745.052834,95.632571,671.200072,-24.645076,672.358772,-144.507950,677.799252,59.972184,0.007491,1,0
7.000000,-62.193356,204749.920883,177.640656,205081.934896,57.691234,205497.790571,95.871818,678.887567,-24.369161,675.889710,-144.509465,675.176781,59.968646,-0.007916,1,0
7.033000,-62.494834,203586.644526,177.670296,202752.444595,57.808653,203273.401846,95.473079,677.646593,-24.161919,681.461074,-144.115856,680.952113,59.970722,0.001666,1,0
7.067000,-62.430434,205452.319315,177.645406,203762.456317,57.534563,205767.058245,95.544581,678.212792,-24.466111,683.715579,-144.359882,674.601871,59.976055,-0.003041,1,0
7.100000,-62.266802,205683.607274,177.591225,203715.185053,57.659825,205064.357164,95.422398,679.191459,-24.590903,678.484548,-144.721316,672.345074,59.965673,0.002088,1,0
7.133000,-62.211895,203308.002085,177.620750,203017.032955,57.590045,205085.579808,95.599821,678.538215,-24.418986,676.283175,-144.461812,674.862523,59.973018,-0.009947,1,0
7.167000,-62.343712,205079.587391,177.630997,205386.841882,57.685625,206480.754058,95.541442,674.847462,-24.271676,672.903154,-144.433198,676.978839,59.962663,0.004696,1,0
7.200000,-62.336546,207353.534780,177.588975,203765.406939,57.664150,204517.752399,95.824831,675.271126,-24.362268,676.003211,-144.319564,674.619707,59.960076,-0.002445,1,0
7.233000,-62.364567,204365.269516,177.569432,204175.208794,57.626779,206970.281123,95.611166,676.719970,-24.613140,672.119334,-144.162940,666.315084,59.957600,0.009840,1,0
7.267000,-62.468481,204719.459971,177.779037,206049.593363,57.620201,205530.431587,95.694211,665.679812,-24.084991,675.620243,-144.084779,675.281584,59.958145,0.013921,1,0
7.300000,-62.312814,204986.116375,177.454055,205148.720053,57.613236,205627.440742,95.642601,680.626563,-24.646669,686.432827,-144.496778,673.897666,59.956365,-0.001003,1,0
7.333000,-62.307746,204458.086451,177.609138,205746.900443,57.610133,204642.662778,95.890939,675.237860,-24.379422,676.008590,-144.361124,676.419415,59.959199,0.001304,1,0
7.367000,-62.329182,206930.444238,177.550304,204549.665439,57.752410,203826.097276,95.610672,675.586544,-24.546355,678.626655,-144.175909,678.017248,59.951707,0.009994,1,0
7.400000,-62.372795,204784.479028,177.727692,206299.455084,57.635564,204811.854215,95.804720,673.684529,-24.405588,675.064161,-144.330632,679.568940,59.960571,-0.006527,1,0
7.433000,-62.351241,207361.303789,177.637627,205174.114469,57.772887,203780.895360,95.422380,675.290382,-24.270539,674.925918,-144.263425,673.349471,59.955570,-0.008762,1,0
7.467000,-62.314853,204727.020412,177.638215,205003.429360,57.665828,203744.509796,95.718264,668.122993,-24.446402,672.846208,-144.262148,671.089590,59.956576,-0.002775,1,0
7.500000,-62.271224,205858.033382,177.740295,205559.597769,57.590834,206484.290484,95.454284,670.653331,-24.024040,668.668406,-144.183797,675.457450,59.951540,0.006316,1,0
7.533000,-62.456507,205492.982508,177.730684,205602.077552,57.702818,206349.790368,95.456465,674.622760,-24.217609,665.912631,-144.231927,669.359596,59.955901,-0.003739,1,0
7.567000,-62.327003,204652.751917,177.650218,205205.793186,57.842923,203915.203426,95.581594,668.959113,-24.301668,672.818285,-144.167398,674.405662,59.935441,-0.010899,1,0
7.600000,-62.166323,204419.950561,177.809396,203777.361196,57.665981,205218.807721,95.726877,674.390608,-24.104330,667.417320,-144.428968,672.380927,59.949982,-0.002910,1,0
7.633000,-62.188409,206150.896621,178.062309,206243.123841,57.622695,205348.298523,96.019527,667.095927,-23.993501,666.476545,-144.339402,667.246574,59.948312,-0.003210,1,0
7.667000,-62.106929,206074.805909,178.042224,208028.520796,57.781864,204224.332549,95.778414,671.017896,-23.812374,670.154134,-144.041237,671.106115,59.953966,0.002693,1,0
7.700000,-61.955579,205835.559940,177.621248,204661.709272,57.932311,206883.245377,95.812589,674.242211,-24.340063,666.567757,-144.005020,663.266815,59.943310,0.013903,1,0
7.733000,-62.347400,206491.285243,177.810880,203518.930067,57.669388,206409.133558,95.716286,671.352548,-24.243703,677.880057,-144.376627,667.480782,59.950354,0.002543,1,0
7.767000,-62.279464,204350.225003,177.702813,205467.346091,57.678059,207010.136755,95.624324,666.423390,-24.295271,668.189110,-144.056631,665.531847,59.950276,-0.002385,1,0
7.800000,-62.297800,205212.179198,177.725788,206165.643514,57.716257,206102.878046,95.955309,672.017868,-24.402006,663.962237,-144.427304,665.903646,59.946591,-0.006500,1,0
7.833000,-62.226700,205353.150580,177.782110,206411.996273,57.954290,205910.403838,95.848566,666.188912,-24.063906,665.012911,-144.253256,667.278735,59.948256,0.007202,1,0
7.867000,-62.319399,205937.711754,177.693767,205150.830500,57.866783,206493.713074,96.067480,668.935641,-24.329917,663.448148,-144.237655,667.722986,59.949693,-0.009292,1,0
7.900000,-62.211072,205516.344168,177.764101,205866.484420,57.715358,205510.731236,95.902714,665.638426,-24.400405,675.766023,-144.374269,662.748648,59.946193,-0.009085,1,0
7.933000,-62.470852,205304.423017,177.791775,204669.636440,57.802272,206243.324631,95.966179,666.228530,-24.170956,664.678719,-144.327963,665.400802,59.951456,0.001724,1,0
7.967000,-62.152211,203872.268084,177.805249,203444.510976,57.770364,205144.705725,95.559609,668.367610,-24.104564,664.336206,-144.237497,664.316712,59.944986,0.001116,1,0
8.000000,-62.204435,204270.434824,177.849671,204163.752244,57.781440,205335.328843,95.893519,673.690229,-24.204230,667.032748,-144.205146,667.102286,59.939709,0.004019,1,0
8.033000,-62.012787,205770.428176,177.891631,205610.344864,57.851634,205240.247531,95.796270,667.274427,-24.160098,664.996132,-144.138701,667.426588,59.946778,0.004004,1,0
8.067000,-62.249191,206608.916103,177.895461,205565.199782,57.806445,204685.157546,95.604913,663.709775,-24.159335,664.074788,-144.239272,664.849968,59.947981,0.006070,1,0
8.100000,-62.215194,204110.430447,177.885047,204819.743046,57.891190,203637.517049,95.686905,670.387541,-24.056121,664.653864,-143.910144,664.542044,59.944108,-0.001156,1,0
8.133000,-62.140799,206667.586586,177.886944,205920.656427,57.853432,204163.292379,95.935003,669.996755,-24.017340,668.000656,-144.056734,659.996727,59.943690,-0.003910,1,0
8.167000,-62.264621,204546.454796,177.864576,204629.760113,57.875968,204933.085524,95.708524,672.005298,-24.012269,668.413474,-144.070084,664.009369,59.942246,-0.005615,1,0
8.200000,-62.124162,205072.515261,177.851860,205243.416327,58.003149,204534.177682,95.820006,670.724029,-24.026258,669.228028,-143.933537,665.815161,59.940979,-0.013828,1,0
8.233000,-61.942757,204055.582514,178.038795,204869.038366,57.940887,205459.516124,95.879387,674.582647,-23.917685,670.861576,-144.266151,664.986472,59.946955,0.003674,1,0
8.267000,-62.035801,205175.693309,177.821688,204543.678276,57.833354,204182.083984,95.958506,675.233738,-24.372995,671.751418,-144.328904,669.684971,59.940218,0.001971,1,0
8.300000,-62.186038,205243.899409,177.936190,206003.152077,57.920624,204519.620926,95.784663,679.107475,-24.175732,671.348179,-143.997372,668.432979,59.949657,-0.004461,1,0
8.333000,-62.061321,204323.460913,177.806965,203154.227707,57.684767,204020.581449,95.993259,673.549353,-24.267174,667.634464,-144.172724,669.226795,59.936383,-0.000850,1,0
8.367000,-62.048622,204949.555184,178.018775,204508.904261,57.945211,205491.077228,96.081334,674.035581,-23.986255,672.508050,-143.760833,677.502846,59.942109,0.005212,1,0
8.400000,-62.165794,205014.862251,177.853082,204178.048353,57.828452,204586.746296,96.011865,666.643773,-24.425439,675.424094,-144.258650,666.489937,59.937232,0.003626,1,0
8.433000,-62.205602,203113.442159,177.889918,203683.479740,57.789601,204163.147499,95.797041,676.927463,-24.069260,669.409595,-144.108972,673.986832,59.940212,-0.006043,1,0
8.467000,-62.192387,205273.249295,177.792074,205551.263657,57.893654,204037.212902,95.507539,669.204303,-23.913664,671.473049,-144.050467,677.221115,59.936779,0.003984,1,0
8.500000,-62.232800,205369.010622,177.932618,202572.602594,57.890500,204286.599668,95.973327,679.229046,-24.161436,675.426611,-144.132435,671.575142,59.946620,0.003619,1,0
8.533000,-62.020609,205462.724428,177.888698,204635.775010,57.873600,203039.483135,95.847631,679.072844,-23.983974,674.758807,-144.232226,677.698763,59.954347,0.004316,1,0
8.567000,-62.149406,203433.939074,177.800606,204542.885846,57.962895,205910.488477,95.737808,674.914850,-23.968220,671.359689,-144.205379,677.969184,59.949773,-0.009220,1,0
8.600000,-62.024834,204762.148915,177.883312,204294.348879,57.801401,205589.916186,96.087133,669.523634,-24.220728,685.080717,-144.225435,677.375463,59.946870,0.001094,1,0
8.633000,-62.086461,205003.152437,177.685558,206369.370811,57.768720,204071.795466,95.453442,678.179058,-24.399037,680.828821,-144.309689,676.808673,59.944756,-0.003517,1,0
8.667000,-62.197474,205118.248862,177.833165,205760.801435,57.789014,203961.868532,95.829922,670.073827,-24.026961,676.959314,-144.580092,674.758057,59.938730,0.010699,1,0
8.700000,-62.188483,205328.099246,177.858084,206502.038940,57.866674,206365.335444,95.885028,679.058939,-24.191119,676.549365,-144.002226,676.501509,59.941037,0.007674,1,0
8.733000,-62.090291,204014.754977,177.754561,204802.478556,57.585792,204540.897220,95.868801,673.310554,-24.417731,675.765942,-144.518062,671.718409,59.951304,-0.001369,1,0
8.767000,-62.327393,206218.137601,177.839168,205564.200559,57.774061,205637.897008,95.713884,672.924972,-24.069210,674.984340,-144.603741,673.284242,59.948489,-0.007647,1,0
8.800000,-62.223088,204194.184889,177.613790,203806.396892,57.727442,205993.424944,95.833148,676.601663,-24.280048,671.819348,-144.316488,675.192647,59.944462,-0.004127,1,0
8.833000,-62.122570,204897.840000,177.851604,204609.961884,57.676397,203807.847736,95.980222,671.333223,-24.190636,675.582474,-144.377933,676.884377,59.938522,0.001880,1,0
8.867000,-62.346183,204748.990957,177.761360,205068.846372,57.926566,205616.946852,95.413147,675.209705,-24.324879,680.444104,-143.862708,677.126314,59.948462,0.004076,1,0
8.900000,-62.257518,204849.296021,177.789718,203709.605513,57.811697,204870.604608,95.784170,666.545290,-24.466334,672.623658,-144.241448,676.984730,59.946682,-0.002698,1,0
8.933000,-62.260394,204641.683593,177.755421,205576.834163,57.906065,207344.888385,95.924011,670.747536,-24.116362,665.837914,-144.080422,673.025220,59.944705,0.014644,1,0
8.967000,-62.199758,204707.435948,177.830104,206383.259240,57.797784,204060.591416,95.769742,667.067136,-24.140045,667.936316,-144.285337,676.155400,59.947540,-0.003221,1,0
9.000000,-62.114636,204658.462330,177.777801,205581.271517,57.794251,205044.620805,95.665331,669.767800,-24.315868,675.593318,-143.975900,676.419875,59.937930,0.004557,1,0
9.033000,-62.448444,206580.750987,177.793166,205578.880811,57.721506,205521.761803,95.340470,677.958855,-24.337921,670.166590,-144.328657,670.973357,59.936138,-0.004754,1,0
9.067000,-62.199937,204594.487818,177.655147,205414.476908,57.818331,204770.201482,95.610511,670.476162,-24.433918,667.325375,-143.850219,668.916171,59.945463,-0.003110,1,0
9.100000,-62.237436,206968.192015,177.595430,204547.722923,57.839498,205467.647610,95.716821,670.438265,-24.426714,666.945758,-144.550319,661.594718,59.941398,-0.007877,1,0
9.133000,-62.215314,205742.490705,177.800271,205417.784088,57.681007,206740.724971,96.248150,667.157242,-24.252963,666.544641,-144.317085,667.506535,59.945975,0.000357,1,0
9.167000,-62.264061,205510.717109,177.823746,205159.184214,57.867546,206885.335479,96.153433,666.465074,-24.297296,664.287050,-144.298661,664.238278,59.944044,-0.005775,1,0
9.200000,-62.401148,203577.351389,177.714934,204529.554196,57.729931,206773.102174,95.417630,667.685363,-24.276365,668.834559,-144.346583,669.158881,59.953030,0.003989,1,0
9.233000,-61.976277,204853.139954,177.422587,205559.552284,57.812893,205809.183789,96.187226,664.146098,-24.626462,664.749555,-143.961889,666.495637,59.960925,0.000640,1,0
9.267000,-62.396099,205047.454068,177.624127,206236.465659,57.533167,204222.714333,95.560528,666.902887,-24.189597,672.642006,-144.309334,663.993296,59.954391,-0.006828,1,0
9.300000,-62.386885,205722.130532,177.556699,207204.184096,57.603338,204310.285817,95.365703,670.331287,-24.374047,668.218460,-144.171643,669.618145,59.945797,-0.006236,1,0
9.333000,-62.383157,204286.053946,177.786554,206342.006945,57.650367,203847.406630,95.765768,675.921410,-24.251067,673.128752,-144.330147,673.393936,59.949523,-0.006084,1,0
9.367000,-62.196732,206947.793940,177.614909,206133.084825,57.662163,205493.105200,95.918036,670.319229,-24.228218,670.230043,-144.447662,675.916876,59.953673,-0.000798,1,0
9.400000,-62.396951,204321.939062,177.698297,205283.654680,57.466544,204834.285203,95.874881,669.804334,-24.260994,673.563280,-144.480056,675.984254,59.951516,-0.001235,1,0
9.433000,-62.516776,204000.606635,177.775183,205265.700749,57.645416,205671.970930,95.330158,672.254309,-24.145418,673.886611,-144.225579,672.601504,59.959090,-0.015598,1,0
9.467000,-62.457067,205445.103500,177.824894,204927.619767,57.805890,205536.431893,95.751331,672.525100,-24.247242,673.530814,-144.221507,668.982282,59.947165,-0.005790,1,0
9.500000,-62.432018,205851.992422,177.767365,206697.092537,57.620708,205812.655864,95.648723,667.610286,-24.734814,674.583830,-144.557014,670.654011,59.948298,-0.002671,1,0
9.533000,-62.473752,204672.590658,177.633895,205273.845025,57.805227,204157.482316,95.673811,673.330289,-24.179088,671.429936,-144.342270,679.545977,59.956024,-0.000378,1,0
9.567000,-62.141702,205691.985121,177.738212,206193.894477,57.534952,205205.021635,95.936447,668.112266,-24.208228,672.929536,-144.902158,668.202209,59.957389,-0.008523,1,0
9.600000,-62.314886,204016.312342,177.558002,205237.761791,57.576389,204729.330648,95.810629,669.614282,-24.514421,671.143828,-144.287022,659.821950,59.955295,0.002808,1,0
9.633000,-62.331050,203250.544799,177.817648,204850.282906,57.595149,206255.663586,95.997341,668.796337,-24.408483,674.085393,-144.555310,674.707471,59.955583,0.003966,1,0
9.667000,-62.388918,204939.089094,177.675947,206574.434585,57.524979,205459.238305,95.610819,665.115770,-24.343135,667.187857,-144.258272,667.528455,59.963724,-0.006224,1,0
9.700000,-62.428934,205574.592260,177.695533,204585.723426,57.655605,206108.039069,95.570770,669.953066,-24.581295,673.011456,-144.358089,663.014128,59.956872,-0.002032,1,0
9.733000,-62.305527,203782.264254,177.691294,206296.984299,57.677321,204834.308662,95.825477,670.290265,-24.570391,667.903368,-144.075457,671.255132,59.953724,0.009940,1,0
9.767000,-62.354998,205735.475644,177.776169,206426.205088,57.706779,203200.437353,95.836918,672.581629,-23.886423,672.843073,-144.441602,669.550967,59.957936,0.000994,1,0
9.800000,-62.125215,204998.555803,177.641175,203157.008621,57.561551,205353.089638,95.915528,676.024337,-24.181015,670.617442,-144.441974,669.340497,59.950014,-0.001601,1,0
9.833000,-62.408807,203406.533218,177.709536,205174.306832,57.616659,205415.254998,95.952590,673.630308,-24.532375,673.819426,-144.407347,673.908841,59.951591,0.001818,1,0
9.867000,-62.279216,203834.310607,177.877781,205112.945507,57.810859,204362.913522,95.532281,673.627379,-23.808926,668.209791,-144.326909,660.885552,59.961434,-0.014160,1,0
9.900000,-62.268801,205969.521727,177.667899,206038.542892,57.704500,204788.876611,95.541624,670.253684,-24.448156,669.087133,-144.211297,668.887337,59.958481,0.005634,1,0
9.933000,-62.436305,205497.753715,177.688050,205529.162094,57.671761,202204.723873,95.521758,673.213379,-24.515056,670.298207,-144.394297,664.222396,59.957779,-0.000715,1,0
9.967000,-62.149561,205651.782887,177.681407,205286.942645,57.545690,206304.090001,95.888212,667.464815,-24.258553,666.203014,-144.593407,669.792825,59.959531,-0.002620,1,0
10.000000,-62.457874,204037.805941,177.622458,205270.410860,57.550225,205531.970341,95.599895,670.673833,-24.363127,674.512545,-144.591940,666.919791,59.957752,-0.001985,1,0
10.033000,-62.412534,204743.272347,177.649068,204319.040847,57.443302,205998.696211,95.702891,665.448523,-24.323377,668.488709,-144.701372,666.295084,59.964553,-0.010640,1,0
10.067000,-62.477548,205983.622914,177.726077,205775.491464,57.599683,203894.405755,95.414997,667.571231,-24.591003,667.881755,-144.443841,663.695585,59.959039,-0.003031,1,0
10.100000,-62.381962,203700.870148,177.461087,204982.383073,57.679582,206105.430343,95.406436,661.358408,-24.534904,669.339531,-144.155567,666.006707,59.954720,0.002447,1,0
10.133000,-62.395938,205939.218002,177.622059,206244.950094,57.674753,204777.040060,95.501165,670.294389,-24.410759,668.689051,-144.183336,666.627508,59.959095,0.006023,1,0
10.167000,-62.298366,205535.217130,177.656503,203025.185834,57.580049,204157.595105,95.448610,675.497132,-24.062196,668.364595,-144.178580,664.922085,59.954927,-0.002514,1,0
10.200000,-62.413766,206947.190536,177.489647,206103.064834,57.530891,204484.473256,95.866986,672.914289,-24.386398,668.689157,-144.479700,668.857612,59.961534,-0.008222,1,0
10.233000,-62.384307,205257.893258,177.506560,203763.332859,57.464861,205614.696767,95.840978,664.963560,-24.492494,671.134907,-144.526365,674.785035,59.959919,0.006145,1,0
10.267000,-62.558690,205803.730105,177.622116,205093.754064,57.621528,205442.496363,95.563668,667.855717,-24.282593,677.108294,-144.249898,663.898370,59.967024,0.010182,1,0
10.300000,-62.510132,206284.881236,177.433295,206467.108772,57.693446,205287.827300,95.481163,669.408097,-24.537460,669.520386,-144.271781,670.919205,59.956349,-0.008478,1,0
10.333000,-62.424972,205387.253136,177.580158,205484.034653,57.546449,204508.589380,95.617317,671.739693,-24.416477,667.695697,-144.288866,668.769053,59.966394,-0.003777,1,0
10.367000,-62.612259,206014.472720,177.521556,204717.139801,57.643121,204826.665893,95.429684,666.290476,-24.606686,661.670759,-144.467588,672.130122,59.961446,0.006679,1,0
10.400000,-62.218272,205861.756659,177.742702,206741.953915,57.913067,206384.149659,95.571144,660.544129,-24.107087,662.799775,-144.239649,668.707593,59.962625,0.007365,1,0
10.433000,-62.378921,204952.979786,177.642511,207644.716616,57.645284,204911.487020,95.756935,666.975892,-24.650581,670.966153,-144.632754,675.015976,59.957828,-0.007116,1,0
10.467000,-62.500784,205606.699404,177.630458,206025.673747,57.677664,205030.899178,95.295831,669.757901,-24.252832,666.342587,-144.308146,670.102237,59.971757,-0.006074,1,0
10.500000,-62.575414,205783.959241,177.624877,206227.906764,57.565092,205360.837089,95.368263,666.391519,-24.429862,667.717913,-144.276893,668.441656,59.968793,0.007574,1,0
10.533000,-62.373008,205652.139990,177.688984,205546.822770,57.776103,205644.869592,95.574807,668.039696,-24.777603,672.720552,-144.299579,664.981979,59.967711,0.000982,1,0
10.567000,-62.435837,204865.948553,177.714785,206065.784947,57.877081,203858.220191,95.431959,666.336993,-24.376482,663.075903,-144.269116,673.799074,59.969857,0.002975,1,0
10.600000,-62.473673,206755.566638,177.606153,205982.389755,57.570457,207411.450971,95.380653,664.523226,-24.408066,671.414249,-144.624591,669.807647,59.963523,0.001642,1,0
10.633000,-62.523349,206047.170323,177.630625,206603.937256,57.703230,206987.298317,95.363497,668.071496,-24.549313,667.566368,-144.534785,673.009701,59.968226,-0.001649,1,0
10.667000,-62.334948,207041.498674,177.752091,206363.037174,57.653901,205485.832180,95.309778,667.727220,-24.257940,670.483760,-144.288693,671.126560,59.965352,0.000213,1,0
10.700000,-62.412192,207231.594182,177.589858,204950.394249,57.684816,206493.297486,95.582454,668.982863,-24.515589,664.330424,-144.444872,659.881248,59.963230,-0.009723,1,0
10.733000,-62.442187,206576.450809,177.745570,205702.424551,57.542716,206808.250235,95.655062,663.467926,-24.485436,661.626040,-144.505407,667.029184,59.958903,0.004491,1,0
10.767000,-62.396341,204826.388781,177.502778,207788.833795,57.689556,205505.886816,95.678159,663.810091,-24.687138,660.303149,-144.604897,666.817626,59.953687,0.003530,1,0
10.800000,-62.457237,207835.954525,177.692927,205474.429336,57.606352,205789.783176,95.535651,662.029380,-24.230978,664.181550,-144.472311,665.887326,59.956609,-0.001062,1,0
10.833000,-62.340191,206228.095748,177.666130,205865.726940,57.555999,206734.545862,95.873763,665.034455,-24.217821,667.023531,-144.497183,665.019301,59.962510,-0.005513,1,0
10.867000,-62.347943,206003.932890,177.590803,206115.597986,57.506509,206344.311622,95.505904,667.624822,-24.164621,665.773212,-144.743212,671.023666,59.961327,-0.001464,1,0
10.900000,-62.369736,206298.837493,177.574928,206834.703378,57.558220,206651.998814,95.619233,664.898227,-24.404403,663.378348,-144.181159,671.327807,59.951439,0.000017,1,0
10.933000,-62.436635,205209.297267,177.616295,205977.951870,57.533291,208696.612739,95.281586,665.146896,-24.548228,668.014428,-144.373777,670.322472,59.958508,0.001815,1,0
10.967000,-62.343259,205983.317741,177.563995,204652.681206,57.868037,206300.909674,95.744225,661.856004,-24.653940,665.810451,-144.223723,665.577338,59.949376,0.006395,1,0
11.000000,-62.561970,205755.224200,177.665766,206351.843082,57.570261,205723.038897,95.401724,667.635313,-24.408820,660.820963,-144.546681,668.686631,59.958973,-0.003698,1,0
11.033000,-62.304158,204269.504185,177.553302,207192.827043,57.585768,206563.993665,95.683718,668.818312,-24.428073,671.495226,-144.611181,668.392196,59.945013,0.008966,1,0
11.067000,-62.462187,206304.271539,177.544840,205886.705683,57.570756,206287.728383,95.705269,663.209717,-24.483670,669.204556,-144.541761,667.478405,59.955942,-0.002799,1,0
11.100000,-62.419162,206981.582114,177.457334,207289.870834,57.491286,206067.294072,95.916226,665.670483,-24.610164,671.275812,-144.557668,657.285206,59.947952,0.001850,1,0
11.133000,-62.488198,207441.259317,177.504921,206804.081981,57.507072,206162.415220,95.019491,668.531331,-24.451860,668.984208,-144.863658,666.418728,59.938310,-0.007808,1,0
11.167000,-62.445552,206351.078073,177.454718,207059.904551,57.547876,206339.628471,95.459821,666.764366,-24.771312,666.367546,-144.468734,670.841071,59.947503,-0.002907,1,0
11.200000,-62.556998,204568.043871,177.526491,205491.251203,57.626215,206340.577868,95.392843,662.327532,-24.639064,670.667801,-144.710084,670.659891,59.950814,-0.000083,1,0
11.233000,-62.425464,205764.458282,177.719582,205806.658540,57.608342,204362.875062,95.722788,667.925547,-24.144349,667.838752,-144.404386,678.153043,59.953858,0.014875,1,0
11.267000,-62.443341,206282.040546,177.547444,205591.433982,57.477810,207387.414178,95.425430,667.370618,-24.487570,661.496398,-144.553317,663.785149,59.956575,0.004183,1,0
11.300000,-62.534518,206254.865471,177.635710,206083.732599,57.811661,205221.482898,95.527874,666.483178,-24.249028,665.840644,-144.083527,670.134215,59.947121,0.014086,1,0
11.333000,-62.477859,205259.169509,177.494358,206158.314292,57.672284,204917.990678,95.612401,662.757794,-24.363497,673.293495,-144.380353,676.386327,59.944202,-0.002418,1,0
11.367000,-62.463034,205655.055778,177.508063,205219.171517,57.487179,204576.125439,95.231397,674.729497,-24.577959,662.833882,-144.581989,663.584289,59.956122,0.004578,1,0
11.400000,-62.539784,203276.821683,177.608661,205770.069566,57.582463,205153.272378,95.422507,662.885200,-24.674797,671.355938,-144.265150,667.076242,59.950667,0.011319,1,0
11.433000,-62.306972,205526.067338,177.548259,207059.405943,57.620583,203933.163711,95.443809,672.615473,-24.796513,669.898812,-144.055755,673.134758,59.953734,0.007059,1,0
11.467000,-62.354577,205071.968478,177.609016,204845.314850,57.550481,206879.002152,95.682935,666.301094,-24.393486,674.410031,-144.327618,671.587371,59.951196,0.006977,1,0
11.500000,-62.449680,205280.455039,177.533183,205173.097990,57.507728,205184.108140,95.798291,667.738320,-24.390609,670.782259,-144.131145,667.985974,59.946807,-0.002573,1,0
11.533000,-62.460081,205726.066463,177.666674,205225.579108,57.503742,206010.712225,95.615385,672.056386,-24.444531,665.851709,-144.373357,668.910142,59.953615,-0.001442,1,0
11.567000,-62.370262,203967.020643,177.600790,204417.048271,57.650812,205859.074202,95.724386,671.733266,-24.325809,669.653294,-144.156624,670.464971,59.951236,-0.008030,1,0
11.600000,-62.462584,204990.373978,177.495433,205856.860804,57.379317,204676.269752,95.014395,674.574815,-24.495464,673.170713,-144.713178,671.617203,59.952333,0.004595,1,0
11.633000,-62.386022,206087.745449,177.389010,206543.174386,57.555436,205486.625389,95.509375,670.705083,-24.864732,673.121482,-144.309773,671.271060,59.952793,0.018555,1,0
11.667000,-62.434515,206339.164405,177.599709,205938.589893,57.484667,204553.119634,95.310385,667.135558,-24.431008,673.373891,-144.637625,669.190593,59.960852,-0.002653,1,0
11.700000,-62.419004,204779.494287,177.621086,202561.164221,57.582379,204974.605888,95.462225,668.431250,-24.369109,671.790363,-144.279283,669.165201,59.947908,-0.002027,1,0
11.733000,-62.459874,205540.192833,177.479317,206731.966047,57.425111,203205.390579,95.733102,669.732663,-24.352727,665.131789,-144.771276,669.880324,59.952517,-0.000941,1,0
11.767000,-62.548956,203109.584234,177.617528,205899.718658,57.534811,204157.710124,95.355251,671.803863,-24.328633,666.012150,-144.417740,666.769231,59.951500,-0.009068,1,0
11.800000,-62.378328,203904.123147,177.442979,204165.239741,57.641056,205804.493246,95.882912,666.491620,-24.525182,667.099662,-144.313887,664.446238,59.952325,-0.010515,1,0
11.833000,-62.438370,203471.701551,177.488102,204265.030718,57.496320,204831.469759,95.626314,668.795541,-24.527656,667.539491,-144.766312,663.918334,59.940635,0.000476,1,0
11.867000,-62.576282,204473.042576,177.609014,206677.086579,57.339108,205884.556021,95.127617,665.393765,-24.381114,666.755113,-144.310831,666.934657,59.956882,0.003206,1,0
11.900000,-62.619903,205458.508515,177.513390,204914.035748,57.548263,203706.850701,95.134864,668.596721,-24.546100,671.076300,-144.406447,675.269079,59.948068,-0.007391,1,0
11.933000,-62.558428,204627.215101,177.507391,203895.908740,57.469295,203689.296751,95.214554,668.246881,-24.586179,662.665447,-144.724843,662.016031,59.948153,-0.011240,1,0
11.967000,-62.491239,206081.423508,177.597914,203440.329402,57.421658,205429.653247,95.496477,673.495440,-24.654593,662.668284,-144.416203,670.152431,59.948359,-0.002976,1,0
12.000000,-62.404093,205638.323002,177.432373,203922.354180,57.598734,205144.034659,95.862851,669.365928,-24.735732,671.943196,-144.432308,671.928295,59.953775,0.004310,1,0
12.033000,-62.379470,205450.270087,177.516511,204701.852184,57.513927,204108.177722,95.340468,676.465074,-24.423773,675.203193,-144.643426,674.581497,59.939013,0.008186,1,0
12.067000,-62.508953,204420.948956,177.474335,204622.695539,57.313637,204207.857619,95.526126,673.901900,-24.560444,674.880240,-144.689739,671.526577,59.947493,-0.003545,1,0
12.100000,-62.531067,204757.485637,177.454588,203826.364302,57.450454,205477.652062,95.703183,675.329739,-24.402239,669.979141,-144.579946,665.622148,59.952300,0.007534,1,0
12.133000,-62.520303,204612.167508,177.565930,203313.802532,57.599930,204307.508378,95.703392,670.136779,-24.677018,676.443964,-144.122923,673.834737,59.953454,0.005948,1,0
12.167000,-62.383225,206369.342318,177.411169,203608.255244,57.405137,206268.823002,95.792491,680.032365,-24.651127,674.710201,-144.757949,670.180758,59.942028,0.008157,1,0
12.200000,-62.359363,204241.880466,177.454648,204398.166872,57.421094,204828.496245,95.772421,673.691257,-24.443938,673.360836,-144.626791,669.518019,59.957087,0.009219,1,0
12.233000,-62.705630,205766.259226,177.435749,203915.633671,57.559057,204052.748806,95.283706,681.688271,-24.493973,673.191849,-144.664942,672.791339,59.956926,0.004063,1,0
12.267000,-62.619772,203556.025433,177.397348,203729.031299,57.404780,205549.082002,95.314008,679.313746,-24.383844,676.877396,-144.694749,678.354015,59.954867,0.005261,1,0
12.300000,-62.690365,205743.592358,177.366140,203926.834454,57.460930,204907.566392,95.606854,680.693923,-24.698508,671.616815,-144.717447,680.928063,59.949100,-0.001798,1,0
12.333000,-62.593842,205520.704761,177.567458,204900.857637,57.410135,205672.585194,95.268760,678.679786,-24.583748,670.827734,-144.604206,669.494711,59.954853,-0.006898,1,0
12.367000,-62.504682,204710.460496,177.315450,203619.868047,57.579236,203525.903602,95.602668,676.464644,-24.696251,675.445909,-144.049051,683.971891,59.962454,0.003860,1,0
12.400000,-62.583310,204390.309788,177.435444,203925.721273,57.446590,204202.909698,95.541070,677.300341,-24.460668,676.808186,-144.481251,673.730970,59.963323,-0.009129,1,0
12.433000,-62.656409,204159.740195,177.462823,203959.627926,57.565428,205213.741614,95.378045,675.603193,-24.408617,678.807436,-144.473151,678.616719,59.965957,-0.007182,1,0
12.467000,-62.666452,203691.566153,177.499760,205195.165092,57.583076,203997.539635,95.472030,673.882130,-24.279571,675.669826,-144.353298,678.272086,59.954554,0.001798,1,0
12.500000,-62.480004,203501.153177,177.391518,204583.023526,57.405744,206041.180984,95.738937,675.495855,-24.584722,676.869295,-144.687006,674.891891,59.956234,-0.003735,1,0
12.533000,-62.695836,205498.603027,177.513989,202090.840329,57.547825,203761.077076,94.866551,674.500495,-24.716538,672.041061,-144.373148,672.045731,59.960786,-0.002423,1,0
12.567000,-62.604021,203536.498423,177.463474,203616.545164,57.522459,203073.140408,95.350413,675.058183,-24.558679,675.074914,-144.455388,673.944031,59.962203,-0.004332,1,0
12.600000,-62.564310,202835.161893,177.616322,204528.478650,57.398175,204299.438252,95.329288,678.074093,-24.487095,676.882441,-145.081449,668.781275,59.955543,0.012732,1,0
12.633000,-62.431525,204030.612370,177.325321,204164.637049,57.290751,204785.750189,95.277717,673.627065,-24.674737,673.534342,-144.814231,671.345739,59.960428,0.011915,1,0
12.667000,-62.653372,203574.954707,177.548281,205362.337416,57.434528,204223.364588,95.566477,673.507153,-24.415245,673.880927,-144.655292,672.431163,59.957587,-0.000655,1,0
12.700000,-62.624090,204930.184162,177.572630,204516.698788,57.447420,203934.575703,95.250673,677.610165,-24.709604,667.984563,-144.315773,672.936413,59.970169,0.002486,1,0
12.733000,-62.401062,203457.962831,177.572908,204309.625559,57.522476,205244.183745,95.684105,678.548724,-24.709951,669.758799,-144.375602,672.872023,59.961736,-0.003250,1,0
12.767000,-62.554418,204357.402881,177.286764,204471.881788,57.361829,203372.591857,95.796476,676.464311,-24.598143,683.808297,-144.257951,673.608639,59.957498,0.006665,1,0
12.800000,-62.487353,204995.666935,177.493070,204309.428941,57.701780,204541.443808,95.318708,680.892302,-24.387407,671.365673,-144.077685,675.701470,59.958155,0.007091,1,0
12.833000,-62.600710,204370.241476,177.365731,204949.764377,57.567986,205287.287820,95.626618,680.409751,-24.615476,678.475720,-144.641329,679.334925,59.967014,-0.003042,1,0
12.867000,-62.468456,203217.759773,177.407311,202591.186683,57.463770,202526.770873,95.480751,677.487679,-24.380642,682.380985,-144.673619,683.298822,59.962017,0.007585,1,0
12.900000,-62.614840,205084.198716,177.442141,204142.696911,57.486399,203688.646785,95.078354,681.084552,-24.396099,688.091185,-144.490244,684.554543,59.956310,0.001604,1,0
12.933000,-62.618115,203533.597340,177.302054,202462.661722,57.593758,203835.683901,95.135796,685.256391,-24.973824,682.097402,-144.400400,679.790801,59.959808,0.005605,1,0
12.967000,-62.605511,202424.699635,177.358326,203819.314384,57.572145,203270.851886,95.554501,678.066461,-24.656377,679.605420,-144.520522,681.088400,59.963360,0.011886,1,0
13.000000,-62.649344,203573.052944,177.609122,203957.147005,57.320753,202957.882740,95.578278,681.824711,-24.299220,686.140911,-144.762230,680.840287,59.971969,0.007176,1,0
13.033000,-62.699261,203927.029246,177.264278,204979.110888,57.205821,205328.878167,95.183174,680.504907,-24.571503,680.953722,-144.662765,678.077140,59.965020,0.010368,1,0
13.067000,-62.692079,204082.830020,177.496852,204534.454175,57.541460,203055.202776,95.106177,674.034232,-24.434991,675.911149,-144.275714,680.552681,59.969713,-0.002997,1,0
13.100000,-62.620260,203221.760564,177.278638,204247.898209,57.421014,203448.443611,95.586582,672.278253,-24.453197,678.992132,-144.792929,679.974852,59.968606,0.013371,1,0
13.133000,-62.551365,202495.538601,177.328384,203636.108019,57.341990,204001.378973,95.386477,681.390553,-24.798617,681.842251,-144.635688,682.581602,59.963485,0.003116,1,0
13.167000,-62.458090,204195.998616,177.403725,204421.543848,57.431464,205306.792664,95.535081,681.186849,-24.593504,686.335828,-144.814578,682.519851,59.960896,0.012311,1,0
13.200000,-62.621318,203767.927344,177.260008,203930.075626,57.191345,202339.367693,95.316060,684.064658,-24.392272,687.827893,-144.696776,679.251866,59.967960,0.007664,1,0
13.233000,-62.512691,203026.264056,177.310955,203238.269470,57.382148,203212.520511,95.309593,685.618573,-24.798281,684.927729,-144.656379,682.638535,59.969218,0.011347,1,0
13.267000,-62.613986,202221.601334,177.401840,203714.140155,57.346780,204418.238433,94.841396,691.484048,-24.399389,681.803621,-144.713722,686.837254,59.964465,0.011067,1,0
13.300000,-62.502128,204041.129728,177.430369,202605.374252,57.335294,202104.696195,95.285175,687.691453,-24.201481,685.629169,-144.846367,687.875052,59.965602,0.010815,1,0
13.333000,-62.373035,202880.833009,177.237151,202501.909362,57.462621,203544.270201,95.836415,691.685115,-24.778397,689.814934,-144.542630,683.743662,59.957331,-0.005918,1,0
13.367000,-62.689153,201676.214998,177.330276,203493.057449,57.379807,201879.713411,95.469370,685.043693,-24.644235,688.091198,-144.705436,692.587098,59.958159,-0.000289,1,0
13.400000,-62.552152,204365.208739,177.442241,202865.828184,57.514464,203138.445952,95.399827,685.749831,-24.475196,688.080092,-144.367577,690.912277,59.966421,-0.010627,1,0
13.433000,-62.752711,201918.890856,177.368787,203540.715400,57.591867,203862.751669,95.192721,681.975510,-24.451641,684.035956,-144.144403,689.490827,59.968382,0.004564,1,0
13.467000,-62.459113,202164.560765,177.389996,203404.179896,57.362229,204141.711644,95.496318,686.566986,-24.536900,692.963280,-144.477321,690.285551,59.963060,0.003383,1,0
13.500000,-62.742605,202111.706593,177.279800,204296.855445,57.435787,201968.307621,95.387824,685.585336,-25.209591,687.561008,-144.451221,681.428151,59.962092,-0.007461,1,0
13.533000,-62.520548,202120.900676,177.088980,202621.251940,57.374611,202534.440286,95.283490,684.302321,-24.580440,687.742684,-144.591718,683.453896,59.966896,0.000670,1,0
13.567000,-62.703103,202331.148904,177.157218,203911.737557,57.079878,202770.923206,95.207737,682.959727,-25.033353,685.010992,-144.729154,684.443325,59.963246,0.001843,1,0
13.600000,-62.588564,202120.207963,177.288799,204023.362851,57.320266,202889.278560,95.272289,687.361938,-24.681845,686.437600,-144.848243,676.477702,59.960229,0.003439,1,0
13.633000,-62.578466,201026.010733,177.213193,202389.792984,57.250020,202667.924589,95.145612,679.190621,-24.805695,683.721846,-144.774060,682.202996,59.959026,-0.001313,1,0
13.667000,-62.688585,201491.977074,177.210168,202206.095544,57.324410,202399.478082,95.188653,679.675636,-24.887946,685.276930,-144.524571,680.960638,59.962697,-0.006058,1,0
13.700000,-62.776010,202022.968679,177.187045,202407.789637,57.180668,202544.643648,94.877749,679.546867,-24.620772,687.954574,-144.774583,683.267497,59.962707,0.009198,1,0
13.733000,-62.391476,202124.677993,177.333500,203577.209457,57.393518,203430.108242,95.392371,679.059409,-24.578869,684.441380,-144.657474,683.487490,59.959845,0.003878,1,0
13.767000,-62.592666,202485.113570,177.406862,202664.940002,57.155304,202002.832432,95.318600,681.754711,-24.437607,681.035356,-145.096638,679.653781,59.966659,-0.003338,1,0
13.800000,-62.714823,204483.917444,177.180509,203114.088702,57.444304,202151.932920,95.356106,681.259520,-24.759538,679.516644,-144.591540,692.690431,59.961626,-0.001312,1,0
13.833000,-62.667808,204575.381030,177.167036,201876.311520,57.310434,201648.928013,95.208284,683.764969,-25.088842,675.055626,-144.504794,678.356344,59.957297,-0.000139,1,0
13.867000,-62.641092,203104.909351,177.494834,202156.659382,57.253770,203678.039691,95.221738,680.996992,-24.582197,680.780324,-144.729597,683.924539,59.961629,-0.004630,1,0
13.900000,-62.597572,203167.367353,177.243482,203115.478395,57.301152,202878.968347,95.366078,682.995103,-24.542197,680.073489,-144.981324,677.561680,59.945955,-0.001445,1,0
13.933000,-62.556997,202337.271765,177.354533,203970.727467,57.395011,201681.904876,95.631223,684.466559,-24.982737,687.627368,-144.675857,681.621125,59.955996,-0.010125,1,0
13.967000,-62.881754,202609.964531,177.465891,204258.948717,57.220702,202295.073726,95.379632,683.660183,-24.484883,686.322320,-144.461056,677.439147,59.955043,-0.000576,1,0
14.000000,-62.632873,203866.461856,177.369668,201742.814153,57.472387,202865.941869,95.487759,681.308421,-24.847748,677.675545,-144.370129,686.287976,59.952436,-0.007472,1,0
14.033000,-62.580783,202214.071344,177.236604,203391.945165,57.288412,202476.920502,95.393416,680.762949,-24.775579,675.753930,-144.680806,680.181643,59.959093,-0.010549,1,0
14.067000,-62.701217,202446.362181,177.342453,201879.029629,57.176961,202928.390819,95.705479,681.567106,-24.891577,680.654012,-144.736794,685.769988,59.959561,0.012313,1,0
14.100000,-62.518798,203217.473931,177.451072,202490.695388,57.302084,203632.369283,95.443821,678.663092,-24.405447,676.453192,-144.700966,685.074696,59.966153,-0.012294,1,0
14.133000,-62.548028,201838.364993,177.303834,203419.482757,57.418525,202722.025582,95.344703,682.908298,-24.854138,679.172647,-144.775458,676.692096,59.954479,0.003171,1,0
14.167000,-62.514475,202966.287202,177.425858,204225.086971,57.521585,201413.996341,95.314539,675.770478,-24.462116,675.138777,-144.378823,676.824225,59.960277,0.003635,1,0
14.200000,-62.436955,201887.109175,177.400900,204103.169150,57.467273,203402.824764,95.388933,674.019506,-24.636087,685.021615,-144.530101,670.450313,59.967491,0.000774,1,0
14.233000,-62.627491,202437.378898,177.489987,203884.111036,57.378914,202951.108820,95.490658,679.311015,-24.491407,671.666397,-144.709311,676.857449,59.961910,0.004786,1,0
14.267000,-62.407226,203471.029535,177.510987,202332.283069,57.548794,202693.558315,95.551081,679.713743,-24.479570,673.866570,-144.387967,677.994964,59.951959,0.001878,1,0
14.300000,-62.432356,201724.697301,177.643548,202878.775939,57.373175,201218.765376,95.674995,676.452266,-24.278955,674.281543,-144.450816,675.735437,59.963104,0.004346,1,2
14.333000,-62.456770,202148.694007,177.419201,202751.552569,57.396878,202242.851903,95.209823,680.914919,-24.680406,677.403911,-144.344125,681.200344,59.960772,-0.003160,1,2
14.367000,-62.622766,203520.003117,177.426094,204083.198487,57.493564,203767.967771,95.643778,677.172698,-24.490191,688.455313,-144.703188,677.801398,59.957065,-0.006871,1,2
14.400000,-62.683978,202046.739134,177.272445,201681.625606,57.359489,202751.934728,95.542514,681.029927,-24.918496,678.144817,-144.935300,682.037163,59.966300,-0.005759,1,2
14.433000,-62.698847,203086.311490,177.403202,203226.893827,57.218083,203043.330693,95.646187,685.437253,-24.623752,681.311936,-144.502300,676.423608,59.969001,-0.001599,1,2
14.467000,-62.961763,202879.345094,177.350129,202747.729282,57.198163,203412.918902,95.350043,682.430692,-24.450011,687.530989,-144.300115,688.082813,59.971212,-0.001481,1,2
14.500000,-62.718941,203589.346267,177.520003,202069.821065,57.059816,203841.821558,95.595367,683.509127,-24.450097,683.788270,-145.111770,689.052964,59.963897,0.003428,1,2
14.533000,-62.863728,201444.631117,177.294954,202272.649709,57.343296,206399.658504,95.271725,687.052553,-24.329796,691.170028,-144.387392,691.203384,59.971088,-0.000067,1,2
14.567000,-63.025729,200288.395707,177.017843,202413.185413,56.982625,202283.883146,95.044298,693.171149,-24.878724,690.564494,-144.473722,696.522477,59.956024,-0.002094,1,2
14.600000,-63.120353,201075.871349,177.022023,202369.582753,56.943191,202294.967859,94.836937,694.440400,-24.575632,691.430426,-145.102114,693.010554,59.969904,-0.004260,1,2
14.633000,-63.155057,201462.580036,177.032634,202202.681482,56.865417,201460.492645,95.170025,696.352442,-24.597781,702.659058,-144.942266,694.905040,59.963747,0.000410,1,2
14.667000,-63.052597,201039.887738,176.888418,202275.079618,56.691156,202411.462345,94.872159,690.514825,-24.901879,700.137156,-145.147684,695.632649,59.961313,-0.009726,1,2
14.700000,-63.182496,202049.292378,176.973140,200640.336047,56.838159,202069.456897,95.097694,694.053552,-24.730063,695.991231,-145.017481,692.618246,59.955715,-0.003686,1,2
14.733000,-63.349220,202725.214723,176.880807,202094.693278,56.667018,202181.698864,94.595042,696.795991,-24.688868,691.899583,-145.233068,695.739460,59.965569,-0.018043,1,2
14.767000,-62.902328,202282.885516,176.861995,200742.178706,56.954424,201092.501311,95.270329,698.558732,-24.825069,700.820244,-144.921488,696.676793,59.960149,-0.007671,1,2
14.800000,-63.247012,201128.135473,176.749715,200955.574035,56.689364,201999.859053,95.034427,704.004801,-25.168798,697.684005,-144.875336,699.185716,59.962409,0.001210,1,2
14.833000,-63.168023,203069.090078,176.848624,202495.127183,56.992605,200083.836186,94.890480,708.233730,-24.891879,703.693076,-144.996573,687.084801,59.960944,0.001226,1,2
14.867000,-63.014842,202138.813715,176.978248,203184.309847,57.142460,202104.814572,95.061089,697.966451,-24.578904,706.481000,-144.833693,695.817215,59.958540,-0.001319,1,2
14.900000,-63.162230,200678.917674,177.143189,203656.962471,57.008625,201691.446832,95.444636,693.014717,-24.661630,705.952768,-144.806940,699.781590,59.969089,0.009434,1,2
14.933000,-62.806085,203306.093117,176.905844,202016.181226,57.100448,201638.396454,95.427619,706.844674,-25.005792,696.967737,-144.322908,696.276486,59.969168,-0.005815,1,2
14.967000,-63.009481,202338.042105,177.112106,201564.047262,56.896357,201231.125246,95.079550,695.623285,-24.350166,698.301042,-144.797439,703.939874,59.958007,0.011279,1,2
15.000000,-62.916489,202492.825210,177.165143,201859.753560,56.977066,201861.746531,94.820008,698.523422,-24.489511,688.740877,-145.053444,703.649063,59.958976,0.005143,1,2
15.033000,-62.855543,201176.935467,176.983040,202238.818893,57.023776,202223.899675,94.984694,704.805774,-24.656788,702.902857,-145.032062,703.447582,59.957626,-0.000589,1,2
15.067000,-62.784619,201975.975809,177.083411,201032.049007,57.011668,201798.810342,95.147131,700.181426,-25.117131,700.079345,-144.592878,693.491268,59.954710,-0.010852,1,2
15.100000,-62.993414,201793.253449,177.095906,201868.032424,57.085846,203839.976515,95.258172,700.714028,-24.680187,700.462039,-144.762620,703.174438,59.965201,-0.003245,1,2
15.133000,-62.917061,204176.172569,176.984804,199469.656614,56.985619,201310.574480,95.180846,692.639344,-24.937081,702.892028,-144.763832,701.057860,59.965119,-0.007198,1,2
15.167000,-63.172754,202441.923340,176.977099,201742.798999,56.939135,202135.003394,95.260135,698.885063,-24.966106,694.602466,-144.710098,699.095328,59.967756,-0.005935,1,2
15.200000,-63.133272,201863.610039,176.735670,201551.536149,56.861294,203592.442540,95.159437,702.043890,-24.781910,702.071006,-144.837639,704.521579,59.958390,0.007322,1,2
15.233000,-62.996151,204786.372610,176.965725,203578.368647,56.729623,201749.965632,95.091483,690.846213,-25.071191,700.337998,-145.175841,696.526670,59.971343,-0.006121,1,2
15.267000,-63.225918,202603.929833,176.843804,203073.109366,56.794813,202231.623940,95.115161,701.881530,-24.786119,700.782923,-145.190217,695.922460,59.969534,0.003073,1,2
15.300000,-63.118894,202893.454775,176.714550,202947.415829,56.861102,203575.035376,94.951472,692.778035,-25.274507,709.184565,-144.885912,703.540652,59.960082,-0.008139,1,2
15.333000,-63.098525,201669.547147,176.935108,201830.163067,56.813384,201937.092998,95.070124,706.966656,-25.120288,695.058219,-144.965981,701.280760,59.955930,-0.003640,1,2
15.367000,-63.241635,203275.904602,176.862559,201048.013843,56.841832,201999.540214,95.036573,699.920388,-24.638051,703.115403,-145.180283,694.782658,59.958941,0.000635,1,2
15.400000,-63.014723,203217.811088,176.948091,202917.116694,56.871204,202982.520748,94.863762,701.982431,-24.876053,695.213361,-144.850404,699.171903,59.971816,-0.002412,1,2
15.433000,-63.122901,202022.784986,176.904267,203485.608987,56.999350,203904.888352,95.059774,703.798270,-24.855761,704.174057,-144.752696,702.342140,59.964080,0.003732,1,2
15.467000,-63.078591,204060.346173,176.955241,204511.210169,56.939261,203089.473312,95.156059,699.279646,-24.791915,700.278696,-144.678256,704.538210,59.966426,-0.002244,1,2
15.500000,-63.096695,203871.634795,176.967905,203044.284560,57.015987,202158.933241,95.091207,699.512296,-25.338651,695.927367,-144.781739,702.317868,59.969533,0.000743,1,2
15.533000,-63.138552,203040.079232,176.968119,202336.770298,56.532475,201890.806996,94.954171,702.289496,-24.970750,705.794235,-145.666500,703.072517,59.959043,0.001934,1,2
15.567000,-63.076817,202491.719876,176.844075,201784.472623,56.897044,204152.615475,95.042781,710.326064,-24.911367,704.188642,-145.158025,704.308171,59.960743,0.003199,1,2
15.600000,-63.199634,200555.592815,176.943173,204309.424946,56.983303,203105.351376,94.940026,703.501652,-24.960496,700.568281,-145.187226,700.695355,59.964138,-0.001867,1,2
15.633000,-63.231806,202304.077349,176.847817,204642.568854,56.954057,203193.151568,94.630507,702.348875,-25.062383,699.723721,-144.802810,703.457098,59.967653,-0.006396,1,2
15.667000,-63.209677,204246.500389,176.974474,203340.292871,57.019813,202056.059679,94.801081,702.039780,-24.833744,699.985416,-144.683365,698.976647,59.959128,-0.006764,1,2
15.700000,-63.156791,201796.316068,176.869929,202916.909248,56.718616,203709.286841,94.771983,697.467095,-25.056520,696.598678,-145.461474,696.787684,59.960384,0.008971,1,2
15.733000,-63.211903,203354.012705,176.930720,203181.014135,56.837109,203578.221779,95.004294,704.183776,-25.275512,698.691416,-145.012445,703.787617,59.958124,-0.004519,1,2
15.767000,-63.091355,202041.395008,176.846359,203418.441945,56.685227,200488.181639,95.009237,696.834683,-24.906156,707.864021,-144.968876,695.279999,59.960081,0.009567,1,2
15.800000,-63.297902,203637.837764,176.814460,201735.264619,56.666026,202041.811334,94.868952,704.455698,-25.183759,699.670168,-145.338960,704.400532,59.962702,-0.004061,1,2
15.833000,-63.192929,203477.341561,176.942016,203579.461388,56.871718,201263.092822,95.026562,711.084646,-24.800235,708.222807,-145.453710,695.994072,59.958040,0.010356,1,2
15.867000,-63.125958,202324.543346,176.685202,200973.664436,56.915476,201826.511134,95.091429,706.906619,-25.385709,701.205397,-144.806945,708.838660,59.963129,-0.007904,1,2
15.900000,-63.343678,202133.993653,176.906198,202239.608032,56.652496,202577.698640,94.633546,702.120389,-25.110339,703.460226,-145.260233,710.745845,59.962940,0.000284,1,2
15.933000,-63.066429,203784.303652,176.878065,202500.594459,56.767913,203841.674557,95.121434,709.692356,-25.023068,704.190505,-145.123334,702.314015,59.967588,-0.003779,1,2
15.967000,-62.985326,203419.967274,176.955438,203256.434660,56.899725,202530.938818,95.257366,705.284953,-24.708339,706.620917,-144.965384,706.740051,59.973781,0.006707,1,2
16.000000,-63.106314,203763.182921,177.026495,202853.116279,56.940766,202235.325041,94.834129,703.028026,-24.873530,701.463850,-144.885172,700.222388,59.954788,-0.006749,1,2
16.033000,-63.005340,202753.493544,176.926101,203524.678576,56.970954,202988.424067,95.063351,709.292263,-25.110593,704.052492,-144.830592,709.480196,59.962113,0.002152,1,2
16.067000,-62.987237,203211.798334,176.909710,203085.626972,56.842344,203376.055736,95.054438,708.219485,-24.767383,708.301422,-144.958469,710.496586,59.960452,-0.006555,1,2
16.100000,-63.013900,202771.311778,176.920230,202925.378681,56.728644,202297.457514,95.222926,708.305934,-24.848418,709.995452,-145.081519,710.955602,59.957157,-0.002789,1,2
16.133000,-63.012573,201723.879566,176.988405,203050.694152,57.026469,202747.880748,94.978579,712.380670,-24.629109,710.704454,-144.795671,703.191209,59.959994,0.002113,1,2
16.167000,-63.039453,202672.431771,177.097824,203337.397516,57.018555,203556.349321,94.737039,709.628213,-24.826580,703.344409,-145.016830,705.020778,59.959324,0.000033,1,2
16.200000,-62.927955,203797.083633,177.062812,204227.503075,57.128221,203184.992543,95.127815,708.709874,-24.779753,712.941462,-144.912979,714.317427,59.964943,-0.004841,1,2
16.233000,-63.251255,203324.044440,176.890297,204546.855808,56.971701,202571.751150,94.729299,710.194945,-24.783649,708.545341,-145.177297,701.241136,59.961747,0.001640,1,2
16.267000,-63.094279,201393.489151,176.973843,203206.416249,56.774262,202521.421324,94.572396,711.203515,-25.101186,710.024346,-144.806170,704.500305,59.949524,-0.002500,1,2
16.300000,-63.051746,201963.830728,176.825646,202230.971771,56.787139,200988.737434,95.125619,708.882128,-25.517304,707.908495,-144.809443,709.801026,59.956103,-0.006761,1,2
16.333000,-63.032207,202200.724543,176.841436,202538.680775,56.789538,201719.393983,95.060968,707.012083,-25.300966,708.353471,-145.003756,704.713067,59.952401,0.004221,1,2
16.367000,-63.107209,202286.502197,176.653278,201955.816163,57.058724,202543.208360,95.183514,704.837704,-25.216866,707.558697,-144.574825,705.867824,59.963088,-0.001307,1,2
16.400000,-63.202482,202215.923430,176.760425,201505.043171,56.650288,202035.818934,94.898653,702.712772,-25.243633,707.099011,-145.021251,710.051150,59.965788,0.008138,1,2
16.433000,-63.172123,202453.075111,176.851359,203395.165400,56.824114,201581.158020,94.852881,708.207017,-25.223938,697.009513,-145.117927,705.717225,59.957149,-0.005407,1,2
16.467000,-63.113126,200716.006640,176.995526,203711.111387,56.897087,202532.377994,94.982159,698.244940,-25.193816,708.153545,-145.105553,702.203508,59.954999,0.013490,1,2
16.500000,-63.041199,202177.611476,176.764098,204368.695235,56.901241,202869.834060,95.123308,703.648054,-25.011981,709.001709,-145.000678,706.354057,59.950703,-0.006665,1,2
16.533000,-63.122445,200474.941422,176.984795,203753.809940,56.963933,201251.736087,94.671747,704.119136,-24.918390,699.940719,-145.044880,713.071682,59.961031,0.005626,1,2
16.567000,-63.086826,203396.216721,176.893155,202200.933070,56.932342,203361.390562,95.217775,707.493631,-25.168317,696.822266,-145.086288,706.473264,59.951011,0.008262,1,2
16.600000,-63.056268,202099.906099,176.794105,201743.005865,56.896430,203728.861432,95.038313,705.353975,-25.552346,704.078546,-145.090411,702.009695,59.937738,-0.012719,1,2
16.633000,-63.078916,202321.435962,177.047782,201695.916349,56.985204,202756.736828,95.197706,706.061537,-24.551535,702.125305,-144.661766,711.365034,59.942649,-0.008415,1,2
16.667000,-63.009842,203445.622396,176.949777,202415.831639,56.912528,203427.387296,95.305056,701.586821,-25.152171,702.103285,-145.063908,702.340963,59.947047,-0.005406,1,2
16.700000,-62.959426,203942.518684,177.027940,200599.815966,56.972301,203092.591493,95.051157,714.237881,-25.155482,693.188036,-144.626739,705.031855,59.943487,0.000289,1,2
16.733000,-63.042422,203687.755325,177.105544,201759.198881,56.968151,202600.655228,95.018362,701.395172,-24.651490,701.290031,-144.570828,706.941823,59.944590,-0.016799,1,2
16.767000,-63.058342,201578.476067,176.995379,203388.849907,56.983103,202299.173745,94.971394,697.708469,-24.917243,705.144099,-144.963297,709.790219,59.946911,0.001503,1,2
16.800000,-63.133808,202712.648210,177.010353,201678.293966,57.140879,201956.081362,94.683746,701.104577,-24.889568,707.896234,-144.590291,706.257828,59.949988,0.005820,1,2
16.833000,-62.949095,202499.628474,176.989631,202338.691251,57.169708,203736.974535,95.232270,708.770655,-24.676826,708.147923,-145.099115,701.915920,59.953135,0.004070,1,2
16.867000,-63.003077,201837.241672,176.770817,201574.599163,56.984657,203402.799141,95.238123,700.711434,-25.412289,699.721979,-144.757092,702.690652,59.954580,0.006599,1,2
16.900000,-62.977264,202357.592110,176.996875,201709.391852,56.994141,201118.858554,95.143975,702.575561,-24.736217,702.826729,-144.776736,704.812357,59.950862,-0.001692,1,2
16.933000,-62.770687,203046.158094,176.976901,201681.821678,57.060747,203547.528606,95.407686,696.849812,-24.877248,704.253795,-144.887150,701.950763,59.950248,0.003617,1,2
16.967000,-62.900591,202312.001163,177.089873,202103.830397,57.014508,202431.946571,95.367620,695.936386,-24.592969,703.325496,-144.529271,699.185488,59.947775,-0.006340,1,2
17.000000,-63.017904,203020.382213,177.056353,202737.482887,57.000363,201507.887344,95.260036,702.807122,-25.009200,701.691541,-144.820582,701.095108,59.952130,-0.001351,1,2
17.033000,-62.944716,201495.743515,176.942509,202010.021116,57.055010,203278.846600,95.398201,702.063452,-25.197708,696.797492,-144.975556,700.096838,59.954771,0.005014,1,2
17.067000,-63.017854,201645.213426,176.807153,202608.849578,57.075354,202460.211558,95.307181,701.914324,-25.208729,705.149758,-144.827550,701.244184,59.948854,-0.001988,1,2
17.100000,-62.998475,204286.282432,176.821191,202822.700195,57.101719,201276.730687,95.226898,706.202020,-24.975011,702.105263,-144.842220,699.982393,59.948996,-0.005136,1,2
17.133000,-62.995941,202775.599761,177.081806,203036.651376,57.008392,202252.711113,94.940386,699.424753,-24.886229,698.758471,-145.139809,693.579260,59.953887,-0.006627,1,2
17.167000,-63.023876,201436.110932,177.020256,200945.062979,57.019914,202692.148481,95.073245,694.412099,-25.028833,699.333411,-144.758493,693.182464,59.951584,-0.005559,1,2
17.200000,-62.824698,201568.302171,177.174964,203121.776242,57.174203,202501.683966,95.100407,697.670980,-24.766157,692.009699,-144.826556,691.677167,59.947750,-0.005156,1,2
17.233000,-62.943142,203978.869637,177.223630,203272.947508,57.174815,202626.206067,95.102427,690.180249,-24.594555,696.124196,-144.366263,688.223598,59.950451,0.013504,1,2
17.267000,-63.111971,201714.260473,176.964788,201769.182215,57.220310,203201.980460,95.090881,693.441861,-25.007360,697.608251,-144.376800,694.805731,59.956142,-0.002882,1,2
17.300000,-63.279622,203591.175217,176.886932,202042.353800,57.029782,204444.356468,94.937774,699.033880,-25.154018,700.549945,-145.108522,695.837993,59.947151,0.000635,1,2
17.333000,-63.051873,201737.780571,176.921972,204097.339905,56.979917,202633.722430,95.194865,691.559048,-25.189352,694.492807,-145.089514,696.361438,59.947070,0.006287,1,2
17.367000,-63.105587,202908.221207,177.025047,203010.250548,57.092452,202220.614460,95.203267,696.450239,-24.710552,697.216324,-144.572887,696.821854,59.948999,-0.001767,1,2
17.400000,-63.011192,201636.962804,176.787900,204309.671707,57.049603,202979.953872,94.818684,697.309437,-24.854860,693.492296,-145.085036,699.283117,59.951505,0.014406,1,2
17.433000,-62.987121,202824.122334,176.861343,202502.964257,57.006818,203524.022506,95.371130,692.717244,-24.879652,696.324205,-145.072225,692.997554,59.954398,-0.001683,1,2
17.467000,-63.032635,202347.231911,177.060630,202963.243483,57.047448,202355.142412,94.880767,693.703820,-24.833412,696.672026,-144.908939,696.373039,59.959290,0.005668,1,2
17.500000,-62.922974,203177.946835,176.995109,201087.292540,57.251719,201375.752844,95.168634,688.356127,-24.757802,695.649713,-145.018434,690.698606,59.955175,-0.015720,1,2
17.533000,-62.987646,202939.756015,177.012820,203627.881546,56.953780,202809.307061,95.122865,694.997603,-24.871471,692.210944,-144.906374,689.624057,59.954882,-0.002096,1,2
17.567000,-62.992939,202079.721631,177.035634,202556.969631,57.257478,201188.538007,94.681167,687.521856,-24.652198,701.408924,-144.852754,700.300749,59.959338,0.005205,1,2
17.600000,-62.932824,203791.232639,176.972582,203843.614225,56.976793,203348.055908,95.035228,689.699949,-24.733233,695.670378,-144.868119,696.688245,59.944087,-0.005564,1,2
17.633000,-62.868462,203339.745092,177.189421,204339.031312,57.061234,202101.783877,95.277737,712.355887,-24.570725,695.544899,-144.855848,693.193767,59.949076,-0.004412,1,2
17.667000,-62.753884,202239.789111,177.037772,202543.949240,57.042263,204183.283665,95.715152,694.926347,-24.760885,694.539077,-144.899218,690.181187,59.953219,0.001104,1,2
17.700000,-62.883961,202175.339234,177.082620,202928.714233,57.139645,205606.024427,95.018322,703.956098,-24.893397,703.721170,-144.928103,705.458652,59.952105,-0.010596,1,2
17.733000,-62.736849,202300.221384,177.047010,202488.405915,57.013527,204725.170285,95.646491,701.549067,-25.288928,699.958328,-144.969550,695.093884,59.958279,-0.004294,1,2
17.767000,-62.820224,203578.904337,177.074383,202646.551043,57.090490,204263.576338,94.842505,703.375441,-24.843917,697.927099,-144.759867,704.222912,59.964037,0.012307,1,2
17.800000,-62.916330,203074.242537,177.097203,203978.938807,56.991123,203453.801020,95.514631,703.215198,-24.866607,696.374533,-144.855883,701.525429,59.960397,0.008562,1,2
17.833000,-62.671439,203912.844589,177.198267,203946.133274,57.135141,203917.686258,95.548806,698.692394,-24.758667,700.845739,-145.048255,696.817200,59.949180,0.002484,1,2
17.867000,-62.872337,202594.075441,177.092543,203696.778714,57.096551,203987.737271,94.928168,695.303846,-24.875431,699.021403,-144.810425,707.408236,59.960023,0.002628,1,2
17.900000,-62.664111,202455.132506,177.195318,202533.217530,57.121214,202306.704069,95.393902,696.387035,-24.478816,701.842257,-144.815535,696.769164,59.962668,-0.001123,1,2
17.933000,-62.709335,202223.695364,176.983758,203310.362397,57.092115,203970.917045,95.317498,696.989770,-24.738718,701.829692,-144.955793,696.721049,59.963007,-0.010974,1,2
17.967000,-62.907269,203237.714619,177.030913,201422.984485,56.916372,203591.071530,95.260386,693.727064,-25.123960,698.267453,-144.991532,693.387204,59.957747,0.002899,1,2
18.000000,-62.777878,203508.700074,177.204031,201271.360372,57.256445,202645.523269,95.286772,704.172593,-24.870818,695.795015,-144.474059,696.524660,59.964080,-0.007433,1,2
18.033000,-62.774811,201041.834324,177.101534,202838.327372,57.132182,203561.203064,95.361040,695.248041,-24.959522,698.148829,-144.956845,695.195205,59.959739,-0.004969,1,2
18.067000,-62.955482,203365.692522,177.063271,204727.373287,57.356864,203297.166746,95.377885,698.594492,-24.983315,698.378153,-144.292357,697.102674,59.960689,0.008912,1,2
18.100000,-62.295622,203336.096865,177.309677,203740.435408,57.476090,204011.478982,95.461839,672.661493,-24.441997,675.851669,-144.321458,685.209201,59.955981,0.008569,1,0
18.133000,-62.221190,203754.176750,177.424635,203553.109779,57.731890,204870.271590,95.536476,672.519791,-24.608006,677.461117,-144.211588,677.443471,59.953843,0.004542,1,0
18.167000,-62.259630,204237.309464,177.505991,204525.447451,57.691342,203088.242925,95.742510,665.238180,-24.199510,679.293839,-144.149016,671.609306,59.950246,-0.001164,1,0
18.200000,-62.440205,203839.784461,177.548444,204211.440659,57.524050,205420.106241,95.321154,670.865289,-24.197046,672.830323,-144.475801,677.245946,59.950302,-0.002796,1,0
18.233000,-62.425328,203631.485491,177.674408,205038.518700,57.514850,204664.764924,96.107900,674.855120,-24.389202,675.018368,-144.595685,679.065278,59.954822,0.007012,1,0
18.267000,-62.411245,204621.702816,177.684394,205106.967856,57.601114,202132.395477,95.918222,672.298493,-24.534804,681.353599,-144.222361,669.328291,59.956673,0.003685,1,0
18.300000,-62.294460,203430.149073,177.591288,203404.402256,57.630439,204815.620246,95.895580,674.860112,-24.585845,678.803216,-144.333873,673.747255,59.953751,-0.006782,1,0
18.333000,-62.087786,204312.523770,177.550723,204029.078749,57.613692,203772.232769,95.719345,676.017708,-24.391062,672.271945,-144.081519,671.707149,59.956761,0.003129,1,0
18.367000,-62.342438,204765.026819,177.672147,203987.918464,57.506051,205929.816050,95.755316,676.714553,-24.469549,670.388980,-144.447864,678.377603,59.957587,0.005141,1,0
18.400000,-62.380311,204067.737448,177.726958,204564.133368,57.724448,205141.237235,95.761233,672.767929,-24.085055,679.031569,-144.145377,677.677106,59.955257,0.011951,1,0
18.433000,-62.203995,202852.994331,177.529551,205018.567116,57.681435,204041.711662,95.690919,676.504476,-24.566203,667.467070,-144.285911,676.426816,59.943842,0.003990,1,0
18.467000,-62.504357,204960.988646,177.534192,202317.685840,57.749083,204227.287717,95.540995,676.157044,-24.607894,664.069751,-144.205034,671.550404,59.952107,0.004029,1,0
18.500000,-62.339052,203853.211104,177.851931,205110.247356,57.549807,203003.136077,95.735411,673.261384,-23.975788,666.615511,-144.091815,672.657912,59.949250,-0.003747,1,0
18.533000,-62.438609,203995.493147,177.671012,202986.482523,57.698136,204344.864965,95.507373,678.033446,-23.768873,678.153930,-144.140324,672.555848,59.950265,0.001044,1,0
18.567000,-62.297158,204698.049337,177.708081,204392.053807,57.396588,204436.473491,95.749397,675.342024,-24.136642,674.879178,-144.479285,670.492768,59.948802,-0.008399,1,0
18.600000,-62.330925,205153.906268,177.694258,204667.072349,57.624980,206402.914895,95.595884,670.568665,-24.088227,672.304596,-144.640910,671.788921,59.945043,-0.010387,1,0
18.633000,-62.313230,203538.834133,177.597138,205397.045561,57.670736,205028.239732,95.677281,676.986863,-24.212816,674.358554,-144.267448,677.293907,59.954191,-0.007356,1,0
18.667000,-62.444393,203761.074631,177.591473,202982.119831,57.664717,205250.527553,95.743971,682.260848,-24.791756,677.730131,-144.158282,681.509481,59.950634,0.005152,1,0
18.700000,-62.306343,202456.540568,177.686189,204534.677200,57.799018,204401.174658,95.782012,679.830916,-24.622482,675.015896,-144.172673,677.174314,59.945146,-0.011102,1,0
18.733000,-62.364473,204569.978414,177.398568,203919.014368,57.530006,205109.673095,95.242253,675.886275,-24.585369,670.061054,-144.477625,672.533058,59.942741,-0.008441,1,0
18.767000,-62.356317,204388.293123,177.701287,204098.121945,57.786103,205345.267208,95.615988,678.608881,-24.203545,663.211014,-144.230390,675.406498,59.950045,0.003068,1,0
18.800000,-62.368635,205255.543942,177.661398,205219.444020,57.806833,204526.400779,95.834239,670.586895,-24.228309,681.811632,-143.927430,675.137079,59.948305,0.011565,1,0
18.833000,-62.384801,204790.394755,177.727447,203391.268344,57.731409,204726.594260,95.699850,669.726895,-24.121388,676.969757,-144.439307,675.249902,59.954334,0.001647,1,0
18.867000,-62.370451,205364.036436,177.828324,204639.931675,57.754794,204460.515991,95.686475,681.963701,-23.845851,674.140735,-144.361092,679.583006,59.951340,-0.007393,1,0
18.900000,-62.072583,203520.865612,177.764801,203884.871109,57.679448,204385.728101,95.860795,669.784700,-24.144264,678.685598,-144.383365,676.189207,59.939431,-0.002819,1,0
18.933000,-62.360909,204499.777242,177.618390,203864.498043,57.536916,204032.958580,95.705569,678.463400,-24.267955,677.024405,-144.519003,669.693562,59.942900,-0.005991,1,0
18.967000,-62.516643,203744.483004,177.514825,205032.042849,57.705814,205431.827331,95.578638,673.979980,-24.470634,678.568387,-144.640486,674.284867,59.941664,0.002641,1,0
19.000000,-62.408786,204105.481861,177.665676,205256.287144,57.692882,203792.131197,95.629142,682.542790,-24.346301,680.867311,-144.455725,678.120953,59.945499,-0.014018,1,0
19.033000,-62.280362,204731.715529,177.692016,203101.039431,57.829359,202982.570430,95.855243,675.736700,-24.204610,681.917251,-143.993431,671.268827,59.934962,-0.005649,1,0
19.067000,-62.414311,203721.951443,177.660670,204273.246817,57.682680,205509.350098,95.818020,671.920960,-24.511930,671.648112,-144.314197,679.128919,59.941550,0.003089,1,0
19.100000,-62.281125,202102.181103,177.590242,203744.540947,57.711307,204181.605636,95.396033,681.325957,-24.398483,669.590792,-144.138389,671.408357,59.935251,0.009823,1,0
19.133000,-62.218395,204737.448383,177.684702,204568.052469,57.685182,203701.801706,95.922966,675.480628,-24.318840,668.050846,-144.052266,676.961074,59.943003,0.008146,1,0
19.167000,-62.401411,202921.751072,177.822461,205812.001808,57.641023,204270.564471,95.595677,679.939897,-24.110275,685.499262,-144.329922,673.130501,59.941445,0.002331,1,0
19.200000,-62.293186,204298.690908,177.583955,204819.180017,57.529447,203229.509985,95.669335,673.101195,-24.280179,676.455229,-144.060999,674.032479,59.940672,0.003327,1,0
19.233000,-62.279600,203859.839952,177.815393,204798.667927,57.726465,205724.743813,95.526928,676.830210,-23.832269,673.577820,-144.242070,673.678729,59.941880,-0.009752,1,0
19.267000,-62.166075,205496.070460,177.654786,204973.875095,57.641882,206557.195277,95.648648,673.225102,-24.230916,673.811564,-144.185808,681.274287,59.938505,0.007382,1,0
19.300000,-62.257287,205296.247134,177.682025,204297.933976,57.657188,202858.256270,95.286868,674.446857,-24.190967,669.569501,-144.078316,675.109491,59.948774,0.004708,1,0
19.333000,-62.304462,203339.947585,177.534268,203215.413685,57.534982,204625.450427,96.142065,674.880369,-24.245107,672.878278,-144.135090,676.037784,59.939995,-0.014031,1,0
19.367000,-62.280791,204974.077935,177.570491,205023.957283,57.892929,202938.385960,95.851942,673.991025,-24.478080,668.325643,-144.139056,677.550989,59.944983,0.002779,1,0
19.400000,-62.567078,203990.740995,177.701472,203365.624930,57.675497,203401.323613,95.542428,672.090866,-24.575005,671.726277,-144.360367,671.838303,59.939359,0.000688,1,0
19.433000,-62.382903,203769.739253,177.717507,204774.806477,57.619402,204794.883749,95.472511,677.764108,-24.384724,675.990544,-144.242505,678.000911,59.943079,0.001316,1,0
19.467000,-62.354475,206405.460067,177.829734,203798.119842,57.590999,204349.033806,95.713986,674.097245,-23.815381,679.199543,-144.575159,681.971948,59.947050,0.007715,1,0
19.500000,-62.317011,204606.010116,177.659124,204379.302312,57.658461,204895.922316,95.768388,677.807944,-24.257885,671.938175,-144.611173,672.115554,59.946710,0.013595,1,0
19.533000,-62.439414,203254.594257,177.632665,203773.179128,57.560115,204218.563483,95.758309,681.929817,-24.653811,673.132194,-144.532236,681.317274,59.939527,-0.002196,1,0
19.567000,-62.420627,204574.906583,177.697547,203390.738293,57.552830,204080.381300,95.677486,680.308487,-24.265130,675.302679,-144.347795,678.810241,59.949731,-0.002953,1,0
19.600000,-62.297518,204175.419581,177.766247,204011.299520,57.664425,203843.389960,96.001129,676.835423,-24.476531,677.105855,-144.270129,673.762485,59.935151,-0.005035,1,0
19.633000,-62.457139,204646.973789,177.677399,204947.933781,57.591999,203515.493482,95.447096,677.589283,-24.453478,673.940527,-144.100145,687.965823,59.940450,0.001977,1,0
19.667000,-62.333804,203605.152557,177.706985,205469.632611,57.547163,203532.120608,95.579391,670.836086,-24.491291,671.952212,-144.692047,667.858849,59.947753,0.001767,1,0
19.700000,-62.460509,203838.275702,177.465626,203756.270645,57.515098,203649.716344,95.707344,664.296307,-24.813709,673.167911,-144.472474,672.034559,59.934419,0.014362,1,0
19.733000,-62.207067,203485.387194,177.737021,204487.185483,57.543035,204476.454656,95.562791,670.133541,-24.391064,670.192849,-144.331195,675.331829,59.937887,-0.005060,1,0
19.767000,-62.311295,203566.976142,177.616133,203311.784649,57.550606,205936.586092,95.599916,673.133461,-24.369486,668.727182,-144.405736,672.275273,59.946426,-0.004203,1,0
19.800000,-62.394723,204389.535396,177.485026,204315.612466,57.724759,204183.588035,95.526579,668.882627,-24.923955,670.186797,-144.325605,674.754251,59.940234,-0.007152,1,0
19.833000,-62.488919,204609.249283,177.663734,204714.270395,57.556028,204171.938040,95.738603,666.946614,-24.278257,672.565537,-144.391537,662.346883,59.946069,0.016468,1,0
19.867000,-62.507550,204919.592354,177.786377,204513.841075,57.508922,204253.981517,95.516963,665.848807,-24.181209,661.034471,-144.073482,668.863566,59.941501,-0.003152,1,0
19.900000,-62.513614,206893.990393,177.627975,203396.658576,57.715502,204062.475565,95.553599,666.668098,-24.380720,669.497624,-144.643047,671.660767,59.949191,0.010563,1,0
19.933000,-62.461915,202374.066570,177.600092,202615.643053,57.479839,203763.574870,95.613809,668.245277,-24.369301,665.848991,-144.462733,668.107512,59.938525,0.001703,1,0
19.967000,-62.237531,203657.015214,177.658575,204233.540427,57.593200,203054.315518,95.539315,671.263139,-24.328375,667.387787,-144.219956,666.511621,59.947261,0.003722,1,0
20.000000,-62.394775,203342.027316,177.624458,203204.075603,57.570531,204094.386553,95.760336,669.767338,-24.303445,662.101794,-144.320408,665.045612,59.938166,-0.006038,1,0
20.033000,-62.360944,204487.430265,177.667895,202234.262138,57.925753,204457.561582,95.420096,669.248951,-24.415828,672.203126,-143.898571,665.889956,59.945876,-0.008607,1,0
20.067000,-62.303140,202240.358844,177.690690,203520.483667,57.619823,203554.566826,95.849350,671.891230,-24.418509,670.040491,-144.333171,671.895895,59.939850,0.005964,1,0
20.100000,-62.278584,204279.831681,177.643474,204263.470479,57.706044,204191.945500,95.610183,665.807691,-24.373372,674.818468,-144.105583,670.841316,59.938579,-0.002049,1,0
20.133000,-62.350974,204172.572003,177.492734,204024.916229,57.720590,204054.098405,95.313310,664.683079,-24.523887,666.996407,-144.130388,664.858796,59.934160,-0.003322,1,0
20.167000,-62.440504,204767.260648,177.680029,203825.219005,57.872173,202805.239938,95.569473,660.513566,-23.990987,667.891390,-143.869149,664.703504,59.939578,0.003089,1,0
20.200000,-62.343224,204407.029605,177.689363,203109.558940,57.694396,204931.003913,95.714151,666.045695,-24.326703,673.109173,-144.234599,668.176588,59.938754,-0.007791,1,0
20.233000,-62.226911,204430.431272,177.847160,202791.787000,57.780183,203314.939906,95.706782,674.783780,-24.062227,674.559158,-144.346014,667.861060,59.931864,0.006467,1,0
20.267000,-62.175975,203606.003715,177.815612,203596.028169,57.856757,204307.497878,95.839522,668.876518,-24.453976,670.205065,-143.986891,670.755180,59.933078,0.001753,1,0
20.300000,-62.378910,202982.356344,177.776555,204990.802592,57.718300,203646.594823,95.528392,672.562454,-24.119460,669.341118,-143.980456,665.684292,59.938524,-0.005003,1,0
20.333000,-62.300417,205959.453911,177.687743,203523.710587,57.680522,205176.763824,95.842749,671.729833,-24.307454,669.096410,-144.288648,673.700169,59.933382,-0.002209,1,0
20.367000,-62.403797,205561.217174,177.599594,204566.096751,57.822183,205688.481234,95.739986,662.393581,-24.389213,679.461656,-144.367852,672.936772,59.939794,-0.005680,1,0
20.400000,-62.378973,204251.531033,177.645668,203680.876940,57.529848,204816.769758,95.355327,675.386124,-24.727296,671.858056,-144.349420,673.150037,59.935592,-0.007423,1,0
20.433000,-62.300363,205262.167443,177.752788,204074.016542,57.635962,204669.896086,95.968580,671.377307,-24.295527,663.543161,-144.365083,670.887565,59.935227,-0.003332,1,0
20.467000,-62.076412,203543.743085,177.742397,203997.297249,57.638729,204974.258480,95.752603,670.297365,-24.072916,663.974566,-144.435113,661.491796,59.932755,0.004660,1,0
20.500000,-62.215170,202325.092812,177.640432,203393.494614,57.801982,204036.291752,95.889015,672.985773,-23.924926,664.657388,-144.083929,670.456353,59.941460,-0.003365,1,0
20.533000,-62.084825,203934.160531,177.684595,205116.227715,57.675622,204702.917072,96.259540,667.814037,-24.214303,667.241203,-144.229033,664.524682,59.943804,-0.005660,1,0
20.567000,-62.191634,204480.991395,177.750749,204788.788378,57.594622,203326.102341,95.559157,666.398724,-24.313593,671.781999,-144.428302,664.239079,59.947721,-0.006895,1,0
20.600000,-62.021757,202986.853213,177.812709,203973.497505,57.749930,202955.272175,96.201062,674.673257,-24.573567,664.495263,-144.398001,671.877411,59.943576,0.013442,1,0
20.633000,-62.087926,201486.630589,177.838981,203665.251397,57.689774,202256.597916,95.868732,672.124028,-24.319579,669.123941,-144.307631,662.781934,59.935507,-0.000801,1,0
20.667000,-62.230135,206031.957221,177.794463,204823.982518,57.959514,204962.556610,95.912420,667.897883,-24.161817,668.700225,-144.296161,664.772055,59.936474,0.000548,1,0
20.700000,-62.086613,204459.377848,177.948987,204434.343522,57.784442,205769.188069,96.011815,661.032993,-24.071236,663.574852,-144.153291,667.009723,59.935195,-0.005018,1,0
20.733000,-62.017914,203073.839017,177.970205,205076.714540,57.836406,203601.428809,95.782702,664.957005,-23.752487,673.799854,-143.777888,671.376306,59.933136,-0.008205,1,0
20.767000,-62.251102,204611.388259,177.826096,205946.452190,57.855398,204677.451812,95.700638,664.361360,-24.158554,673.784228,-143.946521,664.324107,59.931524,0.008499,1,0
20.800000,-62.283905,204883.888108,177.916048,204106.244915,57.649524,204392.434097,95.782569,672.296110,-24.360842,666.266949,-144.654068,667.097442,59.944234,-0.002804,1,0
20.833000,-62.224589,205426.295949,177.853073,206595.731627,57.842532,203924.463643,95.523997,661.031784,-24.058871,669.623970,-144.186797,661.999455,59.932264,-0.004852,1,0
20.867000,-62.208731,204782.951292,177.823138,205868.012891,57.817139,202569.624684,95.503284,670.594192,-24.271643,664.530856,-143.658135,661.947593,59.936019,-0.009904,1,0
20.900000,-62.203640,203191.122516,177.670202,203669.829682,57.707813,204188.831724,96.188952,670.155862,-24.053495,665.613129,-144.298608,666.445922,59.930266,0.013601,1,0
20.933000,-62.190899,205174.286691,177.728105,204037.713532,57.901348,203807.475048,95.820269,666.769694,-24.388497,664.217108,-143.932417,662.314392,59.935657,0.009030,1,0
20.967000,-62.199438,203362.706656,177.745755,204781.993953,57.655466,205212.852507,95.612329,665.090201,-23.993918,666.512082,-144.378828,662.330417,59.931103,-0.016046,1,0
21.000000,-62.128314,203324.157710,177.937946,204418.203278,57.651645,204532.599416,96.056296,668.150493,-24.335736,667.305368,-144.649783,664.648821,59.934884,-0.009302,1,0
21.033000,-62.282350,202954.854957,177.695945,204242.447831,57.877196,202821.007566,95.601543,665.318286,-24.202672,666.310971,-143.985057,663.443687,59.943225,-0.008889,1,0
21.067000,-62.197314,205045.912339,177.864286,202325.789330,57.834275,204870.409633,95.995998,663.413186,-23.996679,663.445857,-143.912691,660.245460,59.935999,-0.012970,1,0
21.100000,-62.273069,204324.486102,177.678359,202387.683574,57.634143,203264.296715,95.453376,668.717806,-24.307021,659.484976,-144.109059,656.006062,59.948165,0.011650,1,0
21.133000,-62.079649,204307.162099,177.671887,204682.881270,57.768225,203741.008721,95.900556,665.421596,-24.276418,666.498219,-144.244879,658.132790,59.940955,0.001654,1,0
21.167000,-62.079050,203315.887355,177.742749,204443.711204,57.646275,204436.685466,96.025511,659.810316,-23.998585,661.445038,-144.373931,668.043592,59.938008,-0.017389,1,0
21.200000,-62.192837,204740.904279,177.904076,204231.731095,57.771132,205876.024743,95.803157,660.075752,-23.939887,666.504864,-144.370969,667.400421,59.940840,0.008833,1,0
21.233000,-62.071182,203215.076210,177.791027,202531.775308,57.722277,203653.894498,96.184626,658.246120,-24.159963,659.018050,-144.359434,656.559283,59.935949,-0.012161,1,0
21.267000,-62.264130,204662.230365,177.549470,205570.159950,57.828165,205234.371620,95.830038,662.819066,-24.651230,657.692116,-144.138708,658.515106,59.945591,-0.004959,1,0
21.300000,-62.204846,203002.810228,177.707712,205171.390813,57.749369,204969.531032,95.815514,655.896892,-24.213818,659.647960,-143.815753,661.488079,59.941158,-0.006562,1,0
21.333000,-62.297437,203846.736150,177.659931,203800.423062,57.899941,204803.292081,95.384165,659.905775,-24.466230,656.550349,-144.345017,658.701183,59.940014,-0.003764,1,0
21.367000,-62.295538,204415.058597,177.703106,203851.219044,57.933506,204738.453573,95.545728,657.955639,-24.189357,657.897049,-143.805540,655.402473,59.938068,-0.002459,1,0
21.400000,-62.276739,204254.078375,177.614252,203525.677167,57.567717,202874.941800,95.445558,653.108235,-24.390678,662.525524,-144.476044,658.926286,59.930269,-0.007282,1,0
21.433000,-62.540422,204763.580001,177.726601,201990.546554,57.710733,202898.037518,95.533755,657.676526,-24.020506,656.590326,-143.735940,653.657882,59.930724,-0.001228,1,0
21.467000,-62.382214,203371.445825,177.626871,202960.360299,57.470707,204986.519720,95.903116,660.419375,-24.325818,653.476448,-144.466230,654.134646,59.938800,0.010327,1,0
21.500000,-62.485556,205400.724934,177.616431,204540.386820,57.648276,203442.464113,95.417090,656.069672,-24.720072,654.462052,-144.405157,657.139450,59.942551,0.003961,1,0
21.533000,-62.397294,204527.753284,177.517478,205034.630614,57.855861,204718.713447,95.530226,660.128832,-24.348473,645.946912,-143.990711,651.922713,59.927208,0.003371,1,0
21.567000,-62.278829,205070.436630,177.612079,203945.396517,57.663343,203858.900638,95.609652,655.292833,-24.398991,650.914488,-144.420738,656.682160,59.937744,0.001750,1,0
21.600000,-62.221130,203883.468095,177.559857,203010.648279,57.549116,203930.448615,96.109401,665.283582,-24.515391,653.024451,-144.800949,652.718199,59.940213,-0.003130,1,0
21.633000,-62.450247,203589.740238,177.651451,203131.928909,57.584959,203449.399256,95.452236,653.499056,-24.590087,651.189477,-144.012048,657.585097,59.941962,-0.003596,1,0
21.667000,-62.377979,204784.546609,177.807202,205302.332453,57.767894,204885.386640,95.457449,649.583539,-24.161456,645.605827,-144.193380,648.206755,59.930911,0.002173,1,0
21.700000,-62.307506,204795.154278,177.713677,203133.019484,57.480147,203083.713098,95.421403,648.790291,-24.551807,654.081089,-144.774602,653.096212,59.940488,-0.003436,1,0
21.733000,-62.308096,203856.697940,177.660873,205295.703356,57.933830,203715.210472,95.554426,651.349931,-24.129761,650.778090,-143.840225,654.786288,59.943673,-0.002958,1,0
21.767000,-62.170085,205062.771915,177.546164,203729.932172,57.639399,203759.764692,95.738640,647.231093,-24.236582,652.352714,-144.163933,649.641179,59.939000,-0.005853,1,0
21.800000,-62.434089,204472.561271,177.815818,204389.325360,57.522206,205374.116002,95.856797,657.461885,-23.895335,651.057956,-144.472140,652.847068,59.945584,0.011978,1,0
21.833000,-62.373765,203846.732705,177.577088,205169.086998,57.570526,203665.447495,95.848129,655.273448,-24.369325,651.001138,-144.202087,650.639604,59.940999,0.002027,1,0
21.867000,-62.287562,204532.776278,177.632450,204331.021712,57.388151,204635.757924,95.614298,653.173775,-24.475761,654.961752,-144.663596,653.057026,59.945158,-0.006874,1,0
21.900000,-62.357588,202634.390650,177.652424,204039.227562,57.771012,205520.365168,95.786905,648.325441,-24.492023,654.296888,-144.349884,658.829361,59.942532,0.013290,1,0
21.933000,-62.468612,204627.773124,177.671596,203837.436630,57.613743,205127.591199,95.493712,651.910250,-24.288701,652.674298,-144.604887,655.332380,59.948306,0.017897,1,0
21.967000,-62.157994,204996.296781,177.734176,202936.525705,57.683540,204340.285420,95.956893,655.110393,-24.284435,653.427613,-144.343929,657.718348,59.944499,0.004363,1,0
22.000000,-62.464028,204341.692965,177.645135,204357.393743,57.796984,204717.232047,95.731102,650.480706,-24.725649,647.355406,-144.151905,652.685867,59.939560,0.009903,1,0
22.033000,-62.493803,203153.701697,177.599305,202935.417165,57.626725,203837.940906,95.651098,652.851536,-24.340584,645.903732,-144.472161,653.341402,59.946619,-0.000011,1,0
22.067000,-62.206632,203000.945013,177.610409,203049.216054,57.624618,203565.797335,95.708210,652.502318,-23.947562,654.484504,-144.203076,652.725965,59.936190,-0.009329,1,0
22.100000,-62.389815,204265.808977,177.849173,204195.903216,57.750589,203521.882433,95.375418,655.975773,-24.030839,649.323180,-144.321505,649.717718,59.938724,-0.010575,1,0
22.133000,-62.217853,204846.953824,177.721482,204928.203661,57.448400,202858.287445,95.808436,653.883780,-24.116183,643.088142,-144.322173,652.411891,59.939800,0.004933,1,0
22.167000,-62.348126,204105.938338,177.552573,203179.071948,57.649831,202829.313420,95.154117,651.210645,-24.621715,660.052967,-144.488895,654.563693,59.944165,-0.003997,1,0
22.200000,-62.324406,202788.972717,177.623987,203577.276109,57.742614,204538.830443,95.796602,654.133704,-24.494035,648.401713,-143.965555,643.546897,59.946955,0.008799,1,0
22.233000,-62.194848,204992.475148,177.770021,203107.164812,57.708507,205189.000311,95.814061,652.687521,-24.324026,653.553670,-143.984385,654.062615,59.954338,-0.006159,1,0
22.267000,-62.433552,204175.149977,177.548444,203624.783359,57.700253,204732.971675,95.611356,651.760785,-24.670690,649.792104,-144.396833,650.563884,59.943491,-0.002686,1,0
22.300000,-62.395258,204472.310156,177.755385,205077.728408,57.866308,202996.329225,95.635239,648.832218,-24.036061,666.339185,-144.013827,645.751708,59.951113,0.019101,1,0
22.333000,-62.134548,203000.576816,177.717721,202977.684744,57.705714,203268.942691,95.905944,652.198658,-24.204755,656.598584,-144.405485,655.039085,59.953123,0.001715,1,0
22.367000,-62.189802,204183.448405,177.786278,204371.431659,57.806163,203264.908350,95.822572,649.780455,-23.911569,652.167508,-144.171643,650.493756,59.944808,0.001618,1,0
22.400000,-62.122293,202931.298726,177.740312,204573.933434,57.863941,203649.387732,95.942015,647.729925,-24.311721,652.505283,-144.210876,653.359350,59.958171,-0.015977,1,0
22.433000,-62.287327,202614.228131,177.628833,204079.614720,57.716543,203863.802840,95.608747,659.024342,-24.586424,651.380383,-144.059657,643.017934,59.961002,-0.009526,1,0
22.467000,-62.281606,203665.844481,177.695610,204903.127118,57.578241,203328.205912,95.447287,654.668476,-23.988713,649.850785,-144.262776,650.224657,59.959097,-0.009559,1,0
22.500000,-62.292722,203048.337825,177.487591,203001.249580,57.776221,204314.174200,95.394804,654.343948,-24.154765,660.506088,-144.319434,653.754846,59.953631,-0.013970,1,0
22.533000,-62.338965,203070.977857,177.710263,202919.225514,57.476477,202707.163650,95.616156,656.204636,-24.294426,655.060612,-144.842553,653.468398,59.949146,0.005084,1,0
22.567000,-62.306675,202770.625954,177.657879,203385.082160,57.768090,203206.374629,95.687936,655.524476,-24.317245,653.898321,-144.052465,652.864939,59.944254,0.020857,1,0
22.600000,-62.209321,202447.277134,177.526174,205115.164839,57.730556,203774.271390,95.778168,654.797147,-24.437018,659.679870,-144.116999,661.939827,59.956114,-0.000975,1,0
22.633000,-62.190341,203886.996795,177.654657,202973.801356,57.754022,202430.083500,95.710335,657.189422,-24.349667,653.114887,-144.483536,655.247909,59.949432,0.002595,1,0
22.667000,-62.250882,203702.544479,177.709280,203741.428886,57.662791,203191.709104,96.019186,652.276460,-24.121154,655.429176,-144.128663,660.915994,59.952430,-0.006251,1,0
22.700000,-62.142088,201991.277720,177.848250,203172.720338,57.913353,202483.640722,95.975754,660.129464,-24.073212,652.774711,-144.148205,657.278063,59.953683,0.001292,1,0
22.733000,-62.291217,200705.513253,177.754159,203331.850202,57.685748,204759.015073,95.728267,652.279286,-24.334868,655.237871,-144.484060,657.483968,59.953161,-0.000058,1,0
22.767000,-62.236313,203080.990481,177.774591,203454.279218,57.795611,202626.424644,95.704135,658.243543,-24.245585,661.209424,-144.147357,664.354545,59.962084,-0.000034,1,0
22.800000,-62.206585,202140.908373,177.749355,202205.258996,57.786721,202199.069033,96.018398,660.897252,-24.165994,652.015784,-143.964120,651.496404,59.956133,0.003806,1,0
22.833000,-62.187524,203172.162659,177.809379,205552.326054,57.777398,202895.151004,95.985859,658.799497,-23.961960,651.018893,-144.431039,653.107593,59.951743,-0.007153,1,0
22.867000,-62.161264,202380.995831,177.809436,203442.911115,57.828087,203609.137116,95.704401,664.925691,-24.488348,670.640214,-144.364366,665.778730,59.955725,0.001032,1,0
22.900000,-62.503534,201363.648886,177.776475,203659.096554,57.545341,203338.790060,95.696811,655.964599,-24.200196,661.964350,-144.344307,656.533342,59.962196,0.003691,1,0
22.933000,-62.294900,202697.000617,177.658748,203039.218492,57.704255,203183.866572,95.548621,655.087250,-24.424035,659.718770,-144.419178,663.811735,59.952997,0.004742,1,0
22.967000,-62.123291,204148.563174,177.661631,202985.655882,57.691730,202606.144992,95.801023,653.485582,-24.380359,655.146765,-144.054081,660.060555,59.957158,0.001877,1,0
23.000000,-62.317778,202713.996362,177.792237,204348.108705,57.766870,202134.233588,95.666815,654.239807,-24.312925,661.591339,-144.344490,654.220114,59.956383,-0.011598,1,0
23.033000,-62.303784,202278.497144,177.759475,203179.169436,57.689685,202871.473362,95.683244,646.601810,-24.132821,658.612679,-144.557045,655.185949,59.957036,0.010698,1,0
23.067000,-62.446513,201480.738974,177.795719,202374.544993,57.786046,201686.165774,95.253447,655.586916,-24.063597,657.367799,-144.318303,656.271760,59.957215,0.006552,1,0
23.100000,-62.019542,204214.392687,177.652234,204088.699819,57.587923,202284.873804,96.135843,651.915424,-24.333931,655.849226,-144.337632,650.754070,59.954569,-0.007326,1,0
23.133000,-62.137271,203066.781346,177.874686,204572.984286,57.888261,203233.306144,95.922966,654.366007,-24.278050,650.548707,-143.648210,657.343382,59.959332,-0.000603,1,0
23.167000,-62.350754,202319.638059,177.782401,201577.322231,57.624857,203380.979703,95.854991,662.289819,-24.189465,658.083337,-144.651146,660.371521,59.958038,-0.009118,1,0
23.200000,-62.464425,202786.895539,177.693043,202841.088753,57.689689,203150.534766,95.616008,660.728550,-24.245862,657.953629,-144.287500,656.540704,59.954718,0.004997,1,0
23.233000,-62.291582,203029.296562,177.750439,202199.893249,57.789229,201393.111287,95.974458,658.765426,-24.215046,662.565728,-144.187823,663.390312,59.961399,-0.012226,1,0
23.267000,-62.351007,202644.442970,177.685810,202828.828732,57.567203,201698.558237,95.195870,655.308989,-24.202267,657.382779,-144.107551,659.327363,59.963035,-0.000644,1,0
23.300000,-62.328220,202378.537060,177.715710,202205.834444,57.649412,202826.789081,95.488969,669.999805,-24.376725,661.130469,-144.275954,669.963274,59.965147,0.004113,1,0
23.333000,-62.124629,202711.650370,177.642565,203051.385462,57.594265,201323.857221,95.668755,665.456803,-24.581520,663.942224,-144.076811,665.050068,59.961939,0.010758,1,0
23.367000,-62.428300,201705.464755,177.849430,202731.535051,57.887175,201990.793290,95.471300,666.387290,-24.168175,667.988146,-143.982468,663.724331,59.962600,0.006584,1,0
23.400000,-62.224588,202420.444422,177.577941,202976.694979,57.686456,202640.515719,95.786502,667.215576,-24.727005,669.969293,-144.816207,661.973941,59.960126,-0.001612,1,0
23.433000,-62.273874,203722.154324,177.843374,201203.969050,57.867444,203844.648604,95.374998,664.053776,-23.966316,659.266954,-144.359512,652.833281,59.959333,0.005443,1,0
23.467000,-62.219795,201777.143138,177.678258,203165.588557,57.632906,204238.083586,95.962220,657.551241,-24.037806,660.243179,-144.523596,662.267981,59.963617,0.001433,1,0
23.500000,-62.153937,202633.052368,177.759179,202351.458839,57.887455,200791.939037,96.110931,659.485115,-24.155097,659.759560,-144.105748,659.297858,59.964701,-0.000150,1,0
23.533000,-62.363704,202101.179377,177.814086,202372.046515,57.763236,202259.366666,95.554654,662.402985,-24.092760,663.409135,-144.321150,664.571931,59.964629,-0.007690,1,0
23.567000,-62.388759,203654.886941,177.700754,204054.729653,57.553398,203094.755971,95.457900,667.016803,-24.230555,660.266419,-144.416833,659.098442,59.960658,-0.003443,1,0
23.600000,-62.233830,203208.960958,177.609745,202874.884972,57.778929,202760.249244,95.796323,667.990960,-24.552778,666.207717,-144.044273,664.912838,59.958558,-0.005735,1,0
23.633000,-62.284904,202699.935401,177.747424,203834.898376,57.802344,204456.647092,95.784556,667.365283,-24.245326,662.762189,-144.235865,663.552895,59.960608,-0.000348,1,0
23.667000,-62.395494,201571.520517,177.598577,201816.355260,57.653353,202096.101490,95.497795,663.222750,-24.344983,657.265570,-144.478364,667.435798,59.954259,0.006596,1,0
23.700000,-62.299495,202281.544528,177.628546,203752.487521,57.573463,202502.945473,95.968521,665.747000,-24.115520,667.040309,-144.504355,665.684630,59.958025,-0.005032,1,0
23.733000,-62.493146,203816.080276,177.922869,202826.421254,57.667171,203141.569469,95.524330,666.909417,-24.164302,666.779533,-144.741451,667.773065,59.966012,0.002451,1,0
23.767000,-62.481853,201726.929041,177.574592,202904.900022,57.578173,202726.735273,95.463423,666.305747,-24.364425,666.380412,-144.244166,664.522645,59.958170,0.003592,1,0
23.800000,-62.292730,202953.851010,177.709111,203047.089122,57.642053,203629.428601,95.856702,676.622806,-24.284073,674.492407,-144.214198,661.404198,59.952391,-0.000514,1,0
23.833000,-62.297895,204284.929536,177.705196,202893.487378,57.836213,203175.419881,95.479058,664.180860,-24.195861,666.119960,-144.181943,669.861428,59.958775,0.012733,1,0
23.867000,-62.263040,202240.013881,177.734744,204850.839124,57.726772,204595.300894,95.518163,664.692764,-24.358371,655.624192,-144.332697,661.562371,59.963148,0.010815,1,0
23.900000,-62.202781,204233.222005,177.570994,204242.676829,57.773635,202922.406018,95.833843,666.255062,-24.766716,672.448785,-143.974923,670.748658,59.960291,-0.008527,1,0
23.933000,-62.156110,203149.706523,177.742105,202554.314568,57.667607,203968.073893,95.522092,669.678920,-24.315127,668.621362,-144.389623,664.417206,59.953517,-0.007716,1,0
23.967000,-62.293205,204045.340442,177.863088,206413.927570,57.791147,203768.989312,95.606492,669.938756,-23.840428,658.843009,-143.858447,665.630652,59.963190,0.007050,1,0
24.000000,-62.177204,202792.546751,177.647470,204420.381679,57.537926,205109.542048,96.136080,672.895302,-24.143988,667.722410,-144.813790,672.054749,59.958042,0.001846,1,0
24.033000,-62.371953,204015.563502,177.654527,206069.063032,57.591620,204790.457263,95.330527,673.274850,-24.187319,662.975825,-144.107734,664.534146,59.960513,0.009662,1,0
24.067000,-62.309606,204915.247050,177.743537,201560.791275,57.542341,204178.160624,95.607205,668.361693,-24.336327,670.464274,-144.784293,660.583469,59.957477,0.006556,1,0
24.100000,-62.311581,204036.610211,177.628839,203205.257990,57.782033,203600.231314,95.809393,662.745080,-24.381584,663.249406,-144.293230,666.969323,59.957744,-0.012992,1,0
24.133000,-62.251674,202763.149319,177.437804,205484.330676,57.747388,204213.896878,95.878494,671.126607,-24.260875,666.330684,-144.089682,663.736517,59.956158,0.004432,1,0
24.167000,-62.307605,204144.561566,177.678953,204117.046943,57.735094,203700.659135,95.686880,664.946973,-24.278963,667.449587,-144.414296,672.685677,59.960767,0.012442,1,0
24.200000,-62.375969,204747.121169,177.628706,206794.657506,57.693249,205444.921899,95.608137,666.523665,-24.099051,669.097468,-144.405864,669.219443,59.967101,-0.011717,1,0
24.233000,-62.424519,203977.640799,177.517091,204929.469461,57.674586,205326.832919,95.618306,663.235715,-24.695381,664.931317,-144.002338,670.490774,59.965006,0.002578,1,0
24.267000,-62.589285,204199.546461,177.706164,205384.321610,57.656730,205470.906013,95.556909,670.911918,-24.432229,662.579763,-144.379900,670.300806,59.965286,-0.007057,1,0
24.300000,-62.382933,204075.995491,177.600670,204207.389912,57.555045,203713.934535,95.514224,669.542380,-24.280929,668.084623,-144.518035,668.605130,59.962782,-0.004761,1,0
24.333000,-62.215665,204355.552945,177.538604,203466.683316,57.730666,204700.465661,96.031807,671.721614,-24.984395,666.411973,-144.024834,663.713041,59.959425,-0.000322,1,0
24.367000,-62.309932,205202.536845,177.722098,205381.654067,57.723936,204965.476939,95.415336,666.139141,-24.162004,669.919288,-144.068463,669.377263,59.969964,0.003435,1,0
24.400000,-62.209438,204252.004837,177.863517,205299.307305,57.608958,204120.841802,95.781389,666.914424,-24.409234,662.686016,-144.691147,663.286717,59.957236,-0.001991,1,0
24.433000,-62.324954,205040.540516,177.657117,205750.595601,57.592548,205234.561542,95.687884,658.284842,-24.299250,660.194058,-144.681008,670.004318,59.964384,0.004282,1,0
24.467000,-62.281216,204054.680088,177.840675,205393.826958,57.589755,204859.913509,95.597681,670.391814,-24.132356,670.416128,-144.835621,668.687871,59.958269,0.006490,1,0
24.500000,-62.143323,205872.570341,177.715035,203154.664285,57.655570,204626.937158,95.900675,662.471684,-24.588246,668.138557,-144.111200,669.350112,59.963546,-0.006100,1,0
24.533000,-62.301310,203461.405139,177.501080,204119.812225,57.729777,203961.264194,95.178300,668.007160,-24.333814,662.737747,-144.364208,664.933683,59.959860,-0.007771,1,0
24.567000,-62.344886,203540.993282,177.541509,204152.171597,57.728211,204816.480300,95.470333,670.519476,-24.263848,667.225123,-144.156930,670.732289,59.963913,-0.007993,1,0
24.600000,-62.245418,205408.630107,177.643470,205569.047600,57.902053,203145.682727,95.843169,665.318012,-24.403582,664.490532,-144.227142,663.599700,59.971974,-0.003551,1,0
24.633000,-62.269715,205025.829747,177.703762,203017.372218,57.843646,202913.336636,95.842101,667.966868,-24.320294,665.790113,-143.990285,674.430052,59.966183,0.012977,1,0
24.667000,-62.206133,206335.138823,177.618836,203867.445171,57.754008,204513.137331,95.734352,667.580696,-24.288217,666.939699,-144.172357,662.190375,59.966999,-0.009233,1,0
24.700000,-62.012962,204054.276875,177.826823,206421.049236,57.907714,204661.362457,96.397160,672.306942,-24.216269,665.288904,-144.262971,669.888277,59.965222,0.006976,1,0
24.733000,-62.230964,204675.236349,177.701105,204958.090082,57.684132,205320.402514,95.577033,671.367529,-24.568393,674.150921,-144.465683,676.074606,59.965797,-0.009601,1,0
24.767000,-62.246463,204174.597724,177.627729,205839.299587,57.726023,203012.787904,95.799826,669.920517,-24.614821,668.726397,-144.512687,664.835056,59.961948,0.006190,1,0
24.800000,-62.303616,205429.311782,177.850356,204726.435269,58.027204,204839.489598,95.849336,671.305688,-24.006771,668.694615,-143.627312,672.125716,59.962545,0.002170,1,0
24.833000,-62.059694,203405.805314,177.654259,204786.402865,57.916372,204596.705447,95.708193,674.466078,-24.474032,675.204924,-143.831984,670.481213,59.961821,-0.007379,1,0
24.867000,-62.355684,203893.211189,177.717371,204267.525331,57.895949,203350.154888,95.876360,670.419714,-24.352262,669.472878,-143.745084,667.806238,59.962326,-0.003925,1,0
24.900000,-62.229081,203394.069175,177.742494,204202.375120,57.721003,205596.152087,95.767641,671.571512,-23.826152,667.321707,-144.243270,667.696950,59.962558,-0.003901,1,0
24.933000,-62.208578,204133.103860,177.815854,206138.126622,57.789189,205167.313896,95.950318,666.820149,-24.468030,664.908207,-144.041934,670.975468,59.962812,-0.003289,1,0
24.967000,-62.099166,204469.513068,177.768534,204080.308095,57.834665,203254.505050,96.139733,671.792832,-24.159196,671.695103,-144.071466,668.430218,59.960229,-0.002534,1,0
25.000000,-62.365882,206000.432561,177.666874,203982.352387,57.760067,203560.946278,96.148038,673.894037,-24.417339,665.526231,-144.232003,672.726297,59.965739,0.007028,1,0
25.033000,-62.173123,204464.320544,177.674735,204338.284110,57.927512,205510.911909,95.902653,671.078661,-24.125835,671.405050,-144.064372,667.884851,59.961896,-0.002541,1,0
25.067000,-62.241891,203752.450588,177.726467,203150.263067,57.772946,203714.582559,95.872956,667.605421,-24.458210,667.048415,-143.949026,670.394705,59.967958,-0.013585,1,0
25.100000,-62.298070,203327.088877,177.750661,204555.719021,57.852127,203950.632812,95.794377,669.026855,-24.429457,670.073101,-143.966212,669.695932,59.969138,0.007594,1,0
25.133000,-62.120503,202484.340759,177.859307,205179.775063,57.909947,202725.082678,96.142071,665.271578,-24.058809,664.250655,-144.217011,668.191967,59.962745,-0.006009,1,0
25.167000,-62.088900,204838.365743,177.597690,204724.806589,57.664899,203097.833081,96.122734,666.745234,-24.742306,666.886339,-144.374349,666.299138,59.973084,-0.007703,1,0
25.200000,-62.129904,203896.909494,177.906307,204764.680072,57.688096,204653.242368,95.730589,666.790543,-24.074004,667.934343,-144.294857,664.400372,59.959381,-0.009441,1,0
25.233000,-62.177279,204138.601320,177.622928,205068.057404,57.889482,204946.043366,96.010781,659.715712,-24.487570,660.153644,-144.109190,662.131286,59.963135,0.000868,1,0
25.267000,-62.184438,202575.357397,177.764768,203770.835504,57.775246,204801.001794,95.915268,667.095129,-24.281912,667.875860,-144.329390,661.202663,59.965522,0.000442,1,0
25.300000,-62.209375,204715.316965,177.834922,203217.142592,58.036871,204084.355761,95.761813,668.660332,-24.398927,667.868298,-143.948132,663.972324,59.974148,0.007308,1,0
25.333000,-62.024976,204586.845862,177.800975,202735.298840,57.889633,204441.960425,95.855898,663.406367,-24.256955,661.491680,-144.326196,665.616861,59.956861,-0.003199,1,0
25.367000,-62.240313,203918.691696,177.728129,203472.638704,57.810473,203267.399418,95.876613,667.786537,-24.201775,663.680739,-144.219424,665.095968,59.963878,-0.009904,1,0
25.400000,-62.226993,203815.242072,177.820416,204437.650401,57.677209,204740.045041,95.805610,670.245691,-24.064587,669.666584,-144.581170,674.394284,59.962869,0.005973,1,0
25.433000,-62.104757,204345.977425,177.874145,206309.084733,57.695779,203859.916425,95.980795,666.705522,-24.209731,661.119924,-144.176498,662.988530,59.967031,0.007823,1,0
25.467000,-62.283463,204574.535138,177.793615,203592.563109,57.868497,201920.263639,95.743080,673.865967,-24.329755,662.634907,-144.227012,668.541317,59.972535,0.000703,1,0
25.500000,-62.192877,204055.195256,177.968407,204911.565954,57.867895,203760.927478,96.075930,665.672766,-24.026339,665.519331,-144.383682,664.599746,59.965403,0.002374,1,0
25.533000,-62.158882,202843.175177,177.785309,203491.486450,57.854253,203497.410299,95.855753,665.016666,-24.377434,667.899783,-144.509160,665.135184,59.970147,-0.002742,1,0
25.567000,-62.149170,204492.868274,177.863314,203084.009479,57.881994,204043.646019,95.820604,667.025309,-24.010143,665.523779,-144.068015,665.279983,59.968179,0.000524,1,0
25.600000,-62.246842,202791.817375,177.897090,204411.040412,57.883064,203975.078962,95.910852,665.203816,-24.154569,664.110654,-144.140477,666.843513,59.963037,-0.000444,1,0
25.633000,-62.140214,204955.694022,177.879501,203628.332559,57.785330,203412.934510,96.065276,661.437750,-24.283647,661.011933,-144.235983,660.911183,59.963644,-0.003557,1,0
25.667000,-62.153198,205070.458825,177.782483,204722.773758,57.895309,204107.443167,95.833318,661.756996,-24.293413,664.317193,-144.303733,653.214004,59.967983,-0.001267,1,0
25.700000,-62.150350,205395.795441,177.977536,203285.464401,57.862790,205505.306946,95.585397,661.847351,-23.951845,658.481137,-144.235209,655.675432,59.971613,-0.004436,1,0
25.733000,-62.183816,204406.640326,177.857902,204618.837897,57.942551,204075.252798,96.049512,661.937049,-24.223529,654.419829,-144.012772,653.362212,59.959956,-0.002383,1,0
25.767000,-62.067264,203351.401095,177.990637,205709.929133,57.935829,202584.451523,96.006679,654.819895,-24.219202,650.588774,-143.931435,665.002590,59.955072,0.000875,1,0
25.800000,-62.238103,203509.643439,177.793190,204381.723572,58.015727,204175.319161,95.742207,657.047390,-24.148576,662.002957,-144.088593,660.319898,59.957256,-0.010069,1,0
25.833000,-62.153056,203960.681774,177.865970,203960.812374,57.896551,203576.494001,95.774351,658.925348,-24.138920,656.257444,-143.863490,654.766189,59.952886,0.001656,1,0
25.867000,-62.083868,203700.638633,177.726534,205385.483940,57.812098,203624.158400,95.769606,663.396310,-24.454796,654.257352,-144.199381,662.046707,59.962463,-0.010749,1,0
25.900000,-62.136841,202721.185904,178.003632,202851.018948,57.771801,203575.958044,95.903149,660.220553,-24.074803,663.130385,-144.070635,659.135393,59.957074,-0.000172,1,0
25.933000,-62.010497,202338.742082,177.882403,204267.622830,57.978824,203527.899658,95.690397,656.145735,-24.132170,650.773510,-144.339444,646.270692,59.965095,-0.019696,1,0
25.967000,-62.307752,203483.806702,177.937057,203128.256184,57.783299,203409.395855,95.556630,659.346039,-23.899709,658.159749,-143.954920,656.690194,59.953246,0.013604,1,0
26.000000,-62.118752,202811.561586,177.987494,204534.641836,58.088290,203797.739208,95.815588,660.601390,-24.093211,659.389194,-143.768639,661.621482,59.962621,-0.006371,1,0
26.033000,-62.046040,203130.000515,177.935544,202700.066150,58.049616,203156.857463,95.832400,658.017403,-23.957726,655.714834,-143.904409,661.016390,59.960227,0.010230,1,0
26.067000,-62.138785,204141.230110,177.773290,202837.593333,57.978663,202800.700553,95.909954,650.743428,-24.478798,650.803971,-144.037795,662.919178,59.964054,0.002456,1,0
26.100000,-62.042250,204118.798352,178.064690,202691.019126,58.028189,205150.815134,96.119700,654.197976,-23.872056,665.790495,-143.721575,657.396010,59.958029,0.000650,1,0
26.133000,-62.048814,202935.937091,177.975908,202938.695962,57.761909,203294.829496,95.990077,655.338808,-24.258319,654.714774,-144.308360,654.756341,59.958855,-0.004288,1,0
26.167000,-61.977747,203776.976853,178.064528,202099.765224,57.916813,205280.696435,95.825210,660.112304,-24.108212,659.484028,-144.307270,657.224057,59.952480,-0.002907,1,0
26.200000,-62.098121,203263.072968,177.848189,202553.619463,57.974403,204101.410410,95.948944,657.551243,-24.068693,666.060090,-143.910274,661.761955,59.958841,0.017319,1,0
26.233000,-62.072536,205391.969867,178.052428,203988.574709,58.050940,203939.001682,96.056304,663.912072,-24.049531,665.370130,-143.856500,659.008674,59.949401,-0.018679,1,0
26.267000,-62.146511,202270.818156,178.110055,203635.186044,57.829883,202101.746806,95.652157,662.527521,-24.143249,659.538943,-144.432707,660.706679,59.955852,0.002153,1,0
26.300000,-62.140824,204436.474026,177.877427,203152.106258,57.883713,204136.252924,95.665572,666.038569,-23.805033,662.818988,-144.259039,672.863180,59.959173,-0.009039,1,0
26.333000,-62.193030,204676.829839,177.826416,204062.414198,57.913004,202456.738791,96.080754,674.230141,-23.891100,667.937766,-143.892247,667.448909,59.952647,0.000340,1,0
26.367000,-62.196534,201730.728190,177.875986,203193.270438,57.955858,204150.978603,95.887362,668.239463,-24.287096,667.233818,-144.397282,667.059532,59.966496,0.006484,1,0
26.400000,-62.388621,203505.988660,177.817391,204612.987774,57.901223,203202.052686,95.894487,670.027573,-24.210621,669.587453,-144.038363,667.861051,59.949180,-0.008010,1,0
26.433000,-62.241917,204021.934642,177.749189,204096.984792,57.864639,204006.571497,95.769967,668.494634,-24.120671,661.721505,-143.822527,668.134744,59.956475,0.006480,1,0
26.467000,-62.182822,205141.654756,177.759655,204053.023365,57.784710,204419.293636,95.645531,672.470944,-24.427677,669.664585,-144.323976,665.083061,59.951843,0.014045,1,0
26.500000,-62.235496,202631.373272,177.912445,203861.313870,57.819186,205405.967809,95.710375,672.620270,-24.430224,672.249466,-144.277976,665.333610,59.953886,0.008251,1,0
26.533000,-62.178557,202794.530111,177.805675,204921.071104,57.902825,203135.161852,95.917658,668.633611,-23.808247,672.997217,-143.835206,668.142823,59.948829,-0.002939,1,0
26.567000,-62.110488,202941.758162,177.836812,203864.450111,57.940852,204569.385350,95.894999,667.373481,-23.808210,666.344688,-144.023877,663.666023,59.960409,-0.001621,1,0
26.600000,-62.031834,203847.782727,177.876186,203197.592693,57.932892,202953.924541,96.019698,661.268920,-23.958334,658.483395,-144.014771,669.079445,59.956435,0.005659,1,0
26.633000,-62.234063,205636.369726,177.851466,202463.774720,57.868330,203610.007984,95.891224,669.593217,-24.437231,667.730542,-143.792925,670.669162,59.960031,-0.008165,1,0
26.667000,-62.034685,202849.155366,177.939228,204643.350629,57.857700,204316.872691,95.903272,676.393889,-24.031304,674.563602,-143.859441,665.956596,59.959060,0.005344,1,0
26.700000,-62.128975,203556.527067,177.724739,202254.661601,57.823837,203406.383173,96.086335,678.275061,-24.088515,679.174296,-144.008140,677.868787,59.966509,0.004657,1,0
26.733000,-62.158595,205204.785229,177.760926,203251.833573,57.624701,202408.395246,96.013583,674.433572,-24.392007,675.608299,-144.396302,678.156159,59.954751,-0.013317,1,0
26.767000,-62.197307,203466.664312,178.056516,204782.628386,57.835639,202966.911071,95.555517,671.139251,-24.072252,672.518211,-144.164003,675.999727,59.957216,0.001318,1,0
26.800000,-62.036911,203238.631997,178.097090,204520.213977,58.061073,203350.690282,95.981282,676.211046,-23.632130,678.948337,-143.589433,677.163734,59.955748,0.008156,1,0
26.833000,-62.127637,201790.621154,177.814075,203850.513570,57.823681,201898.728206,95.646569,675.509768,-23.842165,674.632119,-144.229283,673.247199,59.957130,-0.000476,1,0
26.867000,-62.138074,203485.089894,178.040910,203006.485712,57.700892,201712.670181,96.007386,676.106726,-23.946850,671.411754,-144.241189,680.138677,59.952690,0.005495,1,0
26.900000,-62.232854,201503.451572,177.907128,201772.944722,57.823271,203264.523201,95.693637,671.514379,-24.265522,678.106603,-143.869458,675.833008,59.956939,-0.013334,1,0
26.933000,-62.190667,204461.341582,177.936948,201460.619564,57.809312,203704.419571,95.878404,675.182149,-23.880671,678.300961,-144.178977,671.139184,59.957673,0.005115,1,0
26.967000,-62.006209,202904.715914,177.993770,204502.183867,57.798709,203001.108710,95.764989,678.650794,-23.862605,680.790357,-143.935023,672.386786,59.953627,-0.004729,1,0
27.000000,-62.276425,203986.001742,177.907312,202627.259854,58.038053,199970.729512,95.726274,678.364997,-23.763329,675.816932,-144.085792,675.240090,59.956141,0.007062,1,0
27.033000,-62.207915,202215.590352,177.857350,202180.250787,57.912368,202696.033792,95.840273,676.768733,-24.001829,673.889472,-144.041610,674.828153,59.956119,-0.001514,1,0
27.067000,-61.965511,202797.774362,177.838593,204359.483725,57.856936,203346.679640,96.181936,678.962216,-24.247016,677.994800,-143.784007,672.670447,59.960717,0.002170,1,0
27.100000,-62.304997,203753.884896,177.698315,205430.633739,57.703675,202413.052617,95.865334,672.639326,-24.454518,675.893794,-144.238817,668.168982,59.958367,-0.010822,1,0
27.133000,-62.054591,203965.347887,177.853619,203069.599385,57.866657,203064.409179,95.925888,677.301557,-24.027123,673.459592,-144.427646,677.664086,59.948513,-0.013786,1,0
27.167000,-62.150343,204291.188211,177.888047,203145.189041,57.917907,202736.248932,95.796503,675.145619,-24.073232,673.297719,-144.136816,671.737153,59.960578,0.001200,1,0
27.200000,-62.196123,204733.533216,177.762168,203303.403173,57.918321,203276.364321,95.670808,677.909196,-24.051287,680.162008,-144.233911,672.994473,59.949962,-0.000939,1,0
27.233000,-61.998163,202484.879931,178.098628,204551.574453,57.792349,204165.670299,96.440183,674.232437,-23.434788,674.852274,-144.096567,670.734066,59.948301,0.012113,1,0
27.267000,-62.203331,203948.946639,177.784954,201772.044000,57.918013,202701.473766,96.073722,678.004935,-24.426774,681.474168,-144.121187,677.634601,59.950137,0.006697,1,0
27.300000,-62.210630,203799.577576,177.823981,203784.469954,57.961322,202526.744351,95.698591,676.582468,-24.070940,674.105370,-143.927663,675.977301,59.956293,0.008655,1,0
27.333000,-62.137225,205383.882407,177.723088,202599.068729,57.732544,204036.210088,95.859520,674.878330,-24.163665,673.330239,-144.244772,674.319224,59.946738,0.010579,1,0
27.367000,-62.198504,202576.027889,177.752250,203270.206340,57.770052,203948.389233,95.917946,667.941590,-24.272553,677.641937,-143.698049,667.912604,59.957781,0.010820,1,0
27.400000,-62.215444,203431.377456,178.001429,202898.615109,57.986979,204006.665117,95.610324,676.353517,-23.793007,677.868064,-144.076593,674.558719,59.955205,-0.005857,1,0
27.433000,-62.070115,204016.556879,177.705226,202841.438782,57.836596,203252.703686,95.893881,675.357866,-24.354338,679.292760,-144.193690,672.480090,59.960541,-0.003670,1,0
27.467000,-62.153948,203732.576393,177.925408,200950.855574,57.944542,201478.058692,95.640205,671.391729,-24.400124,678.424712,-143.875869,678.952099,59.960038,-0.003050,1,0
27.500000,-62.219182,202154.237825,177.824226,202523.351430,57.700031,203312.292689,95.788326,677.080118,-24.315295,675.512501,-144.094076,674.916878,59.961952,-0.003588,1,0
27.533000,-62.354296,204308.905706,177.859068,204592.432167,57.731764,202841.037672,95.665731,680.914938,-24.043768,684.067150,-144.238513,676.431860,59.955818,-0.001261,1,0
27.567000,-62.309428,203560.997356,177.915657,202540.029950,57.942061,202686.824785,95.458644,678.478374,-24.041950,677.821842,-144.094017,687.091198,59.955698,-0.007152,1,0
27.600000,-62.145440,203495.941594,177.683489,202870.187824,57.899671,203445.574686,95.922229,675.526254,-24.406648,680.346201,-144.211256,678.970823,59.956962,-0.002017,1,0
27.633000,-62.119862,202418.314414,177.756556,204237.106534,57.779665,202605.592830,95.827939,686.692036,-24.424278,684.674679,-144.559779,687.816972,59.961475,-0.000889,1,0
27.667000,-61.953135,203310.450749,177.880502,202306.565801,57.838386,203109.907998,96.172038,680.868983,-24.230588,683.437689,-144.244300,679.786226,59.955263,-0.001701,1,0
27.700000,-62.161549,203561.195904,177.888211,203804.297395,57.802523,202811.308166,95.771891,677.295444,-24.167736,689.181735,-144.627036,681.510658,59.958792,0.013717,1,0
27.733000,-62.019099,205062.941930,178.105551,201218.491047,57.792504,205088.582252,95.772648,676.265048,-23.747004,678.459500,-144.064575,678.616690,59.957916,0.004181,1,0
27.767000,-62.199268,204125.393953,177.705513,203999.472928,57.716499,204026.567100,95.859274,678.464642,-24.374188,676.077496,-144.495271,682.211514,59.960372,-0.007487,1,0
27.800000,-62.261408,204460.959670,177.991066,204979.801351,57.786037,203321.642151,95.701177,685.164359,-24.211085,682.573168,-144.229326,687.191840,59.955055,0.005176,1,0
27.833000,-62.192653,205528.015697,177.784666,203547.369629,57.767396,205132.916312,95.820282,676.659207,-24.113032,682.621392,-144.187955,678.757100,59.956514,-0.004578,1,0
27.867000,-62.006455,204438.313687,177.773039,203387.058113,58.025651,205096.636900,95.684034,684.454360,-24.297953,682.978860,-144.184893,680.838153,59.957662,0.007386,1,0
27.900000,-62.195986,204061.943355,177.782505,204344.768878,57.658545,204430.257881,95.565838,683.962343,-24.003092,679.685979,-144.456067,681.623616,59.954970,-0.003379,1,0
27.933000,-62.225363,202448.755258,177.877441,204547.479903,57.816956,203567.986396,95.784694,678.609853,-24.351397,685.903618,-143.999612,686.184585,59.949522,0.000180,1,0
27.967000,-61.961796,203894.845727,177.839587,204892.423761,57.783153,202948.109548,95.988823,684.985726,-24.149781,681.512085,-144.126190,682.526024,59.956945,-0.003145,1,0
28.000000,-62.193879,204893.356106,177.698231,203910.294070,57.646988,204228.420647,96.170927,676.068866,-24.386232,678.914032,-144.411269,679.272610,59.963569,0.012400,1,0
28.033000,-62.217352,204074.906692,177.888809,204613.828339,57.904966,204114.632608,95.898032,681.493455,-24.015249,676.398236,-144.042110,682.374899,59.957593,0.000239,1,0
28.067000,-62.137437,205059.616158,177.762571,204420.224477,57.969195,204027.183763,95.774998,669.104846,-24.268694,679.270566,-144.208279,674.630587,59.958368,-0.000824,1,0
28.100000,-62.086637,204145.759730,177.731490,205692.654751,57.826240,201600.678780,95.889608,677.884580,-24.016444,680.860749,-144.189101,676.193393,59.957240,0.002339,1,0
28.133000,-62.160530,205169.411571,177.764030,205784.657507,57.920901,205134.703907,95.837194,676.672835,-24.265150,677.362482,-144.170370,680.606028,59.963579,-0.005633,1,0
28.167000,-62.267996,205797.288900,177.749893,205147.084697,57.774468,205068.982745,95.775968,675.522690,-23.921402,679.822246,-144.201427,677.906710,59.953333,-0.005735,1,0
28.200000,-61.962127,203081.416312,177.943642,204168.638209,57.690038,203348.170706,96.236403,676.981346,-24.143709,678.758398,-144.113909,676.246961,59.957952,-0.002503,1,0
28.233000,-62.193327,203894.848373,177.836394,203957.858913,57.985438,205719.197784,95.403780,676.959276,-24.198664,676.368476,-143.943599,678.034649,59.955517,0.004192,1,0
28.267000,-62.125352,204769.428973,177.928040,204654.584714,57.802141,204449.034702,96.006308,681.600774,-24.301084,682.223835,-144.231478,677.926708,59.955472,0.002992,1,0
28.300000,-62.196609,204385.916803,177.807292,205512.175364,57.915664,204370.801391,95.622285,679.988536,-24.109506,670.006312,-143.982463,674.014059,59.954348,0.004507,1,0
28.333000,-62.263784,203846.976718,177.685609,204074.738254,57.915858,203651.303480,95.537976,669.338215,-24.211906,669.935572,-143.870816,670.092411,59.957473,0.007510,1,0
28.367000,-62.177787,203519.601984,177.684858,205583.296369,57.768638,206130.662870,95.804089,674.757051,-24.341943,671.270443,-144.228486,672.332519,59.956955,-0.000670,1,0
28.400000,-62.350811,201818.433970,177.628348,203080.900244,57.690988,202146.335482,95.787857,679.241804,-24.252932,676.786947,-144.228902,672.561664,59.962909,-0.000093,1,0
28.433000,-62.197874,204978.797167,177.536019,202643.505236,57.694696,203127.213373,95.493912,672.200217,-24.489714,676.283973,-144.511289,678.222264,59.958971,-0.008725,1,0
28.467000,-62.148741,202330.258837,177.711742,205110.945854,57.815028,202728.214297,96.220326,677.933038,-24.284998,680.165836,-144.278673,670.126988,59.958005,-0.003819,1,0
28.500000,-62.228650,206763.627920,177.682478,206084.187651,57.680781,202953.672005,95.830459,668.505260,-24.524750,675.883848,-144.308151,672.102990,59.958226,0.008955,1,0
28.533000,-62.103438,205697.226314,177.603008,203479.908088,57.810494,205593.425116,96.090972,685.899147,-24.543650,675.611209,-144.095920,672.767020,59.954960,0.009256,1,0
28.567000,-62.203157,203169.290185,177.764139,204544.462382,57.871443,203281.672452,95.672419,670.833396,-24.080011,676.335339,-144.195305,674.771311,59.961200,-0.000558,1,0
28.600000,-62.041957,204021.537832,177.740016,203795.691497,57.748175,204865.428068,96.149566,674.205981,-24.160241,673.149306,-144.191780,679.335340,59.958084,0.006751,1,0
28.633000,-62.153036,206117.840258,177.815800,204485.166687,57.682413,204255.728824,95.664462,674.609635,-23.955418,677.467551,-144.094736,675.022352,59.955154,-0.001477,1,0
28.667000,-61.966665,203195.086031,177.892922,203855.318021,57.925987,204204.417369,96.156339,669.686359,-24.011217,675.827940,-144.017080,665.900484,59.952745,-0.005161,1,0
28.700000,-62.134664,205600.268788,177.951118,203162.717982,57.875371,202741.269845,95.890101,678.019611,-24.073591,680.879674,-144.027680,674.655610,59.946225,-0.004345,1,0
28.733000,-62.224093,203258.885713,178.039997,204165.033026,58.002059,205160.872570,95.829714,673.736992,-24.249529,675.764585,-143.908149,673.549540,59.944435,0.003343,1,0
28.767000,-62.010385,203963.463226,177.933181,204240.470567,57.868346,204182.284514,95.734800,676.235306,-24.061897,679.639273,-144.017982,679.293728,59.943621,-0.008494,1,0
28.800000,-61.939628,204443.581419,177.711818,203836.050573,57.822580,203618.090158,96.427700,678.428168,-24.366294,677.549002,-144.130075,679.295887,59.946979,-0.009547,1,0
28.833000,-62.081935,203376.029205,177.920985,203885.943393,57.821479,205654.396510,96.270344,672.410809,-24.172416,679.418394,-144.013008,678.576296,59.949624,-0.001364,1,0
28.867000,-62.086850,203536.888107,177.840695,202337.818518,57.768018,203741.447276,96.183520,680.583988,-23.920609,681.984433,-144.356924,670.718267,59.946868,0.010089,1,0
28.900000,-62.215008,205459.929174,177.900045,204879.871533,57.912040,204425.964708,95.894054,679.245468,-24.052970,678.644656,-144.324666,674.579688,59.946956,0.001562,1,0
28.933000,-62.184581,203578.329561,177.868862,204530.298745,57.876765,204644.378278,95.937605,678.624233,-24.197226,679.240790,-144.207864,677.401296,59.949188,-0.001929,1,0
28.967000,-62.130088,203450.849699,177.854649,204297.398684,57.790685,204138.590203,95.918359,684.928615,-24.085074,679.796683,-144.193883,684.536372,59.950666,0.002898,1,0
29.000000,-62.294315,205331.330834,177.968479,203637.252183,57.831098,204072.205496,95.665966,682.623626,-23.988467,681.252421,-144.386471,677.911392,59.953458,0.014134,1,0
29.033000,-62.052699,204450.296981,177.735049,203375.228139,57.752328,204657.727970,95.747869,671.192523,-24.418691,680.709735,-144.117774,676.158231,59.949869,-0.005868,1,0
29.067000,-62.102414,202775.822926,177.934299,204238.553833,57.922600,203575.953514,96.114039,680.129672,-24.153264,680.664266,-144.217900,670.672319,59.946254,0.001706,1,0
29.100000,-62.198311,204041.047405,177.772152,203831.369011,57.824159,202962.564539,95.935133,685.318070,-24.096149,680.147729,-144.068131,680.032565,59.950119,-0.000717,1,0
29.133000,-62.123755,203771.361488,177.925200,203600.731423,57.826240,203377.211303,95.763768,674.661142,-24.293557,678.305516,-144.056516,679.883082,59.953168,0.011799,1,0
29.167000,-62.080836,204391.890309,177.760759,204454.362271,57.888871,203610.904978,95.752858,688.699260,-24.291261,677.652825,-144.056323,681.076160,59.953706,-0.020809,1,0
29.200000,-61.992307,204382.727863,177.820902,204394.819335,57.737768,203462.167513,96.077200,675.053059,-24.321483,677.022228,-144.116559,677.814235,59.952053,0.000926,1,0
29.233000,-62.461507,204557.964908,177.933642,203837.174543,57.744600,205233.192095,95.609498,677.248447,-23.941643,680.342240,-144.385328,675.948924,59.963497,-0.004936,1,0
29.267000,-62.260962,204306.478263,177.912223,202799.591042,57.683752,202686.032186,95.697943,673.705873,-23.947786,676.488614,-144.408034,677.431199,59.957064,0.001565,1,0
29.300000,-62.332503,203928.366061,177.670356,203683.837042,57.807454,203055.750091,95.729605,673.254685,-24.489294,669.963673,-144.203051,677.474298,59.959463,0.008098,1,0
29.333000,-62.146783,203400.471303,177.844046,203936.113522,57.768352,203426.227163,95.806514,672.823739,-23.961389,680.394758,-144.246066,676.537187,59.955566,0.008760,1,0
29.367000,-62.223093,203668.922328,177.916588,202383.869727,57.634624,203798.600700,95.631698,683.357144,-24.283057,676.699455,-144.485557,683.665092,59.952440,0.001880,1,0
29.400000,-62.145553,201124.692795,177.787749,204369.681908,57.808422,203042.251193,96.144420,682.764704,-24.337259,681.166849,-144.384798,681.724913,59.953982,-0.010344,1,0
29.433000,-62.080819,203541.124308,178.000117,204162.829992,57.739477,205127.804130,95.613772,685.675955,-24.168419,681.951598,-144.252439,677.793675,59.952334,0.003214,1,0
29.467000,-62.230047,202804.910469,177.711690,204322.438219,58.071748,203961.612089,95.710972,683.297098,-24.284075,684.893030,-143.900500,685.013585,59.952318,0.011871,1,0
29.500000,-62.416978,202890.144529,177.741832,203751.152397,57.809202,203822.255336,95.598985,682.616338,-24.164904,683.077447,-143.731928,682.078785,59.955661,-0.001116,1,0
29.533000,-62.135307,204817.229118,177.845143,203175.737899,57.881501,203591.448145,95.965649,675.972208,-24.045270,679.648730,-144.092612,680.616107,59.955905,0.004450,1,0
29.567000,-62.336172,201805.802639,177.771327,204705.599807,57.761050,203799.668088,95.588263,680.067912,-24.218993,677.388793,-144.354316,686.193071,59.962893,-0.006782,1,0
29.600000,-62.179083,203396.770547,177.819675,203609.906210,57.841259,203549.817226,96.170959,689.216387,-24.226756,678.588944,-143.955934,685.761609,59.953979,-0.000437,1,0
29.633000,-62.081245,203782.260449,177.406918,203764.147145,57.674461,205336.782622,96.077528,677.360020,-24.562225,678.733842,-144.441993,680.220546,59.955740,-0.016251,1,0
29.667000,-62.198846,205654.143612,177.666689,203686.377014,57.500424,202729.926008,96.131260,677.938835,-24.191791,679.739463,-144.399679,689.074318,59.964590,0.000771,1,0
29.700000,-62.449013,204442.820978,177.639189,204949.241700,57.691191,204017.963440,95.790826,673.975300,-23.925935,672.364645,-144.146417,681.194808,59.954161,-0.014269,1,0
29.733000,-62.091031,203621.538909,177.825184,203925.172646,57.529870,204567.041568,95.718025,681.447765,-23.832845,683.023398,-144.650143,680.194074,59.970286,0.010696,1,0
29.767000,-62.185790,202448.210105,177.616034,205012.985838,57.721590,205105.740749,95.643477,683.018393,-24.413904,677.368565,-144.246549,672.776713,59.961700,-0.004295,1,0
29.800000,-62.384183,204222.869399,177.717262,205257.792723,57.712197,204370.769585,95.514391,678.627318,-24.613196,671.408285,-144.170196,676.719992,59.964094,-0.004374,1,0
29.833000,-62.246452,204540.478068,177.614889,203644.324140,57.568706,203436.779247,95.893132,675.230169,-24.424683,672.687265,-144.423871,673.409822,59.959917,0.004778,1,0
29.867000,-62.077282,203787.423421,177.835178,204070.065497,57.735217,203433.637461,95.869571,676.370835,-23.975300,671.885647,-144.178236,673.192700,59.970817,0.000736,1,0
29.900000,-62.197162,203470.096744,177.899179,203713.631934,57.724126,204208.569515,95.637975,680.628643,-23.906659,674.611032,-144.289648,673.945061,59.962455,0.007704,1,0
29.933000,-62.233458,203526.059560,177.830829,204279.442670,57.744601,204892.338644,95.700966,676.924068,-24.274914,674.692583,-144.109599,677.602511,59.965603,0.003129,1,0
29.967000,-62.169391,205341.144599,177.698006,203900.701309,57.708744,205256.774715,95.632599,680.182656,-24.037110,672.689902,-144.566112,677.702589,59.967699,-0.020545,1,0
30.000000,-62.360632,205351.489636,177.735131,203906.400271,57.714521,203216.201910,95.554039,673.910732,-24.101286,674.660628,-144.198343,674.959048,59.961959,-0.000701,1,0
