TIMESTAMP,BUS16_VA_ANG,BUS16_VA_MAG,BUS16_VB_ANG,BUS16_VB_MAG,BUS16_VC_ANG,BUS16_VC_MAG,BUS16_IA_ANG,BUS16_IA_MAG,BUS16_IB_ANG,BUS16_IB_MAG,BUS16_IC_ANG,BUS16_IC_MAG,BUS16_Freq,BUS16_ROCOF,DATA_PRESENT,Event
0.000000,-61.794211,205306.388487,177.978206,205649.322520,58.012019,206997.643642,96.052320,633.967022,-24.132852,640.173119,-144.024097,637.156454,59.957885,0.002292,1,0
0.033000,-62.038107,205623.247410,178.052955,205623.016787,58.062651,205522.943948,95.920381,637.926220,-23.977879,636.023215,-143.798528,638.784792,59.958942,0.003849,1,0
0.067000,-62.034917,205772.850250,177.855313,204767.131171,58.013345,203292.808017,95.630949,636.690312,-24.358148,639.230359,-144.083117,641.620380,59.953187,-0.000165,1,0
0.100000,-62.261266,204676.221082,178.272696,204394.900723,58.153799,205425.588571,95.485794,634.267743,-23.966503,636.535274,-143.905028,632.720780,59.956808,0.000713,1,0
0.133000,-61.845980,206429.494483,178.098112,204291.865622,58.028111,203591.680575,96.344568,639.037196,-23.901694,645.451505,-144.125005,640.980808,59.966541,0.006447,1,0
0.167000,-62.212865,206795.304296,177.925897,206029.159087,57.981345,204856.826182,95.675476,633.718532,-24.430108,630.135883,-144.315127,634.756756,59.957298,0.006814,1,0
0.200000,-61.867080,204330.638371,177.789961,204534.302954,57.954929,205978.565151,96.039652,639.872133,-24.099918,629.388248,-144.000349,631.061401,59.955062,0.010807,1,0
0.233000,-61.967836,205162.585397,177.923632,205210.545353,57.919946,203767.642059,96.396339,639.745363,-24.146101,636.215491,-144.025675,641.304493,59.954321,-0.002502,1,0
0.267000,-62.173949,206230.700564,177.935540,205177.277104,58.003247,206038.761818,95.630934,637.657310,-23.620977,639.789732,-144.088935,634.018675,59.961753,-0.011687,1,0
0.300000,-62.017146,205605.071987,177.792878,205376.890328,58.035708,206626.260125,96.096543,641.653343,-24.525730,639.127270,-144.139632,634.920494,59.961799,-0.002431,1,0
0.333000,-61.977605,205461.583109,177.958854,205207.890218,57.872425,204837.383556,96.165057,637.825129,-24.055633,637.188858,-144.403949,633.719394,59.958774,-0.000651,1,0
0.367000,-62.260419,204938.755009,177.939892,206880.495553,58.105499,204123.072689,95.823193,637.736805,-23.871228,638.113626,-143.878105,638.191458,59.965380,-0.000941,1,0
0.400000,-62.144746,205958.852861,177.971474,205792.638147,57.898826,203649.667661,95.594905,634.395606,-23.890685,634.692187,-144.123141,638.617204,59.968505,0.004310,1,0
0.433000,-62.036684,205294.403945,178.063476,205648.536401,57.866460,204290.993958,96.102354,641.813454,-23.621423,627.283215,-144.028545,630.807188,59.970216,0.005143,1,0
0.467000,-61.891154,205690.139830,177.821672,205349.960715,58.027734,206439.106431,96.264826,642.647236,-23.852450,637.936072,-143.765840,637.769713,59.964537,-0.010795,1,0
0.500000,-62.071127,206419.943316,177.877533,204510.829702,57.933013,206768.901043,95.840233,631.963497,-24.174521,630.955370,-144.326099,632.218502,59.959081,0.000987,1,0
0.533000,-62.091146,204323.265638,178.004233,203140.203624,57.988819,205320.841335,96.107728,631.322205,-23.845060,632.399918,-144.303749,636.826383,59.961032,0.011011,1,0
0.567000,-62.022942,205265.184581,177.998344,206701.886565,57.805074,204981.165294,95.955444,634.096976,-24.133761,632.503415,-144.346607,627.682701,59.956847,-0.003679,1,0
0.600000,-62.104921,206687.348465,178.021539,206759.832905,58.044103,206624.218185,95.842006,641.068382,-23.687761,628.920547,-144.043291,633.681830,59.959733,-0.010587,1,0
0.633000,-61.954619,205981.295558,178.111980,204918.181394,58.049144,205429.976425,95.838178,632.859112,-23.928103,631.494393,-143.855039,630.490949,59.955367,0.014795,1,0
0.667000,-61.979166,206342.509712,178.181656,204607.168491,58.078179,205216.540080,95.975855,636.820508,-23.873651,640.203987,-143.966036,628.506707,59.969000,-0.005806,1,0
0.700000,-61.978886,206464.017249,178.090824,205952.713882,57.945445,204590.895326,95.811770,630.183856,-23.918236,631.323768,-144.048061,630.397972,59.955631,0.009151,1,0
0.733000,-61.943947,207781.919392,177.884399,203295.465405,58.037694,207051.183244,95.909681,633.414212,-24.208345,629.810638,-143.947383,631.866722,59.959368,0.014097,1,0
0.767000,-62.070317,206264.511993,177.980974,205097.302220,57.919983,204992.607187,95.926476,627.639511,-23.693101,627.374602,-143.994830,631.503076,59.952701,0.001159,1,0
0.800000,-62.023416,206006.725630,177.959925,206023.897637,57.911782,204702.908823,95.968289,630.504698,-23.943320,632.009633,-144.120912,627.137072,59.957374,-0.008905,1,0
0.833000,-61.930817,205102.097358,178.010199,205431.677970,57.992516,204874.824106,95.979716,631.267177,-23.933630,631.463478,-143.942472,629.861647,59.949697,-0.014383,1,0
0.867000,-62.118492,204845.793969,177.987979,205065.436030,57.927406,204405.714528,96.098714,634.443732,-23.687438,633.114481,-144.141589,632.936154,59.945098,-0.011388,1,0
0.900000,-62.041592,205181.725025,177.719690,203598.005198,57.943552,203108.481486,96.034624,629.148222,-24.066586,628.694055,-144.322163,638.183941,59.948076,0.003398,1,0
0.933000,-62.073896,207061.961231,177.896338,203931.272637,57.828752,203957.147334,96.031145,640.272095,-24.156056,636.907142,-144.061364,636.655355,59.952327,0.003582,1,0
0.967000,-62.056800,205122.768411,177.965859,206085.940952,57.915147,203715.718140,95.725175,631.727408,-24.136360,634.457306,-144.066960,635.405648,59.953362,-0.010162,1,0
1.000000,-62.126385,202916.478036,177.910558,205766.043160,57.968259,203464.736880,95.592477,634.718388,-24.155246,635.981174,-143.908423,635.826355,59.957584,-0.008148,1,0
1.033000,-62.130882,205200.403020,177.915457,205958.796942,57.905174,205931.611270,95.723586,633.963926,-24.098417,632.964646,-144.187815,643.499790,59.949813,-0.010901,1,0
1.067000,-62.077402,206540.850841,177.935283,205435.963243,57.982297,203874.994713,95.604690,640.021691,-24.260671,641.272172,-144.219719,642.743949,59.958079,0.000635,1,0
1.100000,-62.021752,204343.187485,177.929192,205700.461767,57.993247,204345.527360,96.009433,639.282467,-24.094674,639.722618,-143.865268,640.746455,59.953742,0.014011,1,0
1.133000,-61.969225,205168.999481,178.050258,206402.397758,58.062650,206151.979780,96.076941,639.962019,-23.781231,643.874091,-143.757055,639.846922,59.950818,-0.002480,1,0
1.167000,-62.179225,205020.981283,177.828883,204275.959074,57.925945,204976.185011,95.601421,647.030352,-24.289068,638.818071,-143.979797,641.584538,59.949445,0.002441,1,0
1.200000,-62.082498,207393.772372,178.076957,205852.197545,58.117015,205133.700990,95.904434,638.738236,-24.177841,633.142226,-143.895228,640.693267,59.957416,0.003063,1,0
1.233000,-62.054206,205097.400578,178.113697,204262.061066,58.124667,203852.643668,96.025768,637.343137,-23.891445,639.488116,-143.853675,636.038932,59.941091,-0.009453,1,0
1.267000,-61.967516,207246.543917,178.097747,204014.438133,58.087364,203158.788655,95.954135,640.161484,-24.002970,643.019956,-144.150439,645.430085,59.949429,0.008761,1,0
1.300000,-62.137661,206471.395885,178.030941,204790.978280,58.228781,202694.494458,95.889255,635.989277,-24.060935,634.854291,-144.156160,633.264780,59.961921,0.019262,1,0
1.333000,-61.912339,204805.743134,177.965341,203978.877486,57.870596,205003.957709,96.302804,637.789814,-23.960501,641.142304,-144.038457,639.073143,59.947501,-0.000389,1,0
1.367000,-61.918474,205875.393417,178.058840,204986.037713,58.071299,204120.366282,96.298632,644.406666,-24.043895,633.729888,-144.049849,637.174149,59.961617,-0.002898,1,0
1.400000,-61.965074,203742.395654,178.129863,204889.377202,58.065745,205521.858655,96.007409,641.108236,-23.669321,647.723163,-143.990317,647.576470,59.953908,0.002323,1,0
1.433000,-61.907526,205560.680149,178.204999,206303.442388,57.966733,205100.209343,96.286789,639.823329,-23.803830,638.629802,-144.002743,641.481705,59.960945,-0.004367,1,0
1.467000,-61.880520,204673.487118,178.020146,203768.979975,58.004959,204544.246940,96.363050,642.268652,-24.261537,635.561411,-144.308500,644.374872,59.960029,0.000585,1,0
1.500000,-61.895360,205695.317182,178.137622,204740.272547,58.125275,205148.295481,96.358061,640.987349,-23.862170,644.524256,-144.027323,638.213579,59.962185,0.003997,1,0
1.533000,-61.984957,205245.029365,178.104647,204495.888655,58.052418,203421.550909,96.006330,649.497876,-23.956122,641.553905,-144.019548,643.825738,59.955599,0.003849,1,0
1.567000,-62.070718,205015.289105,178.308959,204778.040190,58.265029,204993.055677,95.933844,645.975417,-23.641509,640.744219,-143.875815,643.556025,59.949458,-0.000797,1,0
1.600000,-61.833907,205073.054694,178.138520,204702.544444,58.056698,205418.101179,96.111330,642.190843,-23.963431,634.400387,-143.775097,645.092104,59.955281,-0.005531,1,0
1.633000,-61.822213,204708.102102,178.280024,205439.393002,58.106929,203802.034559,95.925952,644.996117,-23.652309,644.932293,-143.679698,647.870799,59.954390,-0.013341,1,0
1.667000,-61.857915,204322.169217,178.059678,204152.593671,58.128177,203921.497630,95.561587,642.914649,-24.096716,652.565751,-143.844742,640.024494,59.954348,-0.010843,1,0
1.700000,-61.835023,204765.867160,177.943577,205317.136977,58.205743,205337.943874,95.917646,643.014251,-24.003118,639.086308,-143.891072,642.646604,59.957007,-0.002833,1,0
1.733000,-61.896586,204245.170700,177.922128,205243.532357,58.127863,204087.602919,96.226442,641.996395,-23.971927,647.817263,-143.990913,644.837835,59.948820,-0.008725,1,0
1.767000,-62.005749,204915.482355,178.108623,204009.284122,58.051220,205110.711173,96.034546,639.781610,-23.965346,634.989633,-144.061452,637.997808,59.948215,-0.004100,1,0
1.800000,-61.757303,205772.445475,177.959811,205900.415076,58.138329,203584.266128,96.364751,636.561473,-24.188166,637.102172,-143.709724,639.875413,59.951392,-0.002048,1,0
1.833000,-61.938955,204670.870575,178.039008,205083.554348,58.134140,204762.543015,96.265655,636.844196,-24.131261,642.729159,-143.883850,643.145368,59.950103,0.012457,1,0
1.867000,-62.059141,206482.304443,178.201416,204770.622718,58.052200,204803.992460,95.637888,637.281362,-23.749212,634.535373,-144.023964,634.498160,59.945030,0.004996,1,0
1.900000,-62.023597,206397.719877,177.993379,204652.428432,58.018403,203523.006175,96.091046,642.499725,-24.187795,641.509315,-144.041163,634.037024,59.944028,-0.002070,1,0
1.933000,-61.988411,206268.744577,178.305933,206173.921055,57.983911,205825.301583,96.096429,636.267370,-24.286039,637.441666,-143.825580,638.141235,59.949873,-0.018728,1,0
1.967000,-61.827677,204949.783401,177.970267,204871.833744,57.943162,205836.599029,96.271990,641.222253,-24.111419,634.922150,-144.069064,634.532631,59.945341,-0.000471,1,0
2.000000,-61.939421,205037.554853,178.014539,204750.112928,58.227363,205189.164935,96.147724,642.958614,-23.875291,640.197069,-143.989315,637.236971,59.949681,0.003594,1,0
2.033000,-61.760288,206737.610468,178.165142,204030.522985,57.877810,202841.218326,96.309737,640.191960,-23.818573,638.733511,-144.152657,631.983520,59.952070,-0.006324,1,0
2.067000,-62.115089,205567.268140,178.112129,204893.913161,57.958394,204863.008103,95.836230,628.252694,-24.024820,635.815482,-144.397109,639.398837,59.944686,0.002406,1,0
2.100000,-62.084073,205812.116244,177.999512,205483.497738,58.005412,204082.071275,95.611873,638.986057,-24.068872,633.362724,-143.954881,633.842617,59.950387,0.002932,1,0
2.133000,-62.014712,203977.750073,177.946173,205118.525069,58.095101,205222.535022,96.007373,639.659603,-24.117904,641.445461,-143.615491,627.856905,59.953548,0.007745,1,0
2.167000,-61.714993,205586.726017,178.110209,205242.986319,57.971046,205512.111749,96.157701,629.407888,-23.766429,635.434164,-144.006920,637.652838,59.949028,-0.008929,1,0
2.200000,-61.724118,203678.107852,178.201099,204384.993701,58.345328,204877.349179,96.737169,635.739799,-23.743014,630.335639,-143.746821,629.047557,59.949235,-0.002132,1,0
2.233000,-61.883870,204819.236303,178.142726,205045.689559,58.362036,206037.268762,96.131371,639.353156,-23.930470,627.139427,-143.415499,629.522000,59.947380,-0.000182,1,0
2.267000,-61.865452,205534.403977,178.234147,205008.623648,58.193354,204379.106358,96.426149,632.571556,-23.991759,639.879421,-143.896609,627.655292,59.951740,-0.009320,1,0
2.300000,-61.923366,203975.450285,178.231700,206331.386232,58.187501,205860.104382,96.221140,632.970936,-23.724670,634.945466,-143.711014,631.594164,59.948500,0.000907,1,0
2.333000,-61.956580,204988.796709,177.948319,204929.789708,58.102640,205662.030031,96.141479,631.133923,-24.327944,625.999791,-143.719080,633.279627,59.948021,-0.013260,1,0
2.367000,-61.830534,205799.820659,177.979103,205694.502057,58.217583,205920.084110,96.062067,631.084625,-24.028434,631.212741,-144.053270,626.359698,59.949602,-0.006019,1,0
2.400000,-61.763237,206021.662022,178.298325,205734.637364,58.291811,204072.847379,96.079012,628.655501,-23.988234,623.999453,-143.306620,628.953889,59.952549,-0.000195,1,0
2.433000,-61.963693,205139.587831,178.169374,204507.191159,58.172819,205363.937024,95.808098,626.905450,-23.557750,629.601972,-143.640810,633.034684,59.940345,0.003810,1,0
2.467000,-61.661299,206517.043463,178.354781,205041.977513,57.986070,204634.990554,96.156101,622.485782,-23.703771,627.626422,-143.984731,630.949095,59.946156,0.003025,1,0
2.500000,-61.899880,205056.531668,178.168079,205848.426721,58.128085,203082.363072,96.117901,632.671475,-23.739471,630.912007,-143.809636,629.541917,59.949531,0.006670,1,0
2.533000,-61.802521,206992.222761,178.238709,204425.002266,58.163652,204632.490561,96.385961,626.962697,-23.935724,626.855349,-143.486940,623.226777,59.959540,-0.004707,1,0
2.567000,-61.870269,206172.631050,178.153960,205551.186707,58.150702,205286.833005,96.009359,628.605678,-23.608085,624.009515,-143.816186,624.488618,59.949746,0.000795,1,0
2.600000,-61.545210,204792.567768,178.122385,204652.167249,58.247878,206159.458460,96.463625,631.951124,-24.016517,624.946788,-143.811070,625.438969,59.952956,-0.010455,1,0
2.633000,-61.834519,205540.634613,178.095034,204936.781980,58.326958,205239.120428,96.084443,622.602192,-23.528632,627.007469,-143.698813,627.445536,59.953150,-0.010978,1,0
2.667000,-61.733615,205131.557697,178.063266,207203.848805,58.098359,204875.481161,96.247423,630.008281,-24.149845,629.376813,-143.917300,636.981423,59.944553,-0.004204,1,0
2.700000,-61.529086,205466.908069,178.273968,204416.198837,58.372066,206085.989955,96.339051,636.551820,-23.701949,637.701754,-143.432494,638.876744,59.952597,0.003782,1,0
2.733000,-61.643421,204859.958349,178.182503,203562.417789,58.154539,204849.522076,96.341591,635.584245,-23.840827,630.826310,-143.455192,634.753326,59.960190,0.001543,1,0
2.767000,-61.721402,205832.744190,178.312961,205419.641497,58.186487,207433.422276,96.423061,641.526729,-23.758292,635.848239,-144.020402,639.305330,59.946139,-0.010479,1,0
2.800000,-61.707444,206025.971639,178.384857,206407.744690,58.371457,205349.479723,96.001712,629.707556,-23.384914,626.344680,-143.440663,633.271501,59.948960,0.003751,1,0
2.833000,-61.631250,206061.742230,178.268809,205786.260216,58.215085,205343.032338,96.442440,628.286385,-23.440137,628.867736,-143.733556,626.444950,59.952779,-0.000270,1,0
2.867000,-61.768891,205892.368739,178.362355,205073.710606,58.275692,205062.981004,96.317642,627.424347,-23.642545,625.843044,-143.727347,623.026969,59.958048,-0.006115,1,0
2.900000,-61.684578,204753.588876,178.220465,205836.590403,58.248588,205109.906533,96.258862,631.043865,-24.049367,623.041951,-144.140529,634.422963,59.963160,-0.002746,1,0
2.933000,-61.702632,205519.473501,178.114108,204797.008546,58.332682,205101.586936,96.274898,631.532461,-23.913573,635.158738,-143.496387,626.537670,59.950611,0.010254,1,0
2.967000,-61.673487,205813.728981,178.250845,205535.892259,58.409532,204828.087695,96.443240,625.801360,-23.783896,635.485609,-143.600996,625.407408,59.960512,0.002299,1,0
3.000000,-61.541803,203682.841871,178.292900,205470.803643,58.392092,204628.883712,96.503650,633.487779,-23.610043,625.368516,-143.740782,631.705178,59.965404,0.005311,1,0
3.033000,-61.748714,206183.764230,178.265701,205826.741889,58.334107,204390.072577,96.176369,634.123112,-23.853624,634.639015,-143.560749,633.110073,59.958333,-0.009826,1,0
3.067000,-61.761507,204838.501843,178.376823,203626.431798,58.094150,204989.713986,96.109394,631.904860,-23.388456,628.285695,-143.890611,635.936160,59.952238,-0.004743,1,0
3.100000,-61.721885,206369.648603,178.270106,204590.363015,58.368682,204126.138334,96.063673,634.086868,-23.675804,634.349278,-143.463769,638.893236,59.954773,0.005051,1,0
3.133000,-61.625190,204390.568684,178.430912,204761.709828,58.207981,202894.532677,96.347463,635.677981,-23.716334,639.749300,-143.769280,633.400805,59.958422,-0.011846,1,0
3.167000,-61.504587,205665.448864,178.185970,204074.331469,58.560493,205116.161576,96.381956,633.160207,-23.808041,632.211100,-143.387144,631.002847,59.955758,0.012972,1,0
3.200000,-61.821493,204655.237503,178.349368,204630.355276,58.452894,206101.119193,96.236485,633.838357,-24.021305,632.361041,-143.858457,642.518577,59.949994,0.022479,1,0
3.233000,-61.698578,204650.035972,178.267522,203441.844208,58.312464,204158.520015,96.105680,639.493258,-23.522366,638.929416,-143.717636,632.879147,59.950239,-0.002287,1,0
3.267000,-61.715010,204470.780993,178.403579,203962.565193,58.220240,204044.263995,96.086236,634.329689,-23.586840,634.994207,-143.948727,639.342022,59.947359,0.013075,1,0
3.300000,-61.774439,204166.711432,178.412382,204244.592309,58.311260,204363.550354,96.219286,629.110824,-23.608020,633.472289,-143.730651,636.247812,59.961639,0.001721,1,0
3.333000,-61.653692,205781.331795,178.335279,203916.310712,58.225076,205396.278439,96.250102,631.924725,-23.750703,631.651089,-143.773398,634.618505,59.959165,-0.000109,1,0
3.367000,-61.790551,205210.944336,178.606001,203213.224495,58.399236,206037.350675,96.328226,631.628945,-23.266270,634.562521,-143.456851,632.171111,59.956119,0.006461,1,0
3.400000,-61.795185,204092.499561,178.170889,203554.873220,58.525893,205442.900594,95.905990,632.236678,-23.653141,632.230067,-143.345088,625.952252,59.952884,-0.007786,1,0
3.433000,-61.644188,203743.549368,178.337955,202924.526667,58.400376,203133.718128,96.533909,638.870482,-23.490544,638.273032,-143.987662,641.064136,59.957996,-0.005153,1,0
3.467000,-61.428284,204278.132301,178.333230,204274.317304,58.516746,206100.035736,96.652796,633.321016,-23.998659,646.499907,-143.445681,633.903184,59.949666,0.012006,1,0
3.500000,-61.551700,204800.494972,178.291616,203964.633619,58.534981,203790.332637,96.200695,634.680532,-23.699748,642.830860,-143.338915,635.077333,59.949153,-0.009851,1,0
3.533000,-61.545287,204198.081897,178.349424,202927.896076,58.317213,203870.369627,96.612122,640.792751,-23.531037,634.346553,-143.479047,639.988264,59.958244,0.005045,1,0
3.567000,-61.629022,205618.850777,178.386934,203355.600996,58.644393,203204.014685,96.091828,638.546452,-23.529617,634.859995,-143.501105,638.023627,59.957913,-0.007110,1,0
3.600000,-61.658864,204648.334727,178.205440,203735.332741,58.299137,204288.526385,96.083472,629.448683,-23.574006,636.425608,-143.951294,636.924394,59.960518,-0.002314,1,0
3.633000,-61.623365,206358.999420,178.408000,204541.865545,58.282759,203185.367878,96.415150,636.066253,-23.907174,634.501025,-143.471510,632.788075,59.954570,0.003472,1,0
3.667000,-61.672699,203827.480061,178.425193,204666.734594,58.541641,205212.113959,96.039073,645.361205,-23.355199,639.010952,-143.676467,637.204952,59.953969,-0.001080,1,0
3.700000,-61.602984,203457.439697,178.538844,204102.243366,58.356122,202578.800830,96.625803,641.490849,-23.864309,644.387443,-143.606386,645.784188,59.953202,-0.005338,1,0
3.733000,-61.782564,204503.802387,178.468875,203306.179126,58.456592,204140.982445,96.386096,638.375608,-23.146601,639.443442,-143.554219,637.141276,59.964534,-0.004081,1,0
3.767000,-61.728737,204046.171693,178.334534,204716.994830,58.311436,203049.904384,96.359379,638.858044,-23.649078,642.464251,-143.844459,632.449321,59.952100,-0.003485,1,0
3.800000,-61.645189,204645.853973,178.379540,203966.595722,58.348053,203469.724770,96.412908,644.716714,-23.311383,645.794053,-143.646860,640.717698,59.954766,-0.000957,1,0
3.833000,-61.644789,206644.624805,178.459548,202816.004975,58.323400,205824.125391,96.256363,644.923205,-23.255264,636.777559,-143.859018,639.583557,59.956965,0.003965,1,0
3.867000,-61.428126,205773.871882,178.354641,204456.215051,58.414376,205187.755850,96.886807,648.164394,-23.943489,643.168537,-143.629763,637.338546,59.965318,-0.011489,1,0
3.900000,-61.669507,203540.124523,178.525567,203969.814330,58.304551,205999.174121,96.322620,640.634499,-23.684928,641.937370,-143.649660,640.918415,59.957938,-0.004456,1,0
3.933000,-61.684297,205019.994779,178.364000,203947.997978,58.292362,205212.342697,96.111396,634.711963,-23.542868,645.679128,-143.878348,642.641957,59.954444,-0.002293,1,0
3.967000,-61.608171,205624.316786,178.354456,205016.041768,58.491204,206411.980818,96.523725,643.643554,-23.967284,641.990589,-143.649158,641.277765,59.964262,0.005549,1,0
4.000000,-61.594174,204337.269043,178.306011,204726.116240,58.420743,204401.841351,96.609450,643.259119,-23.465554,645.616609,-143.432604,640.380743,59.961580,0.001293,1,0
4.033000,-61.666459,204136.504759,178.347824,205225.520295,58.403236,205052.559248,96.487818,644.468745,-23.494621,645.868082,-143.890290,643.005054,59.966845,-0.005442,1,0
4.067000,-61.623079,204459.301596,178.362480,204642.655973,58.447225,204946.123465,96.162896,647.495983,-23.478078,648.305156,-143.655202,647.658711,59.964937,0.003647,1,0
4.100000,-61.547378,204252.822166,178.510156,204850.671583,58.345277,206098.025199,96.088418,645.824628,-23.561120,636.225875,-143.634110,644.891596,59.963592,-0.002228,1,0
4.133000,-61.659928,205614.638525,178.294814,202451.649273,58.280536,204269.856882,96.154823,638.238779,-23.642721,641.034866,-143.768542,645.311584,59.965626,0.000006,1,0
4.167000,-61.584888,204235.653260,178.449096,204332.495925,58.354317,204210.477393,96.446316,638.502612,-23.823916,643.170683,-143.677442,644.964553,59.968085,-0.008086,1,0
4.200000,-61.640091,204876.840005,178.324369,203659.372312,58.368672,202714.810364,96.310738,647.872795,-23.485778,647.831541,-143.734595,646.944010,59.960444,-0.002124,1,0
4.233000,-61.608853,203782.861951,178.099784,203343.667260,58.215580,206416.969500,96.363102,649.635168,-23.971796,644.220805,-143.992015,647.158788,59.966822,0.001871,1,0
4.267000,-61.601533,203375.846220,178.292047,204300.794499,58.196760,205139.535922,96.607315,641.874101,-23.938291,647.981110,-143.658179,647.032773,59.961789,-0.007980,1,0
4.300000,-61.682186,205370.128164,178.411702,204223.298755,58.341504,204653.244624,96.325937,642.432548,-23.815756,649.157055,-143.413583,646.788438,59.962194,0.007177,1,0
4.333000,-61.752041,203716.565950,178.430645,204378.827695,58.273813,202716.982928,95.822260,649.883599,-23.581919,647.227410,-143.841753,649.896948,59.964490,0.001522,1,0
4.367000,-61.698103,203690.179171,178.280841,204531.950043,58.476162,204200.476780,96.534415,651.653337,-23.811843,644.754054,-143.611283,649.453783,59.967406,0.003024,1,0
4.400000,-61.761531,202053.352664,178.219634,202264.534238,58.220241,204256.902817,96.140804,636.594731,-23.881180,650.015326,-143.997654,645.673052,59.964143,0.001284,1,0
4.433000,-61.661267,204751.740601,178.339676,203837.955022,58.364763,204600.929783,96.328910,642.112507,-23.995591,650.755696,-143.680484,647.146544,59.971302,0.014368,1,0
4.467000,-61.499233,205654.932801,178.286515,204281.776646,58.343092,204021.935151,96.535260,641.489580,-23.782470,647.031191,-143.596157,644.969688,59.969210,-0.005028,1,0
4.500000,-61.613912,203431.024257,178.571859,204992.742821,58.169834,204129.675205,96.544448,644.834639,-23.339414,639.393972,-143.512571,647.347516,59.965873,-0.004811,1,0
4.533000,-61.535501,204979.661125,178.365066,202192.200327,58.294646,202865.288934,96.485771,647.056734,-23.459134,653.188399,-143.701124,649.753864,59.967551,0.010114,1,0
4.567000,-61.728795,203863.111163,178.364481,204482.358286,58.390056,204177.205331,96.463683,651.005295,-23.807197,647.378750,-143.790810,653.915414,59.968811,0.002731,1,0
4.600000,-61.643678,203252.094488,178.157707,202529.155012,58.258446,204782.520926,96.503863,648.144070,-23.962141,650.310847,-143.535819,647.673095,59.958767,0.004728,1,0
4.633000,-61.809589,202598.909853,178.259489,202082.382181,58.231761,202872.874736,96.302014,642.899420,-23.910883,639.006179,-144.027257,647.520345,59.965539,-0.005575,1,0
4.667000,-61.637506,202167.459867,178.350759,203581.294109,58.234818,202982.227884,96.158425,641.615026,-23.872300,640.634034,-143.578545,643.581452,59.965989,-0.005463,1,0
4.700000,-61.675396,203092.250911,178.122025,202770.764990,58.249265,203012.449426,96.529941,649.606277,-23.656806,642.436105,-143.973292,652.799570,59.973146,-0.011536,1,0
4.733000,-61.621226,203317.181899,178.231886,203757.983003,58.259223,203380.035014,96.129312,643.038616,-23.793737,643.806851,-143.848067,641.516162,59.963616,0.009071,1,0
4.767000,-61.675159,204379.929875,178.305042,201888.954488,58.377725,202182.844965,96.628318,643.201667,-23.807595,646.714138,-143.619174,641.392035,59.964210,0.005451,1,0
4.800000,-61.708919,204477.206056,178.387536,203911.408937,58.340139,202404.151486,96.356587,648.055523,-23.258046,644.589071,-143.541829,646.301820,59.965754,0.000805,1,0
4.833000,-61.692252,204664.492971,178.409210,202902.932763,58.470906,202665.963703,96.052050,640.677516,-23.739986,639.300064,-143.727040,642.247979,59.966730,-0.011652,1,0
4.867000,-61.750719,202591.298223,178.468228,203425.234479,58.486570,202003.476388,96.342795,642.365031,-23.488760,642.287114,-143.684044,640.800785,59.971301,-0.000257,1,0
4.900000,-61.717666,204259.005399,178.421242,203902.348388,58.421548,202325.462406,96.018921,646.459029,-23.316207,636.919822,-143.643628,641.283184,59.961478,-0.007956,1,0
4.933000,-61.675497,203623.530972,178.394765,202987.938114,58.352431,202056.425276,96.475436,640.700404,-23.400472,641.092923,-143.256456,637.508373,59.970895,-0.006467,1,0
4.967000,-61.643817,203731.440990,178.280103,203669.484928,58.366632,203159.774525,96.337130,647.056306,-23.723285,646.061994,-143.465083,633.396633,59.965455,0.004563,1,0
5.000000,-61.673166,203124.139696,178.297625,201296.606281,58.140618,202664.329249,96.368610,646.007474,-23.684838,646.162477,-143.758981,645.262917,59.960252,-0.015834,1,0
5.033000,-61.779171,203659.206843,178.142429,201812.168060,58.323256,203332.862507,96.340051,646.582144,-23.940039,645.024913,-143.850586,641.350574,59.955127,0.011028,1,0
5.067000,-61.766319,202338.936283,178.253405,203429.499173,58.385817,204724.490007,96.057963,640.842111,-24.060444,638.981188,-143.644850,638.385230,59.966799,0.005072,1,0
5.100000,-61.673164,202896.745312,178.247373,205042.482595,58.329239,203992.942466,96.224651,633.316186,-23.753898,640.431931,-143.888569,639.305960,59.962142,-0.009466,1,0
5.133000,-61.765424,203274.871316,178.490812,202507.092886,58.347704,203309.226390,96.045180,633.877644,-23.551735,639.975742,-143.617521,637.691401,59.966269,-0.002756,1,0
5.167000,-61.808048,204680.362721,178.334751,201195.653834,58.288088,202860.619429,96.058116,640.244960,-23.798943,640.308743,-143.717348,633.814766,59.957796,-0.001244,1,0
5.200000,-61.813059,202112.135566,178.408836,202996.322421,58.352895,202779.453629,96.251784,642.770230,-23.711901,635.704748,-143.697026,646.246482,59.964116,0.011223,1,0
5.233000,-61.878293,204238.167074,178.434651,203207.658045,58.127248,205343.646603,96.100072,639.285132,-23.547019,646.562973,-143.620628,639.525251,59.963815,-0.004219,1,0
5.267000,-61.581981,203910.773283,178.468555,202365.874848,58.378121,201776.064439,96.354156,648.568364,-23.407630,639.325649,-143.744119,650.808417,59.959428,0.000064,1,0
5.300000,-61.613750,201609.164772,178.390707,203521.193223,58.341341,202212.256642,96.411903,643.143459,-23.587473,639.170390,-143.446300,644.216265,59.957779,-0.001885,1,0
5.333000,-61.725704,203569.681240,178.356828,202501.540297,58.474994,202129.480648,95.890038,645.305428,-23.721077,639.835137,-143.596432,635.566625,59.960183,-0.008884,1,0
5.367000,-61.674091,203481.728798,178.500231,204442.157558,58.190930,203104.542918,96.116699,639.856190,-23.424603,637.968465,-143.918313,638.842833,59.969104,-0.002279,1,0
5.400000,-61.990245,204134.988585,178.284086,200225.955511,58.197548,202614.849065,96.251899,644.782521,-23.709007,651.816272,-143.693499,642.263716,59.973152,-0.005775,1,0
5.433000,-61.632767,202209.117130,178.376856,201614.022695,58.273766,201379.794081,96.150059,649.529366,-23.136385,646.405411,-143.783549,645.703747,59.963885,-0.004107,1,0
5.467000,-61.687073,204793.762429,178.243136,203996.078247,58.180080,200759.304942,96.207755,641.913744,-23.828198,644.445837,-143.829674,649.730400,59.960807,0.002427,1,0
5.500000,-61.604987,202331.185954,178.226078,202820.964865,58.323268,201200.733372,96.260736,642.664438,-23.683205,641.668426,-143.988135,646.189703,59.954845,0.007783,1,0
5.533000,-61.715556,203474.568039,178.283313,202690.750622,58.448529,201805.325242,96.405179,641.668699,-23.522289,639.884337,-143.623720,649.101281,59.965403,0.000045,1,0
5.567000,-61.581456,202468.030647,178.094338,203667.657358,58.385643,203499.724796,96.074402,647.602280,-24.540896,649.807811,-143.671411,648.539042,59.972235,-0.009920,1,0
5.600000,-61.753858,204387.648343,178.264826,203451.773444,58.372189,203881.556302,96.426660,647.911319,-24.007466,650.171241,-143.546871,656.342624,59.974056,-0.006812,1,0
5.633000,-61.799677,203355.452144,178.302243,202917.128898,58.251687,204452.521624,96.203347,647.952075,-23.545581,646.951751,-143.467875,643.060735,59.967565,-0.002528,1,0
5.667000,-61.810532,202842.753716,178.266186,202437.941018,58.233346,202259.736823,96.126226,646.820816,-23.854744,644.569241,-143.820255,642.793817,59.965398,-0.006339,1,0
5.700000,-61.781625,204519.712892,178.168361,202079.490921,58.287359,202838.204952,96.026651,644.968982,-23.969294,646.085226,-144.041260,645.804035,59.959581,-0.003152,1,0
5.733000,-61.537857,202630.108944,178.213545,201494.454513,58.242703,202916.701590,96.474306,640.879591,-23.580509,650.243479,-143.778256,646.961185,59.963847,0.001183,1,0
5.767000,-61.784370,202723.831659,178.235512,202108.053084,58.260529,201693.949472,96.257613,646.329281,-24.104822,646.101782,-143.800796,643.781094,59.963438,0.003858,1,0
5.800000,-61.715520,204602.428240,178.089296,202726.869430,58.192054,202788.115024,96.532720,650.536633,-24.532105,645.731834,-143.942686,653.212297,59.963309,0.003350,1,0
5.833000,-61.636714,203120.262926,178.244717,204295.930915,58.292764,201651.612055,96.372286,647.891661,-24.052734,648.341061,-143.741380,651.231105,59.964548,-0.004939,1,0
5.867000,-61.769561,203145.773998,178.168600,201663.976110,58.216707,202729.387778,95.941810,650.210425,-23.840730,649.072683,-143.791825,648.466999,59.959371,0.020025,1,0
5.900000,-61.696255,203169.594763,178.277008,201653.292503,58.164782,202587.430200,96.430059,649.544864,-23.756560,644.775943,-143.952775,652.024453,59.962340,-0.010737,1,0
5.933000,-61.788575,203563.485574,178.283504,202805.033123,58.355829,202660.284635,96.330377,643.353899,-23.765982,644.244032,-143.617083,645.510583,59.965873,-0.009935,1,0
5.967000,-61.643002,203371.579127,178.304330,200964.785228,58.173677,203222.180691,96.504072,650.067729,-23.619205,650.877034,-143.846122,646.504807,59.960488,0.003413,1,0
6.000000,-61.633374,203190.037457,178.085392,203560.998104,58.242507,201877.418005,96.556198,649.504251,-24.006847,651.055365,-143.819841,646.876766,59.972882,0.000932,1,0
6.033000,-61.652489,203967.490726,178.345940,201806.366088,58.081222,203658.832514,96.168697,654.113897,-23.832789,647.670414,-144.080913,646.742594,59.971235,0.000964,1,0
6.067000,-61.767514,204634.102604,178.404937,202125.044696,58.331800,203778.691163,96.278920,653.408144,-23.511025,647.996260,-143.643371,649.370994,59.962307,0.004918,1,0
6.100000,-61.778541,203486.022433,178.145892,202331.157473,58.207203,203194.700231,96.343894,656.196350,-24.005565,652.271076,-143.774078,652.468767,59.968173,0.011310,1,0
6.133000,-61.805919,202737.841621,178.104385,204956.716560,58.149734,202734.830486,96.151810,644.768795,-23.713761,647.147538,-144.140921,648.133796,59.965642,0.005343,1,0
6.167000,-61.635197,203102.468734,178.133607,203226.944907,58.200565,203314.521745,96.440848,648.729212,-23.868105,653.172944,-144.032800,654.767721,59.966323,-0.005749,1,0
6.200000,-61.857019,201780.989631,178.233761,203166.010583,58.071368,202874.873065,96.351150,654.084358,-23.663102,644.662475,-143.606566,649.800047,59.969711,0.005793,1,0
6.233000,-61.764603,200745.161954,178.171098,202458.488773,58.077442,203163.650348,96.147157,653.828907,-24.104660,654.980344,-143.907899,648.496388,59.971642,0.014913,1,0
6.267000,-61.650804,202859.854832,178.299334,202355.624851,58.014145,202034.964864,96.480207,646.800851,-23.364392,653.593907,-143.751494,653.714590,59.966911,-0.002917,1,0
6.300000,-61.899226,203294.626616,178.299793,200775.412702,58.348783,201871.528884,96.269073,651.981548,-23.557970,650.028624,-143.460387,651.127404,59.959729,-0.009790,1,0
6.333000,-61.779235,201589.152478,178.248651,201747.257837,58.361660,203427.176522,96.236849,653.317203,-23.836787,646.581582,-144.030292,656.555923,59.967978,-0.002512,1,0
6.367000,-61.765998,202397.091765,177.981190,202368.522927,58.296297,201436.210575,96.025661,654.106235,-24.275302,649.558489,-144.023718,655.252061,59.966367,0.005402,1,0
6.400000,-61.867224,202011.194428,178.371283,201103.148522,57.964885,198935.883174,96.114827,653.101673,-23.408820,646.230744,-143.952865,645.531701,59.977280,-0.009015,1,0
6.433000,-61.585820,201960.237926,178.183701,201448.804986,58.229850,202806.534352,96.357666,655.917440,-23.689191,650.948177,-143.346617,645.892086,59.963732,-0.002034,1,0
6.467000,-61.639862,201583.393084,178.159373,202671.985412,58.228994,200734.208902,96.459257,647.373109,-23.864988,642.953611,-143.713552,649.090048,59.963153,-0.001588,1,0
6.500000,-61.757164,201886.332938,178.152454,201524.190088,58.181952,202159.144795,96.176026,647.346205,-23.835279,649.229455,-143.674735,646.351163,59.964127,-0.002030,1,0
6.533000,-61.700946,202738.916212,178.291965,201684.072073,58.309041,201799.565412,96.226957,644.027482,-23.720027,649.532463,-143.745779,644.384000,59.965285,0.003353,1,0
6.567000,-61.721698,201410.754967,178.078215,202227.178737,58.250500,200497.383124,96.707861,647.866455,-23.862769,647.092941,-143.820737,647.610645,59.966178,-0.005683,1,0
6.600000,-61.674215,202900.741913,178.342770,201594.300570,58.237529,201582.772260,96.307135,644.369955,-23.825159,650.647287,-143.803963,639.998880,59.966373,-0.000743,1,0
6.633000,-61.909723,203134.349372,178.330950,201383.876842,58.238972,201830.188463,96.105329,648.508333,-23.799782,648.360818,-143.966173,648.250229,59.968018,-0.003467,1,0
6.667000,-61.647405,201935.890427,178.247237,201933.327511,58.291129,202763.987052,96.470159,643.768049,-23.701479,645.857221,-143.354643,643.746207,59.965836,0.000038,1,0
6.700000,-61.684915,201988.577863,178.137060,202348.035789,58.347045,203060.280813,96.433774,650.129229,-23.778152,646.391661,-143.676822,646.606184,59.963202,-0.009391,1,0
6.733000,-61.668762,203089.096688,178.288378,201411.263128,58.352904,201421.039629,96.266995,644.583808,-23.749861,647.672022,-143.448869,644.865600,59.958605,0.003574,1,0
6.767000,-61.841765,203902.221079,178.255844,203252.701554,58.195007,200800.929555,96.227098,641.445215,-23.770441,642.694302,-143.976418,646.155060,59.959111,0.011153,1,0
6.800000,-61.607035,201514.579401,178.191762,202052.191073,58.382610,200658.833439,96.578809,638.360994,-23.409592,642.566460,-143.739711,642.965048,59.960633,-0.007263,1,0
6.833000,-61.577300,202773.191719,178.157734,201727.059473,57.964564,202168.090399,96.418064,638.464577,-23.733615,648.145380,-144.026932,648.914974,59.954016,-0.004348,1,0
6.867000,-61.762630,202378.232971,178.077715,201660.784041,58.290746,200649.208999,96.103300,640.674693,-23.938862,641.144826,-143.984079,636.556429,59.955553,0.005695,1,0
6.900000,-61.588033,200710.612923,178.071869,200129.548457,58.301057,201416.492539,96.729558,654.320103,-23.765578,634.538923,-144.002537,637.258733,59.948550,-0.003140,1,0
6.933000,-61.687355,201626.597495,178.374944,201172.228649,58.336582,201862.821524,96.275197,639.188067,-23.391313,639.107517,-143.864269,639.736665,59.957256,0.007556,1,0
6.967000,-61.839878,202944.767114,178.095599,202225.309761,58.175513,199748.583296,95.941251,634.304254,-23.717220,635.155486,-144.003182,642.625985,59.949390,-0.008344,1,0
7.000000,-61.592552,201107.874360,178.247796,201065.175536,58.302072,201096.181505,96.299263,643.958512,-23.770362,638.561480,-143.746099,639.348523,59.950299,-0.008478,1,0
7.033000,-61.869618,200498.977477,178.141468,201184.779652,58.006374,200250.075716,96.121106,638.339084,-23.848103,642.625315,-143.720626,644.873897,59.955854,-0.001511,1,0
7.067000,-61.887075,201731.288994,178.194810,202388.601937,58.359277,203099.413527,96.536764,642.509145,-23.816673,638.544799,-143.374535,640.866379,59.952508,-0.002514,1,0
7.100000,-61.881170,200492.154725,178.133885,201872.636805,58.262859,199746.653739,95.967260,633.021650,-23.733132,640.414012,-143.624958,643.366305,59.952057,0.000079,1,0
7.133000,-61.684468,200997.767160,178.092008,201026.446042,58.263610,202940.370248,96.153332,641.647787,-23.660752,641.258286,-143.681210,630.928512,59.960189,0.006813,1,0
7.167000,-61.731108,202124.758972,178.250630,201823.980876,58.070417,201547.704932,96.026323,642.984461,-23.967260,644.275833,-143.908131,639.524953,59.956364,0.005845,1,0
7.200000,-62.063384,202787.748896,178.058549,202238.672514,58.080273,199501.593644,95.790481,636.456593,-23.679456,642.362826,-143.837123,642.893581,59.953893,-0.003077,1,0
7.233000,-61.979950,201839.026841,177.959985,201310.761709,57.937374,201283.546945,96.008336,646.308505,-23.906658,650.219094,-144.056552,644.384465,59.953198,-0.006940,1,0
7.267000,-61.977282,200572.804476,178.030321,201381.758956,58.387640,199375.337239,95.979866,643.249176,-23.845173,643.343968,-143.758050,642.481216,59.954016,-0.004985,1,0
7.300000,-62.132951,201413.679078,178.030175,201673.427374,58.012714,201480.820448,95.728316,643.349966,-24.135418,649.783580,-144.355546,649.347001,59.953955,0.002952,1,0
7.333000,-61.923128,200897.939008,178.145082,200580.057428,58.051300,200226.005013,96.470106,645.924269,-23.864560,653.218909,-144.068720,650.900938,59.956153,-0.000770,1,0
7.367000,-61.991555,200293.585377,177.986295,201447.166304,58.032819,201848.104082,96.119321,646.245332,-24.070790,647.663761,-144.058534,650.464271,59.956688,0.001065,1,0
7.400000,-61.895365,203164.506593,178.261420,200762.773338,58.126250,201693.759719,95.883323,652.441755,-23.771421,654.083417,-143.574973,652.127940,59.958273,-0.001727,1,0
7.433000,-61.801911,201875.639746,178.058528,200658.119839,58.043816,202600.488096,96.229864,649.147777,-23.926588,652.506199,-144.062565,649.224098,59.951793,-0.010394,1,0
7.467000,-61.939962,203789.066774,178.149114,200982.594383,57.941211,203091.744457,96.369974,645.497722,-23.880266,654.941192,-143.879450,648.930973,59.949179,-0.013461,1,0
7.500000,-61.955334,201634.978342,177.982853,200886.047458,58.179089,202136.602027,96.097015,645.204192,-24.114768,649.979608,-143.414706,645.529445,59.957019,-0.017489,1,0
7.533000,-61.991490,201590.020089,178.239636,201825.433912,58.099844,201689.872863,96.109365,651.887423,-23.637674,649.871602,-144.232301,656.806749,59.956742,-0.006481,1,0
7.567000,-61.916855,202178.530954,178.044098,202169.157162,58.006724,202060.174524,96.152205,644.626136,-23.790570,645.963627,-143.712437,646.795245,59.960931,0.004422,1,0
7.600000,-62.102889,202962.570253,178.104542,201839.220875,58.115287,201631.403502,95.901998,654.098311,-24.043478,646.523201,-143.694582,649.895460,59.959950,-0.010188,1,0
7.633000,-61.903208,201419.432544,178.167846,201883.346038,57.995259,201621.934697,95.899317,653.322401,-23.516241,650.616659,-144.201865,652.129451,59.959048,-0.000067,1,0
7.667000,-62.035311,200769.931227,178.068504,203098.563892,57.991690,200900.341067,96.159327,649.968839,-24.403962,651.764278,-143.885954,651.772526,59.947672,-0.013045,1,0
7.700000,-61.803819,202435.401256,177.976070,200353.394783,57.947767,201889.006966,96.562016,655.452612,-24.183486,649.474717,-144.324461,653.567390,59.955099,0.005045,1,0
7.733000,-62.082722,201983.678172,178.154734,202377.742564,57.863292,201865.805903,95.701717,655.024592,-23.743202,644.531330,-144.085379,653.286530,59.955755,0.008105,1,0
7.767000,-62.031922,202746.997950,178.215724,201113.250292,58.131752,202423.922541,96.103873,644.458310,-23.885464,657.211549,-143.915370,649.006955,59.958727,-0.000510,1,0
7.800000,-62.005022,202923.477112,178.216967,201896.488212,58.028313,201580.814072,95.928373,639.768672,-23.655586,648.346390,-144.162420,649.606670,59.962352,0.007666,1,0
7.833000,-61.877111,203188.169204,177.874883,200100.408100,58.051645,200719.653062,96.658353,641.672828,-24.072111,649.292338,-143.733214,645.235063,59.953208,-0.000137,1,0
7.867000,-61.964049,202728.589314,177.883078,200904.492311,57.913002,201897.877061,96.139951,647.271227,-23.951530,643.359401,-144.226508,643.949338,59.956400,-0.017486,1,0
7.900000,-62.070123,201958.485698,177.746628,202248.267396,57.897394,201377.433110,95.944979,642.907757,-24.265702,643.673309,-144.159397,643.749452,59.958751,-0.008428,1,0
7.933000,-62.084033,202000.462532,178.027535,201657.634465,57.901547,201432.688788,95.907637,646.514996,-23.727082,644.394961,-143.846439,646.478270,59.957032,-0.001579,1,0
7.967000,-62.223926,199980.145814,177.856695,201719.464582,57.833107,200463.940513,95.862023,646.201109,-24.082228,639.289157,-143.951008,648.029030,59.960335,-0.000772,1,0
8.000000,-62.133616,202678.792899,177.961424,200369.034392,58.055741,200477.581719,95.915010,643.928933,-24.370256,647.711910,-143.924811,641.987299,59.964111,-0.010805,1,0
8.033000,-62.130191,202408.655808,177.824040,199587.317435,58.041585,202264.821430,95.890430,646.876937,-24.459604,652.288795,-143.578418,651.698732,59.957355,-0.002396,1,0
8.067000,-62.288804,200446.105054,178.077146,201252.543428,57.887167,200399.722001,95.965096,652.288848,-24.188541,649.155900,-144.026313,648.903729,59.961611,-0.002429,1,0
8.100000,-62.124884,201322.494904,177.927428,200977.457626,57.860592,199386.744878,95.642742,651.400993,-24.251038,649.293198,-144.442488,652.370285,59.959435,0.004125,1,0
8.133000,-62.043753,202343.072876,177.886558,199951.736867,57.884182,200427.902959,96.027630,648.749165,-24.070636,655.099604,-144.073493,650.982697,59.963768,0.006224,1,0
8.167000,-61.965349,203297.120642,177.671191,200483.875498,57.723310,201826.084651,96.354799,646.548456,-24.500953,647.557040,-144.093820,645.561710,59.957900,0.008208,1,0
8.200000,-62.070331,203244.211842,177.872644,202956.026831,57.848365,201877.085394,96.049309,651.381945,-24.349398,650.753614,-144.123206,653.185842,59.960066,-0.001519,1,0
8.233000,-62.157933,201921.252482,177.895215,201936.794656,57.972664,202716.244929,95.703155,652.246390,-24.265551,646.998468,-144.307175,646.244794,59.969154,-0.002193,1,0
8.267000,-61.769948,201949.641771,177.730327,201045.230815,57.988344,201682.359326,96.113242,648.009723,-24.540678,654.669417,-144.226821,648.922065,59.965372,-0.005051,1,0
8.300000,-61.909555,202066.866747,177.929418,201034.215356,57.891927,201133.169239,95.881018,648.363140,-23.983552,652.438991,-144.273508,653.839117,59.962637,0.002249,1,0
8.333000,-61.997508,201146.242854,177.923839,201607.639454,58.068714,201785.700711,96.222893,649.050576,-23.976019,654.771435,-144.193644,646.046732,59.954240,-0.000653,1,0
8.367000,-61.989305,203258.490202,177.914715,201037.044868,58.030269,200425.848216,95.616094,656.161480,-24.485277,656.117943,-143.929166,646.909172,59.961550,0.011293,1,0
8.400000,-62.125039,202134.249958,177.871492,200615.139424,58.093287,201731.975657,96.098426,651.702163,-24.091269,647.033142,-143.542921,647.800488,59.960995,-0.009171,1,0
8.433000,-61.938176,202602.502988,178.180340,200430.114159,58.008622,200635.423235,96.099255,653.587418,-24.174693,642.756601,-143.940122,647.722750,59.964945,-0.001988,1,0
8.467000,-62.090417,201036.042033,177.925468,200660.490850,57.882722,201505.730992,95.801328,658.179405,-24.003902,656.209689,-144.084853,656.742807,59.965166,0.003340,1,0
8.500000,-61.940311,201382.999181,177.882734,201542.796276,58.075031,199864.322958,96.072911,658.523520,-24.279866,659.135693,-143.863879,657.929569,59.958495,0.007537,1,0
8.533000,-61.992113,202258.422220,178.171292,201916.889877,57.923909,202685.323494,96.080881,662.426077,-23.837355,663.709003,-143.990100,662.615134,59.955761,-0.005189,1,0
8.567000,-61.939822,201954.844213,178.120919,201160.152160,58.037550,201937.203467,96.055821,665.811524,-23.872722,657.593114,-143.843690,654.500459,59.958562,-0.006521,1,0
8.600000,-62.026292,202170.024137,177.977601,201970.858475,57.834679,202113.353733,96.101297,661.129014,-24.344156,657.765831,-143.947481,656.333118,59.961583,0.005472,1,0
8.633000,-61.873206,202087.905725,178.026732,202103.749326,58.059506,200747.452024,96.287636,649.856703,-24.253119,659.747979,-144.029746,658.724874,59.964475,0.005977,1,0
8.667000,-61.943776,201820.388942,178.131458,203643.523297,57.948019,200166.349416,95.918126,655.853479,-23.703999,660.318321,-144.120175,655.491004,59.961739,0.005825,1,0
8.700000,-62.007903,200912.973284,177.957241,201935.515020,57.920369,202846.792547,95.899917,664.216239,-24.063406,661.143192,-144.104984,655.626418,59.961958,-0.011513,1,0
8.733000,-62.146606,203318.940075,178.133182,200928.660626,57.915173,202182.292906,95.904705,660.977211,-23.958429,654.718185,-144.200604,653.086501,59.955137,0.009327,1,0
8.767000,-62.044236,200730.591364,177.974962,202110.077733,57.922311,201099.705887,95.696533,656.473137,-24.184520,656.280882,-144.131906,655.081349,59.964700,-0.005364,1,0
8.800000,-62.023879,201430.649084,178.130018,200108.257087,58.010073,200768.484604,96.188700,654.718814,-24.021694,659.131941,-144.291728,653.264305,59.957194,0.006100,1,0
8.833000,-61.882640,202216.452747,178.016629,201114.902510,57.875104,201890.102218,96.028574,652.344400,-23.991640,658.948873,-143.829024,658.507799,59.959219,0.002828,1,0
8.867000,-62.068213,201629.958845,177.910198,202133.452612,58.162337,201707.213011,96.139814,655.145635,-24.183020,657.835547,-143.921966,658.418935,59.958473,0.003085,1,0
8.900000,-61.914176,202600.675441,178.091544,202265.044357,57.960062,201923.633356,95.771086,654.572526,-23.986219,660.669862,-143.886866,660.365461,59.963927,0.000286,1,0
8.933000,-61.833819,202014.969153,178.054808,200297.140184,58.041291,201557.975954,96.094749,655.227071,-23.985291,655.200461,-144.061766,660.066531,59.965389,-0.009394,1,0
8.967000,-61.675898,200303.751447,177.982970,202189.769584,58.196518,202119.785125,96.345592,660.174400,-24.065947,658.998093,-143.699877,659.322285,59.963893,-0.004146,1,0
9.000000,-61.984772,202534.930319,178.078592,201772.828525,58.091747,201875.402127,96.152313,658.382280,-23.672732,662.615014,-143.759461,660.756368,59.967879,0.002321,1,0
9.033000,-61.980534,201164.761417,178.128237,201497.208929,58.027356,200824.968785,95.992591,660.857209,-23.535633,661.048473,-143.992953,656.832636,59.958826,0.007945,1,0
9.067000,-61.807575,201424.753911,177.976948,200228.593620,58.112498,200281.870249,96.236846,658.476226,-24.135283,660.884010,-144.041674,657.399915,59.963823,-0.008214,1,0
9.100000,-62.128136,202020.379047,178.109506,203082.146175,58.024413,202131.412340,95.665415,664.125394,-23.545120,658.620738,-143.860438,655.606089,59.959769,-0.004796,1,0
9.133000,-61.939653,201906.175693,178.174882,202333.096114,58.040732,200650.546586,95.754885,657.801430,-23.898945,659.475077,-143.774958,654.585202,59.968245,0.009963,1,0
9.167000,-61.928457,201679.329052,177.845602,202882.816340,58.003197,199235.444230,96.336314,655.447841,-24.263331,661.963633,-144.122646,657.809737,59.970146,-0.013563,1,0
9.200000,-62.013039,200404.660234,177.881511,200918.723172,58.039236,199331.954476,96.395936,662.396081,-24.179576,659.308081,-143.748646,655.032850,59.960114,0.008584,1,0
9.233000,-61.712115,203182.524866,178.172793,203323.165510,58.336565,200180.823826,96.288814,659.951897,-23.972739,654.806827,-143.606044,650.135028,59.959781,0.004343,1,0
9.267000,-62.016490,201463.776654,177.758362,201717.876374,58.155340,200757.511102,96.298573,654.845019,-24.516244,654.790477,-143.849030,655.773882,59.960811,0.004342,1,0
9.300000,-61.939698,200948.468385,177.946722,200481.190836,58.280885,201880.157666,95.870856,648.259356,-24.060377,649.335638,-143.659389,661.972366,59.968281,-0.004776,1,0
9.333000,-61.990513,201912.165554,177.849355,200958.436128,58.062809,202253.576070,96.194776,658.289873,-24.122585,657.942682,-143.843909,658.553272,59.973797,0.004504,1,0
9.367000,-61.974073,200586.054623,178.083666,199333.280369,57.984752,201811.082564,95.977389,652.391743,-24.114927,656.557517,-143.793172,653.629630,59.970096,-0.002334,1,0
9.400000,-61.946820,201520.778808,178.085842,201723.247989,58.056175,200565.412121,96.287160,651.814519,-23.881699,649.765366,-144.075273,658.232545,59.970134,-0.005759,1,0
9.433000,-61.932937,202271.286056,178.025308,201394.660282,58.023330,202273.573521,95.933257,650.804868,-24.292683,648.492237,-144.096182,647.159397,59.969730,0.001295,1,0
9.467000,-61.854457,202418.490285,177.927918,201608.760196,57.961586,202067.629434,96.109605,643.925642,-24.593032,654.786456,-144.116473,648.601666,59.978476,0.000030,1,0
9.500000,-61.764477,203633.771496,178.109316,203021.840220,58.220505,201044.788012,96.080409,651.889171,-24.121986,656.019376,-143.722415,652.342128,59.966530,0.004805,1,0
9.533000,-62.042007,201439.383685,178.180959,200536.921993,58.188605,201157.414627,96.099912,653.539891,-23.805460,653.601493,-143.556874,655.686802,59.967275,-0.010132,1,0
9.567000,-62.052216,202418.534859,178.023429,200116.702137,58.313723,201385.836242,95.695469,655.704349,-24.291074,658.795493,-143.713486,653.297520,59.967419,-0.008576,1,0
9.600000,-61.940739,200192.764764,178.125283,201669.665552,58.084914,201191.863817,96.149076,654.808888,-23.688962,649.742568,-143.845483,651.052844,59.968958,-0.010983,1,0
9.633000,-61.871859,200564.123132,178.068533,201373.778405,58.192065,200600.163218,95.946132,651.595524,-23.672577,656.373938,-143.818804,659.756039,59.960251,-0.000890,1,0
9.667000,-61.973555,201377.327938,178.069503,201057.778883,58.000079,200808.758685,96.343154,648.312252,-23.981545,647.651327,-144.003923,656.991191,59.963585,0.001103,1,0
9.700000,-61.879641,200896.320790,178.033302,200714.330701,58.082087,201742.920667,96.107958,650.473736,-23.767952,656.205046,-144.246793,660.312421,59.958331,-0.000528,1,0
9.733000,-61.894742,202362.063441,178.100487,200205.838096,58.047677,200445.251063,96.433506,656.943888,-23.533507,656.055406,-144.010908,659.997117,59.967256,-0.016031,1,0
9.767000,-61.763405,201447.609198,178.223367,200421.868921,58.038714,200973.880544,96.169170,653.614150,-23.825498,652.868302,-144.017397,658.508060,59.956320,0.006289,1,0
9.800000,-61.893718,200785.022215,178.088386,199306.570516,57.856677,201091.099775,95.843997,659.956674,-23.835209,665.803735,-143.863113,654.668834,59.962010,0.005556,1,0
9.833000,-61.848644,199288.963583,178.028983,199856.933002,58.032325,200498.272638,96.682436,654.404918,-23.868867,654.111958,-143.864514,657.484926,59.961693,-0.011744,1,0
9.867000,-61.929256,201666.905422,177.907085,201288.722166,58.024080,201682.702135,95.783816,658.546563,-24.156682,654.643541,-144.017415,653.829541,59.966137,-0.001016,1,0
9.900000,-61.822950,201830.956306,178.095521,200317.160048,57.935157,201421.686664,96.063185,657.170387,-23.859604,657.041552,-143.960967,659.843820,59.960373,0.007952,1,0
9.933000,-61.925595,201144.286444,178.205441,201002.361682,58.226778,199817.237579,96.047149,655.926989,-23.619634,655.814949,-143.514560,653.021269,59.964955,-0.003570,1,0
9.967000,-61.949910,201580.158630,178.039384,201728.027546,58.146909,202873.626958,96.067782,658.443896,-23.974209,655.862919,-143.722521,664.618294,59.959342,0.007458,1,0
10.000000,-62.044141,201978.288522,178.026856,200511.664524,58.143915,198961.878880,96.177926,651.548478,-23.603113,656.690860,-143.993381,657.599745,59.961122,0.002992,1,0
10.033000,-62.040199,201123.766478,178.060393,202860.691788,58.124243,201076.275248,96.185414,652.713804,-24.105860,658.446495,-143.879672,653.116174,59.958523,0.015408,1,0
10.067000,-62.177815,202178.851939,178.064535,201685.459528,58.132796,201294.274641,95.805078,661.464780,-23.952327,654.256876,-143.669204,661.598337,59.962418,0.006340,1,0
10.100000,-62.063882,202878.865261,177.936007,201465.022623,57.900747,199889.452466,96.182977,657.369174,-23.969394,658.437908,-144.173066,658.648613,59.966940,-0.001202,1,0
10.133000,-62.029405,202861.985056,178.147809,199384.137378,58.001752,202623.497104,95.914647,657.395173,-23.917917,661.959723,-143.928162,660.318548,59.955828,-0.008590,1,0
10.167000,-62.166877,202262.206726,178.008901,201412.552197,57.731264,201946.870838,95.920047,656.587463,-24.057287,665.506784,-144.398534,659.809468,59.962969,-0.003205,1,0
10.200000,-61.943091,199737.070960,178.017335,200163.776339,58.078350,200470.616704,95.954379,657.912413,-23.720519,655.059382,-143.918306,656.401866,59.960597,0.007857,1,0
10.233000,-61.912446,201260.191432,177.981562,199817.528124,57.953302,202356.045046,95.793789,658.375679,-23.876868,651.257552,-144.064294,658.208676,59.963709,-0.001324,1,0
10.267000,-61.938428,202049.854787,177.971874,201799.094596,57.976577,200452.186612,96.117335,661.194274,-23.995735,655.091237,-143.790951,653.995116,59.962324,-0.012927,1,0
10.300000,-61.871094,203164.512366,178.311037,200614.842310,58.023816,201275.096244,96.327253,659.599784,-23.792270,659.510800,-144.357418,656.418635,59.969977,-0.006759,1,0
10.333000,-61.990556,201463.413225,178.042010,200001.278698,57.903775,202445.353070,95.718736,657.837571,-24.124795,661.623605,-143.918097,658.673080,59.970722,0.003313,1,0
10.367000,-61.798681,201297.255204,177.955876,202663.288937,58.111519,202369.541082,96.189779,660.100275,-24.075205,653.821558,-144.125234,658.125693,59.960114,0.006452,1,0
10.400000,-61.946886,201288.033938,177.948754,201094.188642,58.007565,201027.644961,95.944397,655.833025,-23.858696,653.990223,-143.749827,657.388166,59.958264,-0.020090,1,0
10.433000,-62.166007,200775.720130,178.196378,201417.341818,57.862310,200764.577319,95.710480,649.374865,-23.844789,655.766117,-143.974058,654.373795,59.963477,0.001427,1,0
10.467000,-62.030660,200992.464870,178.067594,201626.917249,58.138831,200739.065740,95.944219,648.850562,-23.976120,653.750036,-143.815447,653.595685,59.969224,0.010511,1,0
10.500000,-61.933937,201591.617424,177.954881,200049.508733,57.851337,199553.492066,96.337473,652.127069,-23.871936,658.791806,-144.125180,654.071367,59.963632,0.006504,1,0
10.533000,-62.071789,201623.320990,178.059695,201714.629504,57.962080,200480.733158,96.043434,659.153436,-24.060403,656.337730,-144.305401,650.078072,59.958957,0.001387,1,0
10.567000,-61.949599,201919.704243,177.876264,200971.874583,58.015355,200918.602996,96.167796,652.361409,-24.320607,652.933746,-143.856624,657.666908,59.964886,-0.011497,1,0
10.600000,-61.896633,199614.600423,178.174682,202223.809577,57.890336,201741.171212,96.021042,647.083747,-23.720526,649.714329,-143.944023,651.337961,59.960857,-0.002579,1,0
10.633000,-61.860753,201760.393404,178.160718,200713.515724,57.986886,201228.379543,96.484241,654.804384,-23.845618,653.382054,-143.857986,648.692186,59.958345,0.007435,1,0
10.667000,-62.065163,201369.875815,178.044578,201661.606142,57.919821,200738.595265,96.165535,648.835728,-24.006531,653.842269,-143.828802,648.652781,59.961485,0.009426,1,0
10.700000,-61.961873,201014.109292,178.065678,201161.952364,58.044012,202062.208939,95.735013,649.546479,-23.719821,649.764980,-144.109557,650.065732,59.956824,0.005508,1,0
10.733000,-62.026634,201308.496275,178.179130,200227.721954,58.028745,200395.298558,95.841981,649.092032,-23.884326,654.781210,-143.929451,655.124676,59.954458,-0.009737,1,0
10.767000,-61.947990,201991.851237,178.032749,200396.891294,58.091515,200124.274950,96.135633,648.554084,-23.905126,650.634863,-143.948065,650.129148,59.959708,0.008778,1,0
10.800000,-61.818889,201179.168064,178.178952,202212.607902,58.039506,200945.284793,96.148164,658.383459,-23.675876,645.584339,-143.911948,648.642507,59.965169,0.002634,1,0
10.833000,-61.966644,201902.618692,178.158860,200828.697274,57.999576,201482.082814,96.237252,649.189234,-23.708815,653.798389,-143.977742,656.592041,59.965631,-0.003044,1,0
10.867000,-61.789970,202612.474876,178.142956,200377.986599,57.973338,201760.528020,96.557197,652.420573,-24.051822,653.912212,-144.054464,652.186577,59.956183,-0.002727,1,0
10.900000,-61.686207,201624.180621,178.121008,201476.574412,58.083279,201426.608949,96.253126,658.059998,-23.980531,656.750370,-143.630961,647.055972,59.959544,0.007135,1,0
10.933000,-61.811435,203288.318412,177.971238,201797.387694,58.046711,201106.484491,96.375891,647.985388,-23.968202,642.915613,-143.791707,649.944674,59.964854,0.004165,1,0
10.967000,-61.654593,201171.153779,177.985300,201764.607436,57.971364,203190.009982,96.064250,642.115604,-23.992572,650.195106,-143.856068,649.524355,59.952824,0.000514,1,0
11.000000,-61.911758,201227.742956,178.154743,201935.737110,58.263181,201747.904502,96.393014,650.562316,-24.293464,644.941216,-143.836640,644.334826,59.956121,-0.001359,1,0
11.033000,-62.073409,203365.499307,178.095502,201232.131897,58.064896,199300.148997,96.121980,655.136570,-23.886965,647.897306,-143.931626,651.588655,59.953268,-0.006992,1,0
11.067000,-61.970459,200750.780572,178.054587,201766.305408,57.976349,201115.405213,95.723899,647.552944,-24.021700,649.206732,-144.044190,651.352481,59.950510,-0.004364,1,0
11.100000,-62.056739,201863.092231,178.128213,200835.113143,58.039478,200326.019460,96.083783,652.231726,-23.768059,648.411073,-143.894142,660.383822,59.953124,0.008706,1,0
11.133000,-61.919548,201198.737130,177.987205,202212.342627,57.864746,201728.969314,96.088452,651.562148,-23.770101,647.147405,-144.090881,644.811891,59.959614,0.000079,1,0
11.167000,-62.010331,200685.568759,178.019197,200229.417886,58.086260,199543.839926,96.002523,644.108638,-23.781990,653.136351,-144.132663,647.959356,59.956368,0.015520,1,0
11.200000,-62.045284,201599.701959,178.083888,200728.890921,58.121834,200917.520310,96.127064,654.046924,-23.865427,649.603780,-143.647928,647.158380,59.949378,-0.001585,1,0
11.233000,-61.949145,203733.301885,178.028892,201646.469359,58.130962,200093.927106,96.380289,650.189258,-24.225398,648.806711,-144.090274,650.626240,59.952868,-0.007263,1,0
11.267000,-62.013803,201456.740680,177.963104,200969.052677,58.060237,199966.851388,95.918098,651.743283,-23.847031,648.895555,-144.205711,653.510213,59.953905,-0.004721,1,0
11.300000,-62.082396,201149.739176,178.031059,201051.925705,57.944036,201628.358968,95.974371,649.188841,-24.145024,647.014577,-143.947409,647.505737,59.954881,0.003948,1,0
11.333000,-62.077810,201254.225412,178.032755,201285.622051,57.816894,200918.625528,95.461921,657.109531,-24.463660,648.060688,-144.427430,653.963326,59.961397,-0.003231,1,0
11.367000,-61.881381,200638.206883,178.153685,200678.355358,57.917472,200025.915246,96.308851,650.240908,-23.473696,656.991031,-143.689444,652.586224,59.952961,-0.002121,1,0
11.400000,-61.902881,202646.329158,177.888656,201698.868178,57.844370,201242.728960,95.719900,652.727929,-24.366421,654.926458,-144.147926,656.613800,59.951367,-0.000137,1,0
11.433000,-61.938352,200792.286926,177.873814,199820.623069,58.027866,201633.923063,95.716310,653.390053,-24.303556,651.420870,-143.833625,654.537390,59.957616,-0.010051,1,0
11.467000,-62.094723,199626.343970,177.933212,200390.047099,58.029025,200743.391335,95.707843,653.196152,-24.389574,657.155391,-144.044551,656.508656,59.957182,-0.004239,1,0
11.500000,-61.860221,202658.583782,177.956021,200203.647311,57.977744,201004.504203,95.787557,661.409448,-23.861988,659.070481,-143.771814,649.201192,59.958763,-0.007300,1,0
11.533000,-61.943256,200009.853172,178.227779,200196.252654,58.013311,200881.660185,96.318815,669.259652,-23.804227,655.891864,-143.996250,660.938795,59.951504,0.006364,1,0
11.567000,-61.806970,202004.057558,178.079468,200180.025315,57.947418,199200.125231,96.276166,658.539978,-23.773434,658.190438,-144.090806,662.109103,59.954121,-0.016460,1,0
11.600000,-61.972848,200983.680119,178.012845,199294.773082,58.004323,199593.288513,96.193001,665.600635,-24.036754,661.848427,-143.999001,663.253910,59.955146,0.006199,1,0
11.633000,-61.970368,201097.228063,177.901366,199615.226088,58.138066,200937.390276,96.361477,655.388020,-24.321601,658.052248,-144.138600,659.725343,59.950415,-0.002868,1,0
11.667000,-61.976486,200318.021055,177.990202,200143.460176,58.004884,200192.748213,96.058973,661.922337,-23.691777,663.528283,-143.789484,660.329638,59.954450,-0.006984,1,0
11.700000,-62.150292,199477.971420,177.886878,201208.859105,57.874788,198563.195344,95.929332,666.989193,-24.428059,661.848060,-143.997532,659.426836,59.950903,0.007439,1,0
11.733000,-61.980418,201530.297746,178.031397,201125.231254,58.124879,201257.137956,95.766732,656.734912,-23.991328,658.933394,-143.690024,657.613390,59.955484,-0.003068,1,0
11.767000,-61.825542,201357.550046,178.014663,200739.284204,58.126874,200774.645749,96.055507,663.181847,-23.662575,660.590617,-143.948841,655.042127,59.958839,0.004551,1,0
11.800000,-62.071251,200101.166062,178.199930,200959.024754,58.119404,199959.003542,96.129716,660.132994,-23.979415,662.155748,-143.771512,665.473258,59.959566,-0.002201,1,0
11.833000,-62.104975,201027.509967,178.137529,198776.683477,58.074266,200543.828040,95.866211,664.733990,-23.931835,659.947256,-143.639138,658.272479,59.954548,0.005131,1,0
11.867000,-62.075710,200151.672358,177.812570,202160.374868,58.058326,200021.246352,95.890619,654.483288,-24.149169,663.972054,-144.190011,662.703122,59.954409,0.001572,1,0
11.900000,-62.070301,200768.038209,178.219878,202317.056177,57.890954,200259.157206,96.167312,666.222873,-23.467170,662.054728,-143.711176,668.857828,59.957807,-0.005141,1,0
11.933000,-61.922650,202293.711694,178.057188,199356.894865,57.947437,200223.281802,96.039601,662.984680,-23.854223,669.326899,-144.023012,663.699881,59.965995,-0.001268,1,0
11.967000,-62.040869,201045.779610,178.124864,200989.742235,58.036957,199520.705594,96.020140,664.182457,-23.830882,666.957106,-144.034667,665.767035,59.960448,0.012424,1,0
12.000000,-61.941578,200003.830497,177.932700,201707.067980,58.064896,202007.581529,95.875943,658.942218,-24.090382,660.369823,-143.971980,655.853852,59.957621,0.003253,1,0
12.033000,-61.924900,199881.569820,177.997027,199749.284282,58.046758,199429.669046,96.089341,664.463759,-23.818604,663.995090,-144.395399,656.892265,59.953662,-0.007350,1,0
12.067000,-62.010905,201954.302483,178.240802,200315.281051,58.066395,201084.287131,95.997673,664.852663,-23.643765,659.613085,-144.103370,665.023990,59.954169,-0.006134,1,0
12.100000,-61.901314,202011.287485,178.020683,202164.590590,58.009638,201228.252549,96.067399,663.727849,-23.938236,667.074591,-143.858573,669.633699,59.956811,-0.006462,1,0
12.133000,-62.047833,202558.061637,177.946867,202150.098921,58.185578,201842.562222,95.724885,665.799999,-24.059242,663.433179,-143.749588,661.002809,59.951419,0.013945,1,0
12.167000,-62.022772,200195.949292,178.064063,202448.906068,58.142472,200383.863943,95.700500,664.696892,-23.976224,663.657808,-143.853582,658.617504,59.959107,0.007063,1,0
12.200000,-61.949674,201272.104550,178.007349,200979.689617,58.087712,202508.720313,95.950716,668.022096,-23.845101,662.430029,-144.361138,661.183536,59.961626,-0.002821,1,0
12.233000,-61.890943,201649.047636,178.024956,201137.189321,58.033685,202335.679476,96.229131,660.311158,-24.200984,663.287255,-144.089889,661.197744,59.962642,-0.014588,1,0
12.267000,-62.148128,201605.423351,178.243543,199874.492272,58.120243,200336.157963,95.908411,659.595732,-23.770516,660.542469,-143.684472,665.662819,59.968807,-0.007499,1,0
12.300000,-61.805323,201609.727561,177.901410,200304.270506,58.421841,200492.771406,96.465323,663.141951,-24.031103,657.401337,-143.418931,667.661501,59.962112,0.000854,1,0
12.333000,-61.876738,201303.237328,177.876785,200768.548812,58.158498,202590.094045,95.972181,665.150575,-24.392371,656.883235,-143.846644,666.804067,59.962309,-0.007693,1,0
12.367000,-61.994555,202394.729354,178.028486,202988.843672,58.174047,202071.420706,95.901871,667.199747,-23.950748,667.272456,-143.709957,664.730835,59.964969,-0.003058,1,0
12.400000,-62.068304,201448.228094,178.022608,201378.556001,58.127006,202795.658262,95.590615,668.184090,-24.365208,668.622363,-143.883627,667.698187,59.967839,-0.004522,1,0
12.433000,-61.964309,201039.617424,178.080225,202291.137640,58.144834,200826.879146,96.208178,663.395483,-24.108371,662.950431,-143.740062,659.755056,59.968973,0.001918,1,0
12.467000,-61.859345,201940.372548,177.883905,201252.545795,58.117985,201175.386340,96.306900,664.091652,-24.253279,663.867549,-144.166349,660.576920,59.954660,-0.000083,1,0
12.500000,-61.779372,201208.112422,177.933347,201091.779104,57.991947,202653.822868,96.339135,664.398545,-23.676472,659.617901,-143.972748,668.447944,59.961899,0.002728,1,0
12.533000,-61.799300,200751.704041,178.065422,201317.771107,57.919162,200446.740282,96.413375,665.461914,-24.084101,664.641851,-144.138813,662.963546,59.954164,-0.001244,1,0
12.567000,-61.712624,201155.932193,178.021533,202373.784632,58.062568,201754.283356,95.887915,666.028503,-24.110535,664.600499,-144.010990,660.345063,59.960196,0.013183,1,0
12.600000,-61.936126,203071.151512,178.066573,201774.139398,57.962610,200204.039035,95.941133,655.822110,-23.691936,661.371157,-143.914636,661.423804,59.961337,0.004795,1,0
12.633000,-61.785645,203809.436890,177.938377,200625.990026,58.155214,201779.026408,96.166085,666.191350,-24.066518,659.358987,-143.620810,661.201040,59.950409,-0.008046,1,0
12.667000,-61.769630,200421.077279,177.810705,199762.738233,58.239372,200028.490885,96.268131,657.786258,-24.438433,658.207814,-143.659448,660.113158,59.947545,0.003458,1,0
12.700000,-61.911377,200644.441142,178.089763,202481.675392,57.996695,200892.940206,95.918176,661.243319,-23.757647,660.757004,-144.018903,655.069146,59.953246,-0.013712,1,0
12.733000,-62.003803,202550.309135,178.272965,200441.664448,57.969051,201339.785545,96.220226,666.285752,-23.556745,663.765421,-143.636555,661.995304,59.957649,-0.002725,1,0
12.767000,-62.028628,201993.599710,177.804752,201883.570167,58.005950,201899.050482,95.937816,662.176092,-24.155080,659.502749,-144.076572,664.983496,59.957713,0.005449,1,0
12.800000,-61.906345,200947.028946,177.721413,199556.089160,58.126845,201815.799162,96.017774,658.838351,-24.669917,658.520184,-143.999891,660.350021,59.955336,0.002526,1,0
12.833000,-62.031169,200440.509191,178.188630,201703.793017,58.198669,201496.338699,96.014527,663.492088,-23.910239,656.701520,-143.744268,664.733997,59.956983,-0.008530,1,0
12.867000,-61.953132,201211.388444,177.991220,201511.351032,58.036018,201502.523205,96.251625,662.664040,-23.913619,665.305012,-143.516609,660.006903,59.953114,0.005481,1,0
12.900000,-61.978625,202943.024978,177.882654,201667.160724,57.983057,202099.388493,95.488787,662.965180,-23.953019,667.708618,-143.838411,669.022258,59.949331,0.001378,1,0
12.933000,-61.949118,201972.419088,178.058761,202464.298044,58.019625,202877.239159,96.229001,667.670546,-24.047829,667.317900,-143.856207,671.073249,59.961449,0.001247,1,0
12.967000,-61.962072,201438.156934,178.065479,200096.768274,58.071075,199552.578927,96.045609,664.990659,-24.003270,665.537745,-144.074928,665.188274,59.948910,-0.003529,1,0
13.000000,-61.981014,203256.440306,178.192244,201804.395739,58.058393,201888.529446,96.033278,663.271255,-23.863798,666.701852,-144.066866,663.449411,59.952642,-0.001533,1,0
13.033000,-62.040475,201755.094633,178.161280,200042.939656,58.120068,201702.642315,95.779753,661.364679,-23.814046,668.580865,-143.395211,661.138634,59.959251,-0.003827,1,0
13.067000,-61.907066,201259.678278,178.181576,202094.646227,58.220999,201275.159432,96.169788,659.313956,-23.532767,666.033264,-143.685774,662.647244,59.959237,-0.007863,1,0
13.100000,-61.984749,201540.367414,178.451858,201983.973164,58.182614,201751.372570,95.733155,663.360721,-23.433848,658.956591,-144.189847,671.541233,59.950714,0.004311,1,0
13.133000,-61.856819,201751.534576,178.200867,202733.693412,58.019315,201317.527418,95.859496,667.167249,-24.089955,665.162113,-143.687115,665.058182,59.947126,0.008498,1,0
13.167000,-61.914702,202732.700713,178.042618,200597.282321,58.185553,201272.602767,96.313365,664.027820,-24.041121,671.351123,-143.644416,663.879887,59.953106,0.019354,1,0
13.200000,-61.772461,201570.300281,178.105621,199318.042115,58.198651,201110.847750,96.203631,662.077308,-24.016873,667.587644,-144.150196,666.647785,59.945915,0.004408,1,0
13.233000,-61.885264,202762.622935,178.213468,202187.089099,57.841778,201114.798005,96.402527,666.836311,-24.066700,663.736226,-143.953066,663.528653,59.953001,-0.002476,1,0
13.267000,-61.901361,201589.061501,177.883799,200947.035350,58.161256,201491.070208,95.847241,660.766750,-24.313425,668.847912,-143.928977,665.200653,59.954818,-0.009078,1,0
13.300000,-61.992785,201255.516286,178.133187,201149.405981,58.128371,198999.068467,95.936118,661.947709,-24.030479,667.792050,-144.030846,664.862317,59.965738,0.001976,1,0
13.333000,-61.851017,201434.130347,178.053022,201606.410388,58.086896,199930.524701,96.279675,671.706530,-23.979445,667.862303,-143.900764,672.559515,59.963592,-0.003830,1,0
13.367000,-61.909524,202670.518453,178.034815,202113.995455,58.066820,200738.787927,96.268090,668.918414,-23.917611,662.964672,-143.716282,665.241469,59.961648,0.000469,1,0
13.400000,-61.914500,201906.773170,177.968251,201823.423628,57.883355,201314.099063,96.387625,667.214059,-24.082467,671.357374,-144.080052,663.723088,59.963822,-0.005299,1,0
13.433000,-61.892210,202222.770503,177.849658,201782.793541,58.021758,202926.423807,95.951300,669.517653,-23.680662,667.973560,-144.009841,659.506694,59.959759,0.006850,1,0
13.467000,-61.981329,202328.888918,178.016378,200618.713916,58.080584,201132.613398,96.096531,665.051182,-24.194142,659.336005,-143.837415,659.249825,59.961936,0.013660,1,0
13.500000,-61.990772,202335.844713,178.082209,201191.038539,58.149431,201394.411863,96.055241,670.059115,-23.786681,667.125065,-144.010137,670.972426,59.957399,0.000375,1,0
13.533000,-61.938597,203493.256736,177.881519,200476.554796,57.990770,200844.356598,96.149794,666.129501,-24.058674,666.269038,-144.153550,666.357395,59.953776,-0.002453,1,0
13.567000,-61.870732,202327.947816,178.024446,202453.646778,58.087409,201293.861395,96.060637,668.013361,-23.926641,661.982751,-143.654085,668.964649,59.953980,0.005346,1,0
13.600000,-61.978148,202074.087483,178.150823,201218.241416,57.863614,202548.960687,96.322805,662.093440,-23.876037,670.030438,-144.326470,671.782528,59.962640,-0.001435,1,0
13.633000,-62.019629,202983.537515,178.116868,201958.381656,58.097804,203057.188250,96.153676,664.941530,-24.000186,661.987717,-143.814468,663.242939,59.956361,0.003225,1,0
13.667000,-61.990309,201710.691847,178.030815,199916.439640,57.999313,201224.089366,95.924709,656.202399,-23.905500,660.652051,-144.061992,669.859240,59.958794,0.009388,1,0
13.700000,-62.110066,202286.807191,178.093200,202055.187362,58.151072,202177.395711,96.116540,663.578892,-24.026157,656.512388,-143.728992,661.001241,59.960305,0.004727,1,0
13.733000,-61.888600,203052.805788,178.047928,201211.958642,58.101927,200373.444514,96.278276,658.386869,-23.935336,663.741435,-143.805569,653.979459,59.960593,0.006678,1,0
13.767000,-61.919535,201034.375881,177.991678,203515.794322,57.933371,200889.140168,96.086545,665.530760,-24.027893,660.868051,-144.455046,661.751621,59.962228,0.012327,1,0
13.800000,-62.004501,201725.241248,178.025087,201491.030013,58.053554,202858.661483,95.983354,661.190941,-23.917582,664.744901,-144.066647,659.947907,59.960907,-0.000468,1,0
13.833000,-62.011906,201534.600278,177.987064,201398.066941,57.897828,200073.113786,95.934783,660.873086,-24.063248,657.097607,-144.058375,661.845271,59.967017,0.006511,1,0
13.867000,-61.936191,201522.694783,177.978228,202632.493429,57.934717,202018.848064,95.977470,667.607767,-24.088248,663.278885,-144.010631,655.249596,59.963195,-0.004284,1,0
13.900000,-62.031671,202285.545841,178.067718,201330.159178,57.966982,201668.189655,96.272789,659.290814,-23.913195,655.970935,-143.883166,666.386987,59.966089,0.000078,1,0
13.933000,-61.949468,202622.769119,178.036069,202592.947849,57.914240,201205.256321,96.252774,660.585924,-23.976591,656.800175,-144.314329,654.072308,59.956945,0.006336,1,0
13.967000,-61.956077,202901.347537,178.242638,200389.434141,57.957194,200594.753803,96.181128,666.669967,-23.748065,664.289732,-144.038812,658.490448,59.958404,-0.003032,1,0
14.000000,-61.950930,202626.742069,178.123670,201842.778563,57.995548,201594.177780,95.770138,660.386742,-23.873850,662.033375,-143.992906,664.152318,59.965568,-0.015125,1,0
14.033000,-62.024441,199761.657161,178.109767,201385.088020,58.130244,201460.224066,95.746320,666.457005,-23.633998,661.215146,-143.972853,656.699075,59.962890,0.003901,1,0
14.067000,-61.922007,202508.511179,177.956728,200960.655343,58.107179,201875.051624,96.135201,660.633815,-23.860992,656.950534,-143.613606,662.088830,59.957823,0.000209,1,0
14.100000,-61.757259,201241.951278,178.019721,201700.186983,58.062148,200602.813857,96.007837,657.175672,-24.033502,658.490696,-143.721453,659.653911,59.961056,-0.000885,1,0
14.133000,-61.967632,203220.711908,178.221001,200950.452966,58.211217,199859.583251,96.257773,660.432601,-23.572517,658.877080,-143.640846,659.852210,59.958438,0.007635,1,0
14.167000,-61.669504,202872.959067,178.098780,201020.641523,58.195861,200414.155640,96.111006,654.401603,-23.835303,660.495713,-143.676366,658.835517,59.970691,-0.002317,1,0
14.200000,-61.820595,203270.697061,178.094456,200913.098066,58.300735,202497.161333,96.273188,655.205569,-23.768983,658.618345,-143.967070,662.632817,59.960434,-0.004009,1,0
14.233000,-61.880052,202810.318131,178.165301,200755.691112,58.244881,200996.502820,96.238639,659.127505,-23.880338,656.493244,-143.406418,662.501684,59.956635,0.009617,1,0
14.267000,-61.811024,202076.397821,178.079762,201320.122196,58.200031,201128.853671,96.275219,656.311583,-23.884680,657.382868,-143.782507,660.059604,59.964165,0.005086,1,0
14.300000,-61.912457,201408.285677,178.095188,201354.170137,58.096385,202623.099440,96.035783,652.120552,-23.702203,652.158679,-143.884779,658.589206,59.963560,0.003113,1,0
14.333000,-61.712634,200569.634536,178.073929,202680.643124,58.079460,202127.193351,96.615772,660.484061,-23.869826,662.758062,-143.946490,657.455111,59.958052,0.001599,1,0
14.367000,-61.838388,202292.432763,178.208722,201722.292847,58.174080,201932.614953,95.913598,659.083496,-23.942128,660.768797,-143.771834,653.430473,59.963082,-0.001018,1,0
14.400000,-61.664671,202147.483710,178.028862,203176.414962,58.368114,204619.919949,96.409569,654.835459,-23.930651,663.458295,-143.252990,656.730581,59.957547,-0.002795,1,0
14.433000,-61.758855,201379.338315,178.090053,202608.971272,58.328106,202364.937895,96.243770,663.704728,-23.750634,651.115055,-143.933051,659.105410,59.959186,0.015511,1,0
14.467000,-61.897436,201542.673230,178.099998,201758.380675,58.349274,202595.048113,96.231656,659.440819,-23.899576,658.862990,-143.599558,665.291719,59.957290,-0.004298,1,0
14.500000,-61.723363,202744.360465,178.029584,202157.535415,58.171311,202011.448118,96.335953,657.105548,-23.901662,663.553026,-144.081683,659.454182,59.958476,0.001566,1,0
14.533000,-61.912792,203154.670750,178.161052,200501.849942,57.994606,203875.430246,95.969270,660.529889,-23.906917,657.042447,-144.210358,658.167770,59.948106,-0.003532,1,0
14.567000,-61.675067,202466.285708,178.113705,203585.053719,58.061566,201776.764721,96.384132,655.976165,-24.147460,656.115809,-143.848568,657.694737,59.963079,-0.009259,1,0
14.600000,-61.917619,204051.980620,178.082321,202180.732931,58.140408,201870.055658,96.213081,662.520689,-24.075173,661.723595,-143.624047,662.087719,59.955622,-0.008355,1,0
14.633000,-61.703221,202637.279221,178.101149,201087.200385,58.099952,202209.987015,96.201918,659.604536,-23.854981,663.223915,-144.049927,664.394358,59.956883,0.007276,1,0
14.667000,-62.023020,203409.070816,178.128619,202868.124276,58.079320,203737.377048,95.778250,665.381100,-23.780592,662.963290,-144.045967,663.642639,59.955344,-0.008472,1,0
14.700000,-61.807124,203067.604545,177.995134,200758.115526,58.142440,200287.345541,96.339219,666.314405,-24.204293,660.035294,-143.691829,662.992765,59.957660,-0.007093,1,0
14.733000,-61.899503,202407.086927,178.303390,201523.779713,57.993960,200788.310306,96.252898,665.460322,-23.697762,671.350824,-144.067870,660.701159,59.955737,0.005970,1,0
14.767000,-61.825821,202903.281924,178.276088,200469.007473,58.031277,201537.977719,96.252991,670.090734,-23.284639,664.278765,-144.078643,660.475375,59.956870,-0.003009,1,0
14.800000,-61.876721,200639.999214,178.112451,201464.518973,57.898637,202655.326081,95.648018,662.064064,-23.536293,663.638026,-143.826818,666.333577,59.951007,0.005411,1,0
14.833000,-61.984496,200605.525449,178.366969,202917.319218,58.246292,200035.927195,96.200153,664.757280,-23.190107,666.175094,-143.789974,671.670059,59.960585,0.001111,1,0
14.867000,-61.818956,201891.940460,178.231198,203249.203198,57.991610,201265.194072,96.499531,667.013563,-23.829882,671.875681,-143.742471,666.672563,59.952630,0.014618,1,0
14.900000,-61.953521,203088.317196,178.134610,201694.954554,58.154841,201882.207796,96.225152,671.896706,-23.768583,672.101173,-143.480809,666.526898,59.963830,-0.004068,1,0
14.933000,-62.022098,200871.173885,178.112514,201538.315850,57.833572,200208.817137,95.919876,669.114053,-24.009261,672.416066,-144.321849,670.314947,59.961158,0.003679,1,0
14.967000,-61.893711,203408.743180,177.981379,199973.143259,57.929465,200248.355903,96.178713,667.314383,-23.953079,663.733301,-143.908133,667.723723,59.947773,-0.002952,1,0
15.000000,-62.000016,201122.353710,178.221847,200880.374435,58.041488,201564.168285,95.680040,668.390104,-23.848013,669.008843,-143.875584,663.271320,59.953516,0.001117,1,0
15.033000,-61.925624,203268.115994,178.187420,202487.500536,58.091556,199402.644966,96.536874,671.034121,-23.742281,668.581044,-143.885514,665.860545,59.949893,-0.001794,1,0
15.067000,-61.732885,201385.916869,178.040319,200656.454545,58.255921,200385.817650,96.529795,664.834388,-23.758836,666.582605,-143.811897,663.736440,59.952694,0.005428,1,0
15.100000,-61.857265,200988.225319,178.200052,200573.783315,58.165410,200207.920073,96.153212,665.876246,-23.754260,665.534782,-143.902000,667.033323,59.949910,-0.001027,1,0
15.133000,-61.924181,199791.203125,177.946082,200585.503474,57.941158,200619.127235,95.838040,673.309235,-24.001952,667.507866,-144.290266,669.667604,59.948971,0.000559,1,0
15.167000,-61.967140,201394.971743,178.062459,201900.771552,58.160284,201789.477384,95.955759,669.087011,-23.740562,662.638490,-144.003882,670.923573,59.947568,0.000571,1,0
15.200000,-61.854076,201575.549258,177.986299,202105.397938,58.169384,199995.507410,96.158479,667.542761,-23.917883,666.666248,-143.940669,665.771740,59.954016,-0.001043,1,0
15.233000,-61.815005,203677.758388,178.036136,200935.511346,58.111906,202307.937090,96.067545,667.692951,-23.836526,671.077398,-144.012749,670.255793,59.943958,-0.002780,1,0
15.267000,-62.166158,201291.432766,178.188526,201919.958493,58.112665,200351.373107,95.936034,663.813674,-23.849768,665.681454,-143.760556,670.581585,59.951605,-0.002169,1,0
15.300000,-61.795819,201543.474382,178.165538,201396.909641,58.133912,200432.708915,95.918121,669.007634,-23.470698,664.857964,-144.028977,669.062633,59.953562,0.001095,1,0
15.333000,-61.881384,201633.720681,178.202423,200609.518826,58.186604,202447.199793,95.869167,667.680465,-23.706158,664.386587,-143.745321,666.119074,59.957671,0.003167,1,0
15.367000,-61.808725,201448.886577,178.066270,201795.572989,57.853604,200717.511345,96.023878,667.840523,-24.058023,662.252472,-144.329771,665.366322,59.947920,-0.008067,1,0
15.400000,-61.980882,200956.098084,178.210573,200079.729521,58.102531,202439.344009,95.944157,658.477022,-23.660831,664.825403,-143.794699,669.271058,59.953559,0.013204,1,0
15.433000,-61.754513,200144.435051,178.029072,201579.314792,58.121991,199925.778579,96.318170,662.033958,-23.889821,660.063132,-143.922718,668.958860,59.953343,-0.005456,1,0
15.467000,-61.920286,201640.746959,178.153119,200148.221281,58.167450,201534.478163,96.143479,659.158099,-24.050105,667.593186,-143.726087,669.781666,59.953859,-0.001573,1,0
15.500000,-62.050165,203289.617532,178.079934,201482.558113,58.274728,201174.156869,95.840673,657.621141,-23.932634,668.555517,-143.760594,659.423259,59.946354,-0.004226,1,0
15.533000,-62.149893,200741.325806,178.053446,202461.641829,58.030256,201283.863508,95.766074,661.736211,-24.127343,663.202857,-144.088364,661.374308,59.947156,-0.000199,1,0
15.567000,-61.955081,201927.029888,178.190713,202305.963615,57.890661,202744.713360,95.820596,667.469528,-23.980706,667.433082,-143.792089,666.982657,59.946905,-0.004309,1,0
15.600000,-61.922866,201781.292011,178.063019,199311.325806,57.962055,202151.097341,96.175411,663.759537,-23.923439,667.207878,-143.798771,661.622117,59.942774,-0.000880,1,0
15.633000,-62.031439,201082.467510,177.891018,204613.292526,58.088329,201246.730926,96.142278,667.186134,-24.490546,664.708315,-144.016263,666.298361,59.948657,-0.004395,1,0
15.667000,-61.899851,200663.833488,177.922246,202013.664086,57.950189,201674.440921,96.204801,673.334132,-24.123930,667.600127,-143.916248,667.692896,59.951514,0.008742,1,0
15.700000,-61.882136,202753.178319,177.832638,200991.583653,57.989359,201790.523021,96.087790,662.444308,-24.285116,665.253835,-144.163024,672.554673,59.951465,0.011756,1,0
15.733000,-61.898873,201938.026042,178.060680,201958.856368,57.993408,200158.894960,95.984186,666.123038,-24.160891,663.330571,-144.195081,663.395163,59.948635,0.001068,1,0
15.767000,-62.172764,199294.432294,178.048231,201166.517804,57.907789,201459.104444,95.803000,658.863698,-23.689385,663.042295,-144.128972,664.647864,59.954354,-0.003819,1,0
15.800000,-61.978252,201002.317755,177.873005,201928.915955,57.950032,201221.047374,95.927631,658.278641,-24.050467,662.811164,-144.107936,662.329339,59.954262,0.007293,1,0
15.833000,-61.945817,201243.934252,178.082045,201110.663011,58.176326,201895.531728,95.843076,662.351172,-23.879154,662.121919,-143.726372,664.834596,59.951734,0.002274,1,0
15.867000,-62.179096,204335.107743,178.083222,201468.858231,57.998155,203457.065579,95.773764,653.420628,-23.838346,662.419519,-143.816492,654.980179,59.946879,-0.003367,1,0
15.900000,-61.960199,202596.308793,177.782626,201942.197967,58.153135,202307.318536,96.030526,660.059216,-24.254605,658.727773,-143.776833,670.286449,59.952079,0.001577,1,0
15.933000,-62.034712,201592.718029,178.045583,202919.013276,58.002089,201220.508838,95.983733,660.270992,-23.814307,665.632776,-143.978972,663.797324,59.955642,-0.009999,1,0
15.967000,-62.153361,202033.470382,177.920308,202103.681940,57.932683,202856.278188,95.681282,660.432214,-24.010631,656.366034,-143.967879,659.703225,59.954039,0.012771,1,0
16.000000,-62.013555,201319.640950,178.062535,202504.074216,57.794903,202530.590692,95.921193,658.397588,-23.992083,667.725867,-144.129588,662.620266,59.955676,-0.001060,1,0
16.033000,-62.104236,201184.143076,177.850034,200228.008799,57.950744,201487.464687,95.598810,661.520632,-24.447291,659.966630,-144.036184,666.148833,59.954587,-0.002094,1,0
16.067000,-61.983490,201958.606715,178.063833,200711.109957,58.052827,200566.419746,95.998371,658.364451,-24.053900,662.221863,-143.584310,662.204459,59.951389,0.001520,1,0
16.100000,-62.060209,201743.430167,177.763838,200804.954544,57.808361,200961.700387,96.170911,652.587245,-24.448239,659.523308,-144.533319,656.106243,59.951541,0.002715,1,0
16.133000,-62.090843,201687.619829,178.045462,200376.077902,57.915148,201372.499689,95.717240,659.246773,-23.894540,671.405462,-144.302070,657.223389,59.951766,0.002414,1,0
16.167000,-62.158110,201133.526317,177.967449,200676.729330,57.953309,202008.009464,95.743457,658.445066,-24.061226,659.064192,-144.220335,663.894353,59.945186,0.005222,1,0
16.200000,-61.999252,200242.660271,177.876659,202461.245359,57.940408,202915.667930,96.131115,655.168450,-24.181783,658.119267,-143.973068,661.140771,59.948885,0.001641,1,0
16.233000,-62.009680,202819.583839,177.994950,201752.526135,57.729110,201744.143403,95.940999,659.736272,-23.821397,658.672002,-144.084670,653.428320,59.953303,0.005866,1,0
16.267000,-62.041524,201953.288361,177.870271,201952.094359,57.957550,201129.364773,96.036422,660.784911,-24.063463,660.837006,-144.052357,661.900872,59.948536,0.003592,1,0
16.300000,-62.071339,203745.119187,177.814871,202665.210867,57.984944,201438.617065,95.983172,657.958790,-24.139982,655.939335,-144.167972,654.238155,59.946662,-0.001343,1,0
16.333000,-62.009233,201765.772393,178.022426,203504.268464,58.009397,201517.188308,95.909067,658.172953,-24.157193,662.149282,-143.847606,657.719837,59.949591,0.000197,1,0
16.367000,-61.869872,202863.404259,178.218314,201578.947053,58.106325,202224.295767,96.123457,662.843402,-23.763143,656.540604,-143.838230,658.103620,59.955620,0.002188,1,0
16.400000,-62.238034,202799.750632,178.092342,202067.481458,58.020868,202142.112045,95.869975,658.900726,-23.782964,657.315454,-144.045430,662.493609,59.950033,-0.003696,1,0
16.433000,-61.980937,201331.240128,177.987077,203139.437676,57.889825,201188.906938,95.955800,655.570064,-23.967457,660.947847,-143.790521,656.159225,59.953276,0.003777,1,0
16.467000,-61.874301,203271.704174,177.956969,202865.357179,58.039812,202222.480706,96.004826,650.902332,-23.982697,661.821932,-143.758094,657.419176,59.952039,-0.009331,1,0
16.500000,-61.871053,202848.288186,178.102280,202635.571882,58.185954,202675.323736,96.069496,667.741689,-23.776946,656.036106,-143.961360,653.864231,59.948447,0.000228,1,0
16.533000,-61.892964,202637.589194,178.087272,200764.235956,58.178316,202691.886625,96.097749,659.344223,-23.787255,659.309063,-143.693772,653.270931,59.952278,-0.005537,1,0
16.567000,-61.958044,202498.646971,178.058184,201831.256596,58.014387,201478.510080,95.905842,660.534828,-23.879532,658.242836,-143.986919,664.700170,59.954633,0.004100,1,0
16.600000,-61.995372,202000.553745,177.945884,201762.944633,58.037132,201321.690662,96.168987,654.036529,-23.963339,665.620303,-144.294371,665.855647,59.952696,0.002511,1,0
16.633000,-61.789544,203154.907389,178.008931,201677.451047,58.094162,202015.687495,96.341084,663.428735,-23.663444,661.295932,-144.125724,669.361124,59.946846,-0.000598,1,0
16.667000,-61.942177,202070.087286,178.106245,201321.143883,57.864420,200963.137115,96.040335,658.039185,-24.240346,663.327593,-143.817229,667.104155,59.953255,0.001205,1,0
16.700000,-62.034846,202913.158085,178.046749,201992.327511,57.983986,200689.933590,95.766984,656.698581,-23.875372,661.604750,-143.846678,668.756774,59.955828,-0.003742,1,0
16.733000,-61.999541,201230.583308,178.130786,201354.581513,58.189842,201469.541790,95.676902,652.056689,-23.695903,656.665386,-143.768212,661.463621,59.954477,-0.010914,1,0
16.767000,-61.899000,201971.527728,178.165417,202071.932020,58.085066,202083.657537,96.100860,661.870435,-24.049007,657.061940,-144.039803,654.105546,59.950183,-0.000779,1,0
16.800000,-61.932759,201843.524055,178.101810,202074.848434,58.131044,203115.386054,95.982022,654.325032,-23.934112,652.882236,-143.519223,643.211063,59.956102,-0.000849,1,0
16.833000,-62.000204,203592.618736,178.150681,199928.870548,57.986190,200918.181931,95.942199,656.329279,-23.712074,648.978418,-143.740536,655.801180,59.956549,0.000153,1,0
16.867000,-61.886506,202043.564033,178.127438,202668.154282,58.243278,203001.005062,96.147252,653.718333,-24.180807,653.894012,-143.580916,651.485011,59.957647,0.015339,1,0
16.900000,-61.848338,203057.666949,177.815686,201764.438524,58.161139,202729.395699,96.147760,655.206347,-23.803567,649.088438,-143.939469,653.161610,59.951539,0.009259,1,0
16.933000,-62.023718,203494.960973,177.885170,202190.456365,58.146259,201345.769802,96.085185,652.279020,-24.055425,651.676530,-144.035930,654.134298,59.954923,0.011452,1,0
16.967000,-61.925978,203314.088796,177.822658,200597.489427,58.104790,201086.909053,95.909658,651.282383,-24.068231,654.040043,-143.874193,651.143530,59.945670,-0.015345,1,0
17.000000,-62.203706,202938.489380,178.283766,202294.932500,57.957530,202695.995395,95.545425,661.233489,-23.690105,655.627820,-143.965970,657.901758,59.957656,-0.002610,1,0
17.033000,-62.062727,200097.755685,177.979827,201555.756773,57.878246,200844.216634,95.771290,653.204507,-23.844148,659.408670,-144.187137,657.593746,59.961053,0.004454,1,0
17.067000,-61.993388,202349.920006,178.006515,201556.149901,57.851457,202281.792542,96.179349,660.426602,-23.848664,660.464552,-144.035188,657.361662,59.959783,-0.003390,1,0
17.100000,-62.080251,201985.709861,178.045178,201883.281412,58.093967,200401.720273,96.247325,654.491185,-23.641514,657.073763,-144.007874,663.214181,59.963612,-0.008566,1,0
17.133000,-61.919922,200486.219101,177.851260,200391.342754,57.982401,201325.472454,95.963006,648.117951,-24.172585,656.175278,-143.954016,657.776676,59.956430,0.002484,1,0
17.167000,-61.863267,201731.703849,177.718779,203728.745601,58.032894,201794.878815,96.349633,650.466837,-24.399800,652.530847,-143.679100,656.454292,59.956734,-0.008210,1,0
17.200000,-61.953904,202201.665422,177.963966,201169.869795,57.766217,202266.678142,95.941538,655.970601,-23.784861,655.042980,-144.144824,652.661883,59.961023,0.005753,1,0
17.233000,-61.938299,201900.437244,178.130150,201581.101465,58.218408,200839.697391,96.196133,653.129202,-24.076662,648.269743,-143.771437,648.812292,59.960415,-0.007731,1,0
17.267000,-61.947280,203206.032430,178.046510,203380.970524,58.138081,201383.404910,96.275883,650.080426,-24.097219,643.019513,-143.453846,643.616920,59.958712,-0.002448,1,0
17.300000,-62.127411,203430.456601,178.026306,202016.061866,57.888678,201949.929973,95.777320,648.814450,-23.641207,657.114574,-144.241731,650.363624,59.957790,-0.001413,1,0
17.333000,-61.845070,203837.436498,178.008507,202933.686126,57.916848,200903.529940,96.207018,645.635615,-23.902688,652.010204,-144.429145,649.659493,59.968062,0.005445,1,0
17.367000,-61.938428,200750.333671,177.915010,199397.428044,57.871506,202266.200941,95.990507,649.694906,-23.761552,645.203739,-143.887645,648.967388,59.959757,-0.005200,1,0
17.400000,-62.086904,199979.869024,177.984431,202132.024830,57.973877,200449.548461,95.829197,650.828327,-24.197227,646.421688,-144.162295,654.062778,59.961341,0.002121,1,0
17.433000,-61.787115,200954.917359,178.019002,202087.851847,57.886107,201269.826380,96.209444,643.948747,-23.721429,646.197683,-144.160779,641.667516,59.968025,-0.003563,1,0
17.467000,-61.871790,201728.395325,177.915923,201637.077016,58.014367,203521.555742,96.156955,650.381150,-24.146218,646.591633,-144.208213,648.245917,59.964074,-0.003329,1,0
17.500000,-62.022794,201849.028562,177.780910,201441.636985,57.948655,202822.103346,96.012522,648.616526,-24.081816,657.800229,-144.153001,654.397106,59.969855,-0.008766,1,0
17.533000,-61.838032,202454.532257,178.060596,200334.767104,58.084570,201963.723001,96.384269,656.045979,-23.924078,652.389156,-143.649622,649.497949,59.965738,-0.009034,1,0
17.567000,-61.864266,200485.621391,177.950557,201076.018261,57.744353,202748.908717,96.205858,653.019915,-23.848121,653.146185,-144.068863,651.466131,59.967864,0.001964,1,0
17.600000,-62.059674,202069.610501,177.931223,200720.669208,58.007645,200222.494288,95.704100,650.540720,-23.872901,657.709308,-144.041349,652.991101,59.962543,-0.003421,1,0
17.633000,-62.153255,202208.000083,178.070055,200181.524572,57.905504,201227.656417,95.783298,652.635519,-23.939926,656.024033,-144.352497,653.935058,59.968124,-0.005825,1,0
17.667000,-62.296889,203209.316189,177.973868,201769.926521,57.950452,202712.227792,95.577846,649.083252,-24.032139,656.394187,-143.989616,648.138000,59.965790,-0.001959,1,0
17.700000,-62.040302,203077.773384,177.929529,201302.713302,57.927571,201942.996461,96.261627,651.042888,-23.990383,655.828295,-144.094714,654.446463,59.967394,0.002524,1,0
17.733000,-62.119587,201380.375623,177.769308,201345.042853,57.951880,202069.886758,95.698862,655.064582,-24.049519,656.741794,-144.103546,652.659726,59.958643,-0.002077,1,0
17.767000,-62.008857,201815.329432,177.871218,203048.245436,57.810540,202729.017138,96.017790,642.160384,-23.986836,653.375720,-144.398002,652.075910,59.961738,0.006430,1,0
17.800000,-62.071588,202998.385881,177.831179,203915.643345,58.015640,202130.783903,95.801410,646.560961,-23.940074,647.470192,-143.904895,648.468941,59.964133,0.005105,1,0
17.833000,-62.165842,202231.219235,177.852350,203032.438690,57.887244,201784.061970,95.553478,649.672235,-24.279241,654.003280,-144.140032,653.112263,59.952757,0.000001,1,0
17.867000,-61.915337,202914.779963,177.990522,202431.902117,58.045992,202763.398699,96.205009,652.763033,-23.900475,632.466523,-144.154914,649.671240,59.963072,-0.013254,1,0
17.900000,-62.053044,202878.219037,177.878700,201713.453711,57.932098,199832.792182,95.847914,653.873186,-24.244264,647.300197,-144.005164,654.186028,59.956006,-0.002386,1,0
17.933000,-62.082941,202469.150439,177.961547,202053.057352,57.830573,201343.663801,96.227198,655.716789,-24.086134,650.111249,-144.093603,655.760677,59.955196,-0.001818,1,0
17.967000,-61.949389,200991.656923,177.867005,201522.628965,57.856571,201722.047780,95.418665,659.785695,-24.140754,655.543148,-144.177165,654.981718,59.963197,-0.003383,1,0
18.000000,-62.088601,201698.863319,177.891061,203056.910720,57.931569,201693.994040,95.707964,653.729846,-23.850296,651.712355,-143.789036,650.778777,59.962166,0.003396,1,0
18.033000,-62.096583,202403.571447,177.747695,202406.412190,57.746155,202417.970966,95.935760,655.272079,-24.378163,656.684660,-144.262056,650.356909,59.962653,-0.003066,1,0
18.067000,-62.034590,201090.662996,177.744065,201446.676450,57.882281,201794.900970,96.166936,660.443166,-24.181773,656.858956,-143.913141,659.606031,59.958092,-0.001025,1,0
18.100000,-61.956513,200890.753898,177.687208,203102.599636,57.784929,202290.388256,96.294925,651.938324,-24.253820,660.601083,-144.206175,649.615071,59.964488,0.014163,1,0
18.133000,-62.098034,202905.749301,177.576533,201720.701271,57.859880,202115.668880,95.956097,654.692647,-24.356094,656.719920,-144.235560,651.674000,59.966161,-0.005996,1,0
18.167000,-62.158896,203070.067733,177.880612,201694.369332,57.775568,202631.213505,95.946597,654.480853,-24.123835,649.226576,-144.647365,649.187096,59.959403,-0.005305,1,0
18.200000,-62.079251,202983.794981,177.809306,203083.966252,57.924663,201090.809540,96.032873,660.978365,-24.251542,659.102579,-144.075473,660.596481,59.949145,0.000219,1,0
18.233000,-62.298865,202156.819495,177.807184,201776.817183,57.745621,201426.274642,95.880998,661.176382,-24.231252,658.617941,-144.035927,663.534467,59.964446,-0.005989,1,0
18.267000,-62.187318,202742.708827,177.693195,202274.341545,57.687367,201227.103482,95.884132,656.703874,-24.246226,652.590925,-144.701516,646.989004,59.953069,0.009668,1,0
18.300000,-62.181843,202232.654283,177.974479,201752.457444,57.818580,199695.283358,95.803527,656.463275,-24.031122,650.065159,-144.225784,656.711842,59.952943,-0.000313,1,0
18.333000,-62.179643,201550.758932,177.792912,200615.459322,57.848384,201233.877046,95.803376,660.236298,-24.117655,657.662341,-144.151469,659.240459,59.966921,-0.001038,1,0
18.367000,-62.120255,199537.624058,177.709599,202465.080007,57.756062,199772.542570,95.935141,654.597616,-24.494333,653.343498,-144.488903,657.778378,59.959967,-0.007588,1,0
18.400000,-62.099842,201244.470346,177.845986,199805.047273,57.764043,200530.125497,95.913962,653.514250,-24.316152,649.767669,-144.382879,655.916515,59.958267,0.016042,1,0
18.433000,-62.045954,200164.911668,178.069897,201705.815836,57.622517,201417.138088,95.823104,657.157251,-23.803917,647.413252,-144.354997,656.453670,59.950375,0.003502,1,0
18.467000,-62.178612,202379.176046,178.113211,202117.484374,57.838892,201820.638096,96.031621,652.268355,-23.715040,650.670616,-144.374333,659.986429,59.954295,0.002488,1,0
18.500000,-62.104880,203048.582121,177.983765,200336.219534,57.803823,202249.837306,95.891574,649.038815,-23.819955,651.462672,-143.770643,650.614747,59.961183,-0.000888,1,0
18.533000,-62.233047,202637.121762,178.006438,201021.958276,57.974679,202529.477594,95.701340,650.535509,-24.158984,657.974060,-143.705978,648.420184,59.946731,0.012491,1,0
18.567000,-62.308831,202507.095196,177.901634,200846.785760,57.823069,202209.066158,95.585433,650.272386,-24.013558,649.160267,-144.200795,652.351816,59.936199,-0.001471,1,0
18.600000,-62.196346,202041.584707,177.811507,201629.217928,57.772073,201090.683602,95.763155,646.591442,-24.033591,649.005629,-144.029118,650.417917,59.947873,-0.010241,1,0
18.633000,-62.160409,202809.470528,177.740596,201571.024325,57.925793,201420.969977,95.754438,649.904515,-24.045123,645.467181,-143.995500,646.765613,59.948334,0.001304,1,0
18.667000,-62.091197,201589.406066,177.777160,201202.913940,57.830767,201909.991358,95.996900,646.932441,-24.309659,652.872613,-144.273048,652.001991,59.939202,-0.008706,1,0
18.700000,-62.108285,202189.052921,177.855763,201054.332032,57.689060,201647.206746,96.218434,654.597204,-24.032455,653.283650,-144.439984,648.700066,59.939010,0.011736,1,0
18.733000,-62.196618,203141.971312,177.728867,201801.280357,57.779212,200962.639886,95.984809,647.757592,-24.129444,645.564421,-144.077884,656.808873,59.942831,-0.001831,1,0
18.767000,-62.369073,201294.030762,177.645522,202213.517990,57.788053,201251.579552,95.745164,649.426873,-24.228363,646.069936,-144.430064,647.227315,59.941114,0.000766,1,0
18.800000,-62.045763,201722.329750,177.795192,200539.429438,57.947782,200982.869301,96.053552,644.268201,-24.149982,654.415502,-144.154425,651.240594,59.939085,-0.007092,1,0
18.833000,-62.191564,200557.370747,177.919489,200255.897104,57.662802,201867.196649,95.761801,653.485813,-23.974394,652.440490,-143.975528,652.893284,59.941342,-0.004807,1,0
18.867000,-62.207881,200410.684680,177.819991,200801.805852,57.730222,200383.950690,95.797435,646.613821,-24.449063,651.149585,-144.174568,649.831204,59.938347,-0.007225,1,0
18.900000,-62.225525,201586.246378,177.930090,200969.388873,57.521836,200145.252097,95.708478,642.543969,-24.051540,646.594841,-144.554185,654.963489,59.938849,0.003486,1,0
18.933000,-62.274181,201229.240034,177.823909,202597.152103,57.902587,202513.738771,95.814409,651.667894,-24.262233,652.191300,-144.129840,650.809420,59.934354,-0.013367,1,0
18.967000,-62.267309,202815.289868,177.757978,200997.585377,57.649672,203775.985429,95.941227,653.178221,-24.187200,653.442826,-144.080430,651.336042,59.941381,-0.011838,1,0
19.000000,-62.184604,202261.115912,177.747919,200051.741687,58.014798,201112.221640,95.905616,649.587254,-24.215654,654.091805,-144.308609,655.399959,59.932741,-0.004332,1,0
19.033000,-62.181894,200880.228299,177.874788,201909.648040,57.747324,200420.513189,96.003330,650.460302,-24.006202,656.679282,-144.431346,650.109465,59.936760,0.004735,1,0
19.067000,-62.217545,202171.446993,177.879406,199925.680642,57.888979,201944.666994,95.696377,656.921492,-24.071505,648.245708,-144.313762,652.273349,59.942450,-0.002399,1,0
19.100000,-62.135821,202180.577730,177.899196,201734.821162,57.742324,200813.141555,95.935576,652.998972,-23.770289,654.763556,-144.070204,653.577614,59.936273,-0.000181,1,0
19.133000,-62.175830,201326.716354,177.748005,201146.112395,57.922104,201112.226909,95.977046,658.732130,-24.130165,653.401513,-144.157114,660.614981,59.933983,0.004816,1,0
19.167000,-62.093262,201437.955396,177.964479,200383.615599,57.792885,201309.017626,95.943959,651.014511,-24.242905,655.497082,-144.165078,650.459631,59.937858,-0.008027,1,0
19.200000,-62.358464,201397.759508,177.915412,200836.646722,57.915087,201146.695430,95.784040,652.909872,-24.082003,655.007758,-144.156960,652.750552,59.938649,-0.001637,1,0
19.233000,-62.166224,201899.675955,177.863983,202855.161633,57.832809,201525.582648,95.807003,645.203790,-24.039108,656.956823,-144.157108,656.282435,59.938281,0.003639,1,0
19.267000,-62.038847,202248.062434,177.885361,203256.847062,57.679526,202179.980829,95.821018,657.060508,-24.056332,647.611409,-144.218409,651.994533,59.941328,-0.008805,1,0
19.300000,-62.127091,201908.656100,177.982016,201605.356435,57.913388,201452.038213,96.041992,652.449957,-24.091467,651.016482,-143.820418,646.640563,59.943206,-0.004020,1,0
19.333000,-61.976416,201194.172735,177.974866,200626.382316,57.892672,200726.749799,96.044787,649.686629,-23.748889,648.683202,-144.077990,641.702983,59.947503,-0.006185,1,0
19.367000,-62.061186,200937.969796,177.867521,202821.343546,57.851343,201600.340429,95.893943,645.703694,-24.058072,640.322270,-144.281994,649.355709,59.941043,0.007403,1,0
19.400000,-62.121796,202980.317045,177.891481,201923.392821,57.979764,200411.891190,95.842342,644.656747,-24.292246,652.393919,-144.058821,650.489144,59.945050,-0.007986,1,0
19.433000,-62.228631,202894.579011,177.734905,202370.598768,57.936751,202993.302705,95.651220,635.228769,-24.413159,638.933259,-144.056817,641.914607,59.945793,-0.000062,1,0
19.467000,-62.085110,203244.702389,177.816190,201602.065141,57.891344,201562.098264,96.048844,640.869407,-24.227071,640.951101,-144.235046,643.678653,59.936288,-0.003853,1,0
19.500000,-62.137330,202892.762963,177.911503,202436.908508,57.827840,201609.606279,95.975347,642.223949,-24.325414,634.851935,-143.844054,639.507282,59.955094,-0.000743,1,0
19.533000,-62.256809,201002.237550,177.801875,201651.652296,57.936404,200865.743422,95.940832,635.958761,-24.142007,634.225030,-143.957214,635.183731,59.951544,0.004050,1,0
19.567000,-62.184397,201197.027664,177.739950,200375.210467,57.802330,201749.500335,95.467237,633.405064,-24.206402,634.815161,-144.158986,639.725727,59.945106,-0.005652,1,0
19.600000,-62.290224,200369.698408,177.958068,201431.048085,57.877610,202242.691148,95.702865,637.642284,-24.034021,640.975432,-144.183976,641.994898,59.950961,-0.006659,1,0
19.633000,-62.034382,203072.846938,177.808676,201719.305728,57.814497,202666.760404,96.015716,639.466011,-24.149343,642.528127,-144.537105,635.152441,59.950938,0.008233,1,0
19.667000,-62.137898,201064.957810,177.672167,200173.523651,57.666027,200877.132061,95.787145,640.212628,-24.095931,638.331288,-144.475801,637.846345,59.950134,-0.010522,1,0
19.700000,-62.310073,200850.131584,177.857266,201922.292103,57.662057,201851.496453,95.504367,638.218646,-24.259687,638.570956,-144.296933,639.603327,59.948024,-0.004731,1,0
19.733000,-62.155496,201075.096457,177.901078,202892.603709,57.980267,201232.683825,96.085940,638.923303,-24.103648,638.836050,-144.143527,637.648417,59.949239,-0.002934,1,0
19.767000,-62.070003,202639.055851,177.821871,200796.972053,57.733764,200585.748573,95.896756,639.571939,-24.232407,642.458275,-144.289546,648.369597,59.943454,0.002249,1,0
19.800000,-62.015769,200996.138393,177.772685,199353.371098,57.773985,200048.711033,96.033834,642.384728,-24.491664,638.765250,-143.845598,645.372564,59.952465,0.010472,1,0
19.833000,-62.246058,200598.847296,177.810644,200952.062133,57.780823,201940.069216,95.686888,649.218323,-24.158118,641.919149,-144.520415,646.314222,59.939007,0.002483,1,0
19.867000,-62.232863,201383.391489,177.742691,200651.630355,57.794059,200822.646739,95.978409,646.523239,-24.399873,646.644918,-143.685224,642.822232,59.942223,-0.003511,1,0
19.900000,-62.290661,199527.083893,177.706747,201512.890418,57.823546,200123.065669,95.631712,642.315265,-24.169993,648.983705,-143.922245,647.731215,59.952336,-0.000983,1,0
19.933000,-62.287545,202507.440281,177.780028,200325.532991,57.714679,200782.749344,95.621398,649.493846,-24.008249,648.171296,-144.344125,637.938261,59.956773,-0.004657,1,0
19.967000,-62.350799,201759.837050,177.645663,203328.490610,57.898736,201540.296839,95.797873,650.623453,-24.575876,647.018518,-144.137432,644.599946,59.946470,0.001554,1,0
20.000000,-62.155793,203633.737206,177.847890,200331.811811,57.630198,200895.208616,95.858605,643.673032,-24.350898,641.745875,-144.664906,646.275625,59.947777,0.000064,1,0
20.033000,-62.260198,201645.250500,177.805388,200477.896296,57.920395,203100.756796,95.769065,636.716660,-24.381193,645.557070,-144.007343,644.751799,59.939422,0.000344,1,0
20.067000,-62.248802,201921.674280,177.768000,202167.179525,57.893910,201405.536837,95.790387,639.600498,-24.380093,647.376838,-144.035176,642.181685,59.940585,-0.005678,1,0
20.100000,-61.929104,201081.915610,177.851090,202243.453846,57.985693,202314.447191,96.036480,645.873081,-24.346181,647.369566,-143.692702,638.938957,59.941085,0.004517,1,0
20.133000,-62.106372,200489.200085,178.017338,201229.797897,57.975964,200647.809227,95.856701,645.835956,-23.817063,643.074677,-144.071532,641.301101,59.952103,0.001794,1,0
20.167000,-61.930643,204504.294932,177.948396,201570.315297,57.923081,200419.050529,95.899210,636.654306,-24.167274,641.567576,-144.213369,645.169417,59.940195,-0.009298,1,0
20.200000,-62.093230,200981.382447,177.946833,204012.070364,57.942752,200515.741889,96.071694,646.854325,-24.002515,640.741540,-144.011324,642.907526,59.937863,0.008531,1,0
20.233000,-62.116682,202718.961340,177.788473,201671.289767,57.973122,201090.396084,95.776571,645.415164,-24.174583,648.684082,-144.049294,647.439113,59.932849,-0.001135,1,0
20.267000,-62.132027,201926.564134,177.998737,200323.778908,57.842822,202246.888464,96.068257,650.159600,-23.840977,645.251659,-144.348840,641.943019,59.937338,-0.016489,1,0
20.300000,-62.093336,200495.411125,178.032301,199769.261927,57.936913,200361.236796,95.647468,646.209125,-24.053673,641.659122,-143.636618,644.791197,59.939101,-0.003786,1,0
20.333000,-62.047499,200536.511710,178.008499,200847.830759,57.807502,201198.231087,95.873480,642.589553,-23.847787,644.928500,-144.187697,639.151570,59.935275,-0.004258,1,0
20.367000,-62.024870,201288.305979,177.979232,200278.863657,57.928956,201437.461165,96.009287,637.825424,-23.897735,640.990677,-144.022981,644.324086,59.935275,-0.001681,1,0
20.400000,-62.007942,202167.577930,177.903524,202442.635469,57.947866,200688.226440,95.599188,643.042258,-24.094980,641.809842,-143.992289,638.435604,59.930112,0.006346,1,0
20.433000,-62.026003,202267.323319,177.886408,201328.057274,57.988265,200511.080102,96.212571,649.338296,-23.949098,642.343221,-144.316050,640.839243,59.927307,-0.003471,1,0
20.467000,-61.924054,201703.739021,177.971468,200885.342584,58.157500,201890.918346,96.169977,643.904213,-23.938478,642.062357,-143.944740,641.193968,59.935449,0.009275,1,0
20.500000,-61.968164,201109.631888,177.956330,202412.436565,57.917980,203621.853673,96.257046,639.106145,-23.936592,643.112652,-144.075483,642.087692,59.923403,0.001708,1,0
20.533000,-62.041328,202324.503644,178.051291,202587.018531,58.098761,202963.511963,95.745032,639.889031,-23.945690,643.292228,-143.657120,636.585624,59.931180,0.000073,1,0
20.567000,-62.154650,203324.633505,177.677213,202603.842134,57.859050,203008.357903,95.639055,641.407769,-24.491693,647.359434,-143.697831,642.963710,59.927323,-0.004504,1,0
20.600000,-61.980607,202068.801334,177.787951,201863.256182,57.987354,202795.279151,96.059548,640.712341,-24.406310,642.160781,-144.141351,641.463809,59.927090,0.008188,1,0
20.633000,-61.896032,201466.059434,178.047098,202932.865037,57.968067,201375.510880,96.280663,637.543402,-23.891662,646.250723,-143.967994,643.841145,59.922260,-0.012186,1,0
20.667000,-62.114839,200097.070450,177.938126,200237.020984,57.812023,201039.724182,95.641623,636.764580,-24.080042,642.200659,-144.435387,646.332823,59.929277,-0.016935,1,0
20.700000,-61.938830,202683.393796,178.167255,203595.709817,57.939340,199617.904899,96.313995,642.215739,-23.634067,637.485985,-144.231259,636.954589,59.931615,-0.002790,1,0
20.733000,-61.882114,200063.307945,177.974441,201984.631750,58.213929,201444.498034,96.129326,639.780129,-23.993680,641.140645,-144.045815,639.259986,59.931016,-0.001817,1,0
20.767000,-61.879204,203058.757622,177.974948,202568.375083,57.960810,201467.831187,96.027983,641.307267,-23.981897,648.846626,-144.197150,643.537791,59.926993,0.000326,1,0
20.800000,-61.952692,200125.778978,178.020187,200895.803360,57.900753,201334.697720,96.099631,644.159846,-23.971715,643.155591,-144.334629,640.971209,59.928384,0.002231,1,0
20.833000,-62.002964,203891.823476,178.007806,202130.767230,58.185543,201290.187850,96.013090,646.581882,-23.855461,641.587063,-143.871868,646.926659,59.933047,0.007815,1,0
20.867000,-62.184603,202064.288707,177.877086,199709.570041,57.882592,203543.309828,95.860518,644.162758,-24.010300,635.310349,-143.677010,641.186088,59.937943,-0.001952,1,0
20.900000,-61.928253,201508.395752,177.884994,200600.869470,57.918381,202534.708615,96.304750,640.508448,-24.368214,640.714341,-144.192633,635.661941,59.942662,0.018482,1,0
20.933000,-61.934027,201161.346380,177.885723,200999.879086,57.846946,202283.083800,96.312899,639.932132,-24.050218,638.935737,-144.042319,644.200724,59.945826,0.010673,1,0
20.967000,-61.998432,201580.548801,177.943296,202672.389830,57.877356,202561.629230,96.505258,646.850135,-23.625084,644.551964,-143.887083,647.706413,59.938867,-0.007569,1,0
21.000000,-62.140559,201783.781304,177.867317,202235.485961,57.852042,202171.907294,95.850392,641.137973,-24.190833,646.173462,-144.591972,641.055496,59.951305,0.003836,1,0
21.033000,-61.975478,202829.361672,178.040511,201814.785819,57.954362,203505.471038,96.132178,644.680523,-23.911631,647.986308,-144.336701,641.734158,59.937625,0.000756,1,0
21.067000,-62.029273,203064.933794,177.900918,202545.940805,57.930412,202712.497877,96.132879,644.090146,-24.185434,647.695776,-144.078935,643.556455,59.936196,-0.007838,1,0
21.100000,-62.016542,202074.165857,177.812307,201952.407679,57.840136,202757.315478,95.677511,645.666111,-23.914007,648.877781,-144.403027,650.006883,59.931791,-0.005923,1,0
21.133000,-62.187666,203616.291709,178.019796,202231.944247,57.882710,201131.177757,95.883786,647.509468,-23.921183,640.410332,-144.172524,652.709238,59.946662,0.004884,1,0
21.167000,-62.113971,202963.106591,177.993325,200539.009721,57.882942,203262.107718,95.655572,647.949425,-23.942537,644.925743,-144.127760,637.379593,59.941870,-0.011084,1,0
21.200000,-62.129415,201612.695601,178.030039,202989.683400,58.029729,201274.897030,96.006196,639.677569,-23.928498,639.145780,-143.843998,641.248531,59.944535,-0.004500,1,0
21.233000,-62.079036,200931.219017,178.184229,200638.234648,57.978664,202504.783766,96.148076,639.482201,-23.547420,638.997643,-144.124205,644.119183,59.951051,0.004852,1,0
21.267000,-61.847853,203193.514490,178.023004,202457.266746,57.952592,201876.005198,95.794950,652.847628,-23.816847,641.384435,-144.196405,640.071374,59.945400,-0.007382,1,0
21.300000,-61.980160,202369.879420,177.923740,202629.180389,57.922161,202240.794590,96.059679,646.872498,-23.644485,637.892694,-144.226300,649.190359,59.949242,0.003744,1,0
21.333000,-61.897139,202583.347293,178.002085,202050.040723,58.122864,202397.433216,96.003304,637.615318,-23.603129,643.715913,-143.819903,642.634463,59.946531,-0.005174,1,0
21.367000,-62.229641,202131.122364,178.005551,200710.414880,58.000430,203041.275967,95.446025,647.133380,-23.973665,640.411840,-144.254034,642.331325,59.944679,-0.007573,1,0
21.400000,-62.056202,201432.857869,177.943313,203141.713686,57.819155,202645.757114,95.736004,648.197108,-24.009429,640.520191,-144.316867,645.460952,59.948049,-0.002841,1,0
21.433000,-61.822270,201394.369281,178.129126,202282.029935,57.975386,202316.782535,96.363494,640.775574,-23.654227,645.504780,-143.971995,644.093566,59.948787,0.002930,1,0
21.467000,-62.086488,202449.352664,177.925657,201883.018872,58.059483,202174.207059,96.061068,634.630628,-24.234071,643.064490,-143.854723,639.864045,59.956127,0.004726,1,0
21.500000,-62.169107,201620.842201,178.003296,201936.514439,58.024782,201553.605917,95.861384,642.805618,-23.831657,640.528357,-144.342947,641.058015,59.957094,0.004274,1,0
21.533000,-62.050690,201532.945369,177.909770,200166.312285,57.902215,202693.047096,95.904730,641.124570,-24.067806,647.850788,-144.217669,634.367407,59.952782,-0.006367,1,0
21.567000,-61.897484,203754.922077,178.082406,202577.980332,57.996928,200931.156587,95.887893,644.340961,-23.915359,637.976424,-143.826741,645.951695,59.953966,-0.019002,1,0
21.600000,-61.790269,202391.813274,178.123261,201508.764860,57.960713,200790.012721,96.106430,639.543843,-23.794262,640.028961,-143.815446,639.887030,59.964392,0.005897,1,0
21.633000,-62.259419,203421.800890,177.980429,200159.885961,58.058706,201372.408567,95.863005,640.856017,-23.743679,640.351765,-144.031131,642.015564,59.958169,-0.000072,1,0
21.667000,-62.034318,201812.390729,177.984174,201972.173426,57.869173,203290.721854,95.869658,635.522880,-24.114274,647.300207,-144.518202,640.276969,59.961930,0.002728,1,0
21.700000,-62.145596,202797.150021,177.940222,203199.350739,58.024490,200540.130950,96.004870,636.619090,-23.615261,638.985800,-144.287557,642.629427,59.959107,0.006113,1,0
21.733000,-61.967294,202331.977048,177.859939,200107.750531,58.021487,201443.734946,96.103599,640.148117,-24.278839,641.621836,-144.102909,640.516098,59.963541,0.004648,1,0
21.767000,-61.952175,202481.467036,178.145264,200859.425034,58.031926,200962.996041,96.045148,642.986439,-23.574376,634.195443,-143.744714,639.229248,59.958358,0.005444,1,0
21.800000,-62.143299,200428.816701,178.124040,200537.285189,58.133871,202107.525195,95.615370,637.783717,-23.806776,639.478024,-143.735396,639.088393,59.963497,-0.002598,1,0
21.833000,-62.131014,201674.495398,178.155722,202483.994217,58.083999,201714.066366,95.555298,639.696552,-23.841612,634.203179,-143.968924,644.787739,59.960560,-0.001610,1,0
21.867000,-61.953014,200936.316186,178.037961,202343.990317,58.024665,201061.887769,95.983604,642.581603,-24.042733,643.187539,-143.870062,638.855056,59.969140,-0.003390,1,0
21.900000,-61.911126,201427.997625,178.042651,199980.659978,58.182666,201581.059506,96.403183,631.556314,-24.115131,636.240966,-143.932613,641.338373,59.951717,0.001486,1,0
21.933000,-61.981818,201760.624209,178.050902,199485.721171,57.947069,201720.462112,95.997501,632.231470,-23.841449,641.879285,-144.073411,645.650350,59.961652,-0.003134,1,0
21.967000,-61.859360,201846.527655,178.091469,201590.581231,58.061023,201651.354408,96.231121,640.964363,-24.046472,639.452269,-143.590111,638.784427,59.959316,-0.002532,1,0
22.000000,-61.769393,200457.252939,178.076202,200329.128130,58.199527,198987.383457,96.191781,643.998051,-23.949556,642.658213,-143.749372,643.971052,59.955552,-0.003385,1,0
22.033000,-61.822427,201821.185880,177.960437,201983.942771,58.095676,200649.111513,96.184653,645.112853,-23.826742,643.542818,-144.182708,634.422906,59.961904,0.004290,1,0
22.067000,-61.901616,199630.355044,178.302903,200718.260765,58.164478,200371.181613,95.984816,647.671750,-24.006555,637.934426,-144.176600,641.951582,59.960667,0.001949,1,0
22.100000,-61.863711,201422.294014,178.161733,201616.581244,58.123452,201034.274564,96.478321,639.205338,-24.059609,637.903514,-143.967694,647.768062,59.954930,-0.002197,1,0
22.133000,-61.878472,200226.073120,178.034408,202178.376973,58.029791,200090.943177,95.881319,640.261759,-23.968540,641.654198,-144.205782,640.106113,59.958199,-0.006563,1,0
22.167000,-61.909166,202074.184414,178.163771,201940.787380,58.154140,200532.394889,96.251086,636.423592,-23.678365,636.058904,-143.760096,643.017706,59.956559,0.001697,1,0
22.200000,-62.061136,199025.116544,178.227559,201081.971493,58.063609,201225.314355,95.805605,638.370981,-23.521428,635.518181,-143.883787,636.482181,59.959830,-0.007272,1,0
22.233000,-62.024728,201088.079199,178.036371,201725.140378,58.101976,200095.092242,95.874748,633.336623,-23.725913,633.412682,-143.991094,630.266978,59.951844,0.015886,1,0
22.267000,-61.748712,201505.965021,178.234472,201089.438296,58.239640,202920.987997,96.580139,635.102931,-23.998123,638.325611,-143.952503,637.321140,59.956169,-0.006272,1,0
22.300000,-61.893211,201133.484684,177.868453,201763.728300,58.140369,201412.914540,95.948648,641.761153,-24.012849,638.624190,-143.692050,637.516305,59.952067,0.002226,1,0
22.333000,-61.834284,200372.390137,178.022470,200059.040711,58.259696,200830.742543,96.402764,635.797301,-24.068158,632.850008,-143.501980,631.415248,59.959946,0.007708,1,0
22.367000,-61.929992,202771.537741,178.271035,202037.144044,58.101859,200598.384941,95.990902,639.580068,-23.650903,638.390923,-144.103417,637.791291,59.955635,0.005894,1,0
22.400000,-61.741143,200629.486371,178.188192,200446.822373,58.006446,200645.877427,96.320800,633.706237,-23.667524,632.688546,-144.172625,632.472665,59.956597,-0.006350,1,0
22.433000,-61.734466,201692.163342,178.222158,201750.593284,58.109619,203358.093823,96.279864,637.246510,-23.796545,638.590821,-143.870206,637.726512,59.962171,0.003776,1,0
22.467000,-61.833020,201318.586297,177.988994,202078.520607,58.169182,200198.502369,95.877611,630.807322,-23.968532,630.724719,-143.603862,636.750567,59.956756,0.011766,1,0
22.500000,-61.528989,200476.743332,178.208203,200123.137472,58.021970,199960.280943,96.186852,629.351631,-24.069210,630.472134,-144.027707,633.915463,59.959814,0.007323,1,0
22.533000,-61.809319,201406.120708,178.362297,200517.246014,58.141531,199528.445261,96.340846,633.772467,-23.368717,634.489258,-143.856525,632.010181,59.961829,-0.012452,1,0
22.567000,-61.833656,201918.405524,178.075903,201133.797835,58.063081,201052.191747,96.293081,625.613165,-23.797568,635.871725,-144.158936,633.151892,59.963329,-0.005635,1,0
22.600000,-61.829072,201242.831895,178.300424,200496.575131,58.155809,201722.927806,96.156930,633.313843,-23.726021,638.252919,-144.181556,631.712080,59.966347,-0.001935,1,0
22.633000,-61.715484,201251.530058,178.237169,200843.938641,58.128639,200413.076687,96.022456,634.940015,-23.936010,626.992187,-143.915673,633.893973,59.964963,-0.000440,1,0
22.667000,-61.657456,200881.613084,178.224743,201796.663004,58.203391,201203.774418,96.407917,628.055081,-23.961088,633.891590,-143.617321,627.494892,59.965617,-0.002088,1,0
22.700000,-61.731041,202212.935234,178.275236,201175.127349,58.029404,203477.970574,95.980191,631.926953,-23.898607,631.109980,-143.849694,633.309327,59.958659,-0.001436,1,0
22.733000,-61.822196,201601.828698,178.417201,200681.984811,58.342512,200788.214315,96.282999,630.636611,-23.397997,632.578805,-143.688777,638.033188,59.961346,-0.004771,1,0
22.767000,-61.851461,201910.952196,178.274472,201920.426593,58.369655,200140.551547,96.133505,634.920468,-23.822555,628.803074,-143.844292,635.602276,59.960573,0.004931,1,0
22.800000,-61.729313,201250.863289,178.060702,200585.671239,58.390806,202761.946000,96.469680,639.403774,-24.076664,636.769737,-143.761463,630.993967,59.955991,0.001903,1,0
22.833000,-61.637952,202251.217128,178.387274,200605.181067,58.321627,200873.208778,96.097985,631.812977,-23.644928,636.547231,-143.797536,630.126412,59.958120,0.001294,1,0
22.867000,-61.838146,201991.877565,178.376568,200512.525516,58.190223,202166.781910,96.298951,638.905792,-23.558208,635.939462,-143.668525,637.609059,59.961295,0.005774,1,0
22.900000,-61.763789,202461.686694,178.347373,201213.895912,58.250700,202459.645573,96.570435,634.892881,-23.698039,633.147297,-143.782681,635.594501,59.955918,-0.003900,1,0
22.933000,-61.654197,201424.670254,178.228834,202579.148447,58.112876,200925.600845,96.364566,636.383942,-23.991293,630.555126,-143.720100,634.718981,59.950757,-0.001662,1,0
22.967000,-61.675955,202130.840240,178.336262,201975.179975,58.073475,201315.627150,96.234332,632.275169,-23.558737,633.400444,-144.186164,638.807898,59.957552,-0.001858,1,0
23.000000,-61.766599,201042.933333,178.201773,201890.485987,58.131423,200800.807285,96.101321,633.033041,-23.685815,633.391169,-143.801455,634.144360,59.954571,0.007572,1,0
23.033000,-61.883625,200165.582135,178.377910,202565.729615,58.287279,201638.590241,96.035278,627.750437,-23.612971,633.267847,-143.910078,633.911432,59.949986,0.009245,1,0
23.067000,-61.890190,201108.400006,178.224080,201047.353851,58.101586,202034.191670,95.885069,635.196534,-23.891749,626.468482,-143.414540,636.828837,59.953655,-0.001824,1,0
23.100000,-61.712619,199982.272924,178.227579,201817.377008,58.203847,199598.256156,96.344632,638.790033,-23.815406,634.040923,-143.650466,638.016153,59.955515,-0.005497,1,0
23.133000,-61.912432,200401.302293,178.083566,202993.935235,58.195209,200318.217692,96.205131,631.648592,-23.902097,635.860459,-143.869471,631.652467,59.960299,0.001648,1,0
23.167000,-61.795838,202602.742284,178.231581,200744.501101,58.028253,202241.306263,96.300934,633.126742,-23.605400,636.959838,-143.646360,624.500225,59.964623,0.002434,1,0
23.200000,-61.566707,202896.973592,178.257657,201516.787981,58.364436,202142.670160,96.628793,631.044689,-23.853655,635.583083,-143.595559,635.104528,59.955332,0.000491,1,0
23.233000,-61.718771,203444.086610,178.183025,199644.903851,58.286401,200215.974696,96.070047,633.221232,-23.419605,632.189637,-143.708324,630.045839,59.953826,-0.009881,1,0
23.267000,-61.727354,201675.435607,178.313979,200176.840981,58.255429,199708.593033,96.197405,630.478271,-23.682913,632.126511,-144.129954,632.528747,59.961477,0.009657,1,0
23.300000,-61.836205,202214.734939,178.458835,200735.872953,58.089824,201128.268707,96.544814,643.455766,-23.320918,634.587792,-143.922020,637.173118,59.955626,0.004500,1,0
23.333000,-61.801106,202453.860945,178.354943,201611.810834,58.389682,201469.619120,96.381566,636.614140,-23.417084,635.466330,-143.634361,635.755947,59.952816,0.001148,1,0
23.367000,-61.857040,200971.525227,178.187472,200901.797387,58.244882,200927.534010,95.996537,641.400498,-24.031877,634.150157,-143.429338,635.751393,59.951558,-0.003785,1,0
23.400000,-61.523119,201591.323679,178.339450,200639.737727,58.253411,199466.552986,96.741588,638.094653,-23.657318,643.484981,-143.709429,634.496684,59.956894,-0.006941,1,0
23.433000,-61.898518,202154.337379,177.955234,201295.429130,58.329960,201714.723239,96.148136,640.009776,-23.811910,639.733009,-143.585353,637.295899,59.958865,-0.004973,1,0
23.467000,-61.958671,201253.615341,178.223664,201480.850071,58.179773,202733.534340,95.868246,629.502317,-23.687613,633.448446,-143.910564,634.113658,59.955283,0.016774,1,0
23.500000,-61.717404,202584.615411,178.230060,200959.575772,58.360133,201196.152704,96.318258,636.744385,-23.834046,632.227648,-143.561728,640.593394,59.949888,-0.000951,1,0
23.533000,-61.812756,201300.610491,178.060742,201842.545268,58.136068,200847.735813,96.028158,635.744205,-24.046466,634.847848,-144.165106,636.757365,59.962691,0.001597,1,0
23.567000,-61.776579,202342.909606,178.482620,201390.542569,58.046620,202992.485631,96.139709,631.685390,-23.403649,633.344607,-144.114450,637.789624,59.958048,0.013738,1,0
23.600000,-61.999904,204544.630466,177.950186,202071.860549,58.107335,202746.301736,96.002066,635.546725,-23.706071,632.124133,-144.102396,639.920840,59.950238,-0.004540,1,0
23.633000,-62.058708,202103.789645,178.183535,200011.930971,57.975208,201012.438609,95.843664,633.183806,-24.144850,633.762149,-144.018901,640.820814,59.950301,0.002452,1,0
23.667000,-61.776475,201401.613127,177.987810,201440.802119,58.118387,203470.162431,96.142260,636.343011,-23.992531,636.935191,-144.200798,634.726315,59.959364,-0.005979,1,0
23.700000,-61.929909,202047.006068,178.091318,200982.951828,58.037281,203293.300334,96.204750,637.581487,-23.843849,634.023934,-143.863559,636.638403,59.962932,-0.010255,1,0
23.733000,-61.747694,200741.154356,178.142558,202159.546488,57.947138,200682.658368,96.075542,637.758363,-24.005197,635.131703,-144.366603,634.923855,59.959653,0.002317,1,0
23.767000,-61.923595,202730.064160,178.088747,200121.784999,58.043628,201449.764048,96.141082,637.415737,-23.596216,631.315513,-143.868478,634.426869,59.956277,0.008708,1,0
23.800000,-61.850243,201581.866327,178.111672,202071.160611,58.107650,200849.834399,96.124880,633.222890,-24.073233,636.940243,-143.807224,630.465755,59.959651,-0.001558,1,0
23.833000,-61.798080,202013.638415,177.918811,202750.900288,58.094956,200956.946995,96.178030,633.915949,-24.048042,639.347331,-143.909262,641.547176,59.962883,0.010019,1,0
23.867000,-62.014364,202441.638770,178.070672,202235.163864,58.116578,200539.779353,96.073766,634.462481,-23.753753,639.744484,-143.963894,633.750018,59.957721,-0.012714,1,0
23.900000,-62.033241,201289.307730,178.010108,201177.289299,57.999392,199011.211319,95.835449,635.678368,-23.811509,637.152301,-143.682789,636.983248,59.960774,0.010695,1,0
23.933000,-61.822221,201324.045443,178.176751,201826.459478,58.278860,202790.040475,96.326262,644.407742,-24.161445,645.557528,-143.385264,634.242712,59.960297,-0.003064,1,0
23.967000,-61.951170,201657.930690,178.114495,201051.775412,58.008930,201739.709364,95.872549,639.544484,-23.852590,642.397213,-143.669646,639.171665,59.960560,-0.005181,1,0
24.000000,-61.732441,201773.280271,178.204568,199981.693678,58.192047,201831.327222,96.462817,636.893726,-23.565772,637.076323,-143.697234,638.380296,59.955418,-0.007624,1,0
24.033000,-61.776269,200605.740477,178.037072,199487.596927,58.211379,201181.859100,96.460041,642.960098,-23.790727,639.652449,-143.839221,635.886432,59.954312,0.003429,1,0
24.067000,-61.959497,202098.468861,178.175661,201728.304773,58.167709,202154.534799,95.890993,642.948988,-24.011806,637.566251,-144.062250,644.723929,59.957510,0.003520,1,0
24.100000,-61.989089,201599.610552,178.129099,202317.501882,58.250338,201264.819202,95.727172,644.307169,-23.449910,641.761846,-144.026625,640.650498,59.958498,0.015340,1,0
24.133000,-61.876364,200061.332108,178.056792,201426.851347,58.248044,201382.540360,96.422458,639.755801,-24.000945,636.218545,-143.641769,640.636170,59.958947,-0.003218,1,0
24.167000,-61.667858,202631.736245,178.157711,199412.715682,58.221365,201689.591291,96.280372,638.153108,-23.944571,643.034798,-143.865201,639.385026,59.960939,0.002524,1,0
24.200000,-61.829493,202227.787446,178.252683,201415.697235,58.068897,201811.303433,96.171015,634.591660,-23.561769,646.830401,-144.161199,637.608564,59.957457,0.004146,1,0
24.233000,-61.850113,201731.703132,178.189195,202959.946438,58.223135,201829.172861,96.183340,636.442097,-24.219484,641.932930,-143.733225,633.360085,59.952604,0.019348,1,0
24.267000,-61.924605,203351.208059,178.049709,201714.235043,58.119464,201255.930474,96.190860,645.592203,-24.023122,640.499820,-143.880017,638.752600,59.954500,-0.001733,1,0
24.300000,-61.752065,201562.662688,178.296126,200829.531385,58.186047,200831.773314,96.005501,635.423318,-23.856789,632.967520,-144.001513,635.875984,59.953307,0.008763,1,0
24.333000,-61.875176,201087.337037,178.025457,200542.976859,58.093126,201580.911696,95.805914,638.523015,-24.037287,636.430644,-143.911151,642.229504,59.956267,0.008641,1,0
24.367000,-61.679329,202003.881467,178.024669,201928.542657,58.243600,202525.820573,96.127248,636.868397,-24.182844,637.826511,-143.428158,636.907559,59.957317,-0.003134,1,0
24.400000,-61.858870,201374.796477,178.173056,203649.720349,58.259994,202851.394722,96.028198,637.655655,-23.770221,631.954329,-143.914494,631.558655,59.954467,-0.008351,1,0
24.433000,-61.857868,201066.113065,178.184994,201738.955480,58.247819,200515.669445,96.344586,635.968285,-23.987235,635.915392,-143.785242,642.037450,59.952575,0.007157,1,0
24.467000,-61.695904,202858.400742,178.303329,201941.543565,58.179583,200401.704497,96.575641,635.770335,-23.780910,642.764973,-143.543184,641.176620,59.953916,-0.001616,1,0
24.500000,-61.844626,202791.447403,178.250131,199463.868339,58.146029,201269.416256,95.979121,639.536619,-23.626925,631.903166,-143.675572,636.729477,59.955763,-0.007457,1,0
24.533000,-61.765589,201013.692508,178.488546,201261.266046,58.355497,201056.217013,96.240598,634.273402,-23.444923,633.740816,-143.567825,627.617384,59.952039,-0.002106,1,0
24.567000,-61.732717,201252.482216,178.191056,201254.581551,58.127764,202104.496361,96.419290,628.984286,-23.954601,640.001900,-143.868446,635.183147,59.952358,0.004124,1,0
24.600000,-61.698377,201210.760662,178.207058,199026.262279,58.194067,201617.354363,96.430389,641.006385,-24.019264,633.879001,-143.578428,638.606552,59.963652,-0.004762,1,0
24.633000,-61.679138,200014.709085,178.336224,197714.059343,58.302161,199160.009681,96.327770,628.971687,-23.350787,630.364760,-143.618391,634.182778,59.956718,-0.003591,1,0
24.667000,-61.754837,201800.703786,178.345293,201533.988987,58.324131,200868.068061,96.358346,632.977572,-23.738150,631.899736,-143.421784,630.179967,59.958048,-0.002140,1,0
24.700000,-61.535638,202615.386484,178.369924,201306.515507,58.203403,203317.601790,96.388226,636.056463,-23.878062,638.449396,-143.918056,637.464323,59.958763,0.004106,1,0
24.733000,-61.695459,202263.376801,178.175364,200338.029392,58.200294,201892.973540,96.115647,630.284273,-23.939999,633.802744,-143.597514,629.054647,59.956311,-0.010208,1,0
24.767000,-61.642085,202578.547148,178.373171,200347.937757,58.251961,203551.805196,96.484017,633.456633,-23.649177,634.517171,-143.929191,633.359486,59.956527,0.003826,1,0
24.800000,-61.805647,200299.725031,178.266609,203743.964620,58.512041,201492.547082,96.267596,638.244971,-23.580944,637.036948,-143.265793,632.074553,59.956169,0.002714,1,0
24.833000,-61.618149,203349.833219,178.224957,203682.821064,58.401754,201073.228144,96.523445,630.127517,-23.743532,627.504181,-143.705120,630.685626,59.955517,0.010276,1,0
24.867000,-61.680570,202770.757145,178.160776,202516.990633,58.304648,201689.219794,96.289307,636.369470,-23.820884,633.665131,-143.906845,625.233722,59.957879,0.002146,1,0
24.900000,-61.678937,201435.881389,178.217447,199576.606204,58.241096,201173.560735,95.969632,629.614222,-23.996266,631.655098,-143.900484,627.871965,59.958640,-0.007316,1,0
24.933000,-61.769815,200938.656912,178.193203,200313.207189,58.273275,202098.584526,95.986946,622.452926,-23.827608,633.938895,-143.758880,628.129266,59.955324,-0.002142,1,0
24.967000,-61.738802,200628.488270,178.284592,200899.397209,58.285168,200235.823725,96.163352,627.582296,-23.471263,628.476856,-143.756413,628.651303,59.945063,-0.001959,1,0
25.000000,-61.614849,201359.862989,178.516758,200665.176195,58.398489,198951.292678,96.377161,634.204391,-23.512884,623.702466,-143.672055,631.986304,59.957352,0.008393,1,0
25.033000,-61.698949,200923.108602,178.269293,200538.058136,58.200235,200639.913662,96.291882,631.881658,-23.862146,631.307918,-144.027648,631.385858,59.955447,-0.002051,1,0
25.067000,-61.615586,200802.176897,178.231694,200852.092924,58.309488,201640.966341,96.224328,623.799426,-23.838315,628.186758,-143.456757,629.379320,59.956293,-0.005265,1,0
25.100000,-61.651369,201447.657784,178.288997,202532.201124,58.262086,201695.557845,96.008676,630.515305,-23.781781,628.102524,-143.864614,626.690586,59.956384,-0.013136,1,0
25.133000,-61.749899,200969.477194,178.163310,200369.237505,58.298670,203023.621058,96.208317,613.956193,-23.791936,629.912023,-143.564592,630.183807,59.953090,-0.005080,1,0
25.167000,-61.638031,200527.970571,178.218994,202137.290566,58.142300,201260.199944,96.383014,621.940868,-23.760751,626.377905,-143.562634,628.542490,59.954448,-0.007527,1,0
25.200000,-61.748574,202559.109781,178.385046,201560.256934,58.393464,202252.121063,96.366631,622.998915,-23.596417,632.587102,-143.282689,622.446731,59.951878,0.000239,1,0
25.233000,-61.646190,201732.337342,178.011520,199364.054930,58.246147,200151.755828,96.195023,633.982734,-23.907198,634.998620,-143.606741,629.924981,59.956085,-0.006296,1,0
25.267000,-61.542818,203719.795727,178.377245,200337.546253,58.262969,199435.371420,96.586225,630.865093,-23.770438,633.061223,-143.984857,634.745978,59.957433,-0.003828,1,0
25.300000,-61.785219,201872.912925,178.067689,203114.863338,58.382009,202189.946498,96.148207,636.979709,-23.854932,631.670110,-143.673973,631.855383,59.954830,-0.012218,1,0
25.333000,-62.002877,201494.164399,178.188310,202557.974639,58.167005,199327.856538,95.937818,630.239499,-23.851930,632.461735,-144.029983,630.542644,59.947110,-0.001105,1,0
25.367000,-61.921151,203061.613950,178.170895,203531.313171,58.240906,200778.728246,96.215789,639.169056,-23.812194,628.955384,-143.619414,631.412211,59.948747,0.005817,1,0
25.400000,-61.795149,200423.739499,178.312527,201848.859425,58.155935,200007.961056,96.084810,639.358179,-23.709707,630.720354,-143.819420,634.307744,59.946815,-0.006232,1,0
25.433000,-61.754772,201961.769641,178.259120,201626.843924,58.101778,201081.358418,96.049994,628.911933,-23.632730,628.406276,-143.974822,632.130297,59.953299,-0.007011,1,0
25.467000,-61.772520,202573.574615,178.171687,201344.195236,58.140329,201243.780981,96.259744,636.009395,-23.186173,628.146353,-143.709097,629.544853,59.943802,0.013647,1,0
25.500000,-61.761576,201450.692524,178.284399,202278.320053,58.456700,202863.656940,96.375613,637.776443,-23.661056,634.030049,-143.479843,627.617203,59.956252,-0.013335,1,0
25.533000,-61.716774,203153.406577,178.211666,200926.077670,58.114859,202020.461158,96.602271,630.185148,-23.896458,634.927864,-143.816976,635.209898,59.953730,0.003355,1,0
25.567000,-61.883093,201751.872722,178.341363,200363.152385,58.261848,201951.476086,96.188893,631.160401,-23.448190,629.621287,-143.770032,626.859945,59.960416,-0.001427,1,0
25.600000,-61.800658,202483.750320,178.292429,200703.414044,58.161941,201956.755614,95.989491,636.036038,-23.661322,634.371878,-143.761940,630.471737,59.957030,-0.003043,1,0
25.633000,-61.689423,203283.127913,178.134927,201823.763658,58.199258,200150.981408,96.816925,625.019311,-24.373806,635.634377,-143.783206,629.585237,59.954710,0.008624,1,0
25.667000,-61.867297,202130.500566,178.242895,202237.355881,58.075009,200715.920566,96.444422,635.583203,-23.745106,638.483907,-144.039111,628.814136,59.957410,-0.004848,1,0
25.700000,-61.954185,202029.664789,178.023969,199943.501637,58.262097,201696.015008,95.784538,629.804467,-23.995317,628.279085,-143.768328,627.123849,59.950454,0.003994,1,0
25.733000,-61.802550,201835.022319,178.231959,200784.538367,58.172759,203731.377206,96.365456,634.739338,-23.757729,627.297833,-143.917135,633.242338,59.955133,-0.009219,1,0
25.767000,-61.780206,202312.682583,178.172252,202882.459841,58.117761,202114.853930,96.465957,624.133886,-23.912028,630.038915,-143.929693,628.985774,59.963982,-0.004302,1,0
25.800000,-61.921154,201148.843400,178.337384,203254.042772,58.192195,202036.457475,96.047742,634.638421,-23.643701,621.977902,-144.309590,626.745735,59.960913,-0.003188,1,0
25.833000,-61.752706,202012.361106,178.053095,201226.976432,58.244165,202688.834483,96.080061,626.585929,-23.763215,623.279038,-143.794031,624.582022,59.972687,0.006614,1,0
25.867000,-61.803486,200789.865150,178.148113,201669.219722,58.212030,201893.954100,96.550438,623.616056,-23.998850,622.894802,-143.776238,625.605970,59.965449,0.011657,1,0
25.900000,-61.707541,201781.208661,178.163947,201673.288731,58.000627,201564.064491,96.223916,624.371687,-23.740707,625.459720,-143.914684,625.142540,59.956015,0.010382,1,0
25.933000,-61.878004,202106.269135,178.099886,202522.455208,58.394622,201003.717431,96.555588,626.986068,-23.957887,623.515910,-143.886003,614.839824,59.954973,0.008790,1,0
25.967000,-61.795836,202739.614842,177.984730,200761.555875,58.085746,200025.780171,96.103886,625.638604,-23.803234,626.419328,-144.162573,626.121525,59.962648,-0.002373,1,0
26.000000,-61.733540,201785.025953,178.299826,201166.435938,58.313043,201825.626757,96.545732,623.101646,-23.826524,627.685322,-143.752554,625.475146,59.969822,0.003093,1,0
26.033000,-61.634773,202139.225832,178.322905,201240.585155,58.271762,203502.913607,96.330549,630.949496,-23.497390,625.949567,-143.673748,624.653118,59.964227,-0.001906,1,0
26.067000,-61.871610,201744.261301,178.202231,202218.943920,58.218117,201845.836000,95.981236,620.175628,-23.626087,627.389725,-143.592955,629.076662,59.958529,0.015665,1,0
26.100000,-61.717073,201975.751521,178.102540,201431.167366,58.290262,202763.429655,96.002598,626.022741,-23.993738,622.573396,-143.705618,624.635200,59.964872,0.005881,1,0
26.133000,-61.811312,202852.470098,178.216374,201536.367823,58.291006,201954.536620,96.249935,622.984052,-23.757680,628.883202,-143.898796,629.129707,59.963528,0.014977,1,0
26.167000,-61.766674,202934.472065,178.469622,201882.131971,58.173046,199803.134898,96.440331,622.936760,-23.963719,631.163582,-144.064610,628.622346,59.971416,-0.003432,1,0
26.200000,-61.816345,201719.991852,178.213580,202571.087978,58.193422,200319.229381,96.340274,621.746913,-23.478351,627.313474,-143.589205,624.294489,59.971158,0.008968,1,0
26.233000,-61.841710,201891.209393,178.251839,201386.285223,58.176101,203775.357607,95.888856,626.388818,-23.953520,615.033976,-143.736978,623.225473,59.966475,-0.003930,1,0
26.267000,-61.639043,201539.121439,178.345874,201208.724481,58.340068,203456.513134,96.452062,631.195571,-23.631333,616.521994,-143.667843,632.468163,59.965566,-0.007370,1,0
26.300000,-61.552994,201363.733822,178.291467,203028.296526,58.382630,202066.459861,96.347195,620.231320,-23.816625,623.079893,-143.438720,622.655452,59.971963,0.007127,1,0
26.333000,-61.851844,202155.745291,178.282137,200235.718401,58.376886,201350.784512,96.355027,623.466604,-23.712834,624.090394,-143.632547,622.150743,59.967141,-0.017403,1,0
26.367000,-61.736016,202941.891312,178.173182,202672.605582,58.097272,199474.050711,96.329495,629.185889,-23.939082,622.705235,-143.910366,621.153919,59.962696,0.009298,1,0
26.400000,-61.925749,203516.811580,178.255238,203236.226772,58.182376,202198.306639,95.958134,616.464675,-23.932653,623.841556,-143.783782,615.147399,59.961884,0.000201,1,0
26.433000,-61.798686,201456.839489,178.404613,203825.582514,58.281541,200612.465009,96.238909,623.116342,-23.527003,627.613138,-144.111446,624.634190,59.965029,0.011776,1,0
26.467000,-61.853420,202680.520296,178.136489,201390.437235,58.276964,202099.842501,96.235932,627.074661,-24.030268,618.361057,-143.273575,620.066503,59.961082,0.000629,1,0
26.500000,-61.767154,202066.092451,178.223911,200511.060563,57.956426,201617.514542,96.157181,623.325762,-24.000854,617.951038,-144.440738,622.207489,59.969090,0.004560,1,0
26.533000,-61.846749,201290.076567,178.401106,201288.284687,58.343035,201696.069551,96.578267,625.976200,-23.825203,630.163549,-143.573370,623.007489,59.962585,-0.003517,1,0
26.567000,-61.813265,201856.482575,178.201487,202198.275865,58.185010,201848.672820,96.119841,620.448243,-23.801441,618.574820,-143.858949,624.228255,59.966528,-0.000088,1,0
26.600000,-61.767600,203066.129122,178.404379,203009.076209,58.090996,202251.875723,96.359097,617.754087,-23.385640,614.874133,-144.001450,629.151756,59.960257,0.011838,1,0
26.633000,-61.686759,202764.305930,178.423639,202991.277940,58.410322,200998.357836,96.209737,624.403932,-23.644314,622.350612,-143.311671,622.669809,59.963269,-0.001943,1,0
26.667000,-61.709930,200791.731695,178.192766,202719.953398,58.242802,200747.019958,96.217922,630.169537,-23.382376,624.964977,-143.399128,628.330045,59.957539,0.000921,1,0
26.700000,-61.651224,203253.577081,178.071100,203030.782927,58.274173,201933.953939,96.678712,624.097716,-23.950808,626.665485,-143.781648,621.804774,59.962093,-0.004839,1,0
26.733000,-61.675724,202736.071745,178.324206,201286.868604,58.171814,201992.029907,96.185287,616.174276,-23.565980,620.267304,-143.778888,622.485139,59.964347,-0.011762,1,0
26.767000,-61.933295,202874.288340,178.401431,201741.391927,58.213281,201342.058038,96.113416,622.430105,-23.940755,621.550581,-143.483709,623.513527,59.960107,0.002886,1,0
26.800000,-61.718961,202345.772132,178.320580,200111.990794,58.161261,203553.408907,96.101838,628.337336,-23.831712,622.226034,-143.584859,622.834492,59.978772,0.002733,1,0
26.833000,-61.721553,203195.037989,178.303430,201131.269220,58.256387,200564.890926,96.404199,618.294703,-23.592007,624.239261,-143.784464,625.746736,59.957377,-0.002876,1,0
26.867000,-61.886230,202675.922787,178.379802,200457.810047,58.206599,202013.365420,96.137733,621.301136,-23.503837,624.103508,-143.905671,622.614647,59.975238,-0.009693,1,0
26.900000,-61.599952,202629.820517,178.267797,201395.001580,58.181266,201438.683364,96.170213,621.875223,-23.793292,622.192439,-143.760366,621.275421,59.963672,-0.004964,1,0
26.933000,-61.766520,203277.891533,178.279686,202266.578810,58.254991,201530.970667,96.100038,628.630988,-23.645757,620.109097,-143.522430,624.589013,59.956661,0.002648,1,0
26.967000,-61.756670,200765.931273,178.244050,201399.812663,58.340764,202745.097476,96.190262,626.549913,-23.677689,618.834669,-143.525754,622.388552,59.960775,0.002563,1,0
27.000000,-61.628156,201493.438666,178.309074,201951.453478,58.288827,202948.638018,96.299029,621.992325,-23.702797,618.575982,-143.769802,622.441700,59.967102,0.007213,1,0
27.033000,-61.800293,200217.781540,178.394055,201822.299695,58.252452,202385.755038,96.156453,619.245294,-23.303539,622.023589,-143.605317,616.979549,59.967221,-0.005575,1,0
27.067000,-61.701514,201926.191491,178.506572,201088.241287,58.454475,201061.452382,96.512524,620.395398,-23.747473,619.384624,-143.815114,612.266917,59.959346,-0.001844,1,0
27.100000,-61.863520,201858.159719,178.225775,199886.939674,58.354063,201713.367333,96.277640,618.599394,-24.139926,615.389579,-143.352513,616.009915,59.951093,0.011575,1,0
27.133000,-61.635948,202335.383335,178.150422,201491.095897,58.262773,201709.257980,96.279208,610.427600,-23.662349,617.404908,-143.954271,620.691831,59.960702,0.001706,1,0
27.167000,-61.536933,201642.863156,178.270166,202443.998793,58.255775,201622.086075,96.282208,622.097646,-23.623976,617.923211,-144.154665,610.628046,59.969812,0.002081,1,0
27.200000,-61.646986,203763.508303,178.191253,202901.761103,58.235501,202934.012151,96.775782,613.070058,-23.863008,621.450117,-143.598330,616.242695,59.965332,0.004143,1,0
27.233000,-61.807803,203573.432079,178.092340,200872.144408,58.309959,202771.280193,96.311124,621.128418,-23.924840,617.040174,-143.611132,621.167402,59.970840,0.002998,1,0
27.267000,-61.739132,203838.652190,178.339327,201492.392205,58.115230,203017.274936,96.333788,606.224835,-23.519016,611.788592,-144.139066,614.995390,59.966222,-0.002596,1,0
27.300000,-61.592787,203334.303495,178.600236,203856.483345,58.243399,201603.144788,96.774516,614.777917,-23.556942,611.773275,-143.547591,617.736884,59.959120,-0.003357,1,0
27.333000,-61.597369,201604.252689,178.423087,202566.809796,58.212491,204111.193379,96.124652,617.475183,-23.801349,617.844151,-143.772852,611.622968,59.966657,0.006065,1,0
27.367000,-61.840906,202895.717657,178.338713,203533.462804,58.246709,203082.120916,96.264421,615.505893,-23.509758,619.428090,-143.898175,619.301363,59.961137,0.001902,1,0
27.400000,-61.568425,203255.944336,178.276895,202629.229720,58.273448,203547.985728,96.414629,610.181579,-23.568508,610.591062,-143.614529,608.428013,59.964789,-0.000045,1,0
27.433000,-61.618858,204196.770156,178.392378,202732.575326,58.436952,200968.892269,96.496233,607.649700,-23.917599,606.231004,-143.687471,615.748328,59.972431,0.003106,1,0
27.467000,-61.730111,204133.299607,178.219260,202174.780309,58.437665,200367.710726,96.255731,612.614968,-23.965733,607.104141,-143.695435,615.414060,59.965677,0.003100,1,0
27.500000,-61.746140,201776.946560,178.436429,201274.563294,58.578867,203179.566617,96.623334,612.657465,-23.665797,613.292384,-143.728503,612.162398,59.967399,0.005439,1,0
27.533000,-61.674489,201871.901385,178.245692,203343.381639,58.308729,201579.006623,96.413930,616.987016,-23.775407,622.509776,-143.565211,615.930951,59.962808,0.005089,1,0
27.567000,-61.722319,204114.569222,178.707908,199973.807510,58.584281,203481.989864,95.943513,607.872929,-23.306724,608.663523,-143.466338,617.630489,59.953775,0.002041,1,0
27.600000,-61.348777,203253.745217,178.439040,202299.983690,58.365943,201661.737420,96.328205,618.071433,-23.562189,615.730502,-143.692169,613.788818,59.962846,0.008057,1,0
27.633000,-61.517103,203414.867755,178.486832,201445.751348,58.513930,201770.233738,96.391753,618.479634,-23.126642,610.182700,-143.793432,614.358191,59.960156,-0.001104,1,0
27.667000,-61.630908,202886.811751,178.360642,202428.597775,58.468703,203028.521970,96.471968,610.290301,-23.437088,614.280070,-143.402259,617.646562,59.961857,0.007601,1,0
27.700000,-61.660145,203923.877381,178.433486,202359.029208,58.376705,200718.082644,96.505760,617.943196,-23.612688,616.560700,-143.574809,616.527941,59.958756,-0.007343,1,0
27.733000,-61.522597,201031.413413,178.464672,202385.372463,58.450592,203511.779366,96.485237,607.649425,-23.758267,610.185806,-143.497121,610.761448,59.963859,0.002906,1,0
27.767000,-61.423601,205189.611802,178.312164,201397.664259,58.394919,203126.999217,96.288206,620.011184,-23.700443,619.109416,-143.538189,617.703212,59.960186,-0.003826,1,0
27.800000,-61.519434,201873.616605,178.391105,201380.497648,58.485979,201894.166484,96.300519,614.005686,-23.449915,613.226220,-143.550114,617.155304,59.962198,0.003005,1,0
27.833000,-61.710522,201269.493287,178.493289,204145.724471,58.392902,201830.195510,96.281042,617.065744,-23.236625,616.735403,-143.746117,617.275050,59.958475,0.007031,1,0
27.867000,-61.683471,200801.464186,178.285420,202202.878172,58.374807,203292.914035,96.258060,611.913780,-23.746044,622.527907,-143.634081,612.591373,59.969480,-0.010057,1,0
27.900000,-61.415869,204029.501892,178.258563,204532.546697,58.391944,203112.057835,96.440498,615.098418,-23.650231,615.697416,-143.735663,615.373727,59.973876,-0.000989,1,0
27.933000,-61.669860,203271.603511,178.635238,203500.014909,58.375745,203246.167757,96.253169,610.580322,-23.125018,610.459557,-143.560367,608.772031,59.973266,-0.002220,1,0
27.967000,-61.530722,204876.780515,178.312133,205124.583077,58.363477,202980.926337,96.358920,612.826978,-23.704940,615.332181,-143.658629,612.634742,59.964833,-0.013583,1,0
28.000000,-61.620213,204433.402950,178.195610,203811.116029,58.392004,202865.037553,96.651758,617.176265,-23.766187,616.735899,-143.497917,613.526013,59.972306,0.003325,1,0
28.033000,-61.688284,205081.195385,178.114564,203628.252252,58.471055,202828.191472,96.196965,616.539966,-24.027970,613.393097,-143.641960,611.144180,59.971179,0.004116,1,0
28.067000,-61.663141,203105.874656,178.452837,202118.431340,58.289632,203568.698538,95.944599,616.778444,-23.648633,617.978870,-143.837225,612.591663,59.970201,0.006110,1,0
28.100000,-61.880921,203933.371487,178.309858,201888.103026,58.398557,204150.211139,96.166825,628.093917,-23.714665,619.146268,-143.758805,620.891248,59.961500,-0.000111,1,0
28.133000,-61.606717,203044.958541,178.322829,202844.863240,58.357176,203091.170674,96.080850,624.120242,-23.574893,617.827068,-143.778523,621.374973,59.970088,-0.013939,1,0
28.167000,-61.563824,204391.751692,178.409310,202076.037669,58.547769,203205.427842,96.729862,612.205362,-23.801701,620.249914,-143.536485,620.758185,59.969711,0.007391,1,0
28.200000,-61.599849,202992.217385,178.299280,202287.544196,58.401851,202707.199697,96.555117,618.743561,-23.810673,617.389838,-143.591169,617.349441,59.960605,-0.011378,1,0
28.233000,-61.541340,202896.337449,178.388660,201156.920014,58.185882,203571.899121,96.692519,618.772478,-23.636613,615.256395,-143.625140,621.575549,59.960485,-0.012267,1,0
28.267000,-61.624098,204179.598249,178.389527,203221.600318,58.266324,201789.308187,96.428138,624.319689,-23.525946,617.745144,-143.550229,619.143542,59.960610,0.001662,1,0
28.300000,-61.694086,204460.577337,178.370179,204829.937325,58.402013,204226.447758,95.945689,622.236205,-23.638158,621.495553,-143.402331,620.226285,59.969298,0.006055,1,0
28.333000,-61.737530,204635.252150,178.482179,203410.813345,58.255660,203558.825861,96.673627,622.915129,-23.326174,617.927102,-143.701932,618.847022,59.963236,0.006798,1,0
28.367000,-61.706863,203758.660994,178.209684,204373.532312,58.211175,202800.513229,96.432416,616.101570,-23.679556,619.684484,-143.612836,615.157547,59.980471,0.009749,1,0
28.400000,-61.667837,204473.868715,178.292383,202310.252714,58.278274,204180.774084,96.519108,618.118768,-23.522412,621.721519,-143.691884,618.690330,59.973260,0.003555,1,0
28.433000,-61.756865,202202.821534,178.231021,201356.026157,58.168407,204971.940394,96.237344,618.230048,-23.655753,611.800973,-143.936243,615.961736,59.973730,0.002959,1,0
28.467000,-61.593320,203200.479430,178.202792,200683.038263,58.466657,202740.035809,96.466990,607.829061,-23.861485,618.818755,-143.623655,616.009428,59.976556,0.002680,1,0
28.500000,-61.769243,203665.410954,178.301654,202952.142823,58.257484,204438.902423,96.123030,618.322132,-23.611982,621.470322,-143.767366,617.853733,59.976688,0.005177,1,0
28.533000,-61.872986,203152.751867,178.221237,202844.900474,57.959122,202170.635380,96.004493,615.946683,-23.871298,611.178660,-143.908940,618.398956,59.970268,-0.000278,1,0
28.567000,-61.675302,205006.214710,178.253419,202636.355075,58.318877,204438.761994,96.228197,616.079230,-23.784881,614.338398,-143.724292,624.810131,59.975594,-0.003575,1,0
28.600000,-61.726954,201666.599884,178.431683,203699.598967,58.248234,203265.691546,96.198422,617.222642,-23.541793,615.014693,-143.980125,621.301550,59.974333,-0.007763,1,0
28.633000,-61.902924,202104.771625,178.409263,202051.692672,58.216413,202672.711711,95.960230,611.209793,-24.008370,609.119005,-143.679365,618.966633,59.975594,-0.006081,1,0
28.667000,-61.782758,203546.594977,178.308489,202141.109389,58.264745,204163.030296,96.243397,625.926878,-23.667380,621.142559,-143.610788,620.345891,59.979132,0.007631,1,0
28.700000,-61.601331,202407.748131,178.219158,202716.836535,58.106905,203793.508633,96.056973,615.780234,-23.705441,615.537919,-143.617248,614.687753,59.983859,0.005169,1,0
28.733000,-61.797190,204960.464363,178.135650,202465.407499,58.196023,204871.208627,96.171386,611.094769,-24.290673,618.562803,-143.731114,614.920473,59.976723,0.004108,1,0
28.767000,-61.860399,205089.305189,178.376620,203021.527448,58.321515,204352.656087,96.077280,614.455821,-23.698051,619.502636,-143.625766,620.314142,59.984080,0.003261,1,0
28.800000,-61.704772,201392.409117,178.177308,202953.461295,58.156856,201839.273333,96.421925,611.117099,-23.709108,617.956929,-143.779664,621.032777,59.985257,-0.009609,1,0
28.833000,-61.650710,203375.026423,178.279062,203225.093135,58.434104,204612.721960,95.927246,619.552537,-24.092370,621.281508,-143.384804,619.075042,59.975106,0.005371,1,0
28.867000,-61.712129,203517.251040,178.280157,203575.031338,58.453508,202717.200536,96.190016,616.567191,-23.357984,618.334183,-143.308793,619.026212,59.977447,0.002361,1,0
28.900000,-61.882147,203844.490770,178.237347,205000.108309,58.305111,204477.377647,96.321398,615.039058,-23.870380,614.461043,-143.736655,617.612063,59.969550,-0.000532,1,0
28.933000,-61.831465,204847.793170,178.270034,203453.470074,58.112881,203720.849552,96.018079,617.199797,-23.525179,615.916934,-143.938508,616.956215,59.978959,0.009211,1,0
28.967000,-61.555767,203311.605967,178.172617,202900.695006,58.153412,202951.150953,96.374278,615.202222,-23.654469,620.153880,-143.835881,615.191184,59.968664,-0.006109,1,0
29.000000,-61.805030,204471.415064,178.177110,203841.970720,58.107732,202670.427130,95.905479,615.955361,-23.901753,611.452604,-143.708955,615.109633,59.971094,-0.006841,1,0
29.033000,-61.801749,203541.551591,178.211621,204092.044290,58.231218,203235.888427,96.376378,623.406530,-23.521918,621.054279,-143.756038,615.412943,59.975357,-0.018346,1,0
29.067000,-61.664247,204640.690904,178.118717,203260.008863,58.432451,205699.473240,96.408911,611.367096,-23.958394,622.983642,-143.635163,622.138652,59.968415,-0.007421,1,0
29.100000,-61.682955,203868.307057,178.208723,201742.185535,58.266504,204125.235666,96.663646,612.562274,-23.853979,615.315467,-144.063682,618.877624,59.967408,0.005054,1,0
29.133000,-61.778474,203949.567238,178.262935,202264.589978,58.155531,202487.614346,96.037612,619.497476,-23.855520,615.718703,-144.122560,616.435209,59.961276,0.013322,1,0
29.167000,-61.843199,202989.417138,178.246517,201753.326942,58.141647,202527.867535,96.319834,617.770322,-23.797310,617.288978,-144.028304,609.768173,59.969805,0.003622,1,0
29.200000,-61.908606,203856.947460,178.272461,200715.767118,58.231037,203826.347821,95.915759,617.307526,-23.555333,621.340374,-143.490677,608.412410,59.966028,-0.000189,1,0
29.233000,-61.698208,202326.982123,178.212492,203119.113507,58.351498,203469.821864,96.214542,619.167263,-23.906461,611.158036,-143.660419,619.550949,59.974036,-0.008417,1,0
29.267000,-61.827628,202201.237155,178.288589,202421.745965,57.996517,201853.039795,96.359219,621.832233,-23.971612,615.418309,-144.079410,613.188342,59.966807,0.004567,1,0
29.300000,-61.802392,203025.520567,178.410843,201388.645238,58.274908,201682.301574,95.969933,609.757168,-23.776735,613.478941,-143.556052,612.981854,59.971706,0.000358,1,0
29.333000,-61.746992,202376.990843,178.184535,202644.658145,58.268232,203158.173947,96.045922,611.250182,-23.716189,616.245758,-143.590893,621.814214,59.974739,0.006383,1,0
29.367000,-61.779983,203255.504629,178.286296,202494.330946,58.367083,202833.372336,96.069538,618.227108,-23.814117,614.356919,-143.837711,618.611427,59.965109,-0.007449,1,0
29.400000,-61.732611,203055.877995,178.342369,203217.584377,58.280165,205068.503620,96.468911,612.221946,-23.852167,614.951978,-143.488979,613.135303,59.968632,0.009943,1,0
29.433000,-61.789506,202804.742987,178.420472,203992.731025,58.314792,205209.729010,96.201905,613.415726,-23.758202,615.761944,-143.619204,620.962772,59.967598,-0.015018,1,0
29.467000,-61.767151,202600.925473,178.283055,204403.071366,58.245116,205152.908214,96.159268,610.038790,-23.921472,616.136821,-143.685348,617.427195,59.957678,0.015203,1,0
29.500000,-61.606140,203826.868958,178.100797,204075.079587,58.336325,203191.034558,96.233619,614.386647,-23.685859,609.627344,-143.621653,610.057153,59.963666,0.008349,1,0
29.533000,-61.876473,205201.081115,178.151247,203010.917138,58.183835,203296.042014,96.424698,611.000221,-23.872936,619.447329,-143.689766,617.864598,59.963037,0.002395,1,0
29.567000,-61.931324,204815.116239,178.370998,203162.520888,58.146522,203545.844417,96.172007,618.110830,-23.628011,621.745669,-143.521696,615.587241,59.957710,0.005576,1,0
29.600000,-61.731881,203628.194837,178.303790,203445.048514,58.332388,203131.990616,96.086785,618.329846,-23.687687,620.739920,-143.733414,618.238334,59.976098,0.001062,1,0
29.633000,-61.626177,203646.710700,178.323479,201607.068621,58.462756,202530.444057,96.420348,607.722073,-23.633621,615.882600,-143.789423,614.142394,59.969912,0.000424,1,0
29.667000,-61.720877,202620.000474,178.501308,201966.589096,58.475042,204123.712980,96.307823,620.216658,-23.578424,615.793158,-143.483726,614.460128,59.964844,0.002639,1,0
29.700000,-61.711358,204212.543924,178.438392,202935.021571,58.400211,202025.576545,96.190801,615.255179,-23.276076,615.491008,-143.373296,622.298078,59.968405,-0.003659,1,0
29.733000,-61.608762,202194.352601,178.344667,201843.838317,58.299035,203690.250824,96.487199,615.041427,-23.963748,622.066737,-143.647142,619.037877,59.957748,0.004170,1,0
29.767000,-61.544664,203403.688319,178.573442,204944.963815,58.311789,203884.835314,96.277261,623.733019,-23.529166,624.066814,-143.967480,620.040603,59.962662,-0.005025,1,0
29.800000,-61.641746,203969.657116,178.616780,203052.568193,58.425601,202243.763884,96.411323,622.523101,-23.592388,635.297375,-143.725953,620.531868,59.957423,0.006356,1,0
29.833000,-61.660707,204522.452007,178.337836,203231.385402,58.595754,203869.376760,96.602250,617.528412,-23.399076,617.802567,-143.404569,627.160179,59.956165,0.000570,1,0
29.867000,-61.539415,205087.939271,178.408500,203989.918919,58.529260,201979.731703,96.495823,623.089932,-23.824160,622.470048,-143.520123,626.616207,59.955581,0.006661,1,0
29.900000,-61.484423,202635.686979,178.429804,203812.789860,58.511906,201375.638596,96.184293,620.631592,-23.540679,624.102030,-143.628056,622.494512,59.954542,-0.001845,1,0
29.933000,-61.419040,202817.494305,178.595218,201579.154096,58.537749,202735.808403,96.595380,623.676811,-23.065726,617.194560,-143.619702,618.386406,59.955348,-0.001200,1,0
29.967000,-61.392604,205105.152256,178.265008,202828.278141,58.379335,204374.985891,96.713795,623.150913,-23.927550,620.472192,-143.607273,622.126015,59.953193,-0.003228,1,0
30.000000,-61.299104,203751.894229,178.573218,201651.192781,58.570605,203910.208209,96.816541,622.002248,-23.647617,618.559444,-143.549836,622.733166,59.956977,0.003786,1,0
