TIMESTAMP,BUS30_VA_ANG,BUS30_VA_MAG,BUS30_VB_ANG,BUS30_VB_MAG,BUS30_VC_ANG,BUS30_VC_MAG,BUS30_IA_ANG,BUS30_IA_MAG,BUS30_IB_ANG,BUS30_IB_MAG,BUS30_IC_ANG,BUS30_IC_MAG,BUS30_Freq,BUS30_ROCOF,DATA_PRESENT,Event
0.000000,-63.417205,207760.541092,176.638874,206437.133377,56.499507,205582.656474,94.654310,669.602549,-24.822891,668.966335,-145.339122,673.084101,59.955504,-0.006662,1,0
0.033000,-63.316179,207417.151705,176.838421,206369.657620,56.533337,206632.969359,94.781337,669.512536,-25.148993,672.681795,-145.475136,670.203315,59.951641,0.014562,1,0
0.067000,-63.291284,207259.894550,176.575075,207627.324649,56.682303,208414.885447,94.638934,665.440907,-25.665565,672.713989,-144.850504,671.262002,59.956863,-0.008546,1,0
0.100000,-63.446328,205927.636193,176.682751,204367.589687,56.589750,207615.558777,94.381446,670.606722,-25.420754,670.063463,-145.601614,671.808793,59.957366,-0.008556,1,0
0.133000,-63.373760,206002.257794,176.682146,204107.608747,56.564037,206331.334259,94.554111,673.644768,-25.372025,667.104478,-145.141372,670.621291,59.952122,0.008523,1,0
0.167000,-63.419975,206178.998944,176.596634,205371.378246,56.586768,204914.292862,94.211218,664.107045,-25.173050,671.852327,-145.447104,667.636511,59.951820,-0.001717,1,0
0.200000,-63.332968,205454.311541,176.703569,204453.974589,56.682828,206077.340605,94.674697,676.219632,-25.244899,669.638052,-145.535318,675.992255,59.958614,0.013299,1,0
0.233000,-63.269387,205952.802156,176.648335,205858.403243,56.798022,205803.658740,94.829933,678.614025,-25.222961,663.932870,-145.334996,672.946183,59.954938,-0.007811,1,0
0.267000,-63.441263,207271.737914,176.744813,205106.798375,56.698346,206588.490243,94.552534,671.703319,-25.198507,668.133078,-145.185800,671.809686,59.956985,-0.005657,1,0
0.300000,-63.391613,208305.772382,176.707577,206283.946127,56.739221,206071.915139,94.439788,677.380367,-25.084841,675.818888,-145.213021,670.774646,59.945866,-0.018475,1,0
0.333000,-63.261777,206818.273058,176.756196,204941.638700,56.772091,204822.839307,94.502046,672.143019,-25.352138,672.898011,-145.307383,670.812173,59.954959,0.000236,1,0
0.367000,-63.302898,205463.059501,176.770004,204641.163666,56.553496,206995.674780,94.473564,668.452523,-25.411811,669.835921,-145.526907,667.300796,59.954172,0.004253,1,0
0.400000,-63.080275,206494.694961,176.904193,204578.261880,56.591048,205974.160626,94.920407,666.740575,-24.926044,673.397353,-145.577245,665.528374,59.958587,0.002775,1,0
0.433000,-63.444424,206766.139872,176.664164,206966.172867,56.778359,206967.462494,94.593369,671.569151,-25.431778,669.805609,-145.311780,673.612896,59.953397,-0.013178,1,0
0.467000,-63.472694,206138.511083,176.516996,205267.531092,56.634526,205005.192069,94.476201,665.922657,-25.215362,662.586343,-145.210614,672.208255,59.953613,0.017918,1,0
0.500000,-63.230522,203947.041317,176.768621,205126.757177,56.550232,207243.207144,94.645587,670.048149,-25.080200,668.220349,-145.656374,668.471392,59.943023,0.001356,1,0
0.533000,-63.423159,206809.030054,176.664672,204355.267501,56.711931,205436.950051,94.669199,668.799516,-25.396480,669.461192,-145.074452,668.806123,59.952441,-0.001701,1,0
0.567000,-63.092809,204888.257017,176.652438,205095.944975,56.615405,205699.216042,94.915517,670.644405,-25.282798,660.885608,-144.967267,672.147443,59.953215,0.004352,1,0
0.600000,-63.485988,206556.904657,176.582674,204230.325191,56.774492,206619.201773,94.517846,680.128413,-25.407020,677.372505,-145.235959,668.557350,59.947266,0.006666,1,0
0.633000,-63.235182,205250.592637,176.689516,204316.233876,56.781474,206109.476137,95.031803,678.044875,-25.152628,666.280630,-145.134843,664.508706,59.952999,0.000604,1,0
0.667000,-63.293661,206393.912278,176.631675,206689.571370,56.594769,205136.577028,94.824752,665.593565,-25.574605,662.256157,-145.600398,672.067271,59.952330,-0.001390,1,0
0.700000,-63.232362,205352.096422,176.715156,205918.126632,56.781529,205154.199553,94.965993,669.246302,-25.512136,666.238909,-145.228484,668.496565,59.950145,-0.002351,1,0
0.733000,-63.252399,205623.092892,176.681077,204210.214701,56.855245,205542.118242,94.722008,665.432568,-25.283115,668.915451,-145.166608,670.037705,59.949672,0.005749,1,0
0.767000,-63.424527,204974.705443,176.809819,205561.171708,56.917146,205087.946582,94.786194,673.116152,-25.252320,666.989177,-145.025625,665.949060,59.943213,-0.001090,1,0
0.800000,-63.498144,203556.234586,176.662600,203692.302194,56.725734,205624.661666,94.732662,667.186978,-25.279697,665.597520,-144.818461,673.640608,59.951963,-0.015171,1,0
0.833000,-63.468378,204665.477955,176.696884,206288.932222,56.727351,203945.474432,94.767049,666.065271,-25.058608,668.655299,-145.438837,666.298994,59.944470,0.006778,1,0
0.867000,-63.568098,205582.462748,176.752102,204356.953416,56.439061,204833.149095,94.103487,672.980458,-25.277506,669.632922,-145.360558,670.740388,59.947623,0.012924,1,0
0.900000,-63.344721,205157.987227,176.465146,205099.745978,56.452027,205605.132101,94.604374,665.278757,-25.588561,668.140911,-145.680002,667.828669,59.941802,-0.008763,1,0
0.933000,-63.287989,206146.878041,176.727565,204017.690126,56.723083,203744.929523,94.750377,669.345035,-25.195809,672.740220,-145.568611,661.661153,59.944801,0.002623,1,0
0.967000,-63.223544,205527.974494,176.560580,205684.502658,56.583576,204729.590969,94.838105,673.258655,-25.668503,663.353499,-145.579047,670.724718,59.943860,0.004413,1,0
1.000000,-63.180929,205884.876830,176.555661,203882.450112,56.758322,204942.936321,94.650609,667.005074,-25.620557,666.961564,-144.964439,668.671672,59.933170,0.005083,1,0
1.033000,-63.396909,205041.261745,176.836223,205506.487821,56.630150,204240.370760,94.505187,669.329598,-24.808937,665.009036,-145.157701,670.332590,59.937803,-0.003221,1,0
1.067000,-63.344662,204532.654888,176.719816,204907.919453,56.582850,205872.566563,94.579720,669.038709,-25.537617,667.452882,-145.418572,665.170369,59.939063,-0.002087,1,0
1.100000,-63.157662,202478.720835,176.586666,204911.529220,56.723568,205391.345681,94.832239,668.546086,-25.442828,667.329973,-145.475431,662.548068,59.934245,-0.001690,1,0
1.133000,-63.323381,204857.066031,176.609132,204066.018947,56.717911,203972.886160,94.498354,666.627524,-25.370641,671.558246,-145.315394,655.882541,59.938109,0.006906,1,0
1.167000,-63.380521,204451.387388,176.533140,205828.191518,56.548054,206811.781830,94.866507,662.022788,-25.188687,667.758364,-145.241111,661.207917,59.934945,0.006867,1,0
1.200000,-63.385616,203417.029144,176.544382,206582.102593,56.478926,206936.757996,94.648461,666.976459,-25.396116,667.497704,-145.728769,668.614882,59.929715,-0.000305,1,0
1.233000,-63.326910,205087.628953,176.559239,204865.748267,56.838481,203479.177862,94.612695,670.522069,-25.364091,670.647663,-145.223676,665.860431,59.934797,-0.004197,1,0
1.267000,-63.638443,203937.272034,176.645308,204744.404646,56.677328,207064.996346,94.391894,671.543443,-25.238880,664.473255,-145.460544,671.165919,59.933196,0.006594,1,0
1.300000,-63.395290,204843.627455,176.739537,204028.536267,56.557769,205675.425444,94.451772,673.833667,-25.092513,668.558651,-145.268052,669.649240,59.945308,-0.004026,1,0
1.333000,-63.493603,204968.875309,176.736909,204452.370751,56.697752,205958.971801,94.597577,675.787034,-25.557774,671.739343,-145.098039,669.257270,59.941611,0.006461,1,0
1.367000,-63.132278,205999.945166,176.657584,204902.411993,56.730098,204341.905017,94.820690,679.033368,-25.232045,673.653465,-144.995100,668.495556,59.937957,-0.000872,1,0
1.400000,-63.442887,205837.792982,176.766907,204753.412525,56.688279,205870.290688,94.835614,667.485570,-24.908480,673.788073,-145.167336,670.570756,59.949309,-0.006313,1,0
1.433000,-63.408815,205322.043226,176.618414,204624.625716,56.653087,205650.394793,94.591425,669.398714,-25.492133,673.675548,-145.502850,671.512987,59.943343,0.006888,1,0
1.467000,-63.202659,204183.972193,176.670681,204805.426700,56.477218,205242.546934,94.931744,665.936311,-25.287640,669.937524,-145.702724,668.263223,59.933012,-0.006347,1,0
1.500000,-63.417772,203566.792609,176.497806,206341.687449,56.665373,206382.084039,94.552431,669.204063,-25.655540,668.133487,-145.390179,669.184816,59.943942,0.008385,1,0
1.533000,-63.353895,205805.411220,176.559264,204915.902861,56.805034,205381.462699,94.753132,672.401086,-25.551372,675.563289,-145.191469,672.252034,59.939516,-0.001441,1,0
1.567000,-63.283655,204106.990796,176.779570,204199.934991,56.798231,203336.459935,94.550815,675.270685,-25.225330,677.339860,-145.175117,667.457549,59.936228,0.003223,1,0
1.600000,-63.327464,205783.532333,176.658832,204618.039840,56.673964,203894.923641,94.508580,669.885159,-25.271728,670.508817,-145.495095,673.452929,59.946174,0.004623,1,0
1.633000,-63.378948,205056.664389,176.440538,204641.567357,56.691341,204837.332365,94.362583,677.100683,-25.493560,671.122279,-145.426216,667.998015,59.934851,0.008456,1,0
1.667000,-63.251066,204043.454309,176.709244,205509.555078,56.589691,204357.019199,94.698850,677.363871,-25.382271,675.599665,-145.717666,674.359410,59.940521,0.002639,1,0
1.700000,-63.464832,204451.028445,176.683470,204594.665370,56.631575,204423.398348,94.352327,666.304372,-25.769806,669.262209,-145.090520,674.896606,59.952434,-0.002182,1,0
1.733000,-63.458186,205338.877434,176.792581,205228.598698,56.673649,206300.185592,94.487446,673.643243,-25.242372,673.184006,-145.275195,676.942961,59.945543,0.008634,1,0
1.767000,-63.321489,204936.690020,176.642471,205856.676471,56.424744,204773.307840,94.632509,672.467974,-25.599805,674.413133,-145.644214,673.537142,59.946914,0.010013,1,0
1.800000,-63.178050,204983.992491,176.580069,205723.683410,56.785916,203868.658484,94.801419,681.223717,-25.345274,670.439033,-145.241075,682.913303,59.947839,-0.000526,1,0
1.833000,-63.112455,202935.147117,176.745825,203410.489141,56.740362,204148.412755,95.095524,679.301577,-25.335730,673.644613,-145.096152,677.335153,59.941692,0.006762,1,0
1.867000,-63.285704,203517.789962,176.724031,205272.736316,56.767060,203063.393560,94.617270,678.242848,-25.179244,680.440133,-145.236435,668.538252,59.951930,0.002214,1,0
1.900000,-63.316606,204276.440336,176.777692,204691.564760,56.804444,205677.149497,94.500869,671.553716,-25.224233,668.922947,-145.387845,674.965845,59.937361,-0.002455,1,0
1.933000,-63.185966,205907.615419,176.834166,204251.992224,56.874873,205303.265008,94.235307,679.953119,-25.027393,673.251067,-144.924649,677.395659,59.941673,0.000998,1,0
1.967000,-63.326982,204589.583769,176.835434,204137.902367,56.698043,206100.621549,94.787894,672.265324,-24.983392,673.226283,-145.396313,670.440252,59.949543,-0.014287,1,0
2.000000,-63.463643,204551.132826,176.820157,204174.179852,56.673278,203968.305430,94.653578,679.792436,-25.033395,673.177312,-145.363303,677.896347,59.948052,0.006306,1,0
2.033000,-63.374906,204311.978135,176.636955,206516.185341,56.818581,204741.910751,94.683944,667.214048,-25.095129,675.910485,-145.086113,680.169020,59.942042,-0.000293,1,0
2.067000,-63.327657,204948.452375,176.533890,204931.385811,56.817667,204081.877605,94.460872,677.039799,-25.472878,672.254619,-145.156717,676.478949,59.947918,0.007508,1,0
2.100000,-63.377473,203581.878742,176.802568,203531.064566,56.682756,205245.343249,94.514164,668.493062,-25.271568,677.344350,-145.637272,682.889811,59.942850,0.009197,1,0
2.133000,-63.458335,204687.823770,176.822862,205456.965666,56.705931,203807.545533,94.628437,682.258382,-25.219432,673.026812,-145.417003,681.540929,59.951774,0.002950,1,0
2.167000,-63.396381,204538.399337,176.614635,204303.980172,56.783697,205120.359953,94.633059,680.152160,-25.280778,680.152854,-144.911050,675.647491,59.948910,-0.007255,1,0
2.200000,-63.286856,203532.834814,176.553518,204876.000452,56.643304,202824.856663,94.829579,678.538274,-25.355847,676.564670,-145.334834,678.055352,59.950399,0.003897,1,0
2.233000,-63.323900,205127.971498,176.777056,206368.577957,56.745866,205735.555330,94.502884,677.045243,-25.044062,678.411129,-145.316590,679.695340,59.949648,-0.003909,1,0
2.267000,-63.474574,203777.392597,176.518965,204349.865397,56.755860,205664.272359,94.217527,676.885106,-25.273718,678.795683,-145.244782,680.714557,59.940845,0.001472,1,0
2.300000,-63.374127,204355.582570,176.714934,205096.360627,56.413720,205791.227212,94.337651,676.076627,-25.322845,671.823993,-145.461819,674.345950,59.951170,-0.011493,1,0
2.333000,-63.325611,204710.116121,176.495313,204033.177144,56.737783,205259.726290,94.771448,675.694653,-25.525528,671.426502,-145.108173,675.812157,59.944999,-0.000280,1,0
2.367000,-63.230613,206104.372866,176.616718,205170.770487,56.658321,205559.361480,94.895462,677.702099,-24.967614,670.751816,-145.226334,671.020571,59.956261,-0.002851,1,0
2.400000,-63.462592,204792.625650,176.532455,205003.076939,56.823884,204892.649299,94.427453,675.854999,-25.209546,675.133486,-145.095105,677.925770,59.948470,0.001430,1,0
2.433000,-63.353454,205157.466630,176.695278,203517.536764,56.696561,202507.336186,94.370645,673.257809,-25.546927,675.631086,-145.489706,673.865789,59.953300,0.000645,1,0
2.467000,-63.433584,203504.033928,176.720261,203626.993201,56.597228,203057.970069,94.453102,678.626439,-25.153698,676.205916,-145.643180,675.070303,59.948197,0.008703,1,0
2.500000,-63.196748,205044.653043,176.533300,204805.199762,56.758527,205362.945128,94.388511,673.200946,-25.405540,676.536669,-144.890477,671.644463,59.939511,0.006575,1,0
2.533000,-63.240137,204759.475189,176.723467,203996.273162,56.735883,205728.069594,94.786623,672.817479,-24.952150,672.577638,-145.334381,670.444907,59.960838,-0.008121,1,0
2.567000,-63.313856,205860.648520,176.841404,204646.946658,56.882983,205115.361600,94.565331,674.662931,-24.836254,667.187600,-145.010115,667.492710,59.944285,0.006694,1,0
2.600000,-63.428505,204644.934929,176.760283,205097.352290,56.514813,203376.055839,94.791686,674.396325,-25.369094,670.647053,-145.729796,674.679847,59.952007,-0.012547,1,0
2.633000,-63.391296,203748.259394,176.618197,204157.493474,56.591590,204397.916328,94.589856,667.827479,-25.652288,675.318459,-145.459606,667.246262,59.949916,-0.005757,1,0
2.667000,-63.307151,204278.477774,176.657086,205876.338401,56.712894,205055.539582,94.674034,678.543446,-25.262856,667.322513,-145.305909,670.828984,59.950639,-0.003778,1,0
2.700000,-63.331141,204003.588102,176.721706,204259.783268,56.815451,203869.809912,94.484224,677.233156,-25.481618,680.472838,-144.951443,674.403389,59.954017,-0.001474,1,0
2.733000,-63.264318,205984.019231,176.754796,202778.704028,56.742380,205316.683509,94.696667,671.037459,-25.171983,671.633971,-145.147014,667.809069,59.943972,-0.015634,1,0
2.767000,-63.271580,205516.886266,176.517081,202931.320292,56.622821,203083.492036,94.806886,675.324899,-25.475903,667.679037,-145.120457,671.238432,59.956434,-0.000059,1,0
2.800000,-63.335382,206526.167715,176.714163,205784.378982,56.770418,204430.568718,94.982786,680.530166,-25.265930,678.233072,-145.053039,672.984652,59.952197,-0.003569,1,0
2.833000,-63.427779,204555.774852,176.615929,203820.516470,56.656257,204805.982791,94.400724,682.409383,-25.225849,670.351537,-145.432834,678.519896,59.954277,0.004653,1,0
2.867000,-63.193254,203596.183557,176.745459,203174.103174,56.632752,206013.389507,94.596676,676.048339,-25.314852,671.154020,-145.446719,678.580067,59.951074,0.010180,1,0
2.900000,-63.228087,205309.595034,176.721228,205879.618891,56.416439,203394.167056,94.810774,683.259138,-25.114084,674.239446,-145.547791,674.822505,59.950787,-0.000132,1,0
2.933000,-63.286357,203912.301384,176.753828,204084.206135,56.765754,203564.772716,95.101917,676.315946,-25.268439,674.654775,-144.999365,672.556573,59.948684,0.010959,1,0
2.967000,-63.415527,205161.120126,176.784079,203130.570569,56.609780,203539.747539,94.453458,676.253259,-25.345086,675.891747,-145.556194,669.059193,59.947588,0.005295,1,0
3.000000,-63.227568,204013.954217,176.680454,202886.847592,56.589319,204031.078589,94.579862,679.800176,-25.554327,675.204212,-145.619632,674.091249,59.950880,0.001526,1,0
3.033000,-63.281554,203658.477525,176.580717,204219.654051,56.648402,204626.665610,94.800349,678.455476,-25.495239,681.713279,-145.638824,676.124726,59.956853,-0.005125,1,0
3.067000,-63.284755,203052.119387,176.701773,203754.960597,56.599428,204643.115829,94.920695,673.990579,-25.527530,671.992618,-145.674701,665.755939,59.950193,-0.012569,1,0
3.100000,-63.571792,203439.092028,176.640667,204661.193131,56.712058,203129.201787,94.257890,672.923296,-25.288232,675.568535,-145.248116,675.230735,59.952057,0.017045,1,0
3.133000,-63.344530,203421.835592,176.523445,203171.677279,56.687655,204132.845836,94.659262,679.165119,-25.552665,663.068682,-145.213607,673.322304,59.959378,0.001305,1,0
3.167000,-63.360135,204082.440870,176.577393,203089.906283,56.515859,204712.677586,94.405560,673.394298,-25.646889,667.359643,-145.346563,671.499604,59.959291,-0.002926,1,0
3.200000,-63.574791,203619.105037,176.676681,203689.026213,56.705645,203312.888521,94.495639,670.641076,-25.402425,672.995315,-145.383388,669.068304,59.970377,0.001946,1,0
3.233000,-63.403724,204526.826302,176.493018,204053.451012,56.697997,202759.822330,94.594707,667.030989,-25.472498,673.295534,-145.412385,666.330765,59.957930,0.006773,1,0
3.267000,-63.326834,204795.427364,176.485266,204141.655104,56.581471,203442.184878,94.529533,661.938456,-25.373893,669.128389,-145.709133,677.600926,59.965664,0.000572,1,0
3.300000,-63.458362,203990.216238,176.719659,204055.449526,56.486836,204199.450529,94.653922,667.189630,-25.320765,668.734656,-145.539484,672.501009,59.966255,0.001717,1,0
3.333000,-63.614802,202137.686008,176.346040,203522.557999,56.455911,204104.317581,94.166729,676.700658,-25.574446,672.225817,-145.507382,668.037546,59.962853,0.000984,1,0
3.367000,-63.340006,204177.363875,176.541592,203798.182227,56.454776,204190.044848,94.530527,668.997951,-25.649267,667.477300,-145.694921,672.346966,59.971519,-0.007735,1,0
3.400000,-63.437637,203272.913436,176.579684,204029.685113,56.622283,203190.669579,94.647909,669.632362,-25.308547,666.191205,-145.185463,666.289267,59.960348,0.011727,1,0
3.433000,-63.601965,202358.077105,176.555896,202675.508829,56.706426,203547.930810,94.456160,665.596650,-25.552564,664.442624,-145.113501,668.832142,59.965489,-0.006579,1,0
3.467000,-63.376060,202815.666693,176.415120,203111.728558,56.539778,204201.406802,94.722378,673.161651,-25.677869,673.170173,-145.390759,664.009988,59.967534,0.005014,1,0
3.500000,-63.626870,204125.715992,176.383353,201552.488254,56.445840,203502.279402,94.530210,665.129111,-25.918117,667.254961,-145.538113,674.434963,59.969424,-0.003957,1,0
3.533000,-63.553871,203036.749865,176.306037,203347.554992,56.419444,202942.046763,94.979370,669.201405,-25.819677,674.535463,-145.292194,661.520561,59.962236,-0.006774,1,0
3.567000,-63.523086,201713.310408,176.457797,203349.337589,56.480915,203695.829351,94.547614,666.321308,-25.499612,671.170604,-145.192343,661.098006,59.960677,0.015218,1,0
3.600000,-63.444819,203511.971763,176.555710,205067.200135,56.552415,202619.133265,94.428063,670.910944,-25.462512,669.426865,-145.210605,670.761712,59.963663,0.015274,1,0
3.633000,-63.535770,202397.230009,176.575108,201161.264516,56.560967,205208.820571,94.424160,669.940828,-25.152978,660.966159,-145.785170,665.287946,59.962667,-0.010288,1,0
3.667000,-63.577202,203638.300482,176.338139,205156.038611,56.382383,201684.149222,94.421298,663.954858,-25.419330,665.663105,-145.554208,672.993602,59.964372,-0.001402,1,0
3.700000,-63.497812,202957.701071,176.363046,204604.774356,56.473148,203794.651826,94.465354,663.460912,-25.569113,667.780185,-145.502075,664.629516,59.974781,-0.002449,1,0
3.733000,-63.390742,203424.820655,176.245595,204282.352235,56.289631,203795.672690,94.626509,670.400583,-25.907612,660.264841,-145.706779,667.534436,59.953633,0.010692,1,0
3.767000,-63.660633,201633.179955,176.319711,203708.934146,56.465968,203832.478591,94.387750,663.051952,-25.966343,667.027201,-145.431371,657.503355,59.963019,-0.000387,1,0
3.800000,-63.332446,202709.033359,176.393119,204517.868911,56.421413,203541.387280,94.707919,667.220188,-25.476802,658.815689,-145.682356,659.601811,59.967355,-0.001165,1,0
3.833000,-63.650642,201624.787276,176.394977,205034.136634,56.396971,202996.015448,94.351230,666.106035,-25.617343,663.680359,-145.309748,667.137571,59.957987,-0.003248,1,0
3.867000,-63.513515,202123.091000,176.507907,202591.883002,56.633117,202993.234879,94.205653,665.575254,-25.886900,656.414658,-145.273809,660.363865,59.960504,0.000597,1,0
3.900000,-63.473830,203434.716690,176.425451,205048.195646,56.388136,205106.746357,94.235658,661.635023,-25.436299,654.400045,-145.820023,667.742478,59.961248,0.012086,1,0
3.933000,-63.514239,202566.447584,176.257124,203608.196510,56.443460,202915.324637,94.431568,661.746169,-25.969291,663.991714,-145.496800,652.542368,59.966854,-0.003253,1,0
3.967000,-63.316469,204083.262019,176.516602,203630.763848,56.355831,203680.697242,94.755673,659.069436,-25.389828,663.958706,-145.636544,658.952920,59.957619,0.002118,1,0
4.000000,-63.772328,203874.259768,176.440752,204174.488195,56.529363,204533.196809,94.138467,652.518981,-25.600304,656.199362,-145.236038,657.013730,59.968108,0.004352,1,0
4.033000,-63.478871,203320.185645,176.562209,204382.333481,56.555620,203177.003315,94.502876,658.430466,-25.458985,660.774544,-145.393434,655.355592,59.967062,-0.002420,1,0
4.067000,-63.494075,203595.466557,176.575784,203874.460422,56.438469,203690.373230,94.500363,666.713914,-25.620796,660.238537,-145.436455,657.793574,59.959698,0.002031,1,0
4.100000,-63.528058,202464.124843,176.426299,202563.454646,56.401472,203408.413684,94.368887,664.176924,-25.528922,654.052027,-145.698475,654.513347,59.965412,-0.000040,1,0
4.133000,-63.433581,202129.302412,176.498443,201568.057869,56.482232,201894.414829,94.514667,660.329172,-25.619955,651.852012,-145.613327,658.247410,59.962629,-0.007762,1,0
4.167000,-63.548659,203513.500802,176.550227,202891.593124,56.419280,202121.050838,94.312232,655.481021,-25.608254,659.598717,-145.706967,655.073712,59.960809,0.008394,1,0
4.200000,-63.494261,204591.574235,176.362574,204052.098458,56.389609,203875.576076,94.600125,654.566615,-25.318422,649.366423,-145.547567,656.156671,59.962466,-0.002609,1,0
4.233000,-63.655246,203412.113887,176.342392,202369.040612,56.434934,203912.083547,94.421647,652.235923,-25.864147,647.786076,-145.762514,658.080604,59.965244,0.001447,1,0
4.267000,-63.612686,204647.780165,176.350390,202847.279232,56.416947,202978.042501,94.269955,653.707172,-25.643336,659.652634,-145.446108,657.067977,59.957679,-0.005882,1,0
4.300000,-63.681087,203405.443833,176.320907,203845.319520,56.382680,202890.946045,94.463248,652.284896,-25.877771,653.751246,-145.879932,657.013551,59.961585,0.006609,1,0
4.333000,-63.723043,203016.150904,176.385222,204762.162676,56.381934,202229.959235,94.258151,653.718204,-25.446091,658.495807,-145.166728,655.396799,59.965366,0.009099,1,0
4.367000,-63.738650,202132.183148,176.451036,203412.512225,56.685473,202965.452836,94.307852,656.979988,-25.291168,655.007702,-145.366080,651.969222,59.962041,0.002265,1,0
4.400000,-63.685418,201551.239715,176.477877,204184.370722,56.331859,202536.719753,94.047114,656.364230,-25.569449,649.648734,-145.650923,656.371136,59.967234,0.002253,1,0
4.433000,-63.696973,202236.757534,176.656896,204017.729886,56.390145,201901.824836,93.935311,656.093404,-25.457316,662.054047,-145.666803,651.524553,59.969109,0.003899,1,0
4.467000,-63.675268,202935.940981,176.603143,203041.554700,56.218333,203419.699584,94.305701,648.156998,-25.332736,655.679428,-145.686125,651.854024,59.970013,-0.006163,1,0
4.500000,-63.559566,202789.599214,176.463272,202926.322575,56.328877,204731.985314,94.383663,657.004205,-25.470277,656.932236,-145.523363,658.461655,59.969767,0.004124,1,0
4.533000,-63.585250,201598.578805,176.499889,203458.031996,56.419459,203780.632355,94.482843,656.065244,-25.538663,652.740634,-145.721091,662.337897,59.968591,-0.007354,1,0
4.567000,-63.580289,204720.808543,176.529004,202932.337619,56.455271,201483.696837,94.526698,661.799947,-25.606365,655.190361,-145.351449,657.799602,59.966094,-0.016144,1,0
4.600000,-63.522329,201661.101437,176.699352,203771.615217,56.537126,202256.755957,94.591913,653.702254,-25.097599,654.528670,-145.418493,650.195767,59.965948,0.001456,1,0
4.633000,-63.515320,202473.484085,176.528951,203517.176576,56.571246,202971.677586,94.834487,655.808961,-25.826159,657.189280,-145.366650,653.448774,59.959470,-0.001826,1,0
4.667000,-63.527899,203374.413034,176.448829,204750.334606,56.398918,203868.421979,94.292416,656.408379,-25.329391,651.837543,-145.501559,649.073005,59.961463,-0.012384,1,0
4.700000,-63.316788,203934.136818,176.444379,202911.031798,56.376550,203948.541342,94.715180,648.529602,-25.503463,653.814910,-145.569136,657.947183,59.963343,-0.009184,1,0
4.733000,-63.464042,204244.627121,176.457807,203277.550503,56.497452,204201.616797,94.595702,662.462615,-25.693645,657.034606,-145.262827,659.967289,59.962140,0.003585,1,0
4.767000,-63.507961,203010.221207,176.340800,201644.516241,56.526279,202745.490851,94.461254,661.599978,-25.501366,653.927724,-145.156726,657.296697,59.970865,0.003848,1,0
4.800000,-63.623745,202300.183453,176.541262,201262.615114,56.498957,202919.986663,94.238419,653.118831,-25.391292,658.233565,-145.566061,656.163647,59.957269,-0.006829,1,0
4.833000,-63.378844,202583.099483,176.573550,202644.884618,56.627396,201675.461524,94.622197,653.930280,-25.425962,655.338640,-145.363813,659.889411,59.965631,0.001241,1,0
4.867000,-63.421659,202683.325375,176.478121,200461.066478,56.465016,201465.746139,94.286516,654.525752,-25.409618,643.322288,-145.527070,655.357616,59.957170,-0.006075,1,0
4.900000,-63.600650,201999.792928,176.488241,202129.641177,56.306462,203538.014801,94.403631,649.855770,-25.452428,655.741529,-146.022561,654.975599,59.966275,-0.003849,1,0
4.933000,-63.559604,202562.649429,176.511347,203062.248337,56.669004,203085.996261,94.334220,653.116952,-25.217457,662.138723,-145.195746,651.499514,59.961476,-0.009996,1,0
4.967000,-63.406582,201745.486113,176.472959,202616.636207,56.465320,203787.752819,94.565879,662.948686,-25.550231,661.382553,-145.281972,662.819595,59.948186,0.014464,1,0
5.000000,-63.652916,202831.682256,176.601880,202153.803168,56.623346,202826.769358,94.296348,656.868518,-25.409962,657.701588,-145.191072,658.354115,59.954259,-0.009036,1,0
5.033000,-63.461513,202889.183960,176.582339,201478.154423,56.401966,202326.393308,94.606433,653.984958,-25.568208,652.576769,-145.601819,662.324734,59.955859,0.008142,1,0
5.067000,-63.411074,201034.796743,176.476042,202951.940971,56.574070,203416.592847,94.599022,659.156430,-25.664952,655.467782,-145.562481,647.537323,59.954094,-0.008106,1,0
5.100000,-63.543563,202768.191137,176.486474,200843.151970,56.504331,200292.755631,94.660037,656.760340,-25.118362,659.744253,-145.219446,658.932959,59.957516,0.006414,1,0
5.133000,-63.579605,203120.055939,176.662458,202322.361700,56.471234,202824.496898,94.421448,655.660415,-25.355190,655.998254,-145.410809,660.948540,59.954909,0.009795,1,0
5.167000,-63.391714,203470.802845,176.398168,203449.744496,56.612920,201537.290419,94.578388,658.202932,-25.729014,655.320135,-145.393608,654.051938,59.953820,0.005922,1,0
5.200000,-63.438016,204073.718263,176.407232,201943.063279,56.526955,201981.712909,94.772837,655.967536,-25.680532,655.206957,-145.290623,657.735898,59.952019,-0.003114,1,0
5.233000,-63.513519,202832.238497,176.743593,203117.167702,56.452488,203083.562587,94.297926,658.188550,-25.077384,649.834439,-145.846216,658.906930,59.958431,0.003915,1,0
5.267000,-63.660251,203824.803406,176.473820,203942.147739,56.632387,201259.697327,94.324380,663.469489,-25.474351,654.474944,-145.387885,653.543068,59.947880,-0.010958,1,0
5.300000,-63.406382,203745.965829,176.526878,203573.217586,56.621353,203007.853640,94.405159,655.344316,-25.302418,651.228841,-145.510109,663.952072,59.952842,0.011567,1,0
5.333000,-63.236699,202893.338167,176.407867,202552.687411,56.584039,203248.408529,94.695137,652.588065,-25.608550,657.983769,-145.280361,662.584483,59.954556,-0.008217,1,0
5.367000,-63.628000,203542.476538,176.527203,203692.155582,56.400526,201695.286007,94.335915,653.874609,-25.670111,655.849944,-145.469897,657.944877,59.956459,-0.003793,1,0
5.400000,-63.392601,202633.826988,176.721738,200714.806911,56.578001,202754.253508,94.721357,662.845862,-25.352516,657.192326,-145.289816,661.781218,59.957063,-0.016124,1,0
5.433000,-63.498197,201368.598285,176.780036,201780.163568,56.731660,202000.862079,94.380814,662.099081,-25.239196,668.931805,-145.607479,661.629973,59.950593,0.001963,1,0
5.467000,-63.142712,202882.773129,176.490845,202147.209313,56.599486,202644.994313,94.391841,656.975584,-25.426906,665.540243,-145.411030,656.737578,59.946697,-0.002725,1,0
5.500000,-63.316580,201898.942721,176.671651,202536.297500,56.620700,202271.942144,94.880162,664.178166,-25.363094,659.718088,-145.156768,658.997535,59.959323,-0.003812,1,0
5.533000,-63.395987,201629.755708,176.509771,203092.591018,56.817912,202928.656934,94.360873,662.946892,-25.430858,653.739151,-145.246649,660.013987,59.962286,0.001527,1,0
5.567000,-63.379619,202981.164180,176.489087,201852.249177,56.719496,200427.515456,94.515018,657.545467,-25.626178,656.154846,-145.381739,659.654404,59.954415,0.008914,1,0
5.600000,-63.235008,202894.780599,176.560559,201835.863578,56.632508,202500.818568,94.934596,660.026236,-25.579358,659.835251,-145.384244,659.628690,59.953749,0.001606,1,0
5.633000,-63.163171,201252.606975,176.831807,202372.922755,56.640708,202464.018791,94.810158,663.071777,-25.070641,658.084057,-145.234805,656.080985,59.968968,0.011568,1,0
5.667000,-63.286874,202208.411590,176.815095,202811.075408,56.606894,203375.616114,94.830840,657.866200,-25.263644,655.781916,-145.577887,655.218616,59.961016,-0.003091,1,0
5.700000,-63.322515,202008.292975,176.683583,202759.202643,56.695148,202703.133956,94.417621,659.989001,-25.386391,658.190410,-145.394572,662.817881,59.956512,-0.014664,1,0
5.733000,-63.162465,202083.975093,176.804681,203443.122348,56.644556,201317.358939,94.408695,661.542902,-25.217409,666.666976,-145.099980,662.700473,59.959618,0.014318,1,0
5.767000,-63.298105,200251.126225,176.484505,203323.593018,56.662803,202535.994994,94.637346,662.608217,-25.353417,666.555543,-145.115586,653.060075,59.958101,0.003636,1,0
5.800000,-63.362804,202628.786196,176.724503,202348.251522,56.921111,203171.679538,94.568103,663.165967,-25.228860,653.280229,-145.320984,658.364014,59.955540,0.001628,1,0
5.833000,-63.402834,203919.530928,176.527818,202050.540110,56.678407,203000.949067,94.673939,660.887034,-25.639896,667.414555,-145.369179,660.907426,59.951905,0.003233,1,0
5.867000,-63.192093,202469.976530,176.598060,203022.316210,56.712186,203906.518406,94.901667,665.385775,-25.263536,659.554446,-145.564613,661.970650,59.951462,0.001847,1,0
5.900000,-63.208306,203176.556508,176.917602,202806.306275,56.891828,203471.537968,94.752643,667.003338,-25.079357,660.266450,-145.079583,658.470665,59.953127,-0.002410,1,0
5.933000,-63.187741,203045.359801,176.773390,203299.625914,56.692231,203840.619439,94.493530,665.066755,-24.941882,662.564628,-145.524138,656.245980,59.953236,-0.002798,1,0
5.967000,-63.222869,202895.797435,176.762143,203992.927287,56.851629,201983.082829,94.865990,659.389729,-25.293211,663.449600,-145.206031,657.165272,59.961863,0.003306,1,0
6.000000,-63.020660,202968.577730,176.757189,202795.210455,56.648677,202823.858775,95.290894,659.095857,-25.271675,662.530924,-145.456175,658.647901,59.954304,-0.003013,1,0
6.033000,-63.245401,200935.678490,176.890325,204965.719222,56.736279,203702.592393,94.650481,660.766211,-25.146965,663.757651,-145.533699,666.378154,59.952133,-0.002103,1,0
6.067000,-63.122515,205004.691063,176.712230,203564.747759,56.774950,203591.135865,94.891352,660.301475,-25.404143,656.536626,-145.220566,661.891073,59.961837,-0.001926,1,0
6.100000,-63.139602,204285.458292,176.659659,203976.553020,56.939498,204694.834244,94.891785,656.497232,-25.626030,659.353151,-145.030829,656.203499,59.956647,0.009250,1,0
6.133000,-63.358815,204508.647445,176.786562,203039.050035,56.812784,205365.126706,94.726754,659.045846,-25.025427,658.730474,-145.216321,665.642684,59.959983,0.009501,1,0
6.167000,-63.073781,203557.419521,176.862566,203647.931443,56.880725,203925.370450,94.762033,663.598072,-25.240391,661.040302,-145.037406,662.424301,59.965788,-0.007562,1,0
6.200000,-63.367822,203602.496246,176.727826,203244.978874,56.738817,201893.575573,94.760154,662.256144,-25.539037,662.348700,-145.377185,667.335135,59.955519,0.005337,1,0
6.233000,-63.253020,203441.290872,176.911966,204840.786106,56.918842,203594.285641,94.769788,668.125202,-25.313340,659.519532,-144.887122,660.421900,59.967202,-0.009681,1,0
6.267000,-63.176427,202525.094046,176.943029,204260.084930,56.599424,204059.298906,95.185426,668.766102,-25.068651,663.210072,-145.270027,664.368983,59.965911,-0.001001,1,0
6.300000,-63.405398,204118.244143,176.624419,202659.198788,56.708889,206762.102579,94.528896,661.715044,-25.545538,668.611756,-145.208363,666.111415,59.957942,-0.004829,1,0
6.333000,-63.366266,202187.009088,176.682684,204624.607539,56.663709,203576.335704,94.618182,657.477970,-25.278858,661.307394,-145.366226,661.717339,59.963384,0.006593,1,0
6.367000,-63.396670,204043.536938,176.822581,204014.636126,56.673373,204801.311426,94.654308,661.353695,-25.156325,659.800442,-145.538964,660.651004,59.955356,0.000539,1,0
6.400000,-63.219918,203802.711338,176.704378,203357.044863,56.690885,205141.134030,94.411246,658.150735,-25.310077,667.244430,-145.123914,663.660269,59.961145,-0.018424,1,0
6.433000,-63.403859,205576.330880,176.840283,202836.222780,56.618080,203054.176746,94.542281,664.655788,-25.094757,660.251168,-145.407764,655.778825,59.963792,0.005217,1,0
6.467000,-63.327570,205847.780519,176.434862,203668.275853,56.689435,204921.446597,94.603617,662.093276,-25.496451,656.586627,-145.253218,652.986129,59.959441,-0.006343,1,0
6.500000,-63.314751,203911.079556,176.808143,204525.121885,56.642873,204261.014930,94.727068,659.583654,-24.758913,665.300756,-145.263611,663.558083,59.959277,0.014687,1,0
6.533000,-63.296007,204465.099537,176.479455,205079.235607,56.698894,203883.114447,95.029454,661.184577,-25.607622,667.946701,-145.615478,669.746229,59.963941,-0.005530,1,0
6.567000,-63.150386,203154.234399,176.689257,203423.079844,56.716258,202743.984957,94.782581,671.524485,-25.336066,669.677875,-145.047277,666.133506,59.957736,-0.000182,1,0
6.600000,-63.417143,203112.499373,176.557716,205349.556055,56.698056,202724.717613,94.919965,666.331522,-25.339145,669.794081,-144.987143,668.715365,59.958083,-0.008579,1,0
6.633000,-63.270197,204043.321375,176.845649,204022.388432,56.798985,203532.006751,94.989413,660.532380,-24.973120,666.457378,-145.074141,674.903341,59.959033,0.006105,1,0
6.667000,-63.256201,204267.129715,176.745219,203710.162853,56.804115,204959.909292,94.861425,669.148875,-24.984432,665.327052,-145.206733,673.588755,59.953447,-0.012683,1,0
6.700000,-63.151137,202062.115672,176.852558,203632.841734,56.755883,204693.927214,94.813329,668.526660,-25.101358,669.314181,-145.316798,672.746592,59.950489,0.003131,1,0
6.733000,-63.259622,203627.244823,176.903565,204179.489104,56.800329,204981.155086,94.748436,663.492625,-25.256317,673.616535,-145.287315,670.251078,59.945502,-0.002162,1,0
6.767000,-63.250303,204688.073801,176.777184,203676.073398,56.743951,205849.796910,94.814656,662.581653,-25.363938,668.278477,-145.285122,666.598670,59.952168,0.002934,1,0
6.800000,-63.089855,203737.938927,176.795738,204543.237597,56.939311,202608.620484,94.787188,662.835887,-25.280386,675.175829,-145.186624,672.504094,59.946415,0.001026,1,0
6.833000,-63.336693,203011.921212,176.719383,202281.388987,56.809955,202855.044925,94.716747,671.008412,-25.463243,673.323001,-144.913352,667.398916,59.948739,0.005714,1,0
6.867000,-63.279622,202986.726264,176.730675,203852.239555,56.681915,204397.969700,94.693945,666.153074,-25.158921,672.439847,-145.241281,669.814153,59.960064,0.000345,1,0
6.900000,-63.127275,203313.272717,176.790480,203011.239686,56.911637,205075.251502,94.777269,667.397098,-25.190557,663.879154,-145.093819,668.387981,59.952251,0.007800,1,0
6.933000,-63.082942,203402.926427,176.591142,204071.507883,56.679986,203456.649568,95.297768,671.789700,-25.477488,672.221477,-145.451366,673.876911,59.955692,-0.003204,1,0
6.967000,-63.191247,204500.341342,176.757974,204427.707495,56.903940,201916.577808,94.523145,666.646610,-25.323601,674.507352,-144.985387,661.069777,59.951384,-0.005852,1,0
7.000000,-63.115114,204059.041251,176.672999,203756.137954,56.990778,201340.045309,95.142206,670.177397,-25.248108,671.339887,-145.122446,671.195981,59.946131,-0.002073,1,0
7.033000,-63.328589,203618.613510,176.854675,203593.230605,56.958639,203447.581636,94.817826,675.420156,-25.125787,662.809543,-144.867878,668.277711,59.954290,0.002003,1,0
7.067000,-63.305990,203804.294816,176.709372,203462.835491,56.633073,204662.016065,94.606630,665.707170,-25.499237,668.386161,-145.652164,666.742675,59.952441,-0.000254,1,0
7.100000,-63.063449,201867.771470,176.772105,203657.163398,56.784123,203464.708953,95.008668,668.095396,-25.530337,670.179449,-145.141530,674.774999,59.949953,0.008927,1,0
7.133000,-63.100297,202986.930361,176.965847,203371.600042,56.664811,204292.568937,95.169701,665.391031,-25.087327,675.677242,-145.482169,670.833580,59.957144,-0.002317,1,0
7.167000,-63.061351,202422.632521,176.632082,202180.222965,56.786294,203823.066415,94.874139,670.343655,-25.693690,676.034549,-144.911095,672.944879,59.952339,0.008343,1,0
7.200000,-63.282917,201163.098369,176.908135,203685.653409,56.725666,203119.137721,94.869682,670.268903,-24.995033,670.744302,-145.228435,678.171175,59.947582,-0.001148,1,0
7.233000,-63.261264,204234.188811,176.688066,204178.856353,56.675915,202355.579366,94.941731,674.009088,-25.433297,675.425324,-145.454578,678.379485,59.949892,-0.004111,1,0
7.267000,-63.079662,202346.305894,176.951325,202352.813603,56.833174,203976.638278,94.726165,664.274582,-25.223893,664.389442,-145.084099,670.287755,59.955147,0.000830,1,0
7.300000,-63.273359,203191.920759,176.977243,203452.888156,56.844267,201319.164533,94.797146,677.429398,-25.044502,674.996597,-145.320462,676.380239,59.948200,0.012731,1,0
7.333000,-63.384624,203675.539100,176.584671,201236.300057,56.907374,203225.119575,94.796800,670.731970,-25.563997,669.079052,-145.248134,668.771935,59.948451,-0.003304,1,0
7.367000,-63.200243,201321.326547,176.699897,203648.355845,56.856064,203806.624967,94.886346,668.411860,-25.358449,680.370119,-144.976063,673.262211,59.953111,0.003896,1,0
7.400000,-63.150189,203378.575691,176.769867,200693.895451,56.829470,203591.787370,95.139188,675.864987,-25.245614,672.315546,-145.027104,669.355236,59.948791,0.000482,1,0
7.433000,-63.344929,204342.762083,176.926899,203015.343248,56.817848,202449.061250,94.596968,671.351169,-25.286625,675.350563,-145.167781,664.572263,59.955045,0.010129,1,0
7.467000,-63.319738,202818.794313,176.701308,202901.708999,56.842272,201405.448608,94.572347,675.215409,-25.241163,666.993417,-145.342534,665.403942,59.952263,-0.001212,1,0
7.500000,-63.354275,202864.260878,176.683008,203225.293189,56.801921,201925.184704,94.788978,667.593952,-25.560567,667.892441,-145.171940,676.110709,59.947526,-0.009580,1,0
7.533000,-63.050965,202977.743623,176.838099,202797.510677,56.747290,203679.963650,94.702333,670.195553,-25.219971,676.835192,-145.277931,670.792382,59.940474,0.014070,1,0
7.567000,-63.241561,203521.042201,176.658425,203009.419480,56.857401,203870.130515,95.086120,674.496048,-25.377886,672.373329,-145.200188,674.164640,59.943037,0.012711,1,0
7.600000,-63.377783,203389.471041,176.641206,203227.857408,56.615687,205031.970856,94.556276,666.436020,-25.470217,676.422293,-145.506614,677.028171,59.959111,-0.009114,1,0
7.633000,-63.268886,203321.457355,176.621708,203113.814961,56.675148,203411.304148,95.061549,679.178122,-25.187255,671.563804,-145.314253,678.362561,59.951656,0.014232,1,0
7.667000,-63.185081,202401.751570,176.865385,202402.850109,56.831864,203833.372119,95.090415,669.779818,-25.360057,673.365299,-145.315358,669.761845,59.941303,0.004607,1,0
7.700000,-63.432401,203494.000937,176.589782,201750.091689,56.674291,204063.256673,94.424783,665.805141,-25.466747,675.146329,-145.415366,670.480080,59.937392,-0.005271,1,0
7.733000,-63.357243,202180.441645,176.679404,205005.949918,56.690586,203753.826493,94.695070,674.267563,-25.171730,666.380497,-145.281134,668.941177,59.947701,-0.003517,1,0
7.767000,-63.424882,202444.939834,176.813883,200921.777814,56.812199,202799.910662,94.854619,666.510961,-25.197818,669.149175,-145.202887,672.816355,59.945717,-0.011636,1,0
7.800000,-63.272176,201751.561874,176.744042,202107.295416,56.627820,202185.641233,94.824788,664.675941,-25.329732,667.823942,-145.185355,670.944784,59.948542,-0.007997,1,0
7.833000,-63.398193,202094.516135,176.666027,203264.778087,56.970695,201509.220287,94.577435,671.476294,-25.449492,668.521645,-144.812208,664.892544,59.947212,-0.002971,1,0
7.867000,-63.257871,203170.781288,176.742141,202282.357330,56.688390,202739.772579,94.735886,667.542647,-25.018045,663.890659,-145.342654,669.717252,59.952679,0.007530,1,0
7.900000,-63.389213,202822.371506,176.707046,203537.915587,56.614385,203575.078582,94.668493,668.519708,-25.098260,669.467048,-145.501998,671.566624,59.940991,-0.001885,1,0
7.933000,-63.134971,202673.523993,176.792228,203243.895587,56.764955,201972.556703,95.008090,666.788249,-25.356519,669.744590,-145.154519,669.780249,59.944712,0.000922,1,0
7.967000,-63.369646,202139.306590,176.705944,205204.595161,56.720585,203194.452755,94.449669,670.050223,-25.414343,671.792922,-145.151385,670.920646,59.950456,0.007426,1,0
8.000000,-63.090021,202229.935868,176.907036,204570.551383,56.894576,202062.682624,94.827338,673.775879,-25.542073,675.637384,-145.267673,674.209122,59.944337,-0.012413,1,0
8.033000,-63.136417,202888.694997,176.792199,203690.227573,56.772707,200987.181747,94.797689,672.980448,-25.266339,672.382721,-145.325483,666.746702,59.951072,-0.004744,1,0
8.067000,-63.005150,203341.499652,176.835752,203135.248724,56.731422,202760.708988,95.264396,671.952664,-25.315516,673.548449,-145.511381,672.738946,59.951856,-0.001308,1,0
8.100000,-63.250330,201388.286554,176.776344,203317.923232,56.720623,202841.754288,94.713050,671.072725,-25.668707,670.154256,-145.600893,674.922079,59.950850,-0.007219,1,0
8.133000,-63.130809,203054.554837,176.825398,202229.910115,56.709801,202139.230899,94.908735,672.429250,-25.591406,667.980894,-145.637657,669.281812,59.956788,0.001617,1,0
8.167000,-63.163087,201868.102294,176.951829,202630.990735,56.661356,203020.242631,95.100748,674.629319,-25.030769,670.990959,-145.281902,667.975770,59.952734,0.010175,1,0
8.200000,-62.977177,203464.884339,176.810278,202925.164152,56.977104,204545.859348,95.189433,668.577848,-25.236984,676.200371,-144.777470,666.268876,59.957452,-0.001428,1,0
8.233000,-63.052859,204022.574138,176.855220,202839.680563,56.749710,201738.237840,94.795574,671.390470,-25.408801,663.426477,-145.680926,675.899508,59.957634,-0.005203,1,0
8.267000,-63.087775,201122.395222,177.069075,203741.144309,56.924216,202812.705411,94.982043,668.135328,-25.034734,673.310489,-145.137537,667.012173,59.955329,0.011110,1,0
8.300000,-63.188227,202685.690845,176.796465,202725.514112,56.719497,204963.974249,94.813796,664.115746,-25.278975,664.775873,-145.267173,665.638404,59.955159,0.000325,1,0
8.333000,-63.162985,203497.582342,176.736329,202770.955879,56.796475,201736.477150,94.809275,670.868095,-25.195161,670.731908,-145.206353,666.994706,59.957017,-0.005661,1,0
8.367000,-63.031417,203638.988838,176.899846,202679.967335,56.982511,202986.996998,94.906100,660.121099,-24.987848,668.345723,-145.174131,664.276248,59.953682,-0.011849,1,0
8.400000,-63.129984,201121.943786,176.676807,203304.768228,56.943401,202683.756259,94.755671,667.664122,-25.336974,666.545488,-145.416933,666.619876,59.962564,-0.007073,1,0
8.433000,-63.318688,203017.365791,176.985495,203714.558636,56.638446,203264.709855,94.232459,660.861129,-24.740595,671.343087,-145.351309,669.745174,59.954615,-0.004945,1,0
8.467000,-63.107409,202728.571508,176.709068,202094.611049,56.767455,202016.174987,94.847826,670.215858,-25.371817,668.412475,-145.279208,670.255671,59.961827,-0.013554,1,0
8.500000,-63.024464,202864.151697,176.956377,203408.434383,56.797953,202345.193155,94.927873,664.909767,-25.106526,668.400497,-145.289795,663.957231,59.954665,0.006331,1,0
8.533000,-63.079150,202142.590395,176.965414,201562.345476,56.771744,203676.033920,95.046306,664.515071,-24.380647,667.362717,-145.231129,662.310432,59.961752,0.000520,1,0
8.567000,-63.211960,203434.372685,176.836104,202661.848169,56.725260,203581.484538,94.721054,668.729490,-25.020425,668.087709,-145.365750,663.988946,59.957482,0.003649,1,0
8.600000,-63.100157,203164.756151,176.834456,204147.453211,56.921433,202594.294675,94.906186,671.136845,-24.977658,663.799615,-145.064187,666.268177,59.949069,-0.009330,1,0
8.633000,-63.112311,202628.883701,176.747515,203790.405881,56.901723,202696.448540,95.054348,669.392371,-25.165001,665.243584,-144.798603,670.198522,59.961718,0.001256,1,0
8.667000,-63.130137,201994.105268,176.836271,202108.681978,56.915549,203613.332854,95.011617,667.008421,-25.272152,666.614392,-145.097825,668.616897,59.966607,-0.005466,1,0
8.700000,-63.003440,204742.844522,176.867890,202872.706866,56.863564,201667.851369,95.244947,667.466143,-25.146108,663.621106,-144.964386,667.505305,59.967350,-0.002516,1,0
8.733000,-63.144745,200963.412458,176.902034,204135.168189,56.915738,202793.308582,95.026365,677.110837,-25.303198,671.618700,-145.176800,674.042711,59.960316,0.007330,1,0
8.767000,-63.096914,201827.974139,176.775872,202910.087594,56.559565,201227.302171,94.822974,670.529119,-25.006644,664.988321,-145.457320,669.224610,59.953585,-0.002569,1,0
8.800000,-62.987238,203856.648273,176.963558,203260.281928,56.915183,202838.073914,94.863153,669.016355,-25.033985,659.233310,-145.407379,665.486834,59.962739,0.001219,1,0
8.833000,-63.160063,203317.752489,176.901458,203001.850827,56.802815,201497.287344,94.829119,663.360104,-25.023299,670.099023,-145.227675,671.316241,59.961680,0.000161,1,0
8.867000,-63.276490,202853.896512,176.782019,203200.614027,56.995329,203521.964501,95.038449,674.692848,-25.252360,661.560177,-144.992570,662.907704,59.952783,0.000748,1,0
8.900000,-63.116556,202129.166732,177.023412,202111.393327,56.819202,203156.649926,95.191403,669.513172,-24.704779,665.462908,-145.208061,668.692188,59.955686,0.004716,1,0
8.933000,-63.095725,204690.643965,176.731271,202028.947554,56.965554,204062.518845,94.999027,662.165187,-25.391890,669.143292,-144.776648,662.779278,59.959921,0.006719,1,0
8.967000,-63.243217,202447.980982,176.859576,203462.279857,56.851238,204269.233343,94.833124,660.554673,-24.928859,662.139769,-145.078213,658.911958,59.959625,0.011272,1,0
9.000000,-63.166798,202338.923372,176.751417,203879.343675,56.841915,202530.117372,94.541787,656.635382,-25.016521,662.387337,-145.203786,664.885122,59.961989,-0.004678,1,0
9.033000,-63.364190,201268.053487,176.772797,203209.807322,56.988799,201874.255707,94.841308,660.348814,-25.192199,657.975273,-144.956699,662.890816,59.963638,0.003853,1,0
9.067000,-63.172401,204118.861767,176.791743,202355.145062,56.844118,202885.394178,94.653608,662.021240,-25.409741,659.113978,-144.994977,670.123563,59.968534,0.008178,1,0
9.100000,-63.104311,203351.961428,176.951848,201630.539502,56.699722,202463.642001,94.784259,664.839673,-25.118184,659.250955,-145.106707,668.705964,59.963978,-0.002908,1,0
9.133000,-63.130794,202804.997517,176.784742,203544.305337,56.906889,202164.337293,94.553669,661.735955,-25.257296,663.033485,-145.217584,667.357935,59.959009,-0.003125,1,0
9.167000,-63.192343,202789.744450,176.870123,202942.629190,56.776648,203497.674959,94.681488,659.286188,-25.079398,662.784451,-145.159515,665.688143,59.952983,0.000402,1,0
9.200000,-63.202225,203011.091684,176.687519,204140.005401,56.641571,202599.615242,95.035961,662.802918,-25.218644,666.626644,-145.220789,664.178997,59.953139,-0.003588,1,0
9.233000,-63.224530,202200.122307,176.831145,202283.491854,56.680120,204081.917411,94.713657,668.881614,-25.358402,661.507644,-144.814000,665.520059,59.955598,-0.000131,1,0
9.267000,-63.278787,203975.537972,176.854336,202618.318209,56.751086,201133.997837,94.809612,667.645491,-25.090999,671.407720,-145.200631,674.663616,59.954433,-0.012436,1,0
9.300000,-63.313464,203274.957140,176.696000,203951.298592,56.807690,202602.578600,94.960055,668.450001,-25.226149,666.126756,-145.034991,662.234502,59.960354,0.010890,1,0
9.333000,-63.225066,203472.504186,176.802790,202657.629958,56.808615,201772.340557,95.064431,669.082832,-25.331044,668.047035,-145.273440,667.196410,59.953313,0.000685,1,0
9.367000,-63.135388,203613.354986,176.758673,204421.048885,56.725722,203235.363412,94.848690,670.173393,-25.168753,669.973065,-145.277484,662.993711,59.957624,0.002491,1,0
9.400000,-63.179698,202528.773768,176.531988,204075.851531,57.023418,202652.394321,94.924958,672.055035,-25.543920,671.455475,-144.999687,672.258387,59.955371,0.001421,1,0
9.433000,-63.184718,202137.965222,176.767574,202921.146334,56.713756,202208.614738,95.101001,666.617363,-25.378530,676.192051,-145.304610,671.399693,59.961000,0.005022,1,0
9.467000,-63.205526,203694.662335,176.806302,200809.280122,56.747581,202739.472408,94.799953,671.752371,-25.136401,669.799784,-145.502906,666.747559,59.959237,0.010117,1,0
9.500000,-63.284789,202601.758914,176.707740,202131.088734,56.407694,204492.747118,95.029888,674.612642,-25.117158,674.404085,-145.659125,669.514907,59.952109,0.005477,1,0
9.533000,-63.332440,203065.770906,176.659650,202260.897869,56.665222,204525.207146,94.580052,662.879850,-25.069161,666.485839,-145.442806,666.819131,59.945474,-0.007225,1,0
9.567000,-63.286338,202506.382332,176.687137,202447.840696,56.840906,201448.871156,94.540684,671.657556,-25.090453,668.593207,-145.613446,673.697594,59.951091,0.002757,1,0
9.600000,-63.169007,202368.182761,176.809778,203905.471420,56.705185,205074.464472,95.057027,669.932548,-25.293810,663.258028,-145.256836,669.250222,59.949330,-0.010097,1,0
9.633000,-63.393104,202597.831804,176.881908,203429.609472,56.721961,203894.132117,94.420482,671.298484,-25.031060,670.090298,-145.042614,679.635177,59.958865,0.006439,1,0
9.667000,-63.195193,202275.410627,176.898514,202834.937361,56.970550,204248.129005,94.900250,666.097812,-24.995618,671.160400,-144.874972,665.966458,59.949248,-0.000087,1,0
9.700000,-63.192656,202480.212777,176.777120,202227.296952,56.727711,202476.270335,95.030179,661.511615,-25.175440,665.926918,-145.245113,671.306396,59.955285,0.000736,1,0
9.733000,-63.220928,202310.761074,176.847390,201706.195446,56.720868,203499.690161,94.725094,677.719456,-25.032118,668.951340,-145.105076,673.201715,59.953893,0.010222,1,0
9.767000,-63.246426,201757.584288,176.815385,203176.699206,56.748931,202006.861539,94.645113,666.361876,-25.225270,668.374102,-145.444980,669.581851,59.957755,-0.014012,1,0
9.800000,-63.083438,203085.883862,176.863547,202138.083121,56.777617,201850.036411,94.730314,674.918081,-25.175852,675.423519,-145.296687,674.557761,59.955015,0.005541,1,0
9.833000,-63.176017,204378.630712,177.009894,203413.283616,57.020433,202695.586866,94.879207,679.836468,-25.019527,669.011631,-144.943435,677.551319,59.956854,0.000161,1,0
9.867000,-63.097023,201894.604535,176.881252,203113.495609,57.111611,201684.781508,94.660907,675.571794,-25.218446,676.052649,-144.618697,675.349763,59.955889,-0.005027,1,0
9.900000,-63.228734,202589.274344,176.912793,202304.434675,56.818055,202972.770800,94.804251,674.983993,-24.865889,675.737357,-145.212811,679.832613,59.956078,0.000702,1,0
9.933000,-63.123403,203596.114254,176.971302,202087.928558,56.749503,202372.329118,94.930884,681.663014,-24.777677,674.166360,-144.946494,678.541911,59.945429,-0.009291,1,0
9.967000,-63.037765,203727.363154,176.671709,202625.474624,56.937923,203535.408286,95.032556,674.064792,-25.391350,674.213108,-145.047267,682.183345,59.950468,0.002627,1,0
10.000000,-63.047879,202531.089586,176.766664,202719.655228,56.916634,205150.589827,94.829013,673.499735,-25.111981,677.080541,-145.013731,675.856170,59.961351,0.001661,1,0
10.033000,-63.312547,203009.373413,176.918154,202114.680483,56.697052,204828.817762,94.508387,681.965625,-24.928878,674.826953,-145.174712,679.132917,59.949178,-0.011835,1,0
10.067000,-63.111704,202333.368036,176.750396,203932.879975,56.912469,204443.779725,94.766126,673.336973,-25.306967,675.896502,-145.184220,681.956985,59.948817,-0.003360,1,0
10.100000,-62.906124,204856.465840,176.790475,205144.541473,56.846858,204749.572491,95.046145,675.490323,-25.212500,680.482691,-145.264224,674.307285,59.951468,-0.001458,1,0
10.133000,-63.164119,203717.116815,176.776610,201822.575479,56.810762,204375.055438,94.943451,676.651767,-25.135460,670.071340,-145.038127,674.661708,59.955081,0.007025,1,0
10.167000,-63.049919,203728.242357,176.795949,202668.381305,56.853301,203837.312011,94.766437,669.925592,-25.093366,676.786215,-145.113507,670.884165,59.948732,0.008364,1,0
10.200000,-63.277090,202987.544075,176.842257,201903.537082,56.775621,202943.676421,94.354963,674.055094,-25.114083,672.085227,-145.048380,667.497263,59.955074,0.005211,1,0
10.233000,-63.104057,202798.935236,176.872919,202374.889478,56.978401,202853.825101,94.992958,669.932562,-25.042318,676.738138,-145.117081,673.799682,59.951915,-0.000643,1,0
10.267000,-63.145433,201802.582530,176.765045,202785.480559,56.715407,202812.054367,95.022806,669.903692,-25.184687,680.328477,-145.448085,665.407879,59.956845,-0.003990,1,0
10.300000,-63.189348,201661.685442,176.730741,203398.339955,56.695576,202566.495131,94.948520,669.675727,-25.194124,676.320880,-145.547202,675.446559,59.946451,0.013061,1,0
10.333000,-63.286589,203645.927860,176.750594,202323.005973,56.712985,203609.235587,95.017484,672.472176,-24.906486,671.872188,-145.410378,672.727177,59.949724,-0.005450,1,0
10.367000,-63.113435,202682.581342,176.765403,202046.137961,56.822024,202073.782431,94.967952,675.691240,-25.370439,668.871102,-145.171552,668.667476,59.954035,-0.003942,1,0
10.400000,-63.146003,203981.851753,176.728498,204091.038781,56.704208,205589.642091,94.730664,672.264799,-25.156068,667.985699,-145.376342,671.778718,59.954345,-0.007575,1,0
10.433000,-63.231710,204220.284463,176.807033,202701.425942,56.651025,202484.179730,94.693552,674.112833,-25.450884,667.959018,-145.293944,667.421710,59.960033,0.003991,1,0
10.467000,-63.426338,201833.318763,176.822686,203677.228951,56.778020,201278.199085,94.763122,668.658136,-25.292560,674.973223,-145.182743,671.892964,59.956173,-0.000136,1,0
10.500000,-63.165093,201241.597924,176.681635,202135.854214,56.804883,202157.495350,94.733299,673.108917,-25.494490,665.891460,-145.164980,674.054417,59.957433,-0.003598,1,0
10.533000,-63.024030,201955.329515,176.871511,203655.838216,56.669167,202507.916563,94.902283,674.671311,-25.006654,674.601369,-145.644565,678.819100,59.952263,0.005784,1,0
10.567000,-63.197391,203124.444461,176.924460,202594.466751,56.731767,202516.764505,95.164109,671.861254,-24.943374,666.723680,-145.134546,672.929194,59.952291,0.008148,1,0
10.600000,-63.167063,201031.393713,176.704119,201673.951801,56.739613,201555.726574,94.720911,676.395928,-25.128356,675.023733,-145.289234,676.299597,59.950446,-0.003665,1,0
10.633000,-63.263728,200488.157754,176.797720,202284.206141,56.763224,201452.166431,94.788933,674.921629,-24.922183,670.686461,-145.198650,674.501412,59.951382,0.013262,1,0
10.667000,-63.277967,201525.386593,176.725346,201925.829455,56.764961,202165.115991,94.726916,678.731585,-25.266523,680.016123,-145.665000,675.386438,59.953427,-0.001617,1,0
10.700000,-63.090754,199839.693565,176.694932,202719.233674,56.840463,200342.734583,94.936638,681.312322,-25.308115,676.705785,-145.422568,679.854776,59.949883,0.005822,1,0
10.733000,-63.123522,201402.398426,176.714918,204065.104017,56.720313,201541.560042,94.989635,681.672041,-25.297958,674.854391,-145.277201,679.739907,59.953130,-0.003413,1,0
10.767000,-63.030004,201570.687011,176.732957,201164.998326,56.772683,201026.260798,94.846456,675.441792,-25.208787,678.796731,-145.050903,675.818726,59.956233,0.010390,1,0
10.800000,-63.288029,202121.116714,176.534720,201230.687950,56.790274,199954.390309,94.790919,679.878817,-25.450892,672.844257,-145.395225,678.524636,59.954244,0.006480,1,0
10.833000,-63.307225,200976.467847,176.833824,199401.520689,56.794429,201161.775121,94.598024,670.691776,-25.366273,674.005335,-145.355132,679.719898,59.948807,-0.007341,1,0
10.867000,-63.316784,199885.093148,176.601609,200888.444353,56.789597,201708.725647,94.678576,676.313403,-25.824062,679.117942,-145.095229,677.003187,59.955996,0.002463,1,0
10.900000,-63.106489,201066.721822,176.782132,201267.855102,56.766595,201299.808113,95.106741,667.325056,-25.439539,677.305181,-145.233187,672.650585,59.952344,-0.006449,1,0
10.933000,-63.215427,202061.983459,176.911133,200119.359262,56.782341,201047.696416,94.508097,673.156061,-24.854326,672.341770,-145.171069,671.305657,59.946749,-0.004274,1,0
10.967000,-63.259344,203271.966225,176.772010,202072.318097,56.686221,202222.417630,94.456528,676.143857,-25.125507,677.094107,-145.791652,672.071383,59.959947,-0.002773,1,0
11.000000,-63.176175,200744.524586,176.932806,201393.562274,56.888718,201910.073649,94.758528,668.888158,-24.877676,675.540935,-144.990158,670.597595,59.945747,-0.009481,1,0
11.033000,-63.079973,201516.476847,177.024044,199442.590624,56.974143,202820.235464,95.086750,673.756514,-24.969002,675.598184,-145.144988,664.403698,59.954666,-0.000574,1,0
11.067000,-63.103627,200167.386486,176.913680,200191.979917,56.888789,201797.712625,94.586690,671.595952,-25.088930,669.731916,-145.160715,676.896854,59.952969,0.005104,1,0
11.100000,-63.098803,199506.083692,176.767121,200501.973583,56.917507,200319.566988,94.903112,668.973722,-25.572086,675.882953,-145.263634,673.475985,59.952085,0.001009,1,0
11.133000,-63.232088,201365.882976,176.934609,199074.159723,56.731182,202392.622103,94.665383,668.322646,-25.082386,677.462081,-145.700401,671.748847,59.942278,-0.003271,1,0
11.167000,-63.378528,202824.377381,176.942178,200495.478717,56.825177,200284.451696,94.657672,670.224023,-25.119834,670.964208,-145.207517,671.337036,59.946448,-0.009965,1,0
11.200000,-63.321556,200610.110998,176.812684,201512.252542,56.752796,201499.451981,94.900142,673.863537,-25.193892,676.470050,-145.513240,671.962900,59.956269,-0.000946,1,0
11.233000,-63.137504,202942.781903,176.842138,201398.239770,56.557092,203255.736598,95.035174,671.867524,-24.859247,668.381039,-145.286629,670.913667,59.946271,0.013804,1,0
11.267000,-63.228910,200742.122013,176.811419,201410.041650,56.545254,199698.025156,94.436672,678.455707,-25.023897,669.052048,-145.625527,673.321917,59.954610,-0.004504,1,0
11.300000,-63.090695,200270.019227,176.666914,201091.622196,56.736031,200596.466605,94.659985,664.941449,-25.540224,675.083622,-145.656516,668.203013,59.945722,-0.009312,1,0
11.333000,-63.283120,201636.028847,176.662997,201563.253152,56.882094,199967.005537,94.879871,673.366742,-25.205618,671.030239,-144.735420,674.044197,59.948687,0.003381,1,0
11.367000,-63.151336,202702.743459,176.712954,201653.778478,56.704611,202481.183732,94.884357,670.802094,-25.584688,671.115216,-145.333122,676.251028,59.948552,0.001677,1,0
11.400000,-63.100939,201573.823228,176.546653,200552.651259,56.725821,201412.469063,94.985686,667.025158,-25.576500,670.220010,-145.293186,672.667014,59.949741,0.002614,1,0
11.433000,-63.252835,202372.113169,176.878411,200847.654671,56.887085,200567.861388,95.021718,669.636020,-25.103084,668.050157,-145.042914,667.721193,59.941558,-0.000606,1,0
11.467000,-63.264301,202673.482830,176.606409,200654.553817,56.682124,201287.104430,94.733463,670.998035,-25.663606,670.190762,-145.061249,668.529588,59.938811,-0.000826,1,0
11.500000,-63.144446,200124.069950,176.790990,200783.734478,56.798901,201211.295331,94.942216,671.585602,-25.124810,670.372191,-145.102037,670.888431,59.945690,-0.000182,1,0
11.533000,-63.330622,202957.111249,176.725149,200785.307751,56.677728,201684.080471,94.550927,676.835165,-25.105701,679.507831,-145.410031,668.245143,59.949006,0.003230,1,0
11.567000,-63.206509,202700.562653,176.887626,202414.007558,56.618175,200097.140959,94.734518,665.880659,-25.207106,672.207941,-145.279406,672.125071,59.951313,0.001185,1,0
11.600000,-63.150688,202264.765824,176.766957,200739.476117,56.752034,200845.151979,94.718827,668.995868,-25.623988,672.080742,-145.067284,667.680380,59.944420,-0.000095,1,0
11.633000,-63.168366,202988.926167,176.856978,201069.801939,56.935498,200640.808921,94.528276,674.712339,-25.026971,671.533242,-144.922171,671.730564,59.952235,0.000051,1,0
11.667000,-63.231825,202548.165441,176.597303,201198.371559,56.776883,201468.234539,95.049187,670.805700,-25.307591,665.188982,-144.994408,674.833291,59.949912,-0.004129,1,0
11.700000,-63.319034,201015.978324,176.961158,203351.579432,56.714927,201603.909928,94.677070,671.072060,-24.966099,662.138309,-145.431040,670.967625,59.937157,-0.001095,1,0
11.733000,-63.125669,203153.895021,176.714356,202155.680584,56.807125,199648.122480,94.898787,672.303005,-25.339435,669.847730,-145.242889,675.493693,59.939563,0.000482,1,0
11.767000,-63.267076,201239.050743,176.704062,201456.175207,56.659829,201813.297640,94.830276,672.929851,-25.359373,668.657382,-145.474773,670.029975,59.949815,0.001713,1,0
11.800000,-63.179729,202155.761981,176.720706,202096.985359,56.659949,201177.562788,94.724997,671.949191,-24.708454,671.664475,-145.439528,664.848673,59.938417,-0.005308,1,0
11.833000,-63.186253,203087.045171,176.549665,202093.877479,56.807327,202330.548349,94.938325,667.914559,-25.483449,671.395776,-145.006065,661.277096,59.946652,-0.002362,1,0
11.867000,-63.236730,202264.497261,176.788331,200444.429737,56.763997,202213.235413,94.593134,666.844215,-25.518580,666.010465,-145.491543,663.053824,59.950015,-0.002916,1,0
11.900000,-63.203510,201836.274475,176.853907,200824.745949,56.747065,202247.862017,94.737071,665.669174,-24.917672,665.767402,-145.162964,674.135208,59.946779,-0.002858,1,0
11.933000,-63.432083,202375.028108,176.673293,202768.510866,56.698707,202005.857573,94.766961,657.825391,-25.369385,670.553164,-145.815327,671.637672,59.947379,0.006176,1,0
11.967000,-63.322330,202939.268464,176.834989,201194.679266,56.783291,200886.046538,94.480472,661.203736,-24.950538,661.554380,-145.199708,664.037105,59.951836,-0.004999,1,0
12.000000,-63.343875,201499.369218,176.616497,202500.711279,56.789807,201005.923669,94.703535,668.078469,-25.789100,667.085471,-145.030516,660.799249,59.942908,-0.011942,1,0
12.033000,-63.208846,201341.178368,177.014619,201466.744848,56.690403,199681.032127,94.755342,667.797607,-24.839839,663.516953,-145.148466,669.720601,59.942875,-0.019614,1,0
12.067000,-63.167893,203835.615254,176.867563,200095.927462,56.746245,201843.075566,95.021723,660.844850,-25.356247,665.999870,-145.029684,668.595740,59.948518,-0.003055,1,0
12.100000,-63.180296,201437.629378,176.620548,202048.210267,56.866700,201664.799721,95.013501,665.478334,-25.293522,657.134600,-145.154942,665.956633,59.956990,-0.007652,1,0
12.133000,-63.191848,202303.683507,176.882755,202179.969207,56.996567,201556.262603,94.992211,667.095103,-25.344370,674.013828,-145.095503,662.352792,59.947614,-0.004070,1,0
12.167000,-63.329589,200228.243522,176.652887,201004.975730,56.521885,203342.877620,95.062847,670.724356,-25.259417,663.781996,-145.273041,660.331658,59.947106,-0.000737,1,0
12.200000,-63.236879,202605.745103,176.775229,201609.740914,56.849388,200798.282296,94.718433,665.865469,-25.339106,661.165680,-145.123258,666.487961,59.953393,0.010006,1,0
12.233000,-63.344487,202252.391226,176.920237,202555.306602,56.893260,200239.606502,94.797092,655.817075,-25.124181,665.386852,-144.996582,659.458452,59.951890,-0.001066,1,0
12.267000,-63.251473,201499.276473,176.785139,202109.119540,56.588063,201635.200413,95.046857,665.195084,-25.140081,662.580201,-145.417318,665.982691,59.949626,-0.009980,1,0
12.300000,-63.177664,202147.640291,176.619530,201143.164291,56.735838,200690.170331,94.765049,663.154725,-25.418406,662.732481,-145.498759,662.361999,59.953529,0.011523,1,0
12.333000,-63.285090,202082.533039,176.916474,200804.930436,56.825571,201348.274210,94.918265,667.071541,-25.351361,666.590004,-145.281506,667.947379,59.954608,-0.020292,1,0
12.367000,-63.324834,200260.096388,176.712922,200697.490341,56.823274,202036.353590,94.680440,669.604595,-24.969699,666.124617,-145.110576,668.774282,59.951758,0.004608,1,0
12.400000,-63.282766,200607.115434,176.918265,200761.508185,56.804708,201348.664594,94.577335,666.613968,-25.034148,664.605736,-145.093871,667.014721,59.947541,-0.002272,1,0
12.433000,-63.315799,199415.866994,176.948767,201755.736420,56.895324,202406.682804,94.640344,662.731191,-25.287669,664.453270,-145.121686,662.033264,59.953201,-0.011312,1,0
12.467000,-63.334256,200726.346589,176.689142,202876.962706,56.857461,200962.260989,95.082934,670.916831,-25.220310,663.396702,-145.164358,662.819123,59.954852,-0.007528,1,0
12.500000,-63.170766,202124.528409,176.697708,201416.959027,56.843158,201986.682776,94.725317,659.541170,-25.098968,665.140249,-145.260375,657.129152,59.942639,-0.000190,1,0
12.533000,-63.162637,203178.943844,176.771559,200603.715521,56.830398,201110.440756,94.877304,655.545873,-25.201825,668.091029,-145.421066,660.691139,59.948203,-0.006049,1,0
12.567000,-63.354515,203473.324794,176.657071,201536.566177,56.799982,201380.103332,94.283265,657.660829,-25.352915,663.517499,-145.374686,664.892289,59.950107,0.006913,1,0
12.600000,-63.208424,202025.657246,176.696655,201696.265318,56.883753,202947.404253,95.003815,661.116325,-25.195878,657.832116,-144.999878,662.672746,59.945117,0.001113,1,0
12.633000,-63.221129,202892.751036,176.950104,201807.003820,56.700519,200667.582850,95.006922,656.677414,-24.933964,660.909631,-145.397588,664.060687,59.949083,0.005763,1,0
12.667000,-63.271157,203166.624157,176.931775,201662.671684,56.820357,202140.475182,94.735805,658.845605,-24.994918,654.102449,-145.376980,660.051701,59.947494,-0.006951,1,0
12.700000,-63.200541,202352.550886,176.771443,203255.629889,56.781399,201668.371298,95.005663,658.746542,-25.169621,658.091170,-145.163460,662.287004,59.955660,0.007135,1,0
12.733000,-63.187388,202285.292299,176.773323,203151.020307,56.898125,203382.020956,94.781479,655.874467,-25.139151,659.153607,-144.816893,657.385358,59.951376,0.003381,1,0
12.767000,-63.058352,201755.678152,176.734617,202198.588412,56.723864,201979.339412,94.927691,656.702614,-25.400597,659.217407,-144.898528,653.908373,59.950496,0.000968,1,0
12.800000,-63.250456,204044.955277,176.890816,202521.256675,56.691948,203327.165153,94.870452,657.121262,-25.150124,655.871892,-145.384513,660.435519,59.952679,-0.006309,1,0
12.833000,-63.214074,203666.123641,176.944331,204064.265278,56.724389,201567.554827,94.512427,649.990564,-25.048381,658.801021,-145.070980,659.661207,59.953403,0.002521,1,0
12.867000,-63.359292,203649.508781,176.903687,202945.781022,57.009656,203194.123818,94.929385,651.020839,-24.917733,655.640967,-145.107681,651.198189,59.949744,0.002393,1,0
12.900000,-63.262242,201469.689822,176.798011,202986.769118,56.822671,204684.681422,94.976777,650.301317,-25.102221,653.876225,-145.141925,651.648586,59.951704,0.008672,1,0
12.933000,-63.192679,202644.568075,176.793029,205002.222455,56.767850,203122.915433,94.796387,657.748693,-25.384156,656.692476,-145.148246,648.703771,59.945034,0.010276,1,0
12.967000,-63.020176,202228.696407,176.801235,204164.292289,56.666040,203253.188383,94.964409,655.511106,-24.906323,655.671405,-144.960707,655.903007,59.944616,0.006934,1,0
13.000000,-63.252427,201404.337231,176.779167,203668.523728,56.730289,201551.418482,94.913933,650.367925,-25.343301,656.799604,-145.358753,649.473697,59.952869,-0.002751,1,0
13.033000,-63.152127,204228.437761,176.712705,202966.445139,56.616785,201388.143027,94.851860,653.635580,-25.141828,647.225014,-145.718836,640.324546,59.952555,-0.011753,1,0
13.067000,-63.165770,201397.007020,176.571872,202287.135947,56.699518,202546.751452,94.964043,646.803453,-25.013237,643.796966,-145.273199,645.209166,59.957262,0.003350,1,0
13.100000,-63.263647,201021.598152,176.607619,203015.450055,56.637783,202239.945843,94.754840,644.900720,-25.200347,649.923511,-145.435976,653.187069,59.952929,-0.001099,1,0
13.133000,-63.112563,201962.514961,176.680348,202609.908430,56.786991,203230.881023,94.981151,650.089123,-25.196796,652.065263,-145.076509,647.510966,59.948099,-0.012427,1,0
13.167000,-63.329204,203314.417236,176.797572,203059.318403,56.765202,204174.153704,94.849490,648.607447,-25.388978,645.429527,-145.306692,649.343299,59.948077,-0.001756,1,0
13.200000,-63.123290,202893.340416,176.656297,202042.269534,56.574491,204304.739489,94.955173,650.828615,-25.201896,648.348991,-145.307219,648.648947,59.953870,0.012562,1,0
13.233000,-63.352878,202878.727669,176.776941,202605.854108,56.649430,203463.367582,94.685491,645.435473,-25.443555,652.564212,-145.449371,652.533794,59.956411,-0.004486,1,0
13.267000,-63.260504,203813.194175,176.814824,202236.402896,56.690846,202145.845981,94.703650,654.849398,-24.972778,645.389132,-145.502514,653.037905,59.967905,0.013298,1,0
13.300000,-63.383606,204081.786497,176.630342,202648.396877,56.666915,201834.735973,94.405791,654.575216,-25.362359,650.213491,-145.388183,646.278836,59.956077,0.007237,1,0
13.333000,-63.393592,202425.089171,176.746877,201336.819402,56.783391,202502.182793,94.576749,655.014728,-25.315223,655.780341,-145.301280,653.148427,59.959897,0.002663,1,0
13.367000,-63.194193,202342.650562,176.675095,202852.030628,56.630091,203434.804889,94.970702,657.139823,-25.700413,655.556423,-145.351521,652.761076,59.954774,-0.003477,1,0
13.400000,-63.254776,202235.743455,176.759808,203899.078795,56.723748,202248.755638,95.140117,648.623674,-25.289324,653.068171,-145.579353,653.471959,59.957140,0.003215,1,0
13.433000,-63.286907,201852.566976,176.540597,203132.679218,56.823021,203435.688920,94.514952,655.335486,-25.405447,648.236580,-145.379955,648.992531,59.953989,-0.008717,1,0
13.467000,-63.567765,202902.643403,176.531043,203583.631711,56.639482,204329.099517,94.294498,647.329759,-25.190283,651.637890,-145.472715,654.227537,59.948247,0.007359,1,0
13.500000,-63.333114,203754.473422,176.656831,202045.895752,56.881019,201769.344985,94.221838,658.203919,-25.183921,651.132435,-144.974679,660.723951,59.954329,0.002380,1,0
13.533000,-63.133853,202589.370973,176.748342,201899.685431,56.811902,203611.086173,94.539697,650.511105,-25.504622,650.023648,-145.291242,656.866762,59.945613,-0.003070,1,0
13.567000,-63.279607,204882.765995,176.686709,202686.882554,56.741657,203608.267467,94.509997,655.900248,-25.313476,654.442776,-145.581046,656.502697,59.956498,-0.011324,1,0
13.600000,-63.416692,204210.577259,176.664857,203865.835635,56.943482,204705.535617,94.315980,652.217140,-25.455955,651.076207,-145.100612,654.574886,59.956342,0.010122,1,0
13.633000,-63.132627,203831.716810,176.722063,203986.094222,56.689420,202800.242237,94.946425,653.553350,-25.328382,658.172325,-145.427741,652.942223,59.949490,-0.007609,1,0
13.667000,-63.247383,202720.811196,176.921121,204314.901163,56.982411,204310.709844,94.687672,655.359018,-25.280977,657.400268,-145.139172,655.696657,59.955225,0.002588,1,0
13.700000,-63.046965,203983.614230,176.954481,204223.219961,56.872451,203316.367737,94.840232,653.244226,-25.135590,658.153555,-144.725286,658.320319,59.954324,0.016610,1,0
13.733000,-63.201829,203285.092008,176.972300,204336.066698,56.856308,205285.530676,94.774262,654.565699,-25.157684,652.657607,-145.093469,656.007489,59.948595,0.005427,1,0
13.767000,-63.222967,204378.949940,176.793918,203524.329892,56.935374,206307.176183,94.770785,651.863687,-25.286788,654.757399,-144.980457,658.407007,59.952112,-0.001947,1,0
13.800000,-63.102660,204311.441365,176.973900,204237.968934,57.061212,202202.688528,94.871262,654.940329,-24.701383,647.435722,-145.098483,654.625650,59.946794,0.001887,1,0
13.833000,-63.031962,202983.586122,176.928810,204752.239024,56.986697,203942.582986,94.827118,653.627936,-24.987916,649.509953,-145.219607,645.315288,59.951511,-0.005287,1,0
13.867000,-63.033546,203982.744407,176.944859,203677.048994,57.124908,205788.933794,94.843061,644.653557,-25.211565,653.732857,-144.345869,650.047209,59.952759,0.008656,1,0
13.900000,-63.064705,204921.152878,176.994107,204188.557668,56.779206,204118.755222,94.733335,656.175115,-25.088991,648.319857,-145.114915,651.394616,59.958707,-0.001772,1,0
13.933000,-63.066544,204851.926566,176.901789,205990.933541,56.797034,203480.503575,94.761088,658.026025,-25.276305,646.855184,-145.471153,649.745419,59.948975,-0.002689,1,0
13.967000,-62.916139,204453.461368,176.982070,203584.847799,57.041614,205362.586976,95.165826,641.082667,-25.230296,649.794722,-145.044249,652.966747,59.953943,0.005988,1,0
14.000000,-62.982930,206117.622479,176.998395,203984.123382,56.932412,203378.126027,95.128955,648.093079,-25.135011,654.903319,-145.094346,644.732443,59.949139,0.006276,1,0
14.033000,-63.117516,202860.543253,176.934619,204203.718386,56.940293,204938.799760,94.767216,646.135826,-24.966213,650.041927,-145.206676,646.595074,59.953675,-0.006134,1,0
14.067000,-62.957234,202988.312686,176.895792,204946.947557,57.065845,203308.424664,95.192087,654.662736,-25.061645,647.917174,-144.869118,653.466958,59.954276,-0.003655,1,0
14.100000,-63.071981,204670.034155,176.899503,203550.304019,57.084234,204932.072157,94.867780,639.557532,-25.234400,654.505472,-144.767786,645.925557,59.954934,-0.002520,1,0
14.133000,-63.039730,205924.751144,176.839152,203679.827306,56.783755,204415.879026,95.026635,644.417010,-25.056217,647.627833,-145.424626,644.239077,59.951925,-0.003678,1,0
14.167000,-63.082302,204124.518675,177.008473,205034.941597,56.968486,205368.001327,94.990723,643.867380,-25.241318,650.169348,-145.060069,647.371945,59.949393,0.004098,1,0
14.200000,-62.917818,202248.498866,177.065871,203537.505419,57.053200,204631.029028,95.011503,648.140206,-24.820636,650.218453,-144.986210,648.397100,59.955823,0.001902,1,0
14.233000,-63.039487,202656.827554,176.905720,203430.049858,57.003194,202720.732645,94.827891,650.809780,-24.605153,647.798985,-144.920021,649.466011,59.949078,-0.008536,1,0
14.267000,-62.958357,204397.320130,176.848655,204823.991058,56.906423,203594.156876,95.349896,645.312046,-25.046171,646.386356,-145.213783,651.436060,59.947025,0.005359,1,0
14.300000,-63.171019,204073.178279,176.894334,205350.462876,56.978492,204036.896768,94.787354,651.955668,-25.459848,651.827227,-145.384686,650.978323,59.944923,-0.002352,1,0
14.333000,-63.085173,206195.438989,176.935769,205251.736220,56.852186,204179.772617,94.525495,650.585869,-25.057479,650.957214,-145.264403,648.794210,59.950446,-0.003698,1,0
14.367000,-62.820452,205027.329588,176.859872,204552.443974,56.966525,205771.052464,95.241690,651.493407,-25.022524,651.101888,-144.983433,653.345937,59.950642,-0.006491,1,0
14.400000,-62.926978,203624.940458,177.019381,204123.465565,56.889058,204271.530588,95.166458,653.885391,-25.176147,652.274122,-145.252244,645.855955,59.942479,-0.007782,1,0
14.433000,-63.094170,204616.447279,176.876675,204858.422893,56.977714,206203.479219,94.731168,653.718486,-25.076229,650.953824,-144.809270,652.634322,59.947586,-0.000899,1,0
14.467000,-63.074774,205101.846728,177.025632,204583.483258,57.062208,205386.926412,95.152013,651.290583,-25.159289,653.659726,-144.989541,652.426769,59.949219,0.006152,1,0
14.500000,-62.936302,206333.913124,176.849972,204874.885239,56.844582,204594.684034,95.273079,651.904436,-25.105193,657.130091,-145.303999,645.966448,59.944314,0.000874,1,0
14.533000,-63.369924,204396.297765,176.897486,203563.815470,56.901913,205916.319027,94.810603,650.115972,-25.343169,642.202455,-145.003466,652.493575,59.950415,0.004791,1,0
14.567000,-63.286257,207355.254700,177.005595,206996.677048,56.935697,204657.316022,94.933424,652.705254,-24.831494,655.738587,-145.271000,653.196705,59.952706,-0.016956,1,0
14.600000,-63.059028,204741.256178,176.992610,203398.846873,57.084182,206590.350415,95.022149,652.970028,-25.133539,650.788372,-144.783195,657.278650,59.949400,0.006841,1,0
14.633000,-63.168043,203994.822329,177.102458,204092.139322,56.976506,204465.365644,94.493300,651.676227,-25.136687,654.006020,-144.972979,657.658710,59.946614,0.000835,1,0
14.667000,-63.158816,203736.659179,177.013173,203830.687663,56.910301,203503.575963,94.827699,655.289644,-25.088769,653.549246,-145.087917,649.980453,59.956069,-0.003924,1,0
14.700000,-62.999444,206266.300634,177.036555,205022.985076,56.823805,205784.977666,94.979798,653.348318,-24.890677,648.718841,-145.110836,646.007868,59.945029,-0.003724,1,0
14.733000,-62.841922,203717.110511,176.988209,204967.641924,56.862167,204700.349669,95.121800,655.418789,-25.077700,653.191569,-145.201246,651.394293,59.955558,0.000237,1,0
14.767000,-62.921388,206001.289986,176.920876,204251.806143,56.892004,204343.075803,95.166059,653.215248,-24.863686,653.036705,-145.296101,655.704176,59.950589,-0.004289,1,0
14.800000,-63.129170,205530.178235,177.097203,202228.599896,57.095204,204640.996976,94.791191,660.662064,-24.716950,654.561221,-144.897526,653.711034,59.957703,0.001196,1,0
14.833000,-63.015710,203689.586548,176.884474,204926.241512,57.118350,202985.257028,95.331867,649.699240,-25.073280,658.680711,-144.841575,650.008568,59.952253,-0.008110,1,0
14.867000,-63.074828,205235.868622,176.898624,205416.866926,57.065173,205123.103874,95.266231,650.364322,-25.080701,653.383630,-144.887108,654.103466,59.957822,0.005693,1,0
14.900000,-62.997100,204141.797601,177.109955,205598.561924,57.024942,203939.497039,95.135636,652.845734,-24.820690,657.222310,-145.388189,649.486302,59.957915,0.000707,1,0
14.933000,-62.968108,202965.834383,177.071874,203111.292327,56.941405,204146.882624,94.844543,649.574728,-24.962023,650.021469,-145.145487,655.276052,59.963394,-0.008823,1,0
14.967000,-62.944151,204632.945190,176.942806,203257.513612,57.076928,203248.311911,95.120385,649.382664,-25.000516,653.146628,-145.122173,647.635296,59.949646,-0.010867,1,0
15.000000,-62.987355,204023.213334,176.990454,203658.849235,57.113641,203850.516607,94.605237,651.652116,-24.764638,648.578788,-144.826995,642.564503,59.961123,0.004325,1,0
15.033000,-62.832131,204375.766774,177.151544,203558.068883,57.006790,204149.001227,95.123409,647.834607,-24.977596,648.542614,-144.838996,644.022006,59.963105,0.005087,1,0
15.067000,-63.067535,203507.915440,177.007095,204505.237826,56.907768,202306.761153,94.786209,642.218261,-25.209473,643.483366,-145.198722,645.381583,59.953407,-0.015092,1,0
15.100000,-63.111233,204408.593870,176.931149,203692.442730,57.014781,204190.120024,94.915956,650.774822,-25.029689,651.287862,-144.713118,649.020218,59.949204,0.005378,1,0
15.133000,-63.081122,206354.801876,177.040231,203239.192922,57.042915,204561.745566,94.648338,644.735410,-24.726946,645.220566,-144.835374,650.339116,59.954826,-0.011107,1,0
15.167000,-63.346763,205655.083458,177.032420,202791.764052,56.912460,204338.575186,94.468043,642.509764,-25.013002,652.794828,-145.153725,643.625151,59.950014,0.001907,1,0
15.200000,-63.022333,205352.939257,177.010196,203444.754127,56.866628,206627.062601,94.878085,642.272500,-24.601414,641.026278,-144.723939,645.470182,59.953671,0.003836,1,0
15.233000,-63.219188,205408.730467,176.936205,203918.649693,57.097831,205773.045299,94.934306,645.484954,-25.600705,649.189468,-144.745396,651.944571,59.946988,0.002117,1,0
15.267000,-62.941603,205090.865880,176.971642,204697.467436,56.826707,204927.018728,95.188575,646.299127,-24.941759,641.083902,-145.572348,647.450340,59.957830,-0.002603,1,0
15.300000,-63.052810,207304.183431,176.785606,203715.734543,56.875786,203332.622899,95.142385,648.693545,-25.172332,642.974717,-145.179899,643.794792,59.953295,-0.011481,1,0
15.333000,-63.164107,205234.913820,177.176999,205526.153767,57.008895,204490.021764,94.910622,646.659678,-25.178028,643.131413,-145.078088,648.867607,59.957818,-0.001672,1,0
15.367000,-62.978982,203894.642273,176.916371,204225.867274,56.685937,204418.046394,95.176529,648.747957,-24.954700,648.541156,-145.314953,649.131167,59.950564,0.017929,1,0
15.400000,-63.079647,204029.793270,176.801505,205068.398433,56.803177,204578.753979,95.042986,646.055484,-25.064405,645.174345,-145.184137,650.615675,59.944208,0.005318,1,0
15.433000,-63.195067,204381.119613,176.813971,204561.452879,56.655397,205650.169178,94.670289,650.559574,-25.178025,642.303173,-145.382984,647.722975,59.945317,0.009093,1,0
15.467000,-63.122957,205159.360945,176.624873,203971.529438,56.779893,202755.242729,94.772317,648.641617,-25.631645,647.621020,-145.390417,647.145520,59.940572,-0.000617,1,0
15.500000,-63.244135,202788.062690,176.923840,203692.942205,56.762999,205272.387086,95.065856,649.532593,-25.114382,654.404866,-144.962669,647.194303,59.943676,0.011067,1,0
15.533000,-63.076828,205327.575457,176.717845,204675.643032,56.844706,203811.415533,94.865457,644.337275,-25.310600,645.356624,-145.003321,645.830293,59.936552,-0.011498,1,0
15.567000,-63.160023,206461.549293,176.811070,205369.328472,56.883165,204203.497012,94.819524,644.047992,-25.578412,645.099863,-145.058251,648.414194,59.945640,-0.003148,1,0
15.600000,-63.234176,204668.585127,176.798769,205395.418915,56.843313,205207.733001,94.717362,646.216438,-25.632513,654.247788,-145.269856,642.595059,59.941341,-0.003497,1,0
15.633000,-62.928334,204119.325407,176.802646,205457.210987,56.803425,204322.604340,95.193801,657.459686,-25.043549,647.208193,-145.297853,652.328330,59.940706,-0.000678,1,0
15.667000,-63.196361,204359.747090,176.865134,203540.486215,56.824007,203229.520163,95.078086,656.044194,-25.042605,653.476395,-145.115531,656.261130,59.934274,-0.002931,1,0
15.700000,-62.977452,205837.849466,176.978991,205721.662961,56.924312,205268.270621,94.557221,650.578103,-25.352425,651.745852,-144.903027,651.224773,59.935801,0.001655,1,0
15.733000,-63.349192,205117.160360,176.812811,204991.396827,56.901849,202715.208757,94.741129,655.357993,-25.005755,657.126506,-145.073401,651.929299,59.940170,-0.009188,1,0
15.767000,-63.092872,203609.691133,176.899703,203124.074562,57.018226,205834.390531,94.936419,654.742183,-24.916393,647.654443,-144.804084,648.962736,59.946553,0.011708,1,0
15.800000,-63.102413,204323.588455,176.996840,204537.336618,56.654904,205213.765288,94.658006,655.573574,-25.242239,645.905099,-145.170638,649.998180,59.941623,-0.010806,1,0
15.833000,-63.210732,204353.374050,176.785416,204139.573839,57.006106,205220.293743,94.872659,637.460044,-25.271608,650.518797,-144.756462,647.117998,59.937261,0.003223,1,0
15.867000,-63.198123,206036.658884,176.793618,204150.853599,56.897064,204418.276638,94.752950,649.440474,-25.273158,647.970922,-145.211241,641.955487,59.931043,0.003938,1,0
15.900000,-63.306681,204361.056944,176.548699,203183.568114,56.835814,206190.816300,95.051556,651.460793,-25.559496,651.851629,-145.390026,647.922797,59.937295,-0.001523,1,0
15.933000,-63.107147,204518.395721,177.044328,203300.692171,56.933432,203360.151883,94.799475,645.271065,-25.115655,656.212500,-145.354460,646.583514,59.939866,-0.003567,1,0
15.967000,-63.189147,203548.874952,176.764484,204170.843376,56.697754,205171.824817,94.700644,645.270584,-25.246888,643.646601,-145.325457,642.795253,59.938436,0.006105,1,0
16.000000,-63.127623,203601.124438,176.764653,205554.281596,56.844407,205557.411920,94.715178,640.466478,-25.214580,645.982320,-145.052847,648.201337,59.937458,-0.007069,1,0
16.033000,-63.094204,204048.886409,176.859883,204491.192722,56.828249,205667.035417,94.807019,655.884504,-25.157395,654.136875,-145.116581,651.605715,59.934323,-0.001893,1,0
16.067000,-63.037535,205566.011916,176.806385,205842.219946,56.927690,204644.595568,95.003470,654.459637,-25.117688,652.588184,-145.020018,654.125354,59.933748,-0.002386,1,0
16.100000,-63.163201,205337.502622,176.812580,204389.767851,56.783487,206021.201226,94.980422,646.541259,-25.330983,646.236104,-145.243186,644.758230,59.932676,-0.001040,1,0
16.133000,-63.061019,204235.144311,176.791850,204030.264297,56.675946,204626.720029,95.230869,638.548876,-25.218868,644.984183,-145.339354,639.190629,59.937403,0.002771,1,0
16.167000,-63.212707,203534.401000,176.656350,205240.987072,56.840846,203730.424879,94.948371,647.199471,-25.018906,642.929367,-144.923691,650.019807,59.939316,0.000279,1,0
16.200000,-63.061432,205346.228434,176.699350,206136.155893,56.770281,203951.352114,95.085581,645.284144,-25.246408,650.074376,-145.007623,647.463515,59.931430,0.001094,1,0
16.233000,-63.102694,205707.684545,176.773412,204986.273303,56.880723,205503.810515,94.702807,651.484660,-24.863841,648.358368,-144.989850,648.004165,59.932832,-0.000420,1,0
16.267000,-63.133125,203437.178748,176.993128,204077.704149,56.943323,204901.104095,94.754781,645.981240,-25.094544,650.645931,-145.041942,637.592338,59.932036,0.013420,1,0
16.300000,-63.067433,204125.096340,176.764269,204375.246464,56.864198,206337.477052,94.969227,647.997998,-25.089674,650.427624,-145.339486,654.036330,59.926288,0.004805,1,0
16.333000,-63.167369,205701.390003,176.861415,203600.453349,56.769493,204155.033245,94.921665,644.242439,-25.107048,652.764884,-145.346586,648.423289,59.930161,-0.005410,1,0
16.367000,-63.269221,204608.459333,176.910782,203628.832162,57.054603,204470.814148,94.547667,647.415941,-24.986354,643.056285,-145.354259,650.056279,59.939970,-0.008674,1,0
16.400000,-63.088962,204244.218313,176.902463,204605.066651,56.762554,205789.244663,94.934613,648.992839,-25.332336,654.235836,-145.186862,641.641365,59.931672,0.017312,1,0
16.433000,-63.226295,204230.880068,176.614476,206490.854260,56.928543,205083.438974,94.727044,644.470132,-25.119728,646.674713,-144.768174,647.847012,59.932796,-0.004986,1,0
16.467000,-63.225053,205265.998246,176.594522,204402.699652,56.729814,204598.969420,94.456433,648.548838,-25.371916,647.167005,-145.164367,646.169486,59.924737,-0.000725,1,0
16.500000,-63.284034,204123.395770,176.761780,203807.703672,56.832507,204536.287812,94.498381,642.924061,-25.045893,643.180957,-145.015022,644.713036,59.931285,-0.011277,1,0
16.533000,-63.088022,204781.402561,176.977644,204130.423017,56.881141,203872.336206,95.039474,645.787149,-25.035875,646.468535,-144.851865,647.018632,59.929290,-0.007469,1,0
16.567000,-63.135396,206066.462697,176.937740,205701.879855,56.809306,203108.661096,94.811108,651.663331,-25.347144,643.635028,-145.376990,649.455313,59.927776,-0.006073,1,0
16.600000,-63.223048,205686.390899,176.851334,204780.155141,56.746035,202745.003902,94.444953,653.307712,-25.062310,646.331959,-145.561605,651.233973,59.928145,0.005783,1,0
16.633000,-63.287425,204139.335713,176.888793,203734.507170,56.691657,206711.471681,94.703780,650.195664,-24.743007,642.897665,-145.274066,647.147653,59.932412,-0.002626,1,0
16.667000,-63.266128,205974.669215,176.722633,203410.206523,56.616007,205661.778252,94.612600,642.940204,-25.330483,642.689743,-145.114955,641.661422,59.934185,0.010149,1,0
16.700000,-62.951977,204205.000990,176.782663,205216.553465,56.722220,204167.814044,95.114337,643.105436,-25.558083,649.669651,-145.579376,647.381674,59.940867,-0.000507,1,0
16.733000,-63.258833,205557.680873,176.752827,204409.239947,56.642721,203724.751289,94.446979,645.604944,-25.611042,649.365567,-145.008512,645.602337,59.936711,0.002357,1,0
16.767000,-63.233265,203420.018992,176.885951,203563.812988,56.718416,204019.767121,94.384854,646.738293,-25.060676,641.091774,-145.077207,646.989817,59.926081,-0.000031,1,0
16.800000,-62.952579,204354.080804,176.911629,203662.648341,57.010792,205045.102517,95.141086,634.481768,-24.960220,646.981513,-145.207706,645.021942,59.938167,0.001939,1,0
16.833000,-63.168532,204067.411946,176.896736,205732.067987,56.923906,204830.274227,94.954341,650.949209,-24.766476,641.676876,-145.158544,643.300160,59.935130,0.002015,1,0
16.867000,-63.124046,204865.152749,176.713257,204389.349771,56.802552,205292.020565,94.926469,643.547347,-25.482743,642.401564,-145.025320,638.398979,59.933244,0.001628,1,0
16.900000,-63.196732,204958.362606,176.766469,203927.082812,56.818494,203995.493442,95.271953,643.756590,-25.060730,642.689431,-145.005109,641.911928,59.945209,-0.004911,1,0
16.933000,-63.103360,203646.789546,176.779362,204612.930465,56.934420,204124.363287,94.874190,640.450860,-25.118929,645.125365,-144.954168,643.861157,59.939704,0.001533,1,0
16.967000,-63.277823,204844.847991,176.984710,205906.295646,56.810730,204436.880898,94.857043,636.247346,-24.895516,644.448172,-145.248049,643.618240,59.939867,0.005864,1,0
17.000000,-63.070066,204498.510567,176.739675,203824.685791,56.821028,205190.483046,94.988105,646.247768,-25.375195,651.056490,-144.937934,642.047623,59.939494,-0.008178,1,0
17.033000,-63.258918,205095.568056,176.718877,205650.941838,56.791743,205606.053530,94.533313,645.378685,-25.081477,647.985106,-145.150903,645.072292,59.935787,-0.001845,1,0
17.067000,-63.325950,205478.187051,176.935170,205844.380069,56.830762,205176.368555,94.698431,647.778012,-25.221746,638.120317,-145.354779,643.172712,59.936334,0.009336,1,0
17.100000,-63.281943,205117.172772,176.522201,204308.366380,56.689168,204182.190610,94.895700,644.837792,-25.326209,643.948471,-145.440487,641.396418,59.935736,-0.001060,1,0
17.133000,-63.138874,205745.328483,176.989849,206066.034429,56.731060,202723.776072,94.696034,645.126032,-25.359812,645.829996,-145.432658,652.355787,59.929478,0.003735,1,0
17.167000,-63.327028,204506.982211,176.823540,205100.285766,56.868467,205986.815056,95.041949,643.540225,-25.145009,648.219025,-145.140567,647.959376,59.933510,-0.000382,1,0
17.200000,-63.172441,204494.225609,176.799644,204051.877360,56.820988,206268.490656,94.853059,648.610488,-25.023084,646.855749,-145.455519,649.210988,59.937681,-0.008182,1,0
17.233000,-63.143940,204440.600800,176.582604,203646.225515,56.808882,203970.054873,94.712816,653.324777,-25.434665,649.899361,-145.339595,653.577595,59.937559,-0.000860,1,0
17.267000,-63.277729,205455.228547,176.839499,205651.694575,56.793487,203069.916963,94.693417,655.007574,-24.867796,644.675194,-145.140917,646.814967,59.941061,-0.004972,1,0
17.300000,-63.007894,205315.502334,176.732463,205571.750048,56.805427,203126.529904,94.747539,650.820702,-24.956864,641.386768,-145.028536,645.268856,59.937800,0.007322,1,0
17.333000,-63.271568,203992.593154,176.602088,205011.749753,56.773014,206648.820048,94.668741,653.597427,-25.340434,651.742704,-145.369925,649.993530,59.942429,0.001251,1,0
17.367000,-63.217089,203744.370224,176.735403,204531.496930,56.846982,205197.754416,94.684188,653.098473,-25.448306,652.232627,-145.010698,651.789821,59.940342,0.003790,1,0
17.400000,-63.173600,204376.433384,176.856875,206613.671368,56.784761,204992.511713,94.841258,650.533545,-25.075392,653.075309,-145.142781,652.491159,59.936766,-0.010146,1,0
17.433000,-63.138105,203261.768368,176.747144,204653.283829,56.740540,206637.868065,94.926624,647.506612,-25.337031,653.187918,-145.214158,649.479840,59.937672,0.002128,1,0
17.467000,-63.106426,202597.776473,176.763043,205068.719135,56.926765,205817.153978,94.674071,653.731757,-25.336972,646.511872,-145.144281,646.222002,59.942597,0.009055,1,0
17.500000,-63.076900,203260.344939,176.841469,203175.661686,56.782869,203932.657478,95.201297,650.242762,-24.874470,644.990004,-145.296614,646.250414,59.936021,0.001726,1,0
17.533000,-63.164396,203653.156361,176.896139,205297.985809,56.821857,204876.981732,94.615540,650.410004,-25.164438,651.943175,-145.224711,647.481295,59.938181,0.010597,1,0
17.567000,-63.242248,206249.245399,176.858955,204796.705437,56.854049,205659.012198,94.339769,647.386427,-25.001957,646.730241,-145.284995,644.238340,59.937118,-0.000141,1,0
17.600000,-62.988340,206463.853772,177.020722,204288.819667,56.933736,203663.346291,95.045621,649.165455,-24.879148,653.945631,-145.261679,649.053932,59.942904,-0.007721,1,0
17.633000,-63.136580,203356.877848,176.791753,203167.060952,56.830812,206049.838484,94.895091,644.065570,-25.491779,645.888218,-145.150406,643.345523,59.941080,0.016622,1,0
17.667000,-63.242978,206486.795745,176.743416,206724.187743,56.836847,204956.597616,94.886460,639.191045,-25.029180,643.689977,-145.049454,639.906940,59.939668,-0.004891,1,0
17.700000,-63.056155,204555.657439,176.915775,204452.583584,57.000382,205972.491575,95.011376,644.345488,-25.084351,644.624779,-144.774429,647.573315,59.948003,-0.013505,1,0
17.733000,-63.057230,203114.750677,176.942815,206122.595115,56.958367,203824.462902,94.880473,644.940700,-25.081597,644.859922,-145.367617,640.816058,59.936831,-0.004200,1,0
17.767000,-63.183388,205244.972068,176.865944,206015.484349,56.898976,204949.970228,94.655173,644.559695,-24.982017,646.271841,-144.844229,642.424375,59.939506,0.002243,1,0
17.800000,-63.075770,205278.549084,176.754729,204280.352197,56.780766,205407.013165,95.120677,641.292011,-25.049460,640.531366,-145.118111,647.993000,59.948274,-0.002523,1,0
17.833000,-63.189908,206313.896270,176.801873,204507.200503,56.840173,205073.120968,94.950161,639.228591,-25.438178,648.950194,-145.379736,644.338052,59.943158,0.000897,1,0
17.867000,-63.118086,204617.412240,176.855866,204828.136872,56.960743,205366.787707,94.986541,635.838923,-24.970082,643.267767,-144.833709,645.878089,59.941106,0.003194,1,0
17.900000,-63.147524,205188.240756,176.883326,204560.752127,56.763553,203716.810590,94.676425,643.445459,-25.265828,649.299682,-145.196143,646.713738,59.936023,-0.001895,1,0
17.933000,-63.149142,204228.778827,176.885834,202886.386963,56.813996,203235.419682,94.808999,647.586959,-25.466054,643.029393,-145.021838,646.679182,59.938566,-0.000168,1,0
17.967000,-63.116286,206465.131665,176.849232,204987.092973,57.103289,204559.674478,94.984823,647.524171,-24.941373,645.044030,-144.930768,646.440200,59.940246,-0.003042,1,0
18.000000,-63.246690,205085.426974,176.962619,203319.234285,56.900158,203891.718478,94.701201,643.987914,-24.579975,647.918538,-145.118248,649.822175,59.944166,-0.008600,1,0
18.033000,-63.155486,204172.443932,176.904202,204151.091128,56.918799,205378.915766,94.876101,648.757087,-24.656390,650.082259,-145.091707,643.574613,59.948794,-0.001285,1,0
18.067000,-63.054072,204118.400310,176.952299,203156.150639,56.827050,202949.928916,94.842973,654.064487,-25.023764,644.077529,-144.966781,648.493726,59.941409,-0.010112,1,0
18.100000,-63.194224,203938.736835,176.787021,204804.966989,56.748799,204279.603243,94.703299,639.206892,-25.196576,648.741304,-145.029500,646.179325,59.945023,0.002540,1,0
18.133000,-63.218831,204899.143636,176.880581,203081.875959,56.977327,203982.976499,95.039975,637.621191,-24.941399,648.199784,-145.151372,644.630632,59.949624,0.009722,1,0
18.167000,-62.957395,203885.934815,176.957997,204467.229345,56.997194,204327.264462,95.016413,645.174518,-24.867214,645.255638,-144.677795,643.875483,59.946608,-0.002110,1,0
18.200000,-63.149446,204865.944727,177.046128,205095.023717,57.000054,204659.093338,94.947167,648.266151,-25.189866,643.568610,-144.981519,639.203964,59.942849,0.013550,1,0
18.233000,-63.008697,204174.075548,176.905199,202935.663679,56.896611,203740.541424,94.627461,643.539826,-24.941243,642.130661,-145.107818,647.903314,59.946164,0.003454,1,0
18.267000,-62.959854,204765.102946,176.933763,204297.681813,57.064530,203523.777309,95.057864,649.351012,-24.714419,649.892908,-144.832094,647.326941,59.944702,0.016125,1,0
18.300000,-63.048247,203459.887980,176.848868,203403.514361,56.979200,204122.743753,94.498805,647.895452,-25.225377,646.770530,-144.990054,648.781089,59.940438,0.008188,1,0
18.333000,-63.076685,204906.535773,176.849712,204925.889517,56.880712,203771.272327,94.993049,648.599682,-25.100437,647.756889,-144.964397,649.225826,59.945567,-0.003239,1,0
18.367000,-63.205507,204714.674501,176.956817,203501.856666,56.773930,204053.173967,95.076388,640.911780,-25.068214,642.223895,-145.163718,640.716416,59.944962,0.003511,1,0
18.400000,-63.218131,204191.944578,176.842133,203791.439219,56.800387,204322.886674,94.695303,646.422854,-25.155545,654.925692,-145.032432,645.547085,59.938388,0.002793,1,0
18.433000,-63.144641,203732.182436,176.830688,204434.983561,57.019830,204454.313168,95.150849,639.180964,-25.216004,640.969552,-144.935942,642.277424,59.948975,0.008472,1,0
18.467000,-63.170417,204492.498528,176.726483,203811.894068,56.958358,203414.876245,94.843355,640.144682,-25.454740,637.867352,-145.390332,642.755266,59.950664,-0.003599,1,0
18.500000,-63.048760,205540.847130,176.882915,203630.445800,56.798116,205217.681470,95.103540,646.330390,-25.366654,644.404750,-144.979540,631.664052,59.946849,-0.007925,1,0
18.533000,-63.130772,203312.307332,176.781373,204007.026007,56.844022,202893.649249,94.754764,637.910567,-25.384614,645.054072,-145.122438,642.420786,59.948017,0.015697,1,0
18.567000,-63.017174,203474.378865,176.868882,204001.634371,56.793202,205172.582021,94.827791,641.216802,-25.220673,647.708673,-145.164316,639.317258,59.944422,-0.005468,1,0
18.600000,-63.171643,203357.317965,176.798303,204235.214111,56.951196,203357.814845,94.672381,640.659287,-25.440131,643.714285,-145.167174,641.977864,59.942958,0.002890,1,0
18.633000,-63.220881,203878.635481,176.939380,204425.436451,56.752425,204851.233698,94.805998,635.559591,-25.021411,642.302813,-145.461311,643.941858,59.929659,-0.012053,1,0
18.667000,-63.179359,205773.984517,176.689761,204508.824814,56.809985,204401.357569,94.827564,648.177477,-25.616136,643.783995,-145.196722,642.871757,59.938404,-0.008498,1,0
18.700000,-63.109634,204106.561284,176.701016,204932.242264,56.837436,203836.429255,94.793870,643.991843,-24.943328,643.688208,-144.865129,646.960973,59.940671,-0.001425,1,0
18.733000,-63.059888,203947.999940,176.987694,204241.433097,56.715562,201949.044749,94.731541,642.838275,-25.173789,647.816629,-145.288310,635.154032,59.941192,-0.003834,1,0
18.767000,-63.107979,204920.443107,177.009007,201313.180853,56.856886,205810.633383,95.090262,641.759994,-24.855187,648.108803,-145.178545,640.491313,59.945672,-0.001553,1,0
18.800000,-63.044490,204749.370451,176.857513,205651.882827,56.855615,202780.718876,95.076414,642.746265,-25.230851,638.406009,-144.952435,642.497767,59.944679,-0.004639,1,0
18.833000,-63.040269,204764.608644,176.901448,204450.123367,56.737090,204410.423418,94.845210,641.804950,-25.037911,642.490636,-145.570047,642.799863,59.944386,0.001149,1,0
18.867000,-63.107422,206062.687056,176.902200,204037.579087,56.831616,204819.406747,94.799983,640.016002,-24.871046,643.648677,-145.107967,643.752937,59.941424,0.000936,1,0
18.900000,-63.290470,204408.062602,176.699258,204973.465381,56.664392,204023.055213,94.591309,643.675013,-25.259347,645.723070,-145.236740,644.321018,59.943840,-0.009650,1,0
18.933000,-63.355346,204585.328069,176.806750,204338.951935,56.791860,204233.922094,94.555334,645.139563,-25.002434,648.553218,-145.219791,642.175333,59.947561,-0.002514,1,0
18.967000,-63.154489,203209.160502,176.666034,204740.476001,56.632018,203153.055704,94.491375,646.830204,-25.528289,648.606346,-145.390065,647.641202,59.944784,0.003515,1,0
19.000000,-63.381895,204556.769271,176.663740,204161.247453,56.666089,204709.702268,94.780876,652.828355,-25.369380,644.029909,-145.174899,650.524955,59.944622,0.003338,1,0
19.033000,-63.243874,204102.122175,176.756323,202718.790273,56.709073,204575.930037,94.818469,642.950444,-25.160332,641.993328,-145.330616,645.271488,59.953188,-0.003246,1,0
19.067000,-63.384160,203956.575777,176.527025,203642.662945,56.828156,206163.519589,94.640471,642.330785,-25.731196,644.044788,-144.979648,644.066207,59.941545,-0.007500,1,0
19.100000,-63.382695,204191.737258,176.644920,204816.868434,56.573172,205249.223220,94.595244,648.399439,-25.479215,643.835926,-145.381597,646.850876,59.948240,0.004053,1,0
19.133000,-63.321634,203726.727385,176.702230,205047.472941,56.592285,206229.493482,94.402217,647.662165,-25.055359,652.767666,-145.585385,646.031949,59.944599,-0.006364,1,0
19.167000,-63.169146,204664.395508,176.597856,206416.078696,56.686389,206485.932919,94.915333,652.564642,-25.649278,644.944683,-145.288222,645.480621,59.946825,0.004915,1,0
19.200000,-63.310626,204609.497556,176.748539,205148.067131,56.696107,205320.299972,94.665384,645.860651,-25.309725,651.650154,-145.240484,649.820472,59.958714,-0.004017,1,0
19.233000,-63.363924,204780.862797,176.565390,205058.817524,56.789015,203910.277120,94.793958,651.533370,-25.220552,653.273383,-145.005149,647.721651,59.950299,0.003025,1,0
19.267000,-63.051054,206426.170065,176.710258,202327.815074,56.737934,205056.191352,95.001428,644.719259,-25.152060,654.599191,-145.485204,648.216375,59.959453,0.011413,1,0
19.300000,-63.171703,204736.238102,176.845462,205597.789146,56.783174,203719.474594,94.966131,652.372434,-24.985452,645.302418,-145.227837,643.728063,59.953092,-0.013553,1,0
19.333000,-63.195964,203910.530621,176.660007,203805.929314,56.776075,203849.915108,95.071219,645.160028,-25.133912,649.392933,-145.372756,645.710727,59.957266,-0.008449,1,0
19.367000,-63.283888,203841.292818,176.691151,203233.624367,56.818538,204741.856928,94.731031,648.587002,-25.343695,656.098948,-145.154372,643.598386,59.946381,-0.009745,1,0
19.400000,-63.228146,204770.941086,176.650006,205697.448459,56.688637,204895.553163,94.728993,643.661767,-25.514361,649.751146,-145.562272,644.482932,59.952503,-0.008536,1,0
19.433000,-63.457214,205325.311390,176.634560,203179.853036,56.614001,204580.600800,94.593279,651.821709,-25.489557,646.506031,-145.412829,648.233100,59.951516,-0.009376,1,0
19.467000,-63.234203,204359.884076,176.461475,205251.996595,56.673300,202291.537567,94.934877,647.613578,-25.846836,646.310434,-145.428687,647.619440,59.957475,0.003667,1,0
19.500000,-63.446487,205371.777297,176.780141,204446.490440,56.532682,203462.738080,94.472881,653.749433,-25.199023,649.788906,-145.428780,653.153095,59.950458,0.003398,1,0
19.533000,-63.466284,202310.222008,176.576169,203333.056340,56.661474,205967.435244,94.378144,648.890014,-25.786173,648.289264,-145.292824,645.520199,59.955113,-0.003122,1,0
19.567000,-63.323421,204302.929071,176.645115,203759.734784,56.494370,204183.188450,94.434005,642.838257,-25.643801,650.431546,-145.367025,648.362347,59.955033,0.002315,1,0
19.600000,-63.281276,205063.634361,176.657251,203747.102890,56.693916,204032.344923,95.001082,642.717309,-25.416714,646.364399,-145.310754,653.009332,59.956958,0.009605,1,0
19.633000,-63.306615,203112.979392,176.355404,204667.190383,56.741407,205385.945986,94.545991,646.581998,-25.720149,653.631363,-144.955874,643.127698,59.942010,-0.007875,1,0
19.667000,-63.384153,202926.793070,176.606478,204859.787482,56.647650,203210.705585,94.648877,640.771389,-24.974687,650.334471,-145.504514,650.368963,59.948605,0.001619,1,0
19.700000,-63.206550,204886.389317,176.573790,204119.055247,56.523915,203675.563946,94.774544,649.024812,-25.353563,650.263160,-145.506285,639.828830,59.949462,0.008045,1,0
19.733000,-63.272103,203442.591192,176.678463,204096.455129,56.594950,204372.911684,94.443847,644.208032,-25.667531,652.384027,-145.294572,650.884067,59.951412,0.001323,1,0
19.767000,-63.416951,202534.795050,176.706882,203999.143177,56.688103,204827.645632,94.950622,647.657353,-25.361239,648.178334,-145.170152,656.378637,59.949400,-0.001302,1,0
19.800000,-63.461726,203013.784349,176.599487,204811.284035,56.558617,203917.536912,94.341912,643.915741,-25.495890,652.928491,-145.503989,648.531730,59.945674,-0.005371,1,0
19.833000,-63.397589,202856.086224,176.518217,203361.126454,56.703607,203186.924742,94.612386,649.195055,-25.636821,648.657958,-145.505634,648.100135,59.947955,0.012536,1,0
19.867000,-63.388870,204616.054865,176.526157,203089.425697,56.663858,204570.702998,94.759447,645.386189,-25.469869,642.837935,-145.268426,643.654868,59.953876,0.006997,1,0
19.900000,-63.458931,203837.493380,176.717534,202589.506868,56.743193,202230.759797,94.457493,645.543311,-24.990038,640.301936,-145.283488,640.243087,59.958887,0.001776,1,0
19.933000,-63.347473,202971.909872,176.785785,202318.559595,56.724993,202442.273730,94.766578,641.405806,-25.316858,653.316606,-145.018396,648.846875,59.954166,-0.003085,1,0
19.967000,-63.150222,202740.872889,176.630077,202783.571927,56.554081,203326.956356,95.044397,640.904913,-25.490591,649.050004,-145.513265,642.603892,59.952315,0.007163,1,0
20.000000,-63.260938,203563.656050,176.794136,203443.387422,56.554441,202315.023722,94.435462,632.708702,-25.321179,641.791566,-145.397295,637.946269,59.951332,-0.005395,1,0
20.033000,-63.323145,204221.074035,176.581941,203062.166973,56.656142,204350.548616,94.372716,631.822673,-25.396799,646.410059,-145.079139,638.586722,59.952046,0.005540,1,0
20.067000,-63.204820,202468.081964,176.761553,203059.498389,56.639931,203467.895491,94.818255,641.666936,-25.397423,637.347575,-145.021644,636.176164,59.956368,0.005660,1,0
20.100000,-63.392780,203241.162534,176.588893,201908.218788,56.574862,202891.113925,94.670229,639.630841,-25.532468,638.608381,-145.491881,634.772770,59.951776,-0.005881,1,0
20.133000,-63.303993,204459.398263,176.783487,201845.824569,56.786857,204214.167291,94.520439,643.807443,-25.133767,637.140212,-145.428805,639.634879,59.962037,0.001234,1,0
20.167000,-63.411468,203080.639774,176.667085,202620.073724,56.647352,203504.985020,94.652127,641.391462,-25.367736,641.254652,-144.982722,639.411504,59.958723,-0.001342,1,0
20.200000,-63.344689,203473.084961,176.818873,201898.653077,56.617524,202619.462057,94.849645,639.460782,-25.298576,643.073074,-145.127759,644.516969,59.961105,0.005582,1,0
20.233000,-63.395690,201921.872821,176.535860,204097.101064,56.586993,203869.378835,94.555387,646.007913,-25.562924,649.675689,-145.241747,641.293707,59.957357,0.004661,1,0
20.267000,-63.305821,202749.250420,176.416876,202632.742913,56.568047,203053.268304,94.798352,641.984092,-25.532995,641.820891,-145.348698,641.031539,59.959847,0.004138,1,0
20.300000,-63.326037,202321.627681,176.627472,203295.979648,56.674059,201578.494633,94.477742,647.003059,-25.239316,640.385139,-145.339333,646.671159,59.963072,-0.014646,1,0
20.333000,-63.511532,202330.650673,176.727699,202211.088527,56.632990,202098.913104,94.433100,645.345639,-25.509425,639.569739,-145.289191,642.611638,59.954643,-0.004599,1,0
20.367000,-63.361261,203172.418807,176.522867,202173.532410,56.698196,203180.045870,94.568611,639.205976,-25.147931,646.648242,-145.020239,644.867648,59.967842,-0.003255,1,0
20.400000,-63.356764,202527.719763,176.509294,201382.734757,56.645593,202127.528720,94.759484,643.247556,-25.462299,636.397844,-145.557110,639.085497,59.968649,-0.019946,1,0
20.433000,-63.455239,202336.452781,176.623379,201929.779370,56.542045,202456.798691,94.398348,643.570978,-25.483694,637.896944,-145.465691,639.778243,59.968518,0.013190,1,0
20.467000,-63.272654,201570.734663,176.777332,202153.181967,56.624112,203950.672604,94.621792,641.590051,-24.956698,642.977905,-145.387435,641.347536,59.961894,0.000204,1,0
20.500000,-63.347313,201852.401511,176.716134,202161.343057,56.741827,202319.546728,94.670550,639.650265,-25.547201,641.380488,-145.239575,641.004758,59.960167,-0.006847,1,0
20.533000,-63.346781,203612.752279,176.583555,200444.273386,56.700416,202810.477171,94.497563,640.337358,-25.808698,645.679505,-144.981716,646.420592,59.954898,-0.012675,1,0
20.567000,-63.503224,201348.161977,176.437595,201140.302721,56.758014,202577.667002,94.519564,632.726225,-25.601628,638.575244,-145.323207,641.658772,59.966668,0.007577,1,0
20.600000,-63.269326,201283.844578,176.662914,202340.230973,56.441338,203653.417251,94.578045,640.325907,-25.397857,638.239839,-145.681131,640.410382,59.970029,-0.004649,1,0
20.633000,-63.415837,203850.523908,176.665839,202602.642596,56.569718,205185.011140,94.399466,642.873564,-25.380101,634.223978,-145.523253,638.351854,59.965670,0.009406,1,0
20.667000,-63.207547,203070.455843,176.793726,203920.503633,56.590031,203265.597534,94.970037,627.532065,-24.999168,631.704256,-145.597450,630.330014,59.966428,0.012994,1,0
20.700000,-63.424441,203930.503341,176.696380,203571.380676,56.728205,203498.225069,94.438326,636.509175,-25.311090,641.403319,-145.488030,634.835614,59.968754,0.000371,1,0
20.733000,-63.337463,201574.952503,176.641250,203181.894044,56.760284,203277.971416,94.788370,630.699299,-25.539423,631.776810,-145.151128,632.236199,59.970010,0.009050,1,0
20.767000,-63.371740,201008.068402,176.730302,201823.658227,56.651566,203947.524900,94.547751,634.964775,-25.171728,639.136378,-145.571056,634.761108,59.962087,0.000011,1,0
20.800000,-63.274550,203059.443778,176.663766,203404.730727,56.788485,204184.014179,94.824583,629.660101,-25.297566,634.800088,-145.061628,637.055859,59.965475,-0.000893,1,0
20.833000,-63.306711,201460.676555,176.637957,202809.191137,56.529069,203722.656295,94.690551,631.701332,-25.336924,628.213914,-145.619686,637.444467,59.965676,-0.001029,1,0
20.867000,-63.398989,204573.498531,176.759060,202889.281206,56.602203,203159.695912,94.560026,637.962442,-25.213354,631.471823,-145.098197,627.149815,59.955198,0.007903,1,0
20.900000,-63.396406,203655.488575,176.652336,202090.486834,56.591584,202778.867505,94.664541,632.579794,-25.585823,631.818360,-145.336708,630.260301,59.959264,0.004346,1,0
20.933000,-63.323159,202079.357110,176.650944,203586.416770,56.532556,202599.267782,94.789657,635.410638,-25.584183,632.715088,-145.485875,635.383438,59.964086,0.007938,1,0
20.967000,-63.415023,202950.496359,176.569684,203536.668233,56.729576,201375.508572,94.365621,630.607334,-25.562848,632.757823,-145.331885,636.063233,59.954060,0.006868,1,0
21.000000,-63.377202,201446.693403,176.736603,203232.929822,56.746668,202428.528716,94.797926,630.426621,-24.983801,633.167761,-145.295537,635.516333,59.958558,0.005179,1,0
21.033000,-63.191076,202630.343571,176.656361,203637.334226,56.637371,203961.017409,94.926218,635.530430,-25.374865,639.710933,-145.400535,634.193975,59.958331,0.013003,1,0
21.067000,-63.517530,202219.865990,176.667240,201772.683799,56.566402,201805.007601,94.839571,639.018853,-25.123588,640.511265,-145.608944,639.620363,59.957109,0.007731,1,0
21.100000,-63.305211,203816.228475,176.669611,200935.367062,56.420700,202180.248421,94.873564,636.197849,-25.431509,637.311732,-145.718311,635.854359,59.954643,-0.011990,1,0
21.133000,-63.355374,201848.442577,176.597068,202662.894084,56.670186,203008.579382,94.715704,637.122443,-25.563202,638.506358,-145.378142,635.286513,59.951788,-0.002513,1,0
21.167000,-63.516404,202154.810891,176.657426,202528.161567,56.561629,201199.038476,94.250124,643.606892,-25.647112,638.877899,-145.017585,645.487588,59.953303,-0.004972,1,0
21.200000,-63.349528,202447.220173,176.566921,202060.759730,56.474768,202691.130047,94.674019,641.557668,-25.727668,633.590430,-145.592991,643.783393,59.956371,-0.012205,1,0
21.233000,-63.251875,202417.133380,176.705006,202078.403101,56.740681,201376.283313,94.400650,635.690676,-25.318299,644.742458,-145.034917,636.278116,59.952912,-0.000235,1,0
21.267000,-63.348624,203657.002642,176.663070,203289.857239,56.660743,203516.672480,94.649436,645.679787,-25.129487,642.856258,-145.393705,644.519343,59.955243,0.005638,1,0
21.300000,-63.472871,201869.970491,176.608326,203565.413228,56.432573,202363.743882,94.226306,644.840553,-25.318667,646.968931,-145.636185,647.299368,59.948938,-0.002822,1,0
21.333000,-63.515142,203734.602913,176.686324,201760.174421,56.647231,201444.133143,94.704323,646.103565,-25.265041,647.409432,-145.300827,638.877936,59.949308,-0.007569,1,0
21.367000,-63.383663,202756.752649,176.392947,202235.591773,56.497194,202011.385922,94.904150,646.875530,-25.713638,637.867876,-145.627101,646.414649,59.949608,0.003321,1,0
21.400000,-63.391118,201986.179546,176.437624,202729.262843,56.606116,201881.222099,94.696583,643.234814,-25.469412,631.995240,-145.340647,644.251383,59.949546,0.004606,1,0
21.433000,-63.502656,203201.429549,176.619187,201261.758372,56.686542,200968.514906,94.247617,646.290432,-25.279810,644.322326,-145.356187,641.700654,59.948044,0.005899,1,0
21.467000,-63.147135,202109.681203,176.359437,202817.984261,56.624159,200940.244860,94.578759,637.470006,-25.429464,647.265014,-145.328390,647.445458,59.956697,0.007193,1,0
21.500000,-63.443340,202077.536481,176.641876,200798.131619,56.686755,201710.717995,94.336231,649.815230,-25.305806,639.229247,-145.387455,649.461474,59.948838,-0.001006,1,0
21.533000,-63.338967,201868.108018,176.552470,201120.484613,56.592617,201904.600446,94.534100,651.876459,-25.518216,649.930192,-145.393844,650.313974,59.946119,0.008004,1,0
21.567000,-63.404859,201039.558823,176.555854,203215.208182,56.611889,204227.187231,94.773662,646.068916,-25.420663,648.509231,-145.140206,648.609671,59.952033,0.011562,1,0
21.600000,-63.319486,200946.582880,176.575120,201433.810939,56.605786,200014.070443,94.756724,641.702177,-25.389780,644.194981,-145.315194,643.347054,59.948610,-0.004044,1,0
21.633000,-63.397573,202743.945247,176.642183,201507.872861,56.389467,202887.029217,94.453164,643.642010,-25.411499,650.153022,-145.689627,646.166224,59.946218,-0.002764,1,0
21.667000,-63.383487,200548.473581,176.539269,201911.119643,56.462479,201136.605213,94.732086,646.217680,-25.647739,649.078276,-145.332795,648.454781,59.949054,-0.003737,1,0
21.700000,-63.302619,204280.323610,176.770043,202613.346309,56.592445,204314.858466,94.578512,658.269426,-25.539466,646.030624,-145.325271,652.842393,59.954407,0.010111,1,0
21.733000,-63.328299,202778.534053,176.669510,201573.608259,56.739828,201927.528877,94.578534,650.485778,-25.549047,648.905480,-145.212882,649.904936,59.949521,0.002388,1,0
21.767000,-63.292612,201553.012985,176.702177,202004.724140,56.708815,203740.554963,94.860445,643.206624,-25.148819,651.011162,-145.344561,645.994260,59.955349,-0.001364,1,0
21.800000,-63.369357,201776.248434,176.881824,202645.840504,56.855440,202265.933338,94.547136,646.431621,-25.152691,643.435955,-145.198315,643.214027,59.945655,-0.000361,1,0
21.833000,-63.296903,200373.071175,176.808862,200475.528750,56.578306,201823.567510,94.250193,652.512835,-25.208412,645.269907,-145.726619,644.852686,59.947448,0.001972,1,0
21.867000,-63.371415,203126.156042,176.667486,202527.909980,56.593599,202058.447648,94.629019,641.152657,-25.325385,644.056739,-145.163126,645.045096,59.954563,-0.005181,1,0
21.900000,-63.351412,201334.156628,176.777837,202739.537856,56.668982,201801.976172,94.768292,649.243417,-25.073908,646.999715,-145.276872,646.964240,59.947061,-0.007837,1,0
21.933000,-63.412370,203520.631627,176.570791,202067.362793,56.761034,201712.879692,94.401616,646.987772,-25.353804,646.605311,-145.195255,650.574600,59.943847,-0.003182,1,0
21.967000,-63.088134,201437.855760,176.660933,200644.607974,56.671508,200472.164647,94.919831,644.913087,-25.306446,649.452805,-145.520985,645.545836,59.954957,-0.002218,1,0
22.000000,-63.292084,201773.701285,176.763658,202900.170640,56.663313,203397.504590,94.696137,651.856199,-25.254996,648.887460,-144.964278,650.295746,59.948026,-0.003257,1,0
22.033000,-63.474222,201471.483938,176.643271,201313.238591,56.674938,202468.030071,94.202420,644.897514,-25.196777,651.923596,-145.537636,650.536768,59.953059,0.005621,1,0
22.067000,-63.430730,202567.481418,176.645157,201191.000113,56.591413,202606.121325,94.433649,647.352829,-25.054785,647.200962,-145.412859,647.028732,59.950674,0.005958,1,0
22.100000,-63.581789,201528.564717,176.741671,202707.761980,56.640752,201910.633466,94.289438,653.943616,-25.279341,647.058202,-145.135419,648.661252,59.947827,0.005827,1,0
22.133000,-63.568527,200531.989350,176.546979,202124.340151,56.661723,203241.095556,94.543298,647.178702,-25.553040,648.601597,-145.409152,643.844118,59.952162,-0.001279,1,0
22.167000,-63.371869,202905.591282,176.594510,202127.444471,56.654558,201877.449703,94.400812,643.378852,-25.306912,649.420540,-145.609076,653.168163,59.947019,-0.002939,1,0
22.200000,-63.293034,202903.076565,176.555329,202487.004254,56.515749,200520.000474,94.745389,646.430968,-25.697841,649.317245,-145.419614,646.873982,59.951209,0.001475,1,0
22.233000,-63.413303,201187.996657,176.574251,203482.465148,56.542274,201525.166852,94.590348,649.328694,-25.468189,648.988745,-145.585286,644.069334,59.947312,-0.012346,1,0
22.267000,-63.449581,202778.247365,176.674343,202042.242944,56.601201,201513.505025,94.596642,652.241071,-25.692698,641.919381,-145.217885,640.970245,59.943719,0.004913,1,0
22.300000,-63.268449,203587.442651,176.671302,201808.986375,56.618723,202747.250268,94.900001,654.439230,-25.473558,644.778796,-145.240562,644.785977,59.944999,-0.000060,1,0
22.333000,-63.247544,204391.978076,176.707224,203099.805402,56.825489,202266.266188,94.650777,644.743579,-25.282254,649.643814,-145.122234,645.216362,59.944847,-0.005871,1,0
22.367000,-63.307943,200977.316103,176.601113,202083.695822,56.678005,203771.203911,94.698070,643.894077,-25.565128,642.737757,-145.583841,646.187177,59.943425,-0.007565,1,0
22.400000,-63.385157,202366.118741,176.677301,201394.772167,56.623042,202558.081342,94.475740,642.054733,-25.025353,643.130949,-145.401501,649.624293,59.941475,0.003792,1,0
22.433000,-63.234498,203468.030820,176.816901,202230.150011,56.724660,202289.288592,94.746203,646.618468,-25.205582,648.002729,-145.320263,650.444329,59.942154,-0.007876,1,0
22.467000,-63.268645,203694.808269,176.709186,202237.020083,56.766706,203280.634807,94.828658,644.803481,-25.461149,643.726222,-145.198169,635.505661,59.939553,0.000241,1,0
22.500000,-63.156642,203114.096838,176.803703,202550.809426,56.875980,201438.955887,94.567065,647.756513,-25.438096,640.174580,-145.327963,642.695353,59.949841,-0.008076,1,0
22.533000,-63.005722,201389.502835,176.689659,201236.811546,56.715653,201799.464172,95.133856,644.383037,-25.332847,647.494361,-145.565901,643.468018,59.938088,-0.007091,1,0
22.567000,-63.329524,201423.231522,176.830752,202323.189261,56.642968,202664.972527,94.592374,643.780202,-24.775883,647.455044,-145.770422,647.027798,59.944080,0.004546,1,0
22.600000,-63.275486,202054.841530,176.597281,201158.042150,56.647697,202820.419276,94.666417,638.970609,-25.404611,639.056158,-145.250335,640.162970,59.945566,0.006637,1,0
22.633000,-63.343231,202511.317883,176.730500,202678.766266,56.784831,200314.726833,94.472005,647.129975,-25.304324,640.819219,-145.420241,644.910427,59.944476,0.005610,1,0
22.667000,-63.361626,203180.957199,176.595375,201432.152206,56.813567,202951.624916,94.590967,644.203193,-25.091673,639.134610,-145.237651,641.648305,59.937755,-0.015123,1,0
22.700000,-63.162036,202793.809192,176.756185,202693.943442,56.627717,201979.116254,94.915352,645.970990,-25.507510,646.474835,-145.649622,644.385167,59.943409,0.000854,1,0
22.733000,-63.377200,202401.907949,176.855606,203236.523715,56.725969,203497.047590,94.428912,648.314621,-25.232567,645.709650,-145.174054,646.436424,59.948233,-0.002160,1,0
22.767000,-63.367460,201691.059732,176.707377,201440.756358,56.410660,202393.490517,94.399120,637.871549,-25.065863,643.149840,-145.519810,645.856596,59.952709,0.000742,1,0
22.800000,-63.397189,203710.713204,176.757583,203122.144680,56.413305,202655.067569,94.638535,641.380196,-24.972386,639.551984,-145.605086,644.812437,59.946233,-0.000028,1,0
22.833000,-63.175314,203788.293677,176.575825,202984.920543,56.701770,204558.188734,94.683842,640.557753,-25.120408,643.473809,-145.165826,644.479332,59.945632,0.003928,1,0
22.867000,-63.213528,203194.085042,176.610359,202490.007843,56.804884,203062.972885,94.913975,636.890559,-25.055533,644.550692,-145.086662,643.630348,59.944379,-0.005490,1,0
22.900000,-63.275907,203137.594213,176.765793,203337.633071,56.554194,202957.167572,94.805826,637.107512,-25.309170,640.978312,-145.354272,640.909575,59.955373,-0.004717,1,0
22.933000,-63.662597,202711.535849,176.602567,204143.020999,56.492569,202343.637318,94.296802,643.007886,-25.320226,641.341015,-145.674830,638.329188,59.948923,0.015893,1,0
22.967000,-63.548152,202919.746911,176.561520,202461.651857,56.440497,202426.091814,94.219591,639.726475,-25.572230,642.992134,-145.454052,651.736757,59.943569,-0.015553,1,0
23.000000,-63.400105,202926.871204,176.640263,202399.141875,56.533631,202106.227433,94.591578,650.692786,-25.286645,640.519736,-145.484100,638.858089,59.949423,-0.000810,1,0
23.033000,-63.447897,203160.546115,176.671102,200555.705474,56.602911,202331.937735,94.613340,639.455026,-25.485767,649.232237,-145.353772,640.228393,59.947421,-0.014534,1,0
23.067000,-63.505612,203995.316520,176.624375,201544.249099,56.515761,200726.562118,94.843753,643.077894,-24.903460,641.285275,-145.639725,640.686632,59.954206,0.007638,1,0
23.100000,-63.347272,203278.984526,176.668563,202682.667284,56.675651,202860.420230,94.633982,650.868092,-25.402053,644.554094,-145.115061,642.227072,59.948795,0.003125,1,0
23.133000,-63.396847,202479.868913,176.498954,203589.372981,56.838183,203721.994305,94.527003,642.001487,-25.551390,640.337156,-145.046225,646.148658,59.957087,-0.003318,1,0
23.167000,-63.546737,202791.175630,176.685029,201701.223962,56.586969,203705.461115,94.481085,643.028260,-25.246258,643.406916,-145.242541,645.450495,59.948285,-0.012111,1,0
23.200000,-63.567277,202612.590604,176.738633,203177.252639,56.586236,203080.712912,94.580149,639.261113,-25.356267,646.276321,-145.660378,643.094987,59.954103,-0.003627,1,0
23.233000,-63.333718,204431.932295,176.607544,202543.381530,56.607472,203064.028619,94.327363,643.321876,-25.341468,646.045994,-145.347106,638.304932,59.953828,-0.003102,1,0
23.267000,-63.459614,202809.038897,176.694323,202328.456573,57.011943,203677.395838,94.488459,645.343665,-25.274866,645.618330,-144.902799,640.245430,59.955433,-0.002948,1,0
23.300000,-63.211415,201643.211940,176.818552,202833.153438,56.802627,202652.817584,94.594382,644.320851,-25.457908,643.693035,-144.656931,650.904913,59.953486,-0.004105,1,0
23.333000,-63.449784,201724.467980,176.481889,202656.008049,56.466342,202763.627903,94.713226,643.699939,-25.380652,639.166366,-145.604670,634.763707,59.955087,0.000909,1,0
23.367000,-63.353082,203129.562030,176.634187,201283.857792,56.674016,202419.155377,94.651638,645.128778,-25.077292,640.684757,-145.324370,637.617665,59.956673,-0.004771,1,0
23.400000,-63.418747,203191.639241,176.576409,202641.771966,56.702919,201807.048496,94.312175,646.520182,-25.483744,638.885509,-145.508237,644.124141,59.953341,-0.001040,1,0
23.433000,-63.302218,202313.891746,176.523618,201517.912278,56.510121,201541.283230,94.493581,646.232888,-25.536769,642.106653,-145.149063,638.384823,59.955523,-0.004398,1,0
23.467000,-63.303363,202029.236261,176.689207,203297.142862,56.603134,201393.454198,94.517727,643.985522,-25.506733,636.611676,-145.296295,642.442234,59.961211,-0.001176,1,0
23.500000,-63.248506,203280.994290,176.505219,202067.494715,56.678670,202638.890786,94.544606,642.213398,-25.397298,641.165864,-145.374611,639.189210,59.964190,-0.003799,1,0
23.533000,-63.086342,201675.717451,176.672043,203103.564544,56.585208,202671.365390,94.901717,639.217575,-25.216509,641.268731,-145.311436,643.611375,59.956641,0.019022,1,0
23.567000,-63.068039,200328.591496,176.832990,203068.368593,56.759446,201833.542316,95.145633,635.878746,-25.085255,648.313470,-145.166681,643.785203,59.959835,-0.009870,1,0
23.600000,-63.269533,202179.911736,176.632989,201789.867472,56.663541,202017.039316,94.557632,649.978486,-25.255383,638.671483,-145.378475,646.547203,59.961770,0.006779,1,0
23.633000,-63.181391,201633.855315,176.735536,202357.609719,56.604899,202807.440943,94.591174,643.381051,-25.046016,642.765759,-145.627484,655.379973,59.956482,0.003311,1,0
23.667000,-63.382068,200451.567606,176.849662,200777.642742,56.613526,202308.980786,94.506897,639.924312,-24.982372,647.956744,-145.261649,648.117620,59.957816,0.000128,1,0
23.700000,-63.149148,201396.502795,176.631681,202776.029565,56.593968,202353.611782,94.815649,646.009312,-25.113351,648.595020,-145.720106,644.378359,59.953134,0.017421,1,0
23.733000,-63.284384,204453.105920,176.631276,202079.488990,56.631753,201340.633369,94.622753,644.614678,-25.432568,650.908638,-145.382648,646.192464,59.953523,-0.007797,1,0
23.767000,-63.294465,204125.536112,176.696312,202664.137741,56.852360,201481.772278,94.592580,644.938113,-25.371476,646.474473,-145.194424,642.507843,59.951887,0.002458,1,0
23.800000,-63.420867,201937.445092,176.648894,201247.435743,56.518101,201004.533450,94.676275,644.463792,-25.397921,646.764760,-145.422267,645.144056,59.957766,-0.009412,1,0
23.833000,-63.374529,201703.082901,176.773974,202811.561716,56.673549,203143.136907,94.641108,647.613607,-25.316381,645.020276,-145.255884,643.379464,59.955201,0.000836,1,0
23.867000,-63.292999,201992.230605,176.883273,202946.262569,56.784775,201669.575467,94.784579,649.350257,-24.878497,650.075053,-145.129387,654.565470,59.950470,0.001384,1,0
23.900000,-63.264528,202560.438438,176.832060,201152.306224,56.833792,202527.744615,94.563504,648.900453,-25.178368,645.409624,-145.284890,648.055151,59.955174,0.012516,1,0
23.933000,-63.296294,202710.962900,176.754556,202693.703264,56.652416,201227.698256,94.712978,655.479362,-25.526222,650.649214,-145.320225,653.668508,59.954759,0.005533,1,0
23.967000,-63.052991,202539.446403,176.748235,201361.138651,56.705969,202310.357487,95.112023,653.849356,-25.409986,650.984804,-145.436821,652.286982,59.958464,0.008585,1,0
24.000000,-63.191401,203228.433316,176.655021,203170.481466,56.613379,203227.592334,94.669713,650.537244,-25.124107,652.127199,-145.444411,650.969727,59.956254,0.011194,1,0
24.033000,-63.338679,202252.676000,176.890296,201444.044508,56.677774,204897.617076,94.992377,648.968222,-25.157060,651.898862,-145.148305,657.491148,59.968420,0.006226,1,0
24.067000,-63.145167,201988.767756,176.772000,202766.977329,56.821969,202055.915876,94.703822,655.239625,-25.127406,657.425883,-145.205476,648.668099,59.969244,-0.000692,1,0
24.100000,-63.299498,201343.339345,176.569417,203030.592291,56.786241,201810.581376,94.771232,655.899138,-25.596384,654.613694,-145.019521,650.051844,59.960536,0.006503,1,0
24.133000,-63.399549,203356.585893,176.646217,200983.741583,56.596869,201951.993285,94.635324,649.555855,-25.094068,650.719841,-145.553169,650.371962,59.965339,0.002603,1,0
24.167000,-63.224589,202819.537748,176.626629,200214.515283,56.537508,203212.528736,94.914877,641.982658,-25.336362,653.903922,-145.203103,649.043999,59.959588,-0.006742,1,0
24.200000,-63.421886,201221.451119,176.675826,201835.470418,56.748878,200625.071867,94.333960,655.090726,-25.216100,650.545805,-145.456755,656.158786,59.965278,-0.003367,1,0
24.233000,-63.220013,202527.771658,176.651278,201136.692200,56.736942,203172.125626,95.079368,659.096397,-25.438348,657.394735,-145.530035,657.055798,59.959859,-0.010579,1,0
24.267000,-63.324264,201717.014063,176.725634,200817.958781,56.627050,201414.752953,94.775840,660.012311,-25.226263,650.967150,-145.479256,652.594409,59.961940,0.019515,1,0
24.300000,-63.546929,200221.182326,176.423358,201599.011872,56.612645,203041.839562,94.508924,651.688963,-25.949722,659.283410,-145.410300,656.932621,59.959351,-0.008990,1,0
24.333000,-63.305707,202506.594838,176.667888,203162.044212,56.580769,201841.902635,94.641872,655.717261,-25.308739,659.706253,-145.603711,653.105484,59.958893,-0.007040,1,0
24.367000,-63.443107,201743.442877,176.654310,201188.477970,56.691766,203655.046016,94.267230,661.339783,-25.221645,660.319486,-145.375969,661.452382,59.961046,-0.008951,1,0
24.400000,-63.401511,202001.799720,176.694393,200772.144139,56.719065,201311.764122,94.495677,659.167127,-25.268308,659.197936,-145.269584,653.362219,59.961698,0.006660,1,0
24.433000,-63.386108,202108.774321,176.657871,199799.118572,56.827403,201078.461016,94.689080,657.972330,-25.697788,655.872865,-145.038875,656.109315,59.962940,-0.000944,1,0
24.467000,-63.419951,201490.064121,176.579522,200685.107444,56.659968,199955.178606,94.858531,654.776716,-25.586553,650.326499,-145.002233,652.041426,59.962934,-0.008047,1,0
24.500000,-63.210499,200443.586155,176.639701,201318.723625,56.722166,201772.353747,94.658873,661.947013,-25.526683,658.632346,-145.524761,655.471090,59.957061,0.006414,1,0
24.533000,-63.579987,201069.699640,176.585832,200119.365103,56.581230,199985.632228,94.610826,654.194386,-25.363787,652.082642,-145.405203,647.802113,59.960757,-0.013798,1,0
24.567000,-63.395934,201259.421240,176.577465,201828.854042,56.355414,202261.346032,94.866027,660.416710,-25.398062,653.250366,-145.633907,658.680627,59.963193,0.006406,1,0
24.600000,-63.280846,201051.602934,176.578873,200443.794707,56.493101,200505.487724,94.727876,657.399236,-25.323532,650.465938,-145.246868,655.610232,59.961888,-0.004324,1,0
24.633000,-63.536089,201868.652464,176.664204,202122.016521,56.515696,201388.994760,94.452512,655.174165,-25.564699,656.639023,-145.669314,658.749379,59.956769,0.009021,1,0
24.667000,-63.494424,201844.995986,176.746299,201541.615038,56.704678,201258.294375,95.027027,655.993007,-25.122458,657.435926,-145.498732,659.205731,59.961582,0.003296,1,0
24.700000,-63.479639,202176.161349,176.697189,202419.258466,56.633512,201586.371048,94.582795,661.863744,-25.066013,654.094769,-145.680366,652.576300,59.961060,-0.009073,1,0
24.733000,-63.406799,199917.545263,176.755105,201591.389769,56.737643,200755.391304,94.500259,642.994181,-25.109940,648.924865,-145.160884,654.732483,59.953884,-0.002986,1,0
24.767000,-63.454184,201736.072034,176.542385,200962.488997,56.506122,201338.375159,94.421409,655.599170,-25.510693,655.539890,-145.355174,652.311728,59.955954,0.010960,1,0
24.800000,-63.182574,199677.383626,176.789784,201958.255652,56.639224,201100.163454,94.993624,653.781176,-25.341071,653.533439,-145.262002,653.621207,59.957387,0.004245,1,0
24.833000,-63.299507,201481.528281,176.530906,202857.123928,56.802575,202611.719830,94.800764,665.042756,-25.446098,651.214028,-145.285522,662.916345,59.951992,-0.008924,1,0
24.867000,-63.430732,201946.439625,176.699700,201738.859510,56.579775,201907.562569,94.630408,650.832668,-24.996317,654.792199,-145.243050,658.546898,59.960030,-0.007983,1,0
24.900000,-63.609103,200995.419536,176.489069,200351.798721,56.639160,200926.013122,94.445520,660.360875,-25.571120,660.402060,-145.413339,660.598199,59.960128,-0.003080,1,0
24.933000,-63.238482,200029.217212,176.601851,199730.049571,56.536028,202433.493378,94.717726,656.053689,-25.574248,654.649839,-145.152914,661.550808,59.952573,0.010423,1,0
24.967000,-63.502133,200518.684136,176.753654,201441.632543,56.522942,201065.933977,94.350207,653.007385,-25.345853,661.887702,-145.594469,655.407277,59.948803,0.006051,1,0
25.000000,-63.519314,201257.633957,176.708692,200735.894070,56.734597,199938.409248,94.542315,652.205520,-25.510523,653.069302,-145.272988,659.373144,59.950587,-0.005041,1,0
25.033000,-63.475560,201266.810605,176.681407,201172.487506,56.669068,201980.438564,94.410827,653.907908,-25.640342,652.484286,-145.008521,646.305347,59.955733,-0.001154,1,0
25.067000,-63.063229,201347.952537,176.537642,201468.503509,56.619563,201771.621426,94.625696,653.580816,-25.879378,649.882130,-145.223034,652.668303,59.956878,-0.002709,1,0
25.100000,-63.433345,201503.298901,176.708905,201960.626507,56.620925,201652.953977,94.386591,652.016820,-25.439965,652.726062,-145.309358,648.408564,59.951900,0.002138,1,0
25.133000,-63.281399,201974.475633,176.509256,200852.411426,56.603944,201230.587922,94.827575,650.343917,-25.393838,655.305789,-145.027254,650.454821,59.951397,0.013998,1,0
25.167000,-63.335482,200646.282154,176.672752,201380.155710,56.457337,199242.527400,94.701205,646.148492,-25.726564,654.586089,-145.611374,651.360803,59.950333,-0.001780,1,0
25.200000,-63.300915,201190.113791,176.792277,200283.468079,56.637920,200859.503008,94.255204,652.909517,-25.425941,649.191319,-145.258877,648.698815,59.957072,0.009116,1,0
25.233000,-63.239967,201756.588348,176.908868,201765.650215,56.868260,202075.217501,94.421676,648.851285,-25.444838,652.407085,-145.122463,655.998676,59.962004,0.006692,1,0
25.267000,-63.384883,202545.301709,176.613317,200355.438233,56.795141,201022.197228,94.573218,649.672296,-25.197160,648.782424,-145.070637,658.207815,59.949776,-0.004732,1,0
25.300000,-63.381896,202074.343529,176.887469,200586.303155,56.845808,200629.079997,94.807996,653.039222,-24.758335,649.895459,-145.111871,657.787943,59.956565,0.004117,1,0
25.333000,-63.356496,201573.793520,176.793609,200236.762577,56.622799,202494.162174,94.885048,654.854133,-25.427526,648.750773,-145.394410,647.446268,59.949364,0.005915,1,0
25.367000,-63.255214,200666.810661,176.773266,201796.627494,56.901422,201186.170206,94.556497,643.269519,-25.132920,652.119191,-145.122369,652.998037,59.953502,0.000855,1,0
25.400000,-63.292564,201822.088263,176.839677,202449.449840,56.712501,202057.649108,94.601452,652.873979,-24.988421,648.194130,-145.369551,652.710601,59.949799,-0.002936,1,0
25.433000,-63.189976,202819.341010,176.715111,200120.655044,56.941521,201950.134810,95.071597,654.327397,-25.616249,664.194349,-145.101856,650.521423,59.952843,-0.011800,1,0
25.467000,-63.337544,201950.167757,176.658699,199683.307992,56.706989,203099.348584,94.619808,656.326557,-25.177980,654.137138,-145.089252,658.056533,59.958740,0.003278,1,0
25.500000,-63.242083,202125.128387,176.753471,201767.174576,56.620090,200754.509309,94.660336,654.337755,-25.245590,649.538479,-145.540211,659.969543,59.950675,-0.001319,1,0
25.533000,-63.293444,201476.152210,176.552366,203070.520364,56.834794,202419.589664,94.698517,655.761729,-25.500848,660.961403,-144.940361,657.029011,59.953559,0.006805,1,0
25.567000,-63.394106,202274.920639,176.603111,200560.937989,56.657017,201551.102865,94.887701,653.284055,-25.469979,657.023555,-145.314554,657.349561,59.956925,0.006773,1,0
25.600000,-63.539864,201207.116480,176.669990,200887.338550,56.544612,201352.643377,94.705752,644.611625,-25.434411,660.277174,-145.682563,652.144912,59.957596,-0.014655,1,0
25.633000,-63.352898,203277.271467,176.616056,202145.917396,56.593242,202542.108558,94.671844,647.501209,-25.356361,658.786818,-145.525308,653.943351,59.959715,0.010979,1,0
25.667000,-63.361401,200666.945885,176.628906,199913.406034,56.683448,201491.212505,94.460866,654.294698,-25.453247,653.327696,-145.648808,654.076343,59.955491,0.003714,1,0
25.700000,-63.336527,201334.406990,176.441724,202309.827154,56.427625,201131.779507,94.714559,657.021502,-25.498246,654.930137,-145.438949,658.784730,59.957911,0.013692,1,0
25.733000,-63.406358,201878.808364,176.711225,200436.918387,56.564767,201965.924008,94.409526,657.371859,-25.145607,654.895518,-145.469477,660.908090,59.951543,0.003342,1,0
25.767000,-63.301938,201333.676739,176.792902,203178.405800,56.486954,201461.650834,94.830984,652.594005,-25.263737,648.585625,-145.269479,643.712198,59.957587,0.003075,1,0
25.800000,-63.344963,201043.671737,176.632095,202188.612036,56.695546,202647.169360,94.591807,646.227521,-25.635992,658.558986,-145.375654,653.617326,59.962316,0.002089,1,0
25.833000,-63.224162,201116.020779,176.827930,201209.026871,56.703752,201755.241040,94.769532,648.655802,-25.174550,646.974402,-145.116014,650.968579,59.954477,-0.005135,1,0
25.867000,-63.392547,201805.134246,176.619993,201758.522880,56.636621,202515.703433,94.615916,654.127435,-25.470514,648.924236,-145.190711,659.157374,59.957923,0.007859,1,0
25.900000,-63.327640,202451.185300,176.815074,199390.418607,56.509552,202842.255316,94.705617,653.226355,-25.231404,657.640191,-145.814698,658.534267,59.962407,0.000539,1,0
25.933000,-63.212850,201331.170487,176.747673,201558.166968,56.803415,202193.446095,94.686726,656.041063,-25.403659,654.407765,-145.235721,654.722613,59.958255,-0.002411,1,0
25.967000,-63.163563,201712.633542,176.783689,202122.368483,56.609194,202471.130019,95.007283,656.776359,-25.160035,658.593602,-145.458701,653.792227,59.956070,-0.003549,1,0
26.000000,-63.074476,201318.833411,176.619233,202618.611397,56.705820,202087.122721,94.912717,658.414268,-25.430413,658.109478,-145.079959,662.545991,59.959674,0.004008,1,0
26.033000,-63.203944,201396.736204,176.730579,201603.293344,56.719649,202340.048179,94.640151,655.870069,-24.920529,659.002497,-145.321244,664.176630,59.957639,0.005741,1,0
26.067000,-63.326321,200765.421510,176.734018,201260.823000,56.820472,199922.677914,94.386276,660.047031,-24.978619,664.768447,-145.235217,657.506665,59.960841,-0.005824,1,0
26.100000,-63.069954,203482.993444,176.827315,201719.330719,56.664322,202638.387616,95.037578,658.348316,-25.225751,658.911551,-145.368994,655.664472,59.961356,0.002717,1,0
26.133000,-63.366850,202706.329315,176.797750,200680.179096,56.911160,202456.099705,94.718413,663.442390,-25.357540,656.694778,-145.084356,667.122141,59.961534,0.000553,1,0
26.167000,-63.229970,200814.361267,176.730129,202140.894391,56.717717,201674.129498,94.725732,662.773053,-25.195858,665.629354,-145.187967,658.001734,59.962649,-0.005974,1,0
26.200000,-63.360225,200815.263573,176.681643,201069.231791,56.631151,202749.939524,94.504241,660.617014,-25.468365,659.492012,-145.573881,661.448403,59.955869,0.002562,1,0
26.233000,-63.305748,201506.859322,176.755663,200490.653238,56.818310,200465.227151,94.634111,659.386990,-25.227286,659.819042,-145.281513,667.458059,59.951243,-0.003188,1,0
26.267000,-63.305113,200543.041668,176.803236,200088.171400,56.612811,202197.319466,94.414014,661.387088,-25.262336,660.310621,-145.621139,667.017476,59.953843,-0.000609,1,0
26.300000,-63.170435,202146.136248,176.802160,200756.168606,56.644022,203307.202442,94.554385,657.765590,-25.094541,656.858196,-145.289680,662.146559,59.940422,0.002926,1,0
26.333000,-63.248714,202588.644102,176.774708,200499.803643,56.641264,200530.430671,94.595591,655.117025,-25.221402,662.102881,-145.628255,658.207114,59.949384,-0.004158,1,0
26.367000,-63.224278,203010.760019,176.626366,202883.993218,56.753418,201541.036706,94.727623,669.566715,-25.310959,658.489498,-145.545362,667.031869,59.955416,-0.001352,1,0
26.400000,-63.230606,202520.705157,176.797441,201096.226813,56.748501,200500.101481,94.970779,658.358270,-25.318770,660.057626,-144.798660,665.735416,59.945293,-0.008153,1,0
26.433000,-63.182623,201776.630947,176.725678,201394.857350,56.621296,202648.604448,94.521793,655.802076,-25.250898,664.949067,-145.426798,666.771519,59.940211,-0.001732,1,0
26.467000,-63.377235,201955.588847,176.688767,203131.045132,56.779239,202158.564230,94.911087,661.291054,-25.275806,656.706156,-145.543688,657.586464,59.943423,-0.000410,1,0
26.500000,-63.302277,200150.566143,176.591680,202590.930579,56.528058,201272.808898,94.846447,659.612416,-25.528618,661.998596,-145.442307,660.337076,59.948908,0.009725,1,0
26.533000,-63.413336,199735.121333,176.503175,203251.528172,56.764093,201693.883257,94.818448,659.933391,-25.552563,663.208122,-145.191855,663.329390,59.939433,0.003960,1,0
26.567000,-63.449852,202394.781347,176.937921,203064.473180,56.718422,201175.710663,94.522489,657.777320,-25.007460,664.930036,-145.302434,657.994656,59.952199,-0.006424,1,0
26.600000,-63.258216,201871.534229,176.801865,200340.380896,56.988403,200183.515029,94.709831,663.823272,-25.317914,666.493038,-145.105961,665.728532,59.948746,0.003409,1,0
26.633000,-63.227452,202828.209851,176.896780,202500.704307,56.690488,201586.053853,94.875846,661.925253,-25.423946,659.359718,-145.455469,666.683929,59.945288,-0.007788,1,0
26.667000,-63.194215,203466.437352,176.624719,202264.437981,56.616222,202653.984381,94.474147,665.534213,-25.568952,660.451781,-145.340090,666.503905,59.956264,0.001968,1,0
26.700000,-63.485204,201840.519649,176.501777,201640.435957,56.613955,202478.424732,94.065896,667.366629,-25.199842,666.441774,-145.470954,667.690646,59.958670,-0.003431,1,0
26.733000,-63.393343,203231.502350,176.659553,200906.064410,56.731966,202352.088665,94.717528,670.668593,-25.442711,662.837483,-145.361704,669.784827,59.954220,0.010796,1,0
26.767000,-63.399840,199674.918305,176.786104,201140.602220,56.607968,200869.623693,94.472336,668.287706,-25.410697,668.535084,-145.174551,669.002282,59.957471,0.007937,1,0
26.800000,-63.371222,201931.343080,176.736379,201728.090633,56.523561,202365.136797,94.704746,666.461186,-25.037068,669.802206,-145.452562,667.654457,59.946117,-0.000787,1,0
26.833000,-63.504623,201301.303517,176.760145,200581.579010,56.645164,201589.677445,94.643710,662.817950,-25.410759,666.165614,-145.829677,667.134251,59.955698,0.014931,1,0
26.867000,-63.399544,202706.516109,176.620030,202665.822436,56.501382,202821.678142,94.409557,664.269280,-25.588997,662.439810,-145.806690,660.174174,59.951795,-0.009492,1,0
26.900000,-63.193094,201775.499971,176.494690,202701.223118,56.630135,202450.749439,94.955778,668.233554,-25.185368,660.423537,-145.490052,663.609168,59.953770,-0.001586,1,0
26.933000,-63.328561,202086.533658,176.683315,200961.401184,56.675623,200759.445037,94.584375,661.866286,-24.881607,667.872500,-145.240760,670.070691,59.952717,-0.004549,1,0
26.967000,-63.363530,202908.512559,176.735690,202046.824055,56.726109,203058.210495,94.646797,669.649113,-25.354578,663.914420,-145.373064,670.252339,59.952196,-0.000548,1,0
27.000000,-63.181524,202655.144047,176.863866,204062.717120,56.575614,201345.162959,95.043883,660.754097,-24.864374,660.956787,-145.724541,657.815165,59.945666,-0.007756,1,0
27.033000,-63.378356,202502.543217,176.771748,203424.099763,56.633586,203494.893318,94.741915,665.418446,-24.920984,660.919182,-145.270974,661.209154,59.939271,-0.005032,1,0
27.067000,-63.275385,201871.056572,176.622374,202356.949022,56.674037,204057.910127,94.825488,666.133350,-25.459176,656.161831,-145.228311,664.985837,59.947720,-0.009608,1,0
27.100000,-63.159435,201458.420323,176.776605,200303.062971,56.866157,202182.637343,95.065360,663.735845,-25.040431,660.556720,-145.120111,662.523216,59.947517,0.010171,1,0
27.133000,-63.331872,202031.806763,176.744207,202655.897289,56.757049,201217.188610,94.828024,655.083954,-24.844906,664.281441,-145.122142,673.599873,59.953864,-0.004396,1,0
27.167000,-63.255905,203293.246962,176.671694,200571.111447,56.595103,201773.329201,94.649391,662.401636,-25.303331,664.382853,-145.310308,665.636967,59.942557,-0.011173,1,0
27.200000,-63.264909,200977.215200,176.574715,202791.557026,56.715312,200367.014361,94.877755,662.413793,-25.222959,668.505328,-145.065288,662.779963,59.941269,0.005308,1,0
27.233000,-63.277220,202621.095887,176.669599,201472.741265,56.649880,203398.251821,94.818819,663.666547,-25.463232,669.120342,-145.039464,662.758268,59.944918,0.007406,1,0
27.267000,-63.273685,200840.583509,176.697255,200887.716910,56.776097,202825.519638,94.516392,661.877747,-25.138325,668.665456,-145.530616,666.465862,59.937411,-0.005640,1,0
27.300000,-63.226241,201269.195769,176.709516,201392.612670,56.849303,200197.710481,94.867069,663.165801,-25.219882,657.910375,-145.181740,665.596861,59.938679,-0.022422,1,0
27.333000,-63.113551,201653.857416,176.746704,200164.012049,56.893582,200556.030720,94.915955,667.079284,-25.295478,658.675289,-145.011216,668.093204,59.936297,0.003602,1,0
27.367000,-63.260569,200576.744449,176.760497,201735.238015,56.853135,201973.470753,94.629497,665.100986,-24.993779,663.542165,-145.034566,665.020608,59.936229,0.007697,1,0
27.400000,-63.106397,198796.245196,176.769733,200480.807093,56.699240,202852.464802,95.058431,657.520358,-25.049403,659.452747,-145.533719,664.216377,59.938708,0.001425,1,0
27.433000,-63.242091,201856.919762,176.875038,200300.682248,56.932662,202262.358604,94.639128,663.071572,-25.139564,664.999808,-145.283039,664.121895,59.940895,0.011388,1,0
27.467000,-63.101969,201228.352836,176.633457,199192.110105,56.822959,202168.500947,95.130028,665.050668,-25.283427,654.255084,-145.209237,665.323846,59.940057,0.011167,1,0
27.500000,-63.045565,201172.750670,176.869686,202337.651597,56.795354,202222.883891,94.714520,664.777112,-24.990813,664.354903,-145.326009,660.086671,59.935155,-0.007540,1,0
27.533000,-63.208447,201786.781116,176.926428,201841.296644,56.906847,201826.331194,94.700009,667.468805,-25.017540,660.812914,-145.038039,654.211284,59.936985,-0.006071,1,0
27.567000,-63.069206,201081.436705,176.666574,201886.138724,56.799240,199707.025963,94.983758,660.492079,-25.318628,658.228956,-145.430940,667.088814,59.940400,-0.003864,1,0
27.600000,-63.117725,202561.028505,176.710481,200645.634246,56.736921,203295.466945,95.089484,656.190359,-25.106449,658.327881,-145.064186,659.022208,59.946997,-0.002787,1,0
27.633000,-63.184624,202060.401482,176.667856,202981.535349,56.852884,201557.370336,94.496991,660.015367,-25.406524,659.975589,-145.086734,665.364739,59.940677,-0.000543,1,0
27.667000,-63.107865,203758.408281,176.917449,201547.789296,56.808099,202828.651909,94.950672,666.337776,-24.998279,664.813487,-145.161624,660.559575,59.945138,0.004907,1,0
27.700000,-63.200865,200074.231217,176.803520,201846.618043,56.900096,202506.869123,94.971874,664.227207,-25.462980,660.084920,-144.799398,658.636738,59.936571,-0.006784,1,0
27.733000,-63.182675,202864.706479,176.897507,202143.049896,56.830935,200479.915738,94.686673,658.309428,-25.139418,660.877007,-145.427646,659.163778,59.944389,-0.006715,1,0
27.767000,-63.276650,201597.811185,176.648598,200706.503347,56.840987,201641.773644,94.545704,656.982211,-25.225107,656.030330,-145.479750,653.008160,59.943801,-0.001739,1,0
27.800000,-63.162160,202199.118293,176.695834,203369.311587,56.902877,202443.675997,94.891686,656.975402,-25.416657,664.000673,-145.364268,658.241418,59.944027,0.007725,1,0
27.833000,-63.095604,202185.528192,176.827875,201489.601770,56.812910,201644.687914,94.921436,652.577643,-25.424620,655.035932,-145.177533,655.699187,59.952518,0.000261,1,0
27.867000,-63.259352,201572.587145,176.955545,201029.848504,56.844441,201299.464743,95.085066,657.578209,-25.277296,655.561256,-145.725954,656.213643,59.945014,0.004973,1,0
27.900000,-63.042122,200519.007458,176.824059,200083.290569,56.670430,203629.179698,94.964177,657.354662,-25.057728,662.885969,-145.368679,656.191730,59.944986,0.001605,1,0
27.933000,-63.108990,200768.380399,176.727736,203906.753512,56.769122,203638.194548,95.145934,659.449314,-25.295098,658.402546,-145.472245,662.330751,59.945614,-0.000023,1,0
27.967000,-63.004568,202098.646326,176.756750,201460.911113,56.840918,202496.652328,94.894021,658.281497,-25.343783,658.757425,-145.572672,657.489043,59.945888,-0.006506,1,0
28.000000,-63.298355,202364.741158,176.884677,202166.034123,56.647365,201446.848293,94.831219,659.255174,-24.707491,656.667764,-145.546874,662.372133,59.946829,0.007166,1,0
28.033000,-63.188616,200972.377306,177.004858,200157.164678,56.881427,201435.021298,94.646979,663.032329,-25.372064,652.097680,-144.708455,662.769602,59.945443,-0.014240,1,0
28.067000,-63.207110,203425.829811,177.026581,200877.453801,56.743030,200541.241757,94.786025,664.074505,-24.823611,655.274062,-145.258986,655.200225,59.949259,-0.000597,1,0
28.100000,-63.285269,199760.164562,177.092060,202457.352303,56.877257,200370.497172,94.624564,671.408626,-25.078783,662.566550,-145.052145,660.100137,59.940456,0.009386,1,0
28.133000,-63.236577,202524.116176,176.691592,201381.468045,56.676193,200739.618784,94.624817,663.521813,-25.271074,664.367190,-145.693118,665.251946,59.948619,-0.008505,1,0
28.167000,-63.306018,200253.701283,176.909125,201752.950086,56.816929,203847.906105,94.347524,658.967326,-25.132074,664.494956,-145.113319,664.150278,59.946637,-0.004448,1,0
28.200000,-63.143270,200003.018342,176.900178,201101.738042,56.845721,202896.680809,94.766250,662.088744,-24.939984,663.138706,-145.340687,658.239814,59.945521,-0.002726,1,0
28.233000,-62.988626,199271.435325,176.771341,200332.699974,56.717989,201356.090872,95.018427,656.850432,-25.351799,657.769632,-145.148033,660.498885,59.934792,0.001639,1,0
28.267000,-63.256445,202671.320452,176.668970,201015.798691,56.990764,201488.020721,94.305958,653.270792,-25.280276,659.557483,-144.788749,661.324724,59.942336,0.007274,1,0
28.300000,-63.313991,202470.500186,176.859618,200959.403721,56.990418,201000.019455,94.657819,653.773880,-25.354366,651.929859,-145.175456,663.720359,59.940437,0.017980,1,0
28.333000,-63.124673,201759.180149,176.820100,200890.622439,56.859651,202202.030270,94.991471,661.234940,-25.006991,658.033720,-145.292636,657.626788,59.936740,0.003661,1,0
28.367000,-63.194656,200893.036770,176.983276,201195.181529,56.888419,201956.223809,94.461844,657.592393,-25.034801,655.809621,-145.024717,656.075880,59.934164,-0.010286,1,0
28.400000,-63.445222,201616.995743,176.690704,202545.949794,56.705320,201939.704002,94.493124,653.139956,-25.399866,658.539625,-145.297069,654.491146,59.937025,-0.000995,1,0
28.433000,-63.308903,202294.296375,177.004752,200652.509284,56.802093,201432.738977,94.599428,651.759467,-24.969327,659.906191,-145.704600,657.222940,59.942721,0.008784,1,0
28.467000,-63.209713,202331.968357,176.850265,200994.856694,56.856259,201388.221005,94.808908,650.095806,-25.247334,660.630264,-145.362792,659.680789,59.935823,-0.004135,1,0
28.500000,-63.054773,202468.420308,176.843664,202265.218065,56.845080,201414.055443,94.866721,659.260920,-25.502302,652.947996,-145.516980,655.989429,59.936982,0.004861,1,0
28.533000,-63.180159,201826.817718,176.747523,202995.948964,56.526975,202264.402866,94.724067,658.004886,-25.108228,658.935503,-145.477944,652.943744,59.939535,0.007994,1,0
28.567000,-63.140663,200946.493449,176.927873,201158.501166,56.736929,201194.171168,94.780853,658.591524,-25.000916,652.845090,-145.479073,658.377339,59.947466,0.005517,1,0
28.600000,-63.129767,203794.115728,176.849320,201876.030428,56.829782,203135.812961,94.749421,655.663127,-25.503305,655.022800,-145.121588,655.159224,59.945855,0.005275,1,0
28.633000,-63.399183,204039.610004,176.924571,201837.508720,56.857963,203772.850970,94.353298,656.196912,-25.162586,653.379346,-145.110161,655.446599,59.945906,0.000466,1,0
28.667000,-63.174638,201422.749141,176.862811,203299.534382,56.785865,200899.256222,94.587345,654.015094,-25.077667,659.482055,-145.178250,657.730396,59.944534,0.006482,1,0
28.700000,-63.410531,202292.680615,176.658724,202752.763369,56.699824,202071.548482,94.568247,654.987756,-24.887814,657.661849,-145.426356,654.330148,59.939632,0.003392,1,0
28.733000,-63.290679,202762.618450,176.777477,201901.063048,56.786461,203682.920945,94.814305,664.212444,-25.072917,659.018099,-145.156562,655.623431,59.938184,-0.001410,1,0
28.767000,-63.251275,202502.869255,176.809533,203230.398570,56.736406,203688.269702,94.810920,658.807303,-25.172937,653.017484,-145.148817,654.767839,59.933670,0.006343,1,0
28.800000,-62.956335,200990.043337,176.799998,201472.175063,56.660817,202050.035104,95.002495,658.335221,-25.040025,653.349881,-145.367376,654.660026,59.934412,0.002418,1,0
28.833000,-63.198375,202539.466154,176.598078,201547.126098,56.851383,203110.514146,94.814061,653.185174,-25.084359,661.676405,-145.030054,659.377944,59.942565,0.000341,1,0
28.867000,-63.415078,203669.469489,176.711935,202650.142307,56.845424,203624.737110,94.563376,660.302972,-25.498968,658.006944,-145.106249,659.532880,59.937794,-0.001323,1,0
28.900000,-63.199688,202058.805907,176.811366,201497.680172,56.780198,202295.222537,94.975147,664.982917,-25.270092,659.671047,-145.270929,655.849966,59.939429,-0.003465,1,0
28.933000,-63.160463,204089.049530,176.926900,203140.013786,56.749523,201950.511528,94.868431,656.794748,-24.590699,660.517022,-145.519415,663.285784,59.941793,0.007406,1,0
28.967000,-63.045407,204026.349866,176.806175,201879.939573,56.625080,202414.898911,94.640650,659.380800,-25.392394,654.892943,-145.459841,657.499738,59.940218,-0.001060,1,0
29.000000,-63.093792,202210.597217,176.672399,201928.622518,56.639815,203075.376436,94.982870,663.552945,-25.442460,662.523325,-145.289729,662.711088,59.938353,-0.013042,1,0
29.033000,-63.100274,202648.172936,176.755733,202494.693939,56.877910,204198.547952,94.639430,657.440811,-25.170798,663.106098,-145.321165,663.686918,59.927916,-0.008628,1,0
29.067000,-63.093850,203366.746713,176.821403,201798.655043,56.756412,203895.899132,95.079204,654.302059,-25.079631,655.277118,-145.334930,654.407279,59.933973,0.010060,1,0
29.100000,-63.251530,202632.599063,176.608247,202342.596074,56.711633,201087.701160,94.716156,661.335435,-25.473494,657.946133,-145.281733,657.587268,59.942001,-0.002069,1,0
29.133000,-63.344279,202273.168143,176.745867,204909.504516,56.796571,204298.664985,94.613863,659.103572,-25.131939,655.001953,-145.117605,657.115565,59.941147,-0.004979,1,0
29.167000,-63.146836,202801.799897,176.830361,204349.476596,56.721704,202884.756535,94.788677,665.783873,-24.911920,665.409205,-145.173281,666.489518,59.942497,-0.008969,1,0
29.200000,-63.308954,203603.045427,176.762056,202435.933061,56.595373,205003.374422,94.613789,663.320785,-25.461241,660.195348,-145.539184,664.073676,59.941725,-0.002090,1,0
29.233000,-63.325708,202113.623285,176.839641,201833.704133,56.793302,202167.776609,94.378713,653.250351,-25.444560,661.964109,-145.244386,651.703863,59.938980,0.009484,1,0
29.267000,-63.270459,201009.399490,176.886484,203706.345424,56.637254,203092.433494,95.002478,664.939557,-25.123966,659.493682,-145.390722,663.962388,59.943993,0.014968,1,0
29.300000,-63.117331,203962.166171,176.860638,201860.535896,56.681724,202419.071730,95.221677,658.167783,-24.918845,654.708899,-145.146477,659.366019,59.940673,-0.003949,1,0
29.333000,-63.257967,202600.474953,176.874624,203228.296636,56.981018,202777.852187,94.700502,665.772989,-25.196617,658.918763,-144.793871,656.367639,59.952912,-0.010784,1,0
29.367000,-63.103722,201719.135428,176.876808,203302.991540,57.068640,202632.044593,95.057754,666.000573,-24.844092,656.430881,-144.813800,661.144105,59.939764,-0.000052,1,0
29.400000,-63.149442,203676.924770,176.901547,202169.113755,56.840745,203577.014567,94.916423,664.807636,-25.051749,666.170478,-145.145429,661.185688,59.940739,-0.011831,1,0
29.433000,-63.202182,202322.583324,176.773137,204692.028437,56.846504,203579.129698,94.720660,668.496156,-25.316765,661.228547,-145.286593,664.494941,59.946718,-0.004646,1,0
29.467000,-62.973283,204139.291154,176.885321,203562.386890,56.846815,202808.048429,94.855424,660.148650,-25.183712,659.218940,-145.137983,662.738992,59.947372,-0.010782,1,0
29.500000,-63.118294,202882.267796,176.703359,204462.692752,56.979119,203290.380551,94.818603,659.666446,-25.167263,660.221077,-145.229211,658.553985,59.950158,-0.006475,1,0
29.533000,-63.297680,202758.806708,176.758741,203027.566792,56.747842,205595.399169,94.827578,663.207817,-25.280404,656.094780,-145.207291,657.420690,59.939679,0.000735,1,0
29.567000,-63.355100,203236.386396,176.997795,203938.660415,56.788521,202185.441101,94.436435,666.729582,-24.933583,651.306932,-145.171112,662.213556,59.949454,0.008146,1,0
29.600000,-63.265500,202636.311543,176.760938,202785.737284,56.635540,204927.349082,94.706479,658.756976,-25.415131,663.289806,-145.273960,657.102391,59.942248,0.000586,1,0
29.633000,-63.219083,203066.748235,176.725944,201608.160921,56.866339,201548.754416,94.437877,662.003065,-25.207486,658.702242,-144.926445,657.187551,59.945454,0.000787,1,0
29.667000,-63.324819,202949.588464,176.498884,202832.277373,56.617571,203351.748540,94.463156,658.876634,-25.387761,653.625784,-145.320884,655.890301,59.940122,-0.006064,1,0
29.700000,-63.392443,201764.711375,176.652373,203663.531493,56.726837,203680.730639,94.910284,663.426529,-25.186553,658.199993,-145.377980,651.634752,59.941861,0.000099,1,0
29.733000,-63.278425,202773.070185,176.874554,202122.094914,56.789288,203799.175708,94.739202,656.283965,-25.248163,653.959839,-145.295560,658.489910,59.942994,-0.001909,1,0
29.767000,-63.236369,203193.871136,176.898316,203761.291176,56.751121,203959.477147,94.865788,662.095917,-25.110067,655.354006,-145.149938,662.123758,59.954699,0.000102,1,0
29.800000,-63.233550,205121.771428,176.733301,203907.643465,56.662112,202479.275787,94.562984,660.429419,-25.164832,658.794800,-145.411858,660.556194,59.945700,-0.000110,1,0
29.833000,-63.298653,202717.377380,176.748162,205638.898880,56.643762,203260.908856,94.699195,654.191150,-25.207087,656.323267,-145.161396,662.409566,59.952655,0.003199,1,0
29.867000,-63.205494,201767.980991,176.726717,204190.640147,56.701644,202554.055822,95.003671,658.783083,-25.288449,664.612668,-145.085171,665.036497,59.955080,0.008713,1,0
29.900000,-63.145612,204242.360993,176.711674,202882.600405,56.603284,203138.350201,94.861975,656.541289,-25.589389,664.731827,-145.131670,656.350731,59.948319,0.010152,1,0
29.933000,-63.412398,202830.525643,176.805337,202041.113773,56.801157,201481.245904,94.630297,665.303121,-25.333282,662.249113,-145.130788,658.567238,59.946489,-0.007426,1,0
29.967000,-63.214353,203352.754392,176.695073,201887.653718,56.714993,202248.282226,94.790168,659.118445,-25.137499,661.230721,-144.977344,666.166488,59.954193,0.011271,1,0
30.000000,-63.110903,202272.269353,176.771213,203679.801964,56.863368,203185.070859,95.161781,655.045413,-25.286674,660.012831,-145.018535,660.702241,59.957936,-0.012642,1,0
