TIMESTAMP,BUS24_VA_ANG,BUS24_VA_MAG,BUS24_VB_ANG,BUS24_VB_MAG,BUS24_VC_ANG,BUS24_VC_MAG,BUS24_IA_ANG,BUS24_IA_MAG,BUS24_IB_ANG,BUS24_IB_MAG,BUS24_IC_ANG,BUS24_IC_MAG,BUS24_Freq,BUS24_ROCOF,DATA_PRESENT,Event
0.000000,-60.660390,208392.490488,179.435328,205866.991511,59.248266,208923.979346,97.382430,687.972407,-22.544034,688.069195,-142.811985,674.651456,59.958604,0.002515,1,0
0.033000,-60.682792,208008.289919,179.086328,207591.415972,59.422217,207044.869714,97.249256,683.566712,-22.806245,688.264327,-142.507671,682.425263,59.960732,-0.004163,1,0
0.067000,-60.687204,208321.585658,179.301608,206824.590795,59.157049,206117.856273,97.379861,687.533303,-22.761182,683.112497,-142.531292,692.599350,59.964125,-0.002439,1,0
0.100000,-60.638500,206588.663436,179.167837,209666.753251,59.196805,205798.355784,97.272006,684.505547,-22.778214,690.016393,-142.878659,685.497923,59.964177,0.009811,1,0
0.133000,-60.637014,208521.128940,179.453689,206452.147455,59.357128,205818.026062,97.402867,680.656848,-22.465878,689.566541,-142.720996,689.267434,59.963447,-0.003716,1,0
0.167000,-60.617729,207766.328402,179.260924,206899.973926,59.303634,206548.831437,97.300914,688.153646,-22.805476,688.360496,-142.666429,683.966060,59.959714,-0.001604,1,0
0.200000,-60.630234,207183.443504,179.449894,207469.117508,59.262105,206956.735512,97.180888,688.886208,-22.590193,686.217635,-142.767918,688.892577,59.959870,0.009098,1,0
0.233000,-60.606608,208005.350688,179.428265,206920.720507,59.446900,208235.095826,97.322278,687.411285,-22.733899,681.865788,-142.666900,690.618195,59.954820,0.005615,1,0
0.267000,-60.464188,207675.034616,179.443053,208407.592225,59.512240,209379.399666,97.757106,687.071036,-22.237640,682.682029,-142.468987,684.152935,59.959667,0.004504,1,0
0.300000,-60.438333,207249.581339,179.309442,207886.394329,59.409729,207901.702061,97.741459,685.530095,-22.859681,676.071967,-142.502788,677.000768,59.961018,0.005821,1,0
0.333000,-60.716479,207163.930888,179.286293,208023.633875,59.471301,208986.288278,97.295901,684.605333,-22.706285,690.967639,-142.191035,682.897783,59.950594,-0.010337,1,0
0.367000,-60.550437,207125.156231,179.295107,206835.675213,59.371339,207136.108476,97.493066,688.109615,-22.578291,682.272863,-142.547359,685.406012,59.952035,0.008242,1,0
0.400000,-60.544929,206904.211766,179.488308,207406.149101,59.334712,208447.130979,97.374300,686.593789,-22.238665,684.281464,-142.805629,686.001526,59.954968,0.000758,1,0
0.433000,-60.714821,209305.297738,179.443775,208294.412713,59.387213,206524.978592,97.379086,686.200639,-22.737940,680.927046,-142.772242,682.320649,59.948132,-0.011862,1,0
0.467000,-60.614777,207368.590421,179.482533,208122.407758,59.394816,206458.094248,97.600503,681.231201,-22.340720,690.830577,-142.512703,687.726040,59.958957,0.009047,1,0
0.500000,-60.423876,207465.483146,179.517200,207234.642202,59.471299,208809.252468,97.485358,680.714428,-22.569815,687.641458,-142.489005,688.960779,59.956504,0.002087,1,0
0.533000,-60.506436,206804.120750,179.430207,209071.354411,59.449378,208337.373537,97.549908,673.578281,-22.782718,681.559795,-142.359351,682.939439,59.956504,0.001294,1,0
0.567000,-60.586612,208633.179750,179.530040,207333.947168,59.442733,206978.209175,97.328507,687.861689,-22.323888,682.263838,-142.336445,692.333274,59.952381,-0.010372,1,0
0.600000,-60.660563,208664.215638,179.340047,206767.326680,59.344194,207083.881351,97.289390,688.640640,-22.738509,688.899301,-142.827880,688.187389,59.952962,-0.003786,1,0
0.633000,-60.512003,207038.685109,179.483443,207626.978962,59.610865,208533.220055,97.399133,686.681427,-22.761202,684.372889,-142.622776,685.474301,59.951680,0.003168,1,0
0.667000,-60.457350,208526.061331,179.414813,206906.144177,59.512530,208419.090474,97.709566,678.947097,-22.477725,676.658732,-142.398481,682.593477,59.950940,-0.004043,1,0
0.700000,-60.746866,208357.068252,179.450871,206964.308483,59.498839,207560.427396,97.045332,682.137514,-22.550287,682.273891,-142.290463,684.127419,59.951981,0.006533,1,0
0.733000,-60.792551,209186.108225,179.335449,209395.715201,59.390081,207833.437839,97.374360,677.248207,-22.380427,680.661067,-142.247047,686.237428,59.947732,-0.004368,1,0
0.767000,-60.660654,208755.259174,179.385081,207269.644064,59.480695,207756.436052,97.578705,682.900128,-22.476836,687.973991,-142.488129,685.599824,59.957663,-0.015115,1,0
0.800000,-60.557113,207744.209683,179.467954,208959.434602,59.446164,208336.226234,97.901014,686.632425,-22.572288,677.793168,-142.505470,681.952165,59.955744,-0.001462,1,0
0.833000,-60.579601,208827.806646,179.282284,208354.460584,59.222828,206344.411825,97.369068,674.487413,-22.483032,680.233900,-142.752104,679.174706,59.947928,0.005250,1,0
0.867000,-60.707741,208387.917358,179.451954,206987.926954,59.349850,208060.697019,97.258433,674.607574,-22.586110,675.752806,-142.788011,684.747980,59.945405,-0.010025,1,0
0.900000,-60.513425,208337.989272,179.333685,207877.025703,59.165466,208562.990101,97.512956,680.489523,-22.360594,679.752669,-142.870107,678.693650,59.940299,-0.001050,1,0
0.933000,-60.557811,208465.181086,179.356728,207139.807902,59.334397,208963.223603,97.435679,682.679249,-22.866403,686.088589,-142.761232,685.748554,59.947226,0.008244,1,0
0.967000,-60.730874,208700.634842,179.228318,208259.598128,59.449267,207236.816539,97.353704,682.230898,-22.756388,677.172440,-142.621531,682.451070,59.942468,-0.007116,1,0
1.000000,-60.601811,208395.694418,179.324531,207975.331915,59.179811,208513.558633,97.384595,681.706343,-22.464308,676.032951,-142.971773,680.709627,59.943738,-0.002003,1,0
1.033000,-60.669624,208701.261411,179.198221,206547.908385,59.262780,208797.973083,97.246352,688.070412,-22.644825,689.056073,-142.481024,685.995143,59.942125,0.006172,1,0
1.067000,-60.731559,208322.280312,179.342943,206587.851029,59.233999,208459.038425,97.428627,684.238611,-22.626226,677.904257,-142.620451,684.575133,59.941018,-0.008530,1,0
1.100000,-60.791919,209301.333331,179.417562,207999.677549,59.291374,209765.564303,97.153874,679.254960,-22.518292,683.957592,-142.616622,679.999409,59.947912,-0.003587,1,0
1.133000,-60.744139,208049.257523,179.321199,207449.712391,59.339157,208453.514969,97.175582,678.006966,-22.814204,680.597167,-142.225620,680.797242,59.946976,-0.008972,1,0
1.167000,-60.817782,208036.172992,179.171045,209701.325697,59.256921,208840.400627,97.203154,679.165887,-22.809455,675.783991,-143.148683,682.714885,59.944836,0.011147,1,0
1.200000,-60.647808,207322.798587,179.264935,206910.679249,59.196386,207655.386545,97.221188,677.401591,-22.853465,677.617231,-142.358463,678.547640,59.946558,-0.002548,1,0
1.233000,-60.963158,209097.923376,179.265036,208288.103705,59.123598,207187.169312,97.010670,677.624909,-23.124333,677.084822,-142.804412,685.066764,59.944951,0.000340,1,0
1.267000,-60.844911,207176.265181,179.386734,207969.993738,59.425044,207421.910919,97.224943,676.226937,-22.648109,680.401537,-142.813961,679.083930,59.952551,-0.008439,1,0
1.300000,-60.758589,207771.660965,179.210086,207178.194662,59.231870,209679.695065,97.339949,682.645188,-22.698298,678.416274,-142.754171,684.270344,59.945767,0.012775,1,0
1.333000,-60.574026,209437.705970,179.183322,206913.535983,59.458545,209340.096208,97.332466,677.714795,-22.878278,681.427387,-142.630551,678.709744,59.945111,0.009832,1,0
1.367000,-60.754222,206636.905767,179.392961,208100.981515,59.394183,206849.849029,97.449090,676.648398,-22.952860,678.576586,-142.772826,681.394551,59.952181,-0.005057,1,0
1.400000,-60.540973,208970.580010,179.301723,208016.709492,59.377417,207108.672170,97.478323,683.639145,-22.574479,675.401101,-142.748949,674.173709,59.948003,0.007954,1,0
1.433000,-60.614206,206189.539349,179.383116,208152.999653,59.190762,207316.293284,97.347724,672.513978,-22.718728,675.849101,-142.561488,677.763155,59.947944,-0.006341,1,0
1.467000,-60.882526,207089.095877,179.417142,207584.252542,59.331152,207506.937145,97.237437,683.171632,-22.810101,677.967757,-142.866185,677.633799,59.949547,-0.007237,1,0
1.500000,-60.851874,206724.448661,179.342807,206457.911767,59.217026,208468.551850,96.812176,674.211134,-22.711238,676.521425,-142.836607,677.321102,59.949582,-0.016709,1,0
1.533000,-60.561437,206814.514545,179.426250,208753.709187,59.279195,209057.190563,97.415317,679.349934,-22.576152,679.258154,-142.858213,678.764974,59.941928,-0.001310,1,0
1.567000,-60.517528,207791.246481,179.327164,206296.160920,59.151996,207383.454161,97.748845,675.199131,-22.788382,671.926665,-142.809745,673.968518,59.945692,0.006495,1,0
1.600000,-60.792816,207897.912838,179.146304,207522.309520,59.347917,209024.375895,97.431990,679.598697,-22.966750,680.270972,-142.341668,675.275632,59.951972,0.002196,1,0
1.633000,-60.595179,207934.613989,179.428605,208964.848945,59.176972,207617.303983,97.610424,677.930157,-22.385803,673.408432,-142.684570,680.153947,59.947848,-0.009475,1,0
1.667000,-60.850310,208369.246153,179.273221,207605.174824,59.170414,208626.869321,96.834356,673.816886,-22.637034,683.306311,-142.670017,679.843354,59.945647,0.008712,1,0
1.700000,-61.016649,209324.983062,179.290868,207768.852419,59.305890,206594.924369,96.967084,680.082295,-22.836361,675.882742,-142.680690,681.627181,59.949702,0.001865,1,0
1.733000,-60.766823,207647.417911,179.200826,208446.374628,59.177056,209403.081175,97.183759,675.489173,-22.788727,683.730651,-142.613168,681.750952,59.958259,0.014192,1,0
1.767000,-60.957038,208357.072049,179.292698,207787.428097,59.077999,206463.144709,97.145284,674.157010,-22.588312,681.551733,-143.070582,678.784086,59.958477,-0.014816,1,0
1.800000,-60.784664,209403.163909,179.170095,207777.870841,59.249876,206697.675346,97.180587,679.941655,-22.945561,683.781963,-142.562760,679.090852,59.951766,0.002630,1,0
1.833000,-60.814910,207903.207505,179.203872,207834.229291,59.260652,207551.669978,97.309063,682.383269,-22.796352,681.733789,-142.728925,676.061104,59.953120,0.019246,1,0
1.867000,-60.649832,208116.485936,179.251153,205082.846101,59.195304,209522.854224,97.014311,674.459581,-22.582137,675.098087,-142.754195,678.043259,59.955453,0.005210,1,0
1.900000,-60.763022,208441.450458,179.045913,207394.567942,59.094611,206517.827844,97.351025,687.355591,-22.927463,688.941548,-142.950742,686.156236,59.950480,-0.004438,1,0
1.933000,-60.884998,208471.677974,179.300510,206660.406942,59.333049,207076.445796,97.275481,682.349067,-22.499933,686.772407,-142.658554,684.560352,59.953995,0.007118,1,0
1.967000,-60.737709,207727.507832,179.284610,207386.651691,59.432827,208487.838143,97.373817,680.990490,-22.546546,681.325824,-142.520741,678.718119,59.957186,0.000512,1,0
2.000000,-60.911881,208483.095701,179.202759,206817.463588,59.303048,207839.031192,97.308509,681.561441,-22.927984,678.436505,-142.457222,686.942129,59.949260,-0.008256,1,0
2.033000,-60.883824,208601.913620,179.224806,207987.881827,59.285550,208818.177752,96.996428,681.760783,-22.983757,682.017455,-142.534007,681.115508,59.955235,0.003210,1,0
2.067000,-60.814603,208518.830215,179.122541,208348.813150,59.253123,207119.597316,97.112442,680.547148,-22.827542,681.199351,-142.529293,687.182391,59.953722,-0.001008,1,0
2.100000,-60.741210,208323.986532,179.236203,208776.539589,59.244715,205622.061427,97.066211,680.120293,-22.493596,679.603107,-142.702869,684.401685,59.959755,-0.006883,1,0
2.133000,-60.805326,208118.212592,179.277833,207744.653662,59.134897,206277.575335,97.182659,679.556259,-22.736577,679.459606,-142.959127,679.307507,59.957429,-0.011700,1,0
2.167000,-60.911191,206336.375057,179.062458,208479.476222,59.099052,205960.883901,96.806016,684.783438,-22.923831,682.097173,-142.786119,684.690764,59.949391,-0.002494,1,0
2.200000,-60.948739,209390.901891,179.159071,211229.746848,59.107434,207707.211606,96.948356,680.130681,-22.963546,683.697736,-142.904519,680.129594,59.961387,0.002026,1,0
2.233000,-60.834146,208423.835566,179.241025,206427.359012,59.201232,207656.286578,96.931276,689.088827,-23.043326,685.747597,-143.170406,686.078619,59.959802,-0.009878,1,0
2.267000,-60.938933,206884.994070,179.177690,206991.783088,59.389271,207667.359073,97.110001,678.964887,-22.902108,684.908447,-142.490196,687.316489,59.957838,-0.014574,1,0
2.300000,-60.768257,207073.149200,179.206162,208371.975580,59.215480,206857.200813,97.143880,679.755232,-22.787534,684.337742,-143.009626,687.661551,59.956121,0.009927,1,0
2.333000,-60.813291,207837.003215,179.056100,207992.665308,59.159756,207668.620533,96.903061,679.817595,-22.666254,686.607829,-142.935760,679.208630,59.958315,0.006497,1,0
2.367000,-60.664815,207285.976800,179.165396,209769.491432,59.072847,208116.867865,97.518767,683.954191,-22.931093,682.081754,-143.043647,679.202396,59.959503,0.002344,1,0
2.400000,-60.715638,207492.479565,179.128806,207980.057404,59.143583,208347.181995,97.258254,684.634264,-23.212264,688.516258,-142.850171,680.001184,59.955151,0.001539,1,0
2.433000,-60.702419,207215.276069,179.157659,207856.184205,59.140054,209029.128253,97.349413,678.995524,-22.913988,684.227425,-142.741865,679.883061,59.957734,-0.002621,1,0
2.467000,-61.013515,208426.426762,179.051437,207248.476760,59.182228,206638.969022,96.714689,688.417331,-23.001550,673.133348,-142.489550,683.644596,59.961586,0.005008,1,0
2.500000,-60.851706,207289.469226,179.390120,209183.888166,59.205482,208057.328759,97.218260,679.175080,-22.244000,686.538650,-142.861009,687.196104,59.952804,-0.011897,1,0
2.533000,-60.921245,208415.451389,179.157931,207863.953630,59.120048,206533.391939,97.072927,681.712466,-22.422108,684.416407,-143.166357,683.346926,59.954103,0.001191,1,0
2.567000,-60.746953,209151.027562,179.301128,205850.970180,59.104150,208742.137102,96.847203,683.775750,-22.802155,684.920077,-143.180341,690.488759,59.958394,0.000332,1,0
2.600000,-60.928001,207507.432533,179.053522,207077.243195,59.111837,208970.250772,96.947654,694.748473,-22.993531,686.016134,-143.038340,687.680821,59.954474,-0.000301,1,0
2.633000,-60.967973,207499.027978,179.155422,207327.126898,59.096655,209047.629592,97.122551,683.415506,-22.652007,686.115837,-142.829880,689.154785,59.957428,-0.001861,1,0
2.667000,-60.860614,206980.371246,179.101332,207084.181894,59.144387,207897.858844,96.906229,689.852185,-22.649790,676.445173,-142.785341,686.451813,59.951661,0.006095,1,0
2.700000,-60.858070,208152.766168,179.226494,207321.467173,59.245111,207712.348780,97.354572,688.522923,-22.878390,684.495553,-142.715550,682.056834,59.958045,-0.012171,1,0
2.733000,-60.841211,207399.244105,179.103636,207673.485057,59.088761,207596.056418,97.138288,684.394479,-22.644565,683.281876,-143.136188,678.833969,59.957448,-0.006156,1,0
2.767000,-60.858022,206484.229468,179.191792,206612.086385,59.378326,206375.406994,96.894010,688.701674,-22.639554,690.118591,-142.670845,682.851789,59.949464,-0.004483,1,0
2.800000,-60.869938,208211.881822,179.078999,208816.756670,59.093551,208465.713636,97.115325,691.608298,-23.017353,691.016104,-142.824094,696.751912,59.952324,0.005483,1,0
2.833000,-61.026629,208856.059822,179.227708,207597.173728,58.912898,207574.822064,96.730183,693.371358,-23.079750,692.037065,-143.150607,688.913335,59.957317,-0.000544,1,0
2.867000,-60.862125,208099.203641,179.085939,207649.673316,59.121230,206778.887846,97.281467,690.050517,-23.034261,684.990099,-142.763043,689.100868,59.952714,-0.003828,1,0
2.900000,-61.085435,207882.300768,179.113266,208125.378088,59.130033,206969.094894,96.809938,686.222283,-22.883587,693.739695,-142.974955,690.263218,59.963158,0.001660,1,0
2.933000,-60.988171,207989.600865,179.056152,207540.872191,59.092669,209111.769579,97.444524,680.985774,-22.840355,683.717274,-142.783401,690.164926,59.953647,0.013670,1,0
2.967000,-61.000011,208425.946549,178.891295,207826.584083,58.911543,208164.447963,96.888084,680.612368,-23.277079,677.496562,-143.517269,687.418556,59.958718,0.000954,1,0
3.000000,-60.997002,209117.245155,178.902037,205579.351577,58.943775,208204.021391,97.055662,686.691507,-22.984363,685.994840,-143.137296,686.117007,59.945512,0.008498,1,0
3.033000,-61.003731,207258.417805,179.217156,207588.868025,59.048800,207905.933556,96.965841,677.832035,-22.952747,689.428144,-143.116772,684.166916,59.949799,0.013069,1,0
3.067000,-60.943166,207486.962002,179.132817,207467.563212,59.126895,206403.608216,97.111312,683.675292,-22.712293,685.786845,-142.796028,685.201121,59.950068,0.006768,1,0
3.100000,-61.028380,205673.226333,179.215546,207213.721047,59.131950,207298.021386,97.257968,681.395358,-22.762915,682.872237,-143.166160,681.921795,59.952169,0.000427,1,0
3.133000,-61.017085,207358.023312,179.035405,208328.990631,59.363495,204608.314163,96.995042,685.446110,-23.040113,692.602878,-142.605673,685.777825,59.949202,-0.007266,1,0
3.167000,-60.878682,207885.173452,179.167647,206217.506055,59.093340,207793.341353,97.269142,684.088758,-23.050346,682.637181,-142.643916,688.140099,59.945656,-0.003532,1,0
3.200000,-60.813336,207615.045427,178.936136,209314.407355,59.176175,206209.283340,97.186934,688.443697,-23.499085,687.429991,-142.800251,684.679018,59.949777,0.005200,1,0
3.233000,-60.911200,207969.960975,179.099344,206718.657100,59.152997,207339.039086,96.920848,683.859822,-22.850195,682.227343,-142.612160,686.176623,59.955624,-0.002331,1,0
3.267000,-61.034480,208076.617096,179.093829,205144.022468,59.201097,206174.044733,97.266277,686.664318,-22.695449,685.821812,-142.821842,687.296337,59.941607,0.002180,1,0
3.300000,-60.834128,206819.282506,179.054309,206885.165098,59.144019,208559.744246,97.254673,683.629915,-22.555414,694.179916,-142.842389,685.867062,59.951968,-0.008915,1,0
3.333000,-60.887225,207955.448999,179.242967,207826.760400,59.149096,207487.496986,97.272754,688.579264,-22.999360,684.229512,-143.050612,696.299294,59.949398,-0.001698,1,0
3.367000,-60.962140,208365.330820,179.200092,208253.510679,59.139068,207384.605551,96.996649,685.091992,-22.458976,688.724073,-142.858197,690.776048,59.951103,-0.001248,1,0
3.400000,-60.825379,207717.892979,179.084657,208425.955118,59.207306,206255.963069,97.080552,688.316489,-23.136746,687.393329,-142.826437,692.818519,59.954108,-0.006040,1,0
3.433000,-60.833802,206985.860804,179.306503,207715.498282,59.205893,206714.878368,97.287864,686.956092,-22.355994,686.775664,-142.604659,689.707044,59.951749,-0.003582,1,0
3.467000,-60.901977,208912.625453,179.092134,208236.100508,59.133464,207763.282868,97.301748,690.406987,-22.613243,695.668048,-142.929057,685.832003,59.955789,0.000279,1,0
3.500000,-60.814338,205601.107332,179.026411,206017.828579,59.017541,208207.454358,97.173262,686.717867,-23.274639,690.365685,-142.857380,681.678748,59.946737,0.009393,1,0
3.533000,-60.896561,208171.540152,179.322990,206665.442762,59.169708,207570.330854,97.217193,688.157579,-22.429416,681.434614,-142.944023,684.737185,59.957878,0.005695,1,0
3.567000,-60.915582,208425.011268,179.143793,205980.675475,59.187606,207352.065221,97.020872,686.731516,-23.159369,685.291094,-142.747824,685.570061,59.954055,0.015621,1,0
3.600000,-61.244675,208032.809662,179.139369,207168.174875,59.161339,207203.516765,96.562392,689.421143,-22.660029,681.913460,-142.557705,686.986174,59.953352,-0.010965,1,0
3.633000,-60.776120,208058.887813,179.042495,207913.015311,59.202078,207291.820021,97.503194,692.231053,-22.761536,684.522493,-142.829647,678.971582,59.964351,0.004846,1,0
3.667000,-60.836538,207151.848886,179.200999,207809.844192,59.103373,207639.579599,97.504543,688.853775,-22.792173,690.466329,-142.485993,687.195151,59.953940,0.007567,1,0
3.700000,-60.959383,207366.290423,179.129843,209018.076210,59.147394,207680.788556,96.953810,690.339048,-22.814452,686.075790,-142.792624,687.426269,59.949744,0.004435,1,0
3.733000,-61.042029,207796.556389,179.022239,206828.450022,59.118071,206347.989533,96.905626,691.040510,-22.948532,684.659026,-142.932818,696.114032,59.956705,0.003669,1,0
3.767000,-60.941325,207174.435575,179.020130,206769.383054,59.068395,205972.921897,97.236585,686.912622,-22.919805,692.625850,-142.700551,690.921313,59.951684,-0.002170,1,0
3.800000,-60.826674,209080.058938,179.228570,208258.282911,58.972062,207678.449187,97.199812,691.610712,-22.634072,685.860012,-143.016285,689.996304,59.944967,0.006837,1,0
3.833000,-60.972973,207825.515618,179.287926,207716.224875,59.144415,207419.831539,97.076404,677.247562,-22.741010,684.546825,-142.759032,687.264068,59.946015,-0.004764,1,0
3.867000,-60.983131,208747.910265,178.943374,207563.483701,59.010529,207493.220920,97.389754,689.205834,-22.879165,686.661830,-143.016868,690.099012,59.953147,-0.000200,1,0
3.900000,-60.919458,207871.712932,179.045768,208310.079567,59.111813,206400.451446,97.484882,690.896239,-23.126015,696.650363,-142.941088,696.081690,59.952010,0.021912,1,0
3.933000,-60.837658,207971.895793,179.213213,207945.702781,59.171699,207956.875732,96.986562,689.937369,-22.704726,683.077980,-142.985532,693.207552,59.950479,-0.002608,1,0
3.967000,-60.892360,205991.730272,179.023591,209365.007540,59.216424,207015.418035,96.999812,687.609790,-22.844626,688.398006,-142.899695,692.834205,59.952726,-0.013729,1,0
4.000000,-60.950956,208509.293455,179.235990,208243.425253,59.145780,207043.950463,96.910428,690.506983,-22.727976,690.837447,-142.801197,685.585641,59.948959,-0.012444,1,0
4.033000,-60.931509,207947.171933,179.127189,208795.608138,59.168893,207788.095465,97.118754,692.762273,-23.062359,692.525121,-142.846888,691.790739,59.950748,0.004530,1,0
4.067000,-60.802727,207918.180473,179.241667,208700.002381,59.126609,206823.904085,97.093559,701.129795,-22.868751,692.599197,-142.940069,692.578510,59.945490,-0.008701,1,0
4.100000,-60.851136,208623.606466,179.144461,207405.839416,59.110235,207142.438072,96.792661,696.357272,-23.045913,694.061785,-142.661935,695.645345,59.955335,-0.002107,1,0
4.133000,-60.800823,208939.134329,179.105407,207868.600882,59.166983,207458.084804,97.203956,693.099665,-22.701467,695.364743,-142.789013,698.260876,59.958165,0.005495,1,0
4.167000,-60.737142,210037.335273,179.081269,208169.604479,59.362718,208675.660116,97.370489,692.207463,-22.951292,696.411744,-142.771025,698.568121,59.944314,0.008154,1,0
4.200000,-60.651623,209213.896731,179.117684,207829.606817,59.254080,210258.332981,97.538456,699.098434,-22.825029,701.017843,-142.683211,702.276862,59.953692,0.002168,1,0
4.233000,-61.009836,209070.420576,179.170904,208083.619402,59.199427,208523.170045,96.810663,698.888350,-22.962104,697.112554,-142.777165,702.584865,59.960570,0.009283,1,0
4.267000,-60.784087,209094.486612,179.195045,207452.667734,59.024872,209308.253902,97.423877,693.077699,-22.945743,693.794982,-143.076070,692.161672,59.942547,0.002666,1,0
4.300000,-60.571806,208937.634257,179.165468,207637.001986,59.140122,207863.886960,97.446911,691.715174,-22.685118,691.184652,-142.871747,683.603254,59.952940,-0.001173,1,0
4.333000,-60.895741,208770.713303,179.354789,207634.363829,59.390352,208209.825794,96.860735,690.537081,-22.408745,688.854101,-142.575989,690.797833,59.954196,0.001758,1,0
4.367000,-60.909908,207087.625248,179.262972,209207.869683,59.136266,207523.869916,97.101049,690.862594,-22.286792,684.709478,-142.826287,692.648505,59.944952,0.005039,1,0
4.400000,-60.863329,208083.860181,179.085141,208406.836539,59.133821,208071.368800,97.314797,684.301046,-23.171055,687.985997,-143.165437,687.820396,59.961044,0.001219,1,0
4.433000,-60.937146,207801.562383,179.106998,208629.379443,59.220661,206258.217221,96.968588,687.258111,-22.637322,685.263281,-142.587263,689.839621,59.953974,-0.004554,1,0
4.467000,-60.854194,208139.544973,179.311009,207330.594005,59.127414,207335.653526,97.232065,688.498113,-22.667150,691.359082,-142.671322,687.179095,59.959395,0.000767,1,0
4.500000,-61.009343,208913.327753,179.158798,207929.770744,59.133060,208643.639271,97.278755,685.539574,-22.863801,689.754814,-142.839926,687.017715,59.954999,-0.007364,1,0
4.533000,-60.793080,208842.720019,179.270986,207792.863300,59.118708,208161.393470,97.166515,692.523248,-22.646630,688.151909,-142.966257,695.360643,59.947595,0.011015,1,0
4.567000,-60.780196,208740.907648,179.208667,207774.050449,59.087122,207310.355033,97.162522,687.568885,-23.091546,686.054048,-143.022831,691.862566,59.946481,0.001636,1,0
4.600000,-60.896423,208316.208947,179.047260,209986.951963,59.098476,208462.717101,97.008050,693.091926,-22.817127,686.474514,-142.707161,693.409948,59.949582,-0.011050,1,0
4.633000,-60.934224,207519.498039,179.173770,208683.898015,59.170796,207857.487455,97.100398,686.220913,-22.684403,689.006322,-142.785659,691.386328,59.949009,-0.001440,1,0
4.667000,-60.919009,207783.479147,179.058421,208581.706932,59.134972,208438.574947,96.788922,690.498122,-23.102439,687.746453,-143.192432,688.241298,59.952452,0.001113,1,0
4.700000,-60.823432,209170.213695,179.059020,208763.174806,59.091072,208151.428524,97.311800,690.905395,-23.067599,689.066114,-142.934552,693.810842,59.952343,0.002437,1,0
4.733000,-60.818597,208123.457278,178.976059,208111.363292,58.980659,207909.214915,97.064201,691.820762,-22.950480,689.813200,-143.119506,694.196581,59.949231,0.002122,1,0
4.767000,-61.100722,207201.785691,179.068698,209312.760417,59.106475,209492.028211,97.074025,691.452353,-22.916289,691.033947,-143.013137,688.561830,59.943443,0.002289,1,0
4.800000,-60.874583,207095.479808,178.971369,205560.444769,59.014314,208222.774258,97.263350,688.183128,-23.162181,693.347752,-142.871246,686.755967,59.947759,0.000530,1,0
4.833000,-61.127490,206716.159103,178.859494,209455.852459,59.113124,208058.658698,96.841057,688.726094,-23.259818,687.868296,-143.011129,694.841112,59.941830,-0.017084,1,0
4.867000,-60.911328,206576.613098,178.939331,208359.945945,59.075085,206915.747787,97.080571,694.442879,-23.033702,688.642297,-143.073477,683.007039,59.957199,0.000246,1,0
4.900000,-60.973577,208908.662628,178.817338,206319.683956,58.928631,208052.858294,96.980218,690.133570,-23.515528,696.124613,-143.208785,690.504406,59.955672,-0.001634,1,0
4.933000,-61.007094,210228.902639,179.175140,206959.196129,58.825904,208034.075753,97.114607,689.944804,-22.845731,680.726419,-142.877758,690.064407,59.953973,-0.005189,1,0
4.967000,-61.129648,207958.270313,178.920508,208830.702315,58.889805,208568.370213,96.890946,694.422684,-23.053860,685.678054,-143.067325,687.149802,59.954095,0.005004,1,0
5.000000,-61.107094,209275.678194,178.861103,208300.155763,58.990746,207394.113659,96.731200,686.819321,-23.083103,690.014176,-142.992520,693.431189,59.963849,-0.009402,1,0
5.033000,-61.097524,207050.386340,178.890989,209072.751307,58.917939,208320.084534,97.224769,693.717277,-23.219854,687.863502,-143.020618,692.341358,59.957290,0.004996,1,0
5.067000,-60.839117,209135.355979,179.073560,210102.129744,59.110530,207928.006525,97.117716,690.734497,-23.008752,690.363701,-142.874251,685.752744,59.955413,0.001077,1,0
5.100000,-61.036423,209194.599938,179.225097,208650.421366,59.086506,206101.373297,96.976745,683.761750,-23.077333,681.182614,-143.067873,686.980991,59.947846,-0.007815,1,0
5.133000,-60.926837,207966.069037,179.065014,208812.134937,59.135381,208171.972830,96.962569,688.191787,-22.939611,689.834577,-142.876484,685.028915,59.957133,0.007506,1,0
5.167000,-61.008571,207852.821954,179.122431,209143.557973,59.175771,207936.515269,96.981357,692.402774,-23.128724,683.372139,-142.880678,689.377793,59.954682,-0.008346,1,0
5.200000,-60.860885,209740.108741,178.898344,207890.030709,59.053668,208306.141521,96.983644,689.115138,-23.104826,694.880430,-142.863795,690.373804,59.953491,-0.017004,1,0
5.233000,-60.808915,208780.352712,178.962312,209506.785751,58.969659,208578.508067,97.354447,683.489691,-22.667353,690.297530,-142.860452,691.216018,59.951594,-0.006472,1,0
5.267000,-61.013396,209357.298137,178.920065,208187.527729,59.277277,206888.071211,97.028282,689.963640,-23.226459,693.003658,-142.505723,685.218782,59.959334,0.005490,1,0
5.300000,-61.092885,208849.336548,179.152708,206693.146676,58.996469,207745.475603,96.914547,693.374091,-22.963418,684.703459,-143.174803,688.973591,59.959156,0.005357,1,0
5.333000,-60.856909,206413.712771,178.903109,207848.656993,58.927632,209020.266161,97.221719,688.789496,-22.988655,682.499408,-143.087670,687.103722,59.959398,-0.003098,1,0
5.367000,-60.959708,206681.656616,178.969480,208736.099506,58.967232,208455.658937,97.083639,685.951821,-23.346300,687.216642,-142.796774,685.098173,59.958506,-0.011676,1,0
5.400000,-60.771009,207577.425144,179.264302,208790.426039,59.123790,208647.909284,97.246575,695.744377,-22.729878,685.822699,-142.837986,686.318845,59.960251,-0.010328,1,0
5.433000,-60.930894,207230.203912,179.205514,208545.691859,59.039824,207277.627738,97.089472,683.139538,-22.812902,685.596038,-142.949518,689.956419,59.969805,0.000248,1,0
5.467000,-60.829486,208050.295193,178.739379,208042.194795,58.940596,206070.231794,97.269049,695.584761,-23.324946,686.359394,-143.104543,693.953791,59.960137,-0.005731,1,0
5.500000,-61.142219,207656.049913,178.828852,208706.814940,59.044848,207628.441444,96.580377,689.836666,-23.107157,686.277658,-142.928159,691.186606,59.951511,-0.001470,1,0
5.533000,-61.095733,209101.032718,179.074484,208809.179486,59.082110,207751.957991,96.943729,689.274123,-23.145296,681.279710,-143.074944,690.646324,59.961897,0.002548,1,0
5.567000,-61.066619,209216.498065,178.962254,208900.876084,58.793100,208386.731323,96.814781,686.875472,-23.176491,685.568551,-143.070480,687.688737,59.958938,-0.004355,1,0
5.600000,-60.970627,207539.211291,178.915730,209530.051879,58.814857,208434.366321,96.951582,682.434045,-22.981611,684.509400,-143.167384,685.731654,59.967209,-0.004700,1,0
5.633000,-61.145869,208789.207794,179.144117,208013.080103,58.984231,208106.332347,97.232796,680.990882,-22.857289,679.093054,-143.165414,689.947071,59.958354,0.002611,1,0
5.667000,-61.102701,207405.733825,178.864305,210575.370772,58.975371,208637.921298,96.793738,687.486403,-23.411786,687.492390,-142.704107,685.569281,59.964374,-0.003179,1,0
5.700000,-61.130458,208840.201093,178.981922,208614.250191,58.883906,210468.230282,97.049042,681.441650,-23.142737,684.810065,-143.263835,685.021364,59.957451,0.000657,1,0
5.733000,-60.966454,207736.196710,178.962504,209193.814005,58.975321,206896.854438,97.120912,679.446145,-22.980959,680.680945,-143.024300,684.116485,59.961681,-0.005160,1,0
5.767000,-60.975934,208130.572224,178.886318,208399.201561,59.043059,209291.503098,96.946868,691.982269,-23.196961,677.485633,-143.016859,677.293805,59.954651,0.003163,1,0
5.800000,-60.982712,207219.572394,179.044014,206720.346340,58.793033,209367.460144,96.814862,684.924265,-22.861305,681.933008,-143.506435,679.157257,59.957575,0.004030,1,0
5.833000,-61.013156,209668.989668,179.029747,208357.903440,58.961700,208596.459239,97.140680,681.176691,-22.951661,682.516704,-142.906731,689.087030,59.951950,0.010075,1,0
5.867000,-61.070120,209559.146412,178.987741,209198.523593,58.902464,206759.075298,96.872243,684.336681,-23.193847,683.336384,-143.093890,684.092894,59.949640,0.005165,1,0
5.900000,-60.897327,209375.456072,178.912695,208910.973197,58.825410,208256.106329,97.519218,678.439603,-22.958903,684.705359,-142.952093,676.055441,59.950939,0.003652,1,0
5.933000,-61.181109,209384.191741,179.011419,208452.777332,58.982752,208826.914972,96.991923,680.862751,-22.700290,678.042226,-142.943894,680.636282,59.952736,0.003105,1,0
5.967000,-60.831042,208779.733764,178.876947,207562.191455,58.800255,209439.762344,97.162090,686.880178,-23.249392,677.224516,-143.312376,679.650190,59.958920,0.007537,1,0
6.000000,-61.032162,209110.560640,178.902181,209155.832771,58.877000,207119.223427,96.981768,687.634048,-22.913364,684.695786,-143.089238,686.058198,59.951891,-0.002078,1,0
6.033000,-60.824796,209704.974473,179.020901,207827.028996,58.725983,208683.686618,97.110680,682.277556,-23.111630,676.107285,-143.397096,684.888413,59.953036,-0.000612,1,0
6.067000,-60.860407,209784.205038,179.034229,207935.050617,58.864534,210057.177971,97.179307,680.502093,-23.108378,680.178811,-142.948128,680.939648,59.948033,-0.008483,1,0
6.100000,-61.108973,209027.425964,178.841967,208036.384782,58.955880,207806.629008,96.882857,679.124830,-22.928738,678.915983,-143.062413,690.655679,59.946413,-0.000588,1,0
6.133000,-60.984456,211469.503778,179.004073,210902.017013,59.144925,210215.105867,96.800216,673.610353,-23.109553,687.695681,-142.839439,683.853857,59.948031,0.002151,1,0
6.167000,-60.995110,209787.219024,178.952604,209301.959167,58.947214,210375.971626,97.112044,677.373560,-23.439327,684.889909,-142.975484,683.624500,59.950334,-0.007535,1,0
6.200000,-61.029670,209933.886467,178.871088,209580.151883,59.035330,210329.626204,96.673426,684.265336,-22.788108,688.256919,-142.523635,685.252950,59.955007,-0.000454,1,0
6.233000,-61.072848,209902.748757,178.847773,209917.317510,59.039548,208455.527380,97.071073,684.352834,-23.150589,682.012076,-142.724140,683.714308,59.946463,0.006593,1,0
6.267000,-61.012370,210406.408867,179.237358,209548.904600,59.117705,208792.396772,97.261438,686.301456,-22.714427,687.954744,-142.837869,684.659962,59.946930,-0.013926,1,0
6.300000,-60.834225,209927.793079,178.943167,209027.612299,58.966192,210337.165531,96.971932,685.096211,-23.055838,688.559561,-142.748679,676.966033,59.950277,0.009859,1,0
6.333000,-60.928923,208215.168686,179.262851,208299.987559,59.068203,208692.885424,97.289927,687.524287,-22.724997,678.086028,-142.788138,679.457859,59.951280,-0.001639,1,0
6.367000,-60.795026,208708.301379,178.940028,210405.919189,59.041969,208725.504446,97.235950,677.636709,-23.077415,682.693482,-142.954550,681.966649,59.956692,0.017210,1,0
6.400000,-61.079694,208742.604759,179.195409,209302.392734,59.237201,209951.818372,96.795273,683.108367,-22.817005,680.696130,-142.814213,683.740307,59.951702,-0.000872,1,0
6.433000,-61.025194,210568.633912,179.074994,206974.644625,59.049114,209333.862699,96.749547,674.419662,-23.033385,677.284043,-143.123937,677.345825,59.951619,-0.005746,1,0
6.467000,-61.008479,211051.787408,179.268724,210637.677606,59.091222,209680.631686,96.880372,680.448483,-22.753333,683.230453,-142.825376,670.391466,59.952718,-0.007485,1,0
6.500000,-60.931840,210499.649702,179.357278,210658.475352,59.213912,208717.681473,97.086485,680.534863,-22.757450,677.076926,-142.618740,673.002513,59.952418,0.001194,1,0
6.533000,-60.956163,208359.096496,179.214666,209423.449627,59.053428,210449.590054,96.791005,682.051596,-22.843722,676.881438,-142.989687,680.500812,59.952721,-0.002446,1,0
6.567000,-60.984018,207952.979414,178.984089,208504.147792,59.110853,209426.577686,97.191435,670.420428,-23.043146,677.401825,-142.545859,681.993999,59.951993,-0.000152,1,0
6.600000,-60.765015,209636.182948,179.209045,209405.516874,59.369930,208705.673483,97.107895,675.682335,-23.163459,683.887630,-142.934290,683.323057,59.948902,-0.016172,1,0
6.633000,-60.989862,209371.826171,179.237891,209166.475678,59.301416,208370.567140,97.019521,671.985522,-22.720842,675.430694,-142.549344,674.583241,59.956616,-0.000773,1,0
6.667000,-60.756937,209768.761297,179.185404,209294.979536,59.222946,210684.588575,97.540130,681.145112,-22.829335,674.027723,-142.957264,682.997777,59.950626,0.004270,1,0
6.700000,-60.785144,208140.529484,179.271101,209317.484346,59.008767,208825.773083,97.208119,679.011634,-22.833737,677.548834,-142.756468,676.129127,59.955498,-0.005777,1,0
6.733000,-60.891615,209503.278066,179.052986,208360.128453,59.321646,208392.936640,97.175655,678.458099,-22.958876,675.276826,-142.700747,681.429250,59.956785,-0.001212,1,0
6.767000,-60.739730,209732.015374,179.086085,209154.403540,59.327396,207588.627562,97.377040,681.739323,-22.928740,675.495951,-142.903320,677.450557,59.954885,-0.013028,1,0
6.800000,-60.985087,210141.411139,179.191686,210178.381851,59.038426,208896.822576,97.387651,682.201853,-22.637529,670.555071,-142.737796,675.850464,59.955624,-0.001606,1,0
6.833000,-60.756960,208201.705023,179.111032,208498.220218,59.042015,207426.467612,97.211441,677.005282,-23.024237,677.820047,-142.815976,673.154736,59.957198,0.000812,1,0
6.867000,-60.715553,208276.350071,179.308196,208049.862723,59.141262,207015.884940,97.137934,678.682418,-22.649754,672.935026,-142.636792,674.681969,59.959916,0.005550,1,0
6.900000,-60.727615,207334.265202,179.095770,208322.619422,59.058371,208205.376443,97.267035,673.983867,-22.747306,680.230823,-142.985129,673.458127,59.950734,-0.005064,1,0
6.933000,-60.844049,207508.219621,179.156729,209634.900138,59.193297,208556.483852,97.032126,681.518754,-23.313021,679.086934,-142.609439,681.525095,59.961167,0.007664,1,0
6.967000,-60.619218,207653.222951,179.227671,206427.920690,59.347318,207314.608402,97.170100,678.910724,-22.917352,680.305975,-142.339957,681.128779,59.948346,0.001572,1,0
7.000000,-60.692014,208709.504970,179.200781,209795.841232,59.014554,208578.443997,97.365105,680.119073,-22.900459,673.883722,-143.252420,671.543278,59.961698,-0.005923,1,0
7.033000,-60.874432,207934.793896,179.145624,208716.043727,59.016249,209009.782203,96.826791,678.032425,-23.004327,676.216755,-142.806556,673.109492,59.948754,0.005292,1,0
7.067000,-60.728800,208907.615401,179.101577,208590.139704,59.221549,207151.970032,97.226002,669.080469,-22.843398,674.343810,-142.727834,669.176346,59.950983,-0.002289,1,0
7.100000,-60.827787,208407.326682,179.199475,207677.948708,59.200178,209688.056843,96.826775,671.732419,-22.989373,670.686084,-143.102795,684.458745,59.959097,0.004758,1,0
7.133000,-60.781678,207854.560159,179.199106,207883.674953,59.009617,207640.554161,97.306723,667.223483,-22.967248,670.465884,-142.869675,673.514811,59.952417,0.011403,1,0
7.167000,-61.080628,208161.425600,179.108591,207624.104607,59.151315,207183.811792,97.102124,667.067660,-22.880839,672.635877,-143.173763,669.040262,59.951248,0.005331,1,0
7.200000,-60.922825,205830.883888,179.059275,207093.495731,59.009079,207622.505312,97.326192,664.633587,-22.886359,671.815436,-143.006859,670.456472,59.949717,-0.016211,1,0
7.233000,-60.759607,206964.285406,179.168867,206942.563131,59.188387,207097.074596,97.067354,673.708730,-22.628545,669.482674,-142.579305,671.439638,59.949685,-0.005167,1,0
7.267000,-61.036939,206724.082500,178.974290,206343.401454,59.020496,206967.754633,96.955426,678.352066,-23.230917,677.357349,-142.855452,672.345117,59.949160,-0.001979,1,0
7.300000,-60.790872,208226.361001,179.061817,208459.091212,58.924830,207920.641392,97.215486,673.044371,-22.789593,670.128522,-142.898499,672.283946,59.964301,0.004984,1,0
7.333000,-60.942028,207386.135089,178.950575,207559.500422,59.120115,207751.042712,97.121297,668.595135,-23.188533,673.834560,-142.663763,671.527053,59.951807,-0.001794,1,0
7.367000,-61.068432,208220.150664,179.174112,208800.693531,59.119901,208329.141410,97.093410,669.251536,-22.794842,667.489727,-142.851773,666.715617,59.953952,-0.013152,1,0
7.400000,-61.186839,208106.303985,179.034872,208537.642699,58.948794,207590.786130,96.831017,674.859180,-22.999603,674.591327,-143.383974,679.206557,59.946265,0.001771,1,0
7.433000,-60.942759,207208.396613,178.944285,208801.000065,58.902509,208955.270882,96.945919,670.814632,-22.551390,672.653844,-143.097593,669.037809,59.950546,-0.003944,1,0
7.467000,-61.018593,205733.863602,178.986111,208294.179477,59.043394,206503.840013,97.096327,677.515798,-23.071520,677.343134,-142.785210,672.927985,59.957758,0.003586,1,0
7.500000,-60.836649,208831.767810,178.871986,207998.191529,59.007895,207638.540883,96.975966,675.033658,-22.724217,677.626621,-143.382806,671.956857,59.952200,-0.001365,1,0
7.533000,-60.911286,209461.956681,178.975892,207584.720146,59.086485,209580.594105,97.015765,676.688186,-23.200450,675.041676,-142.815687,668.437927,59.950437,0.004860,1,0
7.567000,-60.870876,209061.926855,179.213235,209274.222173,58.956090,207373.172211,97.009327,672.004608,-22.663540,678.895059,-142.855863,674.631337,59.956119,0.008134,1,0
7.600000,-60.855992,208468.822068,178.986441,207625.242562,59.022437,208550.076232,96.836856,677.680176,-23.031588,670.282874,-143.062850,674.534420,59.962778,-0.008359,1,0
7.633000,-61.040037,207382.044070,179.229302,207044.941582,58.888559,207786.860759,97.017692,676.066601,-22.853825,677.053031,-143.436539,675.839122,59.956715,-0.007864,1,0
7.667000,-60.955037,208821.795126,179.103692,208200.084006,58.937652,208166.774391,96.969534,671.175373,-23.164668,670.551173,-142.989678,675.438602,59.959290,0.021782,1,0
7.700000,-60.896911,207549.983765,179.007176,209182.290981,59.105996,207699.318882,97.092218,671.812928,-22.753537,664.160469,-142.891440,671.186650,59.967335,-0.008843,1,0
7.733000,-60.962748,208575.669356,178.978527,207122.198649,58.951527,207214.108601,97.087887,670.911597,-23.346711,675.526277,-142.745916,672.343056,59.957067,0.006066,1,0
7.767000,-61.012907,208666.620515,179.202902,207890.319844,58.820506,207886.178467,97.255488,670.468596,-22.866041,678.481787,-143.360841,672.206022,59.958069,-0.012920,1,0
7.800000,-60.961394,207299.300649,179.095914,208463.836710,59.099840,208645.289282,97.244615,668.972038,-23.162851,675.961241,-142.537871,679.923067,59.957011,-0.000815,1,0
7.833000,-61.051481,209123.122506,179.036258,206672.597260,59.139801,207616.565209,97.118770,670.552974,-23.242875,674.506553,-142.560622,677.536933,59.960558,-0.015077,1,0
7.867000,-61.111597,207608.774611,179.114939,206626.552164,58.970767,208844.427844,96.431894,670.886459,-22.740981,671.802867,-143.396864,676.701670,59.968771,-0.002710,1,0
7.900000,-61.189354,209117.881443,178.939433,208987.435203,59.114699,209200.779921,96.513059,675.345371,-23.167957,678.245065,-143.189968,676.402646,59.960133,-0.012800,1,0
7.933000,-60.974368,208035.341746,179.023669,207259.227516,58.819460,207826.008462,96.723864,678.353941,-22.871676,673.292595,-143.276312,668.439823,59.958790,-0.005119,1,0
7.967000,-61.092273,208741.741354,179.021023,208905.515247,59.037690,207791.372410,96.707156,681.125896,-23.231933,670.234587,-142.550672,677.781665,59.967203,0.006252,1,0
8.000000,-60.994434,208992.109307,179.089815,207559.117105,59.016957,209234.417683,96.962878,672.788598,-22.753415,677.577714,-142.954918,671.621053,59.960702,-0.009889,1,0
8.033000,-61.116180,207748.051461,178.938726,209827.395712,58.962740,209355.834848,97.158854,673.670612,-22.779205,676.042463,-143.070160,671.069883,59.964145,0.002920,1,0
8.067000,-61.085837,208736.062392,178.998323,208137.471122,58.882447,208386.573941,96.935655,679.011300,-22.838567,678.574741,-143.010992,674.995223,59.961284,-0.001441,1,0
8.100000,-61.037045,208600.237285,179.219390,206935.074925,58.996816,208411.071037,96.427715,677.934795,-23.011844,670.516349,-143.117755,671.469660,59.956705,0.001691,1,0
8.133000,-60.969897,208392.259509,179.212086,208932.125892,58.897694,206807.414690,97.057623,679.721386,-22.721427,671.740748,-142.949392,674.646997,59.954827,0.003986,1,0
8.167000,-60.941742,210057.463976,179.082789,209671.765817,58.908728,207933.275621,97.325256,673.306891,-22.878625,674.161963,-143.188691,674.821166,59.959501,-0.001149,1,0
8.200000,-60.884055,209823.917262,179.035444,208757.479070,58.985208,207765.467443,97.068650,678.524137,-23.007223,674.477179,-143.121199,676.605944,59.952417,-0.000169,1,0
8.233000,-61.038787,209709.417292,179.049069,209159.549883,58.881187,208253.628222,96.895407,675.013219,-23.065308,669.844894,-143.277762,676.709195,59.952387,-0.016941,1,0
8.267000,-61.079433,209666.302326,178.882416,208592.578617,59.149417,208878.055602,96.503115,672.612733,-22.979841,675.577706,-142.781719,678.302414,59.955904,-0.004682,1,0
8.300000,-61.038831,209663.277186,178.723053,209201.111146,59.029684,208598.795684,97.132221,678.440006,-23.365209,671.724713,-143.128521,678.673843,59.962998,0.005113,1,0
8.333000,-61.189700,208240.139106,179.122632,209232.684115,59.017419,211488.629019,96.710493,676.057185,-22.908251,678.724123,-143.019195,676.366330,59.962970,0.007532,1,0
8.367000,-61.139991,208594.910921,178.965119,209089.231108,59.083804,210629.836114,96.955390,677.311327,-23.435641,675.367464,-142.663068,675.429861,59.955755,0.000199,1,0
8.400000,-60.896019,207900.700221,178.838129,209172.767158,58.805599,208235.110705,97.145270,676.421849,-23.368502,673.090400,-142.849348,675.379109,59.957252,-0.004887,1,0
8.433000,-61.168406,210084.252436,178.872651,208864.086468,58.945946,207583.037911,96.395848,668.949585,-23.250899,675.363083,-143.184638,674.660005,59.956198,0.006889,1,0
8.467000,-61.223797,207828.078079,179.014560,210009.917765,59.005862,209545.386042,96.688493,677.885406,-22.862309,681.318892,-142.857387,681.514594,59.956605,0.009703,1,0
8.500000,-61.176479,209644.304754,178.805415,210315.258891,58.945424,209727.896147,96.839687,668.814688,-22.840567,681.011995,-143.072833,682.043237,59.964367,0.002985,1,0
8.533000,-61.101053,208499.096812,179.241785,208775.108973,58.847412,208521.478646,97.006608,677.752275,-22.710174,672.509578,-143.268399,679.744230,59.963628,-0.004408,1,0
8.567000,-61.020287,207953.559555,178.830135,209080.374535,59.130067,208696.455010,96.824911,671.972580,-22.922295,678.905177,-143.040736,677.919428,59.956674,-0.007366,1,0
8.600000,-60.981331,210415.099398,179.000832,207327.603480,59.230085,208952.852698,97.024140,678.952881,-23.050705,675.202703,-142.623561,680.827766,59.957210,0.003116,1,0
8.633000,-61.058815,208827.749558,178.856511,210081.433417,58.977024,209346.687163,96.818457,681.996435,-23.054571,674.067258,-143.192502,675.085163,59.954837,0.012383,1,0
8.667000,-60.978977,209524.058053,179.024597,207838.513920,58.885289,208476.254674,97.421084,678.370397,-23.130146,679.311872,-143.253239,674.728455,59.961479,0.009170,1,0
8.700000,-61.209768,209900.444873,178.860830,209515.738944,58.923522,210113.055130,96.720989,678.275172,-23.090785,676.276756,-143.340633,681.601309,59.968159,0.001857,1,0
8.733000,-61.067355,209490.723932,178.867456,207568.612866,58.803566,210711.762811,96.509043,681.876798,-23.286516,678.117535,-143.519525,683.656436,59.959489,0.002667,1,0
8.767000,-61.043812,210394.912327,178.930560,208819.121384,58.856500,210453.034011,96.743464,679.640906,-23.036716,672.865213,-143.249711,679.146523,59.964243,0.005169,1,0
8.800000,-61.081924,208607.849558,179.195799,208604.818483,58.973232,207230.488799,96.955999,673.713250,-23.185594,674.144576,-143.079973,678.851924,59.966021,0.003559,1,0
8.833000,-60.882934,209359.459673,178.917316,208640.465401,59.107481,209149.495818,97.402577,677.344254,-22.998921,673.677632,-143.253280,670.959379,59.960266,-0.002317,1,0
8.867000,-61.132717,206867.068326,179.007153,209416.567944,58.942208,210594.802474,97.011971,675.456378,-22.740012,677.814286,-143.201910,673.285181,59.952994,-0.002497,1,0
8.900000,-61.245823,207929.014963,178.799516,208813.781898,58.871735,209190.157143,96.706174,676.641022,-22.887050,673.675216,-143.076334,669.728225,59.951742,0.002508,1,0
8.933000,-60.990409,208745.797423,178.925185,208341.621665,59.004006,209506.805623,97.178491,674.597390,-22.925590,675.262269,-143.250027,671.200930,59.963178,-0.005045,1,0
8.967000,-61.264752,208940.747543,178.889542,209395.613550,58.855763,207719.449494,96.742955,676.262651,-22.583354,677.384237,-143.231172,675.388213,59.956570,-0.004727,1,0
9.000000,-61.071875,210655.415943,178.792264,208851.735467,58.965214,207908.144903,96.794789,666.405243,-23.389936,685.008241,-143.048142,673.062238,59.952124,0.004205,1,0
9.033000,-61.113433,210720.421434,178.942508,207696.740110,58.789132,209493.960084,97.021316,682.468750,-23.553417,675.691161,-143.252470,673.060466,59.956646,0.003058,1,0
9.067000,-61.068599,209461.401490,178.749759,208533.024737,58.828814,208734.578927,96.817574,677.996896,-23.347877,669.646204,-143.148994,667.003950,59.951438,-0.001534,1,0
9.100000,-61.115932,208388.457398,178.607393,209374.969661,58.865202,209378.205480,96.850270,668.961981,-23.183330,678.400625,-142.887405,669.673022,59.946727,0.000366,1,0
9.133000,-61.066837,208580.040971,178.900981,209349.671163,58.759471,208521.295144,96.626906,673.218144,-23.131519,679.997847,-143.304276,667.815067,59.954318,-0.002943,1,0
9.167000,-61.146561,209654.355534,178.926950,208176.215631,58.810162,208805.114613,97.009540,669.095117,-23.072253,674.105405,-143.326139,675.929861,59.956295,-0.006424,1,0
9.200000,-61.227667,209823.515500,178.999201,209957.634338,58.696256,207799.713608,96.849577,679.379799,-23.107762,676.524756,-143.228883,671.244858,59.955016,0.017704,1,0
9.233000,-61.080141,209944.643643,178.935883,209771.108656,58.947236,208818.229027,97.310732,683.303046,-23.162085,675.149512,-143.410382,674.253853,59.955763,-0.001036,1,0
9.267000,-61.051858,208610.388387,178.855337,209822.683757,58.986833,209377.715333,96.706585,679.696238,-23.486653,670.280926,-142.929606,678.992561,59.956781,0.007058,1,0
9.300000,-61.190685,208731.145214,178.625691,207432.180463,58.919699,208481.955711,97.147920,676.712836,-23.621398,678.102775,-142.837191,679.498952,59.954167,-0.001460,1,0
9.333000,-61.378499,208545.971672,178.719524,209033.261191,58.982086,208971.618429,96.774245,669.091106,-23.287393,684.626974,-143.186572,679.495445,59.956905,0.006240,1,0
9.367000,-60.857625,208362.906586,178.888617,208273.084847,59.075631,209269.163800,97.030085,679.128614,-23.343620,682.846253,-142.957640,680.496780,59.952606,0.002580,1,0
9.400000,-60.992938,207376.102480,178.833141,208721.676484,59.004806,208221.819413,96.857657,673.724700,-23.248056,671.005036,-142.784041,677.310652,59.957383,0.018450,1,0
9.433000,-61.009469,209068.722264,179.000008,210112.561146,58.802461,208684.979047,97.029034,679.294955,-23.045006,677.737914,-143.195664,684.530734,59.952846,0.007353,1,0
9.467000,-61.304948,208645.705483,178.948246,209740.174103,59.013611,208207.868392,96.658178,684.579204,-23.200321,683.093919,-143.140261,680.453518,59.964679,0.013812,1,0
9.500000,-61.105025,209128.617569,179.006073,208702.734001,58.860572,209405.316163,96.745272,688.870021,-22.983640,683.672988,-142.733629,684.623832,59.962358,-0.006260,1,0
9.533000,-61.102311,208086.130826,178.947674,207974.063866,58.889430,208585.411443,96.881895,682.784781,-23.147668,682.725728,-143.221127,685.111373,59.962510,0.007834,1,0
9.567000,-61.068633,207800.632398,178.789031,207906.617302,59.065994,207425.070027,96.741270,687.786282,-22.982578,681.057074,-143.086223,687.369574,59.954285,-0.005988,1,0
9.600000,-60.990665,209732.132174,178.934975,209208.657094,58.926935,208938.804488,96.989877,686.514479,-23.090053,689.715357,-142.788082,690.849872,59.959943,0.008519,1,0
9.633000,-61.094692,209064.182156,179.014012,208746.716230,58.969521,208741.226018,96.868948,693.704935,-23.173117,686.411613,-143.077459,688.699836,59.958750,0.007032,1,0
9.667000,-61.009856,210144.933872,178.837602,207564.676997,59.063367,206583.768829,97.041691,694.180543,-23.290857,688.567695,-143.012879,688.192934,59.958247,0.007500,1,0
9.700000,-61.082095,208710.931761,178.920174,207952.996792,58.852732,208786.397048,96.995487,694.759351,-23.274303,695.888579,-143.044490,688.320080,59.959579,0.004707,1,0
9.733000,-60.950671,208603.323214,178.797607,209240.135286,58.935747,208861.800080,97.127763,686.623710,-22.860078,690.272857,-143.112293,690.634005,59.951971,0.004970,1,0
9.767000,-60.909812,207633.004951,178.808903,207997.427311,58.959222,209324.666523,96.991429,683.984338,-23.075249,691.392904,-142.946897,682.309787,59.947756,-0.008451,1,0
9.800000,-61.231604,208647.474582,178.924257,209003.000575,58.935251,208643.345758,96.951677,690.137527,-23.089067,687.390917,-143.032457,686.170497,59.949970,0.008890,1,0
9.833000,-60.889285,209626.414200,179.022717,208245.645592,58.807612,208422.015829,96.992695,682.967855,-22.978465,685.591782,-143.107612,685.962879,59.951419,-0.001333,1,0
9.867000,-61.264204,209754.198785,179.163172,207689.379720,58.988490,208894.941795,96.938098,683.321313,-22.734686,683.117040,-143.152561,686.969941,59.953927,0.007651,1,0
9.900000,-60.810725,208209.131565,179.151703,209206.487575,58.869842,208779.326523,97.383129,693.550932,-22.841695,691.540791,-143.130451,681.790569,59.957506,-0.003164,1,0
9.933000,-61.065472,209134.966576,179.029040,209297.135290,59.102882,208773.631787,96.712811,681.449777,-22.887262,683.405043,-142.979722,688.517150,59.954958,0.005882,1,0
9.967000,-61.010962,208995.030289,178.929440,207801.418779,58.984462,209097.133685,96.938195,684.116163,-23.127110,683.827085,-143.006393,681.431686,59.953726,0.002268,1,0
10.000000,-60.989006,209186.476389,178.840699,209818.821587,59.073149,211143.849739,97.167422,680.146779,-22.920765,697.770871,-143.135172,686.499357,59.953541,0.000368,1,0
10.033000,-60.938707,209562.949058,179.129174,210016.958926,59.121669,209061.313848,97.300126,685.793381,-22.814590,686.956427,-142.928541,681.892439,59.952365,0.005135,1,0
10.067000,-60.869557,208389.680916,179.027746,208398.047785,59.129264,209856.847758,97.290187,684.729532,-22.793720,691.631507,-142.803276,693.622982,59.952446,0.000507,1,0
10.100000,-60.864359,208105.880535,179.033825,207856.623387,59.083722,210819.192308,97.054185,686.012671,-22.950650,679.571346,-142.906950,691.390753,59.954693,-0.003523,1,0
10.133000,-61.079753,209762.341545,179.213094,210097.739746,59.028677,207516.095906,96.968079,685.397762,-22.765645,688.385468,-142.930868,681.708261,59.954271,-0.002211,1,0
10.167000,-60.755984,210494.323285,179.229543,209118.338900,59.089008,210454.199253,96.964006,684.374710,-22.800526,690.167925,-143.144612,680.752237,59.948405,-0.004778,1,0
10.200000,-61.007155,209911.746929,179.040678,207307.131413,59.093933,207456.247505,97.019725,680.812620,-23.005559,684.540305,-142.605087,685.744025,59.957434,0.013645,1,0
10.233000,-60.865856,207841.084638,179.025194,207911.499474,59.079522,207297.951643,97.565076,687.324537,-22.775111,686.676021,-142.854434,688.256437,59.959354,0.002213,1,0
10.267000,-60.951858,208611.018250,179.069306,208346.338744,59.151539,207925.645464,96.785100,683.704844,-22.907655,680.131840,-142.937364,681.808997,59.946968,-0.003999,1,0
10.300000,-60.903938,208077.094356,179.112966,207527.350859,59.131703,209828.293211,96.965064,687.702082,-22.890028,689.925237,-142.890926,680.090272,59.951027,-0.003372,1,0
10.333000,-60.915697,207714.788640,179.107659,207113.431555,58.983564,208866.946521,97.075783,693.267711,-23.061873,686.906860,-142.898809,685.590087,59.951129,0.002571,1,0
10.367000,-60.789628,208827.192775,179.121629,208645.350183,59.098916,207622.601247,97.256703,691.391324,-22.924469,688.608872,-142.608325,688.452817,59.949100,-0.010218,1,0
10.400000,-60.837796,208851.570161,179.064838,208938.679918,58.913785,208177.636168,97.060183,692.263400,-22.860583,691.409859,-142.982888,692.532695,59.952761,-0.005151,1,0
10.433000,-61.025327,208361.238406,179.340847,208429.996132,59.064720,207863.313158,97.321760,689.760384,-22.999891,694.282371,-143.076753,692.855787,59.951712,-0.001035,1,0
10.467000,-61.009566,208643.087726,179.069897,209046.754461,58.940741,208200.726675,96.903039,690.569782,-23.252427,691.385706,-143.123639,689.619596,59.952684,-0.003055,1,0
10.500000,-60.902915,209619.540840,179.057279,206863.505007,59.180036,209323.827800,97.148981,686.801135,-22.907797,693.482947,-142.858010,693.405354,59.940425,0.009217,1,0
10.533000,-60.994435,209073.329815,179.129502,207329.772654,59.209090,208688.931447,96.860245,690.601791,-23.151735,689.068721,-142.439473,685.606742,59.947484,-0.005430,1,0
10.567000,-60.899303,208304.253851,178.967023,208396.830126,59.260739,207656.090082,96.826199,689.653705,-22.853157,686.094429,-142.839481,691.883925,59.943949,-0.002101,1,0
10.600000,-60.914091,209903.696659,179.104610,207389.941522,59.300209,207577.892998,96.883749,690.176359,-22.682271,695.344701,-142.978043,695.377474,59.955002,-0.006549,1,0
10.633000,-60.882703,208598.037605,179.049974,208513.920847,59.122005,208012.304624,96.895033,687.082021,-22.996524,685.684838,-142.836736,689.645432,59.950911,0.010119,1,0
10.667000,-60.892336,207489.704829,178.899740,208951.817697,58.989494,206309.394221,97.250537,685.171889,-23.164231,691.875762,-143.125394,684.976658,59.950328,0.008864,1,0
10.700000,-60.961377,209684.671851,179.034277,208697.024437,58.965941,207996.435346,97.068700,687.622254,-23.002303,692.258187,-143.067313,689.087737,59.950869,0.000581,1,0
10.733000,-61.024946,207847.378668,179.315180,207560.813105,59.113597,208286.507196,96.888024,689.534668,-22.860078,696.659529,-143.054430,694.138952,59.956747,-0.002723,1,0
10.767000,-60.835040,210135.693210,179.073569,208879.397920,58.926888,207415.385985,97.169458,695.184677,-22.858325,688.823428,-142.845684,685.310896,59.956219,-0.007017,1,0
10.800000,-61.070364,207744.951738,179.138381,207739.726921,58.928526,208931.756834,96.917952,693.399406,-22.763619,696.978452,-142.970555,691.606603,59.958106,0.011592,1,0
10.833000,-61.060001,207754.176035,179.200447,208573.885383,59.221060,208191.604980,96.821886,692.388906,-22.721435,690.645364,-142.565721,691.086113,59.958648,0.012265,1,0
10.867000,-60.665676,208784.151983,179.264136,209214.527184,59.063432,207766.302358,97.273078,691.900625,-22.625678,691.706937,-143.131687,688.768319,59.953374,-0.002680,1,0
10.900000,-60.901665,207814.907601,179.074566,208219.052507,59.272969,209016.049170,97.565054,694.249700,-22.694733,693.809386,-142.865157,700.937148,59.960846,0.002173,1,0
10.933000,-60.796507,209623.846120,179.193430,208020.586366,59.187626,207719.623946,97.229744,694.680255,-22.701630,692.952132,-142.844504,703.018505,59.959689,0.009000,1,0
10.967000,-61.131323,209401.425341,179.188430,208674.772789,59.099805,209269.604346,96.762961,696.842162,-22.814457,690.861503,-143.251027,683.115150,59.968065,-0.008492,1,0
11.000000,-60.987293,209135.859259,179.138466,208695.476741,59.074989,209146.262307,97.082083,692.425531,-22.738171,688.371975,-142.678605,696.149539,59.965655,0.013547,1,0
11.033000,-60.916564,208027.402147,179.050490,207429.357630,59.264471,207721.345841,97.186109,694.106521,-23.128527,690.602271,-142.811726,690.001008,59.962241,0.004424,1,0
11.067000,-60.799997,208961.673714,179.014374,207378.241807,59.197675,209727.096103,97.244506,689.960499,-22.686038,691.070441,-142.761367,698.862010,59.965730,0.011198,1,0
11.100000,-60.911429,208470.024584,179.078600,208228.575343,59.172690,209202.257966,97.139066,689.814246,-22.798869,695.831577,-142.924098,696.717883,59.962205,0.002380,1,0
11.133000,-60.812015,208923.144066,179.168929,207800.722585,59.181855,209233.807703,97.026616,690.569659,-23.039252,690.421379,-142.613051,689.084212,59.968528,-0.012575,1,0
11.167000,-60.784711,208940.477907,179.078630,206797.391549,58.956514,208493.003252,97.322383,690.530211,-22.780893,686.439545,-142.867672,694.928679,59.968537,-0.004534,1,0
11.200000,-60.853258,207844.353540,179.366474,207274.051253,59.076487,208748.415856,97.090906,691.660406,-22.566528,688.323399,-143.145970,691.386556,59.967449,-0.000569,1,0
11.233000,-60.880843,208923.031506,179.239723,207583.529720,59.135847,208624.281945,97.114678,686.739593,-22.867597,684.681640,-143.003634,683.055412,59.964360,-0.002518,1,0
11.267000,-60.789954,208220.111875,179.151854,210131.014650,59.313990,207631.758270,96.979429,693.341052,-22.653157,689.175911,-142.549827,690.529625,59.959114,-0.002706,1,0
11.300000,-60.732521,208622.131133,179.107026,208110.897156,59.138909,208706.782371,97.501636,691.528504,-22.810155,688.729982,-143.030103,694.299186,59.957350,0.002084,1,0
11.333000,-60.875663,208653.036818,179.020409,209445.838465,59.037680,209120.886276,96.929854,688.492308,-23.014195,694.835434,-142.872382,688.537803,59.965671,-0.006276,1,0
11.367000,-60.643903,207795.665919,178.993980,208472.806391,59.209594,207335.660709,97.120952,696.490457,-23.141074,689.051404,-142.900791,689.798713,59.962226,-0.014577,1,0
11.400000,-60.922553,208382.560942,179.223906,207530.720099,59.168245,208486.879341,96.593468,691.856583,-22.552291,689.097757,-142.943726,683.857276,59.960993,-0.002656,1,0
11.433000,-60.794654,209776.072694,179.008871,206879.538319,59.281061,207460.507285,97.328603,688.542612,-22.772584,688.173423,-142.761324,687.521751,59.958742,0.000095,1,0
11.467000,-60.770550,207384.991572,179.263203,208687.324757,59.194013,208570.234777,97.157955,686.147439,-22.777088,685.859740,-142.815009,689.366787,59.956970,-0.005598,1,0
11.500000,-60.773155,207688.012715,179.312444,206727.830008,59.178319,207564.487893,97.376994,691.254707,-22.801315,689.699734,-142.794779,686.370020,59.962377,-0.013919,1,0
11.533000,-60.681939,205741.144177,179.374894,208515.079429,59.289455,206908.019718,97.789360,687.942043,-22.428789,684.364691,-142.626273,686.413508,59.963147,-0.003222,1,0
11.567000,-60.632527,208753.792910,179.134443,208637.254343,59.186333,208047.073802,97.096971,684.865415,-23.020119,677.339871,-142.780409,683.172626,59.969677,-0.008848,1,0
11.600000,-60.832094,207445.454893,179.222634,208405.865630,59.519610,209423.096800,97.238173,688.854596,-22.806658,679.657534,-142.466120,683.172501,59.962109,-0.013063,1,0
11.633000,-60.906890,208319.002290,179.509332,208283.662388,59.127329,206397.333198,97.066968,669.999416,-22.286760,681.794186,-143.050262,682.384541,59.954063,0.002946,1,0
11.667000,-60.729640,207493.298582,179.222735,208095.955626,59.232164,206516.932204,97.376973,681.573582,-22.620634,684.896503,-142.839872,691.350927,59.955252,0.001631,1,0
11.700000,-60.781650,207163.159760,179.403428,207022.635583,59.126548,207051.229497,97.438373,684.038391,-22.413388,687.688880,-142.956948,682.011722,59.958771,0.004029,1,0
11.733000,-60.572587,207106.000920,179.203788,207112.674460,59.333650,207791.187899,97.466531,681.735104,-22.926597,681.609398,-143.102023,682.931360,59.953283,0.002135,1,0
11.767000,-60.687628,205555.292531,179.234154,207252.725990,59.219182,207100.160742,97.347233,687.577179,-22.790482,681.219697,-142.764784,684.275100,59.961652,0.010043,1,0
11.800000,-60.672100,207767.661274,179.215981,206694.243969,59.227818,207533.383825,97.250535,697.725764,-22.637288,690.292957,-142.518094,689.315948,59.957838,-0.012087,1,0
11.833000,-60.666261,208003.538515,179.203396,206588.861550,59.265663,207843.211292,97.384492,689.532489,-22.865484,687.593115,-142.659851,685.636724,59.956192,0.013417,1,0
11.867000,-60.819914,208696.297583,179.291784,208330.195182,59.377588,207684.553341,97.190180,687.279723,-22.899995,681.882020,-142.614490,683.506623,59.960494,-0.005909,1,0
11.900000,-60.788033,208042.879951,179.287308,207008.586979,59.296455,207494.428815,97.042776,682.399827,-22.728115,692.428771,-142.704308,686.659008,59.960420,-0.000334,1,0
11.933000,-60.539876,207844.280620,179.213930,207536.037811,59.471519,205467.689068,97.332906,692.465900,-22.863563,686.089135,-142.346784,692.241103,59.958153,0.001328,1,0
11.967000,-60.816570,207565.564573,179.184198,208367.717797,59.248497,207558.606370,97.013368,689.500869,-22.915211,687.595188,-142.510213,697.342617,59.958036,-0.010142,1,0
12.000000,-60.834946,207083.088759,179.269413,207474.370061,59.290190,206553.876057,97.232015,687.566353,-22.741136,690.615929,-142.749788,688.227192,59.956155,0.002017,1,0
12.033000,-60.644477,206907.186361,179.393849,208266.357517,59.056295,208956.321427,97.654990,690.506838,-22.433188,691.972854,-143.279399,692.805909,59.962141,0.008701,1,0
12.067000,-60.939236,205442.919525,179.247563,207309.837584,59.214831,206851.861963,97.066305,691.740130,-22.600410,686.848145,-142.766900,687.740729,59.960774,0.000837,1,0
12.100000,-60.825184,207196.165516,179.360465,206748.720547,59.398050,208736.337349,96.974778,684.870326,-22.275583,688.533021,-142.742886,679.283846,59.962401,-0.001774,1,0
12.133000,-60.904458,207905.696762,179.263890,206924.950275,59.280145,208078.401290,97.026680,683.253409,-23.079307,689.236880,-142.815400,682.247948,59.957072,-0.003881,1,0
12.167000,-60.695941,208068.248211,179.290545,208344.863803,59.267243,207043.933799,97.293372,689.953777,-22.607755,685.446841,-142.626953,691.777278,59.954844,0.000872,1,0
12.200000,-60.599112,206876.818303,179.273244,207672.394355,59.376712,207847.431103,97.161963,698.770576,-22.972136,689.267784,-143.040277,690.274716,59.961516,-0.000918,1,0
12.233000,-60.812741,207734.336786,179.359629,207811.283334,59.195101,207016.939943,97.225994,684.276101,-22.948419,690.664711,-142.958933,689.945642,59.960492,0.007133,1,0
12.267000,-60.661151,208215.803087,179.176597,207838.700919,59.266058,208544.167545,97.094139,691.349010,-22.514328,693.821527,-142.712179,697.225655,59.957172,-0.000794,1,0
12.300000,-60.681288,208202.253633,179.343758,209474.733255,59.398778,206712.496521,97.174987,695.639414,-22.275079,688.474474,-142.863319,692.914050,59.954639,0.008271,1,0
12.333000,-60.861968,209943.348142,179.263804,206977.695151,59.408917,207523.673154,97.177598,690.679506,-22.679221,684.850975,-142.819915,694.676820,59.954837,-0.006199,1,0
12.367000,-60.775004,209029.087348,179.337455,208096.633636,59.199076,207348.274500,97.309003,691.041271,-22.598396,692.309800,-142.660564,682.237651,59.952851,-0.000780,1,0
12.400000,-60.719068,208171.191460,179.372719,208991.232152,59.445920,207988.062883,97.181285,690.375151,-22.663542,691.110035,-142.495100,695.636624,59.957235,0.011096,1,0
12.433000,-60.675215,209427.702033,179.221200,208679.246198,59.221762,207819.485813,97.343671,686.766816,-22.823609,691.186504,-142.935638,685.953827,59.957200,-0.012565,1,0
12.467000,-60.567678,206888.651651,179.081891,206234.801197,59.263874,209527.704532,97.010209,686.429981,-22.798961,680.879751,-142.980028,681.388485,59.956856,0.008753,1,0
12.500000,-60.849249,207764.437159,179.270645,208623.396810,59.194579,208780.636038,97.394094,683.061774,-22.977178,686.221988,-142.799536,684.761296,59.955677,0.008362,1,0
12.533000,-60.742302,208377.100202,179.330096,208498.043026,59.284832,207547.826527,96.957673,679.767264,-22.644721,682.492348,-142.876842,683.729466,59.958787,0.005118,1,0
12.567000,-60.871209,207254.246336,179.300685,207618.139934,59.298206,207288.277032,97.010848,678.575795,-22.693935,687.398666,-142.371471,682.552788,59.961054,-0.000333,1,0
12.600000,-60.646462,209590.404669,179.289046,210074.799744,59.128366,207841.373702,97.450325,681.711362,-22.729790,677.686406,-143.073425,684.085453,59.959435,-0.004365,1,0
12.633000,-60.816495,208134.750470,179.224042,209620.754464,59.258528,208545.994456,97.104875,684.995327,-22.978411,683.327388,-142.810053,676.433978,59.953207,-0.002238,1,0
12.667000,-60.658667,208090.188592,179.326077,208064.906916,59.213542,208808.892520,97.662418,676.645874,-22.659727,679.187598,-142.514702,677.426313,59.959121,-0.000061,1,0
12.700000,-60.746494,208140.388231,179.241407,208975.197632,59.417806,209726.592515,97.103632,682.872733,-22.670396,678.881621,-142.615966,684.294514,59.962286,0.003543,1,0
12.733000,-60.781263,210070.314549,179.307505,208153.742589,59.297157,209505.512204,97.365039,676.867163,-22.492857,688.267643,-142.541120,688.981992,59.958270,-0.000932,1,0
12.767000,-60.606073,210194.661556,179.251581,208133.272033,59.262012,210280.135567,97.331908,680.880135,-22.950528,681.404533,-142.818077,689.099037,59.950970,-0.008075,1,0
12.800000,-60.686887,209701.353427,179.402202,208788.837653,59.299463,208219.891806,97.178018,688.744543,-22.557797,684.215536,-142.467635,678.515713,59.949163,-0.000568,1,0
12.833000,-60.743288,208641.448164,179.168488,208395.966168,59.089453,209356.145771,97.377467,686.327364,-22.558895,688.315032,-142.835738,680.161058,59.954062,-0.004238,1,0
12.867000,-60.771120,207989.845402,179.260018,209320.229520,59.397765,210993.194187,97.514051,683.131068,-22.650004,688.490897,-142.553000,689.250098,59.948265,-0.004581,1,0
12.900000,-60.699297,210020.434461,179.410005,209832.328422,59.136484,209454.057237,97.271396,685.481186,-22.530386,690.920042,-143.111679,687.303692,59.948876,0.003733,1,0
12.933000,-60.652831,209612.351222,179.439309,208673.136132,59.321123,209043.963102,97.464022,690.756784,-22.541127,691.201536,-142.791935,686.123824,59.940508,-0.005952,1,0
12.967000,-60.656794,207918.131667,179.150615,209313.004243,59.357462,207243.583580,97.300473,687.216238,-22.694005,682.772003,-142.997686,681.822407,59.940655,0.004007,1,0
13.000000,-60.677652,209118.385269,179.400916,206920.048332,59.314463,208588.549011,97.427842,687.424379,-22.503701,679.115923,-142.674937,688.257094,59.947635,0.001615,1,0
13.033000,-60.744218,210796.896080,179.300866,208929.477551,59.204507,207942.637126,97.262201,682.800595,-22.582759,686.057936,-142.725286,676.629250,59.955345,-0.007503,1,0
13.067000,-60.625720,209425.367894,179.373822,207948.686341,59.406576,210019.730407,97.212365,684.110537,-22.621944,682.271066,-142.668152,684.804778,59.940673,0.005240,1,0
13.100000,-60.600214,208228.460395,179.320092,209623.953833,59.397694,208276.250724,97.360924,685.940349,-22.691697,692.403587,-142.868775,679.008567,59.941619,0.001159,1,0
13.133000,-60.644488,207284.867043,179.312597,207941.599942,59.348634,207942.509698,97.258805,688.609977,-22.685299,684.136189,-142.673232,690.346721,59.945448,-0.011461,1,0
13.167000,-60.567567,210356.536566,179.341010,208442.118837,59.548262,208697.374454,96.989743,689.776478,-22.758864,683.330866,-142.391692,688.688312,59.937982,0.008463,1,0
13.200000,-60.657718,209344.884228,179.484765,208976.907255,59.254505,208947.170950,97.387001,686.450965,-22.559618,677.584263,-142.919158,682.539153,59.942330,0.000123,1,0
13.233000,-60.649764,207998.689302,179.348663,209563.509289,59.587171,209479.205141,97.054741,685.369106,-22.467275,677.629057,-142.611369,687.417857,59.939997,0.008652,1,0
13.267000,-60.359977,210464.405562,179.377360,208876.008476,59.278729,207054.344543,97.962634,684.476434,-22.381209,683.363021,-142.780084,682.245589,59.946735,0.009265,1,0
13.300000,-60.602415,209581.564969,179.216660,209349.961847,59.226660,208637.003251,97.739553,681.664840,-22.745810,690.671797,-142.684817,687.945069,59.946876,-0.004255,1,0
13.333000,-60.618093,209085.224575,179.345576,209842.238101,59.267606,209041.466275,97.548915,681.191474,-22.507575,682.004564,-142.734403,686.380074,59.943072,0.005467,1,0
13.367000,-60.814806,209185.027678,179.398682,209837.954101,59.395849,209904.841296,97.193417,684.902366,-22.543183,680.784380,-142.523044,682.063331,59.944013,0.003979,1,0
13.400000,-60.893166,209203.232946,179.332099,206066.005980,59.382196,209751.365926,96.781069,681.096758,-22.601898,682.204242,-143.040041,678.588449,59.948603,-0.006163,1,0
13.433000,-60.727251,209353.531040,179.389292,207654.646504,59.352001,207707.841678,97.039843,679.729698,-22.520213,681.131693,-142.580053,679.778846,59.936773,0.005681,1,0
13.467000,-60.760575,209316.627973,179.187659,207906.960120,59.336434,208846.031391,97.309686,680.039179,-22.601114,689.318396,-142.781179,680.085988,59.941128,-0.001901,1,0
13.500000,-60.740481,208794.106313,179.201418,208288.259166,59.225628,209527.239639,97.146520,681.379452,-22.355441,682.409762,-142.922444,679.660935,59.934620,-0.000443,1,0
13.533000,-60.855675,210476.047790,179.274882,208571.536056,59.340366,208704.403536,96.931753,678.558527,-22.509907,672.597980,-142.141560,682.240254,59.948731,0.002332,1,0
13.567000,-60.583156,208543.499513,179.036272,209719.834349,59.276028,206381.901644,97.298849,667.646459,-23.073517,676.253525,-142.645911,675.302464,59.941331,0.000575,1,0
13.600000,-60.807878,208859.783690,179.353904,208833.893910,59.344963,207788.274753,96.970863,674.301263,-22.726689,684.481430,-142.531832,672.483558,59.935368,0.001443,1,0
13.633000,-60.781058,210444.534295,179.311666,207388.421510,59.371219,207462.493436,97.294876,674.353620,-22.889401,673.684213,-142.511791,677.178408,59.941667,0.004496,1,0
13.667000,-60.577574,208859.271848,179.251798,207722.337731,59.325901,209184.925144,97.378510,672.630921,-22.611417,669.138153,-142.731104,680.714732,59.943805,0.000536,1,0
13.700000,-60.733318,209689.401467,179.241776,209584.188212,59.440864,207083.083207,97.124665,669.186978,-22.734898,675.867731,-142.855855,674.430577,59.932188,-0.005429,1,0
13.733000,-60.632362,208382.400297,179.320557,206962.063644,59.207770,210336.531821,97.236748,671.884344,-22.642317,676.976580,-143.082884,674.389567,59.938713,-0.011063,1,0
13.767000,-60.542883,207707.403133,179.386288,207151.600347,59.405622,208856.426700,97.466482,678.132888,-22.801997,670.736114,-142.399958,669.931435,59.945325,0.017319,1,0
13.800000,-60.518296,208916.902309,179.521092,206372.042001,59.389918,206446.115229,97.618742,671.635285,-22.489581,672.230248,-142.736106,663.967494,59.938313,-0.009950,1,0
13.833000,-60.360899,207336.663675,179.361582,207592.799356,59.425197,208338.811280,97.855884,669.431774,-22.280362,664.044313,-142.422114,668.977117,59.942921,-0.005047,1,0
13.867000,-60.800806,208455.991979,179.340562,207580.490061,59.433471,207857.017364,97.053246,665.337594,-22.743272,673.975178,-142.873487,664.940745,59.930573,0.002837,1,0
13.900000,-60.693441,210464.956124,179.332133,208716.967475,59.581133,206839.356408,97.216793,666.398399,-22.515670,668.208069,-142.256844,660.547826,59.935512,0.000158,1,0
13.933000,-60.486806,208734.144291,179.346706,208298.344265,59.445006,207035.255919,97.498794,671.282870,-22.695178,668.968336,-142.712297,667.721681,59.939616,-0.002624,1,0
13.967000,-60.549792,210348.929571,179.458717,209377.584746,59.333869,207956.040588,97.565665,664.749143,-22.455452,666.685540,-142.561664,673.184776,59.943328,0.010596,1,0
14.000000,-60.626983,210173.075739,179.457604,208337.554093,59.556423,211604.691457,97.475509,663.836906,-22.493881,670.137088,-142.691476,661.811595,59.947096,-0.001346,1,0
14.033000,-60.640270,209702.271117,179.297959,207728.922880,59.389624,209461.762463,97.227862,657.892904,-22.826974,664.686171,-142.635775,667.374596,59.933262,0.011321,1,0
14.067000,-60.718142,209559.994494,179.243683,210074.506435,59.389761,208683.854367,97.216033,658.310453,-22.721552,667.822157,-142.469824,661.718537,59.935177,0.002023,1,0
14.100000,-60.659167,207667.231739,179.211792,208179.655867,59.483464,210425.354895,97.438488,658.643964,-22.657634,662.344762,-142.256749,665.320608,59.938220,0.016126,1,0
14.133000,-60.582305,208725.585122,179.340511,208093.263174,59.251833,208721.374067,97.073451,665.235166,-22.532268,661.434935,-142.693422,662.055029,59.935164,0.003663,1,0
14.167000,-60.696830,209820.974459,179.264756,207834.748582,59.510546,206746.898565,97.389111,662.775853,-22.604493,660.469107,-142.411264,661.055820,59.937000,0.003413,1,0
14.200000,-60.532981,207486.951062,179.435742,207652.011283,59.462479,208079.458815,97.315209,666.962522,-22.705622,661.790853,-142.486301,661.019577,59.935796,-0.002591,1,0
14.233000,-60.714797,209181.278392,179.333665,208728.399005,59.383064,207482.420895,97.197277,662.586609,-22.559611,666.770514,-142.696658,660.576165,59.936748,-0.003071,1,0
14.267000,-60.460155,208529.028276,179.435383,207756.473886,59.667546,208248.781298,97.424044,663.995164,-22.708665,667.202295,-142.031608,662.955989,59.934161,-0.011770,1,0
14.300000,-60.574523,208333.814640,179.353721,207385.507906,59.476558,208211.571969,97.379912,666.449916,-22.779888,664.659517,-142.325219,666.261438,59.927342,0.011420,1,0
14.333000,-60.501161,210008.255958,179.250398,209168.579600,59.245411,208250.123298,97.421022,658.503249,-22.835646,660.125437,-142.651343,660.930686,59.932152,0.006701,1,0
14.367000,-60.641816,207486.820768,179.428663,208423.557406,59.378916,206401.585999,97.100640,661.192828,-22.280402,660.391362,-142.536916,663.733837,59.926808,0.000447,1,0
14.400000,-60.578296,208839.546803,179.424053,208775.809279,59.372655,207598.550604,97.332264,664.237687,-22.616464,661.309135,-142.832615,661.843794,59.930230,0.001981,1,0
14.433000,-60.722671,209723.273259,179.437309,209381.049364,59.622316,207677.812580,97.347316,656.573112,-22.782327,657.031368,-142.444414,657.849766,59.931875,-0.013414,1,0
14.467000,-60.669727,209865.368124,179.400383,209691.386429,59.523473,209022.886834,97.443325,659.612949,-22.489507,663.115630,-142.240453,657.268480,59.950594,0.006008,1,0
14.500000,-60.480287,208388.801754,179.509943,207628.276714,59.508640,208901.387520,97.267597,661.527461,-22.228391,661.042956,-142.670900,658.523711,59.944627,-0.005014,1,0
14.533000,-60.466520,208670.868128,179.458381,208082.118721,59.516969,207553.494204,97.389525,664.866438,-22.532327,661.488963,-142.512277,657.051068,59.937261,0.005256,1,0
14.567000,-60.538963,210343.975278,179.483637,207391.867272,59.585713,207880.674242,97.294429,662.676919,-22.415875,668.583909,-142.560232,657.633929,59.938542,0.006796,1,0
14.600000,-60.546865,209149.826703,179.507792,209456.086044,59.782231,208491.773576,97.501866,663.166712,-22.470077,660.836653,-142.165686,653.089533,59.930281,0.002253,1,0
14.633000,-60.581269,208797.332642,179.466163,209092.549177,59.340318,208472.381169,97.212557,658.612322,-22.585080,656.534562,-142.814427,665.840702,59.929566,0.001407,1,0
14.667000,-60.534661,210201.538634,179.559164,208641.936987,59.533214,207705.200969,97.560290,658.912135,-22.387384,662.077782,-142.671657,658.029373,59.932322,-0.003436,1,0
14.700000,-60.468769,209671.092574,179.651060,211041.798259,59.344141,209008.626505,97.688984,663.411981,-22.240812,653.251194,-142.882038,654.038890,59.936283,0.002871,1,0
14.733000,-60.508925,209998.261458,179.698349,208296.280246,59.395431,207167.229714,97.189760,664.351105,-22.060265,660.453569,-142.562769,672.652836,59.935903,0.003133,1,0
14.767000,-60.614439,207126.443337,179.532451,209592.579953,59.386024,209069.418651,97.276660,663.421246,-22.237353,667.591852,-142.770521,659.783087,59.931170,0.015252,1,0
14.800000,-60.526432,207126.984851,179.522478,207469.015354,59.475939,210349.824317,97.346156,660.905426,-22.438120,662.528364,-142.671882,660.132208,59.928328,0.005271,1,0
14.833000,-60.421975,210259.349840,179.498400,209266.988751,59.488188,209677.777622,97.514375,655.735975,-22.390904,657.496359,-142.304597,654.846865,59.941039,-0.001905,1,0
14.867000,-60.602296,209661.274741,179.504683,208402.797738,59.327650,209282.467097,97.446943,659.062861,-22.532366,655.632127,-142.548728,655.474191,59.938403,-0.017885,1,0
14.900000,-60.617471,208152.608053,179.599963,207981.947142,59.499719,208923.098472,97.653002,656.867693,-22.335882,661.295267,-142.790337,659.875700,59.935100,-0.005306,1,0
14.933000,-60.460397,208504.053690,179.514280,208371.521450,59.477846,208465.765973,97.509845,657.131265,-22.499801,657.018972,-142.646509,659.442680,59.932596,-0.004447,1,0
14.967000,-60.521948,207472.621084,179.539162,209715.192925,59.560655,207512.009093,97.527826,658.229061,-22.324257,657.986548,-142.345638,667.825668,59.931489,0.004302,1,0
15.000000,-60.640831,209219.196162,179.382397,209388.879085,59.537193,207388.380276,97.507136,662.656587,-22.783630,662.601479,-142.406817,663.377990,59.938603,0.015339,1,0
15.033000,-60.442524,206398.183317,179.609803,208940.007481,59.497518,208060.824466,97.424685,669.962428,-22.281272,660.086234,-142.305410,655.530106,59.932765,0.001482,1,0
15.067000,-60.254323,207884.627102,179.279269,210327.651763,59.436617,206466.422091,97.633979,657.070789,-22.445806,662.072086,-142.304440,664.746754,59.945648,0.000744,1,0
15.100000,-60.599994,209920.675807,179.407414,207563.266804,59.373021,208769.511583,97.465681,656.229759,-22.335502,656.437340,-142.527166,664.196961,59.939277,0.009773,1,0
15.133000,-60.650278,208809.925449,179.461766,207801.378972,59.448523,208949.411117,97.256394,654.285177,-22.581461,659.990807,-142.369257,657.885694,59.927997,-0.004922,1,0
15.167000,-60.355231,207719.912933,179.361826,207438.960562,59.435851,207240.890985,97.579387,661.656361,-22.422335,662.992370,-142.427719,658.087047,59.941486,-0.004034,1,0
15.200000,-60.550315,208390.999473,179.557445,208546.212576,59.448866,207957.935044,97.830690,657.816860,-22.314157,658.033834,-142.556319,651.059942,59.941124,0.004785,1,0
15.233000,-60.503127,208999.944379,179.329215,209108.696001,59.379628,209474.883818,97.507723,651.902932,-22.785998,650.559514,-142.719508,657.692277,59.936322,-0.000356,1,0
15.267000,-60.472496,209600.410623,179.345929,208655.740634,59.461761,209866.728861,97.408783,654.362081,-22.620663,657.205237,-142.850733,658.409347,59.937711,-0.013607,1,0
15.300000,-60.662200,209340.394631,179.165129,209016.357297,59.511831,209040.134977,97.163539,656.869364,-22.803125,654.225557,-142.687618,650.470659,59.929922,0.007089,1,0
15.333000,-60.709809,208890.804866,179.552240,209954.757563,59.324469,209198.784101,97.149559,660.358917,-22.441404,656.465326,-142.984279,649.541390,59.934643,0.001992,1,0
15.367000,-60.623164,208700.067785,179.458124,208918.403193,59.449169,210620.870576,97.362019,655.417771,-22.615231,652.070595,-142.893758,654.231739,59.929764,0.006646,1,0
15.400000,-60.758379,208932.380533,179.518732,210636.063811,59.312682,208787.916046,97.314177,649.046954,-22.427398,654.375954,-142.882822,654.228999,59.933883,-0.003949,1,0
15.433000,-60.509799,207653.576165,179.431545,211457.027274,59.617789,208283.450715,97.527556,653.798204,-22.703124,650.415693,-142.118970,652.433426,59.932670,0.011971,1,0
15.467000,-60.390509,210078.133545,179.450220,208555.050209,59.247365,209249.486063,97.365209,653.003512,-22.562085,655.594329,-142.770797,653.227275,59.934195,0.000745,1,0
15.500000,-60.426243,209076.547096,179.401334,210662.484787,59.396419,208020.244031,97.367869,657.098388,-22.669713,655.240995,-142.713544,658.704401,59.924033,0.000938,1,0
15.533000,-60.327403,209114.589136,179.611711,209710.675001,59.407210,210031.796399,97.437942,652.462852,-22.385837,646.641244,-142.428988,654.305067,59.926121,-0.001571,1,0
15.567000,-60.483124,211031.613777,179.365230,209500.607519,59.475635,210331.185052,97.355901,654.154210,-22.864993,650.013114,-142.445415,659.268677,59.930040,-0.005638,1,0
15.600000,-60.496773,209436.830212,179.294298,209170.942645,59.411528,210450.666130,97.730249,660.953907,-22.580031,652.155106,-142.428024,658.654449,59.930163,0.004577,1,0
15.633000,-60.678091,210639.783155,179.537235,210329.025208,59.444431,208957.598152,97.653978,659.212624,-22.781980,657.569513,-142.427399,656.306552,59.932067,-0.005558,1,0
15.667000,-60.678005,209322.478809,179.491775,211043.752701,59.425561,210182.534024,97.227282,653.081804,-22.692780,657.399706,-142.487926,651.020399,59.930363,0.002283,1,0
15.700000,-60.592590,211145.266231,179.509189,209724.957364,59.326032,209799.197616,97.088883,653.275849,-22.652725,653.625002,-142.434580,655.235323,59.924814,0.005345,1,0
15.733000,-60.619998,210539.942666,179.375318,209603.592649,59.460205,209081.443229,97.227855,663.262528,-22.481642,653.104404,-142.444161,657.814308,59.933595,-0.011269,1,0
15.767000,-60.614038,208478.067354,179.409512,208425.409302,59.422242,210518.406170,97.299069,656.485647,-22.738504,661.630747,-142.557681,655.293910,59.935678,0.006362,1,0
15.800000,-60.681886,209870.331190,179.487664,209044.250268,59.527389,209098.315822,97.236448,658.405755,-22.697286,653.169176,-142.193261,650.572550,59.937010,-0.013449,1,0
15.833000,-60.655083,208911.842161,179.328031,210273.608266,59.408931,209870.844989,97.514890,664.375210,-22.754263,657.816380,-142.795820,659.480656,59.940745,-0.000431,1,0
15.867000,-60.578176,208782.854183,179.481530,209970.023132,59.477423,210713.387974,97.588047,659.586869,-22.389911,663.412752,-142.419125,657.521403,59.935834,-0.002907,1,0
15.900000,-60.434317,209690.133716,179.480577,208866.182859,59.571624,210821.842884,97.562134,655.323463,-22.590815,655.434123,-142.398195,658.128317,59.940332,0.002560,1,0
15.933000,-60.668085,208386.725729,179.661313,208196.069903,59.473853,210320.568285,97.609957,654.984951,-22.669277,664.736762,-142.590648,659.858358,59.939894,0.004792,1,0
15.967000,-60.482780,209679.548202,179.360594,209251.108539,59.491934,208000.987533,97.458757,658.384892,-22.746538,660.099693,-142.267337,655.308233,59.934362,0.006776,1,0
16.000000,-60.534909,209050.826206,179.277453,208739.878327,59.368780,208595.401962,97.833596,659.404137,-22.661292,658.486214,-142.251507,655.580380,59.934113,-0.013657,1,0
16.033000,-60.438133,210256.038239,179.423192,209638.220428,59.357253,208340.027793,97.927259,655.912634,-22.627097,665.444937,-142.542315,657.653266,59.938990,-0.000538,1,0
16.067000,-60.521024,209539.840281,179.523197,209529.159345,59.524463,209442.056391,97.577701,656.080115,-22.469264,662.160199,-142.008648,658.640027,59.936690,-0.009178,1,0
16.100000,-60.608181,208532.280114,179.387661,211403.990627,59.493984,208297.705390,97.434665,653.867402,-22.745913,657.606342,-142.753321,658.626109,59.938273,0.000660,1,0
16.133000,-60.546211,209674.784985,179.455978,209807.486620,59.426164,207860.509891,97.407517,655.658829,-22.654909,660.426534,-142.572478,662.354084,59.935463,0.004821,1,0
16.167000,-60.672824,209292.872836,179.588320,209546.761778,59.434811,209133.524952,97.472373,666.822509,-22.060851,664.910040,-142.691646,658.189174,59.934952,-0.002679,1,0
16.200000,-60.479568,208623.552153,179.533476,209105.571086,59.345160,210628.120845,97.544925,666.476536,-22.244033,655.001692,-142.462096,660.708208,59.940691,0.014542,1,0
16.233000,-60.389195,209883.577376,179.485592,210375.931134,59.486755,208689.165303,97.438034,660.189367,-22.716854,659.355792,-142.380639,658.494201,59.939219,0.005279,1,0
16.267000,-60.555655,207983.695469,179.491980,208604.203607,59.550914,208956.143530,97.460990,658.174844,-22.404476,656.114754,-142.414988,663.679494,59.937532,0.004219,1,0
16.300000,-60.537252,208385.423446,179.457694,211228.289638,59.433684,209315.670083,97.132482,655.550813,-22.284944,651.794166,-142.547425,664.006873,59.940954,0.008859,1,0
16.333000,-60.636993,210224.772762,179.394978,209306.333090,59.531189,208809.086590,97.320070,654.611067,-22.719966,659.304453,-142.410545,660.030802,59.945142,-0.009033,1,0
16.367000,-60.594893,210709.392356,179.481478,209882.354636,59.343647,208826.099769,97.080262,662.286746,-22.734913,663.475926,-142.859073,668.022409,59.944000,-0.013409,1,0
16.400000,-60.505666,210729.559151,179.417344,208942.890144,59.455570,208720.250672,97.686854,669.792662,-22.568280,665.427135,-142.490747,664.137531,59.939855,0.004780,1,0
16.433000,-60.567165,210340.376913,179.567042,208620.657685,59.596686,210657.076972,97.343621,656.778149,-22.490328,664.474348,-142.330659,665.630105,59.945709,0.014814,1,0
16.467000,-60.641541,209901.925120,179.414311,209377.262712,59.429104,209971.728006,97.144284,661.234495,-22.386689,666.199800,-142.445353,662.497307,59.939345,0.005450,1,0
16.500000,-60.620814,210857.393899,179.442525,208658.968406,59.334320,209671.419046,97.434740,661.504036,-22.712544,660.916490,-142.609813,660.588277,59.940187,-0.005026,1,0
16.533000,-60.483571,210274.565670,179.453173,210041.430202,59.321860,209858.002460,97.296660,659.006671,-22.754064,656.622600,-142.555985,668.044663,59.940407,-0.010004,1,0
16.567000,-60.796906,208677.434077,179.252368,209851.482594,59.325570,208224.819261,97.059535,658.677083,-22.631132,662.520424,-142.555414,664.796019,59.939485,0.000731,1,0
16.600000,-60.299261,207802.244820,179.327841,209826.726556,59.630476,208177.735797,98.012800,657.263496,-22.284726,655.467203,-142.695010,656.546841,59.943136,-0.002727,1,0
16.633000,-60.660503,208610.673663,179.527888,210191.395487,59.517385,208633.982644,96.846323,664.556505,-22.205047,661.113336,-142.565757,662.078766,59.934887,0.002669,1,0
16.667000,-60.617724,208527.743593,179.521255,209303.409546,59.374745,208171.417470,97.517579,662.177020,-22.569922,659.023938,-142.507120,664.206227,59.942375,0.006679,1,0
16.700000,-60.530992,209924.361619,179.388517,210266.782784,59.355902,209427.303808,96.954385,658.601257,-22.913065,663.019142,-142.757033,659.651562,59.942813,0.002560,1,0
16.733000,-60.604839,210326.996542,179.723024,211000.609807,59.340124,208778.622243,97.522903,670.242019,-22.372964,663.317658,-142.696888,667.302331,59.941744,-0.015151,1,0
16.767000,-60.566228,209863.375439,179.505194,210104.185627,59.294297,207385.992213,97.396903,661.383768,-22.638016,662.805058,-142.805535,660.792419,59.932393,0.005636,1,0
16.800000,-60.580462,209014.287003,179.386440,209894.126816,59.437487,209303.734560,97.621711,664.788271,-22.676266,661.003980,-142.792117,663.367507,59.939685,0.002215,1,0
16.833000,-60.641730,209821.205018,179.327579,207828.042945,59.383623,209195.624157,97.182132,655.930502,-22.577770,664.552997,-142.588029,663.088339,59.940732,0.006373,1,0
16.867000,-60.706241,209375.478638,179.513932,208175.484740,59.490050,210468.389490,97.490170,663.155733,-22.560994,668.525846,-142.348699,654.085250,59.946936,0.000866,1,0
16.900000,-60.529181,208649.716761,179.523190,208897.829641,59.408901,206938.220585,97.375658,668.868793,-22.557605,667.462599,-142.295890,658.361272,59.952065,-0.000915,1,0
16.933000,-60.565182,207785.248904,179.172610,208596.570826,59.442177,209265.473301,97.049456,665.817474,-22.582186,657.677385,-142.265380,666.282301,59.942278,0.006017,1,0
16.967000,-60.550387,209541.857891,179.501321,208679.519193,59.411728,209799.246633,97.767013,663.643797,-22.387249,661.130495,-142.721668,665.072529,59.942153,0.005831,1,0
17.000000,-60.590016,208251.511809,179.322635,210659.958433,59.417750,210264.838736,97.478236,659.779719,-22.346010,668.514436,-142.711059,664.756682,59.942732,-0.003236,1,0
17.033000,-60.607998,209197.490058,179.301573,208688.042222,59.474689,210179.522996,97.589604,663.494247,-22.598541,661.613265,-142.393475,668.265138,59.943502,0.006419,1,0
17.067000,-60.578070,209660.336376,179.328083,208387.361687,59.472264,210713.661731,97.554355,659.245995,-22.813220,664.117634,-142.558342,669.161275,59.946671,-0.002314,1,0
17.100000,-60.692473,208815.605719,179.450237,209808.203028,59.466208,208489.943379,97.308111,667.637389,-22.524901,665.029645,-142.441687,663.973572,59.943742,-0.010340,1,0
17.133000,-60.578969,209197.745933,179.546076,209024.360919,59.504315,208964.634387,97.348792,660.550216,-22.381049,661.207864,-142.737314,658.346569,59.943595,-0.012595,1,0
17.167000,-60.513431,209850.765154,179.446815,209230.673371,59.365997,209264.352148,97.695535,662.580602,-22.218621,660.613019,-142.653022,661.949676,59.942695,-0.003877,1,0
17.200000,-60.476301,209007.836792,179.501721,209661.818565,59.607607,209720.314913,97.736320,663.597375,-22.573178,665.591533,-142.467431,656.885694,59.937887,-0.008498,1,0
17.233000,-60.530286,206395.440032,179.687397,209033.615374,59.540375,209033.692688,97.442514,661.176915,-22.098858,654.324173,-142.699758,658.950009,59.945763,-0.005047,1,0
17.267000,-60.517753,209255.374704,179.368772,208274.917162,59.340250,207946.969981,97.442642,661.485979,-22.481814,661.436715,-142.661019,662.368314,59.942327,0.007582,1,0
17.300000,-60.630723,208388.595001,179.471255,211229.362679,59.365762,207501.998248,97.461500,653.635459,-22.499713,663.028827,-142.816263,663.483529,59.946084,0.014327,1,0
17.333000,-60.591549,209435.102765,179.482151,208287.837513,59.511584,209008.257126,97.585282,655.391039,-22.208919,659.028441,-142.436025,653.271809,59.941288,0.006370,1,0
17.367000,-60.609379,207516.762041,179.541616,208046.648690,59.529410,207700.978130,97.487498,659.241071,-22.611278,652.668818,-142.528342,657.367711,59.945691,0.006991,1,0
17.400000,-60.655686,209083.326994,179.275776,209213.866056,59.440791,207107.733937,97.376137,662.325377,-22.507954,654.872453,-142.548982,651.363758,59.948158,0.004161,1,0
17.433000,-60.567380,208376.433349,179.384183,209501.140409,59.359636,207955.470314,97.184210,659.761797,-22.415700,656.619040,-142.620505,657.313806,59.947312,-0.001703,1,0
17.467000,-60.694624,207028.688987,179.245446,208287.409167,59.393249,208580.913316,97.308569,661.285914,-22.917120,659.745300,-142.626744,657.893327,59.948113,-0.007054,1,0
17.500000,-60.603614,209430.059893,179.226975,207815.895881,59.430969,209836.030442,97.467531,663.759267,-22.761783,658.710227,-142.776263,662.310333,59.948247,-0.010339,1,0
17.533000,-60.596566,210421.517417,179.462253,208671.384460,59.426650,209102.472030,97.072996,661.042920,-22.486574,660.782209,-142.711233,658.046844,59.960360,0.010068,1,0
17.567000,-60.576781,209546.811390,179.346445,209228.954221,59.436744,209149.807156,97.385982,665.223312,-22.457378,662.199063,-142.499917,658.597420,59.952455,0.001923,1,0
17.600000,-60.757632,208662.470737,179.367838,210465.880453,59.513225,208451.172961,97.241596,659.983389,-22.324777,654.005108,-142.199748,664.260613,59.957729,0.003557,1,0
17.633000,-60.627936,209272.777140,179.382864,207603.950066,59.448095,210846.651675,97.016936,658.418293,-22.455265,655.374534,-142.797082,656.766104,59.946845,-0.005443,1,0
17.667000,-60.570626,207812.217049,179.576850,208316.887753,59.428138,210352.031655,97.355675,651.942586,-22.466075,653.351609,-142.467467,655.684444,59.953582,0.002929,1,0
17.700000,-60.629592,210576.192387,179.481529,208433.786478,59.317322,208804.938395,97.352542,654.132917,-22.708403,656.233146,-142.787437,658.567978,59.946766,-0.001281,1,0
17.733000,-60.566271,209162.973444,179.340993,207870.902564,59.342222,210569.525380,97.826931,654.209579,-22.505588,662.093185,-142.738287,658.369002,59.949847,0.006973,1,0
17.767000,-60.482405,209650.400438,179.377139,210098.263000,59.305817,208929.575986,97.446408,656.137047,-22.686694,659.536805,-142.564733,656.144601,59.953225,-0.020040,1,0
17.800000,-60.640593,209497.271005,179.350056,211003.404455,59.456920,209882.914970,97.385671,652.923203,-22.478140,657.979694,-142.517216,653.875613,59.949435,-0.006093,1,0
17.833000,-60.638581,208515.265538,179.559879,207297.920198,59.476147,209974.157028,97.213678,657.590053,-22.813884,654.882196,-142.307736,656.519539,59.949378,-0.004293,1,0
17.867000,-60.673323,210580.167819,179.211442,209364.246499,59.343330,209668.997546,97.300838,648.969699,-22.790218,654.345763,-142.534295,652.965098,59.952719,0.003029,1,0
17.900000,-60.586245,211264.272692,179.296588,209014.680523,59.407259,209852.264129,97.475962,646.338655,-22.885585,649.548766,-142.612430,654.107679,59.951737,-0.007858,1,0
17.933000,-60.551922,208403.552177,179.315146,209582.061440,59.492035,209101.326551,97.515100,658.085040,-22.829984,649.963862,-142.222061,657.296243,59.953271,-0.003811,1,0
17.967000,-60.584231,210347.079812,179.330833,207917.045642,59.440979,209206.397068,97.552040,654.710376,-22.480101,654.412681,-142.695013,656.577548,59.953818,-0.003786,1,0
18.000000,-60.403938,209740.228811,179.555288,209320.592440,59.393426,207914.527711,97.406640,664.505750,-22.269082,650.063695,-142.333847,645.682849,59.953074,-0.008251,1,0
18.033000,-60.747660,210686.490862,179.200925,208783.489461,59.399870,208760.746443,97.106762,657.318674,-22.800385,658.301803,-142.559489,653.327924,59.958846,0.002429,1,0
18.067000,-60.645833,208941.216578,179.421046,208801.486834,59.291364,208768.194669,97.391299,659.756952,-22.354481,661.080094,-142.596823,654.346791,59.957695,-0.013022,1,0
18.100000,-60.849934,208532.261219,179.376457,210151.189165,59.082257,209443.550500,97.219713,657.237672,-22.523916,656.801281,-142.743114,669.999354,59.953357,0.004335,1,0
18.133000,-60.484959,207979.774937,179.322662,207093.835522,59.309163,208653.318568,97.487868,658.168334,-22.472179,656.127129,-142.528708,661.506666,59.951147,-0.003283,1,0
18.167000,-60.743323,208665.983084,179.387096,208219.566418,59.513384,209459.293649,97.437666,652.589147,-22.489715,665.683274,-142.400399,660.606892,59.950354,-0.002610,1,0
18.200000,-60.721530,207196.153086,179.483606,207789.830164,59.302000,209324.332135,97.429728,657.366484,-22.793221,664.809380,-142.725851,655.650906,59.946960,0.000254,1,0
18.233000,-60.743344,209038.802334,179.142953,208228.431203,59.295662,209665.247085,97.418941,661.722953,-23.066084,657.083785,-142.486278,663.680955,59.950171,-0.003703,1,0
18.267000,-60.501050,207944.617550,179.548739,208351.049759,59.258404,207658.096876,97.513865,658.794183,-22.459634,661.309218,-142.682023,659.775799,59.941153,0.011151,1,0
18.300000,-60.479923,207393.229758,179.337458,208126.758853,59.298794,207397.915519,97.428608,659.052449,-22.731377,658.842857,-142.453733,661.353627,59.951517,-0.002838,1,0
18.333000,-60.692212,209441.135290,179.328329,207388.533596,59.363993,206718.559062,97.214844,657.605888,-22.507118,659.561536,-142.647292,659.005610,59.942025,-0.009731,1,0
18.367000,-60.565310,209923.073244,179.560962,209051.949787,59.377263,209189.465673,97.811352,661.126735,-22.459986,668.543049,-142.816196,661.345314,59.942704,-0.000019,1,0
18.400000,-60.675776,207731.354602,179.310492,208892.644627,59.557595,208746.225473,97.138677,661.712734,-22.679337,665.342173,-142.200302,658.123123,59.944952,-0.000002,1,0
18.433000,-60.690528,208748.831057,179.405114,209063.509712,59.289804,208932.139935,97.217985,660.640163,-22.726616,667.509040,-142.496722,659.345051,59.939049,0.002220,1,0
18.467000,-60.708121,207461.459411,179.249817,208478.191834,59.394142,208383.830283,97.264986,664.337268,-22.408286,664.075940,-142.407295,666.760498,59.942172,-0.000234,1,0
18.500000,-60.626079,206985.623735,179.201258,208251.227626,59.181894,209737.176457,97.667931,671.137886,-22.765230,671.892895,-142.740839,656.591495,59.931519,0.005314,1,0
18.533000,-60.584201,209228.612173,179.261855,209120.844977,59.333425,210088.334376,97.512576,667.508178,-22.513411,667.209700,-142.879576,662.345613,59.939005,0.006798,1,0
18.567000,-60.466910,208023.413817,179.401891,209303.443122,59.270498,207052.385447,97.767401,664.595577,-22.713555,658.423672,-142.571467,665.026959,59.935167,0.007975,1,0
18.600000,-60.729293,209253.166927,179.307677,206807.020167,59.352950,207539.377892,96.829872,665.217666,-22.752428,668.655246,-142.493638,663.084558,59.928077,-0.009336,1,0
18.633000,-60.695929,206934.221000,179.229144,205255.728412,59.356720,207384.904774,97.301814,670.993633,-22.673052,664.286903,-142.901755,661.845202,59.936192,-0.001955,1,0
18.667000,-60.658734,208596.532503,179.329495,208017.839035,59.415557,207186.638187,97.356000,667.655663,-22.977558,664.341270,-142.384292,665.210786,59.927969,0.001045,1,0
18.700000,-60.764581,205940.741183,179.401851,208714.310625,59.309748,207738.283744,97.603594,666.797364,-22.821727,660.724648,-142.593788,664.300966,59.937504,0.020933,1,0
18.733000,-60.747341,208731.012773,179.336790,207135.922643,59.183631,208420.689448,97.103715,668.771078,-22.594854,665.794473,-142.683001,666.086508,59.940300,-0.011679,1,0
18.767000,-60.704595,208958.091629,179.355044,208339.190001,59.466836,208764.294344,96.923438,662.584199,-22.813582,663.739172,-142.323833,668.443556,59.936823,0.006859,1,0
18.800000,-60.592173,210319.104715,179.376316,208286.074387,59.431741,209179.938667,97.347862,668.081418,-22.739807,665.055522,-142.088425,661.497184,59.927167,0.015126,1,0
18.833000,-60.468905,208458.861457,179.361386,207864.935090,59.303805,208068.862520,97.771152,668.520452,-22.600858,668.776157,-142.674218,662.574778,59.930701,0.000040,1,0
18.867000,-60.841861,206914.437480,179.379621,208343.123768,59.463394,208243.109069,96.950946,666.338348,-22.675734,661.128792,-142.453861,666.665359,59.936507,-0.001427,1,0
18.900000,-60.612658,209099.311077,179.300250,207069.435155,59.307398,207396.464405,97.580053,664.363201,-22.619347,663.196908,-142.641367,666.866963,59.933260,0.011408,1,0
18.933000,-60.682618,206410.294728,179.450769,208956.712976,59.194321,207448.228323,97.422178,675.277625,-22.144326,663.678087,-142.663747,666.739758,59.941419,-0.004661,1,0
18.967000,-60.685339,208642.985861,179.546091,205631.123213,59.286536,208769.678838,97.367409,666.490724,-22.631365,667.303862,-142.585396,670.204563,59.944545,-0.005568,1,0
19.000000,-60.659244,209015.258147,179.424836,209959.530314,59.421755,209859.266977,97.156319,662.872527,-22.585560,672.555344,-142.549833,672.828125,59.933074,0.004891,1,0
19.033000,-60.714487,208553.332866,179.296245,207003.730952,59.343005,206794.245521,97.028767,669.018781,-22.623348,669.772695,-142.977268,667.097447,59.934121,0.008586,1,0
19.067000,-60.650640,207144.024336,179.508836,206899.149416,59.168499,208859.931686,97.433146,658.238411,-22.378957,664.094187,-142.851466,673.227908,59.932754,0.001440,1,0
19.100000,-60.728171,207924.758606,179.303701,207749.634062,59.291864,208653.125001,97.293737,664.522002,-22.707834,672.790590,-142.557726,676.243795,59.944422,-0.002215,1,0
19.133000,-60.587167,206870.160044,179.373509,208790.369270,59.418174,207569.449356,97.491977,671.031715,-22.353729,665.275098,-142.847009,671.710395,59.942017,-0.001510,1,0
19.167000,-60.801217,206504.188632,179.367099,208129.611236,59.397229,208906.235862,97.059101,668.773939,-22.475991,668.285604,-142.743214,665.152531,59.941196,0.006709,1,0
19.200000,-60.517476,209521.178926,179.287868,207782.450652,59.248820,206315.423710,97.458171,665.635606,-22.593970,672.513988,-142.550605,674.924364,59.935645,-0.001441,1,0
19.233000,-60.571674,207426.717651,179.224168,209311.726881,59.476946,208611.821110,97.520840,673.346566,-22.647521,673.495439,-142.676029,675.985529,59.933718,-0.003209,1,0
19.267000,-60.589045,207792.147049,179.275167,209197.371728,59.493836,208930.833224,97.107671,671.436092,-22.572238,673.860801,-142.475708,675.275538,59.936540,0.006384,1,0
19.300000,-60.647847,206727.877411,179.354383,208221.032101,59.263460,207442.434672,97.238275,673.204375,-22.389974,674.159301,-142.445606,672.826974,59.940738,0.002571,1,0
19.333000,-60.594083,208956.510698,179.400543,208075.217538,59.263436,207948.396595,97.494786,677.085874,-22.663699,678.525165,-142.896700,675.636214,59.930387,0.007934,1,0
19.367000,-60.424029,209536.515192,179.338238,207737.774907,59.379652,208554.833932,97.701181,672.437772,-22.867371,669.350255,-142.727814,673.951900,59.939599,-0.004368,1,0
19.400000,-60.456582,209023.366244,179.294530,208989.942296,59.454964,207362.990251,97.555763,673.072648,-22.718133,672.348207,-142.389094,666.609582,59.942754,-0.000386,1,0
19.433000,-60.463267,209519.006660,179.536692,207017.007533,59.246050,209440.877486,97.236360,665.305082,-22.301355,672.460180,-142.942744,672.124042,59.941193,0.008160,1,0
19.467000,-60.719474,207781.060928,179.433155,209002.135160,59.435737,207939.170708,97.296490,667.457399,-22.342319,665.047752,-142.656705,669.551088,59.943002,0.020302,1,0
19.500000,-60.621972,208793.492973,179.467765,209056.492948,59.372500,209329.974552,97.607672,668.472874,-22.314483,670.328764,-142.583426,671.442580,59.935712,0.004095,1,0
19.533000,-60.766314,208323.537410,179.422857,207674.626271,59.401140,208981.512592,97.060635,674.035501,-22.858912,674.476599,-142.741071,667.178444,59.950518,0.001973,1,0
19.567000,-60.533321,207465.844282,179.379442,208663.818080,59.382388,208602.098298,97.381247,667.907819,-22.568041,670.338237,-142.353105,668.917915,59.942795,0.004072,1,0
19.600000,-60.713749,206825.673433,179.301297,207695.811767,59.594599,207675.765535,97.462814,672.805292,-22.373600,668.994590,-142.432605,670.567082,59.939555,-0.010802,1,0
19.633000,-60.550134,208918.109717,179.533402,207536.141039,59.127281,207673.258517,97.158819,673.456638,-22.497279,667.066882,-143.004178,665.510469,59.946530,-0.000950,1,0
19.667000,-60.612688,208653.228968,179.618390,207993.907174,59.298739,207510.746206,97.333521,669.639982,-22.509713,671.687466,-142.907461,676.154425,59.946117,-0.000869,1,0
19.700000,-60.654276,208944.863260,179.185350,207971.534249,59.529648,208637.694666,97.233983,666.600640,-22.763225,670.814169,-142.262538,671.738584,59.944279,0.004706,1,0
19.733000,-60.585439,209373.313260,179.362382,206772.922312,59.473918,210144.234690,97.455071,668.541560,-22.839368,665.988792,-142.631568,670.173039,59.946365,0.005038,1,0
19.767000,-60.571040,208144.201364,179.432319,208374.140862,59.343146,206852.733804,97.471822,666.187072,-22.430273,662.845833,-142.668872,665.128642,59.950497,0.005185,1,0
19.800000,-60.706788,209592.704885,179.409649,208286.570751,59.309620,208994.560171,97.106186,669.022154,-22.500562,674.798976,-142.645404,672.372298,59.948687,0.005462,1,0
19.833000,-60.676464,209006.171153,179.367831,210280.837961,59.220022,207272.786352,97.475961,666.316282,-22.823348,674.909048,-142.906472,673.080851,59.943006,-0.001248,1,0
19.867000,-60.532755,209533.446160,179.182850,207396.042229,59.322998,207286.077542,97.604857,664.483759,-22.944381,670.947476,-142.649101,662.473891,59.948146,-0.024561,1,0
19.900000,-60.394071,206805.724431,179.452518,208401.031415,59.262017,207540.226386,97.468255,670.454361,-22.760590,675.340994,-142.852391,670.093151,59.951062,-0.011443,1,0
19.933000,-60.783891,209198.842973,179.417928,208844.049952,59.351298,209837.282022,97.695496,665.791254,-22.557925,670.170049,-142.573413,671.302223,59.943508,-0.003318,1,0
19.967000,-60.721893,208097.728399,179.325106,208861.228301,59.326175,207996.593031,96.940091,674.405631,-22.707768,667.813227,-142.474862,667.156888,59.948779,-0.005115,1,0
20.000000,-60.782640,206699.902084,179.492150,207381.986458,59.379675,209399.293146,97.141531,668.086984,-22.714099,670.151656,-142.575765,673.036334,59.947670,0.009718,1,0
20.033000,-60.893393,208061.281826,179.578247,207585.763293,59.404347,206941.719676,97.120052,665.086125,-22.597885,669.229042,-142.539125,672.735288,59.945540,-0.003616,1,0
20.067000,-60.705051,207995.697330,179.349481,207858.610266,59.264306,206650.735480,97.303212,673.736747,-22.614264,663.826391,-142.753930,666.491742,59.946087,-0.007871,1,0
20.100000,-60.760264,209178.408313,179.273351,207949.011584,59.540104,209256.320037,97.515007,668.444769,-22.696647,666.139332,-142.411055,665.603711,59.949385,0.007421,1,0
20.133000,-60.842050,207567.532612,179.281163,208252.001067,59.241766,207753.114551,97.183254,674.474649,-22.590509,664.578168,-142.531750,670.466949,59.945800,0.013463,1,0
20.167000,-60.389917,207879.409422,179.385011,207297.979872,59.444047,207256.749775,97.523781,670.612937,-22.399211,665.200346,-142.567502,666.472924,59.946201,0.017873,1,0
20.200000,-60.637267,207083.274391,179.458517,208008.249091,59.487447,206945.805635,97.203711,673.751158,-22.538067,668.358594,-142.593211,672.889771,59.950765,0.007489,1,0
20.233000,-60.743458,207827.900791,179.280071,206666.477988,59.363917,205788.535843,97.571545,670.377766,-22.560101,665.464863,-142.597437,663.012688,59.953978,0.001581,1,0
20.267000,-60.645852,207228.404909,179.348686,207068.519642,59.243343,208047.115547,97.185926,660.788782,-22.809505,664.428092,-142.444410,660.330598,59.936926,0.014243,1,0
20.300000,-60.629432,208807.914646,179.318880,207684.207222,59.361687,207405.371474,97.273083,665.899832,-22.677669,669.992932,-142.784403,669.348012,59.949833,0.008918,1,0
20.333000,-60.640727,207726.502186,179.312178,208187.546819,59.196114,208388.334568,97.268550,664.200984,-22.594403,663.454614,-142.896718,662.038952,59.953584,0.001829,1,0
20.367000,-60.549174,207048.590279,179.615778,206245.041754,59.436736,206941.660335,97.568585,668.729176,-22.238349,661.941945,-142.605017,661.171347,59.952166,0.000841,1,0
20.400000,-60.488317,207646.435434,179.309662,207015.695118,59.186356,207345.800087,97.363911,662.334634,-22.805150,666.357748,-142.746920,663.330989,59.947792,0.009523,1,0
20.433000,-60.609841,207943.969657,179.323808,205829.131457,59.424570,208096.494251,97.595384,657.894569,-22.988077,665.624637,-142.570163,667.112463,59.947439,0.000513,1,0
20.467000,-60.804049,208226.603342,179.357825,208606.431758,59.346912,207355.087469,97.341720,666.130228,-22.986051,661.811055,-142.669034,664.629413,59.954093,-0.000301,1,0
20.500000,-60.594716,207682.207143,179.457281,207668.890552,59.299439,206426.440596,97.280729,665.684603,-22.580821,663.738289,-142.937039,668.069945,59.953273,-0.013173,1,0
20.533000,-60.728863,208019.311896,179.239210,209060.936508,59.337067,208682.453353,97.538753,660.321667,-22.944435,664.614626,-142.684359,662.097143,59.958305,0.000940,1,0
20.567000,-60.691329,206758.833455,179.323350,206424.941207,59.431352,207046.891667,97.240126,667.897657,-22.529910,662.306605,-142.526118,668.659206,59.955801,0.005208,1,0
20.600000,-60.661434,206467.380864,179.100693,207817.242284,59.195113,208552.791690,97.210591,664.761339,-22.961949,663.616166,-143.210281,666.845342,59.950517,0.018413,1,0
20.633000,-60.807360,207079.835450,179.313497,207649.375342,59.239908,205861.956130,97.039876,666.438135,-22.658434,664.770050,-142.682647,658.603395,59.951279,-0.002742,1,0
20.667000,-60.841971,208281.640837,179.171202,208073.642995,59.134303,209102.989900,97.127120,667.246356,-22.678423,667.701572,-143.070212,665.811673,59.951618,-0.010088,1,0
20.700000,-60.749108,208683.632116,179.281841,207367.879134,59.347837,209693.441341,97.403830,662.992044,-22.794685,665.133148,-142.500817,668.022766,59.939305,0.002085,1,0
20.733000,-60.749248,205884.640368,179.343198,204903.892471,59.340267,206945.841056,97.021284,666.029699,-22.988758,668.514548,-142.502800,669.023727,59.952518,-0.005294,1,0
20.767000,-60.811380,206999.427842,179.284910,206605.790058,59.225656,206804.324133,97.107684,671.079180,-22.774700,667.587649,-142.738312,669.333512,59.952300,-0.004354,1,0
20.800000,-60.717931,208692.555499,179.274982,207775.043739,59.220405,208680.086576,97.340404,664.488194,-22.756433,664.401067,-142.801264,666.018807,59.949902,0.001583,1,0
20.833000,-60.678176,206361.541687,179.080284,207983.324064,59.258063,207005.148949,97.255146,661.868470,-22.627203,666.627110,-142.818253,665.231246,59.949921,-0.015527,1,0
20.867000,-60.854263,207824.602677,179.127112,209481.079842,59.348659,207141.521975,96.903607,667.936931,-22.530710,669.126458,-142.631448,665.965797,59.954104,0.001261,1,0
20.900000,-60.817781,207891.608436,179.234931,208336.355965,59.343814,207880.556781,97.451373,673.898822,-22.540816,669.910348,-142.894199,663.183409,59.958398,0.003611,1,0
20.933000,-60.833819,206626.204411,179.256763,207136.848757,59.349314,208705.735419,97.156272,663.361526,-22.785103,664.553470,-142.850316,665.251289,59.950262,-0.005762,1,0
20.967000,-60.621016,207126.279005,179.175491,207528.338474,59.295949,207585.308015,97.488095,658.901154,-22.834649,665.000334,-142.901577,664.666864,59.954226,-0.000072,1,0
21.000000,-60.730660,209148.621747,179.139868,207177.260776,59.166085,208579.690779,97.116665,665.671968,-22.756930,665.136948,-142.925498,660.599224,59.963773,-0.001196,1,0
21.033000,-60.719478,207943.508226,179.220316,208046.482001,59.356049,206527.671022,97.366661,673.556094,-22.427023,660.627012,-142.472092,667.537172,59.958386,0.005358,1,0
21.067000,-61.003594,206398.652434,179.354517,209081.386844,59.111164,208039.297026,97.224921,664.788111,-22.612894,663.603485,-142.740397,668.000770,59.961361,0.010255,1,0
21.100000,-60.886759,206516.454594,179.272601,207258.329337,58.890348,207681.248629,96.830775,661.706066,-22.702290,661.777249,-143.053380,668.050382,59.955438,0.011728,1,0
21.133000,-60.818968,208249.166770,179.065167,209219.070323,59.285108,208400.670501,97.304821,664.378206,-23.192376,662.961367,-142.562398,661.006063,59.964388,-0.003103,1,0
21.167000,-60.674472,208614.214989,179.208574,206485.440422,59.057719,206755.875307,97.245791,663.368405,-22.978732,661.392261,-143.058404,659.828246,59.961381,0.003423,1,0
21.200000,-60.807419,208164.246051,179.194746,209132.369683,59.297438,208630.814459,97.252829,658.522703,-22.743475,660.854899,-142.796987,658.837921,59.957475,0.003225,1,0
21.233000,-60.837977,208959.662546,179.245745,207455.782179,59.164037,209025.071172,97.265137,660.391615,-22.847573,661.862697,-142.685285,663.070647,59.953188,0.000912,1,0
21.267000,-60.875746,208015.822940,179.162951,205058.408515,59.098582,205274.290788,96.960578,660.290925,-23.104743,664.297615,-142.942291,659.233160,59.950633,0.007759,1,0
21.300000,-60.810047,206898.563782,179.289016,206766.016805,59.187652,207600.927610,97.134071,664.830540,-22.621444,665.187679,-142.964036,660.093218,59.949795,0.003780,1,0
21.333000,-60.754591,208323.984328,179.092147,208208.339022,59.363228,208140.454896,97.175749,657.624519,-22.866370,663.298291,-142.691006,672.127979,59.956714,0.008710,1,0
21.367000,-60.827634,206180.253350,179.150210,205663.716330,59.272420,206973.065502,97.288859,660.986376,-22.636835,654.746162,-142.673751,655.483517,59.954294,0.008324,1,0
21.400000,-60.749262,206548.460777,179.213518,206743.244266,59.261625,208192.702590,97.451969,664.440233,-22.758964,666.289797,-142.922323,664.520176,59.955201,0.000879,1,0
21.433000,-60.779711,206768.238974,179.230430,206227.774347,59.310010,206230.143198,97.246573,659.484885,-22.899659,660.432826,-142.743852,669.266285,59.948855,-0.006844,1,0
21.467000,-60.902789,208140.542579,179.321229,206944.596383,59.280072,208008.348280,96.976603,670.575761,-22.499619,663.698151,-142.626721,668.525667,59.945441,0.012484,1,0
21.500000,-60.724386,206006.625617,179.249845,206868.618014,59.194251,206541.785289,97.387311,668.835880,-22.789571,673.021004,-142.549310,668.634865,59.953900,-0.018075,1,0
21.533000,-60.903510,206544.696729,179.215140,206986.954969,59.089462,208877.923786,96.918890,657.295460,-22.991673,660.339013,-143.024400,666.744647,59.959825,-0.001909,1,0
21.567000,-60.741567,207477.289994,179.288597,205721.260448,59.228678,206082.777238,97.121770,662.308415,-22.857527,662.002128,-142.781252,664.426482,59.956397,0.000660,1,0
21.600000,-60.827140,205663.860848,179.436241,207034.949853,59.246947,207423.027107,97.140004,667.500482,-22.534482,667.609998,-142.593751,670.601509,59.953984,-0.002711,1,0
21.633000,-60.729505,207251.726094,179.430321,206778.796943,59.391010,207506.019526,96.979073,664.744454,-22.632049,665.311823,-142.769728,659.874502,59.950420,0.004718,1,0
21.667000,-60.618922,208724.916726,179.227631,205918.570223,59.328714,207677.542189,97.462803,663.533765,-22.595706,667.671564,-142.357708,660.600819,59.948763,0.000854,1,0
21.700000,-60.859846,207251.568432,179.224211,208434.280788,59.321051,204559.727061,97.291565,663.254696,-22.717079,666.759089,-142.656953,666.457898,59.959371,0.002673,1,0
21.733000,-60.687534,207763.843997,179.453488,206022.032423,59.287643,207039.715890,97.172861,667.487860,-22.466572,666.064593,-142.633167,664.926272,59.957543,-0.009060,1,0
21.767000,-60.750472,208423.366159,179.212778,206514.544655,59.271077,208294.590300,96.923456,660.892559,-23.072761,656.787415,-142.802055,668.357433,59.949121,0.007672,1,0
21.800000,-60.650037,207434.964729,179.433645,207185.750334,59.275708,206467.519326,97.574831,663.891759,-22.753349,669.299840,-142.660892,667.116885,59.944887,0.008026,1,0
21.833000,-60.631285,205644.257649,179.346235,206200.727786,59.342552,209102.053434,97.450004,664.644358,-22.614215,666.822218,-142.991745,660.898321,59.950174,-0.014419,1,0
21.867000,-60.575967,206803.034859,179.371387,206340.429450,59.295213,206424.050372,97.225868,653.525081,-22.651309,657.544031,-142.554271,664.226508,59.947383,-0.003752,1,0
21.900000,-60.589965,207731.010443,179.425084,206112.126121,59.462822,207088.280194,97.038020,662.255910,-22.463740,661.842639,-142.539609,660.288440,59.946898,-0.008043,1,0
21.933000,-60.724256,207523.297131,179.342004,207859.465858,59.491727,206491.949984,97.348147,659.648480,-22.616075,659.098524,-142.448799,656.887365,59.950409,0.005659,1,0
21.967000,-60.846418,208097.273252,179.306380,207473.868658,59.219311,206954.642748,97.238598,656.151180,-22.436978,656.759800,-142.836346,658.629163,59.954917,0.012606,1,0
22.000000,-60.768378,206650.054968,179.307816,208082.234337,59.197822,208909.662795,96.939851,661.745907,-22.550442,660.199323,-142.873586,660.409529,59.952982,0.000707,1,0
22.033000,-60.770207,206315.310209,179.002729,206534.025360,59.443407,207434.968573,96.909164,659.423072,-22.945063,662.223124,-142.567223,654.689459,59.948020,-0.001695,1,0
22.067000,-60.605110,205604.588745,179.345366,206425.454050,59.464886,207980.286900,97.392449,662.556998,-22.639646,662.539639,-142.558077,664.343631,59.944902,0.022336,1,0
22.100000,-60.844856,208295.894196,179.247212,207870.576466,59.255946,206933.095983,97.053829,663.912741,-22.509974,657.801422,-142.491227,661.170370,59.947231,-0.011062,1,0
22.133000,-60.849189,207971.246431,179.377542,207681.435063,59.282114,208979.296596,96.986436,659.945554,-22.420298,664.999407,-142.758293,660.356255,59.952584,-0.012544,1,0
22.167000,-60.739939,207603.943450,179.095941,208471.428998,59.448462,206429.710658,97.111293,667.920037,-22.768932,657.432019,-142.313919,668.687570,59.942555,-0.005793,1,0
22.200000,-60.646767,207800.092232,179.209331,206841.047656,59.435716,207370.180324,97.352966,659.259361,-22.432403,664.909856,-142.700625,663.207405,59.944678,0.003422,1,0
22.233000,-60.522607,205404.961805,179.205590,206738.228014,59.358949,207782.668477,97.613953,667.467692,-23.008663,668.105429,-142.757502,662.939878,59.945844,0.006401,1,0
22.267000,-60.671875,207130.753948,179.322617,206423.567159,59.198910,205010.208886,97.516748,668.063242,-22.684878,664.487699,-142.585721,662.179114,59.952140,0.008125,1,0
22.300000,-60.550644,207284.575361,179.316455,207087.822331,59.245146,206394.636675,97.645859,659.854899,-22.834211,660.668662,-142.644471,665.295874,59.938708,0.002508,1,0
22.333000,-60.554443,204734.007181,179.452265,207236.725899,59.244906,208318.829906,97.558853,663.212035,-22.531209,654.871780,-142.645569,660.951850,59.947889,-0.007289,1,0
22.367000,-60.618967,206641.229544,179.502050,205715.168387,59.298111,206204.045492,97.610446,654.063162,-22.310882,654.387297,-142.644925,662.453666,59.949742,-0.002491,1,0
22.400000,-60.547319,207367.882594,179.399625,207587.593564,59.435298,207230.870285,97.358695,656.295735,-22.592964,656.646512,-142.571462,654.559591,59.948994,0.000628,1,0
22.433000,-60.535044,206875.728527,179.520219,205525.314628,59.511507,207340.758295,97.214434,656.819113,-22.588358,663.094727,-142.840009,660.355680,59.940576,-0.008689,1,0
22.467000,-60.718603,207322.764674,179.559057,206349.025810,59.361991,206787.622226,97.354638,659.818481,-22.479505,663.506910,-142.561103,663.450658,59.946235,0.002914,1,0
22.500000,-60.522062,209046.796117,179.401989,206374.875874,59.395388,206934.295301,97.312589,659.562131,-22.295857,660.977941,-142.424295,653.584891,59.945875,-0.004540,1,0
22.533000,-60.512586,206607.903832,179.429313,207911.291313,59.534616,206590.927864,97.353920,649.143243,-22.421821,656.073131,-142.467457,663.301359,59.943775,0.007882,1,0
22.567000,-60.476872,208144.749774,179.534212,206981.615573,59.598529,207736.917856,97.159229,658.687434,-22.786290,651.947922,-142.315803,657.451387,59.941442,0.007192,1,0
22.600000,-60.579166,207580.607574,179.633806,206693.862898,59.484511,206624.317834,97.162780,657.826203,-22.451935,658.091317,-142.508946,659.987251,59.943879,0.000013,1,0
22.633000,-60.468784,207850.869258,179.400245,207942.587410,59.371615,207253.759345,97.558318,647.854588,-22.634197,656.534615,-143.032499,659.658429,59.938531,0.009932,1,0
22.667000,-60.562519,207880.252361,179.493316,208842.774088,59.518999,208656.895283,97.750502,655.013960,-22.540767,664.077517,-142.210245,663.106984,59.949247,0.008717,1,0
22.700000,-60.374564,207014.713310,179.519159,208051.137324,59.523422,207933.375177,97.796366,660.872798,-22.340813,657.378146,-142.235047,655.518331,59.944665,0.003590,1,0
22.733000,-60.547554,208249.642415,179.503374,208175.688510,59.386130,206355.594717,97.728636,653.735062,-22.398239,654.292606,-142.418387,650.244264,59.944521,-0.007239,1,0
22.767000,-60.456017,207491.667080,179.539232,206332.141761,59.421434,206652.055869,97.804937,648.083767,-22.593099,655.736812,-142.498848,656.684346,59.938712,0.007265,1,0
22.800000,-60.568806,208010.430089,179.550382,206870.309668,59.457628,207659.595304,97.259516,653.956741,-22.827872,654.159236,-142.735842,654.350784,59.939089,0.003180,1,0
22.833000,-60.461335,207156.014413,179.548972,208767.918568,59.460217,204837.463513,97.712507,651.824607,-22.354351,653.649700,-142.535157,654.334520,59.944200,0.002175,1,0
22.867000,-60.743554,207134.890561,179.409321,207388.826425,59.290987,208963.327068,97.176896,652.394666,-22.359215,653.037280,-142.863719,656.227748,59.946838,0.006664,1,0
22.900000,-60.556214,208026.214999,179.429052,208480.337809,59.567666,207296.095510,97.633748,660.009844,-22.760186,652.789232,-142.514626,659.129573,59.944167,0.007307,1,0
22.933000,-60.548927,207183.120718,179.441584,208005.078763,59.539049,208790.023936,97.363358,652.849463,-22.668382,653.692253,-142.304577,654.787431,59.941807,0.008193,1,0
22.967000,-60.423671,208841.978594,179.495452,206749.220192,59.396772,208534.106969,97.878561,653.274182,-22.596596,656.682062,-142.546826,653.862977,59.948794,-0.000061,1,0
23.000000,-60.586122,207858.819135,179.300341,209121.854330,59.479925,207693.068377,97.370139,659.275207,-22.436850,654.136275,-142.551662,652.493329,59.957690,-0.005924,1,0
23.033000,-60.521521,208149.778734,179.577474,209501.272548,59.607710,207833.124130,97.368477,654.448166,-22.357296,652.486073,-142.593838,650.727243,59.949737,0.003112,1,0
23.067000,-60.450608,208224.273344,179.534800,207027.372786,59.520074,207779.382064,97.703240,658.923121,-22.100045,656.473468,-142.259069,651.939617,59.955415,0.003993,1,0
23.100000,-60.442385,207820.040470,179.584396,209322.302594,59.518634,206783.301762,97.705386,651.351042,-22.439561,655.488425,-142.444350,651.768834,59.951024,-0.005639,1,0
23.133000,-60.358883,208945.642888,179.538450,208289.828149,59.625739,206843.495028,97.776395,655.836602,-22.744215,652.945170,-142.307905,651.457822,59.957944,-0.000064,1,0
23.167000,-60.203606,207372.926610,179.726969,209496.033230,59.541029,207890.704210,98.029355,647.045512,-22.437768,651.769690,-142.380726,652.462252,59.946493,-0.007165,1,0
23.200000,-60.372481,206963.041542,179.612026,207932.603516,59.718395,206987.396687,97.720809,648.897668,-22.477855,648.396200,-142.264103,652.257947,59.956365,-0.001723,1,0
23.233000,-60.444599,209143.564917,179.446241,207394.093976,59.628825,207848.364892,97.577908,651.725477,-22.952861,657.942610,-142.434575,650.586698,59.963838,-0.009814,1,0
23.267000,-60.429915,208953.405612,179.506767,209682.943036,59.704051,208096.722739,97.680751,652.236542,-22.262402,652.549698,-142.031959,655.488731,59.962922,-0.006215,1,0
23.300000,-60.462786,207207.841269,179.568705,208365.014188,59.656155,207228.132485,97.264941,645.960751,-22.140686,655.502883,-142.965926,647.559555,59.952391,-0.000376,1,0
23.333000,-60.335785,209722.955199,179.711895,208058.330378,59.532897,207870.209848,97.507400,656.562138,-22.092950,645.875220,-142.640600,647.281120,59.956486,-0.008678,1,0
23.367000,-60.531775,206928.324232,179.637472,209285.241031,59.658223,208782.829971,97.593962,653.389887,-22.265546,654.775675,-142.009547,652.416705,59.953084,0.002591,1,0
23.400000,-60.330773,207733.230592,179.588704,207234.859339,59.551970,206500.094923,97.646207,655.649264,-22.503454,650.113363,-142.122354,651.565345,59.953081,-0.000169,1,0
23.433000,-60.281680,209117.786378,179.613338,208767.573278,59.468632,208287.965737,97.860348,655.485666,-22.486508,653.190880,-142.527341,649.314112,59.946020,0.002934,1,0
23.467000,-60.589850,207548.140187,179.545393,205238.575390,59.464508,209321.639762,96.829737,646.800583,-22.359346,646.694395,-142.534892,653.273635,59.959657,-0.005793,1,0
23.500000,-60.420857,207667.936769,179.434375,207018.593179,59.640719,206880.606636,97.670780,645.001537,-22.474774,642.647414,-142.128891,643.097610,59.957928,0.006288,1,0
23.533000,-60.331313,208674.535772,179.606151,206828.818982,59.645075,207897.040826,97.831983,648.873582,-22.167664,643.188225,-142.184537,645.871723,59.956136,-0.006439,1,0
23.567000,-60.500573,207397.574756,179.611434,207814.107898,59.477106,208305.159804,97.489924,647.815450,-22.347396,646.092505,-142.269077,642.544334,59.943377,-0.000538,1,0
23.600000,-60.517337,208215.262657,179.404583,208479.393479,59.493894,207500.312147,97.398954,644.411358,-22.452498,645.612205,-142.518131,648.524429,59.961691,-0.003551,1,0
23.633000,-60.449138,208439.700544,179.539711,206377.365762,59.341952,206874.617591,97.748884,645.687803,-22.481396,643.095235,-142.924631,646.991440,59.957195,-0.005100,1,0
23.667000,-60.410155,207507.007180,179.662480,208129.753632,59.606549,206142.511938,97.552702,639.482757,-22.528872,642.157142,-142.392189,634.160487,59.961767,-0.000919,1,0
23.700000,-60.400704,206843.109305,179.412476,207241.829326,59.731190,207217.329935,97.174714,641.314848,-22.903655,637.906227,-142.596987,642.726814,59.962296,0.004128,1,0
23.733000,-60.484043,208775.840391,179.607462,207327.195494,59.874697,206816.512499,97.462681,644.222195,-22.534511,642.269854,-141.906223,646.114297,59.957171,0.001035,1,0
23.767000,-60.301272,208702.462708,179.503213,208875.097186,59.713080,210492.098664,97.767152,642.229963,-22.393555,639.542031,-142.409409,640.129935,59.951784,-0.009263,1,0
23.800000,-60.579061,206709.444402,179.684663,206561.056704,59.450807,207638.333607,97.278595,644.215070,-22.383473,643.428444,-142.265089,638.646180,59.959863,0.001679,1,0
23.833000,-60.489488,208316.761783,179.751199,206542.891468,59.628449,206856.928589,97.452116,640.829779,-22.323433,644.969810,-142.318100,642.063068,59.966138,-0.001948,1,0
23.867000,-60.512335,209085.039620,179.656338,209468.697040,59.247786,206204.029988,97.260590,644.733407,-22.382499,644.948008,-142.759903,641.413943,59.956977,-0.000995,1,0
23.900000,-60.270451,208545.357083,179.479531,209291.926687,59.622963,207087.964421,97.933278,642.811141,-22.709510,644.913532,-142.264569,649.261891,59.960937,0.000185,1,0
23.933000,-60.542722,208465.593317,179.731982,207420.871581,59.631390,207171.793870,97.381932,649.628491,-22.067573,647.142474,-142.290969,641.232606,59.960895,0.000880,1,0
23.967000,-60.444180,210162.765824,179.706993,209169.243266,59.638755,207454.478137,97.529471,647.815802,-22.238085,652.773882,-142.545065,647.248842,59.964499,0.004596,1,0
24.000000,-60.281231,208558.696956,179.765381,209471.687775,59.605157,206328.691366,97.544389,653.848452,-21.994138,646.729922,-142.265853,648.537136,59.966001,-0.003473,1,0
24.033000,-60.291037,206638.903840,179.726913,206602.608847,59.638030,208263.823769,97.866639,644.204626,-22.167763,644.865428,-142.301972,645.445863,59.968938,-0.007189,1,0
24.067000,-60.325832,207521.230628,179.598079,206189.335993,59.727506,206925.928008,97.751329,644.379180,-22.400084,639.401610,-141.789751,646.018601,59.970303,-0.001495,1,0
24.100000,-60.374590,208328.387918,179.627352,207587.259149,59.724990,206879.664067,97.570047,648.948733,-22.348328,643.818865,-142.191012,643.905329,59.961344,0.000055,1,0
24.133000,-60.520776,206330.183132,179.552076,209300.234164,59.473236,207811.117935,97.536411,643.402600,-22.438154,642.522423,-142.334275,643.849861,59.964079,0.000615,1,0
24.167000,-60.301108,208627.824855,179.563073,206995.408216,59.548338,208368.760878,97.630829,647.220510,-22.365090,641.808529,-142.642726,644.802762,59.974413,-0.004202,1,0
24.200000,-60.420126,207087.545203,179.646531,207276.310119,59.611822,207700.894087,97.619289,645.566523,-22.067974,644.154573,-142.334774,642.560417,59.961877,-0.005396,1,0
24.233000,-60.410027,207933.168126,179.629883,207679.693442,59.553107,206982.068740,97.556674,650.288023,-22.263882,637.462750,-142.557606,645.888848,59.966871,-0.002516,1,0
24.267000,-60.420751,208620.781851,179.813832,209119.846499,59.710913,208194.611813,97.256875,637.434753,-22.377046,638.368900,-142.198639,645.502490,59.963772,-0.006561,1,0
24.300000,-60.256760,208531.765338,179.767446,207814.271331,59.719379,208310.759826,97.804715,632.528553,-22.219184,639.378259,-142.291454,642.178505,59.962473,-0.012150,1,0
24.333000,-60.490581,207911.098523,179.666044,208136.970298,59.860934,207053.654058,97.516315,639.292402,-22.533711,639.233712,-142.206939,641.226367,59.966491,-0.002373,1,0
24.367000,-60.508025,206616.527965,179.691334,208355.734999,59.655281,210082.914737,97.372028,642.573480,-22.172326,638.512952,-142.582387,639.277886,59.964936,0.000007,1,0
24.400000,-60.411346,209063.727869,179.705658,206506.479457,59.502057,208682.803049,97.755723,642.229633,-22.332269,643.577113,-142.664656,647.903995,59.970072,-0.006156,1,0
24.433000,-60.693125,209132.037461,179.734852,206451.382111,59.608212,207392.845060,97.382965,640.126653,-22.340743,639.309875,-142.521908,642.732744,59.972513,0.001536,1,0
24.467000,-60.271507,207858.262905,179.833924,207608.786017,59.588256,207790.745623,97.556248,642.385557,-21.967995,642.252971,-142.156175,636.728593,59.969993,-0.003061,1,0
24.500000,-60.528389,207404.234117,179.449645,208351.433879,59.526566,208260.924566,97.425362,643.842536,-22.527816,640.315144,-142.076806,637.870577,59.970373,0.005026,1,0
24.533000,-60.319635,208081.725998,179.618007,207614.037405,59.633205,208767.288027,97.469554,649.134521,-22.292392,641.372369,-142.194000,640.291672,59.969276,0.001854,1,0
24.567000,-60.187649,208128.108831,179.640104,208370.211693,59.580951,207043.246427,97.763967,640.251338,-22.491110,638.601410,-142.349344,649.959484,59.967709,-0.007492,1,0
24.600000,-60.378975,209207.636109,179.724477,207041.125399,59.755535,206171.307167,97.404811,636.498804,-22.432838,651.049702,-142.484095,644.809950,59.977902,0.006762,1,0
24.633000,-60.442471,208048.710926,179.658818,206866.739146,59.634790,207202.414007,97.639527,644.681409,-22.493637,642.000695,-142.480908,639.764837,59.978150,-0.007566,1,0
24.667000,-60.220827,208042.193660,179.658545,208541.264892,59.556170,206945.307072,97.802606,646.667438,-22.269231,646.056885,-142.317013,644.621956,59.971621,0.010588,1,0
24.700000,-60.403457,208034.267621,179.593525,208098.468556,59.481567,208353.516161,97.675340,649.659451,-22.533887,640.004801,-142.610127,642.449402,59.966935,-0.009258,1,0
24.733000,-60.353225,206932.724276,179.603091,207573.741339,59.561413,208125.480108,97.851621,648.347157,-22.701682,646.516040,-142.592285,637.440002,59.982457,-0.002942,1,0
24.767000,-60.183693,208968.336862,179.659129,208799.137045,59.568266,207835.764292,97.875185,644.897856,-22.461012,646.579493,-142.470644,649.211157,59.981525,-0.004843,1,0
24.800000,-60.376269,207405.422005,179.626991,207207.161914,59.671954,209333.842798,97.650083,647.260918,-22.225223,642.236304,-142.183498,647.514071,59.980384,0.011317,1,0
24.833000,-60.365003,208505.615114,179.724375,207897.496189,59.698908,208147.120856,97.568242,646.498277,-22.448070,641.474584,-142.286987,644.792638,59.982681,-0.006845,1,0
24.867000,-60.301341,208440.671116,179.596268,208545.917561,59.773709,210557.156537,97.515924,642.297646,-22.504594,644.172932,-142.567428,649.333679,59.982551,-0.007387,1,0
24.900000,-60.416362,208875.944186,179.622626,208029.014900,59.650060,207945.161851,97.485141,652.472634,-22.192372,645.143394,-142.277157,645.051279,59.981680,-0.000247,1,0
24.933000,-60.379104,210131.979226,179.924338,207539.797320,59.772670,208880.462262,97.363146,654.329681,-22.125545,647.751363,-142.004932,643.181636,59.983605,-0.003877,1,0
24.967000,-60.233091,206745.808643,179.602874,207988.273177,59.723507,209044.761934,97.990688,644.312059,-22.583289,640.586731,-142.263452,641.347031,59.985512,0.010711,1,0
25.000000,-60.285732,208352.776854,179.736759,208363.598474,59.783759,208763.036905,98.135984,643.660620,-22.324474,644.122457,-142.203585,643.170822,59.987549,-0.013911,1,0
25.033000,-60.269227,208107.673443,179.779875,207749.081561,59.797208,207288.043026,97.772899,651.111025,-22.292068,649.454046,-141.901802,652.763593,59.981703,-0.003471,1,0
25.067000,-60.180834,208817.875908,179.559962,207543.337544,59.708680,207963.614588,97.865321,647.535479,-22.346860,647.966110,-142.206536,648.776921,59.984673,-0.003308,1,0
25.100000,-60.230104,208755.033713,179.799794,208165.087284,59.683038,207600.660838,97.493669,648.358381,-22.050213,643.177124,-142.667254,647.726960,59.985893,-0.004909,1,0
25.133000,-60.446475,206257.011364,179.817367,207041.330813,59.574453,207995.323569,97.876417,641.206498,-22.019455,648.268622,-142.632097,645.364115,59.984649,-0.002269,1,0
25.167000,-60.012261,208488.025693,179.731259,207072.977450,59.591928,206367.963313,97.963088,647.610321,-22.121309,645.149721,-142.356744,650.759267,59.981736,-0.006189,1,0
25.200000,-60.303613,207485.599767,179.738224,206950.533185,59.734250,208257.103581,97.990715,636.700584,-22.499868,645.321455,-142.601689,645.679377,59.975338,0.000327,1,0
25.233000,-60.222726,208531.619554,179.729935,206633.310106,59.821525,208402.437116,97.705611,644.217574,-22.404759,650.327777,-142.400087,640.136993,59.977055,-0.004640,1,0
25.267000,-60.262539,208826.611689,179.813945,208800.511500,59.781420,209217.336176,97.736570,653.133288,-22.088675,648.379947,-142.257299,642.812267,59.976824,-0.011771,1,0
25.300000,-60.219724,206698.987175,179.742097,207953.412379,59.738245,208715.932728,97.657761,646.413902,-22.237302,649.459526,-142.190275,643.014126,59.979083,-0.004498,1,0
25.333000,-60.277430,208157.832809,179.719412,208756.120127,59.688427,207166.377014,97.668053,639.592637,-22.356810,644.577622,-142.308976,649.583526,59.982532,0.007521,1,0
25.367000,-60.404365,206909.728099,179.623422,206213.404375,59.546746,207764.965791,97.341667,648.773353,-22.527841,650.649887,-142.493722,640.969594,59.981503,-0.001304,1,0
25.400000,-60.402755,207553.159185,179.658508,207255.028008,59.667000,208129.944818,97.613704,648.916887,-22.254576,644.776192,-142.176492,651.759362,59.990039,0.003662,1,0
25.433000,-60.155678,206469.366476,179.804170,208628.416520,59.521955,207821.633222,97.577387,649.946060,-22.113412,640.583875,-142.572577,645.154742,59.977171,-0.000340,1,0
25.467000,-60.192088,208496.355376,179.517527,208322.484405,59.681841,208984.889799,97.809967,645.568846,-22.499889,653.392092,-142.449310,640.397223,59.982087,-0.010600,1,0
25.500000,-60.276410,208755.888948,179.702327,207119.782730,59.829415,208682.089806,97.382919,647.602118,-22.404259,642.277023,-142.051368,641.095937,59.973622,-0.008217,1,0
25.533000,-60.111137,208647.322906,179.677907,205980.785695,59.608852,207596.935157,97.643883,648.951168,-22.519130,649.548522,-142.563278,645.579097,59.978971,-0.000094,1,0
25.567000,-60.260267,210115.972872,179.622055,208064.698143,59.740248,208258.723757,97.528497,649.341738,-22.398241,656.892040,-142.438817,655.598413,59.975268,0.008691,1,0
25.600000,-60.387567,209383.813365,179.388971,208599.624359,59.721857,210609.103044,97.386455,650.659168,-22.815861,650.945134,-142.607733,642.633442,59.973009,0.000886,1,0
25.633000,-60.352505,209045.932359,179.593977,207467.226431,59.690487,209692.793752,97.562894,646.286734,-22.683494,646.677517,-142.091888,653.946189,59.973785,-0.004007,1,0
25.667000,-60.270190,208439.697884,179.713250,208027.664305,59.708488,208710.241277,97.725689,640.228898,-21.966325,644.618372,-142.338198,647.759146,59.985219,0.000518,1,0
25.700000,-60.451143,208630.461959,179.671224,209743.646846,59.692308,207545.566474,97.171559,640.441914,-22.101018,641.752284,-142.270516,642.864644,59.973524,-0.013319,1,0
25.733000,-60.266010,209894.231061,179.648685,208747.349021,59.572953,208958.119461,97.803351,643.279934,-22.193432,653.122893,-142.436254,641.402855,59.969883,-0.007441,1,0
25.767000,-60.375868,208970.411307,179.579560,208700.845886,59.740324,209428.969563,97.625078,641.326697,-22.585873,645.046528,-142.239588,642.471238,59.966994,-0.014847,1,0
25.800000,-60.175188,209722.870016,179.598733,210101.537534,59.653761,208319.972374,97.569743,642.923139,-22.415464,648.167323,-142.545899,640.855400,59.969282,-0.002844,1,0
25.833000,-60.368356,208049.650536,179.631549,207784.304540,59.607937,208419.003443,97.599524,641.879494,-22.463391,636.738757,-142.789701,647.305214,59.969204,0.002653,1,0
25.867000,-60.380382,209398.296201,179.693716,208203.474196,59.750276,207898.551707,97.966736,642.429758,-22.413184,641.386028,-142.226021,646.141040,59.969256,0.000832,1,0
25.900000,-60.460692,208866.352650,179.999724,210840.466427,59.597290,207986.815098,97.488151,643.690456,-21.878101,645.309810,-142.510744,639.670290,59.972896,-0.002946,1,0
25.933000,-60.180685,210482.638939,179.663886,208354.353260,59.597821,209216.161931,97.716509,640.176049,-22.118265,637.642989,-142.757516,636.669979,59.970634,0.010205,1,0
25.967000,-60.289320,209655.542125,179.679160,209036.052286,59.654146,208066.966263,97.729651,641.168526,-22.405233,644.285426,-142.286126,641.176325,59.970870,-0.004828,1,0
26.000000,-60.623614,210214.823535,179.630842,207627.359026,59.507864,208040.001680,97.596034,642.076990,-22.248820,643.474892,-142.337068,644.069188,59.968434,-0.010177,1,0
26.033000,-60.351897,210614.805004,179.603798,209858.255995,59.456368,207080.460572,97.391240,643.243182,-22.840343,637.221562,-142.530451,645.041351,59.964868,0.006248,1,0
26.067000,-60.311043,208286.478430,179.642903,208947.223028,59.474131,210208.007868,97.465636,641.518652,-22.391040,647.129352,-142.188022,641.516748,59.969256,0.012418,1,0
26.100000,-60.448515,209413.107432,179.665601,208625.781647,59.691604,207769.516256,97.526328,640.620661,-22.265612,642.244795,-142.362250,636.305115,59.962368,-0.005140,1,0
26.133000,-60.340754,210421.281320,179.763496,208350.439162,59.682109,209053.164929,97.669520,645.322460,-22.546741,641.143409,-142.547136,638.172720,59.967798,0.005784,1,0
26.167000,-60.379652,209214.297926,179.623737,209073.670326,59.778669,210048.007340,97.422384,639.082987,-22.089980,648.199342,-142.207972,638.641609,59.960571,0.004707,1,0
26.200000,-60.355326,207878.018989,179.660692,208042.365746,59.747227,208490.094010,97.662456,643.159922,-22.237170,638.104581,-142.337413,644.313847,59.964618,-0.011324,1,0
26.233000,-60.230653,209499.102795,179.620747,210565.172974,59.513425,207842.532318,97.601229,639.287511,-22.263240,639.438431,-142.528013,643.896972,59.964452,-0.000691,1,0
26.267000,-60.253065,208689.966524,179.809232,208782.525054,59.644073,209010.123846,98.257482,638.128304,-22.177727,637.904831,-142.350700,641.485744,59.965443,0.005310,1,0
26.300000,-60.337089,207535.400163,179.780910,207541.784588,59.791141,206917.472977,97.465096,637.212833,-21.992179,636.493535,-141.964102,640.063091,59.959138,-0.007786,1,0
26.333000,-60.171467,208768.771049,179.674708,209877.355851,59.747519,208850.970422,97.920020,634.836946,-22.234010,641.450585,-142.079215,643.947745,59.959197,0.011132,1,0
26.367000,-60.450601,209488.808621,179.425460,209474.566044,59.713624,208789.718076,97.564194,635.094779,-22.499014,634.243898,-142.209550,637.833923,59.952111,-0.014501,1,0
26.400000,-60.462864,209801.817672,179.582364,209701.446124,59.618610,208576.666576,97.637790,630.498119,-22.292843,639.485704,-142.227820,638.801925,59.954746,-0.011357,1,0
26.433000,-60.262374,211943.333690,179.724313,208580.131013,59.827628,207853.658686,97.609887,630.331054,-22.548827,634.840733,-142.058385,635.262771,59.953448,0.001994,1,0
26.467000,-60.053319,210434.483911,179.956214,210554.939174,59.977478,208628.120417,98.175646,631.536558,-22.070951,638.807863,-141.884515,637.027802,59.951677,0.002672,1,0
26.500000,-60.229760,211409.414610,179.757849,210425.669929,59.649104,210255.748012,97.439133,633.637293,-22.425596,635.469615,-142.276297,632.484659,59.951316,-0.004489,1,0
26.533000,-60.225860,209840.954404,179.714190,208957.213713,59.837059,210793.596735,97.617888,632.530480,-22.558735,633.740795,-142.072155,635.013513,59.952442,0.000633,1,0
26.567000,-60.300869,209028.555977,179.491392,209531.501399,59.894420,209040.550453,97.636421,639.102803,-22.427251,632.570640,-142.058337,633.824034,59.942909,-0.000616,1,0
26.600000,-60.314584,210142.631556,179.924389,210057.065092,59.762051,210447.709240,97.677812,637.054366,-22.156754,631.217618,-142.291816,640.790579,59.954415,0.004752,1,0
26.633000,-60.363212,208936.454010,179.877830,209064.094514,59.680170,211072.097238,97.737674,635.733673,-21.990318,634.951591,-142.454204,635.695103,59.947846,0.001670,1,0
26.667000,-60.261563,210851.971944,179.706322,209867.933282,59.855728,209993.579796,97.569920,626.820799,-22.683308,634.497180,-142.137346,631.117899,59.949106,-0.004659,1,0
26.700000,-60.372469,210400.439129,179.897388,210451.872136,59.845443,209385.008114,97.610865,636.395193,-21.939174,632.759874,-141.853958,632.744446,59.943719,-0.003053,1,0
26.733000,-60.263135,210975.637172,179.869882,209460.024574,59.722527,209664.541257,97.639578,635.501599,-22.096054,633.101965,-142.399089,629.527135,59.942466,-0.011563,1,0
26.767000,-60.105318,210421.977216,179.741304,209671.202674,59.787646,210668.224212,97.632680,630.431501,-22.523014,630.023677,-142.268068,636.212168,59.950530,0.001798,1,0
26.800000,-60.236759,210759.449742,179.710432,210920.372783,59.734422,210789.489502,97.765921,636.847502,-22.405302,636.566378,-142.372447,635.257056,59.950203,-0.004414,1,0
26.833000,-60.397244,208850.681196,179.598882,210372.568677,59.667680,209875.720238,97.432363,633.957368,-22.293799,635.837972,-141.955512,631.917641,59.937824,0.006166,1,0
26.867000,-60.216131,209892.324153,179.692072,210524.385122,59.713312,211676.299685,97.824806,633.577144,-22.234802,630.796837,-142.341485,633.325537,59.942376,-0.011863,1,0
26.900000,-60.404616,209570.242259,179.658630,210075.670965,59.605860,208791.022502,97.515696,632.798821,-22.169532,631.223165,-142.337933,637.160922,59.944700,0.004327,1,0
26.933000,-60.399973,210703.669881,179.708626,210869.515136,59.568777,211368.240931,97.576744,639.341042,-22.017685,636.222576,-142.568634,630.967801,59.945698,0.001812,1,0
26.967000,-60.340118,210438.275820,179.657515,211140.796569,59.652346,208631.926118,97.357643,630.280903,-22.069893,639.878534,-142.500664,630.609284,59.940739,0.003656,1,0
27.000000,-60.290730,209422.984527,179.568893,210168.056276,59.651233,210941.222184,98.075216,631.275050,-22.527215,635.600586,-142.616834,633.463288,59.943299,0.008559,1,0
27.033000,-60.501025,209493.713443,179.697650,207163.107405,59.661042,208003.281670,97.678039,635.193731,-22.118307,629.711531,-142.287252,632.552060,59.939042,-0.009851,1,0
27.067000,-60.393359,210424.629201,179.734183,210209.865925,59.508818,209514.236349,97.654246,633.058322,-22.269802,632.663766,-142.334251,632.144418,59.951961,0.001756,1,0
27.100000,-60.380971,209217.670213,179.673558,208981.241504,59.706251,208638.264678,97.405652,631.794957,-22.885568,639.462456,-142.091222,633.744412,59.944241,0.001143,1,0
27.133000,-60.349726,208396.833265,179.567829,209971.043157,59.484000,209168.484694,97.770186,628.074063,-22.106525,631.426459,-142.733191,635.989468,59.945024,-0.004758,1,0
27.167000,-60.252094,208902.857240,179.702450,208442.851012,59.680929,208878.877252,97.724838,634.904006,-22.251414,625.762375,-142.236076,635.505330,59.948005,0.008463,1,0
27.200000,-60.267018,208173.097519,179.628357,208913.850588,59.746331,207811.012275,97.867056,635.302535,-22.729541,639.218255,-142.287423,630.434230,59.945061,-0.004987,1,0
27.233000,-60.276239,210458.930915,179.649344,209892.200721,59.557829,208791.980310,97.796330,633.305582,-22.212606,635.597790,-142.498705,633.312801,59.946151,-0.002079,1,0
27.267000,-60.295831,210296.591330,179.691879,208140.057150,59.839875,209780.264518,97.499126,636.132950,-22.293966,635.429639,-142.246954,637.620796,59.952244,-0.013718,1,0
27.300000,-60.037908,208863.990111,179.646259,211189.604601,59.675972,209182.537905,97.722004,633.133023,-22.406534,632.861589,-142.372590,639.209496,59.939142,0.003234,1,0
27.333000,-60.236226,210775.560788,179.621624,210614.384917,59.532448,209075.968236,98.205846,637.443661,-22.193556,638.997950,-142.407982,637.011010,59.947846,-0.008871,1,0
27.367000,-60.286700,210661.191376,179.469716,210048.904628,59.643307,209683.574822,97.882235,632.975767,-22.608826,634.985913,-142.278403,634.047561,59.946968,0.006795,1,0
27.400000,-59.972544,208701.154968,179.811955,209514.927806,59.738582,211093.643422,98.300247,633.094153,-22.360612,630.524469,-142.225216,628.189113,59.944233,0.003365,1,0
27.433000,-60.293601,210006.246411,179.701645,210737.582947,59.780882,207495.874713,97.716907,639.510459,-22.173378,634.125585,-142.160961,633.251562,59.944491,-0.000489,1,0
27.467000,-60.318786,210568.279980,179.848030,209834.749036,59.865926,209983.497840,97.900548,635.819936,-21.773498,637.005722,-142.200180,632.481324,59.952161,-0.002328,1,0
27.500000,-60.355164,210324.130470,179.841275,209660.860721,59.781289,209075.380859,97.558836,627.120821,-22.197373,630.764225,-142.310603,633.436721,59.949180,-0.010547,1,0
27.533000,-60.002679,209743.182945,179.761694,208713.507710,59.981648,209713.534735,98.083749,625.657623,-22.282075,628.678225,-142.142048,632.362922,59.942567,-0.003818,1,0
27.567000,-60.017481,209732.042691,179.916001,208403.728015,59.813265,208017.128210,97.917935,628.286166,-22.000688,629.946564,-142.413867,632.027513,59.946232,0.003307,1,0
27.600000,-60.345755,210004.318632,179.893102,209437.289634,59.834580,208238.006202,97.555115,639.203088,-22.519922,625.004611,-142.361834,636.614689,59.947985,0.004329,1,0
27.633000,-60.153808,210402.291694,179.934378,208270.223186,59.696074,208498.992084,98.021286,626.181833,-21.804582,627.871392,-142.559938,631.547608,59.938999,-0.002277,1,0
27.667000,-60.261754,209768.845883,179.832976,209698.762190,59.769605,210174.273957,98.058924,632.550721,-22.394195,629.961720,-142.133782,635.888151,59.957081,0.000614,1,0
27.700000,-60.115773,209383.310021,179.823490,209987.993384,59.934113,209320.345402,97.778964,627.434377,-22.279605,627.468392,-142.036016,632.384408,59.943221,-0.004312,1,0
27.733000,-59.920402,207588.984198,-179.996140,209859.303138,60.016037,209345.439621,98.286380,627.664813,-22.024462,632.447351,-142.057718,629.880562,59.947678,-0.006050,1,0
27.767000,-60.116967,210323.688533,179.997696,209833.237270,59.840140,209003.727218,97.787210,629.908683,-22.008800,624.536046,-142.059923,633.599838,59.938226,0.006529,1,0
27.800000,-60.112192,210344.954477,179.949088,208983.195265,59.989005,209092.912683,97.840297,633.844460,-21.925005,633.161821,-142.211611,628.082629,59.943087,-0.002296,1,0
27.833000,-60.040324,212246.924689,-179.977706,208612.417262,59.862629,209633.835587,97.893502,623.818705,-21.829723,630.021460,-142.320965,627.808881,59.940670,-0.009766,1,0
27.867000,-60.070334,211700.368367,179.910766,209966.683463,59.969585,209743.869205,97.537310,631.274076,-21.921194,629.063646,-142.035471,627.898856,59.932363,0.000211,1,0
27.900000,-60.207921,209244.755104,-179.907639,212202.313890,59.747291,211196.849604,97.688141,633.963325,-21.889384,629.761367,-142.445690,631.531301,59.944733,-0.006907,1,0
27.933000,-60.033934,211427.170478,179.821599,210600.978125,59.854722,209435.078798,97.761743,633.556037,-22.155458,629.156094,-142.119667,629.657988,59.936943,0.003930,1,0
27.967000,-60.177051,209682.824330,179.663021,209927.396520,59.557596,210044.635463,97.781954,631.711770,-22.187580,626.325265,-142.434689,629.086197,59.937377,-0.011159,1,0
28.000000,-60.214320,211280.865592,179.694543,209706.560486,59.736639,210853.795245,97.873777,633.967119,-22.139122,626.888626,-142.389248,629.504386,59.937166,-0.002236,1,0
28.033000,-60.183746,209395.837553,179.710912,209143.871253,59.949265,212216.558711,97.390309,632.737529,-22.064637,625.602832,-142.399440,636.200432,59.943491,0.001241,1,0
28.067000,-60.057135,211191.602691,179.873530,211052.248565,59.818101,209616.440091,97.866209,634.575483,-22.247487,629.587515,-142.103592,631.028097,59.939214,0.000013,1,0
28.100000,-60.183435,210769.360341,179.688298,210929.790179,59.800009,210632.287823,97.952183,628.803437,-22.305289,636.135324,-142.209828,630.384912,59.939818,0.005504,1,0
28.133000,-60.031656,210302.865220,179.797707,209950.845306,59.597198,210615.458251,97.648488,628.803526,-22.267148,634.245680,-142.628574,635.282317,59.942974,-0.010142,1,0
28.167000,-60.016910,211935.801277,179.832136,211015.122174,59.880184,211620.668055,97.932778,632.484681,-22.087707,627.736919,-141.825267,635.731751,59.948821,0.006406,1,0
28.200000,-60.035365,209226.393282,179.878335,210851.021614,59.785817,207544.326529,97.962376,641.322810,-22.320730,633.902182,-142.105355,638.745562,59.939054,0.007726,1,0
28.233000,-60.135412,209135.628550,179.712937,210007.997737,59.700147,210217.938304,98.113801,637.919695,-22.266434,640.281847,-142.612221,641.110575,59.944956,-0.001062,1,0
28.267000,-60.370577,210841.035800,179.760339,211845.141945,59.687554,210786.064476,97.601785,640.408646,-22.270584,637.850503,-142.462999,642.267408,59.946000,0.007739,1,0
28.300000,-60.176102,210647.913938,179.822650,211698.368158,59.708016,212649.009659,97.884949,636.015248,-22.088468,636.161936,-142.311112,638.074486,59.940100,-0.005123,1,0
28.333000,-60.229490,210830.991267,179.806528,208748.196420,59.758878,210912.114483,97.478458,639.935057,-22.205335,636.704650,-142.401104,636.191007,59.951441,-0.007261,1,0
28.367000,-60.287261,208737.299176,179.682071,210065.546701,59.554050,209732.270578,97.738748,640.762507,-22.253807,636.474815,-142.365090,643.274798,59.946279,0.004227,1,0
28.400000,-60.348389,211543.503006,179.628845,210764.100180,59.799300,210411.641169,97.686427,637.068858,-22.311450,633.788517,-142.221451,636.224320,59.941904,0.000546,1,0
28.433000,-60.406564,208756.646849,179.872858,210549.350167,59.574517,210312.947394,97.501824,635.677841,-21.947307,639.441094,-142.139314,641.889985,59.938130,0.009839,1,0
28.467000,-60.389833,210328.844973,179.580190,211262.597591,59.672007,210768.019520,97.823929,635.768911,-22.565710,639.733554,-142.308554,637.863748,59.936393,0.009454,1,0
28.500000,-60.405403,207372.193760,179.692187,209830.949988,59.729461,210451.031709,97.275713,636.960388,-22.496862,631.529683,-141.992118,630.337230,59.942540,-0.004624,1,0
28.533000,-60.462493,209707.461080,179.790358,210630.480275,59.677519,210726.346645,97.592824,633.225315,-22.227118,634.686680,-142.370350,631.801794,59.943285,-0.002562,1,0
28.567000,-60.117224,210132.617461,179.697288,211635.456803,59.761694,210405.570762,97.874788,632.952562,-22.430902,629.560070,-141.880358,631.442045,59.942862,-0.002595,1,0
28.600000,-60.310187,210923.181021,179.774430,210947.290303,59.880435,209153.260510,97.814527,629.484811,-22.306066,630.693754,-142.138737,634.550425,59.944355,0.006450,1,0
28.633000,-60.449694,210609.581380,179.705618,207893.390835,59.720418,208548.431025,97.696888,630.607591,-22.060309,632.409652,-141.991874,632.565530,59.940182,0.004091,1,0
28.667000,-60.280261,210192.338137,179.638799,211708.354444,59.889662,211396.488208,97.931333,634.559125,-22.172788,634.857207,-142.146802,635.399099,59.938171,0.012492,1,0
28.700000,-60.142467,210542.663040,179.698012,212144.573754,59.615973,211932.975517,97.870832,629.967103,-22.403350,625.782716,-142.601074,624.786367,59.935605,0.004894,1,0
28.733000,-60.221571,209792.350737,179.613635,209182.650934,59.753053,211319.871170,97.729460,629.515149,-22.341552,627.699278,-142.065982,625.825307,59.931586,0.002269,1,0
28.767000,-60.287469,210159.239629,179.644283,211167.253061,59.702099,209261.914356,97.755605,626.258162,-22.372152,636.962896,-142.244853,637.853673,59.929857,-0.005134,1,0
28.800000,-60.666632,211434.803104,179.514484,209156.701235,59.796201,211114.874475,97.134460,633.038785,-22.383345,634.199125,-142.375321,634.481571,59.929839,0.000237,1,0
28.833000,-60.406010,211087.249474,179.601250,211006.989487,59.773804,209805.460220,97.748983,633.935548,-22.864790,625.366944,-142.269396,633.665739,59.937033,0.004566,1,0
28.867000,-60.290657,211538.260851,179.551905,211208.905843,59.300518,209549.079004,97.870816,630.675316,-22.518057,636.016483,-142.649860,634.619492,59.930022,0.002640,1,0
28.900000,-60.303075,210451.038274,179.564224,210602.965953,59.517321,210735.142372,97.798035,635.934731,-22.285404,634.314729,-142.378060,632.486935,59.934913,0.008634,1,0
28.933000,-60.460667,210805.596377,179.771714,210609.719000,59.638462,210358.257036,97.738240,631.167561,-22.254013,631.220005,-142.383346,627.980791,59.940737,-0.001432,1,0
28.967000,-60.319786,211170.563956,179.576361,209951.225963,59.772642,211087.559532,97.383484,632.850910,-22.505193,627.181448,-142.133931,632.763389,59.938144,0.005343,1,0
29.000000,-60.275304,212600.715935,179.527141,212138.570476,59.657721,210294.743759,98.103708,633.229987,-22.551707,627.586124,-142.298416,635.694873,59.932037,0.012002,1,0
29.033000,-60.277846,210087.001110,179.733842,209831.678325,59.595325,210205.767849,97.764688,632.553761,-22.273174,629.648301,-142.506927,636.152274,59.931681,-0.007078,1,0
29.067000,-60.134927,210372.425462,179.642258,211454.074203,59.552302,211445.446689,97.693588,629.308386,-22.484659,642.648465,-142.649654,632.259897,59.929512,0.001481,1,0
29.100000,-60.371343,210326.391677,179.656968,211906.402949,59.758869,211240.035941,97.575718,634.762347,-22.568777,633.810610,-142.117649,633.093711,59.935795,-0.002518,1,0
29.133000,-60.213227,209833.834701,179.760635,209250.464566,59.686587,209804.964758,97.767517,633.107179,-22.161604,628.680193,-142.081433,634.588684,59.934195,0.009230,1,0
29.167000,-60.136552,209003.245682,179.904317,210894.031787,59.805054,210073.443512,97.718164,631.940685,-22.368487,629.508212,-142.135965,635.464037,59.937497,-0.008912,1,0
29.200000,-60.265928,212025.810114,179.596030,210524.775933,59.838214,210217.635280,97.519948,631.270264,-22.509130,635.476584,-142.233572,631.250424,59.931639,0.003760,1,0
29.233000,-60.446483,211356.355872,179.482796,210240.708113,59.637073,210406.233841,97.554961,633.103617,-22.613095,637.337095,-142.407873,636.778380,59.931599,-0.016866,1,0
29.267000,-60.269289,212109.822302,179.678723,210593.403721,59.534527,209035.589164,97.721654,636.528382,-22.147782,636.272556,-142.929343,628.840764,59.938958,-0.002009,1,0
29.300000,-60.614767,211500.929398,179.617365,210172.430596,59.368896,209969.090390,97.291269,633.040917,-22.467379,629.670125,-142.613458,633.886735,59.936602,0.002807,1,0
29.333000,-60.520575,210364.510894,179.470169,211392.638855,59.553375,211071.033064,97.645818,628.279267,-22.209693,627.682244,-142.138943,631.370343,59.931784,0.000560,1,0
29.367000,-60.339489,210604.155465,179.499412,210525.167793,59.611534,210940.874658,97.431017,631.689204,-22.511793,637.737118,-142.578673,638.145281,59.931814,0.000737,1,0
29.400000,-60.394852,210564.239806,179.550488,211548.389748,59.496096,210889.059569,97.401309,636.333633,-22.704226,627.376097,-142.637605,633.708921,59.931655,0.003748,1,0
29.433000,-60.349115,210941.543508,179.550908,210879.054651,59.522677,211147.104965,97.714869,632.438448,-22.539843,634.144108,-142.531280,632.434370,59.936577,0.005725,1,0
29.467000,-60.351769,211489.516654,179.693411,210350.257159,59.637499,209359.002617,97.951184,630.785670,-22.625876,637.357289,-142.705119,636.360908,59.934731,0.002577,1,0
29.500000,-60.400248,209864.545799,179.770480,209786.968874,59.713298,209178.304220,97.413163,629.367003,-22.415828,635.169275,-142.475809,629.645121,59.942912,-0.010754,1,0
29.533000,-60.415065,209210.074557,179.662948,210709.098934,59.575236,209754.450992,97.305025,628.775070,-22.235248,630.161606,-142.340722,629.377315,59.941866,0.001855,1,0
29.567000,-60.423565,210684.219093,179.511028,209502.034904,59.783832,211607.586124,97.436352,624.467820,-22.434890,625.168984,-142.237348,626.979994,59.945387,0.009407,1,0
29.600000,-60.181739,209539.591497,179.684451,211242.750985,59.521508,209595.121570,97.849421,628.544655,-22.350489,628.576643,-142.361224,629.126408,59.944783,-0.004636,1,0
29.633000,-60.207120,211549.216976,179.487309,209688.873050,59.675986,210640.097055,97.575726,624.138709,-22.510070,622.534192,-142.408592,631.708538,59.946456,-0.007544,1,0
29.667000,-60.238807,212054.364554,179.775764,209361.600142,59.643505,211761.769786,97.808638,622.254720,-22.226556,625.731864,-142.391617,627.632699,59.955986,-0.007836,1,0
29.700000,-60.412460,211799.693602,179.725872,210887.138079,59.646341,210885.112832,97.543132,622.428850,-22.164921,628.837657,-142.235393,620.652473,59.951280,-0.000324,1,0
29.733000,-60.443774,213296.893422,179.757201,211200.000251,59.656986,211459.663240,97.690801,623.457199,-21.886528,631.702489,-142.151033,621.462133,59.950819,0.007548,1,0
29.767000,-60.436737,210979.108141,179.671077,210268.632492,59.627716,210826.206411,97.527792,627.340745,-22.061046,630.690322,-142.471988,627.441845,59.943152,-0.005756,1,0
29.800000,-60.430203,211200.570486,179.725763,210599.421249,59.615463,210037.948988,97.485927,626.650108,-22.387587,625.465307,-142.386621,627.875313,59.942209,-0.007044,1,0
29.833000,-60.522665,211303.642013,179.634005,209742.964375,59.701414,210824.057226,97.642042,630.604209,-21.956069,624.704678,-142.199065,626.599287,59.949903,0.004448,1,0
29.867000,-60.318259,211301.611490,179.592833,210572.808541,59.550386,210619.295424,97.810179,632.029294,-22.521537,624.063120,-141.967446,630.166889,59.940687,-0.007826,1,0
29.900000,-60.378670,210774.106978,179.690946,210578.167491,59.619684,211066.057507,97.585016,629.067085,-22.381150,621.035798,-142.215195,628.041479,59.939599,-0.008754,1,0
29.933000,-60.372964,211191.364051,179.572456,210435.489375,59.599813,210776.530101,97.780502,625.897293,-22.637986,624.815808,-142.131861,625.621331,59.945807,-0.005073,1,0
29.967000,-60.421409,210863.665256,179.612615,210374.116383,59.383113,210568.273673,97.262137,629.320025,-22.284641,626.285636,-142.064479,630.631794,59.942386,0.002080,1,0
30.000000,-60.262705,211608.844166,179.586827,210437.560208,59.800740,209415.650235,97.714498,635.168584,-22.231876,624.066314,-142.279143,629.148163,59.940219,0.008266,1,0
