TIMESTAMP,BUS9_VA_ANG,BUS9_VA_MAG,BUS9_VB_ANG,BUS9_VB_MAG,BUS9_VC_ANG,BUS9_VC_MAG,BUS9_IA_ANG,BUS9_IA_MAG,BUS9_IB_ANG,BUS9_IB_MAG,BUS9_IC_ANG,BUS9_IC_MAG,BUS9_Freq,BUS9_ROCOF,DATA_PRESENT,Event
0.000000,-58.688984,205350.622087,-178.931256,205442.671164,61.169925,206311.802377,99.525876,630.917858,-20.870259,634.814923,-140.851234,625.804807,59.974754,0.010278,1,0
0.033000,-58.631505,208214.252156,-178.685269,204061.425864,61.149240,204298.620833,99.457166,635.844568,-20.786769,630.999021,-140.704623,629.465830,59.982961,0.006287,1,0
0.067000,-58.701646,205465.114291,-178.800592,204996.191596,61.273323,206835.228850,99.255455,632.272516,-20.794270,632.596820,-140.621362,634.454214,59.981481,0.019741,1,0
0.100000,-58.796064,206210.201135,-178.701576,206141.068562,61.327906,207456.166973,99.365608,630.690494,-21.093422,635.090945,-140.582410,634.715728,59.976190,0.008375,1,0
0.133000,-58.634478,207667.214777,-178.873760,205717.781362,61.143253,204998.454931,99.574928,628.920031,-21.008662,635.921414,-140.944600,632.393926,59.978773,-0.004793,1,0
0.167000,-58.748457,207407.597759,-178.689573,206652.783439,61.346208,205471.196675,98.967292,630.212222,-20.731368,626.612692,-140.577677,634.059964,59.979837,0.008191,1,0
0.200000,-58.670950,205307.500887,-178.889524,206672.340579,61.055359,206205.951703,99.221707,632.475023,-20.641898,628.456862,-141.024795,627.345339,59.975552,-0.000387,1,0
0.233000,-58.681465,205256.299180,-178.727922,206110.472473,61.133925,207640.415561,99.464728,630.742938,-20.917045,629.864211,-140.872698,625.359676,59.975070,-0.008717,1,0
0.267000,-58.830581,205547.144474,-178.846873,206158.581309,61.177295,204914.141824,99.082562,632.565931,-20.724324,629.139873,-140.386608,627.176760,59.968311,0.005772,1,0
0.300000,-58.861390,206904.792348,-178.820831,204655.250519,61.122346,205758.372445,99.239182,627.109702,-20.940328,632.853355,-140.693393,624.470297,59.971349,-0.003624,1,0
0.333000,-58.802984,206133.544921,-178.805055,207333.189298,61.174752,206262.916365,99.450917,636.764836,-20.709173,627.451795,-140.739123,624.450656,59.965512,-0.004124,1,0
0.367000,-58.959268,205342.557001,-178.784612,204989.890664,61.304910,204603.369564,98.857568,627.344029,-21.068164,633.711267,-140.959797,627.928440,59.978360,-0.001813,1,0
0.400000,-58.781056,205833.735412,-178.956906,204600.978659,61.243962,205750.165094,99.370388,634.595867,-20.836809,630.276567,-140.886591,631.177219,59.970003,0.015734,1,0
0.433000,-58.639473,203985.334670,-178.858386,205996.196787,61.109918,203952.638144,99.072257,628.321417,-21.008307,631.350983,-140.839815,629.729177,59.968273,-0.000283,1,0
0.467000,-58.918279,204273.941969,-178.774654,205488.427304,61.259308,206546.749038,99.109143,623.128654,-20.998304,625.996489,-140.809011,627.953529,59.970689,0.018633,1,0
0.500000,-58.904101,205142.165905,-178.913260,206906.413140,61.306729,206499.989281,99.575205,629.481391,-20.840286,624.543757,-140.389697,634.638804,59.959047,-0.005472,1,0
0.533000,-58.866710,206010.047842,-178.921423,205912.290109,61.164915,206158.123092,99.064176,628.818203,-20.800894,629.894076,-140.816128,627.899809,59.969334,0.006363,1,0
0.567000,-58.872842,205931.028803,-178.872141,204400.667616,61.135160,204716.735885,99.192437,630.843354,-21.009115,617.637298,-141.003141,621.607509,59.958749,0.004809,1,0
0.600000,-59.005202,206118.250147,-178.934269,205340.007703,61.190401,204834.395697,99.113012,622.837855,-20.846496,625.199200,-140.860340,624.895929,59.967546,0.000590,1,0
0.633000,-58.755771,205370.986246,-178.739957,206204.043716,61.191712,205363.737571,99.476869,620.733376,-20.839273,632.604803,-140.765646,623.749492,59.964984,0.005207,1,0
0.667000,-59.015441,204806.399349,-178.895807,204772.085903,61.099352,203286.824677,99.023541,624.136225,-20.947563,629.223320,-140.975065,627.685861,59.966322,0.009843,1,0
0.700000,-58.866399,205921.143161,-178.880405,206434.244867,61.101325,207170.939226,99.159333,622.588749,-20.987364,623.329169,-140.655569,631.181899,59.965869,0.008478,1,0
0.733000,-58.887727,204931.764269,-178.808879,206462.621363,61.049605,203640.168159,99.214672,627.398587,-20.894004,631.468554,-140.869136,634.121400,59.963302,-0.001274,1,0
0.767000,-58.751140,205765.301788,-178.579939,207539.383042,60.996753,203750.072109,99.142570,631.680228,-20.435246,631.696214,-141.150610,631.511817,59.966272,0.016049,1,0
0.800000,-58.833254,205743.586083,-178.801158,205799.536004,61.138834,205073.445045,98.913167,631.968239,-21.211492,628.316163,-141.113004,631.626002,59.969544,0.007031,1,0
0.833000,-58.771416,204765.194350,-178.830014,204593.301101,61.240175,205104.557804,99.325166,637.925215,-21.003760,632.231753,-140.802484,630.922575,59.964775,0.003780,1,0
0.867000,-58.870399,206454.339267,-178.678090,205749.828160,61.214315,206267.884894,99.151746,632.639664,-20.659617,632.229513,-140.910010,636.484517,59.960118,0.002253,1,0
0.900000,-58.781607,206209.068496,-178.589777,206290.335637,61.299334,206784.103232,99.022795,635.486623,-20.895592,636.365264,-140.979181,630.838636,59.959198,0.008230,1,0
0.933000,-58.550373,204561.858609,-178.748144,205123.036598,61.457374,206895.336429,99.294196,632.396409,-20.656261,638.721914,-140.344421,633.926478,59.964120,0.015520,1,0
0.967000,-58.579837,204978.376146,-178.656146,205152.577847,61.407968,206184.785784,99.242530,636.574015,-20.799180,637.059259,-140.649092,634.956283,59.954251,0.001544,1,0
1.000000,-58.738448,206333.208276,-178.804838,206118.948459,61.349371,205175.264289,99.059977,630.566257,-21.328666,634.051987,-140.569941,637.544759,59.954887,0.011242,1,0
1.033000,-58.784398,207467.705058,-178.883836,205257.620993,61.328022,206638.458980,99.206907,628.913014,-20.805140,627.187386,-140.780641,629.206707,59.958692,-0.006572,1,0
1.067000,-58.842450,205904.735056,-178.609788,206304.666522,61.273058,207319.459247,99.360359,632.833469,-20.510507,632.312780,-140.746677,636.796258,59.956630,-0.003477,1,0
1.100000,-58.612856,206650.046720,-178.806666,206346.237887,61.471924,205885.666178,99.309210,634.847425,-20.894701,631.978035,-140.526058,631.394232,59.957483,-0.014198,1,0
1.133000,-58.672834,205637.376420,-178.783765,205138.341583,61.337214,206027.132132,99.563064,635.538476,-20.801720,637.451508,-140.736064,641.169209,59.962026,0.018759,1,0
1.167000,-58.663464,207524.002088,-178.516236,207939.775494,61.267436,205142.388803,99.527326,639.085946,-20.640429,635.763848,-140.554318,628.727650,59.965992,0.006100,1,0
1.200000,-58.582047,205686.717715,-178.648435,205070.992992,61.416798,206685.328132,99.152704,633.898543,-20.618131,636.601009,-140.504264,634.312730,59.966650,0.004839,1,0
1.233000,-58.657180,206692.529390,-178.748588,205782.343839,61.368324,206076.455333,99.476299,635.004759,-20.781956,644.498980,-140.503525,636.572918,59.964407,-0.004021,1,0
1.267000,-58.521061,207394.082521,-178.525719,205880.213533,61.383629,206064.060107,99.397694,632.272594,-20.680111,636.056564,-140.679201,635.531635,59.969657,-0.005881,1,0
1.300000,-58.697775,206617.639942,-178.666608,206761.993357,61.433280,204251.523259,99.228073,636.112306,-20.491115,632.912548,-140.334445,632.636637,59.962627,0.003873,1,0
1.333000,-58.620263,205283.393951,-178.784965,208036.097827,61.477222,205357.817631,98.986891,629.316270,-20.921480,628.022418,-140.354789,636.421731,59.964645,0.012250,1,0
1.367000,-58.843618,204644.701941,-178.864889,206866.844843,61.391512,206913.016081,99.202351,628.387959,-21.013755,630.359021,-140.471512,633.447088,59.961014,0.010751,1,0
1.400000,-58.632946,208510.218912,-178.733873,205635.512367,61.181840,204748.353966,99.372922,636.966317,-20.683084,640.575078,-140.789725,633.032160,59.959478,-0.003759,1,0
1.433000,-58.637604,205835.116564,-178.640085,205839.423217,61.213351,206422.077359,99.232411,631.616911,-20.325564,635.493257,-141.066179,636.708775,59.959442,0.014332,1,0
1.467000,-58.703803,206082.352861,-178.726707,204686.942842,61.501702,204877.931494,99.504936,635.027394,-20.429832,635.862708,-140.667351,634.794435,59.955346,-0.006098,1,0
1.500000,-58.664713,205422.098061,-178.961436,206335.391549,61.418169,205801.414862,99.362618,631.610513,-21.105238,635.371376,-140.597315,637.074981,59.952286,-0.003906,1,0
1.533000,-58.535578,206996.814881,-178.662762,206918.388760,61.490567,206480.502935,99.278171,632.173709,-20.916141,636.094272,-140.564693,630.621185,59.965645,0.005690,1,0
1.567000,-58.545219,207178.931097,-178.786052,205628.365230,61.371983,206443.507369,99.580099,630.396234,-20.969189,632.439065,-140.405673,627.353449,59.961888,0.007485,1,0
1.600000,-58.537846,205884.395628,-178.616411,204192.616993,61.381868,206000.036254,99.369016,623.002240,-20.683700,633.433654,-140.582581,626.821259,59.963426,0.005791,1,0
1.633000,-58.597237,206810.842493,-178.626894,205547.569301,61.338425,205242.355717,99.276801,638.383030,-20.870485,630.706813,-140.479809,623.210280,59.957581,-0.000431,1,0
1.667000,-58.777697,206949.133027,-178.584043,206637.900664,61.336988,205141.606830,99.548087,633.437708,-20.656293,633.082581,-140.754171,632.628057,59.953367,-0.000589,1,0
1.700000,-58.580271,206533.009635,-178.792108,206913.158660,61.162046,205378.067250,99.520976,640.157231,-20.740768,633.090456,-140.808452,644.907502,59.957458,-0.006947,1,0
1.733000,-58.635081,206820.796779,-178.712042,205372.039789,61.367716,206309.692616,99.473198,633.065082,-20.586901,633.973279,-140.399422,634.808734,59.966174,0.002833,1,0
1.767000,-58.618805,205844.924203,-178.815580,207062.560253,61.357314,205861.240158,99.119547,637.916556,-20.699627,631.980352,-140.713368,633.870764,59.960368,0.003562,1,0
1.800000,-58.681389,206133.875064,-178.836187,203445.521628,61.424028,204649.442849,99.522912,635.439085,-20.747183,632.730295,-140.592608,636.678581,59.956691,0.009312,1,0
1.833000,-58.681876,206345.816346,-178.681687,204942.981567,61.236459,203699.314375,99.201290,629.838226,-20.887718,636.385127,-140.640340,630.066944,59.964631,0.006329,1,0
1.867000,-58.576703,207027.458852,-178.777150,207119.752582,61.526143,205498.188771,99.091079,626.762318,-20.773353,626.687497,-140.682216,639.390220,59.962157,-0.003226,1,0
1.900000,-58.690028,206952.733098,-178.616043,207339.729936,61.288952,206312.127582,99.534705,633.901521,-20.662701,634.930342,-140.471972,631.089046,59.961405,0.004034,1,0
1.933000,-58.720045,203788.399773,-178.586185,205658.570839,61.185406,207685.466482,99.292077,631.888871,-20.712911,640.482772,-140.843222,633.515983,59.962433,-0.009164,1,0
1.967000,-58.676823,205449.073515,-178.823430,205760.522569,61.003237,204147.706777,99.385942,633.362029,-21.190102,635.239156,-141.035798,635.889244,59.963404,0.009258,1,0
2.000000,-58.676015,205353.177803,-178.840705,205774.259815,61.327373,205776.437349,99.414021,634.839847,-20.965048,633.733630,-140.581678,633.386994,59.966367,0.019254,1,0
2.033000,-58.694509,204975.079463,-178.716508,207269.641375,61.408482,205712.837124,99.458654,628.035752,-20.714648,629.729556,-140.437231,636.542361,59.963672,0.003305,1,0
2.067000,-58.573196,204866.637091,-178.541199,205610.518694,61.332467,206367.500125,99.525807,635.119210,-20.884347,628.230229,-140.821319,637.853248,59.971867,-0.004873,1,0
2.100000,-58.693578,205033.254074,-178.764846,205364.060780,61.282240,205789.438559,99.000937,630.125880,-20.639219,635.035892,-141.018939,631.765609,59.964214,0.009759,1,0
2.133000,-58.867125,205595.234922,-178.707025,205168.491855,61.245476,206520.628348,99.344524,626.997623,-20.403134,628.911181,-140.717707,626.544549,59.972140,0.003006,1,0
2.167000,-58.725874,204991.149687,-178.708726,206120.055731,61.367116,204456.341336,99.217799,630.434234,-20.710334,636.458728,-140.572106,633.449871,59.966658,0.006354,1,0
2.200000,-58.675407,206367.657953,-178.750650,207266.287746,61.231899,206115.168675,99.393858,632.160450,-20.730903,629.033632,-140.706308,629.581639,59.962962,0.002063,1,0
2.233000,-58.685897,205908.941925,-178.786718,203956.043979,61.440858,204747.984435,99.172178,627.612336,-21.065698,632.107347,-140.435600,624.443742,59.965014,-0.007427,1,0
2.267000,-58.761642,206110.911090,-178.727356,204852.837164,61.048132,204369.913362,98.925831,629.711972,-20.393102,628.181588,-141.148690,627.573069,59.975632,0.005047,1,0
2.300000,-58.536265,205564.691101,-178.636317,206370.969608,61.310831,206195.419577,99.186024,635.712979,-20.281931,632.611793,-140.493197,627.671322,59.969407,0.011363,1,0
2.333000,-58.810752,205965.219315,-178.742728,205427.454313,61.317529,204826.959330,99.262166,634.906740,-20.599545,629.900053,-140.986237,624.468594,59.965631,0.004651,1,0
2.367000,-58.601363,204102.198877,-178.572972,205827.812942,61.191686,206346.994835,99.665809,636.119004,-20.566209,629.254081,-140.974705,632.925947,59.963403,-0.001440,1,0
2.400000,-58.740534,205361.975871,-178.701775,204572.149128,61.167628,206230.733450,99.305102,635.383026,-21.033926,628.687792,-141.002708,628.113932,59.965328,0.002551,1,0
2.433000,-58.738192,206446.815882,-178.677424,204828.059161,61.242762,205340.401031,99.055170,628.950826,-21.102704,640.375030,-141.100767,635.373333,59.969104,-0.004551,1,0
2.467000,-58.580508,205614.990766,-178.652487,205968.802309,61.280479,205611.474336,99.537872,628.371837,-20.717647,641.672639,-140.829833,635.894470,59.972472,-0.002423,1,0
2.500000,-58.525891,205285.923469,-178.614534,205607.887836,61.283366,205648.819192,99.619603,633.122207,-20.521496,635.776064,-140.650772,627.815343,59.964834,0.004452,1,0
2.533000,-58.580906,204807.196630,-178.806213,205206.726809,61.507370,205839.554196,99.302154,635.268735,-21.029018,637.529437,-140.647684,633.586771,59.963802,-0.008777,1,0
2.567000,-58.549083,206209.478059,-178.748231,206830.473301,61.341889,206056.369614,99.805041,630.480305,-20.944204,633.010177,-140.073991,635.181199,59.967578,0.001876,1,0
2.600000,-58.685558,206077.291142,-178.743277,205154.790559,61.432726,205273.794854,99.242002,633.679463,-20.564545,637.068152,-140.546647,632.768598,59.955440,-0.003151,1,0
2.633000,-58.775355,205426.902557,-178.712292,206999.845171,61.330566,205110.458647,99.299601,627.968414,-20.447862,629.374801,-140.968820,639.236023,59.968470,0.000419,1,0
2.667000,-58.699755,206909.329394,-178.616478,205646.844996,61.190052,204597.769109,99.397845,629.212502,-20.412765,633.422123,-140.936287,633.716949,59.965667,0.003863,1,0
2.700000,-58.599189,206439.553892,-178.808164,207675.164252,61.238862,205160.415892,99.404612,634.664875,-20.708418,631.807192,-140.667504,633.738053,59.965295,0.000874,1,0
2.733000,-58.505393,204698.400822,-178.636481,205727.826182,61.396383,204467.028004,99.661451,633.501293,-20.322899,627.991041,-140.581086,625.327560,59.963852,0.004732,1,0
2.767000,-58.623367,204969.652429,-178.626678,203848.976876,61.458232,205551.382193,99.120375,632.806271,-20.523549,631.851446,-140.295442,632.533292,59.959781,0.000728,1,0
2.800000,-58.632354,204922.019342,-178.735220,205014.718645,61.279932,205427.067435,99.343415,628.702092,-21.088912,630.472138,-140.800820,628.039585,59.960270,-0.000210,1,0
2.833000,-58.430624,204581.037058,-178.608695,203530.191381,61.390779,204405.663831,99.528847,627.745762,-20.427593,632.805983,-140.745476,638.028034,59.962998,0.000809,1,0
2.867000,-58.469414,206752.014409,-178.675932,203278.790549,61.433701,205504.204863,99.604098,630.318532,-20.462203,631.172695,-140.545641,628.069859,59.963984,0.004804,1,0
2.900000,-58.488798,204022.499638,-178.658248,204354.759278,61.397676,205700.198831,99.350140,627.238928,-20.850659,632.775645,-140.630203,628.369713,59.961021,-0.001415,1,0
2.933000,-58.533265,205252.404229,-178.721406,205085.768166,61.395322,205131.840681,99.633121,624.840673,-20.450308,625.649583,-140.697885,634.243243,59.962691,-0.004831,1,0
2.967000,-58.637247,204053.306245,-178.503839,204632.400408,61.284290,204265.555932,99.319787,630.683818,-20.635661,633.327360,-140.706943,627.176201,59.964281,-0.002767,1,0
3.000000,-58.580025,204948.134419,-178.502985,204096.684646,61.484733,204454.848218,99.628727,634.733510,-20.408873,630.212673,-140.461872,623.571248,59.977539,-0.005692,1,0
3.033000,-58.945799,204721.784546,-178.673038,205191.200712,61.354377,204887.597827,99.150216,631.027425,-20.783606,622.407880,-140.662282,631.207421,59.977705,0.005576,1,0
3.067000,-58.609643,203735.682770,-178.719096,204657.382318,61.341965,204272.805868,99.469620,633.447180,-20.646685,629.210153,-140.614808,626.872934,59.975727,0.001620,1,0
3.100000,-58.586402,204532.589195,-178.663222,203495.211346,61.437723,204592.535743,99.277852,631.658908,-20.578818,630.478268,-140.547871,639.325579,59.970322,0.004784,1,0
3.133000,-58.624037,204753.273674,-178.878897,202814.349129,61.395368,203537.654209,99.612225,628.292974,-20.772409,629.660697,-140.626816,628.827576,59.959741,-0.006034,1,0
3.167000,-58.652789,204790.503316,-178.735540,205130.154111,61.110517,204178.037920,99.418079,636.517998,-20.713861,635.151759,-140.951292,628.745314,59.970422,-0.001111,1,0
3.200000,-58.645827,205157.621729,-178.409381,205094.198797,61.391293,204356.405753,99.583678,626.898380,-20.471735,622.842475,-141.020018,628.840028,59.966411,-0.008314,1,0
3.233000,-58.501396,204393.471181,-178.695105,204861.898132,61.477118,203768.747824,99.329675,632.666948,-20.815237,629.075328,-140.382518,632.123244,59.963331,-0.013079,1,0
3.267000,-58.489867,204406.278010,-178.740150,203854.734379,61.560801,205022.208092,99.881665,634.596792,-20.562157,636.789221,-140.728755,628.800410,59.972703,0.007054,1,0
3.300000,-58.699941,204369.848645,-178.716877,204975.354553,61.267931,204213.138083,99.209075,626.112184,-20.829501,634.443912,-140.459381,625.260607,59.971702,-0.001996,1,0
3.333000,-58.718850,203554.355316,-178.704987,205469.957220,61.325455,202941.950086,99.310916,635.399875,-20.491226,634.086108,-140.599183,633.023020,59.971948,0.003993,1,0
3.367000,-58.690026,203365.814124,-178.553409,205036.966245,61.577553,202255.181753,99.428950,629.102476,-21.019414,634.356249,-140.604644,632.242265,59.972690,-0.005914,1,0
3.400000,-58.855769,205081.226212,-178.661044,205899.135794,61.428499,203184.863729,99.256223,641.342319,-20.495532,628.008892,-140.563632,628.968424,59.968327,-0.003002,1,0
3.433000,-58.806878,203372.787401,-178.750833,204817.711406,61.161895,202122.556361,99.308561,632.839546,-20.844652,634.652602,-140.898849,630.680833,59.969906,-0.002666,1,0
3.467000,-58.664375,204703.682491,-178.708061,205586.229408,61.335344,205230.917148,99.404848,636.460231,-20.526486,635.392212,-140.431039,636.003610,59.963310,0.000167,1,0
3.500000,-58.750042,204497.933414,-178.818657,203358.608989,61.203075,203142.066992,99.412713,630.847207,-20.837478,634.484339,-140.513328,634.025913,59.969071,-0.010424,1,0
3.533000,-58.701327,203677.709609,-178.791699,204082.154213,60.971133,202345.515134,99.025834,639.022344,-21.074681,640.081384,-141.155628,638.514884,59.976505,0.013292,1,0
3.567000,-58.770402,203476.634133,-178.613267,204566.955281,61.152371,203282.211840,99.117912,638.518212,-20.660582,634.494149,-140.847415,632.701107,59.980571,0.003996,1,0
3.600000,-58.709625,205111.136013,-178.653960,204300.293011,61.206517,204916.750434,99.557422,637.495650,-20.425641,638.350306,-140.364519,638.349910,59.974200,0.019085,1,0
3.633000,-58.818579,202628.454425,-178.604711,204479.818874,61.208385,203638.688425,99.290479,638.020884,-20.573956,636.289373,-140.991884,637.132466,59.973369,0.001997,1,0
3.667000,-58.654168,200483.312011,-178.626730,203963.194914,61.221949,206134.655639,99.435752,636.307084,-20.457036,636.007014,-140.724917,637.066093,59.980442,0.001916,1,0
3.700000,-58.549557,204699.724074,-178.732167,203132.436852,61.371540,204677.280049,99.471913,642.936832,-20.825953,641.428856,-140.778967,637.233572,59.973841,0.001889,1,0
3.733000,-58.684905,204468.077681,-178.714641,204128.199905,61.196719,203519.917120,99.109461,640.142344,-20.504227,631.279557,-140.820120,629.836015,59.978412,0.004497,1,0
3.767000,-58.703146,203519.874638,-178.929282,202907.573868,61.312462,203403.505578,99.234059,637.516041,-21.106178,643.236044,-140.778494,636.750803,59.970738,-0.003373,1,0
3.800000,-58.917680,204035.948127,-178.693476,203087.188406,61.359255,206115.731841,98.954992,641.385441,-20.725797,636.984250,-140.748500,636.521990,59.973299,0.002872,1,0
3.833000,-58.867121,205547.726593,-178.845703,203209.779713,61.392268,203358.267321,99.160733,633.148438,-20.630657,635.812660,-140.471813,642.545761,59.975866,0.007598,1,0
3.867000,-58.821523,203391.419488,-178.835160,206198.288837,61.369393,203907.512548,99.043900,629.780688,-20.919870,630.860894,-140.407859,628.624491,59.969612,0.000018,1,0
3.900000,-58.742952,203133.885066,-178.650422,203829.037425,61.137143,203802.020682,99.317141,636.562986,-20.355021,630.699940,-140.852728,630.172291,59.972863,-0.006446,1,0
3.933000,-58.795050,203455.856465,-178.770705,205166.009298,61.151845,204301.583093,99.241237,628.729620,-21.008524,626.149154,-141.085771,623.545223,59.969869,-0.002920,1,0
3.967000,-58.768336,204830.540740,-178.894544,203854.609907,61.022397,203854.076760,99.204878,625.547318,-21.120386,635.572129,-140.968797,632.475088,59.969653,0.010774,1,0
4.000000,-58.734923,203844.088511,-178.820111,203015.121881,61.210752,204267.003697,99.637107,633.762447,-20.508597,634.199817,-141.066234,633.374966,59.971504,-0.008207,1,0
4.033000,-58.852106,204037.375883,-178.917751,204457.198113,61.112581,204986.265175,99.266140,629.279692,-20.792851,627.469412,-140.801560,628.407648,59.975437,0.001934,1,0
4.067000,-58.955729,205562.271226,-178.788480,205551.357315,61.158907,205292.157920,99.291999,632.754844,-21.037339,630.915353,-140.736854,624.494780,59.973820,0.004090,1,0
4.100000,-58.920220,205206.805526,-178.874457,203600.944693,61.199334,204095.102971,98.919855,630.418851,-20.797569,632.536475,-140.520541,627.444361,59.974411,0.009485,1,0
4.133000,-58.785721,203463.435580,-178.920750,204959.215497,61.266391,202427.707852,99.390640,630.895875,-21.042082,632.871574,-140.617951,630.909809,59.968252,0.006574,1,0
4.167000,-58.650060,205392.497392,-178.887003,202756.739524,61.255034,202905.604886,99.395579,623.816591,-20.814441,634.202482,-140.791157,634.385693,59.965297,-0.004071,1,0
4.200000,-58.875367,204428.514931,-178.766795,202589.173303,61.193766,204871.082521,98.970444,630.463035,-20.414635,633.352597,-140.754037,638.610190,59.973873,-0.001453,1,0
4.233000,-58.872240,206299.728078,-178.775373,203568.726633,61.084013,203623.872945,98.939435,629.774484,-20.732370,635.332341,-141.136201,631.816843,59.968490,0.000002,1,0
4.267000,-58.796552,203796.735564,-178.930460,203943.226926,61.202528,203521.074453,98.969038,625.500195,-21.131080,633.116288,-140.826733,633.390534,59.973576,0.015144,1,0
4.300000,-58.855427,204002.476970,-178.958453,203807.520438,61.300256,205575.837720,98.937064,629.882408,-21.031773,634.485028,-140.577971,628.675465,59.965120,-0.004957,1,0
4.333000,-58.780081,204853.080371,-178.930512,204641.051815,61.263805,204189.323250,99.217194,640.908054,-20.695034,630.316802,-140.620606,635.564380,59.956591,-0.005971,1,0
4.367000,-58.865622,204345.038434,-178.807473,205042.605520,61.125521,203944.189896,99.156650,635.817316,-21.025765,629.760173,-140.877284,629.675393,59.964810,0.004728,1,0
4.400000,-58.671413,203261.971517,-178.866462,203743.455792,61.023422,205110.012548,99.036923,628.789652,-20.661740,633.706770,-141.128944,632.449091,59.964596,-0.007170,1,0
4.433000,-58.880607,205254.841520,-178.995122,202870.057186,61.131302,204317.677171,99.197444,625.448334,-20.801881,633.822330,-140.912277,629.352399,59.962848,-0.001975,1,0
4.467000,-58.889652,202323.524641,-178.919912,204697.498575,60.933685,203690.442010,99.094627,630.161066,-20.849003,629.759862,-140.967046,628.088617,59.965529,-0.003132,1,0
4.500000,-59.013986,202961.925752,-178.924781,204385.797135,61.108513,203700.706185,99.140746,636.135619,-20.736328,628.809283,-140.923161,630.221530,59.967756,-0.007200,1,0
4.533000,-58.957170,203342.973965,-178.643067,204191.360868,61.145797,204462.973946,98.843516,637.602767,-20.790452,621.729809,-140.758191,634.561311,59.965499,-0.000800,1,0
4.567000,-59.033955,203731.809503,-178.993418,204290.030110,60.944450,204125.450569,98.888238,628.158938,-21.572987,625.552696,-140.999021,629.998705,59.962332,0.009318,1,0
4.600000,-58.998568,204096.555359,-179.116585,204842.680710,60.946417,205123.286781,98.739205,630.035242,-21.388725,628.501044,-140.903336,635.669609,59.964895,-0.001157,1,0
4.633000,-58.922432,204036.977893,-178.939478,204864.576319,60.893361,203866.783301,99.160540,631.023701,-21.101045,636.467977,-140.920528,634.066312,59.965871,-0.001609,1,0
4.667000,-58.886959,203946.399124,-178.823318,204023.141063,61.103296,202967.004974,98.965947,634.206849,-20.781489,628.764498,-141.136645,628.261857,59.958968,0.012607,1,0
4.700000,-58.908432,204779.139820,-179.085798,203632.613060,61.003192,205828.467855,99.243380,629.044890,-21.059997,626.415995,-141.042883,630.711831,59.961106,0.001717,1,0
4.733000,-58.899431,204178.048036,-178.912664,203751.796028,61.113248,204542.257961,99.180873,633.004941,-20.411277,626.843065,-141.255657,633.648562,59.955860,-0.004095,1,0
4.767000,-58.882002,204755.657822,-178.859724,203663.221849,61.089300,205320.134362,99.017132,637.034249,-20.629643,630.043982,-140.974609,626.709246,59.958580,-0.001556,1,0
4.800000,-58.807814,205599.371905,-178.808715,203502.463719,61.134207,204453.769527,99.132345,626.514697,-21.189176,632.792957,-140.907387,629.058740,59.968370,-0.009571,1,0
4.833000,-58.990926,205410.998029,-178.913894,205175.228073,61.041877,204258.784082,98.928660,629.567284,-20.847916,629.234154,-141.322034,628.113641,59.966914,-0.001424,1,0
4.867000,-58.687164,204606.389931,-179.033477,204764.056912,61.193000,204572.930415,99.215052,629.152098,-20.985251,627.613782,-140.882898,631.472641,59.964878,0.007096,1,0
4.900000,-58.915848,206175.113021,-178.802544,204499.240230,61.094036,205717.812078,99.213713,621.517987,-20.743773,627.339429,-140.854833,626.013151,59.973900,-0.003871,1,0
4.933000,-58.768836,205462.418012,-178.860275,204310.301736,61.152257,204790.982907,99.366373,620.412566,-20.778242,627.143247,-140.963495,631.373703,59.959112,-0.001771,1,0
4.967000,-58.714540,205999.203376,-178.906265,204239.915003,61.212961,205734.818860,99.447902,621.370656,-20.707086,625.383422,-140.906411,623.897211,59.966185,0.006167,1,0
5.000000,-58.763826,206534.334606,-179.003588,204417.336683,61.086684,203602.158097,99.071321,622.104615,-20.869722,626.999487,-140.817705,628.259297,59.962811,0.003749,1,0
5.033000,-58.985876,205964.620926,-178.866678,203674.270588,61.121141,206458.941796,99.088714,630.136089,-20.998098,625.227167,-141.012532,623.711072,59.963623,-0.000504,1,0
5.067000,-58.791358,205601.019862,-178.966594,204855.861306,61.029564,206620.704122,99.161982,625.024911,-20.834780,620.799856,-140.724694,624.408731,59.969449,-0.002750,1,0
5.100000,-58.807378,205508.622725,-178.690383,205211.452112,61.094171,205513.349242,99.104179,623.844389,-20.744105,620.194807,-140.860751,627.632959,59.968122,0.000450,1,0
5.133000,-58.783894,204110.054971,-178.685681,204945.830416,61.059726,206980.449960,99.404248,626.179452,-21.008060,623.896936,-140.961885,622.469432,59.964865,-0.010689,1,0
5.167000,-58.735220,205032.766079,-178.724386,205906.812172,61.224300,204597.606922,99.369897,621.765334,-20.731792,628.678325,-140.823201,629.068453,59.956741,-0.012643,1,0
5.200000,-58.932372,205788.171545,-178.958130,207853.472288,61.188143,204328.167157,98.931557,627.433824,-20.849753,626.528913,-140.794819,630.688948,59.962290,-0.006882,1,0
5.233000,-58.934915,206681.474491,-178.858445,203767.117349,61.266358,205174.954876,99.426823,628.392564,-20.964035,631.577591,-140.951180,629.490024,59.971560,-0.008034,1,0
5.267000,-58.900361,205649.622808,-178.788251,205011.560649,61.367989,204737.350341,99.207856,629.048281,-20.704891,628.709279,-140.548519,624.080463,59.964836,0.005561,1,0
5.300000,-58.631090,206377.444182,-178.862482,205876.029595,61.318497,205213.326754,99.421898,627.515639,-20.961641,630.016753,-140.598388,623.688235,59.967151,-0.006311,1,0
5.333000,-58.957903,204527.829233,-178.882690,203879.720885,61.104893,206119.315349,98.694302,617.340419,-20.681671,627.650542,-140.956745,619.679591,59.971280,0.002415,1,0
5.367000,-58.907388,206247.497389,-178.878584,204991.466334,61.130710,205961.103666,99.228304,627.571777,-20.769759,625.912650,-140.727899,626.130737,59.977349,0.001184,1,0
5.400000,-58.871082,206654.167585,-178.913948,205736.772328,61.147779,205351.038389,98.914774,628.650740,-20.662089,627.768115,-141.017669,619.526206,59.972062,0.003060,1,0
5.433000,-58.767757,205299.013262,-178.975893,205324.534281,61.176787,205732.060494,99.293518,628.796859,-20.993287,614.201370,-140.875577,621.871486,59.968031,-0.001293,1,0
5.467000,-58.882500,208017.192533,-178.855017,205135.402532,60.970591,205964.139266,98.888272,623.396094,-21.056684,626.351334,-140.877926,622.631145,59.958933,-0.005967,1,0
5.500000,-58.869656,204465.976691,-178.813741,206266.476530,61.183038,206721.325000,99.220599,628.015648,-21.050284,623.979529,-140.487466,621.564838,59.963047,-0.005596,1,0
5.533000,-58.713388,205939.705494,-178.846237,205636.405674,61.037834,208292.102034,99.341656,628.838747,-20.989764,619.028380,-141.127807,623.328752,59.963120,0.003117,1,0
5.567000,-58.983405,205975.859946,-178.976150,205683.486979,61.363551,205716.428329,98.491644,627.622937,-21.015814,625.835796,-140.761690,619.426471,59.964641,0.000324,1,0
5.600000,-58.766177,206669.506663,-178.838280,205877.515855,61.200333,205697.996970,99.217501,626.494445,-20.709860,625.304426,-140.700877,628.297835,59.960425,-0.013967,1,0
5.633000,-58.896164,204206.322453,-178.791735,206121.288427,61.183523,206339.452598,99.130397,626.341427,-21.065719,624.447117,-141.061585,624.910426,59.975020,-0.001348,1,0
5.667000,-58.869858,206237.960541,-178.856070,207295.906476,61.048949,205297.167293,99.287711,629.256308,-20.878733,622.573411,-140.653727,627.184836,59.963505,0.007813,1,0
5.700000,-59.010097,204830.917619,-178.777796,205385.836825,61.087135,205665.731494,99.483050,634.189591,-20.771118,626.638580,-141.030333,628.791668,59.965241,-0.003139,1,0
5.733000,-58.877159,204318.599755,-178.687206,204770.341894,60.995671,205646.616377,99.315908,627.557245,-20.808237,623.655211,-141.261378,627.336896,59.960017,0.004821,1,0
5.767000,-58.850224,205790.543894,-178.843621,207114.450797,61.081710,205386.039804,99.180237,625.930874,-20.845598,628.114418,-140.957662,632.051118,59.969155,-0.008074,1,0
5.800000,-58.835754,206921.365319,-178.939864,204864.782564,61.195069,204848.584845,99.214759,629.721413,-20.689542,622.820712,-140.467224,631.485408,59.965651,-0.003419,1,0
5.833000,-58.849048,206616.593337,-179.004015,204766.186435,61.062065,204858.049326,99.102193,624.680764,-20.864330,627.213541,-140.902824,627.837700,59.965932,-0.002364,1,0
5.867000,-58.827154,203935.757023,-178.831857,204238.273141,61.153062,205551.536693,99.155159,628.637570,-20.573740,628.112195,-140.767789,631.768961,59.961818,-0.002185,1,0
5.900000,-58.547611,203628.687907,-178.874234,204631.368486,61.096781,205121.788040,99.925822,633.600532,-20.729438,628.233998,-141.091340,632.086948,59.962510,-0.000340,1,0
5.933000,-58.692450,204627.706776,-178.664755,205184.735226,61.414879,206583.349888,99.296294,634.615433,-20.904674,633.473787,-140.587888,625.363981,59.967034,-0.005656,1,0
5.967000,-58.611373,204939.401786,-178.645811,205942.143361,61.209736,206308.037573,99.150141,634.594526,-20.310233,636.418912,-140.745969,636.837804,59.967716,0.015512,1,0
6.000000,-58.768018,205145.815153,-178.647924,205140.867766,61.385716,205477.002896,99.192391,634.195731,-20.561797,639.551449,-140.740090,632.702596,59.965842,0.002473,1,0
6.033000,-58.619004,205500.426692,-178.629752,205047.527909,61.153824,205530.477923,99.275249,634.815925,-20.287601,629.356808,-140.611778,630.320571,59.963526,0.010682,1,0
6.067000,-58.604060,206736.050316,-178.569086,206973.117643,61.421845,207052.547161,99.584157,635.075959,-20.572070,633.985509,-141.044199,632.802984,59.963458,0.004425,1,0
6.100000,-58.756529,205932.309797,-178.731568,205889.744848,61.203102,206905.513327,99.283199,628.980161,-20.309489,632.347615,-140.972371,632.559986,59.968874,-0.000429,1,0
6.133000,-58.534616,203867.352296,-178.704047,204686.818615,61.217851,206172.411208,99.532748,639.259959,-20.702677,627.269001,-140.678596,627.823876,59.973744,-0.008629,1,0
6.167000,-58.901404,206310.025898,-178.653883,205125.924659,61.170368,206272.372577,98.883045,630.032876,-21.107616,635.879917,-141.158220,633.342697,59.965640,0.010501,1,0
6.200000,-58.773567,205271.598823,-178.721344,204944.315166,61.226513,204913.895155,99.153892,623.736725,-20.814236,638.441209,-140.727749,625.301962,59.968056,-0.006226,1,0
6.233000,-58.769029,206114.023831,-178.637788,206773.527399,61.303658,206198.190918,99.329858,630.826815,-20.381700,630.198984,-140.552338,631.657249,59.970599,0.004104,1,0
6.267000,-58.634537,203990.013343,-178.749396,206021.991319,61.254604,203729.018191,99.304734,627.953926,-20.361848,629.068204,-140.583306,628.045259,59.968107,0.007193,1,0
6.300000,-58.712837,204234.421632,-178.825371,205978.109479,61.055060,205366.414764,99.304307,631.759527,-20.898585,632.651224,-140.863381,627.714417,59.966371,0.016373,1,0
6.333000,-58.826418,205103.181170,-178.793408,204086.190596,61.309838,203491.991453,99.166188,633.006406,-20.987039,627.701302,-140.897176,629.158708,59.970603,0.003819,1,0
6.367000,-58.770964,203253.168146,-178.916114,204244.978348,61.209794,203908.710205,98.935183,625.043707,-20.701809,630.126374,-140.982321,623.331399,59.955174,0.004011,1,0
6.400000,-58.738044,202973.570751,-178.725588,203887.478053,61.096363,202942.680140,99.284752,624.657545,-20.666033,630.148248,-140.800484,629.316573,59.963938,0.000659,1,0
6.433000,-58.568602,203806.873474,-178.680648,204395.875738,61.370531,205648.476063,99.351166,625.503042,-20.443086,624.475252,-140.560557,626.986523,59.967890,-0.010001,1,0
6.467000,-58.707387,203927.859236,-178.920436,201291.386268,61.414507,204528.791704,98.891027,628.545835,-20.965342,626.578646,-140.662557,626.834894,59.969476,-0.005981,1,0
6.500000,-58.600227,203558.921466,-178.851169,202960.615563,61.325981,205675.620596,99.501900,622.808120,-20.990544,629.018348,-140.730186,624.251241,59.971270,-0.002297,1,0
6.533000,-58.738424,204767.088246,-178.668347,204464.671644,61.255042,203975.586457,99.687898,628.203123,-20.650768,629.575354,-140.778856,634.459559,59.969629,0.014558,1,0
6.567000,-58.648496,203990.639754,-178.694932,204395.939040,61.434718,204713.969731,99.575694,627.443345,-20.644012,627.251017,-140.459792,631.027504,59.973131,-0.011097,1,0
6.600000,-58.772611,204903.357024,-178.675407,204408.052632,61.215529,204146.388426,99.203611,632.958878,-20.602834,631.654681,-140.893117,630.885561,59.966364,-0.004070,1,0
6.633000,-58.875967,204634.895634,-178.871894,203343.568604,61.306680,202916.474925,99.400044,628.083516,-20.780854,631.472553,-140.672234,629.712681,59.970255,-0.005039,1,0
6.667000,-58.617241,203805.580933,-178.795346,203269.721141,61.082386,204841.322548,99.247425,625.764339,-20.687485,630.317420,-141.162981,623.560747,59.970605,-0.012340,1,0
6.700000,-58.664198,203884.341333,-178.782313,203899.195349,61.275840,203746.564939,99.328129,632.200080,-20.911434,629.298663,-140.845924,631.596758,59.968137,-0.010528,1,0
6.733000,-58.846863,203386.177726,-178.910013,204784.681084,61.170013,204027.912693,99.397809,634.402407,-20.814344,630.532629,-140.868470,627.567035,59.969243,-0.002127,1,0
6.767000,-58.849468,205109.292505,-178.706747,203977.337186,61.323874,203827.171556,99.003549,627.241003,-20.543707,625.878661,-140.899291,631.653408,59.975314,-0.003648,1,0
6.800000,-58.765161,203000.715023,-178.689375,203517.222880,61.288753,204300.312767,99.306644,628.354206,-20.633256,626.674583,-140.529224,624.708604,59.966068,0.002384,1,0
6.833000,-58.762118,203397.246116,-178.485662,202588.478762,61.228841,203693.137347,99.240125,632.668141,-20.669330,625.441325,-140.815572,628.117462,59.961859,-0.005801,1,0
6.867000,-58.897855,206452.923134,-178.649250,203643.103220,61.192589,206578.375887,99.162444,630.960489,-20.468557,621.635466,-140.677857,625.230718,59.973908,0.007624,1,0
6.900000,-58.721911,204972.122553,-178.766241,204996.843020,61.415220,203351.081888,99.293355,629.808537,-20.893457,629.325495,-140.728137,631.682370,59.967021,-0.010957,1,0
6.933000,-58.872221,204946.290182,-178.831166,207070.712425,61.336921,205248.036706,99.137437,625.427204,-21.054641,624.686494,-140.793764,623.249685,59.971515,0.010045,1,0
6.967000,-58.715090,204469.651165,-178.725098,204427.953890,61.165153,204370.790516,99.040994,627.278383,-20.693682,622.649153,-140.733759,624.367887,59.961336,0.007545,1,0
7.000000,-58.562686,203930.010432,-178.707429,204694.764917,61.259332,204869.749387,99.348521,614.270513,-20.512178,626.358405,-140.585181,621.554956,59.964598,-0.008995,1,0
7.033000,-58.676799,205133.215042,-178.751389,204189.822844,61.368394,204885.414487,99.452654,636.490513,-20.981522,623.803200,-140.578211,629.276070,59.975307,-0.004339,1,0
7.067000,-58.725784,201240.739053,-178.601427,204820.862480,61.229252,204559.763018,99.428139,630.378087,-20.471708,629.512441,-140.757667,628.671274,59.963958,-0.003593,1,0
7.100000,-58.709721,203497.710026,-178.753042,203046.790476,61.361446,203649.538900,99.538981,626.598237,-20.837209,617.534491,-140.917584,625.069655,59.970272,-0.002536,1,0
7.133000,-58.624268,203201.318131,-178.738557,203442.161610,61.235456,202873.046609,99.223498,617.763585,-20.617306,617.362015,-140.515303,623.449480,59.975193,0.004479,1,0
7.167000,-58.467215,203077.524880,-178.919450,204660.424300,61.240218,204125.976265,99.624130,622.066539,-20.796801,623.457301,-141.002146,624.863149,59.965644,0.000172,1,0
7.200000,-58.779876,203337.994730,-178.700406,203101.059245,61.242667,203163.060209,99.004388,617.178631,-20.803202,621.769625,-140.818910,626.626715,59.973591,-0.001065,1,0
7.233000,-58.727690,202351.622029,-178.524034,202934.516478,61.065850,201892.420629,99.393453,616.930811,-20.531423,614.345498,-140.630422,615.256953,59.959220,-0.002124,1,0
7.267000,-58.674030,202198.850300,-178.652006,204221.519800,61.360177,205198.098786,99.518300,624.454654,-20.429419,626.279293,-140.894318,625.752540,59.979428,-0.002096,1,0
7.300000,-58.476977,203067.060740,-178.812489,204446.705511,61.326959,203740.012248,99.684608,623.774057,-20.943753,616.728020,-140.366305,620.522637,59.969883,0.008766,1,0
7.333000,-58.681832,202980.485364,-178.727990,203309.317835,61.300229,203468.092357,99.429345,622.980339,-20.589452,626.349818,-140.772517,625.941771,59.966441,0.004810,1,0
7.367000,-58.685434,204410.667783,-178.684062,203967.947459,61.323518,203695.905922,99.245230,613.918357,-20.497928,618.724705,-141.095286,617.537621,59.967472,0.012225,1,0
7.400000,-58.822328,203553.319680,-178.826732,201875.047874,61.254493,202743.969761,99.234342,622.484164,-20.888364,621.319310,-140.585531,617.679048,59.969461,0.010913,1,0
7.433000,-58.886012,204225.297085,-178.905847,202782.099768,61.185236,203311.125237,99.146630,617.602281,-20.844417,623.446169,-140.527636,616.573278,59.956687,-0.007743,1,0
7.467000,-58.726082,203077.166536,-178.775700,203582.443080,61.258266,202692.022315,99.529376,616.163019,-20.772935,617.916843,-140.988329,620.464274,59.963729,0.008762,1,0
7.500000,-58.756957,203976.261422,-178.793610,202553.962479,61.450414,201937.844487,99.092045,619.091753,-20.791243,619.133323,-140.654725,623.123139,59.962725,-0.007381,1,0
7.533000,-58.850345,202904.888253,-178.974527,202871.447457,61.312821,202049.716709,99.160566,623.120383,-20.960844,620.607937,-140.961012,619.321510,59.964835,-0.010568,1,0
7.567000,-58.708017,203578.932141,-178.917836,202013.819136,61.113443,202294.256624,99.400060,623.729441,-20.796252,628.067307,-140.665844,620.346533,59.965448,-0.002046,1,0
7.600000,-58.821588,202407.050770,-178.874740,202215.028035,61.314452,201850.763273,99.155442,619.700471,-20.762829,621.736858,-140.930184,617.145615,59.972140,-0.005380,1,0
7.633000,-58.855338,201891.353800,-178.710226,202427.121485,61.174874,204060.269408,99.227954,619.416139,-20.886355,618.348290,-140.986259,614.283739,59.971489,0.001271,1,0
7.667000,-58.990404,203979.347559,-179.049042,201724.738011,60.988372,202582.713366,99.041869,620.731051,-21.127411,617.414582,-141.325867,619.499580,59.967029,0.001133,1,0
7.700000,-58.705643,200942.042238,-178.838124,204291.686715,61.222857,202506.805713,99.424857,619.112702,-20.934277,613.502779,-140.707625,623.013443,59.975081,-0.003356,1,0
7.733000,-58.722813,204293.461565,-178.864909,203369.169064,61.211062,203059.063638,99.359690,619.643389,-20.824113,618.186886,-140.659120,627.285821,59.966039,-0.000456,1,0
7.767000,-58.907945,201976.956477,-178.769182,202854.804177,61.109171,203461.634353,99.086377,616.629466,-21.162480,612.827426,-140.571608,619.810158,59.968854,-0.004234,1,0
7.800000,-58.732011,203042.377333,-178.786211,201982.644209,61.216382,201796.637351,99.268421,618.085913,-20.824132,623.853455,-140.764152,612.785207,59.970043,-0.018844,1,0
7.833000,-59.017030,202900.544877,-178.718091,201697.877327,61.031633,203793.176249,98.884181,618.387298,-20.662252,617.782878,-140.777400,628.676588,59.958877,-0.007924,1,0
7.867000,-58.817505,202049.291648,-178.865188,202607.575441,60.886946,202375.052000,99.044242,616.260204,-20.622175,614.763900,-141.203782,617.077066,59.965935,0.001250,1,0
7.900000,-58.775798,202844.140315,-178.715102,202304.818397,61.040968,203700.203719,99.210161,616.952984,-20.710425,619.731222,-140.968218,617.690079,59.959003,-0.010733,1,0
7.933000,-58.743888,204224.628803,-178.737571,204895.698386,61.093544,201972.883125,99.130749,614.085493,-20.886898,622.776682,-140.790153,615.668039,59.966157,0.012621,1,0
7.967000,-58.820386,202303.871590,-179.036814,202094.158373,61.198155,203586.804117,99.109410,617.217023,-21.060395,619.113666,-140.586356,619.191235,59.967538,-0.011325,1,0
8.000000,-59.064868,201617.644565,-178.876771,201831.810482,61.093348,203144.711485,99.039968,626.062175,-20.948591,616.524210,-140.789398,625.791127,59.968201,0.008061,1,0
8.033000,-59.027677,202602.884013,-178.806261,203879.388292,61.094045,203597.151997,99.098742,618.778306,-20.746765,615.839764,-140.898260,617.677059,59.959921,-0.006747,1,0
8.067000,-58.972114,202904.562646,-178.959201,201138.559821,61.074198,201813.802035,99.101201,618.330676,-21.023325,618.060896,-141.213498,624.439224,59.958352,-0.007251,1,0
8.100000,-58.917133,202624.864920,-178.776479,200901.292153,61.041437,200708.232103,99.041428,620.105659,-20.434495,615.586578,-141.115794,624.445608,59.960107,0.001559,1,0
8.133000,-59.068854,202061.637093,-178.997484,201873.696235,61.220919,201176.917829,98.901307,626.251480,-20.764375,620.292583,-140.690841,625.798022,59.956964,-0.007800,1,0
8.167000,-58.819336,202539.208180,-178.871029,200414.937706,61.032775,203151.243161,98.932531,620.309139,-20.972341,624.787386,-140.968854,622.723745,59.958616,-0.002088,1,0
8.200000,-58.833215,202531.165243,-178.917017,201310.875405,61.104222,201664.650864,99.271435,617.420373,-20.940822,621.617984,-141.002404,626.557791,59.963566,-0.006187,1,0
8.233000,-58.841281,200482.500282,-179.053726,201835.092106,61.165565,202455.099723,98.705552,629.803002,-20.943166,623.934923,-140.878364,619.153405,59.969215,0.001297,1,0
8.267000,-58.956736,203220.893461,-178.881714,201172.838750,61.074314,201341.562899,99.428143,620.108488,-20.963075,620.058922,-140.845779,618.930122,59.966527,0.000989,1,0
8.300000,-58.973518,202129.084521,-178.882005,202731.716851,61.009167,202598.954749,99.002468,629.033199,-20.628389,626.687646,-140.930939,618.061460,59.968756,0.016139,1,0
8.333000,-58.699149,201696.319431,-178.959601,201779.241757,60.888804,202211.998137,99.793707,622.072187,-20.857280,626.340869,-140.850149,621.454820,59.960421,0.000269,1,0
8.367000,-58.845512,201805.811272,-178.931555,201452.234664,61.167743,202620.604931,98.682414,616.261499,-21.010384,619.774682,-140.951460,621.465170,59.959773,-0.000826,1,0
8.400000,-58.992880,201111.573987,-178.896600,199731.451709,60.911129,202451.071554,98.722025,622.840699,-20.898220,621.044054,-141.322784,625.715182,59.957276,-0.003962,1,0
8.433000,-58.937138,201337.648524,-178.847620,202999.441207,61.159501,203922.762344,98.830651,624.478461,-21.163977,625.374558,-140.732999,633.967761,59.959956,0.001108,1,0
8.467000,-58.808587,202262.066038,-178.953116,199255.040032,61.092292,202229.093798,99.299751,626.787197,-21.206921,626.478881,-140.997264,633.681817,59.955667,0.005112,1,0
8.500000,-59.048380,200942.577443,-178.918928,201577.193123,61.078422,200971.419713,98.999755,625.746102,-21.173857,624.080187,-140.819680,627.957456,59.951919,-0.000117,1,0
8.533000,-58.918811,201927.334888,-179.119638,201995.647202,61.059404,203045.391996,99.198744,627.991090,-21.097353,630.071876,-141.116968,631.413600,59.948267,-0.002753,1,0
8.567000,-58.838295,200863.383293,-179.037788,201936.542779,61.164358,202767.242541,98.698870,629.338691,-21.183870,629.644360,-141.029692,620.255446,59.954013,0.001020,1,0
8.600000,-58.989267,201465.869618,-179.043292,203610.704171,61.000481,203541.370088,98.865724,631.271812,-20.985706,631.958590,-141.179898,626.993341,59.957023,-0.003984,1,0
8.633000,-59.283178,202740.129178,-178.989122,202891.662993,61.037607,202465.812115,98.584943,625.932871,-20.882894,618.472836,-141.035743,633.413793,59.955723,0.001245,1,0
8.667000,-58.980295,202237.156112,-178.914831,201879.369161,60.977694,201744.960928,99.136575,629.137590,-20.843854,626.334294,-141.068913,626.152058,59.954623,0.007614,1,0
8.700000,-59.024463,201733.873484,-179.061877,201065.661013,61.140547,201924.940961,99.279529,630.305120,-20.923329,627.907838,-141.234974,628.282855,59.963575,0.006833,1,0
8.733000,-58.853547,202465.119769,-179.126561,201761.733730,60.990993,202889.212560,99.159748,627.025143,-21.075677,632.584230,-141.123334,634.316282,59.945712,0.014026,1,0
8.767000,-59.144909,202388.071750,-179.055499,202124.685826,60.911782,201539.660022,99.287886,627.548623,-21.087174,626.279984,-141.063470,627.027305,59.963244,0.005614,1,0
8.800000,-59.181491,201387.902363,-179.103593,200685.950046,61.073823,201840.787199,98.868471,626.832557,-21.213140,633.828349,-140.617716,627.630807,59.961449,-0.000517,1,0
8.833000,-59.066556,201740.967032,-178.971923,203444.354201,60.978932,201229.485308,98.941426,619.978187,-21.099404,625.507660,-140.775773,624.354775,59.959702,-0.008448,1,0
8.867000,-58.947354,201413.192805,-178.839485,203357.717299,60.880549,201529.027161,99.005504,621.204713,-20.757524,621.752948,-140.966312,625.557138,59.962067,-0.002845,1,0
8.900000,-59.091644,200552.291386,-179.077820,202402.299975,61.002749,202961.406160,98.561422,632.657815,-21.262996,629.167430,-141.227806,630.717300,59.956699,-0.001398,1,0
8.933000,-59.049689,202100.442396,-178.863529,202108.318466,61.044527,203348.541277,98.971209,626.465206,-20.979763,627.113142,-141.043735,628.969351,59.954842,0.018672,1,0
8.967000,-59.128352,201882.019569,-178.845137,200655.421601,60.911021,201231.509770,98.876886,628.276661,-20.878471,628.421099,-140.806707,627.970444,59.959582,-0.011434,1,0
9.000000,-59.011425,203034.425290,-179.242410,202955.535572,60.949287,202472.678915,99.130038,619.419501,-21.454613,620.510482,-141.054988,629.768732,59.959151,0.010334,1,0
9.033000,-58.976165,204141.957082,-179.152950,202532.193467,61.087949,202703.529423,99.254591,628.456921,-21.009642,618.251934,-140.584563,625.612859,59.953997,-0.007018,1,0
9.067000,-58.906523,200838.382120,-179.084672,201349.097964,60.942133,200655.865708,98.918091,622.025926,-21.070122,626.571868,-141.007816,631.610381,59.953766,0.004680,1,0
9.100000,-58.680089,201984.685681,-178.848221,200623.615087,60.980062,203671.901916,99.221044,630.275871,-20.880670,625.594742,-140.942968,627.464434,59.948752,0.002063,1,0
9.133000,-58.791342,203404.532069,-178.982985,204755.799323,60.887557,202496.488958,99.077435,626.248926,-20.946145,632.787814,-141.276658,620.937726,59.957196,-0.001610,1,0
9.167000,-59.129168,203573.760296,-178.833742,201448.442934,60.900751,201705.431701,98.682897,630.609282,-20.626640,627.699535,-141.046226,625.245142,59.953266,0.000523,1,0
9.200000,-59.021560,201877.886956,-178.909745,202825.274766,61.097111,202879.497271,99.215883,628.512292,-20.671521,631.881306,-140.917329,636.494911,59.964898,-0.002963,1,0
9.233000,-59.098124,203258.474139,-178.951262,202574.045813,60.940731,201969.088466,98.581277,625.149951,-20.791884,631.564288,-141.115714,628.110404,59.956517,-0.003442,1,0
9.267000,-58.991445,202107.472778,-179.072804,200935.988702,60.993359,204390.011730,98.944418,629.411397,-21.109760,625.676052,-140.966171,626.941461,59.952061,-0.008505,1,0
9.300000,-59.063825,200822.652847,-178.952838,201569.684687,60.944339,201842.196711,99.152978,629.755555,-21.124344,626.963227,-141.057246,629.945089,59.951331,0.004247,1,0
9.333000,-59.129584,202585.815934,-179.029452,203625.668043,61.234306,200727.775020,98.930058,627.089969,-20.687579,628.924473,-141.217722,630.648141,59.957382,0.000616,1,0
9.367000,-58.991497,200400.211466,-179.044298,200558.042028,61.094012,202227.088503,98.973967,629.331245,-21.414883,630.713465,-141.084209,623.802322,59.954447,-0.015172,1,0
9.400000,-59.193080,201749.621965,-178.818006,201113.554414,61.053721,204257.821717,98.446369,621.344508,-20.439502,622.037099,-140.740341,619.181231,59.956745,0.011340,1,0
9.433000,-59.253429,201826.426118,-179.130663,200721.708334,60.882213,202186.191631,98.721287,628.279793,-21.122875,621.896579,-141.240201,627.420243,59.944364,-0.000618,1,0
9.467000,-59.113970,201777.891936,-179.098323,200671.103364,60.881823,202368.828677,98.689841,631.226262,-21.289602,624.858759,-140.978267,622.875309,59.962821,0.004192,1,0
9.500000,-58.985692,203132.492778,-179.449688,202669.345094,60.832858,201582.780810,99.408484,623.095166,-21.656945,619.145977,-140.946120,623.180187,59.958469,-0.004207,1,0
9.533000,-59.029184,203162.825853,-178.969054,201782.173948,60.746940,203465.695149,98.920600,630.874374,-20.753782,624.647959,-141.507668,628.967692,59.954834,0.010425,1,0
9.567000,-59.019381,203250.970055,-179.227754,203474.398854,60.616446,200576.378950,98.672270,619.291608,-21.498470,624.156317,-141.502223,624.841989,59.954210,-0.004322,1,0
9.600000,-58.986217,203337.618988,-179.029627,202764.068935,60.825944,202652.304107,99.348275,629.566696,-20.751176,622.595660,-141.041278,627.665101,59.953882,0.000930,1,0
9.633000,-58.914766,203103.362124,-179.159376,203688.067662,60.699584,203023.499052,98.955319,631.499396,-21.304402,625.608964,-141.301414,628.302607,59.960431,0.012165,1,0
9.667000,-59.102987,200905.652776,-179.192569,201280.276944,60.963853,203643.586627,99.177456,631.776520,-21.105930,631.978226,-141.225104,629.851431,59.959700,0.002838,1,0
9.700000,-59.076037,202268.062626,-179.205095,201495.396249,61.071107,201572.098475,98.600564,628.930259,-21.204616,625.929646,-141.171978,624.156708,59.958340,-0.010517,1,0
9.733000,-59.123882,201381.777717,-179.187540,200602.392165,60.917128,201979.776136,99.033945,627.231590,-21.321444,627.788187,-141.058047,629.209208,59.960423,-0.009189,1,0
9.767000,-59.221558,201310.859997,-179.218109,203409.863177,60.811962,202373.342980,99.055599,629.164576,-21.181749,627.432956,-141.361883,631.054556,59.953919,0.002312,1,0
9.800000,-59.220452,201358.144188,-179.051264,200072.709071,60.883878,200348.346246,98.573891,634.855077,-20.975168,628.936619,-141.125483,634.378187,59.951921,0.003380,1,0
9.833000,-59.043751,202908.937311,-178.905709,200943.674504,60.920492,201433.590747,99.164113,631.964863,-20.844086,631.644229,-141.269314,628.325382,59.952642,-0.001555,1,0
9.867000,-59.102812,202174.406470,-179.046001,201325.360023,60.829386,201742.931428,98.804076,625.242334,-21.590980,627.846738,-141.449219,629.263967,59.964608,0.006601,1,0
9.900000,-59.209057,201733.256813,-179.066899,201513.904913,60.912489,201298.243680,98.830645,625.784348,-21.392991,631.999297,-141.005506,625.503218,59.963124,-0.006449,1,0
9.933000,-59.174608,201034.887689,-179.131855,201282.246732,60.988037,200596.290453,98.917176,631.477975,-21.310296,621.235903,-140.790134,623.801858,59.953351,-0.011261,1,0
9.967000,-59.114661,201374.437115,-179.168389,201990.889468,60.985165,200718.761687,98.921366,622.803879,-21.331885,621.032274,-141.202803,626.271188,59.956479,-0.010024,1,0
10.000000,-59.147445,203067.739688,-179.106807,201470.227188,60.939551,202595.994069,98.690194,635.368434,-21.163208,627.065356,-141.160028,626.152435,59.961094,0.007713,1,0
10.033000,-59.108173,200880.170140,-179.083597,203076.937195,61.026727,201584.833355,98.474253,616.966597,-21.086792,623.172102,-141.043880,620.499378,59.953186,-0.020349,1,0
10.067000,-59.075858,201443.690505,-179.219105,201153.557964,60.697759,200951.337276,98.876377,628.906032,-21.214239,631.443402,-141.492915,627.261282,59.955922,0.003167,1,0
10.100000,-59.088138,200809.969980,-179.101107,201451.278133,60.990064,201314.226095,99.152515,624.754177,-21.074792,623.885950,-141.243256,619.799693,59.961938,0.011161,1,0
10.133000,-59.181924,200884.757298,-178.989882,201953.489501,60.940820,201304.741916,98.910689,624.581138,-21.141951,623.906463,-140.950448,631.722644,59.957376,0.010688,1,0
10.167000,-58.908417,204028.890094,-178.987195,203061.129120,60.938268,200258.083801,98.888878,629.195110,-21.171614,630.849248,-141.204382,628.559049,59.957691,-0.003973,1,0
10.200000,-59.003959,201622.119882,-179.147412,201645.970197,60.908700,201082.494748,99.341440,630.693145,-21.276493,622.936262,-141.285035,628.903330,59.956329,0.015326,1,0
10.233000,-58.865532,201986.957834,-178.991051,201643.857750,60.746206,202049.330299,98.966063,619.190598,-21.218765,629.716347,-141.055471,621.802866,59.949401,-0.000945,1,0
10.267000,-59.197222,202201.671622,-178.986355,202329.370651,60.880820,201052.623770,98.555025,629.854753,-20.824172,620.419793,-141.373560,621.135351,59.960132,-0.002070,1,0
10.300000,-59.026019,201485.589311,-179.142521,202708.502161,61.128796,202003.705862,99.010434,622.776884,-21.176031,628.036925,-140.689675,619.858537,59.965492,0.013744,1,0
10.333000,-59.228674,202057.801568,-179.151168,200569.081282,60.757459,202472.034358,98.596675,627.158371,-21.250716,613.624237,-140.776492,622.079799,59.959045,-0.007333,1,0
10.367000,-59.034651,201154.171339,-179.211351,201350.463877,60.836256,202134.098410,98.955263,617.121848,-20.869625,615.480682,-141.036020,620.666339,59.955289,0.000192,1,0
10.400000,-58.966070,201714.153751,-179.104102,200944.757641,61.065967,200631.302633,99.130202,618.084228,-20.949858,613.687664,-140.885163,622.757683,59.958883,-0.014149,1,0
10.433000,-59.032247,201322.049835,-178.916900,202243.047576,61.047395,202129.045647,98.764926,617.602515,-20.935341,620.863054,-140.759241,619.869285,59.964062,0.002030,1,0
10.467000,-58.888943,202044.759662,-178.997655,201943.462114,61.048089,201396.059843,99.258889,618.517874,-21.142139,619.378450,-140.867474,614.927562,59.962650,0.000002,1,0
10.500000,-59.128072,202391.867334,-179.160704,201599.067766,60.936786,203100.819904,98.821051,619.251248,-21.428496,614.770871,-141.174119,615.033507,59.953124,0.006944,1,0
10.533000,-59.028740,200750.748644,-178.950837,201315.591031,60.894638,202289.619394,99.245861,611.816317,-20.729368,615.297291,-141.061777,617.960582,59.959523,-0.002081,1,0
10.567000,-58.980584,202512.675622,-178.964788,202215.209957,60.937865,202561.334797,98.845014,621.640610,-20.995710,615.264741,-140.872706,623.209905,59.958693,0.002372,1,0
10.600000,-59.209842,201483.288721,-179.067883,201416.326585,60.929801,201511.225382,98.828844,618.979140,-21.122708,613.945968,-140.858801,618.996934,59.959479,-0.010404,1,0
10.633000,-59.153620,202791.438264,-179.243417,200935.701120,60.880455,203007.158266,98.586401,614.580186,-21.263965,620.283252,-140.894223,625.291583,59.960133,-0.004240,1,0
10.667000,-59.016312,202892.661465,-179.053415,204294.789955,60.821122,201932.560812,99.025959,623.409537,-21.130096,614.672872,-141.341874,619.752027,59.958107,0.005889,1,0
10.700000,-59.083178,202400.692100,-178.910408,203360.060827,60.961437,200943.817707,98.651473,617.740682,-20.739205,618.893403,-140.983969,619.161942,59.962812,-0.005303,1,0
10.733000,-59.195494,201533.139722,-179.194318,202144.881128,61.125128,201273.448495,98.851199,625.924106,-21.148471,620.071757,-140.910106,620.595276,59.959758,-0.008099,1,0
10.767000,-58.969794,202167.964839,-179.126498,201671.610170,60.969870,201970.083495,98.971141,623.074613,-21.216670,627.362174,-140.777740,625.108737,59.955571,-0.000361,1,0
10.800000,-59.169386,202629.034833,-179.182602,203337.243179,60.868251,201696.535875,98.767455,622.015168,-21.337679,616.870712,-141.415902,624.248121,59.960037,-0.004186,1,0
10.833000,-59.217813,201636.741304,-179.108511,202581.612560,60.896717,200762.788833,98.619508,613.847498,-21.105137,618.978390,-141.017826,616.022702,59.957076,0.001953,1,0
10.867000,-59.082164,202772.207417,-179.048405,202667.671283,60.961926,202756.336437,98.803799,623.097173,-20.945346,625.530830,-140.660226,626.826692,59.961296,-0.005358,1,0
10.900000,-59.246859,203031.647520,-179.076914,201265.311410,61.014532,200733.346238,98.795827,628.664386,-21.074302,623.383512,-140.785221,622.693519,59.967558,0.007886,1,0
10.933000,-59.215343,202016.134982,-179.073593,201993.361998,60.976371,202425.576423,98.899294,628.712636,-20.844932,622.800416,-140.623560,622.396474,59.963676,0.001729,1,0
10.967000,-59.259099,201865.158552,-178.887858,202127.895342,61.026828,200522.931872,98.531577,621.553406,-20.820620,628.118971,-140.915840,622.581637,59.961471,-0.000440,1,0
11.000000,-58.942993,202545.563024,-179.003827,201104.449562,60.879777,204009.114251,99.060574,624.368229,-20.837904,628.450837,-140.980811,618.071954,59.959510,-0.000431,1,0
11.033000,-59.029145,202210.307775,-179.072961,202589.837687,61.082446,201432.647597,99.012286,619.528300,-20.939435,628.033848,-140.521542,626.684411,59.961814,0.000135,1,0
11.067000,-58.920333,201109.069687,-179.023989,201404.850123,60.852828,203131.894936,98.994101,617.830781,-21.156186,619.107150,-141.338400,625.151856,59.952726,-0.000979,1,0
11.100000,-59.137232,202691.126113,-179.093689,203945.240774,60.897123,201323.492748,98.822521,621.448585,-21.142035,623.144535,-141.465733,624.063052,59.952025,0.006995,1,0
11.133000,-59.121934,199984.226937,-179.178685,202278.315699,60.821577,203146.815007,98.957565,625.927146,-21.248012,623.443350,-141.220190,618.167752,59.952563,-0.010473,1,0
11.167000,-59.060934,202234.267354,-179.197922,202812.114081,60.782190,202020.343669,98.721089,628.087527,-21.345603,622.976683,-141.136924,627.168972,59.958595,-0.000315,1,0
11.200000,-59.252023,200795.509624,-179.291313,200467.363341,60.877725,203015.018300,98.803147,629.385514,-21.359746,624.984863,-140.917871,617.297991,59.961822,0.008916,1,0
11.233000,-59.014005,202740.157164,-179.166387,201488.463028,60.809065,203627.121356,99.024265,623.376365,-21.134382,623.560902,-141.119166,619.818973,59.962060,-0.008959,1,0
11.267000,-59.132048,201990.274383,-179.235426,203090.642220,60.830447,200431.219737,98.895556,614.749442,-21.285905,616.772050,-141.117015,620.868717,59.955574,0.001426,1,0
11.300000,-59.109129,201820.072142,-179.137199,204223.841572,60.842881,203590.274936,99.001235,621.469615,-20.927410,620.510133,-141.240933,627.651481,59.955186,-0.008107,1,0
11.333000,-58.989091,201969.371733,-179.095861,200513.661683,61.022528,201266.216047,99.071723,621.889093,-21.163902,628.974839,-141.089795,621.872643,59.957687,-0.006775,1,0
11.367000,-59.004609,200713.731641,-179.263176,201117.566247,60.949294,203235.041120,98.889162,624.660614,-21.240294,629.008386,-140.943693,620.241001,59.949140,-0.007939,1,0
11.400000,-58.958345,202117.764096,-179.088109,202660.725483,60.999986,202111.966796,99.180593,622.632048,-21.144486,632.830175,-141.455431,632.483449,59.961219,-0.016032,1,0
11.433000,-59.167232,201285.113036,-179.170982,202872.511507,60.906924,201622.636129,98.968514,624.233521,-21.431436,626.415454,-141.127664,630.937631,59.958813,0.007962,1,0
11.467000,-59.157408,203284.109349,-179.155056,201886.228315,60.901423,202124.623178,99.138316,623.637064,-21.277121,626.264787,-141.267043,625.341129,59.956539,-0.019521,1,0
11.500000,-59.090125,201416.089518,-179.137082,202985.250131,60.892977,203139.421061,98.762657,623.808158,-21.144481,624.981834,-141.292787,627.042326,59.962478,0.008210,1,0
11.533000,-59.184432,202924.727876,-179.165437,202951.559454,60.898414,203734.792198,98.829310,625.744858,-21.350968,623.840722,-141.026163,630.929207,59.956001,0.005245,1,0
11.567000,-59.015934,202827.388302,-178.977075,203323.463950,60.751422,201361.610854,98.786943,629.818977,-21.422683,631.318524,-141.052489,630.617306,59.956582,0.001251,1,0
11.600000,-59.099498,202915.548055,-179.173190,202563.234771,60.993728,202619.788482,98.955491,626.722843,-21.824699,632.518630,-140.947524,631.575403,59.952295,0.006490,1,0
11.633000,-59.230878,201075.743940,-179.117400,201650.614432,61.036847,201289.031042,98.532108,631.696186,-20.892994,631.241503,-141.069977,631.027487,59.964273,0.005492,1,0
11.667000,-59.162350,202120.342651,-179.322493,202257.968835,60.887304,201984.923252,98.908434,626.249307,-20.996667,626.314846,-141.178838,623.187036,59.957920,0.005896,1,0
11.700000,-59.151885,204716.786103,-179.120999,203205.756148,60.784288,201558.008737,98.810831,627.178752,-21.139833,629.249935,-141.134144,624.913150,59.965973,0.006964,1,0
11.733000,-59.232456,201751.221233,-179.160930,201686.018501,60.946858,201297.217413,98.742526,625.132654,-21.026856,628.075002,-141.096381,625.096525,59.959805,-0.003507,1,0
11.767000,-59.239386,202561.190184,-179.009064,202278.795590,60.761167,200627.650510,98.862210,630.485366,-20.955731,624.104437,-141.599245,622.290390,59.953117,0.000460,1,0
11.800000,-59.234669,202138.091539,-179.176776,203095.534628,60.949891,200840.998373,98.701405,628.982881,-21.292655,626.266071,-140.929824,625.395029,59.958363,-0.015835,1,0
11.833000,-59.160564,203933.620543,-179.222203,202046.611448,60.804385,202949.536672,99.016125,626.337697,-20.866169,626.673916,-141.261857,635.244333,59.960361,-0.001043,1,0
11.867000,-59.226831,202166.262477,-179.101132,204368.729986,60.658212,202781.104835,99.015758,622.118464,-20.973720,638.487950,-141.570898,628.147995,59.962011,0.002107,1,0
11.900000,-59.077618,202420.680775,-179.062455,202704.527882,60.762659,202933.662891,99.009205,633.674779,-21.056527,632.529302,-140.884756,629.543284,59.953056,0.000437,1,0
11.933000,-59.168665,202228.212041,-179.136593,202485.355721,60.700727,201274.148787,99.075620,630.867008,-21.185797,632.108050,-141.226625,633.862711,59.954113,-0.016108,1,0
11.967000,-59.337433,202192.589592,-179.217541,202539.466942,60.722833,202696.072692,99.112237,629.607523,-21.149228,632.296919,-141.317893,623.379224,59.945228,0.002046,1,0
12.000000,-59.339546,204341.902097,-179.373272,200238.895788,60.854137,202600.313955,98.489552,627.553032,-21.277489,628.374006,-141.176901,635.789647,59.949428,0.008720,1,0
12.033000,-59.297569,203129.393319,-179.418150,202040.206532,60.640480,203182.364504,98.478852,628.524244,-21.567039,637.251824,-141.116291,626.065106,59.957472,0.017355,1,0
12.067000,-59.258997,204341.482056,-179.341236,202420.672003,60.645903,202018.021783,98.293469,635.304795,-21.380983,628.143814,-141.254751,629.785031,59.958413,-0.005641,1,0
12.100000,-59.213229,204004.694798,-179.253227,203770.209262,60.609010,202516.784417,98.870167,626.349453,-21.394018,626.814655,-141.364032,628.470114,59.951863,-0.004321,1,0
12.133000,-59.346266,202953.308996,-179.058140,202218.462554,60.709868,201614.134234,98.960836,630.344846,-21.118006,631.244973,-141.326449,632.012395,59.956999,-0.002191,1,0
12.167000,-59.066388,203955.237707,-179.310794,201861.444550,60.836532,203414.210661,98.896660,632.028408,-21.588080,634.641103,-140.784028,634.653666,59.954335,0.008158,1,0
12.200000,-59.201139,203995.003277,-179.297005,203569.541930,60.733477,202772.591789,99.000946,629.392581,-21.629147,634.955843,-141.174169,635.864653,59.959884,0.000405,1,0
12.233000,-59.206959,202674.531644,-179.293846,202769.207094,60.770606,202678.539766,98.605280,628.141531,-21.492948,629.501380,-141.304561,629.445087,59.956942,0.003050,1,0
12.267000,-59.300500,204529.455924,-179.202204,202452.370500,60.766158,204308.130838,98.639495,633.544073,-20.986901,633.615735,-141.447338,625.720810,59.952383,-0.007076,1,0
12.300000,-59.530952,203396.568410,-179.261442,202012.577981,60.602192,203055.903181,98.255861,633.592654,-21.301236,633.586704,-141.441604,633.735579,59.949336,-0.001857,1,0
12.333000,-59.352569,202808.309739,-179.251910,202770.127364,60.655687,203252.936505,98.440625,640.167181,-21.266971,631.661261,-141.390400,641.757756,59.949192,0.007225,1,0
12.367000,-59.119021,205720.268893,-179.307820,201911.192798,61.030425,204327.129418,98.865738,632.658814,-21.329944,634.823413,-140.834526,633.651834,59.951686,0.008927,1,0
12.400000,-59.241887,202882.590622,-179.256887,203482.612346,60.804146,202601.789958,98.704954,628.201418,-21.443663,629.417901,-141.173322,632.762309,59.951989,-0.011613,1,0
12.433000,-59.218102,203714.716020,-179.235684,202567.000887,60.828879,204126.029290,98.875571,624.476204,-21.006451,628.125388,-141.184988,635.059846,59.944602,-0.007094,1,0
12.467000,-59.154015,203358.691401,-179.184608,204646.014580,60.794509,203159.364895,99.164438,629.947781,-21.184467,626.522666,-141.133651,636.370196,59.941857,-0.004666,1,0
12.500000,-59.234442,200901.293778,-179.123941,202472.407760,60.904512,203646.561771,98.906700,632.098807,-21.058512,629.166902,-141.205851,627.808520,59.947128,0.004173,1,0
12.533000,-59.269529,202221.106726,-179.135858,203499.753179,60.732147,202858.895140,98.401888,632.270309,-21.171246,629.221000,-141.208152,632.974277,59.949529,-0.006536,1,0
12.567000,-59.196303,201860.459476,-179.503423,204816.093682,60.590119,203443.747191,98.832216,626.524163,-21.617707,628.631065,-141.163072,628.075478,59.947087,-0.012364,1,0
12.600000,-59.316978,201600.777626,-179.243217,203867.315979,60.871138,204873.046414,98.641335,632.370532,-21.043112,629.598600,-141.410434,627.875959,59.947927,0.011154,1,0
12.633000,-59.207996,203895.884136,-179.140813,202754.476086,60.695815,204222.689437,98.908693,630.249403,-20.800307,628.651069,-141.526262,631.259960,59.948248,-0.004299,1,0
12.667000,-59.292253,204193.463091,-179.216939,202879.749369,60.692655,203196.381106,98.684241,631.726594,-21.270886,635.046807,-141.364081,629.736929,59.958542,0.006355,1,0
12.700000,-59.145083,204608.663256,-179.453301,200300.826371,60.796684,201666.106178,98.835992,640.220591,-21.480973,627.771121,-141.346528,630.217985,59.959069,-0.006181,1,0
12.733000,-59.157453,204029.305400,-179.350309,202802.765501,60.807517,203173.314764,98.927798,630.247826,-21.386806,629.023029,-141.266735,625.453012,59.954249,0.009917,1,0
12.767000,-59.292442,204067.226979,-179.331252,202145.426348,60.704410,202633.031497,98.456770,620.439276,-21.550637,629.385847,-141.536873,624.559927,59.949244,0.000279,1,0
12.800000,-59.339949,205075.501280,-179.289443,202216.384329,60.879164,202334.795116,98.499963,624.120027,-21.442218,625.214548,-141.013269,617.952544,59.945883,0.008799,1,0
12.833000,-59.411138,204180.567289,-179.325020,204408.300531,60.765354,202896.721575,98.490323,635.396193,-21.215334,629.885538,-141.438802,624.917487,59.947531,-0.007888,1,0
12.867000,-59.423429,203513.915407,-179.165378,202702.561349,60.743425,204254.736447,98.494473,631.047656,-21.040922,630.208902,-141.078487,626.795986,59.939528,-0.001293,1,0
12.900000,-59.166191,205431.765940,-179.436279,202533.846794,60.656944,202837.067484,98.746402,626.609320,-21.379723,629.840047,-141.279583,629.625014,59.941804,0.008816,1,0
12.933000,-59.374200,202251.759143,-179.299109,203335.641322,60.757707,202134.038159,98.929952,630.379025,-21.059563,625.998661,-141.381264,624.765690,59.945065,0.005600,1,0
12.967000,-59.351775,203797.464152,-179.228694,204006.656635,60.497157,203962.804221,98.890157,629.711587,-20.913831,631.149993,-141.656416,627.333934,59.946112,-0.002674,1,0
13.000000,-59.294120,203344.881238,-179.356814,202545.142032,60.751835,204573.741979,98.765544,627.609755,-21.103826,624.957235,-141.306833,628.135808,59.939624,0.003469,1,0
13.033000,-59.501004,204051.079403,-179.250247,203833.904437,60.886482,203180.514879,98.412404,628.707663,-21.110245,625.085838,-141.010620,626.865303,59.948685,-0.007407,1,0
13.067000,-59.271163,203330.592124,-179.112752,201626.748628,60.817700,203420.205677,98.875366,634.493953,-20.993599,633.493564,-140.982112,620.012130,59.949250,0.002583,1,0
13.100000,-59.144194,202989.049111,-179.227240,202717.372870,60.685699,203923.391513,98.967609,632.112359,-21.009598,625.796667,-141.588068,638.151586,59.951719,-0.006181,1,0
13.133000,-59.204386,204948.430109,-179.331254,204132.254372,60.717676,203429.018268,98.838992,635.814200,-21.195594,632.309349,-141.367850,633.273104,59.949414,-0.005184,1,0
13.167000,-59.326859,202542.579745,-179.340567,200601.459077,60.751617,204407.716175,98.942324,628.893837,-21.453736,628.983143,-141.130185,637.579824,59.944276,0.000601,1,0
13.200000,-59.291157,202482.157716,-179.281557,201440.046978,60.726434,201393.418440,99.209342,634.500661,-21.173050,625.529485,-141.014613,627.535141,59.952888,0.003241,1,0
13.233000,-59.169129,203222.001733,-179.294478,203544.553060,60.698516,202842.265545,99.048204,630.698186,-21.305911,629.602998,-141.444698,630.653228,59.946476,0.007491,1,0
13.267000,-59.100904,202880.089904,-179.271140,202206.800229,60.803025,204991.634522,98.659662,636.339965,-21.037004,627.757952,-141.378975,627.891418,59.940313,0.003262,1,0
13.300000,-59.178373,202686.225744,-179.201615,203565.350771,60.743173,204767.195008,99.050532,634.115718,-20.897295,635.167330,-140.997150,623.442089,59.950443,0.002868,1,0
13.333000,-59.439446,201889.032119,-179.074182,203498.887398,60.717942,202571.941396,98.494519,635.276338,-20.963414,627.075043,-141.068513,632.257927,59.948142,-0.002002,1,0
13.367000,-59.187476,202578.733434,-179.098566,204966.144105,60.795282,203281.420431,98.752895,630.202198,-20.779919,638.263598,-141.110614,634.039770,59.949444,0.003334,1,0
13.400000,-59.296697,203358.884762,-179.195765,204286.666366,60.501495,203024.605608,98.833399,631.435188,-21.221055,639.783974,-141.560406,631.988409,59.951909,0.003334,1,0
13.433000,-59.354077,203233.087897,-179.274580,202591.091226,60.877586,203118.322042,98.589987,626.733767,-21.339093,629.826195,-141.043616,632.404789,59.942726,-0.005878,1,0
13.467000,-59.246950,202310.967975,-179.443595,203579.916777,60.666491,203787.521467,98.846709,631.851253,-21.382044,634.777591,-141.190934,629.166375,59.951234,0.000537,1,0
13.500000,-59.322957,203289.374029,-179.330869,202414.369719,60.722676,204002.558734,98.581357,633.408244,-21.186082,628.021636,-141.360163,636.742456,59.947620,-0.004834,1,0
13.533000,-59.261996,202896.907424,-179.344647,203522.181959,60.671950,204280.997820,98.541675,631.196381,-21.428059,638.149042,-141.370481,636.120860,59.947718,0.005329,1,0
13.567000,-59.289807,203905.909574,-179.463646,203121.541010,60.744920,203058.033579,98.890128,630.383121,-21.485078,637.470267,-141.218159,640.568168,59.957946,-0.011205,1,0
13.600000,-59.224690,202975.461470,-179.319926,204062.094324,60.804543,203807.331427,98.916065,638.449376,-21.271485,629.275191,-141.485825,631.720644,59.952726,-0.001026,1,0
13.633000,-59.088595,203263.561411,-179.266211,203176.096624,60.724971,202965.614931,99.124985,636.793324,-21.396570,634.215110,-141.067918,631.386088,59.946726,-0.004228,1,0
13.667000,-59.199328,203782.797531,-179.239464,204340.287804,60.644364,203620.321087,98.926290,638.112705,-21.069723,633.074414,-141.175731,629.026169,59.938737,-0.000402,1,0
13.700000,-59.305497,204203.111174,-179.286769,203986.641190,60.595744,204645.476263,98.726217,638.391854,-21.446326,627.225460,-141.436299,637.873248,59.941764,0.011166,1,0
13.733000,-59.239185,203501.846775,-179.341758,203254.499913,60.749111,204254.046003,99.021511,635.198756,-21.368634,636.916740,-141.216434,633.767993,59.946589,0.010770,1,0
13.767000,-59.324154,203988.556583,-179.316926,202755.816236,60.765907,204939.427984,98.607869,630.789241,-21.427798,637.358418,-141.200475,636.638412,59.949313,-0.011799,1,0
13.800000,-59.297341,202226.463213,-179.213333,204506.767844,60.770407,203333.105481,98.722825,650.592178,-21.369243,643.304213,-141.192217,637.210720,59.947442,0.002202,1,0
13.833000,-59.347634,203145.494991,-179.187627,202900.825686,60.708925,203507.094841,98.477453,634.112101,-21.091593,636.888539,-140.983667,636.054958,59.950856,-0.012319,1,0
13.867000,-59.126923,203537.380104,-179.254410,205610.776882,60.707227,203400.423170,99.086198,639.365651,-21.472966,638.775558,-141.085267,638.519961,59.946594,-0.013698,1,0
13.900000,-59.183691,203813.140234,-179.398139,202937.883727,60.565407,203192.026261,98.970112,639.101713,-21.737657,643.136411,-141.573598,635.758875,59.949772,0.016162,1,0
13.933000,-59.187308,203593.632629,-179.320135,203645.049974,60.694811,204522.595335,99.005696,632.503451,-21.036225,637.920608,-141.476115,640.590732,59.951787,-0.001534,1,0
13.967000,-59.169599,204146.322259,-179.305203,203626.957650,60.750736,203034.818500,98.997482,633.236571,-21.346836,639.265810,-141.123220,635.347034,59.946112,-0.011247,1,0
14.000000,-59.222417,203066.758608,-179.324907,202711.340829,60.674516,202320.917555,98.756588,637.546283,-21.227088,633.814883,-141.146118,635.594076,59.941156,-0.001283,1,0
14.033000,-59.290526,204319.352106,-179.197585,202069.729074,60.908233,205329.848501,98.530645,638.255406,-20.968710,634.232750,-140.933604,643.537737,59.946147,0.003069,1,0
14.067000,-59.199494,203997.432367,-179.100223,203150.542835,60.697651,203342.344951,99.007279,632.992073,-21.129072,631.615678,-141.311040,636.343594,59.947590,0.000321,1,0
14.100000,-59.282004,202987.248361,-179.316337,201194.752599,60.762348,202786.345641,98.535485,633.037596,-21.305638,634.104356,-141.318294,636.678108,59.944577,-0.009304,1,0
14.133000,-59.193385,204338.131510,-179.186219,204180.409761,60.900604,203621.953778,99.053159,631.977905,-21.518569,635.788030,-141.064844,634.938241,59.947334,0.002040,1,0
14.167000,-59.096363,205211.200111,-179.226278,205034.030443,60.836868,203463.033159,99.003448,629.099784,-20.976232,631.073922,-141.048115,631.324138,59.950369,0.005964,1,0
14.200000,-59.224754,203555.555911,-179.182903,204441.336851,60.789907,204312.889508,99.085942,633.216925,-21.449555,626.299658,-141.222889,627.770758,59.942210,-0.000161,1,0
14.233000,-58.979409,203663.710950,-179.138214,205735.912291,60.763477,203503.471328,99.135717,634.050156,-21.273359,627.877968,-141.151163,631.428980,59.949268,-0.017914,1,0
14.267000,-59.297663,204809.990810,-179.123661,204745.064100,60.749007,203249.620380,98.767126,630.718624,-21.011022,635.266534,-140.925354,633.938257,59.950378,-0.011721,1,0
14.300000,-59.142216,204800.531930,-179.053382,203884.088727,60.808809,204489.147894,99.016312,625.333077,-21.210378,629.881063,-140.906000,628.402152,59.954290,0.001821,1,0
14.333000,-59.082462,202897.015845,-179.360663,204412.807540,60.965674,204119.004913,98.667557,630.018230,-21.563927,623.985901,-141.018028,625.901371,59.949215,-0.004085,1,0
14.367000,-59.192325,205299.061452,-178.992001,204838.343398,60.686139,203236.291568,98.952243,628.761572,-21.355199,621.125819,-141.249005,628.690628,59.945062,-0.004180,1,0
14.400000,-59.086834,203332.747208,-179.023894,203366.413249,60.968572,204796.285959,98.756778,629.203705,-20.952421,636.673685,-141.215556,631.492999,59.950398,-0.015191,1,0
14.433000,-58.970238,203747.556896,-179.164691,202789.680291,60.771997,204334.769587,98.926419,630.676279,-21.040674,628.477575,-141.553139,635.680422,59.940841,-0.011535,1,0
14.467000,-59.000161,203860.348350,-179.067346,204319.616204,61.011675,203135.340927,99.176012,632.348292,-21.208622,633.521881,-140.843730,626.165612,59.946985,0.005076,1,0
14.500000,-59.225975,203757.306313,-179.133803,203159.489161,61.218546,204438.671696,98.905776,633.940296,-20.969200,631.726533,-141.030407,632.717857,59.945964,0.005964,1,0
14.533000,-58.925398,204030.649816,-178.823926,202966.126807,60.977845,204602.511048,99.130365,631.758242,-20.770095,630.720328,-141.243904,636.967288,59.952180,-0.005465,1,0
14.567000,-58.959301,204610.257238,-178.995312,203226.185861,60.850111,205231.100913,98.941463,633.463050,-21.133086,633.312052,-141.256352,633.518068,59.940767,-0.000261,1,0
14.600000,-59.166357,207109.608889,-179.151670,203441.822916,60.936874,203649.523760,98.996537,626.967788,-20.653517,627.490176,-141.172553,629.727495,59.951381,-0.001445,1,0
14.633000,-59.003096,204536.522992,-179.125474,203831.558294,61.023071,204757.124613,99.083218,630.786613,-21.159093,630.822677,-141.286094,626.172210,59.938992,-0.000844,1,0
14.667000,-59.158321,203216.372898,-179.250059,203991.308386,61.028985,203608.977302,98.783385,629.555717,-21.211409,635.451554,-140.758451,623.991915,59.945243,-0.006589,1,0
14.700000,-59.041434,202889.540008,-179.179399,205862.991674,60.708289,203586.874175,98.740021,636.685602,-21.251944,625.590897,-141.288366,630.323747,59.942867,-0.002740,1,0
14.733000,-58.932431,204686.401883,-178.916896,202927.818113,60.895039,203998.545831,99.466385,631.199978,-20.965737,635.440531,-141.097515,632.355699,59.945981,-0.000534,1,0
14.767000,-59.050446,205436.476198,-179.033605,204725.678956,61.002850,204980.910387,99.084034,632.785967,-21.092742,628.597429,-141.158371,623.569932,59.947571,0.009610,1,0
14.800000,-59.024654,202399.504335,-179.187435,205403.938513,60.891996,204539.819376,98.871331,630.328218,-21.115772,632.700458,-141.117727,635.620021,59.953433,-0.005613,1,0
14.833000,-59.004305,204609.823703,-178.878229,203809.850466,60.843337,203850.667690,99.145749,627.201184,-20.908506,636.878270,-140.881150,630.532229,59.944842,-0.008640,1,0
14.867000,-59.189951,203906.254157,-179.102728,203928.462621,61.056044,205912.888339,98.803884,633.204923,-21.361597,627.898623,-141.172646,629.389816,59.944186,0.002950,1,0
14.900000,-59.018619,203958.136063,-179.180490,203279.609305,60.910671,204627.792994,98.980354,631.271183,-21.016764,634.034912,-141.227979,632.106646,59.947332,-0.000383,1,0
14.933000,-58.967448,204237.778829,-178.984269,205445.653644,60.861742,204990.324678,99.094497,629.046608,-20.914068,627.221114,-141.324089,626.163294,59.947148,-0.007904,1,0
14.967000,-59.099282,206111.329205,-178.958779,202851.380230,60.890966,204518.598524,99.266259,627.206925,-21.004809,630.791417,-141.030670,629.708220,59.954952,0.005644,1,0
15.000000,-59.047465,206873.612121,-179.103838,205328.981604,60.760853,202987.138288,99.074542,627.129522,-20.928118,630.361773,-141.305816,628.760637,59.960538,0.011062,1,0
15.033000,-58.992654,204020.839316,-178.925456,203647.622024,60.972810,204979.770470,99.010166,628.310939,-20.767287,633.644293,-141.233412,626.131195,59.953766,-0.008137,1,0
15.067000,-59.071860,203836.928824,-179.150549,203145.677106,61.150304,202061.332323,98.824923,632.573528,-21.019806,628.083657,-140.708018,633.995610,59.950062,0.007502,1,0
15.100000,-59.083772,205753.403326,-178.972559,205568.766400,61.066608,204820.112357,99.011775,632.515726,-20.737111,629.374025,-141.018512,629.502446,59.952009,-0.009953,1,0
15.133000,-59.086828,204346.065750,-178.802339,203488.903621,60.981064,204945.992227,99.083651,629.685973,-20.879936,630.421374,-141.129187,629.813330,59.953249,0.005600,1,0
15.167000,-59.039483,201658.705934,-179.090641,204143.489650,60.869521,205801.626436,98.823684,629.325819,-21.419925,634.719686,-141.184649,633.733166,59.948701,-0.009164,1,0
15.200000,-58.853948,203615.673897,-178.846028,204672.202554,60.826899,204836.891418,98.869878,630.881413,-20.919865,626.693112,-141.089545,631.034854,59.949889,0.000934,1,0
15.233000,-59.091872,205773.232932,-178.860241,203790.811003,61.018431,202280.172258,98.915106,630.606555,-20.999942,631.866309,-141.024523,627.137418,59.958776,0.003944,1,0
15.267000,-58.921512,204071.219505,-178.949438,206063.434027,60.891060,204685.384431,99.275970,624.091947,-20.969000,628.346472,-141.243448,634.508242,59.951235,0.006762,1,0
15.300000,-58.970497,203933.386931,-178.979055,204656.387020,61.134619,204244.681881,99.188670,631.658658,-21.126726,630.021195,-140.917109,618.450718,59.946344,-0.002833,1,0
15.333000,-59.023001,204290.878774,-178.906041,206263.575089,61.027325,203978.975629,99.119448,632.458072,-20.700860,621.776291,-141.256371,615.049115,59.961334,0.007558,1,0
15.367000,-58.997975,203635.096615,-179.012075,204641.445798,60.973418,202436.683976,99.015378,624.949229,-20.897898,625.229935,-140.883433,625.533687,59.949807,0.013180,1,0
15.400000,-58.945916,202361.309950,-179.018786,204564.391338,60.872943,204365.041541,99.009432,632.645471,-20.953608,626.561035,-141.012371,625.809007,59.943796,-0.000912,1,0
15.433000,-58.861349,204493.518889,-179.091754,203454.103576,60.960944,204378.073691,99.458816,630.864752,-21.083755,626.834166,-140.937746,629.672551,59.950116,0.000018,1,0
15.467000,-59.090965,203893.704747,-178.925857,204995.700287,61.139197,204709.528947,98.847908,632.855923,-20.925090,629.976778,-140.718725,630.344079,59.946696,0.000834,1,0
15.500000,-59.022743,203522.236285,-178.931503,204155.458957,60.947641,205925.265754,98.778951,631.823900,-20.952727,627.557953,-141.111895,633.596513,59.953975,0.010330,1,0
15.533000,-59.228632,202919.416803,-178.968065,203703.989859,60.994070,202842.959800,99.062504,632.367410,-21.079243,633.058851,-141.236687,627.121160,59.943834,0.000323,1,0
15.567000,-59.029201,204052.798322,-179.128425,205125.787700,61.069168,204016.348735,98.596689,634.729096,-20.994200,627.552029,-141.045515,633.493863,59.950251,-0.003033,1,0
15.600000,-59.041271,203969.592510,-179.108331,203589.006806,60.912619,205452.563134,98.824635,625.252927,-21.126925,631.985541,-141.235789,634.803569,59.949764,0.006829,1,0
15.633000,-59.123730,204712.526994,-179.096215,204279.160249,61.080007,203547.301628,98.971495,633.184783,-21.432381,635.977669,-140.960953,636.639376,59.942844,0.012358,1,0
15.667000,-58.980448,205952.136464,-179.161376,203862.966695,61.017841,203862.706811,98.771017,632.451157,-21.259118,639.862748,-140.976923,638.196247,59.946871,-0.000496,1,0
15.700000,-58.882184,203535.155428,-178.953967,203687.717989,60.894028,203753.057558,99.095322,633.750936,-20.814760,643.803248,-140.942570,639.319384,59.949079,-0.003692,1,0
15.733000,-59.154261,203728.728662,-179.190590,203831.764365,61.087429,204500.020797,99.081353,639.742465,-21.218311,636.745638,-141.119864,636.673720,59.945006,0.007582,1,0
15.767000,-59.084340,204410.180622,-179.055428,204969.813337,60.948373,204495.043836,98.827179,631.406002,-21.471177,634.593157,-140.975645,631.732518,59.941600,-0.007818,1,0
15.800000,-59.061783,204180.960485,-179.041419,204551.869243,60.791289,204092.640366,99.015969,641.522291,-21.438695,635.948930,-141.457422,640.376301,59.950713,0.009889,1,0
15.833000,-59.172683,204242.653963,-178.983932,203218.020983,60.993594,202366.582415,98.909279,635.464222,-21.079158,632.953198,-141.355339,638.129247,59.953164,-0.001257,1,0
15.867000,-58.878366,204970.544651,-178.918955,203801.970128,61.245586,204413.002113,98.873342,632.139446,-20.977029,631.310477,-140.780964,636.258554,59.946301,-0.013716,1,0
15.900000,-59.196824,204054.377819,-178.999153,204404.641622,61.023743,204809.604590,99.209124,631.057401,-21.146474,631.862488,-140.943338,632.648571,59.946032,0.010984,1,0
15.933000,-59.211616,203987.415025,-179.036783,206120.406781,60.995741,202876.470178,98.530668,632.611814,-20.929174,641.322528,-141.268226,634.157011,59.948860,-0.002038,1,0
15.967000,-59.153314,206095.357704,-178.914068,203595.035070,60.900885,204950.774132,98.635340,632.568722,-20.593303,644.119657,-141.009009,633.942296,59.941773,-0.005775,1,0
16.000000,-59.137680,206211.205890,-179.135607,204141.971559,61.018984,203424.319621,98.692779,633.680478,-20.960297,634.793187,-140.997493,625.929189,59.948080,0.010311,1,0
16.033000,-58.881796,202940.144455,-178.918327,205014.126208,60.942601,204714.276649,99.091317,632.899572,-20.910681,639.062537,-141.211313,635.710089,59.943161,-0.003841,1,0
16.067000,-58.902886,204389.084877,-179.040465,205060.767846,61.058458,205113.041794,98.822818,637.245058,-21.036300,641.957238,-140.888632,640.659645,59.947774,0.012151,1,0
16.100000,-58.936389,203921.649302,-179.061241,203704.875220,60.934182,204590.308799,98.979233,644.962618,-20.937761,628.677104,-141.070952,638.560200,59.948270,0.007473,1,0
16.133000,-59.232595,206313.968495,-179.063290,206533.269354,61.021321,203097.583966,98.639266,640.776674,-20.739835,630.987065,-141.030847,635.752022,59.936618,0.001683,1,0
16.167000,-58.979125,204895.784005,-178.970535,204316.796057,60.980851,204565.860058,98.969165,640.843402,-21.126378,640.020971,-141.086557,635.247992,59.945613,-0.010504,1,0
16.200000,-59.021081,207195.508105,-179.142655,203821.538718,60.762031,203684.119380,98.897689,640.406814,-21.373831,635.056275,-141.379251,644.685970,59.950612,0.000081,1,0
16.233000,-58.926872,203908.720617,-178.868006,204971.235164,60.801447,206870.148044,98.900993,642.806676,-20.890464,635.245629,-141.256541,636.133526,59.950901,0.004844,1,0
16.267000,-58.914025,205920.858516,-179.072418,205039.207554,61.206116,203916.347534,99.150508,640.193450,-21.228828,637.393783,-140.701488,637.108988,59.952773,-0.014444,1,0
16.300000,-58.943755,204536.249964,-179.138943,203926.564958,60.962382,204487.843317,99.135066,640.183963,-21.238443,630.828054,-140.813301,636.133693,59.952043,0.005373,1,0
16.333000,-58.959243,203020.964749,-179.027528,203392.861342,60.981851,203255.463408,99.100680,636.031410,-21.030982,647.134077,-140.964688,636.756863,59.947684,0.006411,1,0
16.367000,-58.916426,204484.452272,-179.176341,204205.367659,60.946456,205429.410228,98.804199,639.070597,-21.169005,647.133462,-141.320565,640.409571,59.951096,-0.000148,1,0
16.400000,-59.070702,204622.866935,-179.107484,203988.416485,61.067732,205030.429454,99.006334,632.993459,-21.117222,637.446642,-141.056911,642.448780,59.954658,0.003529,1,0
16.433000,-59.191601,204423.930660,-179.154312,204207.878060,60.997035,203774.081142,98.825107,634.272837,-21.162006,634.354909,-140.822457,639.686977,59.950830,-0.010692,1,0
16.467000,-59.045142,203755.096255,-178.993200,206107.165307,60.952206,205010.466471,98.988259,631.164105,-20.956135,628.358158,-141.287590,626.324277,59.947290,0.000605,1,0
16.500000,-59.075969,204345.921278,-178.978627,204315.606732,60.958598,204298.567910,99.034918,633.156497,-20.752833,634.379675,-141.215868,633.630669,59.956056,0.010606,1,0
16.533000,-58.974000,204556.756221,-179.044202,203657.439947,61.009597,204256.285766,98.875221,629.570995,-21.152149,636.066677,-141.029437,638.699212,59.950982,-0.001155,1,0
16.567000,-59.112912,204011.893791,-178.927966,203992.884628,61.030177,204136.938765,98.886193,629.535960,-20.949053,633.379257,-141.032184,635.088432,59.951484,-0.007015,1,0
16.600000,-59.025716,205527.787927,-178.846897,204454.443444,61.097212,204562.145410,98.973118,640.961049,-20.897817,635.231259,-141.057638,633.540987,59.950683,-0.006020,1,0
16.633000,-58.829985,202558.053332,-178.999127,202821.075885,60.981646,204360.055551,99.083049,631.005470,-21.066862,636.167415,-141.034853,633.280444,59.949101,0.000510,1,0
16.667000,-58.949072,203799.326142,-179.039112,203676.524889,61.034001,204131.489269,99.038482,629.262523,-20.643012,630.044890,-140.908775,636.256226,59.942045,0.005154,1,0
16.700000,-58.841639,205631.013713,-179.211143,203534.641363,61.131872,204199.863186,98.951010,636.430511,-21.338322,638.268059,-140.729069,632.334771,59.954238,-0.004164,1,0
16.733000,-58.983971,203667.558208,-179.020686,204434.629322,61.054716,204693.439644,98.694955,631.619153,-21.222292,628.683941,-140.858654,629.085319,59.946055,-0.005658,1,0
16.767000,-59.019042,203858.402053,-179.037587,204437.673224,61.076859,204425.248953,98.713111,625.800115,-21.202122,633.100994,-140.949007,631.208159,59.947391,-0.008265,1,0
16.800000,-58.967027,203918.385104,-178.890510,205589.088407,61.095642,203679.535033,98.797381,634.076135,-20.561441,636.486389,-140.886625,629.395149,59.952102,-0.017677,1,0
16.833000,-59.008081,205530.422235,-178.818406,204835.118397,60.970979,204403.173011,99.361819,632.412676,-21.049329,630.059079,-140.962556,640.161200,59.947948,0.002906,1,0
16.867000,-59.102702,205021.270258,-179.036149,203765.912058,60.960855,204748.578549,99.216119,631.437524,-20.898063,630.836394,-141.487659,638.597712,59.951496,-0.004993,1,0
16.900000,-58.955432,204873.505076,-179.153338,204219.688157,60.981443,204602.497821,98.671433,633.187583,-21.225963,637.249301,-141.039793,631.280235,59.954752,0.008399,1,0
16.933000,-58.804087,205436.507249,-179.067755,204979.266417,60.941751,204893.851376,99.164335,634.759440,-21.126773,636.981340,-141.163807,634.688884,59.954226,0.014539,1,0
16.967000,-59.173921,204911.430970,-179.049342,204576.494665,60.952223,205371.214580,98.853231,632.511111,-20.813710,630.637808,-140.773485,634.853423,59.953457,0.003973,1,0
17.000000,-58.891087,205726.898194,-179.029060,205719.842385,61.018780,204709.599535,99.105145,629.599653,-20.844407,629.502036,-140.888294,635.740606,59.958096,0.004733,1,0
17.033000,-59.048000,205616.669072,-179.050744,204225.082842,61.006967,205071.169274,99.008513,639.829462,-21.119144,639.851218,-140.759912,630.346119,59.954440,-0.008169,1,0
17.067000,-59.058718,204886.342338,-178.909569,207028.075417,60.852175,204509.328070,99.203873,635.119746,-20.994374,632.965691,-141.384324,635.678707,59.957361,-0.004682,1,0
17.100000,-59.130833,205872.715378,-178.979396,204415.258491,60.929625,204525.641199,98.489690,634.129818,-21.100340,639.019776,-141.026254,636.408786,59.958305,0.005947,1,0
17.133000,-59.115907,206715.809863,-179.082274,205383.002252,60.890959,207656.632260,98.818812,631.727593,-21.042159,633.357609,-141.148063,628.145098,59.947549,-0.013486,1,0
17.167000,-59.222071,205534.833367,-179.073313,204910.351241,60.921336,204705.481784,98.706983,641.588441,-20.702126,641.744324,-141.028679,636.196302,59.952872,-0.012957,1,0
17.200000,-59.002456,206509.201203,-179.111941,204675.083674,60.912484,205120.787853,99.061907,635.281032,-21.099387,630.904769,-141.140809,628.879109,59.950815,0.001126,1,0
17.233000,-58.798208,205487.886817,-179.161842,206167.140863,60.933348,203474.845634,99.349910,631.003250,-21.148237,628.839938,-140.897757,635.562548,59.954086,-0.008089,1,0
17.267000,-58.962242,205527.837789,-178.934249,206089.822739,61.080341,204882.651328,98.924801,631.082427,-20.557108,629.919563,-141.020405,631.958826,59.960150,-0.014759,1,0
17.300000,-58.906249,204633.211897,-178.806831,205866.800258,60.992596,206383.372359,98.962692,635.248304,-20.852865,633.470328,-141.157993,626.800124,59.955711,-0.003468,1,0
17.333000,-59.042741,204242.627101,-179.096069,205123.950892,60.836011,204277.516092,99.217889,636.244946,-21.097422,634.501870,-141.036599,634.528718,59.959104,0.005497,1,0
17.367000,-58.960142,205249.492358,-178.940738,206734.751592,60.824620,205991.777153,99.020488,639.507646,-20.697456,638.848723,-141.103868,632.788846,59.951603,-0.000111,1,0
17.400000,-58.992402,205153.144639,-179.060766,205214.276475,60.913873,205546.703869,98.945937,636.480694,-21.282101,634.070661,-141.289723,634.662994,59.952290,0.000348,1,0
17.433000,-58.964615,204842.151298,-179.033105,204683.860962,60.939737,206400.856205,98.677570,636.225573,-21.074663,635.234092,-140.843216,637.682311,59.960000,0.002423,1,0
17.467000,-58.973965,203461.095854,-179.016892,205016.026004,60.876226,205572.286567,99.133438,634.632060,-20.947417,633.696890,-140.731986,633.217462,59.950980,0.004086,1,0
17.500000,-59.217194,204447.503539,-179.101392,205818.641723,60.829016,204250.092265,98.891629,636.065608,-20.893469,636.929206,-141.276410,630.851819,59.948717,-0.000611,1,0
17.533000,-59.159348,205043.024536,-178.810999,205078.338991,60.980700,205173.133492,99.051511,628.120023,-20.648215,635.086518,-140.871738,633.615386,59.954612,0.005603,1,0
17.567000,-59.059652,205317.447067,-178.884834,205094.315689,61.008873,205558.619275,99.072073,641.742387,-20.996617,636.057506,-140.795925,630.954722,59.947264,0.008355,1,0
17.600000,-58.950866,205145.673942,-178.916669,204115.332265,61.003945,204292.962076,98.924968,634.555418,-20.853930,640.820546,-140.993531,628.852500,59.954342,0.000250,1,0
17.633000,-59.182697,205490.452994,-179.203602,205455.456103,60.902604,204848.548851,98.544026,636.813740,-21.002055,634.006355,-140.935225,633.868195,59.952050,0.004758,1,0
17.667000,-59.040413,204379.553932,-179.079073,205538.011616,61.015384,205323.352098,99.307789,640.770194,-21.033607,628.123939,-141.024251,637.969239,59.950082,-0.011382,1,0
17.700000,-59.090926,205034.849054,-178.948470,203918.936064,60.943613,204661.885603,98.626393,632.078524,-20.715715,634.029733,-141.331797,633.239994,59.954213,-0.000576,1,0
17.733000,-59.074586,205547.760623,-179.265667,205004.862215,61.234629,204519.233179,98.985003,631.298008,-21.238789,633.076377,-140.917788,633.846726,59.952877,-0.007941,1,0
17.767000,-59.004756,204214.500020,-178.814641,204833.191809,60.982413,203746.204335,98.906942,632.751181,-20.645661,633.534738,-140.965712,637.541154,59.948148,-0.006003,1,0
17.800000,-59.100894,204635.074889,-179.065669,204623.610094,60.864670,205265.605797,99.163230,631.213961,-20.709856,636.494227,-141.245140,630.305059,59.952699,0.001024,1,0
17.833000,-59.060925,205194.871979,-178.856572,205983.223431,61.012063,205175.754870,98.919019,637.357708,-21.051385,637.371610,-141.116354,633.608031,59.946984,0.000368,1,0
17.867000,-58.853871,206283.400528,-178.974648,204987.143036,60.950551,204908.403643,99.286874,635.443177,-20.802668,637.642063,-141.047168,635.928625,59.946925,0.003925,1,0
17.900000,-59.170746,204644.969952,-178.926089,204844.586822,60.970638,205122.245810,98.634470,636.254147,-21.246125,635.488968,-141.052989,632.990375,59.945313,-0.005017,1,0
17.933000,-58.852439,202916.155016,-178.934085,206095.735469,61.011024,205036.211188,99.050088,636.430499,-20.938208,633.991638,-141.151996,635.093032,59.951475,-0.016365,1,0
17.967000,-58.970869,204865.677829,-178.964000,206358.048561,61.129613,206293.499957,99.110146,628.537397,-20.803973,635.539913,-140.983362,626.807908,59.948888,-0.000286,1,0
18.000000,-59.053211,205547.536920,-179.015443,206953.729414,61.153631,202933.136834,98.863069,629.511430,-21.308339,633.530982,-140.975094,628.762925,59.947769,-0.005866,1,0
18.033000,-58.880358,207763.347765,-178.994321,204737.233593,60.911321,204147.381512,99.384044,634.145636,-21.112245,639.710111,-141.279564,640.821917,59.954072,0.009061,1,0
18.067000,-58.946659,205217.364290,-178.973704,205683.235404,60.925628,204282.054524,98.905420,631.771002,-21.226359,629.786640,-141.282688,632.987064,59.950011,-0.002622,1,0
18.100000,-59.022511,205612.004254,-179.106091,205891.348582,61.428322,203785.761119,98.996663,637.454012,-21.135144,624.617925,-140.524972,631.115988,59.947070,-0.000710,1,0
18.133000,-58.848887,206396.017484,-179.095333,206976.769389,60.995570,204869.594496,99.372351,635.653712,-21.193029,633.154979,-140.907314,631.160396,59.944458,-0.005097,1,0
18.167000,-59.150151,205115.038977,-179.037958,204574.308361,60.846456,203577.835616,99.177659,632.969631,-21.160871,627.045558,-141.149287,632.201837,59.946389,-0.011744,1,0
18.200000,-59.186885,205533.091263,-179.086983,205325.037391,61.059221,204123.948933,98.720377,637.226447,-20.991482,637.866982,-140.740396,631.970186,59.941283,-0.006359,1,0
18.233000,-58.998395,205373.015437,-179.277454,203880.101311,61.026967,203936.703797,98.921486,631.242463,-21.248314,632.794372,-140.848822,635.464638,59.944570,-0.010877,1,0
18.267000,-58.912655,205636.050830,-179.035365,204300.000947,60.879838,205965.477243,99.189454,643.161339,-21.142677,630.916435,-141.175419,638.823111,59.941774,-0.005393,1,0
18.300000,-59.062668,205685.136584,-178.913656,205409.223841,60.990932,205373.900023,98.904847,637.693993,-20.961689,643.281114,-140.967301,645.397100,59.948981,0.000222,1,0
18.333000,-58.926968,203281.691702,-178.930250,205941.219190,61.179099,203253.710491,98.903823,634.787150,-20.578817,639.478130,-140.617425,639.326035,59.947466,-0.008606,1,0
18.367000,-59.146100,206770.219740,-179.010319,204152.741753,61.131109,205521.009251,98.932433,638.358504,-21.169934,627.083270,-140.895616,636.314419,59.944201,-0.012040,1,0
18.400000,-58.812862,204325.793460,-179.050835,203888.477984,61.196444,206651.629008,99.388953,635.296398,-20.971658,642.081001,-140.849966,628.239090,59.940003,0.001568,1,0
18.433000,-58.966967,205371.625619,-178.888380,205037.416625,61.323230,203771.065467,98.926982,633.424360,-20.896824,640.238032,-140.796532,636.544464,59.945660,0.000738,1,0
18.467000,-59.069055,205246.617986,-178.981488,205364.744814,60.760567,204241.389995,99.037438,631.836227,-21.273383,633.481437,-141.304014,635.446408,59.945048,-0.001999,1,0
18.500000,-58.943357,204548.598003,-178.997524,206050.466597,61.090663,204874.899192,99.148684,639.043784,-20.845901,632.664362,-141.024388,631.181900,59.941313,0.000551,1,0
18.533000,-59.082385,206932.450447,-178.931625,205228.868889,61.068906,204853.130303,99.060295,632.826934,-20.703317,635.968414,-140.835588,637.298114,59.939412,0.001914,1,0
18.567000,-58.856149,205825.896067,-178.966341,205821.669135,60.989302,205342.246813,98.985194,633.540035,-20.622288,627.451927,-140.676077,629.641182,59.944216,0.007712,1,0
18.600000,-59.072985,205019.649463,-178.893251,204524.966625,60.946173,204898.838389,98.986777,632.927929,-20.952899,639.550976,-140.994495,639.808662,59.941911,-0.004572,1,0
18.633000,-58.740329,205285.991511,-178.757395,207097.344158,61.145674,204720.022205,99.569528,631.250496,-20.954011,636.677331,-141.099078,635.197861,59.939170,0.009997,1,0
18.667000,-58.641863,205980.964019,-178.857634,206280.712804,60.852621,205490.010043,99.617613,635.138455,-20.762839,641.382127,-140.979883,635.755272,59.935875,0.008440,1,0
18.700000,-58.843736,204383.611363,-178.836088,205715.723876,61.160391,204203.223185,98.774223,629.763402,-20.891873,632.657958,-140.873878,636.258516,59.947158,-0.001868,1,0
18.733000,-58.768638,205447.761670,-178.974771,205070.918531,61.084651,205636.908007,99.322440,627.479185,-20.853002,632.825957,-141.145609,630.465986,59.951988,-0.002891,1,0
18.767000,-58.885137,205216.128556,-178.972343,204129.212677,61.305333,205702.163628,98.953568,629.880339,-20.857220,632.933252,-140.722325,628.887852,59.946179,-0.006556,1,0
18.800000,-58.922083,205565.844005,-178.933430,204416.715525,61.137485,204283.101461,99.148181,634.838104,-21.038205,633.932675,-140.642338,630.921213,59.945981,0.000322,1,0
18.833000,-58.870536,206405.657255,-178.773194,205816.818674,61.099439,204769.192347,99.128783,632.293598,-20.658890,631.589062,-140.757438,632.180698,59.936781,0.009554,1,0
18.867000,-58.838918,203962.788220,-178.874664,207552.055705,61.079587,205403.920057,99.034238,630.016545,-20.870141,631.255276,-140.739395,631.587775,59.940631,0.001976,1,0
18.900000,-58.877265,205391.161214,-178.835202,204675.370525,60.967153,206906.237781,99.038184,640.436402,-20.837224,635.160453,-141.009054,637.847497,59.949743,-0.011273,1,0
18.933000,-58.766391,204390.306841,-178.919237,205479.108575,61.227979,205382.187806,99.243795,629.690650,-20.425073,634.564495,-140.594334,631.975921,59.947489,-0.005201,1,0
18.967000,-58.875235,204223.132838,-178.877721,205868.836304,61.229172,203627.772868,99.146798,634.556673,-21.102016,630.867346,-140.891575,629.292851,59.948935,0.010332,1,0
19.000000,-58.843344,204500.943390,-178.902596,205979.109740,61.196114,205104.495962,99.121495,634.267221,-20.539837,632.199796,-140.817832,628.706582,59.932967,-0.006911,1,0
19.033000,-58.956414,206182.134989,-179.076622,205861.927225,61.039157,205045.611287,99.303121,626.170980,-20.833823,623.985728,-140.891686,628.789951,59.948791,-0.016587,1,0
19.067000,-58.848974,204336.455490,-178.789749,205968.444211,61.129464,206791.956553,98.941387,628.157016,-20.846246,630.848476,-140.859412,631.285398,59.945662,-0.007936,1,0
19.100000,-58.693529,205021.801603,-178.799010,205602.064042,61.293175,207161.936671,99.115453,628.061349,-20.417245,634.892519,-140.780169,633.736258,59.945152,-0.000716,1,0
19.133000,-58.672805,206327.089232,-178.823498,204797.247269,61.012842,204606.895104,99.163029,630.812550,-20.796181,627.611780,-140.827672,631.501770,59.944205,-0.002612,1,0
19.167000,-58.969895,205331.107236,-178.888189,205682.549854,61.133551,205433.388812,98.915654,634.754518,-20.948668,630.561238,-140.918626,630.560000,59.936160,0.003280,1,0
19.200000,-58.800555,206270.468435,-178.796313,204934.308248,60.982490,202310.995792,99.165823,639.044378,-20.824017,628.563223,-140.824800,632.334649,59.940787,0.008342,1,0
19.233000,-59.121890,205602.346561,-179.086746,204818.697364,61.074033,203598.718308,99.067324,630.198988,-21.097190,626.836933,-141.078078,627.455557,59.933708,-0.008172,1,0
19.267000,-58.875979,203523.448061,-178.862388,203776.353915,61.159977,205020.478318,99.090795,629.588008,-20.905812,637.410194,-140.771849,637.233536,59.937073,0.001585,1,0
19.300000,-58.827244,204994.976023,-178.781885,205890.371329,61.041976,204805.713687,99.291590,633.223393,-20.847604,632.176894,-140.871751,632.959105,59.937329,-0.008156,1,0
19.333000,-58.850389,204910.637381,-178.913216,204773.651359,60.992100,204372.433067,99.146433,629.583956,-21.245031,632.975354,-141.046020,639.413268,59.939468,-0.000042,1,0
19.367000,-58.964722,206152.970588,-178.931752,205331.027026,61.230941,204423.502705,99.131880,626.209470,-21.004645,633.301821,-140.801420,628.924781,59.933759,-0.000082,1,0
19.400000,-58.650876,203926.667199,-178.812465,205920.023261,61.188823,205823.140536,99.238664,633.960296,-20.868363,634.767500,-141.095990,628.258053,59.925603,-0.010698,1,0
19.433000,-59.113108,205744.468037,-178.654709,204834.267700,61.240348,205722.643173,99.062723,640.425312,-20.785594,629.670488,-140.632419,640.199365,59.934517,-0.001234,1,0
19.467000,-58.914726,204130.462828,-179.008740,204888.539620,61.433760,205941.640487,99.283945,634.463697,-21.215154,627.975466,-140.723680,624.050717,59.935007,0.002530,1,0
19.500000,-58.737281,204120.997221,-178.906885,204308.178423,61.211246,205568.958409,99.487561,637.564448,-20.731806,635.912648,-140.916809,625.208945,59.944698,-0.001144,1,0
19.533000,-58.840955,205415.205486,-178.885460,205710.831410,60.990675,204311.582219,98.937562,628.502168,-20.830024,629.100930,-140.961459,631.623950,59.941526,0.001201,1,0
19.567000,-58.910491,205221.345408,-178.830854,206305.572332,61.156037,205452.844570,98.963154,627.227004,-20.867104,637.917636,-140.822219,631.846126,59.939090,0.004163,1,0
19.600000,-58.856760,205069.360126,-178.795751,204234.322662,61.016455,206435.824411,99.054917,627.807481,-20.532728,634.144799,-140.923809,633.866403,59.939795,-0.003752,1,0
19.633000,-58.740422,204094.437432,-178.733678,205738.362307,61.165178,205264.982650,99.355559,637.789765,-20.823543,634.912401,-140.549005,632.499215,59.932488,-0.006962,1,0
19.667000,-58.790756,206327.911334,-178.962117,204722.471648,61.000782,203714.866228,99.225056,633.980102,-21.087942,634.944210,-141.152252,633.556093,59.933315,0.007612,1,0
19.700000,-58.817207,204789.626800,-178.749235,205372.747589,61.116989,205196.159908,99.364518,635.863448,-20.662188,635.595197,-140.988240,631.912526,59.926270,0.000272,1,0
19.733000,-58.880427,203722.581081,-179.007713,205276.307516,61.180172,205272.954041,99.066167,628.560899,-20.833202,635.674365,-141.079173,637.463969,59.934311,-0.000044,1,0
19.767000,-59.033474,205290.961854,-178.749048,203895.083169,61.287910,204241.462789,99.251108,635.367927,-20.893529,628.527592,-140.927884,631.507284,59.942221,-0.007915,1,0
19.800000,-59.019784,205292.105441,-178.984409,205255.193947,61.147296,203896.137564,98.777741,637.127442,-20.814409,637.739587,-140.654897,635.991488,59.938724,0.000423,1,0
19.833000,-58.765324,204416.215194,-178.850334,203478.489613,61.071048,205036.902842,99.493804,631.075032,-20.738864,632.946577,-141.358824,632.199901,59.935247,-0.007404,1,0
19.867000,-58.947678,206584.565006,-178.773977,205754.925739,61.037762,204522.337284,99.089704,631.356616,-20.993706,635.330792,-140.863842,632.240345,59.938146,0.009105,1,0
19.900000,-58.895581,205199.366908,-178.818543,204845.545585,61.085066,204738.355635,99.116076,634.075602,-20.657270,640.671678,-140.940713,628.589183,59.942635,-0.010381,1,0
19.933000,-58.934446,206410.665920,-179.012796,205463.674734,61.065949,204065.338988,98.943665,631.109746,-21.057830,629.707538,-140.806521,637.131635,59.940570,-0.001195,1,0
19.967000,-58.959845,206766.289402,-178.883309,203376.053457,61.294018,205422.933097,99.140108,638.251258,-20.778239,631.649316,-140.795073,627.409096,59.939063,0.000493,1,0
20.000000,-59.035122,205129.502753,-178.899900,205471.066115,61.066307,204431.803237,98.788919,630.994602,-21.101016,633.279832,-140.871624,629.578929,59.937878,0.007186,1,0
20.033000,-58.810537,204516.348030,-178.917992,206199.053417,61.085870,204984.706740,99.114425,637.017157,-21.054531,631.134163,-140.672231,628.901069,59.937566,0.007070,1,0
20.067000,-58.938300,205744.449372,-178.821818,206168.693845,60.902902,203969.417416,98.968875,630.410988,-20.807013,636.535122,-140.979827,634.691380,59.934865,0.008887,1,0
20.100000,-59.024214,205919.829353,-178.876905,205338.374951,60.890825,204508.387250,98.927009,634.271632,-20.847990,628.005746,-140.896529,628.116759,59.933366,-0.003162,1,0
20.133000,-59.038079,205444.291029,-178.937927,203728.261184,60.969423,205608.291702,99.215224,637.930350,-20.804220,629.393890,-141.335293,629.651859,59.936454,-0.010996,1,0
20.167000,-59.129499,203902.014100,-178.855343,205474.356839,60.974577,203651.605097,98.874841,631.192262,-20.554219,626.369543,-141.164031,629.869949,59.942325,0.000573,1,0
20.200000,-58.933786,205046.704701,-178.972735,204515.321885,60.990252,204621.493305,99.048694,630.555157,-20.544060,629.492595,-140.921864,638.756433,59.939735,-0.005740,1,0
20.233000,-59.065884,206168.544349,-178.959314,204953.550120,60.957415,206722.377865,99.013922,626.939132,-20.942016,629.409382,-141.292809,628.238337,59.935100,-0.009635,1,0
20.267000,-59.147216,205532.797609,-179.102163,206442.673933,60.943343,206967.659605,98.603571,630.115681,-21.351206,630.011232,-141.063784,634.828997,59.937144,-0.005518,1,0
20.300000,-58.893272,206259.203389,-179.098077,207077.901167,60.991740,205804.412841,99.125702,629.019930,-20.912409,630.511502,-141.192596,626.324360,59.935227,-0.006036,1,0
20.333000,-58.989149,205272.882196,-179.137833,205943.241776,61.100457,205920.322520,99.047255,633.355688,-21.034520,630.327454,-140.449997,630.695882,59.939136,0.003306,1,0
20.367000,-58.899326,204442.817003,-179.149196,207599.386345,60.967232,205361.122100,99.038602,630.025129,-21.144031,628.068085,-140.896974,637.355267,59.938002,0.004252,1,0
20.400000,-58.977305,205352.601627,-179.034973,205317.955863,60.950352,205779.422029,99.105384,634.821995,-20.910351,628.264389,-140.810443,631.140407,59.932509,0.001333,1,0
20.433000,-59.042336,204080.617604,-179.018165,203395.626736,60.874456,205018.360054,99.127715,632.881807,-21.087217,635.819890,-141.264189,634.524164,59.924658,0.002926,1,0
20.467000,-59.163655,205568.374329,-179.074500,205642.674950,60.872540,204361.287325,99.034526,637.221427,-21.247086,632.665929,-141.093855,635.283102,59.926231,-0.004772,1,0
20.500000,-59.180425,205654.095881,-179.030317,206421.307856,61.011021,204337.129355,98.801780,632.783246,-20.928763,636.302106,-140.896647,632.310638,59.924920,0.006152,1,0
20.533000,-59.057962,206136.969562,-179.240624,205049.439673,60.819791,206505.341996,99.009544,630.587953,-21.151704,636.961991,-141.086871,636.057474,59.926470,0.001351,1,0
20.567000,-59.053997,204146.557511,-178.941271,204506.445268,60.916979,206369.613625,99.084231,632.710510,-20.933612,635.388022,-141.194586,636.402808,59.937704,0.011608,1,0
20.600000,-58.888964,205008.718943,-179.044572,205706.341116,60.927749,204111.204569,99.192356,637.189417,-21.012580,639.671001,-140.935455,635.908583,59.945897,-0.004329,1,0
20.633000,-59.021831,205130.492857,-178.998226,204946.182325,60.893331,204270.536945,98.954420,639.292963,-21.074953,644.406524,-140.794258,636.169006,59.929212,-0.006537,1,0
20.667000,-59.003728,204928.901855,-178.919196,205094.867861,61.035404,205933.052614,99.064122,639.668107,-21.065327,635.689696,-140.925140,633.702389,59.933672,0.002451,1,0
20.700000,-58.948860,204405.527625,-179.208251,205577.138470,60.724406,204641.629890,99.064944,635.557429,-20.718817,634.935248,-141.192330,640.015357,59.929467,-0.012979,1,0
20.733000,-59.110349,204338.389920,-179.162876,204647.984310,60.895215,205399.916851,98.810771,633.656035,-20.950443,633.278649,-141.037982,632.470851,59.934379,-0.001399,1,0
20.767000,-59.347258,204110.442941,-179.234108,205131.821550,61.036421,205327.910923,98.763247,643.029935,-21.147805,646.762699,-141.112792,637.243700,59.937867,0.006908,1,0
20.800000,-59.257934,205439.797332,-179.244379,203747.731818,60.753381,205170.122793,98.482746,639.406665,-21.629248,639.836782,-141.145543,640.410524,59.929833,-0.000199,1,0
20.833000,-59.087680,206648.544685,-179.030146,204402.855687,60.737290,204494.785673,98.930600,641.954260,-21.077686,635.926297,-141.099059,639.771852,59.930831,0.003972,1,0
20.867000,-59.233456,204368.313642,-179.142606,206131.016812,60.634313,204797.441400,98.671754,633.310794,-21.277332,636.597554,-141.559535,640.047214,59.937893,0.002705,1,0
20.900000,-59.192946,204164.044553,-179.167046,206460.901848,60.769840,204892.098229,98.721901,639.063002,-21.125564,637.797589,-141.174111,635.665669,59.943922,-0.004113,1,0
20.933000,-59.066167,206611.901150,-179.232372,204649.753959,60.805835,204623.264841,98.971117,639.020547,-21.053506,642.085133,-141.374950,638.661670,59.931273,-0.007472,1,0
20.967000,-59.188677,205948.796768,-179.175189,203465.744336,61.002546,204922.891439,98.791872,636.302643,-21.008203,641.995242,-140.877362,644.578676,59.935545,-0.007305,1,0
21.000000,-59.155220,204956.367389,-179.385149,205854.869715,61.059198,206375.443489,98.777786,641.980551,-21.553764,636.877658,-140.898338,637.218401,59.939807,0.002799,1,0
21.033000,-59.163144,205663.990324,-179.047971,205485.266306,60.626374,204977.431713,98.921369,639.717193,-20.951663,632.463056,-141.464352,641.130250,59.935784,-0.001881,1,0
21.067000,-59.150221,204942.280086,-179.056497,204792.727276,60.916724,203874.135609,98.650833,643.590077,-21.335649,640.388523,-141.364371,641.245013,59.924862,-0.006057,1,0
21.100000,-59.109358,203830.642342,-179.168760,205237.543176,60.957305,205211.765067,98.942438,639.903883,-21.173676,641.477407,-140.925057,640.740451,59.937910,0.007303,1,0
21.133000,-58.968148,204099.712622,-179.201152,204875.053738,60.808288,205284.473701,98.917991,642.433209,-20.957792,641.170769,-141.203845,628.405477,59.936404,-0.008640,1,0
21.167000,-59.132377,204110.507657,-179.123725,203966.797507,60.838159,205483.372727,98.698239,643.050373,-21.249442,639.115852,-141.371995,641.159348,59.942561,-0.004258,1,0
21.200000,-58.950968,205144.024221,-179.199933,206073.334646,60.968677,204142.266746,98.962294,636.422651,-21.217351,640.856419,-141.279831,635.173101,59.937642,0.003428,1,0
21.233000,-59.186940,205213.296578,-179.156718,204615.571237,60.900109,203816.389645,98.743955,638.686438,-21.010997,633.488663,-140.953331,639.271169,59.931716,0.008615,1,0
21.267000,-59.063426,204408.446050,-178.995768,204422.927743,60.890546,206117.017269,98.752191,644.348323,-21.131120,641.482777,-141.266378,638.258974,59.939913,-0.009638,1,0
21.300000,-59.271911,205090.303690,-179.147812,205039.431172,60.881652,205316.443730,98.673047,637.583362,-21.073726,637.041649,-141.311326,636.942772,59.941471,0.002110,1,0
21.333000,-59.100256,204335.531125,-179.224593,204656.377168,60.867792,204201.306134,98.866103,637.753146,-21.000832,637.913999,-141.128814,639.493518,59.944038,-0.001368,1,0
21.367000,-58.974711,204479.766359,-179.060477,204634.676921,60.795046,205201.116412,98.916211,637.429722,-21.250275,635.601329,-141.307395,638.238802,59.941609,-0.006052,1,0
21.400000,-59.059771,204201.589879,-178.969076,204863.169346,60.967376,205543.438412,99.118185,635.790891,-21.265138,634.504666,-140.851645,639.163358,59.936492,-0.009533,1,0
21.433000,-59.054349,206548.658019,-178.977958,205874.545396,60.868416,206374.002885,98.963294,633.760796,-20.989850,631.917902,-141.354898,634.797487,59.938080,0.000287,1,0
21.467000,-59.058151,205850.512887,-178.973810,205300.342030,60.754242,205393.277894,98.903599,635.314867,-20.943686,627.031960,-141.385976,634.174424,59.939564,0.003814,1,0
21.500000,-59.083147,207328.832633,-178.960200,205935.216106,60.983043,204975.171789,98.893714,638.081021,-21.010191,627.332818,-141.304175,631.116388,59.940752,-0.009373,1,0
21.533000,-59.299950,206040.473479,-178.934594,204993.237375,60.937354,206559.435947,98.726598,628.461451,-20.985793,646.496659,-141.402446,631.259714,59.941510,-0.009519,1,0
21.567000,-59.181377,205461.978824,-179.310882,204476.465469,60.966420,205110.329867,98.980041,635.965927,-21.210456,630.743809,-141.221995,637.654857,59.948897,-0.009807,1,0
21.600000,-59.190216,206107.244391,-179.215367,205804.964579,60.853440,205517.532499,98.879526,631.362204,-21.428823,632.264307,-140.752192,634.286938,59.949504,-0.004018,1,0
21.633000,-59.150366,204980.439743,-179.108364,206454.961389,60.838393,206280.773710,98.842596,633.137416,-21.113818,638.284444,-141.070647,640.773139,59.943142,-0.006174,1,0
21.667000,-59.261576,205718.638372,-179.001452,206330.036048,60.927009,205916.165123,98.537507,630.967673,-21.048055,627.666495,-141.413052,635.084854,59.941747,0.001390,1,0
21.700000,-59.055637,205595.137226,-179.139125,204071.526181,60.910712,204016.111702,98.851855,633.765731,-21.381446,634.893756,-141.296851,639.612656,59.943075,0.010228,1,0
21.733000,-59.384568,204144.709289,-179.073621,205652.984050,60.790993,204291.237273,98.596358,632.891393,-21.083089,637.271203,-141.264642,637.211209,59.938044,-0.016016,1,0
21.767000,-59.122118,206614.794133,-179.244389,204065.044175,60.957999,204659.757768,99.185408,641.016070,-21.158641,636.803506,-141.136729,631.041452,59.937680,0.001040,1,0
21.800000,-59.087907,204766.909044,-179.268041,206489.193270,60.808753,206722.176294,98.899719,642.712627,-21.347666,640.847520,-141.010272,634.760867,59.950050,-0.008934,1,0
21.833000,-59.123566,206556.360391,-178.955152,206182.110204,60.815893,206859.959189,98.886273,637.406030,-20.859228,635.601270,-141.009417,635.973148,59.944178,0.002650,1,0
21.867000,-59.016808,207005.267347,-179.182485,205265.731884,60.807082,207012.976024,98.946408,638.008455,-21.401666,635.349098,-141.104036,637.575885,59.945444,0.001250,1,0
21.900000,-59.146165,205639.836534,-179.155171,206895.588871,60.843784,206372.811035,98.735471,636.460027,-21.158579,637.355333,-140.700678,633.214192,59.945330,-0.004736,1,0
21.933000,-59.021199,204954.122560,-179.056403,205019.469509,60.851187,205558.874027,99.062541,633.555986,-20.877630,631.651593,-140.886543,634.395545,59.952176,0.001080,1,0
21.967000,-59.163053,204842.436384,-178.945183,206438.630956,61.020439,205448.501513,98.795623,638.019174,-20.824016,635.642755,-140.956309,635.877938,59.943086,0.001117,1,0
22.000000,-59.122460,206245.260536,-179.045172,204945.213027,60.782356,205597.109246,98.837495,635.444198,-21.020346,632.428823,-140.952947,636.642481,59.954417,-0.008341,1,0
22.033000,-58.840748,204734.462070,-179.067915,205338.548836,60.948636,204670.675609,99.017581,637.315505,-21.036866,639.710888,-140.865596,639.847561,59.938404,0.003684,1,0
22.067000,-58.935854,206434.486833,-179.107352,204907.376442,60.957222,206423.746567,99.059958,640.853923,-21.071442,639.423388,-140.901795,637.543875,59.943308,-0.002467,1,0
22.100000,-58.992435,204707.033370,-179.016548,205710.114491,60.973191,204940.482009,98.946846,635.639691,-20.858641,634.840228,-141.484069,642.286574,59.942079,-0.002270,1,0
22.133000,-59.254114,205924.391358,-179.015012,205509.016592,60.792211,206462.542698,98.969475,638.091590,-20.984302,638.521028,-141.430209,639.741755,59.938384,-0.004168,1,0
22.167000,-59.152480,205954.713916,-179.043601,206113.426225,60.929141,207481.463706,98.688031,636.458222,-20.840140,636.002610,-140.946059,638.205263,59.936858,-0.009187,1,0
22.200000,-59.053626,205297.993070,-178.892236,205264.137617,60.910930,204649.649706,98.524830,644.518110,-20.801593,634.858151,-140.938173,640.020658,59.942586,0.018104,1,0
22.233000,-59.162188,205690.055285,-179.277168,205543.970473,60.889944,204102.862737,98.711472,638.496969,-21.459218,629.662055,-141.056611,641.426717,59.942663,-0.000643,1,0
22.267000,-58.961545,206747.502734,-178.880571,204834.006955,60.991590,206266.865846,99.226610,634.873498,-20.783625,642.719875,-140.907347,635.807939,59.939389,-0.000303,1,0
22.300000,-59.107460,205042.375249,-178.992812,206996.685944,61.007039,205309.865663,98.727235,632.726675,-21.044235,628.813662,-141.079071,632.145280,59.944132,-0.003338,1,0
22.333000,-59.088800,205226.871128,-179.110195,205974.331682,61.080234,205129.071470,99.098186,636.563197,-20.911930,637.687251,-141.118785,635.882491,59.936677,0.006866,1,0
22.367000,-58.926075,204583.564377,-178.975148,207129.599222,61.025769,203513.550952,98.894008,635.363465,-21.151856,641.283516,-140.967424,638.931174,59.945993,0.007429,1,0
22.400000,-59.138007,205423.218362,-178.937305,207033.497430,61.094437,204486.255970,98.785410,639.008225,-21.013567,644.681416,-141.235243,638.929442,59.941527,-0.001446,1,0
22.433000,-59.146468,205195.727409,-178.793606,204994.712992,60.932999,206221.459228,98.783921,644.406525,-21.080917,640.877942,-141.231384,649.460715,59.930792,-0.001997,1,0
22.467000,-58.858369,206255.948406,-178.841280,204692.818389,61.157738,203973.762962,99.195273,634.688154,-20.885366,637.922613,-140.885629,637.337677,59.934220,-0.009970,1,0
22.500000,-59.145051,204325.030660,-179.121029,204534.016485,60.816348,203600.206239,98.802833,641.794132,-21.221872,636.530798,-140.886003,644.949617,59.937932,0.002441,1,0
22.533000,-59.008287,205931.741730,-178.886485,207022.530861,61.041412,206150.673295,98.883697,636.961136,-21.015136,635.826694,-140.954030,636.686897,59.934231,-0.010743,1,0
22.567000,-58.959983,206286.300418,-178.929683,206314.843263,60.994554,205412.408596,98.887277,634.696158,-20.847774,632.638070,-141.201911,633.357892,59.949568,0.005733,1,0
22.600000,-59.115328,206480.903642,-179.034397,204758.521146,60.936171,206225.261208,98.746173,640.286414,-21.059792,647.423462,-140.907056,639.183162,59.934549,0.001948,1,0
22.633000,-59.027432,206334.943598,-178.889516,206013.530739,60.992609,205803.843296,99.198543,637.033868,-20.931733,642.344670,-141.132739,638.042805,59.940804,-0.002093,1,0
22.667000,-59.087132,206253.260831,-179.107990,204293.018654,60.866863,206721.854519,99.099237,637.754400,-21.058818,644.186408,-141.082954,643.087817,59.941879,0.006891,1,0
22.700000,-58.966790,206988.197115,-178.919337,204456.373973,60.811490,204618.929747,98.960811,636.417912,-21.014930,643.856549,-141.310629,635.481196,59.935688,-0.002250,1,0
22.733000,-58.928254,206389.756808,-179.051294,207609.103887,61.173922,206598.571136,99.078197,642.356937,-21.004145,638.120561,-140.913579,644.202621,59.941132,0.005124,1,0
22.767000,-59.227257,206495.869626,-179.035712,206750.384244,61.036605,206405.994335,98.830489,641.147024,-21.140810,642.972802,-141.157933,643.274302,59.940263,-0.006385,1,0
22.800000,-59.010144,207142.241210,-179.002326,204944.453852,61.059535,206216.355382,98.949246,637.407848,-21.124215,640.928344,-141.163160,639.388493,59.935436,0.006317,1,0
22.833000,-59.235491,205664.351808,-179.023101,205180.431241,60.996143,205605.841959,98.531951,635.011084,-21.088923,642.802692,-140.988818,638.824786,59.935891,-0.000431,1,0
22.867000,-59.013230,205963.819739,-179.023145,206250.991976,60.848640,206864.274411,99.027959,635.269142,-20.782079,640.475949,-141.346724,639.322729,59.937018,-0.002175,1,0
22.900000,-58.923084,206241.545175,-178.972100,206017.724313,61.104042,204754.163413,98.805542,639.443918,-21.051266,636.958625,-140.736459,643.675423,59.932668,-0.004936,1,0
22.933000,-58.972417,203425.231988,-179.032680,206465.454465,60.970644,206438.456218,98.756982,644.334047,-21.128750,639.778875,-141.061273,634.043920,59.932123,0.008099,1,0
22.967000,-59.063434,206198.913774,-178.975752,204992.842082,61.166125,206226.328072,98.647614,638.978494,-20.943152,639.385636,-140.754612,639.146445,59.923984,0.007184,1,0
23.000000,-58.818750,204878.957438,-178.961641,207060.169064,60.948727,205720.104856,99.148267,642.162370,-21.069627,639.804022,-140.990060,645.035784,59.933228,-0.008172,1,0
23.033000,-59.058273,206855.609204,-179.102455,205410.268109,60.999005,205521.951228,98.827010,634.596382,-21.123363,641.079393,-140.933715,641.924256,59.940702,-0.003050,1,0
23.067000,-59.118211,207326.974433,-178.876135,206393.138499,61.202995,205758.914932,98.623350,643.472209,-20.634767,638.486153,-140.835726,639.118650,59.933173,0.007644,1,0
23.100000,-58.975463,206286.820584,-178.891871,205891.301515,60.868204,206594.057334,99.123786,639.680295,-21.026738,643.785167,-140.941056,643.375782,59.928130,-0.006763,1,0
23.133000,-58.867722,207143.084790,-178.851987,204734.650933,61.024164,206513.153157,99.038208,643.454761,-20.515701,635.789362,-140.967936,638.756171,59.937218,-0.002922,1,0
23.167000,-59.029392,207200.085898,-179.076768,205968.149166,60.973842,205986.578970,99.113906,636.096517,-21.151196,642.287698,-140.846056,641.138930,59.945201,0.006517,1,0
23.200000,-59.104491,207012.278329,-179.035791,205525.766005,61.030754,205162.134245,99.174795,641.227591,-20.968564,642.629970,-140.924766,646.258925,59.933430,-0.001448,1,0
23.233000,-59.041039,205396.818425,-178.868812,205198.505243,61.097125,206996.861402,98.749912,634.313427,-21.126724,637.108650,-140.966417,639.984028,59.938993,-0.002513,1,0
23.267000,-58.798206,205704.486034,-178.984048,205809.083462,61.061405,204866.525477,99.274653,635.844036,-21.191652,638.166407,-140.801070,639.801175,59.930817,0.005229,1,0
23.300000,-58.854522,206529.378296,-178.967458,206911.091639,61.127220,207425.374628,99.247151,636.840031,-20.548505,641.307256,-140.833597,640.535842,59.929482,-0.004203,1,0
23.333000,-59.075854,205610.176169,-178.890920,207526.678937,61.096272,205468.408354,98.902703,635.352055,-20.690815,646.398834,-140.538986,632.040184,59.934029,0.000014,1,0
23.367000,-58.877398,206943.629465,-178.926449,206764.638034,60.964125,207806.952351,99.027197,643.741794,-20.871089,640.156753,-141.108646,633.657789,59.942604,-0.001783,1,0
23.400000,-58.801182,206128.278069,-178.860568,206390.753205,61.189673,206746.413388,99.330963,635.271738,-20.996277,639.242832,-141.021635,638.710763,59.938168,0.001775,1,0
23.433000,-58.797448,206755.815799,-178.856404,206964.070649,61.088079,204429.931474,99.084504,635.914015,-20.872242,638.019452,-140.933645,637.944436,59.942451,-0.010609,1,0
23.467000,-59.053284,205791.008343,-179.153955,206216.654050,60.957811,205399.961578,98.825983,643.892502,-21.306868,635.808447,-140.994592,638.711362,59.941478,0.003904,1,0
23.500000,-58.968116,206419.589785,-179.053481,206847.038778,61.059437,206388.819109,98.763782,639.093042,-21.175784,636.095863,-140.959281,642.611555,59.943586,0.012442,1,0
23.533000,-58.945312,206415.378568,-178.856052,205992.421646,60.976516,205522.997182,99.419832,641.165765,-21.195982,635.264738,-141.277569,638.820617,59.938181,-0.007737,1,0
23.567000,-59.051857,206845.825666,-178.999260,205799.904976,61.087034,207863.462350,98.696468,635.411436,-21.100172,636.524202,-140.840188,636.406236,59.948971,-0.008584,1,0
23.600000,-58.924218,207944.189272,-178.929035,205833.397240,61.043785,204507.302814,99.062102,637.757445,-21.095506,631.460796,-141.001396,634.306195,59.955677,0.009940,1,0
23.633000,-59.026593,206150.324706,-179.200884,204194.687504,60.961666,207132.681702,98.544254,643.735902,-21.363723,643.301579,-141.143990,640.042415,59.948851,0.007588,1,0
23.667000,-58.896092,205580.687284,-178.994890,206100.679977,61.030530,206338.755761,99.132129,643.245399,-21.431762,631.890865,-141.154315,643.995431,59.945747,-0.003012,1,0
23.700000,-59.125625,207278.276649,-179.007966,207677.486486,61.013684,205995.727361,98.914122,638.946595,-20.802964,641.662746,-141.170775,642.034953,59.953578,-0.001387,1,0
23.733000,-59.281513,206881.642447,-179.052221,207060.002682,61.020955,207543.682063,98.516904,643.041691,-21.240820,633.293863,-140.603530,643.327394,59.955212,0.003261,1,0
23.767000,-59.098246,208814.769159,-179.162925,205492.215730,61.046164,207659.319891,98.604284,639.810657,-20.853422,636.570780,-140.962934,632.817970,59.951442,-0.003202,1,0
23.800000,-58.993726,205762.311581,-178.925011,205446.554119,60.870607,205835.430187,98.992600,637.883592,-20.648615,637.673494,-140.958640,643.774927,59.949307,-0.006521,1,0
23.833000,-58.973733,206521.424122,-179.050011,207835.703674,60.826498,205079.605368,98.823835,640.429632,-21.141817,633.072275,-141.362677,639.968818,59.948320,-0.007789,1,0
23.867000,-59.008689,207191.242795,-178.995343,207744.072009,60.830770,207200.307582,98.800061,637.063370,-21.248452,636.821604,-141.327525,641.259216,59.952318,-0.000977,1,0
23.900000,-59.063410,206424.627689,-179.121883,208072.563556,60.953913,206908.178944,98.590518,636.893477,-20.854338,637.971388,-140.814494,644.107164,59.946963,0.012530,1,0
23.933000,-58.915818,205431.383808,-179.074317,205362.219961,61.067714,205897.732326,99.039523,638.123691,-21.107053,638.957422,-140.902448,636.847918,59.960521,0.005255,1,0
23.967000,-59.103040,206331.229209,-178.935781,205841.428960,60.956251,206418.717061,98.891720,637.527119,-20.862860,631.321381,-141.072428,633.252271,59.951990,-0.008820,1,0
24.000000,-58.957953,206129.010923,-179.203682,206545.453719,60.944405,208138.098951,99.163235,630.686447,-20.990611,634.781631,-140.845722,630.325561,59.946631,-0.015129,1,0
24.033000,-58.934954,205612.952351,-179.193323,207159.519246,60.862729,205277.234951,99.098928,640.211482,-21.000104,634.691727,-140.865956,640.620050,59.949929,-0.002352,1,0
24.067000,-59.166180,207026.982099,-179.185967,206888.401814,61.046662,207352.595209,98.549988,642.303550,-21.228505,639.495774,-141.244948,634.199262,59.945722,-0.000448,1,0
24.100000,-59.208405,207469.530922,-179.036376,207130.255307,60.966818,206854.700521,98.920466,634.474580,-21.179119,640.829219,-141.288733,636.230675,59.956732,0.004767,1,0
24.133000,-59.089054,206488.256657,-179.105382,206552.747717,60.751695,205876.966532,98.835848,634.407054,-21.043305,634.208596,-141.160423,634.104055,59.956505,0.014469,1,0
24.167000,-59.048279,205119.815441,-179.319418,206356.685762,60.555627,204928.523475,99.030362,631.246977,-21.333774,632.417766,-141.623955,629.165475,59.945809,0.010523,1,0
24.200000,-59.337917,206162.175204,-178.993499,203923.658981,60.889201,205103.471855,98.720065,635.141853,-21.139587,637.964427,-140.806741,636.964099,59.948744,-0.001416,1,0
24.233000,-59.247318,207112.661403,-179.017058,206865.773920,60.963007,205858.986361,98.598800,640.980208,-21.318767,631.886130,-140.952656,633.239163,59.947137,-0.014747,1,0
24.267000,-59.171980,206847.793181,-179.015109,204623.800346,60.928507,207504.551491,98.977350,636.660533,-20.893481,628.879674,-141.260970,635.541519,59.947383,0.002297,1,0
24.300000,-59.137056,204869.775657,-179.247370,206266.508382,60.836558,206066.259238,98.803082,636.958179,-21.381249,639.541915,-141.177969,635.824950,59.946173,-0.002886,1,0
24.333000,-59.206329,205764.105631,-178.929151,206737.937806,60.841143,206994.823648,98.615047,635.419862,-21.021391,638.317212,-141.335205,631.530279,59.943239,0.004104,1,0
24.367000,-59.186462,207005.614962,-179.015472,206613.274489,60.949679,207766.584752,98.836163,634.310555,-20.899242,637.007093,-141.143897,637.442738,59.939655,0.007545,1,0
24.400000,-59.104993,205806.635638,-178.899357,206241.567677,60.795672,205256.145500,99.013096,633.003845,-20.763701,639.792296,-141.188999,637.685894,59.943284,-0.000001,1,0
24.433000,-58.932816,206486.293393,-178.963204,205075.456073,60.886050,207754.323338,98.968679,636.282621,-21.073868,634.016695,-141.192537,631.107602,59.942257,0.004428,1,0
24.467000,-59.125568,204722.155049,-179.145179,205969.178297,60.973049,204681.142839,98.696557,639.259918,-21.285581,631.118700,-141.004372,639.090478,59.937200,-0.000485,1,0
24.500000,-59.068891,205808.402135,-179.133231,207426.843770,60.972704,205398.704602,99.006533,632.688911,-21.162675,641.885321,-141.340714,631.605398,59.941558,0.008542,1,0
24.533000,-59.036696,206079.724854,-178.987822,205021.985122,60.875833,205551.232323,98.886309,639.878924,-20.870111,637.991963,-140.959667,639.818146,59.942268,-0.001855,1,0
24.567000,-59.068596,204899.530490,-178.993075,206998.653726,60.707167,205528.286102,98.985490,634.031159,-20.984985,639.215775,-141.804231,630.945455,59.937016,0.005389,1,0
24.600000,-59.167985,206515.732027,-179.118904,206597.715117,61.053537,205532.463549,98.989942,631.218279,-21.078735,640.195140,-141.294362,633.415530,59.940824,0.000359,1,0
24.633000,-58.983311,205312.259361,-179.303637,205189.708203,60.680404,205395.058844,99.352153,637.222779,-21.699141,635.035419,-141.329787,635.955876,59.936584,0.000943,1,0
24.667000,-59.035497,205911.463291,-179.043583,205002.942388,60.949888,203710.758724,98.955837,635.573875,-21.412486,632.796900,-140.915433,640.471126,59.940090,0.016924,1,0
24.700000,-59.196082,205978.787303,-178.954908,203766.525783,60.842039,205026.167155,98.961882,638.154975,-20.911504,636.838251,-141.124774,642.254199,59.939857,0.012851,1,0
24.733000,-59.068276,205107.365519,-179.079677,204972.092617,61.038827,206202.777480,98.791634,636.028987,-21.170711,629.767660,-141.004846,637.147928,59.932428,0.009827,1,0
24.767000,-58.934926,205134.519798,-179.026976,204576.985040,60.738247,204978.123710,98.946481,641.405329,-20.937706,640.708941,-141.366605,633.852318,59.932517,-0.003397,1,0
24.800000,-58.830332,205495.914819,-179.135433,205051.932499,60.969327,205284.139214,99.369734,637.271040,-20.905546,639.256511,-141.113053,639.184534,59.932828,-0.008852,1,0
24.833000,-59.104540,205517.905619,-178.895304,205102.712207,60.890749,205800.795562,98.721433,636.717121,-21.023820,643.055970,-141.031096,639.577440,59.932508,0.008734,1,0
24.867000,-59.000161,204891.326339,-179.143744,205096.268620,60.756298,206040.116228,98.902995,637.691677,-21.290155,636.705399,-141.271928,637.371864,59.942727,-0.004229,1,0
24.900000,-59.119462,204437.891937,-179.092973,204472.319683,61.002837,205849.377971,99.059502,639.756410,-21.100236,640.522156,-140.837256,641.896531,59.938069,0.016570,1,0
24.933000,-59.005094,205505.248828,-179.192079,203386.175316,60.920936,206215.800413,98.988773,639.952599,-20.791398,645.985662,-141.333238,642.932265,59.934665,-0.015975,1,0
24.967000,-59.116181,205352.435002,-179.127142,205304.608926,60.724270,204033.447279,98.807482,642.752144,-20.851576,643.660909,-141.693484,644.451112,59.942918,-0.001917,1,0
25.000000,-59.106936,204272.534030,-179.051731,204400.783026,61.005796,205434.469215,98.943708,645.033833,-21.062596,639.826549,-140.923092,647.731345,59.942404,0.000474,1,0
25.033000,-59.068334,205729.595644,-179.159784,205864.906764,61.112259,205591.528416,98.738406,644.457560,-21.091578,643.950317,-140.969625,640.869081,59.941980,-0.007850,1,0
25.067000,-59.242001,205500.658712,-179.017260,206314.835778,60.769838,205325.209304,98.519948,645.645037,-21.207122,639.844803,-141.184806,649.019645,59.944039,-0.001021,1,0
25.100000,-59.234117,205108.877931,-179.080430,204588.514633,60.954908,203826.941075,98.733314,651.149164,-20.905670,650.589058,-141.397394,640.503355,59.941120,-0.010354,1,0
25.133000,-59.176478,204610.645028,-179.266545,204141.884217,60.792287,205403.200608,98.844524,643.823521,-21.302068,644.605823,-141.380801,641.695104,59.939129,-0.002483,1,0
25.167000,-59.147749,205242.923146,-178.996985,203108.663767,60.888566,205391.553108,98.591335,635.262128,-21.076212,635.469491,-141.247104,639.144057,59.944317,0.004093,1,0
25.200000,-59.138752,205000.304332,-179.194368,203268.762378,60.843617,205378.229575,98.880384,637.380621,-21.024870,638.964126,-141.211195,641.642807,59.943100,0.006144,1,0
25.233000,-59.310296,204967.627134,-179.050367,205727.454671,60.946968,204505.305746,98.623567,637.612817,-21.084266,645.048576,-140.859311,650.086446,59.947663,-0.001673,1,0
25.267000,-59.259764,203613.989623,-179.314618,204279.523393,60.956034,205191.051452,98.641352,635.731241,-21.099028,642.211097,-141.187748,639.115834,59.942054,0.011680,1,0
25.300000,-59.258667,204381.559549,-179.180650,203892.968317,60.974545,205652.512438,98.560443,645.182956,-21.284309,640.708695,-141.112977,637.067854,59.946088,0.010373,1,0
25.333000,-59.167450,204770.060013,-179.217323,204709.156338,60.776143,205775.749128,98.768807,634.772864,-21.213893,640.617094,-141.170223,643.574700,59.943732,-0.005933,1,0
25.367000,-59.394510,204755.192950,-179.417221,203289.188458,60.564838,205394.529834,98.549413,642.811911,-21.519296,639.266675,-141.214115,651.672567,59.942565,-0.006296,1,0
25.400000,-59.246492,204510.411667,-179.303406,203705.867696,60.965590,204999.395206,98.703333,639.344234,-21.533234,645.306060,-141.196995,647.140930,59.951868,0.000936,1,0
25.433000,-59.246938,206083.625803,-179.095061,204105.156118,60.872606,205655.731974,98.742883,642.083093,-20.730341,641.653907,-141.214409,647.347335,59.947138,0.002126,1,0
25.467000,-59.269943,206442.448870,-179.121858,204876.534249,60.615769,206493.294719,98.498991,644.927673,-21.150235,639.400559,-141.439675,641.204676,59.949406,-0.006056,1,0
25.500000,-59.147740,205535.684071,-179.310086,205086.914325,60.641500,204369.875882,98.563264,646.290829,-21.524756,638.129118,-141.598233,641.046340,59.949305,0.005701,1,0
25.533000,-59.045951,206005.602946,-179.015862,205521.305137,60.884506,206684.222039,98.618241,648.708626,-20.918213,646.684403,-141.147832,641.614339,59.950828,-0.012315,1,0
25.567000,-59.219540,206522.942209,-179.409936,205160.473082,60.837173,205608.963616,98.517560,640.290468,-21.105096,639.784022,-141.300123,641.628906,59.956218,-0.009802,1,0
25.600000,-59.139372,206827.526407,-179.252389,205249.717820,60.916993,206962.415128,98.923958,641.246004,-21.359742,637.404705,-141.164233,642.171795,59.947678,0.000140,1,0
25.633000,-59.009206,206434.179315,-179.197421,204501.290638,60.719515,204374.419340,98.980521,633.206414,-21.331471,640.362274,-141.250001,633.607524,59.948142,0.002596,1,0
25.667000,-59.090797,203804.973565,-179.011226,206760.346778,60.989919,205299.088642,99.100159,629.449439,-20.980604,637.852640,-140.991277,638.097731,59.960767,-0.002293,1,0
25.700000,-59.100507,205347.472318,-179.273243,205540.903048,60.693585,204268.367755,99.187289,639.861986,-21.009674,637.213848,-141.518400,639.004645,59.959715,0.001005,1,0
25.733000,-59.325803,204636.977513,-179.269016,204836.880314,60.702699,207526.927400,98.567916,632.296562,-21.450264,641.242044,-141.255296,636.349739,59.957946,0.012541,1,0
25.767000,-59.195236,205593.604252,-179.194081,204997.144595,60.722369,205402.926735,98.690560,634.300296,-21.492317,636.572685,-141.197430,633.256821,59.954253,0.006899,1,0
25.800000,-59.317893,205013.520116,-179.137292,204930.205165,60.853445,204925.656575,98.816848,637.362751,-21.262652,633.967678,-141.176945,629.595535,59.951097,-0.001802,1,0
25.833000,-59.120560,205751.840747,-179.174272,204403.112441,60.893419,205222.353435,98.733313,638.997346,-21.332195,644.014915,-140.864185,640.468372,59.951626,-0.005715,1,0
25.867000,-59.258320,204947.029091,-179.255721,204890.834322,60.809870,205007.343293,98.496399,646.326922,-21.493209,630.516296,-141.249152,632.278523,59.951467,-0.002944,1,0
25.900000,-58.994973,205503.464662,-179.333851,205505.313936,60.669238,204921.535718,98.969938,640.075751,-21.524729,636.805318,-141.339749,641.418734,59.957101,0.001608,1,0
25.933000,-59.059774,204973.452013,-179.082369,205576.975185,60.786373,204810.974493,98.819475,634.523932,-20.797340,638.961777,-140.933428,640.797737,59.955905,-0.005062,1,0
25.967000,-59.332037,203361.458519,-179.231754,204255.729007,60.899367,205415.986661,98.476804,641.172617,-21.128811,632.205239,-141.147387,640.980641,59.953481,0.001992,1,0
26.000000,-59.327600,205831.548626,-179.234219,204602.542800,60.717577,206460.105821,98.960020,642.175464,-20.860832,632.620148,-140.993953,638.003908,59.955596,-0.004008,1,0
26.033000,-59.142884,205476.297527,-179.309766,205771.958477,60.738345,204032.503739,98.891555,641.357552,-21.388011,627.232419,-141.243026,630.583863,59.958002,0.015570,1,0
26.067000,-59.295025,205486.407067,-179.398042,205573.385578,60.714351,207754.379023,98.701243,642.019940,-21.560064,635.740893,-141.475005,639.102730,59.959169,-0.004368,1,0
26.100000,-59.439457,205536.475682,-179.293615,203958.388579,60.575760,204293.622298,98.568779,643.503013,-21.468105,641.438753,-141.217056,638.698238,59.951763,-0.004334,1,0
26.133000,-59.406711,204180.984089,-179.331560,205061.065657,60.641769,204109.673186,98.572927,649.515247,-21.453707,636.976627,-141.450381,643.996607,59.959679,-0.012791,1,0
26.167000,-59.303313,204750.937415,-179.181539,204082.395745,60.815972,204760.678941,98.695494,643.605853,-21.397463,645.988970,-141.310675,638.305087,59.954749,-0.003103,1,0
26.200000,-59.198043,203539.099040,-179.177300,205483.932285,60.620492,204931.818976,99.163392,645.504768,-21.339678,640.541547,-141.384991,635.198669,59.950904,0.000591,1,0
26.233000,-59.370463,205549.961647,-179.253626,204968.208983,60.928753,204696.337752,98.474023,637.981836,-21.405439,646.859001,-140.667889,638.547135,59.951997,-0.009277,1,0
26.267000,-59.283481,203154.532102,-179.399816,207479.476442,60.839778,203288.978085,98.821284,638.463715,-21.411842,640.773476,-141.046347,644.752962,59.946723,0.003114,1,0
26.300000,-59.616301,205473.527322,-179.530905,206879.520352,60.605120,206453.007166,98.171392,643.185154,-21.513306,639.846113,-141.374355,637.570489,59.948981,-0.004288,1,0
26.333000,-59.372627,204668.344268,-179.254146,205676.166454,60.674884,204814.009116,98.692114,642.084121,-21.368359,641.677390,-141.382245,643.849656,59.950217,0.009755,1,0
26.367000,-59.253976,204589.830401,-179.289364,205248.592021,60.891883,204776.287494,98.870901,635.104171,-21.208907,638.349236,-141.276907,643.816081,59.952778,-0.017046,1,0
26.400000,-59.244418,204434.020030,-179.240232,204310.049857,60.712267,204657.791656,98.741297,638.650881,-21.463513,641.171993,-141.123817,635.135177,59.948462,0.018376,1,0
26.433000,-59.428203,204325.855412,-179.239604,205254.944792,60.593815,204476.285647,98.616344,641.800638,-21.196531,637.746384,-141.382728,638.107799,59.951188,0.008746,1,0
26.467000,-59.213010,206934.931911,-179.217833,205997.032236,60.872039,204134.666479,98.549730,636.245521,-21.350173,636.761784,-141.168649,638.461286,59.943599,0.008804,1,0
26.500000,-59.245930,205416.175371,-179.331918,202550.563684,60.870176,206288.985027,98.800500,639.516467,-21.453264,645.166807,-141.233178,636.981171,59.946986,0.001915,1,0
26.533000,-59.062079,204274.492400,-179.177374,206131.137528,60.950663,202563.486017,98.720442,637.760280,-21.223967,637.758870,-140.885795,636.262302,59.946788,-0.003411,1,0
26.567000,-59.344846,205278.935963,-179.168203,205031.357697,60.680081,205550.408708,98.299867,635.225724,-21.390762,640.900156,-141.535482,632.050629,59.940513,-0.016290,1,0
26.600000,-59.129569,204926.490396,-179.187445,203059.624283,60.942368,203571.318608,98.863241,639.023790,-21.326858,634.262614,-141.083368,635.538830,59.944696,-0.001576,1,0
26.633000,-59.087045,203353.501959,-179.244760,204667.146769,60.866242,204424.759670,98.807413,631.321739,-21.156495,637.059953,-141.529458,639.982308,59.942369,-0.006494,1,0
26.667000,-59.277149,206338.673881,-179.255703,204452.466502,60.636800,206272.873471,98.631276,636.595074,-21.424784,636.172723,-141.322740,635.657174,59.947047,0.013289,1,0
26.700000,-59.415640,204621.981037,-179.139360,205313.716839,60.923610,204509.690675,98.778897,640.262186,-21.192500,636.825293,-141.111551,638.378130,59.941864,-0.001276,1,0
26.733000,-59.133604,205471.836052,-179.331853,204510.174313,60.693372,205616.062200,98.862763,638.794250,-21.238605,635.267458,-141.029132,637.147833,59.955295,-0.006499,1,0
26.767000,-59.257931,204863.262816,-179.067033,204406.159751,60.689564,205522.988746,98.822374,648.225004,-20.972579,643.160165,-141.344924,636.524392,59.941353,0.000618,1,0
26.800000,-59.328725,203755.984949,-179.112027,203418.820301,60.584819,204463.264385,98.668274,634.508189,-21.356427,642.476907,-141.539769,636.091222,59.946983,0.006844,1,0
26.833000,-59.319696,204096.776634,-179.401704,205469.632754,60.686064,203513.048066,98.475178,639.875158,-21.429306,638.129521,-141.608349,641.324276,59.941489,-0.001308,1,0
26.867000,-59.532091,203772.973462,-179.375367,205580.317394,60.579170,206756.860479,98.589280,642.254557,-21.385977,645.610308,-141.350726,639.095322,59.938792,0.009028,1,0
26.900000,-59.203889,202945.425002,-179.586606,205696.875608,60.435746,203037.009153,98.818807,639.465588,-21.709901,641.820820,-141.713375,642.883307,59.950000,0.006017,1,0
26.933000,-59.335821,204312.457849,-179.502216,205597.454644,60.810561,205011.653414,98.626760,631.901979,-21.518177,640.732606,-141.401634,633.368862,59.942394,0.005097,1,0
26.967000,-59.405251,205025.745483,-179.293581,204506.029861,60.712351,204495.452099,98.290550,644.234841,-21.333802,640.896605,-141.412833,639.168296,59.946635,0.000791,1,0
27.000000,-59.303155,205789.439918,-179.334665,204876.679633,60.591828,203766.506595,98.749687,635.728815,-21.429210,639.923579,-141.207313,636.570358,59.939006,0.003252,1,0
27.033000,-59.243755,204239.860649,-179.318126,204548.706053,60.561287,204553.449821,98.975060,638.482883,-21.473503,642.882408,-141.374853,640.813543,59.939054,-0.003643,1,0
27.067000,-59.230630,204143.980183,-179.194171,204180.696178,60.589311,205109.769621,98.640903,642.034108,-20.938874,641.900447,-141.430589,641.780690,59.940041,0.001747,1,0
27.100000,-59.039647,204037.748354,-179.188736,204179.024188,60.825961,204369.455446,98.891704,640.397005,-21.496846,642.317275,-141.170521,643.214225,59.941948,0.012451,1,0
27.133000,-59.501958,204519.299567,-179.406719,203888.029825,60.693047,204330.639096,98.444342,634.990920,-21.099208,639.342537,-141.300363,632.096128,59.940254,-0.000853,1,0
27.167000,-59.296798,206034.641232,-179.453450,203749.131580,60.707563,204181.425890,98.566226,646.331903,-21.205229,637.501477,-141.201635,640.385755,59.935779,0.002265,1,0
27.200000,-59.423348,204750.376919,-179.289559,204698.815716,60.671597,204529.881810,98.525806,633.569569,-21.360694,643.167062,-141.355344,639.259102,59.934115,-0.011057,1,0
27.233000,-59.335494,203415.064528,-179.209173,203886.925059,60.648963,202567.746600,98.251322,647.950962,-21.215599,629.974774,-141.109312,638.294557,59.920545,-0.005612,1,0
27.267000,-59.249373,205733.721424,-179.433914,203969.494959,60.675005,203834.426793,98.818126,640.084135,-21.472311,640.955805,-141.197148,649.646336,59.933008,0.012275,1,0
27.300000,-59.361407,203712.848005,-179.412923,206346.858232,60.630680,204076.487643,98.403111,644.502038,-21.273928,643.890906,-141.444670,639.905999,59.941295,-0.000222,1,0
27.333000,-59.212608,205287.646067,-179.362914,204694.002022,60.671166,203677.031542,98.582009,644.621590,-21.559765,646.829880,-141.350222,649.221617,59.928146,-0.002981,1,0
27.367000,-59.407533,205360.405133,-179.282951,205666.482984,60.730960,204805.097260,98.708552,647.795123,-21.200931,646.634020,-141.223054,646.325748,59.935298,-0.001693,1,0
27.400000,-59.241506,205110.336959,-179.242534,203958.932921,60.697373,204973.583475,98.810094,641.513484,-21.193360,645.259480,-141.311362,645.766372,59.939414,0.005039,1,0
27.433000,-59.329458,205073.350714,-179.310362,204347.651064,60.816178,206294.577086,98.842741,646.280800,-21.383094,641.303147,-141.243189,646.770023,59.941935,-0.003156,1,0
27.467000,-59.272023,205326.275821,-179.274877,204164.744992,60.692975,206148.677288,98.759765,646.302313,-21.461864,640.506884,-140.990922,643.045691,59.928068,-0.011509,1,0
27.500000,-59.430507,204708.131113,-179.090354,204070.722245,60.612689,205598.281514,98.576840,641.314197,-21.493295,644.904973,-141.542153,647.176629,59.942078,-0.007069,1,0
27.533000,-59.155533,205943.634425,-179.439617,205318.760377,60.859537,204121.529256,99.057805,642.977273,-21.679065,640.351685,-141.367437,647.526141,59.938449,0.001972,1,0
27.567000,-59.175510,206065.284397,-179.219482,203046.170038,60.699346,205894.307883,98.775920,637.831916,-21.338850,646.647107,-140.989293,641.893795,59.946611,-0.007390,1,0
27.600000,-59.158597,206279.061599,-179.091667,205569.085468,60.585302,207209.698931,98.989876,639.045922,-21.182151,632.300706,-141.484711,641.980080,59.943168,0.003312,1,0
27.633000,-59.350712,206303.377723,-179.355079,205993.661258,60.580732,205403.706203,98.320460,645.894247,-21.517479,636.631440,-141.242287,640.797646,59.948365,-0.002165,1,0
27.667000,-59.172644,206855.197030,-179.273059,206515.267014,60.709657,207267.321791,98.951669,638.410798,-21.167809,636.909102,-141.209475,637.122724,59.946100,0.006027,1,0
27.700000,-59.406066,205556.340798,-179.294006,204584.421956,60.807467,203907.843518,98.569699,639.062013,-21.472088,641.252647,-141.107864,634.885872,59.938209,-0.003098,1,0
27.733000,-59.286428,206512.686132,-179.413985,205858.936532,60.916687,205888.295645,98.920242,639.005633,-21.630298,638.066824,-140.772364,640.941937,59.949369,-0.001262,1,0
27.767000,-59.114339,205296.251445,-179.210829,204576.580834,60.815814,206754.647366,98.630803,633.430930,-21.227080,644.634133,-141.063937,638.630754,59.948540,0.009370,1,0
27.800000,-59.340527,206814.062382,-179.146309,204937.649550,60.654789,205340.789210,98.396073,633.641887,-20.951813,631.018096,-141.318126,631.657088,59.949116,-0.007416,1,0
27.833000,-59.260812,207082.271304,-179.149197,204828.636112,60.871948,204937.726683,98.763535,634.189179,-20.857716,638.911359,-141.157695,630.560358,59.951322,-0.004668,1,0
27.867000,-59.363570,206153.018279,-179.228917,204739.774346,60.732374,204918.784514,98.931183,636.968856,-21.449783,636.242162,-141.533966,638.632181,59.946488,-0.006315,1,0
27.900000,-59.171897,202678.686641,-179.163045,205359.052482,60.743294,204314.072806,98.737438,632.626836,-21.094942,633.895915,-141.170177,632.081714,59.941133,-0.009355,1,0
27.933000,-59.065844,203350.387814,-179.358109,204583.086963,60.802905,205327.018109,99.007358,628.794019,-21.715232,632.545307,-141.516045,638.318085,59.949836,0.000996,1,0
27.967000,-59.387498,205281.421549,-179.237069,206208.944773,60.810323,204729.413613,98.580779,635.242271,-21.080322,637.932278,-141.375160,630.735072,59.944289,-0.000901,1,0
28.000000,-59.348572,205384.717719,-179.183226,206305.354012,60.882467,205249.778298,98.692010,631.016492,-21.363916,630.582547,-141.368320,633.311162,59.948754,-0.008813,1,0
28.033000,-59.228219,204532.517425,-179.264699,207344.556912,60.703337,206290.450220,99.022547,636.141427,-21.261049,632.019800,-141.162585,637.850601,59.940462,0.006768,1,0
28.067000,-59.345821,204054.870263,-179.399640,203537.848641,60.727943,203085.604775,98.421840,637.326775,-21.611946,635.966943,-141.203601,628.567639,59.943584,-0.010169,1,0
28.100000,-59.266285,206638.129917,-179.275489,204977.758981,60.688128,205981.497460,98.590199,626.549180,-21.505171,633.352346,-141.375258,628.105091,59.949967,-0.004581,1,0
28.133000,-59.092714,206915.724766,-179.277084,205494.265697,60.864755,203952.533652,99.106989,627.579128,-21.213959,634.151114,-140.876576,630.435209,59.943260,-0.005123,1,0
28.167000,-59.233596,204393.282768,-179.158434,204640.688929,60.842173,205177.579635,98.422330,632.779621,-21.043301,634.966528,-141.055891,628.765584,59.938363,-0.004215,1,0
28.200000,-59.274587,204646.593962,-179.206875,205478.640830,60.806641,205046.125791,98.840887,626.327936,-20.688812,631.384032,-141.344408,627.042904,59.936275,0.003493,1,0
28.233000,-59.272683,205638.438440,-179.118600,204794.532592,60.767010,206318.514692,98.630025,632.899800,-21.139455,633.258189,-141.188498,635.604710,59.943670,0.005141,1,0
28.267000,-59.234556,204792.856600,-179.092824,205727.607510,60.854328,205099.822103,98.946518,635.175916,-21.054566,633.176661,-141.090607,641.305507,59.935246,-0.000977,1,0
28.300000,-59.110960,206107.400320,-179.148013,204548.909309,60.822030,203605.061539,98.544746,635.276513,-21.229469,634.378934,-140.971942,633.412749,59.939349,-0.001521,1,0
28.333000,-59.296581,205307.721618,-179.238309,205755.150136,60.758136,203768.191695,98.908968,635.256466,-21.072116,632.892251,-141.047027,631.324485,59.938306,0.005787,1,0
28.367000,-59.315431,204874.384900,-179.368336,205879.144447,60.693441,205668.610154,98.685131,637.073189,-21.501502,631.173158,-141.449451,633.259101,59.948178,-0.005296,1,0
28.400000,-59.392643,203376.512642,-179.343945,203794.340849,60.742032,205697.123429,98.625792,638.708851,-21.309208,636.284119,-141.400863,633.202079,59.936023,0.005479,1,0
28.433000,-59.348209,204226.556092,-179.300169,206962.655227,60.919163,203861.563203,98.881885,641.240929,-20.976161,633.352572,-140.930581,639.340601,59.945751,-0.005094,1,0
28.467000,-59.407554,204132.488960,-179.191124,204258.454763,60.786606,204281.863512,98.228408,632.524839,-21.124220,630.820888,-141.523954,635.505217,59.941606,-0.006233,1,0
28.500000,-59.421314,203716.779935,-179.269700,205907.477188,60.634816,205255.763228,98.441743,632.306035,-21.291482,627.992081,-141.361361,631.388966,59.946222,-0.000963,1,0
28.533000,-59.318541,206030.621519,-179.211823,205531.315392,60.706362,204944.310389,98.939158,636.155377,-21.099044,633.552795,-141.095757,633.959527,59.940250,-0.011145,1,0
28.567000,-59.156848,205376.267737,-179.256709,205355.457637,60.886619,205064.663933,98.754630,632.326439,-21.250967,634.093820,-140.969380,634.974822,59.941740,-0.000198,1,0
28.600000,-59.185536,204795.806748,-179.288707,204200.012877,60.780785,205065.523611,98.684317,626.459030,-21.019342,626.532318,-140.989719,627.285296,59.941708,-0.008015,1,0
28.633000,-59.248793,205492.159013,-179.404536,205318.757338,60.724618,203842.793459,98.667097,625.467671,-21.470214,632.975034,-141.428103,633.298498,59.942757,0.004332,1,0
28.667000,-59.330630,206354.608846,-179.334210,205155.943458,60.820016,206072.239075,98.550457,633.809522,-21.487545,625.989979,-140.943736,633.564535,59.932160,0.003760,1,0
28.700000,-59.256067,206118.450501,-179.384829,205660.100860,60.814920,205906.398219,98.664442,632.310559,-21.652581,635.100206,-141.003776,635.331263,59.931619,0.010989,1,0
28.733000,-59.011518,204703.656703,-179.258933,204991.575155,60.766935,205905.124131,99.102791,631.442656,-21.284563,632.309705,-141.167799,627.310693,59.935486,-0.000556,1,0
28.767000,-59.339839,205963.412054,-179.295939,205530.866960,60.792808,205232.647810,98.554655,634.313073,-21.034917,630.050034,-141.342741,630.299755,59.928544,0.008430,1,0
28.800000,-59.151267,204873.917752,-179.045738,206745.252258,60.869704,205382.044936,98.580747,633.060122,-21.216285,636.191859,-141.123161,622.307562,59.932550,0.004837,1,0
28.833000,-59.242469,205175.452735,-179.264804,205085.365979,60.627679,204072.490033,99.041672,634.587220,-21.518336,633.982378,-140.955037,630.999730,59.924877,0.005898,1,0
28.867000,-59.106253,205910.289353,-179.155697,206372.932726,60.741919,206019.864843,98.930851,624.869487,-21.246161,627.698488,-141.456913,628.773463,59.941518,0.001083,1,0
28.900000,-59.244915,206252.184574,-179.208570,206029.838945,60.676367,204434.250117,98.347877,623.625739,-21.464271,633.616245,-141.359895,632.614481,59.946572,-0.006203,1,0
28.933000,-59.283956,205915.319311,-179.372718,205586.943422,60.835846,207054.145413,98.620555,626.078501,-21.646698,625.361140,-140.920438,627.148170,59.937400,0.001414,1,0
28.967000,-59.091322,205312.322167,-179.293341,207208.648671,60.704755,204831.228775,99.267050,633.927688,-21.221772,629.963436,-141.084331,627.020024,59.939554,-0.000056,1,0
29.000000,-59.079832,206666.756173,-179.250070,206615.481438,60.721296,206474.348127,99.069116,626.100042,-21.375244,631.245934,-141.382699,627.918111,59.933975,0.005181,1,0
29.033000,-59.097120,205802.117287,-179.142493,205243.680985,60.745259,205662.236698,99.020472,627.630826,-21.173261,623.403246,-141.475505,632.345373,59.942151,0.002609,1,0
29.067000,-59.176084,204055.353970,-179.248518,206894.987167,60.975297,206755.290935,98.974613,632.707278,-20.998614,624.662227,-141.163629,627.778123,59.936471,-0.000094,1,0
29.100000,-59.136315,207833.483936,-179.235845,205767.967354,60.883043,206854.927102,98.812824,635.018886,-21.626600,627.473538,-140.969763,624.539611,59.941392,0.008320,1,0
29.133000,-59.298812,204655.733600,-179.105345,205509.080031,60.748838,205011.614727,98.699390,628.947909,-20.745237,628.252976,-141.321554,626.587567,59.929697,0.006890,1,0
29.167000,-59.073294,206786.106396,-179.182689,206408.518325,60.853233,205578.267012,99.158328,632.582987,-20.988492,627.481506,-141.005789,625.166347,59.941895,-0.015757,1,0
29.200000,-59.168399,206745.480761,-179.100151,206722.690577,61.022320,205750.008620,98.885612,631.949029,-20.890803,624.997109,-140.951454,631.566454,59.938746,-0.000657,1,0
29.233000,-59.122110,206362.876204,-179.096508,208641.114653,60.926166,206524.255760,98.705598,625.478812,-20.771020,624.699539,-140.949592,633.661531,59.936081,-0.001503,1,0
29.267000,-59.124949,206857.775119,-179.143572,206622.165809,61.156449,205848.570672,98.964848,627.655796,-20.982507,627.713715,-141.074875,632.658005,59.940317,-0.001495,1,0
29.300000,-59.338287,207402.763839,-179.187305,206379.922138,60.844635,205266.626739,98.471817,631.905661,-21.009060,632.859303,-141.460693,631.197927,59.938144,-0.000503,1,0
29.333000,-59.079453,204728.502333,-179.078357,207755.872114,61.102671,207268.238582,98.817837,635.059875,-21.082034,630.044348,-140.990109,626.584818,59.936762,-0.000646,1,0
29.367000,-59.230277,204771.061259,-179.180433,206850.665018,60.731130,205761.717604,98.642401,629.153836,-21.437607,626.695169,-141.182692,628.137707,59.937031,-0.007236,1,0
29.400000,-59.095023,206956.762709,-179.047821,205906.023728,60.879042,205224.210044,98.755722,641.650757,-21.106211,632.696064,-141.144717,631.685733,59.945445,-0.000520,1,0
29.433000,-58.985081,207284.872862,-179.072925,205608.137458,60.915183,207673.874865,99.041428,630.933996,-20.921225,625.500162,-141.091830,628.784514,59.938055,0.002474,1,0
29.467000,-59.098028,206684.539050,-179.013697,207221.965821,61.038388,206527.080653,98.789813,629.120574,-20.784378,629.449431,-140.546257,629.454828,59.944347,0.003640,1,0
29.500000,-59.106400,207347.854303,-179.013252,205277.203657,60.821113,206984.512066,98.781234,629.527959,-21.086609,625.563297,-140.910273,631.278464,59.933138,-0.005297,1,0
29.533000,-59.212424,207234.191456,-179.043496,205340.690208,60.957487,206266.879554,98.679841,630.997444,-20.846873,631.334501,-140.905229,621.925194,59.929838,-0.015206,1,0
29.567000,-59.099347,206411.780593,-179.156657,205587.671216,60.828234,205255.794514,98.922507,633.631290,-21.203668,631.160911,-141.481828,630.106585,59.931034,0.008512,1,0
29.600000,-59.257845,205992.061900,-179.153788,205652.879941,60.665326,204630.036253,98.814628,631.817240,-21.062860,627.642058,-141.418210,633.001207,59.934992,-0.005458,1,0
29.633000,-59.312790,206985.033538,-179.273273,206546.119097,60.833045,207221.067013,98.551615,625.150203,-21.573242,628.031417,-141.272605,630.660232,59.930576,0.006782,1,0
29.667000,-59.289255,207010.450883,-179.148852,206307.395332,61.005931,207124.215159,98.735293,627.755414,-21.157370,631.381420,-141.188686,633.131981,59.940894,0.004678,1,0
29.700000,-59.073156,204857.291061,-179.066027,206842.524103,60.829363,208364.502712,98.374602,631.628982,-20.998712,629.970410,-141.106723,629.480821,59.936433,0.003854,1,0
29.733000,-59.089586,205691.572705,-179.118311,207024.687009,60.877638,205891.242456,99.079306,634.486197,-20.993901,628.304058,-141.101488,634.028735,59.936412,0.004391,1,0
29.767000,-59.101742,207268.004973,-179.077181,206998.245987,60.693499,206572.660406,98.679516,628.184488,-21.137896,629.901452,-141.227804,631.458470,59.929612,0.003362,1,0
29.800000,-59.221715,206800.092728,-178.991207,207235.535678,60.931227,207386.087505,98.969676,627.548566,-20.767881,627.419559,-140.821211,625.954786,59.938234,0.011982,1,0
29.833000,-59.113342,206518.699095,-179.218423,205562.806140,60.695799,206113.670835,98.889921,624.719736,-21.307450,637.148013,-141.029219,634.323366,59.938256,-0.002036,1,0
29.867000,-59.206136,207665.819533,-179.069118,207069.514216,60.815106,206670.737547,98.926989,626.434726,-21.102895,631.594182,-141.237352,629.375395,59.931805,-0.008821,1,0
29.900000,-59.255981,205097.684236,-179.212520,206062.640222,60.686802,206735.678676,98.746681,626.034140,-21.169009,633.565757,-141.558926,627.915688,59.929103,0.008543,1,0
29.933000,-59.437939,205458.786090,-179.197085,205115.145150,60.827382,207372.348701,98.685685,629.263957,-20.987352,627.649180,-141.473793,622.865713,59.939610,-0.015333,1,0
29.967000,-59.256791,207643.369797,-179.220056,205212.740991,60.709093,207222.574136,98.875754,628.508627,-21.412037,636.995489,-141.358817,631.913333,59.930975,-0.003373,1,0
30.000000,-59.227311,205822.015991,-179.143815,205334.117069,60.936285,206952.558639,98.670073,626.299725,-20.830623,630.741050,-141.025164,632.768405,59.928242,0.009425,1,0
