TIMESTAMP,BUS34_VA_ANG,BUS34_VA_MAG,BUS34_VB_ANG,BUS34_VB_MAG,BUS34_VC_ANG,BUS34_VC_MAG,BUS34_IA_ANG,BUS34_IA_MAG,BUS34_IB_ANG,BUS34_IB_MAG,BUS34_IC_ANG,BUS34_IC_MAG,BUS34_Freq,BUS34_ROCOF,DATA_PRESENT,Event
0.000000,-62.740229,203788.553045,177.556769,205953.925196,57.564639,206536.122250,95.281160,671.853294,-24.085575,669.103106,-144.439934,671.012826,59.963890,-0.010000,1,0
0.033000,-62.550057,205743.819828,177.596292,204521.898859,57.299748,205027.348747,95.097213,671.484685,-24.318445,662.475974,-144.668057,663.146572,59.960143,-0.001296,1,0
0.067000,-62.504973,205614.052303,177.439416,205071.409960,57.617466,206376.857882,95.776191,670.700624,-24.842225,669.859925,-144.521669,671.446998,59.948618,-0.010313,1,0
0.100000,-62.347944,205694.054029,177.538167,205576.036015,57.501163,203571.732688,96.034037,665.318834,-24.480634,668.632027,-144.354327,667.170439,59.964465,0.003237,1,0
0.133000,-62.455721,205632.901705,177.440011,205727.785739,57.378327,205131.707678,95.435150,667.606984,-24.609341,671.381359,-145.035672,668.186383,59.960627,0.002229,1,0
0.167000,-62.427230,207256.564141,177.461969,206027.395439,57.271769,203844.077086,95.519878,673.014482,-24.499152,672.359274,-144.500532,661.431256,59.953826,-0.004367,1,0
0.200000,-62.441653,204430.676967,177.453085,204022.234168,57.510126,205224.177620,95.748883,666.053527,-24.290048,666.754380,-144.624320,671.303465,59.952375,0.006235,1,0
0.233000,-62.469718,204768.076257,177.342205,205656.687303,57.096607,205800.606367,95.740396,665.935874,-24.488040,670.501123,-144.722256,670.057824,59.956394,0.011203,1,0
0.267000,-62.520073,207469.497156,177.380883,205652.760388,57.652436,206130.935015,95.686866,670.209477,-24.632548,665.996183,-144.397215,681.278294,59.953706,-0.013271,1,0
0.300000,-62.542935,206059.559867,177.557356,206426.677678,57.511892,204151.139118,95.335366,675.493096,-24.284471,673.326746,-144.538321,673.224987,59.953108,0.008632,1,0
0.333000,-62.746170,204863.712101,177.448221,204451.665539,57.498962,205769.126880,95.309570,676.847486,-24.606070,674.681529,-144.679510,674.877478,59.941606,-0.000722,1,0
0.367000,-62.606259,206393.003822,177.394874,204064.571207,57.416564,205283.380247,95.383981,677.896810,-24.490087,673.571161,-144.277090,676.487953,59.954929,-0.001879,1,0
0.400000,-62.518597,204915.833538,177.359029,203755.084826,57.420239,206352.301646,95.520709,671.618205,-24.490175,668.336229,-144.773109,668.032226,59.948063,-0.009827,1,0
0.433000,-62.630207,205706.101106,177.517051,205655.248349,57.390938,206177.936223,95.376565,672.101281,-24.665728,669.125509,-144.669739,667.230204,59.942472,-0.012327,1,0
0.467000,-62.703726,205169.419700,177.440094,204306.775721,57.430638,205762.990255,95.217531,667.395447,-24.311104,668.564326,-144.313424,670.859520,59.953665,0.004684,1,0
0.500000,-62.704717,205150.436772,177.363693,204829.334415,57.103090,205826.657376,95.431354,665.916340,-24.313430,664.558350,-144.880753,665.035285,59.944665,-0.003266,1,0
0.533000,-62.768085,204567.261895,177.152055,206198.672518,57.424748,203663.697052,95.039256,675.500166,-24.876858,665.497766,-144.438206,657.992926,59.960910,0.006389,1,0
0.567000,-62.600316,204348.464116,177.247076,205805.113005,57.393185,203743.380878,95.337942,663.230541,-24.813659,667.382151,-144.719699,665.631102,59.948114,0.002350,1,0
0.600000,-62.718898,204688.732594,177.151508,204717.710650,57.317323,205808.161319,95.367243,672.592642,-25.180228,665.453482,-144.648994,666.201673,59.952910,0.009921,1,0
0.633000,-62.750204,205307.297786,177.320054,204927.139210,57.269754,204165.077300,94.928801,667.067506,-24.792204,668.977785,-144.669909,658.022510,59.948633,-0.005704,1,0
0.667000,-62.582092,206747.578133,177.228194,206203.613943,57.209724,205132.985242,95.567989,671.641658,-24.887080,662.856605,-144.574892,662.666088,59.951487,-0.002088,1,0
0.700000,-62.755796,204313.935748,177.307915,205655.782515,57.324766,205258.652030,95.158631,665.438970,-24.660336,668.954909,-144.392251,666.122241,59.946189,-0.004642,1,0
0.733000,-62.623763,204091.009833,177.434032,204236.956731,57.495093,204121.293858,95.027651,664.329349,-24.360971,669.057062,-144.454581,658.652662,59.947950,0.005168,1,0
0.767000,-62.567086,204565.911483,177.251660,206524.044647,57.281380,204142.131197,95.641569,660.158708,-24.682114,670.769979,-144.810840,657.145722,59.949877,-0.013414,1,0
0.800000,-62.530197,204229.247447,177.344738,204813.548701,57.310820,204679.171018,95.386491,662.660938,-24.874861,664.139663,-144.715178,659.973247,59.949532,-0.005579,1,0
0.833000,-62.518049,204375.642465,177.462143,205484.235109,57.481967,205616.024931,95.584998,662.646132,-24.516722,667.709044,-144.595591,660.194465,59.944276,0.000916,1,0
0.867000,-62.533802,204617.164515,177.397622,204396.011761,57.172868,205240.665016,95.682441,659.231394,-24.791591,660.893369,-144.760920,660.940159,59.940780,0.000531,1,0
0.900000,-62.543546,204533.564261,177.378329,203825.461873,57.382907,205165.487934,95.243339,664.491915,-24.382047,658.537135,-144.293111,657.130897,59.944023,0.010673,1,0
0.933000,-62.652161,203954.250870,177.171586,205205.145232,57.375769,204815.610697,95.390978,670.452994,-24.879907,662.291113,-144.602815,663.790388,59.945934,-0.005410,1,0
0.967000,-62.693048,205269.294654,177.291008,205760.507350,57.331591,204741.471710,95.202308,666.633010,-25.026503,664.763350,-144.654014,663.991243,59.944667,0.003297,1,0
1.000000,-62.740852,204776.391200,177.298485,205049.120374,57.310065,204423.141102,94.987672,665.728436,-24.634006,661.300605,-144.756997,661.103214,59.954219,-0.001256,1,0
1.033000,-62.694788,204773.990628,177.222775,203108.660143,57.148569,205067.829083,95.381760,663.704652,-24.742578,664.472928,-144.673697,658.872932,59.948364,0.013496,1,0
1.067000,-62.684897,203122.964349,177.088684,204651.170657,57.322733,204722.663918,95.502467,675.234664,-25.134320,667.902860,-144.883346,666.025001,59.952896,-0.010615,1,0
1.100000,-62.825967,204843.662815,177.284488,204399.048977,57.235254,203810.218997,95.057378,665.082492,-24.884842,661.875464,-144.800974,662.474498,59.957826,-0.000011,1,0
1.133000,-62.469326,204115.390081,177.321230,204684.446031,57.419541,205204.226428,95.561032,663.653151,-24.972118,668.541524,-144.659847,658.809941,59.954278,0.005853,1,0
1.167000,-62.616551,205400.687624,177.357655,205638.827080,57.124877,206945.311717,95.432823,664.884094,-24.736332,662.749142,-145.068965,663.061564,59.953431,-0.003034,1,0
1.200000,-62.847932,202976.098289,177.145180,204183.561116,57.284002,204768.918190,94.982732,666.805729,-24.993812,668.268217,-144.375997,667.969285,59.949465,0.022115,1,0
1.233000,-62.814053,205938.759095,177.421586,205326.116694,57.173167,204589.268317,95.368137,663.486410,-24.772396,671.531319,-144.838567,666.710489,59.956071,-0.000340,1,0
1.267000,-62.825403,204869.979362,177.326993,205060.237908,57.323587,205194.996614,95.423276,664.751821,-24.738386,665.806286,-145.071944,668.078119,59.960786,0.001502,1,0
1.300000,-62.686439,205298.669133,177.272788,204542.770221,57.170829,207169.412448,94.984926,665.177887,-25.046970,660.661344,-144.599858,661.895356,59.951005,0.003563,1,0
1.333000,-62.719729,205561.358206,177.287723,203967.301695,56.966533,204028.590774,95.514326,669.237612,-24.780804,674.066833,-144.932460,665.576693,59.946693,0.006232,1,0
1.367000,-62.900915,204142.105452,177.265290,202827.313865,57.288969,203173.733843,95.305845,667.896428,-24.880271,669.115202,-144.496628,670.107120,59.947910,0.011491,1,0
1.400000,-62.666106,205477.617769,177.381868,204507.125850,57.049875,204520.008610,95.429819,670.991466,-24.729993,668.166673,-144.870404,661.500685,59.946204,-0.003519,1,0
1.433000,-62.728373,203230.952021,177.182315,203931.620985,57.103824,202915.629022,95.278238,660.824376,-24.634445,666.360127,-144.870564,666.649032,59.957611,-0.008899,1,0
1.467000,-62.669667,204823.370694,177.301876,203936.563304,57.265820,202659.796470,95.304267,665.265331,-24.928633,670.659011,-144.638350,668.890646,59.950079,0.006110,1,0
1.500000,-62.710710,204419.183225,177.583899,204390.400358,57.213580,204133.475106,95.308179,665.242810,-24.228332,660.717187,-144.811887,668.766546,59.952130,-0.004565,1,0
1.533000,-62.773858,204143.741920,177.225531,204533.178003,57.414663,204151.095439,95.348456,673.277102,-24.808594,665.769962,-144.400801,665.788892,59.952073,0.001241,1,0
1.567000,-62.656522,203752.879604,177.340876,203930.958245,57.166742,204054.875967,95.500734,669.092288,-24.391984,671.036816,-144.936886,668.738808,59.943605,-0.000097,1,0
1.600000,-62.645574,202189.819728,177.469411,205264.099962,57.261483,203525.542590,95.197026,667.765038,-24.397634,661.598006,-144.759054,662.967061,59.951622,-0.008614,1,0
1.633000,-62.639266,202608.432886,177.206631,205359.977038,57.259634,203645.420494,95.171743,664.525202,-24.708386,665.203445,-144.394577,666.443353,59.949393,0.006110,1,0
1.667000,-62.558867,202392.896100,177.384835,204605.612719,57.294497,204218.024609,95.300855,664.109770,-24.589015,661.326676,-144.329773,666.635471,59.945986,0.010589,1,0
1.700000,-62.423469,203934.946483,177.132099,202887.171661,57.167218,203271.011451,95.763246,664.282593,-24.900543,667.331618,-144.856968,663.368539,59.953544,0.002173,1,0
1.733000,-62.612370,203671.648053,177.375966,204438.278259,57.442449,203569.830463,95.536914,664.868981,-24.850326,671.556745,-144.631050,663.107249,59.946940,0.006244,1,0
1.767000,-62.732977,203669.185262,177.314310,204405.394251,57.106726,203861.103029,95.441378,669.126246,-24.403516,671.065378,-144.663447,666.052942,59.949653,0.009390,1,0
1.800000,-62.403421,204309.472625,177.354292,201145.426496,57.219294,204596.024014,95.849273,664.045038,-24.551318,669.729222,-144.846602,669.717266,59.953869,-0.000146,1,0
1.833000,-62.537312,202019.959209,177.392204,203816.079487,57.345733,203192.145947,95.314112,665.614279,-24.662288,667.727111,-144.646625,669.549125,59.950217,0.010937,1,0
1.867000,-62.544815,201964.231014,177.197184,204380.246031,57.216954,202648.572425,95.471768,665.264501,-24.790551,663.853552,-144.731297,664.235255,59.966102,-0.001528,1,0
1.900000,-62.753133,203062.448395,177.300353,202377.573508,57.297305,202502.419534,95.287392,667.135120,-24.776542,670.695037,-144.830433,666.733161,59.955457,-0.007310,1,0
1.933000,-62.730151,202988.340320,177.177895,203720.632530,57.407876,203820.255552,95.237901,667.909648,-25.199585,664.310803,-144.882515,671.076757,59.957592,-0.006852,1,0
1.967000,-62.641275,203579.320118,177.235406,203083.495163,57.206152,203443.464303,95.379545,672.987255,-24.658155,669.042668,-144.645130,666.047440,59.950555,-0.003441,1,0
2.000000,-62.511880,201689.664070,177.225073,203306.814712,57.381012,202174.275579,95.661008,673.144653,-24.999329,679.444022,-144.575137,672.337497,59.954756,-0.012345,1,0
2.033000,-62.819728,202460.013928,177.312970,204092.429977,57.411464,203764.102266,95.114659,661.664861,-24.604960,665.354796,-144.408087,667.942124,59.955286,0.001677,1,0
2.067000,-62.801244,201224.326913,177.409109,202858.720811,57.462476,204920.802541,94.957911,668.067954,-24.775616,673.683690,-144.581273,667.306998,59.949548,0.000521,1,0
2.100000,-62.791451,202543.404170,177.417473,203669.664451,57.179845,202042.657151,95.275058,680.685757,-24.807674,675.555212,-144.635461,677.750969,59.955211,-0.007576,1,0
2.133000,-62.652115,204534.303342,177.244230,203576.429327,57.240881,203857.226515,95.470733,677.266256,-24.712116,666.474663,-144.790716,671.437321,59.957696,0.002598,1,0
2.167000,-62.649926,203521.232611,177.117160,203379.605976,57.281329,204246.330304,95.405730,668.303741,-24.940395,671.102995,-144.722550,673.362307,59.964927,0.004268,1,0
2.200000,-62.816381,205281.296569,177.315361,204359.067003,57.159579,203236.114012,95.235611,671.388440,-24.932820,675.148087,-144.979234,669.949523,59.953971,-0.007235,1,0
2.233000,-62.717481,202768.122183,177.201691,204009.399765,57.318490,203137.393145,95.299948,673.288476,-24.493875,674.656722,-144.561279,673.897233,59.960007,-0.000674,1,0
2.267000,-62.662186,202920.733855,177.151866,202618.408790,57.245444,203985.797720,95.366750,675.374007,-24.590508,677.141674,-144.902359,675.112817,59.965346,-0.001321,1,0
2.300000,-62.760733,205867.415322,177.260269,203690.910407,57.248430,203952.226031,95.322234,676.626354,-24.680991,671.485871,-144.778548,677.523113,59.960438,0.004104,1,0
2.333000,-62.526847,202765.591717,177.464739,203227.425992,57.200420,203916.303042,95.424233,678.249867,-24.781638,679.771642,-144.516368,675.157051,59.963402,0.009279,1,0
2.367000,-62.661143,203800.298338,177.210344,203460.226322,57.320518,204440.248654,95.012004,683.348196,-24.925653,678.974031,-144.435687,679.795991,59.966678,0.000376,1,0
2.400000,-62.587901,204091.750269,177.138817,204059.630753,57.245369,205857.904945,95.526903,680.423306,-24.772112,678.281621,-144.714059,672.222315,59.962338,0.004158,1,0
2.433000,-62.712241,204820.254445,177.038101,204771.893724,57.350716,202533.778156,95.488485,674.081244,-24.930079,669.380369,-144.576717,677.633514,59.964688,-0.000839,1,0
2.467000,-62.652415,203991.627830,177.247678,203616.786490,57.532992,206333.755049,95.436969,680.163369,-24.788859,674.488585,-144.387117,675.938512,59.963455,0.011008,1,0
2.500000,-62.779945,204045.800602,177.199890,203673.772018,57.194046,204544.562225,95.321761,673.390340,-24.858588,679.314196,-144.506293,678.011392,59.959065,0.002388,1,0
2.533000,-62.966143,202269.519867,177.200504,203730.635426,57.141845,205069.525639,94.987578,682.821202,-24.501303,674.003453,-144.622323,673.452330,59.957742,-0.002108,1,0
2.567000,-62.719471,203505.934903,177.295097,202481.287796,57.300795,203387.033852,95.383931,681.179981,-24.865894,677.270651,-144.734913,675.719609,59.959374,-0.012772,1,0
2.600000,-62.635224,201996.747217,177.235117,204164.678564,57.166214,202641.665255,95.509079,674.855744,-24.914444,679.869977,-144.861604,674.048877,59.960048,0.008631,1,0
2.633000,-62.804619,201935.355968,177.201599,204424.680491,57.315293,204123.354088,95.195276,674.789632,-24.900833,673.287788,-144.658126,672.934601,59.960933,0.010271,1,0
2.667000,-62.721810,203805.137697,177.141753,204153.217359,57.460864,204799.789761,95.282184,674.705387,-24.756939,679.165089,-144.467870,678.495019,59.957859,0.001209,1,0
2.700000,-62.672082,202927.519256,177.246129,205755.431525,57.301800,204243.090620,95.375499,670.242815,-24.854393,677.574855,-144.714608,676.554116,59.967569,0.004064,1,0
2.733000,-62.689578,203090.513710,177.251509,202106.324105,57.346927,203814.344957,95.439917,674.408053,-25.011887,675.321816,-144.544953,676.034251,59.972340,-0.000481,1,0
2.767000,-62.813559,201537.827707,177.389111,204440.733516,57.460492,202494.327168,95.218708,681.191483,-24.328985,673.703706,-144.870599,677.929140,59.959374,-0.004721,1,0
2.800000,-62.718443,204502.332497,177.371993,204562.199776,57.333140,202097.995953,95.288656,668.969578,-24.838114,679.980631,-144.679805,676.652231,59.978498,0.000383,1,0
2.833000,-62.681928,204033.664880,177.345728,203399.242204,57.181953,202637.171367,95.209471,679.871131,-24.714346,676.032137,-144.981686,672.881420,59.970238,0.009013,1,0
2.867000,-62.521669,202924.390373,177.205918,205069.668677,57.370501,204209.172978,95.452466,675.618808,-24.913268,680.206230,-144.686422,671.527115,59.972710,0.004229,1,0
2.900000,-62.668560,203700.051903,177.238344,204125.185242,57.302345,203719.650416,95.522608,671.030367,-24.829815,681.799145,-144.521509,679.145833,59.981494,-0.007697,1,0
2.933000,-62.774691,202358.887006,177.348521,203075.545235,57.178370,202912.268546,95.045684,678.500918,-24.653611,676.021987,-144.831606,675.026017,59.969450,0.002676,1,0
2.967000,-62.635221,201965.573079,177.218450,203146.006825,57.325128,204954.766966,95.386852,684.164085,-24.638974,677.258505,-144.791375,677.067396,59.968333,0.014831,1,0
3.000000,-62.754792,203398.559172,177.300878,204985.498467,57.164956,202841.886193,95.188472,679.964983,-24.980003,676.328232,-144.864901,680.466878,59.964090,-0.015683,1,0
3.033000,-62.752552,203137.891396,177.616877,202484.339228,57.462079,202851.666660,95.347195,672.524441,-24.740262,675.312238,-144.504731,676.871545,59.973355,0.005800,1,0
3.067000,-62.689640,203467.061647,177.171287,204284.373863,57.346463,203563.109973,95.264180,672.680751,-24.802355,676.470088,-144.939697,680.885517,59.976899,-0.002922,1,0
3.100000,-62.646686,203992.021196,177.286158,204319.308761,57.372134,202879.020553,95.197230,675.120834,-24.865227,677.596806,-144.810227,676.654726,59.972733,-0.006998,1,0
3.133000,-62.580201,204014.066628,177.304032,204781.964403,57.258079,201419.605445,95.630680,682.644516,-24.458743,677.846302,-144.804436,678.968968,59.966381,0.008674,1,0
3.167000,-62.834992,203988.042326,177.299603,203584.200773,57.206862,204177.829821,94.970598,677.160958,-24.682477,677.593434,-144.809410,679.017636,59.967828,0.000549,1,0
3.200000,-62.463350,204435.115696,177.394223,203777.942601,57.236800,204340.846728,95.066596,680.402707,-24.423860,675.669132,-145.108786,674.505181,59.966240,-0.007516,1,0
3.233000,-62.598124,204040.871203,177.310069,203552.168390,57.300368,203858.961676,95.724860,675.246999,-24.642774,680.236835,-144.539839,677.491505,59.971279,-0.002058,1,0
3.267000,-62.623752,204017.785225,177.482555,203262.490696,57.402828,203528.395666,95.107143,679.466234,-24.650192,677.941901,-144.577394,677.421311,59.955432,0.012595,1,0
3.300000,-62.738739,204550.346542,177.390606,205062.760146,57.205750,204260.109201,95.023710,677.539451,-24.639427,680.191542,-144.714878,674.732304,59.958170,0.001427,1,0
3.333000,-62.686118,205890.057910,177.329480,203596.591245,57.237989,204431.151186,95.364407,680.488843,-24.714613,677.104904,-144.599040,679.109435,59.964433,-0.008258,1,0
3.367000,-62.679417,203808.906868,177.222244,205687.178268,57.200289,204757.908013,95.262115,680.235144,-24.788025,675.101316,-144.733317,676.690599,59.973191,-0.001068,1,0
3.400000,-62.711278,204825.070788,177.314438,206105.067349,57.190525,205256.430741,95.263925,676.986889,-24.857111,686.435836,-144.398987,680.981640,59.978630,0.018591,1,0
3.433000,-62.572958,205951.719997,177.253941,204956.758244,57.132073,203566.088676,95.360393,676.507213,-24.671570,678.002377,-144.946770,679.949940,59.976224,-0.002113,1,0
3.467000,-62.872312,203557.386488,177.356938,203906.139380,57.439765,203912.738329,95.101361,676.567747,-24.972461,677.960320,-144.809886,681.499556,59.969203,0.005618,1,0
3.500000,-62.733967,203447.144992,177.336592,204276.748544,57.418376,201071.161356,95.441228,680.611421,-24.791183,678.785402,-144.740416,679.667062,59.972511,-0.003038,1,0
3.533000,-62.683286,203286.879677,177.178485,204818.018977,57.301986,203703.030051,95.224395,682.206302,-24.872142,685.602454,-144.552723,678.503557,59.965615,-0.017448,1,0
3.567000,-62.592858,203654.174143,177.380280,204223.317173,57.469208,204072.121186,95.210819,680.543677,-24.610438,680.931262,-144.566890,681.128728,59.972349,0.003394,1,0
3.600000,-62.723210,203784.674614,177.411154,203381.768412,57.296247,204404.136362,95.370351,682.693574,-24.514641,681.684514,-144.389987,673.886393,59.972692,0.004045,1,0
3.633000,-62.616781,204198.330087,177.444061,203184.768074,57.378527,204239.564936,94.987143,679.815831,-24.550952,687.493509,-144.702242,672.426746,59.964737,0.011100,1,0
3.667000,-62.778018,203480.001548,177.269161,204020.828640,57.408288,204679.559045,95.506006,686.866604,-24.675680,681.141841,-144.380671,684.686433,59.972533,-0.017800,1,0
3.700000,-62.597125,203256.763024,177.313684,204983.661998,57.203809,205834.122534,95.219465,676.295585,-24.954255,683.657569,-144.662389,681.695868,59.973695,-0.006030,1,0
3.733000,-62.738803,205121.409938,177.258658,205122.593061,57.343817,202671.951597,95.215953,684.364914,-24.493376,672.969744,-144.589000,682.281798,59.971479,-0.005747,1,0
3.767000,-62.739583,203277.984096,177.324152,204246.890274,57.217769,203583.030341,95.140491,679.721531,-24.801562,678.042715,-145.107868,685.268474,59.971960,0.001634,1,0
3.800000,-62.808183,205047.796811,177.292162,206880.775655,57.255197,204549.761304,95.243089,681.336801,-24.701068,682.059896,-144.855963,679.476014,59.966538,-0.004194,1,0
3.833000,-62.830726,204918.395497,177.300913,204500.241497,57.254905,204353.922312,95.223862,681.714364,-24.808576,677.506898,-144.894856,679.126903,59.967963,0.009564,1,0
3.867000,-62.831261,203966.625762,177.115467,201677.544489,57.141262,204322.555971,95.311507,679.975450,-24.813927,683.751883,-144.917056,679.415185,59.964453,0.012421,1,0
3.900000,-62.799126,204331.009015,177.268360,205090.025071,56.965081,204829.583433,95.114329,680.908893,-24.633696,680.173027,-145.014635,687.253506,59.968871,0.016456,1,0
3.933000,-62.717734,204399.530895,177.316350,204168.572221,57.337854,205427.414062,95.277407,680.931529,-24.641070,677.703420,-144.555341,675.791891,59.969375,0.009486,1,0
3.967000,-62.648102,203778.708268,177.237378,203830.748416,57.333158,203933.860574,95.508473,677.917280,-24.609230,677.217120,-144.384730,678.367262,59.971026,0.002119,1,0
4.000000,-62.809552,203485.198554,177.318319,205289.823097,57.211184,203226.506678,95.135480,673.729678,-24.248485,681.172439,-144.683079,684.242833,59.966410,-0.003174,1,0
4.033000,-62.681820,204726.087093,177.363611,204858.121052,57.170612,204216.695178,95.352807,677.235924,-24.390793,684.707171,-145.111850,683.662404,59.966631,0.008311,1,0
4.067000,-62.878620,204346.180557,177.373896,203424.405477,57.329320,203666.637446,95.063158,679.957973,-24.681787,680.001914,-144.535924,678.565401,59.967882,0.003422,1,0
4.100000,-62.774300,203502.021244,177.275786,204172.339893,57.401047,205041.087050,95.648612,679.017394,-24.475833,680.472422,-144.393236,680.341702,59.969020,-0.011380,1,0
4.133000,-62.672883,205264.404272,177.287976,202455.300410,57.448766,205247.960429,95.301605,681.476108,-24.842848,679.623320,-144.807274,676.243912,59.971639,-0.004140,1,0
4.167000,-62.594820,202710.585125,177.187486,203844.119395,57.279355,203691.033235,95.115309,684.877972,-24.905485,685.143167,-145.011051,678.530937,59.973361,-0.006298,1,0
4.200000,-62.659603,202274.679263,177.316270,204103.920786,57.282164,204306.410827,95.089185,681.953355,-24.850221,673.659410,-144.862456,677.302030,59.979426,0.005009,1,0
4.233000,-62.684182,203532.630493,177.197893,205968.119018,57.405087,202752.606476,95.085400,678.827148,-24.876447,675.364504,-144.689147,678.979971,59.964508,-0.002980,1,0
4.267000,-62.591440,203659.862659,177.472382,203333.318406,57.319309,204160.467106,95.194086,681.811388,-24.581271,686.314247,-144.709240,681.396667,59.970305,-0.005727,1,0
4.300000,-62.689984,204402.681212,177.270923,205455.314088,57.343079,202535.649854,95.261681,675.940444,-24.838878,677.907519,-144.910370,679.151553,59.969280,0.000879,1,0
4.333000,-62.664147,204367.701205,177.282261,203582.598468,57.376802,203360.796199,95.744379,684.439589,-24.605183,682.636748,-144.668152,685.479992,59.982861,0.005413,1,0
4.367000,-62.638917,205177.618686,177.294006,204593.105812,57.431365,205253.307489,95.561585,685.243544,-24.687275,683.390847,-144.631206,680.386045,59.979474,0.001745,1,0
4.400000,-62.549081,205574.526966,177.610670,202910.718636,57.412728,202873.922970,95.502123,676.404348,-24.445159,683.969212,-144.398277,678.383412,59.965067,0.002692,1,0
4.433000,-62.436877,204977.453892,177.495177,204796.799535,57.287340,203006.513053,95.695222,679.288068,-24.212585,681.262472,-144.519740,681.025806,59.973639,0.000375,1,0
4.467000,-62.578802,204719.298420,177.605539,204076.634747,57.792746,204581.394944,95.206125,678.183890,-24.271192,674.637608,-144.209179,679.229217,59.971415,-0.007665,1,0
4.500000,-62.821774,205170.445609,177.477331,205712.862131,57.456829,204620.904922,95.006536,687.170496,-24.294275,677.373158,-144.492565,674.638871,59.982943,0.000698,1,0
4.533000,-62.560213,204819.495019,177.424980,206910.174622,57.321574,204151.062879,95.286783,678.648405,-24.336478,669.334109,-144.668237,671.554979,59.968793,0.000280,1,0
4.567000,-62.614998,204534.119319,177.396702,204232.437858,57.358180,204951.109987,95.643682,678.655495,-24.761712,674.611085,-144.487860,672.782083,59.956133,0.001773,1,0
4.600000,-62.683631,203460.701678,177.353595,204163.011063,57.535387,203192.144589,95.350452,680.439541,-24.846364,677.736319,-144.539249,679.301923,59.962133,0.000335,1,0
4.633000,-62.600886,206042.527836,177.291448,205852.944151,57.484511,204220.534316,95.412913,682.184050,-24.378333,675.535662,-144.460910,679.451690,59.965363,-0.012471,1,0
4.667000,-62.818200,203218.812375,177.491914,203007.501941,57.369613,203444.560404,95.167151,672.206481,-24.681877,674.135545,-144.700889,675.289440,59.969509,-0.010563,1,0
4.700000,-62.668382,202665.447328,177.240271,205095.966584,57.360447,201157.155958,95.533609,679.687281,-24.529792,669.394039,-144.751854,673.963977,59.969034,-0.000995,1,0
4.733000,-62.706277,204636.121507,177.273568,203562.954911,57.468600,204429.049104,95.261835,670.850194,-24.934228,671.816558,-144.195941,672.720338,59.969989,0.005203,1,0
4.767000,-62.557440,202613.920782,177.461227,203588.199098,57.397317,203285.494559,95.499490,675.090392,-24.482766,675.449071,-144.513160,675.038028,59.965722,0.011312,1,0
4.800000,-62.551153,201538.701896,177.471896,201958.389350,57.472953,203916.858313,95.193664,675.262872,-24.638153,679.188325,-144.227670,681.988696,59.961854,0.007982,1,0
4.833000,-62.577952,202477.763815,177.339836,203159.415793,57.529016,202043.368443,95.224998,678.157325,-24.539207,684.863781,-144.353978,670.747180,59.967280,0.000171,1,0
4.867000,-62.543040,203216.013772,177.407512,202108.913047,57.654944,202119.499203,95.558637,673.625189,-24.718881,671.520945,-144.247414,668.014521,59.966515,0.003572,1,0
4.900000,-62.709158,202628.557543,177.453841,202391.492430,57.363738,204700.755097,95.395363,675.989711,-24.461492,680.403526,-144.870979,681.041414,59.971586,0.003600,1,0
4.933000,-62.578304,203728.963798,177.573338,202110.186448,57.225914,202041.536669,95.401002,675.014803,-24.528001,678.571317,-144.887790,674.035329,59.968948,0.016634,1,0
4.967000,-62.424582,204396.968261,177.445714,203631.377626,57.424410,204221.123320,95.658270,671.837462,-24.226966,671.630329,-144.568671,677.613790,59.973476,-0.006410,1,0
5.000000,-62.567732,202091.153081,177.468083,202680.447338,57.519788,202805.414010,95.179650,672.731551,-24.543478,665.907490,-144.525925,665.841347,59.970846,0.000782,1,0
5.033000,-62.400726,202738.463595,177.739927,204204.636617,57.349964,203158.763711,95.351553,671.484498,-24.042192,671.502771,-144.459378,673.671360,59.973442,0.006760,1,0
5.067000,-62.537839,203309.361110,177.546129,203465.076229,57.603373,202986.231130,95.511567,677.100776,-24.582659,670.878318,-144.458956,671.061631,59.980210,0.000459,1,0
5.100000,-62.617813,202749.665515,177.491713,201540.625858,57.387562,203762.375197,95.509539,667.026813,-24.673240,668.147971,-144.774377,670.036894,59.966129,-0.005983,1,0
5.133000,-62.421323,203197.041814,177.478837,204289.749790,57.396148,203429.906383,95.685272,673.257519,-24.631860,670.023998,-144.596697,669.482040,59.974745,0.006021,1,0
5.167000,-62.647136,202908.882228,177.576906,203136.028657,57.543286,202963.978891,95.214441,672.396056,-24.253580,672.793891,-144.570921,675.693016,59.977849,0.004151,1,0
5.200000,-62.546572,203721.187491,177.506214,204873.967156,57.348169,203594.671742,95.354992,666.953694,-24.289609,670.345147,-144.493774,670.670347,59.975282,-0.001506,1,0
5.233000,-62.754500,202910.727274,177.434324,204062.551139,57.435659,204591.034881,95.436849,673.193677,-24.442522,669.534363,-144.579283,665.768138,59.968970,0.007268,1,0
5.267000,-62.583432,203168.944727,177.371616,203467.117082,57.509694,203529.759002,95.182177,671.538247,-24.335928,675.272371,-144.596092,675.425423,59.970206,0.008030,1,0
5.300000,-62.509800,204867.782950,177.430220,202978.684922,57.377905,204031.607363,95.698715,667.549730,-24.702574,675.461350,-144.475072,673.713227,59.971177,0.001757,1,0
5.333000,-62.730354,202490.438075,177.370837,203834.361591,57.257354,203080.801713,95.338899,678.114413,-24.743780,671.874431,-144.561688,679.617303,59.969041,-0.004586,1,0
5.367000,-62.784301,202835.359180,177.424605,202940.852006,57.538852,202285.471504,95.416614,672.343112,-24.715907,677.872303,-144.467780,671.094937,59.974088,-0.005200,1,0
5.400000,-62.564071,204469.203860,177.480462,202796.583475,57.338902,203557.312439,95.224335,669.352509,-24.346952,672.952810,-144.711112,676.995917,59.977832,0.006786,1,0
5.433000,-62.577133,204303.233236,177.522269,203433.831834,57.487772,203453.081167,95.494618,671.659093,-24.332645,669.351791,-144.367388,668.333004,59.967078,-0.006459,1,0
5.467000,-62.605451,202161.037838,177.485883,203334.457930,57.466643,202342.010406,95.497599,671.709235,-24.478247,673.265176,-144.627902,671.136360,59.972431,-0.001493,1,0
5.500000,-62.421590,203129.015596,177.342734,200989.882734,57.435852,205891.328448,95.447570,669.083418,-24.655499,676.276032,-144.638171,664.068339,59.966681,-0.003141,1,0
5.533000,-62.718146,203437.876981,177.213452,202838.338815,57.439310,202827.563350,95.064955,672.081236,-24.727711,672.088338,-144.383813,668.963653,59.967924,0.006704,1,0
5.567000,-62.857602,203225.903148,177.482272,203374.279522,57.371838,204552.856528,95.258970,671.793173,-24.523885,675.919382,-144.666108,678.303475,59.969178,-0.004341,1,0
5.600000,-62.789854,204065.871646,177.341623,203328.051492,57.355093,202993.873311,95.009484,672.888241,-24.773294,671.142478,-144.723248,674.734603,59.969722,-0.004947,1,0
5.633000,-62.545420,202561.732197,177.401886,202316.950649,57.240155,203653.384195,95.125099,675.922127,-24.464892,675.190669,-144.686183,672.092865,59.959231,0.002537,1,0
5.667000,-62.408106,202230.718880,177.356569,204301.321876,57.254230,202922.585951,95.721597,672.760793,-24.656279,675.369982,-144.707128,671.783247,59.972109,-0.000533,1,0
5.700000,-62.845481,203161.573042,177.211252,203064.762269,57.237264,203124.652391,95.252312,672.840238,-24.663452,664.886657,-144.974262,664.031454,59.964741,-0.005192,1,0
5.733000,-62.538385,203558.248592,177.081352,203197.725564,57.286045,203706.007467,95.502595,669.843373,-24.737449,671.789274,-144.779768,664.923226,59.965166,-0.003344,1,0
5.767000,-62.512688,204127.027996,177.283434,205769.765646,57.616183,204088.979728,95.443811,670.439337,-24.559966,671.538575,-144.289196,677.261802,59.965279,-0.011514,1,0
5.800000,-62.609207,202298.711477,177.248442,204780.955840,57.366420,203450.802524,95.805466,666.449376,-24.797747,662.310760,-144.650980,672.197739,59.968518,0.006659,1,0
5.833000,-62.702640,203891.268365,177.454018,203959.350629,57.507184,204288.751398,95.257171,673.315653,-24.471920,674.152573,-144.627665,673.333936,59.968179,0.010376,1,0
5.867000,-62.683544,204328.083972,177.149109,203717.616462,57.265688,203021.018662,95.555364,662.064441,-25.124230,664.674836,-144.546812,665.207452,59.971106,0.009532,1,0
5.900000,-62.659748,202694.719215,177.183712,203267.965052,57.220182,202300.851825,95.332700,669.450486,-24.627618,669.661470,-144.590974,670.664442,59.968253,0.002145,1,0
5.933000,-62.701070,204418.820348,177.293473,203686.485028,57.248985,203705.032541,94.937756,661.538858,-24.444613,670.274266,-145.154966,664.200075,59.970498,0.008307,1,0
5.967000,-62.649529,204863.260478,177.393600,205312.488235,57.192790,203143.215143,95.611587,663.658936,-24.872186,672.226835,-144.808737,662.345895,59.967762,0.002805,1,0
6.000000,-62.695029,205939.722104,177.353280,204591.246586,57.442440,202500.408909,95.018196,673.009526,-24.736864,665.141511,-144.359513,671.478462,59.972693,0.006372,1,0
6.033000,-62.531634,202819.255533,177.173968,203757.095452,57.218051,203547.415012,95.545670,667.393046,-24.814278,671.806180,-144.934679,662.259213,59.970790,0.004070,1,0
6.067000,-62.538483,202973.513500,177.235664,205045.444761,57.391944,204521.988502,95.457573,663.739781,-24.520363,672.302497,-144.844740,662.442945,59.962659,-0.004697,1,0
6.100000,-62.627866,204523.556567,177.270077,204725.797052,57.287348,204508.844642,95.526341,671.966668,-24.662380,668.786098,-144.857082,670.425929,59.972523,0.000882,1,0
6.133000,-62.694087,204993.675821,177.350155,203328.007964,57.397692,204983.414617,95.360592,673.166250,-24.482373,673.049633,-144.881414,671.942382,59.970983,-0.006222,1,0
6.167000,-62.708635,202808.296755,177.414562,204504.455499,57.270008,204426.571677,94.992510,664.115808,-24.542972,674.511797,-144.805454,666.703741,59.973662,0.006160,1,0
6.200000,-62.591984,203422.027870,177.450349,205547.521431,57.352180,203445.222883,95.513193,672.082483,-24.500509,673.248225,-144.312548,671.812556,59.971476,0.004452,1,0
6.233000,-62.543280,204134.036155,177.166359,203445.480613,57.282735,204543.139657,95.655261,676.877403,-24.571240,662.821088,-144.670471,672.075960,59.966442,-0.011061,1,0
6.267000,-62.836449,204302.405874,177.277651,205205.757271,57.344744,204264.611909,95.033977,667.331201,-25.095524,671.458167,-144.475573,666.873358,59.969435,0.010227,1,0
6.300000,-62.770476,202893.510605,177.251214,203314.005647,57.267967,202293.191551,95.267856,667.210667,-24.692886,671.381142,-144.751097,662.715110,59.980265,-0.001009,1,0
6.333000,-62.765064,204005.400145,177.208004,206398.435542,57.355166,203272.105440,95.517117,677.025559,-24.807739,671.029664,-144.697006,672.986545,59.980298,0.006320,1,0
6.367000,-62.805716,204680.044339,177.361991,204539.628742,57.233413,204996.709482,95.049405,671.360678,-24.562983,669.498065,-145.338329,668.235418,59.969899,0.005527,1,0
6.400000,-62.733047,204775.323653,177.367635,204884.004057,57.189558,204470.772599,95.427259,660.194617,-24.558512,670.187361,-144.953429,672.947197,59.971013,0.000303,1,0
6.433000,-62.590488,202512.203779,177.332206,202715.987813,57.178987,202406.031157,95.478428,679.925878,-24.782865,672.274272,-144.664454,677.319905,59.967514,-0.005590,1,0
6.467000,-62.978794,201872.356424,177.323364,204413.906902,57.344700,204242.884931,95.130420,674.053460,-24.548797,669.343550,-144.738807,674.643405,59.969445,0.000410,1,0
6.500000,-62.669051,203230.407785,177.260608,204637.668614,57.347650,204717.673303,95.334281,672.069409,-24.601507,674.094972,-144.616919,674.571527,59.969446,0.000994,1,0
6.533000,-62.829825,204566.083289,177.387419,204355.267832,57.181800,203470.460832,95.105440,678.657926,-24.689987,675.181994,-144.625390,673.667141,59.970649,-0.004863,1,0
6.567000,-62.658472,204433.126647,177.288668,203584.218175,57.218749,205924.212853,95.443492,664.164105,-24.906312,677.850241,-144.669305,674.101291,59.967726,0.004625,1,0
6.600000,-62.632909,206401.870781,177.313208,204342.908276,57.322536,204540.105552,95.225743,670.750890,-24.689175,673.328624,-144.575373,669.771222,59.969067,-0.008360,1,0
6.633000,-62.615593,203184.870546,177.332973,203697.731661,57.142163,204283.005793,95.307050,677.464866,-24.399979,674.584018,-145.018710,675.079633,59.977759,0.003263,1,0
6.667000,-62.620851,206141.056003,177.157192,205073.650596,57.323382,206249.199147,95.140777,675.915946,-24.872553,673.474243,-144.848880,676.141333,59.971943,0.003441,1,0
6.700000,-62.707991,205611.466991,177.319098,202202.405163,57.111543,202616.639958,95.517934,676.427888,-24.917413,683.876302,-145.131641,682.010484,59.970147,0.001125,1,0
6.733000,-62.595682,204594.168361,177.288801,205967.297827,57.323674,205781.324105,95.305384,665.396572,-25.108745,670.477456,-144.353409,680.459407,59.976869,0.001920,1,0
6.767000,-62.506962,205191.387961,177.257799,202471.810528,57.248767,203407.591187,95.318907,680.622151,-24.817138,680.026860,-144.566679,674.318094,59.969246,-0.003149,1,0
6.800000,-62.746588,204560.321716,177.270760,203838.483890,57.271106,204346.355777,95.269895,681.588527,-24.574256,680.303473,-144.747711,682.524579,59.971458,0.014548,1,0
6.833000,-62.711002,204260.506445,177.358510,203031.491256,57.199103,204512.145488,95.237726,683.285666,-24.590692,675.860125,-144.685731,673.922155,59.967141,-0.009166,1,0
6.867000,-62.656869,205454.771418,177.187616,205025.985139,57.173501,204431.388685,95.405686,679.117375,-24.931975,668.992002,-144.796255,682.003119,59.961574,-0.004364,1,0
6.900000,-62.739854,203433.776060,177.103938,203901.082016,57.243680,203544.723105,95.335368,672.253817,-24.957583,679.355206,-144.841861,670.901485,59.975947,-0.010751,1,0
6.933000,-62.514809,204383.230309,177.441946,205357.468729,57.417606,204422.269872,95.605593,682.603438,-24.412882,680.687296,-144.726658,677.632620,59.974065,0.002577,1,0
6.967000,-62.765377,203656.786782,177.403314,204272.755493,57.287490,204343.323814,95.528279,679.409889,-24.680616,676.338191,-144.878950,680.154981,59.973230,0.010254,1,0
7.000000,-62.771860,204372.194768,177.196947,203570.881156,57.108091,203158.620583,95.182972,674.270822,-24.957727,671.267137,-144.647434,672.364734,59.972102,0.011099,1,0
7.033000,-62.767799,204984.394461,177.210310,205509.862322,57.246830,204456.034047,95.244095,680.673053,-25.074512,674.290851,-144.559646,678.176080,59.971257,0.012994,1,0
7.067000,-62.647863,207234.939114,177.054813,204236.153190,57.308637,204418.998926,95.396117,680.507904,-24.780093,677.594455,-144.528309,671.704331,59.964476,-0.008280,1,0
7.100000,-62.786327,204303.058781,177.293634,204728.431195,57.341514,204361.356207,95.364102,679.903510,-24.877305,680.586141,-144.770373,689.629617,59.957628,0.004080,1,0
7.133000,-62.720105,205189.126861,177.213367,205479.162396,57.279023,203620.196433,95.138888,685.582972,-24.998161,683.921559,-144.652898,679.906995,59.963822,-0.006384,1,0
7.167000,-62.729197,204927.064309,177.428930,204464.464334,57.166779,205926.096233,95.477503,675.583397,-24.456921,675.526945,-144.707522,677.314630,59.966878,0.001942,1,0
7.200000,-62.672036,205369.165545,177.438097,205993.349284,57.266282,203943.575089,95.049502,677.330102,-24.367069,677.533460,-144.787349,678.810022,59.967755,0.000272,1,0
7.233000,-62.759540,205277.620701,177.425339,204130.834217,57.206622,203857.888007,95.093573,673.699083,-24.365397,677.840552,-144.886453,675.659659,59.966257,-0.007959,1,0
7.267000,-63.164769,206731.100705,177.118109,204790.541262,57.260402,205031.970875,94.750217,676.984368,-24.729943,678.993391,-144.783295,676.158829,59.970399,0.014718,1,0
7.300000,-62.637307,205531.685918,177.350424,205499.805751,57.127143,205688.745645,95.397726,672.259276,-24.579301,675.559510,-145.006171,669.288035,59.964107,-0.001911,1,0
7.333000,-62.573724,206971.213017,177.290696,205493.593838,57.264168,206811.470147,95.507247,676.891878,-24.797131,680.125139,-144.584922,676.334213,59.963857,-0.010891,1,0
7.367000,-62.876109,205564.846116,177.369721,205318.141320,57.428914,203710.079124,95.227004,674.420925,-24.731019,669.081291,-144.630617,677.597786,59.966753,-0.016311,1,0
7.400000,-62.858133,204695.322720,177.058904,206546.570545,57.343571,205278.132251,95.026677,671.835999,-24.922723,672.774482,-144.727801,673.166582,59.964384,-0.006389,1,0
7.433000,-62.861137,206391.443614,177.299004,204670.386831,57.219630,204316.885405,95.101860,683.615423,-24.498893,677.095655,-144.955940,669.640384,59.957252,-0.006627,1,0
7.467000,-62.590394,204169.821646,177.164073,205080.131354,57.295684,206595.954333,95.388187,672.660333,-25.055866,671.547854,-144.923135,676.437272,59.960815,-0.003942,1,0
7.500000,-62.865232,204308.279656,177.201308,206302.792821,57.116925,206354.091236,94.840107,671.285250,-24.832807,674.983330,-145.184745,669.175174,59.952753,-0.004228,1,0
7.533000,-62.978613,205407.830670,177.238544,205889.126699,57.225635,205476.585992,94.850191,676.348743,-24.710005,676.023713,-144.966792,675.734351,59.952341,0.001620,1,0
7.567000,-62.828648,204475.761905,177.190609,204924.009482,57.455498,206274.391532,95.201214,674.330340,-24.886844,672.218027,-144.483318,674.915069,59.958489,0.000014,1,0
7.600000,-62.663638,205353.419357,177.265273,205371.888908,57.150182,206562.760993,95.359150,679.857647,-25.051268,677.447722,-144.872854,675.205760,59.958356,-0.009723,1,0
7.633000,-62.467767,205871.299224,177.311145,205483.726603,57.302451,205405.447380,95.690732,670.251075,-24.852271,673.778660,-144.823950,679.222769,59.946083,0.003685,1,0
7.667000,-62.668218,206700.588061,177.601047,205472.846013,57.333431,205382.841249,95.303100,675.380051,-24.382298,670.577619,-144.524778,670.901560,59.953122,-0.005672,1,0
7.700000,-62.481508,205126.022442,177.324578,206628.686759,57.385084,205959.033229,95.830768,669.842350,-24.820959,672.092744,-144.809626,680.720436,59.954282,0.009941,1,0
7.733000,-62.649989,205158.288065,177.384093,205057.278061,57.327656,205393.109615,94.957001,671.722192,-24.680402,674.739748,-144.652746,670.531948,59.958097,0.009745,1,0
7.767000,-62.693252,205578.784692,177.408791,207329.865738,57.307919,205786.879124,95.323541,671.187001,-24.180066,676.647112,-144.751997,677.243145,59.949965,0.000846,1,0
7.800000,-62.719520,204235.669562,177.329907,206880.382668,57.397814,205046.919649,95.116591,661.898128,-24.747035,670.796622,-144.626256,680.659758,59.957259,-0.006187,1,0
7.833000,-62.632823,206285.269534,177.326837,206237.010601,57.371149,206239.751436,95.516399,675.045083,-24.656266,671.058645,-144.452177,674.154274,59.957306,-0.010964,1,0
7.867000,-62.504902,205462.805589,177.361263,205732.579252,57.387140,206881.822908,95.435281,678.514727,-24.536702,674.301939,-144.516654,677.126505,59.952136,0.001271,1,0
7.900000,-62.688304,205464.077691,177.453316,204545.307265,57.331871,204734.599407,95.267380,679.911746,-24.936610,675.406596,-144.709697,670.926594,59.957840,0.013111,1,0
7.933000,-62.635868,206308.722904,177.317690,205467.413569,57.247897,205743.616674,95.242947,681.808863,-24.535228,690.617324,-144.913366,674.433526,59.958566,-0.004834,1,0
7.967000,-62.737665,205764.991269,177.380463,205999.388131,57.323264,206854.677333,95.200480,685.124153,-24.635193,673.650353,-144.532978,668.279003,59.959084,-0.004154,1,0
8.000000,-62.640829,204874.391326,177.323371,206001.042106,57.423596,207274.279614,95.335975,676.530232,-24.647149,681.569347,-144.521079,675.730383,59.947334,0.000645,1,0
8.033000,-62.671935,206771.381407,177.544808,204808.859722,57.277209,207074.516843,95.126967,670.687411,-24.428925,674.751753,-144.583535,683.160802,59.945416,0.002067,1,0
8.067000,-62.551864,205787.616017,177.400105,204914.173969,57.402079,206362.616085,95.580173,678.238880,-24.767104,670.460045,-144.598622,683.471129,59.952041,0.012834,1,0
8.100000,-62.756703,206107.367992,177.600508,205354.781921,57.273086,206880.024847,95.241273,677.229065,-24.330622,669.775504,-144.960812,678.904833,59.954924,-0.004510,1,0
8.133000,-62.430942,205655.467964,177.492421,205572.274952,57.503256,206324.758226,95.667446,674.164388,-24.443732,679.762357,-144.437382,677.379648,59.950831,0.007766,1,0
8.167000,-62.467060,204341.167117,177.472664,206354.317494,57.300318,206256.638778,95.543736,680.825223,-24.824872,672.854142,-144.428962,670.009398,59.958388,-0.008595,1,0
8.200000,-62.484741,205053.217838,177.362791,204720.132808,57.515637,205532.711576,95.723489,671.321461,-24.852663,674.601493,-144.426626,670.505724,59.957530,-0.005315,1,0
8.233000,-62.771692,204656.707626,177.391011,204212.240488,57.324102,204577.606363,95.550930,673.463613,-24.593314,671.735839,-144.424486,669.731429,59.939934,-0.005110,1,0
8.267000,-62.591258,204957.642556,177.592077,207052.855714,57.450358,205785.133798,95.348475,672.860615,-24.124328,671.232589,-144.059582,663.704122,59.954695,-0.010418,1,0
8.300000,-62.465809,206085.780710,177.472074,205536.277560,57.404020,205087.291641,95.587472,668.200516,-24.513729,675.159308,-144.638200,669.330846,59.956118,-0.000052,1,0
8.333000,-62.506317,204805.434510,177.416980,206241.205102,57.243565,205664.888160,95.194453,675.742941,-24.499993,671.486811,-144.524841,667.228962,59.958173,-0.001722,1,0
8.367000,-62.573706,206031.044937,177.411389,205575.515592,57.545785,207309.570090,95.229421,664.791757,-24.568124,662.966488,-144.566171,669.635662,59.958883,0.004107,1,0
8.400000,-62.645477,206599.332595,177.422387,205878.421522,57.508883,204638.311583,95.213785,665.280721,-24.426192,666.572224,-144.513472,666.731788,59.957540,-0.005244,1,0
8.433000,-62.658436,207176.135649,177.430997,203949.741422,57.304872,204938.178780,95.033025,670.247603,-24.498907,667.290273,-144.601902,668.830485,59.961766,-0.007574,1,0
8.467000,-62.523238,206057.751112,177.449459,204685.894522,57.450506,206539.738883,95.204481,669.609696,-24.348769,669.477087,-144.488355,669.931934,59.967001,-0.001489,1,0
8.500000,-62.480387,206156.823596,177.470497,206648.503383,57.270182,206328.598962,95.321187,671.374478,-24.724269,665.499876,-144.821826,671.248764,59.956812,0.002806,1,0
8.533000,-62.727210,205152.450603,177.324622,206127.474189,57.297859,205966.089684,95.076925,666.882708,-24.728430,666.986242,-145.070100,676.351935,59.962857,0.000008,1,0
8.567000,-62.514037,205772.814620,177.250837,206404.984300,57.280214,204911.561662,95.382854,672.331337,-24.706148,671.825985,-144.770421,669.134856,59.964107,0.000136,1,0
8.600000,-62.579418,205710.900217,177.348918,205927.471628,57.452055,204751.185889,95.380799,668.696017,-24.454132,666.318993,-144.471984,672.731974,59.960959,-0.000558,1,0
8.633000,-62.577181,206321.254929,177.212175,204892.909803,57.242431,205120.258217,95.484292,673.265040,-24.851495,666.967495,-144.735322,664.699984,59.959260,-0.002802,1,0
8.667000,-62.708247,205906.679144,177.389525,206165.188503,57.387212,206702.008537,95.086066,669.600084,-24.450621,672.306259,-144.471411,664.490364,59.956013,0.005841,1,0
8.700000,-62.729475,205950.873627,177.410383,203247.443402,57.383669,205864.927277,95.217731,668.400315,-24.538982,677.192508,-144.862859,665.285751,59.963154,-0.000838,1,0
8.733000,-62.618041,206013.819232,177.403249,206562.957657,57.209877,205623.599050,95.346256,668.552124,-24.665318,664.138254,-144.944216,665.856278,59.964119,-0.010223,1,0
8.767000,-62.734767,204226.828501,177.339174,206730.045526,57.301460,204776.626797,95.128202,667.441364,-24.771201,666.668879,-144.499504,666.220786,59.959269,0.006500,1,0
8.800000,-62.658968,204226.185647,177.401004,205522.375608,57.173106,205488.964233,95.027718,669.335986,-24.670618,669.745507,-144.883578,664.385524,59.956019,0.000896,1,0
8.833000,-62.722011,205619.425823,177.235640,204869.079132,57.326989,205740.683223,95.270376,666.570565,-24.998091,665.968715,-144.421219,670.550001,59.953336,0.006410,1,0
8.867000,-62.683917,204892.497924,177.305190,206631.622613,57.270807,205819.641202,95.104018,669.549193,-24.722758,670.710942,-144.387451,667.493892,59.957471,-0.002370,1,0
8.900000,-62.918884,205790.742962,177.301222,204995.268719,57.368363,206754.838287,95.263035,665.964688,-24.763767,666.168345,-144.555772,668.160504,59.949767,0.002881,1,0
8.933000,-62.805005,205045.254066,177.475390,206165.607399,57.255669,205506.637157,95.088574,663.014056,-24.412678,667.658688,-144.632909,669.372498,59.958811,0.002558,1,0
8.967000,-62.967755,204753.476241,177.265386,205534.087841,57.283975,206403.077797,94.585797,664.179381,-24.873390,664.852756,-144.484725,663.951182,59.962660,0.005533,1,0
9.000000,-62.844970,204598.629292,177.247301,202475.311192,57.072006,207653.074588,95.033753,666.687630,-24.685956,663.458907,-144.781532,665.445649,59.957160,-0.002985,1,0
9.033000,-62.863330,206875.383229,177.097575,205775.667094,57.315654,205849.090543,94.883077,660.363748,-25.258751,667.833489,-144.735097,665.338368,59.956021,0.002023,1,0
9.067000,-62.753455,205262.363298,177.107362,204564.655964,57.171353,205163.724018,95.285270,667.493142,-24.798623,670.460794,-144.859638,672.653263,59.959563,-0.009246,1,0
9.100000,-62.831293,204019.732389,177.226955,204512.086389,57.294607,203402.293650,95.412326,661.611644,-24.972814,667.526098,-144.761057,664.756347,59.964080,-0.014840,1,0
9.133000,-62.775105,205271.399804,177.087433,204826.479372,57.118893,205473.947536,95.311517,676.583585,-24.959259,662.353991,-144.956359,669.060383,59.955518,-0.010962,1,0
9.167000,-62.834742,205459.084726,177.237312,203893.603355,57.263413,207217.663121,95.201276,666.398626,-24.860449,662.582678,-144.803844,672.114406,59.966760,-0.006400,1,0
9.200000,-62.701491,206555.077624,177.227454,207035.987694,57.493467,206129.195707,95.476031,672.958921,-24.918422,670.952802,-144.709822,669.434138,59.965110,0.007655,1,0
9.233000,-62.678359,205859.198655,177.189552,205819.713133,57.351642,207358.824518,95.072043,671.582170,-24.934653,676.297784,-144.744100,667.517366,59.961931,-0.002145,1,0
9.267000,-62.848511,204666.033644,177.168118,205904.440328,57.229238,204814.786626,95.164580,675.037170,-24.916646,672.016274,-144.812637,676.000381,59.968068,-0.000224,1,0
9.300000,-62.651043,203781.360282,177.195572,205048.267126,57.158644,205932.384042,95.193834,664.907967,-24.788890,672.029219,-144.596518,665.214321,59.960478,0.007042,1,0
9.333000,-62.742660,206141.962801,177.312241,206837.288867,57.305584,206002.973064,95.370443,664.007288,-24.944395,672.394108,-144.738601,672.318552,59.970555,0.007125,1,0
9.367000,-62.701921,204786.329539,177.225477,204944.813681,57.255722,207585.479182,95.131281,666.755209,-24.683147,670.287933,-144.976287,666.668494,59.967923,0.007279,1,0
9.400000,-63.006698,204780.042856,177.167068,206036.848123,57.165225,205411.378501,94.926316,667.326953,-24.824390,672.364737,-144.632549,673.741035,59.974458,-0.001583,1,0
9.433000,-62.796046,205607.951498,177.023077,207760.047877,56.980888,206038.726423,94.744969,665.705153,-25.159888,673.007620,-144.609581,666.955790,59.963939,0.010436,1,0
9.467000,-62.887672,205949.223939,177.352860,205081.330215,57.206802,204437.370407,95.217932,664.354559,-24.483826,669.421800,-144.566671,666.392096,59.967219,-0.003273,1,0
9.500000,-62.998139,205677.307504,177.402622,203772.208735,57.160108,206405.128203,94.570719,665.418569,-24.513370,670.851511,-145.204245,671.838271,59.961463,-0.001978,1,0
9.533000,-62.847981,204848.753660,177.302188,205331.405251,57.114504,205401.718691,95.583613,669.504308,-24.621065,666.514997,-144.876422,672.372812,59.966106,0.010410,1,0
9.567000,-62.810306,205223.623688,177.037924,205470.008862,57.112538,203448.227417,95.006369,668.507316,-24.953719,663.574805,-144.770636,666.390116,59.958573,-0.002292,1,0
9.600000,-62.779833,203876.856766,177.104153,206105.444996,57.145345,205117.020678,95.178775,663.859322,-25.122171,660.082960,-145.113786,667.411129,59.962170,-0.019026,1,0
9.633000,-62.753368,207564.113563,177.188951,205399.683622,57.219415,205116.290627,95.233227,666.236428,-24.949906,668.075372,-144.775464,668.205061,59.955881,0.006046,1,0
9.667000,-62.806606,204163.239570,177.437553,205309.905812,57.251614,206353.753606,95.092178,672.696593,-24.719840,668.715818,-144.714886,660.356759,59.964736,0.005612,1,0
9.700000,-62.967318,206727.346793,177.221335,206018.605594,57.195663,206281.248811,94.948438,664.026592,-24.740182,665.900145,-144.566544,661.521446,59.959743,0.005937,1,0
9.733000,-62.612818,205776.559936,177.268580,205000.621299,57.267779,206497.435655,95.339591,664.431237,-24.735897,658.412620,-144.738825,667.050256,59.952348,0.002044,1,0
9.767000,-62.709094,205097.289354,177.176158,205180.387614,57.246866,205331.046219,95.055459,660.425170,-24.694973,670.485085,-144.760669,666.508564,59.966739,-0.001027,1,0
9.800000,-62.564848,207199.468800,177.201899,205822.854631,57.382954,204718.302232,95.579662,659.509049,-25.019697,660.782866,-144.399613,661.001904,59.964803,0.006015,1,0
9.833000,-62.758820,206404.390617,177.136102,205199.242332,57.319710,205275.925252,95.323506,671.962638,-24.918689,666.555093,-144.656825,672.446345,59.959648,0.006069,1,0
9.867000,-62.710788,207307.217020,177.337684,206985.355095,57.413746,206836.459068,95.169399,665.617707,-24.899562,666.537116,-144.164659,668.318220,59.969959,-0.016739,1,0
9.900000,-62.695974,206260.759018,177.244067,205478.692551,57.237872,205967.091708,95.074871,665.145633,-24.789906,660.250726,-144.961476,663.660055,59.955917,-0.011881,1,0
9.933000,-62.866542,206679.270114,177.141340,206394.862381,57.280457,206234.117278,95.314981,660.343301,-24.742681,659.855581,-144.746822,662.847203,59.955413,-0.001551,1,0
9.967000,-62.748792,205552.549647,177.304034,205683.358997,56.955883,205182.389249,95.218612,656.821011,-24.562330,659.555425,-144.859590,659.793785,59.965631,0.001551,1,0
10.000000,-62.748551,206235.591148,177.334097,205518.747056,57.162021,205387.173906,95.255867,665.384179,-24.609748,660.853217,-145.117248,660.580768,59.960878,-0.010118,1,0
10.033000,-62.782849,205091.865683,177.056655,205473.380739,57.216648,206314.392204,95.425886,663.750706,-25.091904,663.250362,-144.569471,663.401692,59.949383,0.011223,1,0
10.067000,-62.660153,205361.568725,177.163182,204730.663363,57.198039,205167.718614,95.474374,668.037525,-24.871380,669.594489,-145.172666,660.576708,59.970911,0.001617,1,0
10.100000,-62.798651,206466.975529,177.109142,206277.497927,57.221831,206415.675141,95.172198,665.932838,-25.051530,666.204510,-144.827612,665.239152,59.955213,0.001428,1,0
10.133000,-62.887989,203709.951216,177.267329,204868.472287,57.107794,204132.415144,95.131151,663.803511,-24.587861,661.010179,-144.996635,669.514268,59.964894,0.003909,1,0
10.167000,-62.731254,204533.229618,177.158867,206798.800726,57.270743,206328.646927,95.527252,661.141299,-25.085882,660.602890,-144.545066,659.917701,59.958947,0.000464,1,0
10.200000,-62.740957,206304.096818,177.173713,204568.727883,57.236536,205845.387330,95.005088,664.866604,-24.695245,667.226230,-144.898922,666.331982,59.964810,0.004268,1,0
10.233000,-62.730788,204029.954657,177.006661,206067.013609,57.097123,205845.071330,95.160887,666.889015,-24.980095,670.248516,-145.210796,665.308663,59.963998,-0.004247,1,0
10.267000,-62.734796,205926.525764,177.275092,204818.357627,57.329578,206447.665834,95.240388,665.586016,-24.605185,663.405209,-144.847506,665.158575,59.957499,0.013252,1,0
10.300000,-62.929976,206425.984803,177.059503,206707.193802,57.003864,204125.912434,94.951496,661.617743,-24.860844,667.181439,-145.059368,659.910983,59.962091,0.000738,1,0
10.333000,-62.710633,206241.983203,177.182495,203713.963126,57.104786,205211.100299,95.085644,665.667453,-24.763156,664.954441,-144.890491,664.927141,59.955328,0.002823,1,0
10.367000,-62.880764,204673.949815,177.197642,205492.035172,57.354144,206171.234430,94.990012,664.757918,-24.737082,667.463151,-144.503634,669.539815,59.963982,0.001606,1,0
10.400000,-62.800173,206436.950630,177.221099,206560.693832,57.184479,204643.907032,95.240774,670.340301,-25.085036,673.744607,-144.850816,669.995266,59.962677,-0.003213,1,0
10.433000,-62.899722,204946.851342,177.202907,206797.094915,57.085659,206101.846180,95.048850,667.545540,-24.623352,662.683004,-144.912021,660.807782,59.965160,0.006058,1,0
10.467000,-62.823886,206267.190555,177.085655,204586.552651,57.100223,206189.948963,94.883331,667.036429,-25.032026,670.703943,-144.883782,661.286450,59.959625,-0.002058,1,0
10.500000,-62.866105,207021.640524,177.222840,204484.100665,57.079651,204158.827455,95.486950,664.557493,-24.745368,669.550521,-144.842329,663.475121,59.966394,0.005364,1,0
10.533000,-62.842868,205768.772639,177.108582,206296.605382,57.195336,206410.473688,95.387281,652.955086,-24.982514,660.684431,-144.972994,665.910713,59.956976,-0.013312,1,0
10.567000,-62.970439,205349.937730,177.054320,206018.050935,57.110683,205591.389686,94.753755,664.356495,-24.666433,666.357183,-145.033860,663.129392,59.954483,-0.004773,1,0
10.600000,-62.708639,205580.434626,176.968837,204535.211573,57.076165,204644.645577,94.749042,666.931304,-24.949879,659.166112,-144.836508,658.447386,59.959738,-0.004828,1,0
10.633000,-62.755887,205809.332197,177.087621,205814.691995,56.907169,204973.841068,95.369876,656.948216,-24.863845,656.357884,-144.749284,655.525841,59.963895,0.009709,1,0
10.667000,-62.849756,205927.882639,177.028950,207012.451268,57.128117,205633.454903,94.976860,656.358680,-25.239117,658.426841,-144.978911,664.847505,59.954768,0.001144,1,0
10.700000,-62.841824,205881.386989,177.021976,204972.512595,57.062248,205544.683767,95.110113,660.801799,-24.776470,658.252721,-145.124238,666.049418,59.959221,0.001102,1,0
10.733000,-62.801684,205552.120423,177.146660,206813.982148,57.121157,205200.462627,95.148513,659.662336,-24.983383,666.205111,-144.908746,663.074955,59.954503,0.018116,1,0
10.767000,-63.005460,204296.617402,177.070024,205676.034061,57.196764,204740.014245,95.129432,660.827571,-24.811875,661.085262,-145.015191,662.639446,59.951826,-0.002289,1,0
10.800000,-62.884922,204842.116254,177.117818,205994.578309,57.055542,204836.912552,95.058093,659.354338,-25.093460,656.745159,-145.174248,660.364133,59.941888,-0.001984,1,0
10.833000,-62.883230,205382.342338,177.029294,206619.829470,57.004331,206416.074051,95.230788,652.297137,-24.984297,662.684550,-144.782410,660.181454,59.952310,0.006257,1,0
10.867000,-62.878182,203378.459468,176.923412,205054.460753,57.232557,204687.443320,95.249181,656.893833,-24.940453,656.283160,-144.708039,657.909393,59.947578,-0.009965,1,0
10.900000,-62.877185,205300.980459,176.922285,205753.134402,57.146331,203987.491655,95.007624,655.762327,-25.401480,656.645073,-144.658046,654.207535,59.958768,-0.005413,1,0
10.933000,-63.046052,204029.006819,177.041517,203632.832517,56.983680,204391.260492,94.984740,653.422807,-24.789735,655.804943,-144.905998,656.898986,59.957417,-0.004474,1,0
10.967000,-62.889819,205723.682926,176.992157,205046.082504,57.219871,204599.550761,95.212521,655.623294,-24.957082,653.320760,-145.164866,651.126468,59.955524,0.009651,1,0
11.000000,-62.872603,204818.166821,176.937710,206671.335884,56.839421,205002.775833,94.961798,658.318128,-25.093461,655.676919,-145.288173,661.028399,59.955329,-0.003157,1,0
11.033000,-63.029191,206475.347404,177.107031,205059.114992,57.011460,204767.724790,94.858151,656.162612,-25.068879,654.680770,-145.087636,650.267591,59.963257,0.006246,1,0
11.067000,-62.938055,204816.662133,176.976639,205942.840888,57.085048,204141.076354,95.113597,658.139171,-25.041834,656.409526,-144.843288,650.518783,59.957269,0.000455,1,0
11.100000,-62.955336,205443.561789,177.115133,205555.684049,57.051214,205124.732738,95.234076,658.803054,-24.701779,652.928398,-145.054551,652.367515,59.957720,0.003242,1,0
11.133000,-63.044015,206902.306075,177.064473,206351.448885,57.063324,204879.337474,94.988527,652.546484,-24.820217,652.642050,-145.093008,656.663923,59.956613,-0.007360,1,0
11.167000,-63.147701,204635.119738,177.157043,205147.643247,57.134000,204434.851031,95.262028,653.889459,-25.105370,655.049363,-144.821450,649.850862,59.958803,0.010295,1,0
11.200000,-62.871951,205101.261473,176.909957,206946.211466,57.066885,206083.849394,94.928887,649.893298,-24.850299,654.844245,-144.902053,657.547954,59.952565,0.000924,1,0
11.233000,-62.968183,204573.123983,177.151433,204563.086649,57.240123,205879.902514,94.668017,652.475870,-25.274654,648.267733,-145.083669,643.899441,59.950504,0.002775,1,0
11.267000,-63.089578,202422.225764,177.106054,205925.029165,57.174962,206869.232063,94.730059,653.503899,-25.141981,648.772045,-145.145092,646.301332,59.958922,0.008599,1,0
11.300000,-63.094394,204723.199275,177.024015,205712.212278,56.976758,205243.976705,94.802224,655.617951,-24.970630,652.237881,-144.934681,652.331055,59.956717,0.004039,1,0
11.333000,-62.835483,204883.548914,177.018728,204206.135026,57.024779,205940.229185,95.291211,654.917669,-25.226255,648.992561,-145.134831,656.888867,59.955588,0.011935,1,0
11.367000,-62.846467,205090.802156,177.187306,206035.343916,56.985537,205075.845718,94.836244,651.068874,-24.994802,647.975044,-144.863424,654.688835,59.954039,-0.006461,1,0
11.400000,-63.090959,203385.103726,177.050117,205865.162891,56.965239,205202.928294,95.258242,650.150877,-24.630564,645.698182,-144.814104,655.772278,59.956316,0.006857,1,0
11.433000,-62.997069,205252.563302,176.982222,206357.253924,57.322167,204634.253733,94.933147,652.766762,-25.190440,655.872307,-144.613581,651.800135,59.960301,-0.001690,1,0
11.467000,-63.028829,205264.367196,177.168623,204140.340998,56.966955,203730.484570,94.951304,654.593246,-24.745086,652.072052,-145.289941,647.328462,59.947183,-0.003237,1,0
11.500000,-63.191046,203491.445573,177.285839,205489.715892,56.983950,204032.993764,95.090154,651.520282,-24.569891,655.801718,-145.024713,651.427978,59.963255,0.005434,1,0
11.533000,-62.780545,206407.822687,177.130147,205995.481766,57.055711,204884.545281,95.192857,650.747584,-24.870032,644.480450,-144.767566,652.060870,59.950705,0.007551,1,0
11.567000,-62.948838,204040.541386,177.024447,205166.023878,57.093080,206287.622631,95.123229,657.971189,-25.040978,648.480805,-144.800956,652.384048,59.951560,-0.002452,1,0
11.600000,-63.041395,205553.597635,177.195654,203272.775473,57.130882,204384.117590,94.744947,651.262544,-24.878154,648.906944,-145.170669,650.835308,59.941148,0.000453,1,0
11.633000,-63.034359,204150.428935,176.952647,206860.133635,56.974414,204607.744364,94.713064,647.704772,-25.173373,653.000800,-145.289031,649.715382,59.947002,-0.006902,1,0
11.667000,-63.013211,205527.584322,177.111000,204245.840681,57.160204,205977.018324,95.033121,656.893291,-24.555257,652.724786,-144.889628,650.530218,59.939141,0.000289,1,0
11.700000,-62.888519,205239.973894,176.927919,204403.375944,57.174228,205462.443089,95.015272,643.262484,-25.232732,646.564362,-144.868262,650.906851,59.947720,0.000442,1,0
11.733000,-62.884399,204174.078643,177.059388,205427.928923,57.191660,204668.250625,95.180033,649.111178,-24.819260,642.321883,-144.459419,647.933142,59.940985,-0.007601,1,0
11.767000,-62.897948,204826.671365,177.055180,205002.188713,57.257287,206763.269109,94.943900,643.633296,-25.063690,636.557607,-144.767785,643.893980,59.945199,-0.007850,1,0
11.800000,-62.814747,204666.043308,177.066336,205768.231681,57.070966,204152.140050,94.998613,648.724306,-24.818327,645.060530,-145.333233,641.892088,59.949344,-0.002814,1,0
11.833000,-62.900505,203849.721248,177.061976,204064.795185,57.207461,204319.434259,95.021947,640.875896,-24.980003,644.890726,-145.002300,647.017142,59.938039,0.000623,1,0
11.867000,-62.923647,204823.366724,177.124723,206206.684596,57.048901,206088.472969,95.159086,648.693180,-24.745901,648.092637,-144.918800,648.293534,59.949073,0.006991,1,0
11.900000,-62.916652,204743.684003,177.025507,206264.207452,57.086178,204202.845507,95.111403,648.471954,-25.101575,642.562794,-144.817502,646.598235,59.944853,0.000475,1,0
11.933000,-62.919070,205755.764216,177.017688,204949.956249,57.117101,205201.121287,95.467764,650.627646,-24.843480,648.472698,-144.750093,644.907415,59.952499,-0.007048,1,0
11.967000,-62.831317,204467.059745,177.119297,205079.961091,57.063841,203775.547346,95.359814,651.835359,-24.917001,650.063144,-144.801424,651.140400,59.953740,0.000364,1,0
12.000000,-63.018855,205448.429408,176.828048,203826.430592,57.065205,204031.458822,94.812839,646.037648,-25.186210,646.467132,-144.787854,643.025874,59.949870,-0.008802,1,0
12.033000,-62.714538,206086.239594,177.094337,203119.593273,57.071725,203881.463449,94.916752,643.966977,-24.942617,653.893888,-145.289736,652.098680,59.952711,0.000077,1,0
12.067000,-63.248474,202982.747940,177.034891,205719.084839,56.923016,205214.906063,94.722751,644.777448,-24.929297,644.742194,-145.167926,643.900700,59.948888,0.001271,1,0
12.100000,-62.946126,206084.576097,177.204333,202627.867815,57.018503,205984.450950,95.174432,645.323391,-24.809478,645.644486,-144.902102,653.410097,59.950865,-0.004565,1,0
12.133000,-62.905650,205632.715753,177.014379,205344.066846,56.922597,204662.854848,95.129698,644.172977,-25.130333,643.885311,-145.157047,642.837038,59.953273,0.007533,1,0
12.167000,-62.900153,203453.447393,177.003327,204067.761887,56.989441,205951.246762,95.313708,651.010032,-25.070842,647.332527,-145.134018,642.131466,59.956932,-0.007560,1,0
12.200000,-63.053451,205830.791106,177.028292,204904.368149,57.000976,203495.930555,95.064981,644.674596,-24.731120,647.364159,-144.832348,641.645778,59.952247,-0.010722,1,0
12.233000,-62.876113,204558.562747,176.967499,204302.180404,57.028647,205433.146176,95.165276,648.859165,-25.144755,649.335037,-144.954630,648.056242,59.944847,-0.001685,1,0
12.267000,-63.038415,205175.734178,176.959627,203695.814285,56.979638,206651.249721,95.216699,643.166576,-25.221847,650.192763,-145.237708,645.633529,59.950768,0.005636,1,0
12.300000,-62.846182,205260.795399,177.095471,207276.959629,56.967671,203219.650227,94.729288,642.531768,-24.812463,643.701475,-144.713469,642.744161,59.950154,-0.003124,1,0
12.333000,-63.022860,204245.973552,177.153931,206143.475528,56.965759,203939.752298,94.988071,651.401615,-24.818502,645.236491,-144.864254,641.063547,59.947174,0.004123,1,0
12.367000,-62.857251,205313.374146,177.140392,204665.441241,57.148012,205289.556316,95.386837,647.928352,-24.801528,648.930497,-144.877342,645.949684,59.950926,0.000708,1,0
12.400000,-63.072457,205088.543663,177.108925,204878.500600,56.854629,204857.729536,94.731095,642.757045,-25.058218,644.170995,-145.322672,640.082320,59.945669,-0.003637,1,0
12.433000,-62.893644,205727.161210,177.293242,205069.911849,57.015465,204173.918433,95.107048,648.754745,-24.841818,644.168489,-144.858023,646.400426,59.953207,0.001485,1,0
12.467000,-62.788652,204093.225282,177.228868,203984.194632,57.157508,204160.223678,95.014250,646.082102,-24.877118,640.707147,-144.822508,642.544939,59.950125,0.009129,1,0
12.500000,-62.996226,204707.568942,177.034617,203762.145863,57.066943,204954.760322,95.168377,641.767820,-25.370400,639.710203,-144.622481,641.584812,59.944282,0.000990,1,0
12.533000,-62.756321,202749.746478,177.042402,203351.991039,56.968686,204756.283022,95.185055,642.987338,-24.976739,644.197686,-145.177851,637.983269,59.945567,0.005185,1,0
12.567000,-62.928008,202713.830577,177.097235,205267.326905,57.147046,203252.996709,95.071242,639.044912,-24.807617,643.254724,-145.038011,644.672553,59.949635,0.012690,1,0
12.600000,-62.815329,203343.869991,177.206207,203965.246440,57.187119,204096.200482,95.264232,637.604959,-24.514488,639.262496,-145.012646,641.520577,59.944858,-0.005046,1,0
12.633000,-62.839692,202941.932260,177.233373,204553.004097,57.108281,205095.487058,94.991089,645.993823,-25.007352,639.879763,-144.800318,639.607965,59.945040,0.004769,1,0
12.667000,-62.934440,202132.593900,177.304976,205433.316186,57.274157,203641.140330,95.136981,639.140416,-24.790205,638.110626,-144.827530,640.604515,59.951435,-0.007135,1,0
12.700000,-62.707772,203792.895891,177.126030,204495.314185,57.191840,203655.294795,95.218987,637.944003,-25.140415,649.476000,-144.724995,640.806082,59.947966,0.002927,1,0
12.733000,-62.977468,204858.323162,176.967699,203860.264256,57.134001,204488.327773,95.364423,637.125798,-24.993363,634.498630,-144.680531,636.571075,59.956255,-0.004041,1,0
12.767000,-62.983818,205504.370945,177.040844,204675.406439,57.190332,203632.164113,95.070948,640.567824,-24.978341,640.540737,-144.768521,641.227783,59.953730,0.010715,1,0
12.800000,-62.882728,205248.772772,177.163553,206014.910122,57.319621,202919.686387,94.747909,645.311021,-24.900169,643.861401,-144.422353,638.587990,59.953013,-0.000218,1,0
12.833000,-62.870037,202521.891817,177.028887,203197.894501,57.146333,203275.429430,95.130654,639.253891,-24.718505,642.340854,-144.792457,640.683962,59.956032,0.003545,1,0
12.867000,-62.753644,204689.328900,177.073193,203831.177081,56.973860,202619.967775,95.086377,639.933741,-24.728333,642.722755,-144.812332,645.620387,59.957551,0.003989,1,0
12.900000,-62.892324,203130.334581,177.142837,204285.082597,57.150824,204630.776401,94.834067,637.096627,-24.909492,643.140919,-144.873683,640.541006,59.961061,-0.002920,1,0
12.933000,-62.749264,204804.261463,177.084617,203713.129644,57.050533,202805.926213,95.214837,645.149853,-24.494534,638.383458,-145.119658,637.087332,59.963102,-0.008162,1,0
12.967000,-62.837144,203317.214194,177.238506,206099.691967,57.140327,202849.282954,95.151231,642.210725,-24.953154,647.465158,-144.898132,633.158273,59.961329,0.002739,1,0
13.000000,-62.792403,202561.242993,177.099286,204722.095772,57.115141,202830.597490,95.123805,639.377336,-24.886263,635.222759,-145.248592,634.990939,59.962682,-0.000607,1,0
13.033000,-62.871211,203842.937528,177.169358,202271.367533,57.180509,201597.921226,94.893774,636.763748,-25.114403,641.887223,-144.683280,641.509056,59.956853,0.000157,1,0
13.067000,-62.726368,203454.115375,177.161528,203401.088774,57.166326,204414.759059,95.337294,634.452687,-24.583573,634.250223,-144.964605,635.794036,59.960877,0.006054,1,0
13.100000,-62.790808,203500.845261,177.110772,204900.017658,57.083573,203441.472239,95.155681,640.075208,-24.955094,638.827233,-144.909426,634.141765,59.959582,0.001601,1,0
13.133000,-62.719406,203056.773392,177.169891,203596.562851,56.974312,202474.211802,95.340785,637.619095,-25.168928,637.965347,-145.132965,639.332965,59.958757,0.000959,1,0
13.167000,-62.704848,205082.382873,177.264676,203834.578293,57.187722,204196.460435,95.372662,644.341574,-24.794505,627.682685,-144.696418,627.263310,59.958749,-0.008068,1,0
13.200000,-62.770651,202649.369583,177.136760,203828.649520,57.079325,205457.644316,95.255612,626.787628,-24.785326,629.949872,-144.479093,631.562031,59.957626,0.009013,1,0
13.233000,-62.725636,203178.051395,177.211143,204241.847305,57.191935,203937.115870,95.325013,626.313104,-24.719556,636.034091,-144.737396,633.571576,59.952574,-0.005522,1,0
13.267000,-62.952277,203180.101558,177.290428,203670.713915,57.082715,203198.053293,95.450578,630.221592,-25.150197,638.433815,-144.802684,628.547707,59.954428,-0.010659,1,0
13.300000,-62.772184,202636.445634,177.290177,203709.134217,57.376685,202082.832446,95.313567,628.558044,-24.667240,631.147396,-144.661303,621.941382,59.954885,-0.017409,1,0
13.333000,-62.662187,202107.018334,177.290712,202386.114793,57.267537,204569.243391,95.407453,634.191711,-24.501859,634.907519,-144.638562,635.504136,59.948653,0.004529,1,0
13.367000,-62.706267,203601.832485,177.319611,202882.977164,57.233136,203117.722700,95.278123,634.678427,-24.851079,636.193943,-144.540306,631.248710,59.955604,-0.008687,1,0
13.400000,-62.789409,203366.101876,177.176487,202287.520018,57.063767,205009.483815,95.125016,633.050929,-25.075504,636.813788,-145.175050,638.748084,59.955644,0.000768,1,0
13.433000,-62.863718,201646.837890,177.250924,203228.201761,57.309181,201382.777122,95.093694,636.577199,-24.914748,630.977454,-144.665617,632.598986,59.954683,0.011934,1,0
13.467000,-62.834168,204009.230184,177.240016,202834.021938,57.090384,202699.185228,95.133183,633.240528,-24.757753,641.505244,-144.913085,641.216362,59.952491,-0.010627,1,0
13.500000,-62.522754,204404.948282,177.387092,202347.544902,57.397769,202406.317690,95.510367,640.816946,-24.511886,638.181423,-144.384811,636.106362,59.954723,0.006765,1,0
13.533000,-62.660813,203166.822847,177.549306,204651.284202,57.374293,202096.253062,95.413416,632.500349,-24.376528,636.938333,-144.841353,632.628796,59.956109,-0.002612,1,0
13.567000,-62.754342,204549.948542,177.354640,204043.973363,57.293746,202564.403793,95.391191,631.978570,-24.669246,628.394877,-144.491695,633.624120,59.950080,-0.007935,1,0
13.600000,-62.866951,202915.131335,177.331179,201848.642732,57.323293,203265.869545,95.051152,629.048316,-24.751802,637.902864,-144.429096,631.029770,59.940042,0.016481,1,0
13.633000,-62.700603,202881.439379,177.327755,203068.942168,57.306160,202293.926193,95.174750,628.301679,-24.678761,638.230690,-144.566494,633.944852,59.949397,0.000017,1,0
13.667000,-62.688054,202894.159142,177.372251,204062.686960,57.394183,202855.252919,95.252992,629.244176,-24.369238,630.197938,-144.532912,629.562339,59.956525,0.003988,1,0
13.700000,-62.673686,202194.389167,177.439395,202671.615527,57.179246,202001.738481,95.098553,625.824835,-25.051169,623.681974,-145.037524,637.071539,59.954316,0.002369,1,0
13.733000,-62.605438,203357.366542,177.561871,203084.409649,57.427448,202227.342547,95.394145,632.822838,-24.277659,623.637008,-144.617139,631.500503,59.949373,-0.004048,1,0
13.767000,-62.652433,202734.788659,177.448724,202903.744320,57.399572,201907.070276,95.491152,633.978892,-24.333733,636.169430,-144.451595,634.456300,59.960007,-0.004209,1,0
13.800000,-62.609003,201802.925180,177.307490,203029.379342,57.264420,202409.022021,95.656570,629.214582,-24.725453,632.329110,-144.780076,632.842028,59.948402,0.013479,1,0
13.833000,-62.507065,203365.934440,177.613623,204472.007785,57.456506,202603.517456,95.633683,635.661586,-24.407683,640.584260,-144.617096,631.981441,59.952335,0.006702,1,0
13.867000,-62.677961,202969.369320,177.358580,201468.680801,57.569092,202852.753844,95.318839,635.990988,-24.358473,629.761125,-144.219563,631.594818,59.941162,-0.000799,1,0
13.900000,-62.736214,202777.514234,177.472958,203062.180629,57.361903,202592.454075,95.257624,635.031651,-24.494470,633.631541,-144.726516,629.995904,59.955396,0.007110,1,0
13.933000,-62.859076,202106.759232,177.362567,202487.122195,57.237648,202225.723105,95.439588,633.198772,-24.834529,629.384248,-144.918210,629.701982,59.950004,-0.005452,1,0
13.967000,-62.490387,203709.507128,177.363844,203334.233079,57.269156,202514.299048,95.138268,632.631191,-24.743918,635.758670,-144.932133,632.353334,59.955462,-0.001963,1,0
14.000000,-62.705671,202793.909525,177.181621,202313.769089,57.289319,202710.044805,95.549721,632.015667,-24.782847,631.764197,-144.925525,636.033535,59.949988,-0.005147,1,0
14.033000,-62.889640,201727.344470,177.420186,204275.450026,57.220771,202804.167217,95.207712,633.217451,-24.693112,636.298714,-144.713998,635.455138,59.951335,-0.001276,1,0
14.067000,-62.774909,202436.937904,177.294230,203465.828604,57.408050,202220.168875,95.288741,634.673079,-24.424512,638.281206,-144.529225,640.404549,59.956081,-0.004265,1,0
14.100000,-62.642267,202965.575353,177.351496,203702.612227,57.414593,203899.869324,95.286097,639.986224,-24.457403,634.584106,-144.588756,631.044795,59.952136,0.002759,1,0
14.133000,-62.699139,204514.088700,177.372618,204665.408524,57.251166,202651.195133,95.195464,629.729325,-24.265069,638.990306,-144.491314,632.563272,59.948925,0.008722,1,0
14.167000,-62.630707,200952.573597,177.349955,203676.601579,57.418728,204319.756341,95.233603,633.012070,-24.717117,630.425422,-144.662426,633.413888,59.947054,-0.007175,1,0
14.200000,-62.685735,202183.321822,177.378701,203914.421521,57.561344,202459.137358,94.997971,634.650521,-24.487405,631.176635,-144.877659,633.227447,59.956025,0.007185,1,0
14.233000,-62.595484,203246.182653,177.477094,204983.290369,57.429739,202816.564300,95.315674,635.637003,-24.628129,634.045772,-144.701967,639.146223,59.950643,-0.004133,1,0
14.267000,-62.585177,203237.375477,177.302416,203120.407996,57.308670,202942.492164,95.325380,630.009245,-24.672209,633.273831,-144.508441,635.812654,59.955290,-0.006220,1,0
14.300000,-62.693882,201776.505756,177.362871,203398.389707,57.362710,203248.693915,95.076395,631.040475,-24.836253,636.169958,-144.780632,634.460371,59.949134,0.006104,1,0
14.333000,-62.859093,204478.201667,177.321994,202518.544440,57.379132,203180.252191,95.175534,633.160687,-24.605702,625.050235,-144.679835,630.892819,59.949614,0.000283,1,0
14.367000,-62.521635,203555.897909,177.265494,205074.654381,57.599574,203045.984970,95.469573,632.086910,-24.852951,637.179766,-144.468397,634.773580,59.946570,-0.009381,1,0
14.400000,-62.754091,203773.679542,177.236780,204082.438446,57.324777,203824.410039,95.303073,632.807734,-24.480824,631.661135,-144.506163,640.721504,59.950390,0.000974,1,0
14.433000,-62.565150,201528.677373,177.259692,203204.016142,57.360517,203694.351228,95.491687,645.700397,-24.697662,639.256558,-144.873008,635.725365,59.947377,0.010632,1,0
14.467000,-62.715860,203659.092250,177.282395,201820.467203,57.269951,202702.565646,95.685889,639.547243,-24.861294,633.628213,-144.923916,640.015167,59.950162,-0.000962,1,0
14.500000,-62.794513,202813.150730,177.223150,202299.239743,57.293136,202189.389895,95.106086,639.485325,-24.744050,646.714262,-144.707036,643.916459,59.953923,-0.001513,1,0
14.533000,-62.611537,202746.889003,177.291101,203702.377781,57.140954,204642.371000,95.290811,633.529594,-24.826126,637.067884,-145.047375,632.563427,59.955606,-0.000189,1,0
14.567000,-62.705052,203098.860283,177.283096,204435.062471,57.289872,202156.436443,95.410261,636.182230,-24.866916,638.364559,-144.599767,634.533671,59.948588,-0.005191,1,0
14.600000,-62.784026,202626.333974,177.352178,203710.594389,57.227114,202730.774138,95.110422,631.730599,-24.453004,636.530975,-144.815734,640.547120,59.947680,0.003582,1,0
14.633000,-62.726938,202541.211011,177.322666,203040.091817,57.178613,202135.801655,95.265890,644.991393,-24.931994,645.057407,-144.633911,642.215703,59.947978,0.007407,1,0
14.667000,-62.729651,202661.396663,177.143537,202828.890380,57.204963,201766.766481,95.177244,642.743073,-24.730437,639.148073,-144.516330,643.302427,59.953141,-0.000495,1,0
14.700000,-62.638595,204324.739895,177.255680,204777.421670,57.309263,202497.437663,95.539804,639.770903,-24.872547,637.347326,-144.328931,633.601948,59.945589,-0.007184,1,0
14.733000,-62.736193,201749.057589,177.266299,201575.738398,57.160701,201906.303255,95.245161,639.021796,-24.923253,638.169911,-144.397752,635.242644,59.946154,-0.006387,1,0
14.767000,-62.668754,203316.158720,177.427879,204103.093998,57.304862,202396.068861,95.393417,640.382536,-24.747506,638.840209,-144.549879,645.603006,59.949553,-0.003744,1,0
14.800000,-62.789465,202153.283418,177.245586,203355.302190,57.326458,202403.249494,95.526070,645.349725,-24.769636,636.687537,-144.554795,642.087472,59.945964,0.005215,1,0
14.833000,-62.727476,202956.924406,177.287926,202055.158230,57.126463,202993.875579,95.386317,639.221936,-24.554287,642.160925,-144.939798,639.191817,59.945190,-0.008067,1,0
14.867000,-62.777120,202503.601486,177.356049,202983.378040,57.037487,202388.170917,95.231563,638.058762,-24.667298,639.854195,-144.788535,641.302923,59.948997,-0.001232,1,0
14.900000,-62.837031,201014.693501,177.079482,201003.295787,57.123666,203546.552693,94.997708,640.349940,-24.999723,635.707376,-145.118688,635.608633,59.952623,-0.009244,1,0
14.933000,-62.929454,203226.915986,177.240176,204897.210949,57.048866,202648.676875,95.134905,639.182848,-24.875633,636.864858,-145.153905,637.202500,59.951843,0.007064,1,0
14.967000,-62.946466,201007.367926,177.085877,204411.203917,57.193847,201018.403988,95.059482,645.485236,-24.947892,636.076814,-145.289462,642.748907,59.946291,-0.003215,1,0
15.000000,-62.850416,203119.811416,177.148061,202773.684874,57.197683,201461.271707,95.422435,644.131966,-24.613136,636.925465,-145.044674,640.485914,59.949847,0.010960,1,0
15.033000,-63.028334,202013.923562,177.094996,202389.568092,57.220874,203797.850753,94.955614,640.953421,-24.970448,640.353843,-144.519856,643.323587,59.945971,-0.002299,1,0
15.067000,-62.698655,203203.026256,177.190483,202530.856516,57.247916,204638.173577,95.191439,639.904370,-24.474621,639.209355,-144.726721,640.845723,59.952046,0.001847,1,0
15.100000,-62.891511,200977.274279,177.021223,201650.431574,57.294266,201263.045852,95.120129,636.808286,-24.898380,635.754232,-144.749708,636.235681,59.953652,-0.004114,1,0
15.133000,-62.721244,202735.166672,177.180500,203851.456676,57.215139,200911.017632,95.355960,640.915667,-24.935357,652.667950,-144.698891,640.708240,59.951948,-0.007758,1,0
15.167000,-62.936935,201843.608412,176.881507,201647.186355,57.036283,202670.034260,95.035470,637.690473,-25.172158,643.244981,-144.620288,642.267921,59.952968,-0.008781,1,0
15.200000,-62.918981,201436.469396,177.086562,202387.184639,57.131302,203133.515715,95.200440,642.943921,-24.955827,649.236816,-144.684719,633.599988,59.949507,-0.013532,1,0
15.233000,-62.742043,201370.541581,176.882640,201992.395626,57.107091,203070.526790,95.346015,645.001841,-25.092354,644.392617,-144.747704,641.033528,59.952272,-0.002267,1,0
15.267000,-62.755150,203697.390376,177.250129,201592.547882,57.103879,201822.944532,95.162251,639.806390,-24.879203,645.418976,-144.990890,648.914073,59.949351,-0.004263,1,0
15.300000,-62.670321,202646.250060,177.165642,201879.121196,57.308500,202932.158208,95.147801,643.015028,-24.706772,642.881729,-145.137579,645.755160,59.955356,0.001760,1,0
15.333000,-62.920556,201634.682165,177.296885,202314.245391,57.164840,202438.498582,94.945694,638.085327,-24.727386,645.147394,-145.166291,642.488348,59.958424,0.001480,1,0
15.367000,-62.813340,202468.528433,177.249265,202221.135293,57.248980,201012.577052,94.783130,643.822019,-24.867841,642.851259,-144.661234,643.630228,59.956719,0.008952,1,0
15.400000,-62.770972,202076.180673,177.155158,202309.390587,57.318074,202466.945407,95.096870,642.957733,-24.690056,635.254500,-144.795222,645.653660,59.954276,-0.003950,1,0
15.433000,-62.883658,203808.283827,177.277056,201529.844968,57.208514,202911.487973,94.987208,644.361188,-24.507117,649.117583,-145.067057,650.261326,59.947900,0.014024,1,0
15.467000,-62.709948,202363.916705,177.028723,203026.230034,57.129180,202513.054510,95.194178,640.794413,-24.803797,649.260678,-144.774055,641.812467,59.955928,0.006626,1,0
15.500000,-62.771971,202713.260849,177.332908,203855.449460,57.148042,201915.609035,95.464382,649.409124,-24.515319,646.924723,-144.905511,645.558883,59.956784,-0.006512,1,0
15.533000,-62.880268,202323.536571,177.153215,202167.065619,57.289912,202587.029614,94.969228,645.094974,-24.789932,645.138190,-144.609835,640.605501,59.954208,-0.006058,1,0
15.567000,-62.753915,201640.055066,177.251739,203053.489783,57.285249,202184.430436,95.532770,641.799589,-24.302113,636.730366,-144.366511,644.003932,59.961273,-0.005855,1,0
15.600000,-62.958928,202787.194710,177.496483,203427.034800,57.057508,203796.567673,94.880623,642.238408,-24.696321,641.748018,-144.799938,641.541441,59.961040,-0.008199,1,0
15.633000,-62.787025,203654.842263,177.293235,202228.478282,57.013626,200847.052948,95.286056,638.819296,-24.380096,636.300430,-145.261117,642.224343,59.963029,0.006160,1,0
15.667000,-62.894945,202216.835833,177.290441,202341.266925,57.186380,201553.247983,94.959918,636.405575,-24.538781,642.536913,-145.116997,642.047493,59.961592,0.002594,1,0
15.700000,-62.692955,202111.746081,176.971388,201527.035097,57.049912,201940.530592,95.171151,643.701529,-24.793425,644.846692,-145.379587,647.097843,59.961014,0.011833,1,0
15.733000,-62.907068,200620.152755,177.112692,202766.173936,57.147723,202285.648137,95.090900,641.689398,-25.073209,641.586474,-145.095113,647.713186,59.967889,-0.003900,1,0
15.767000,-62.872018,200861.983922,177.124110,204248.487843,57.125135,203283.230372,94.912916,644.243782,-24.915336,642.151703,-145.178486,642.255036,59.962633,-0.001544,1,0
15.800000,-62.881139,203583.929356,177.023492,202114.503247,57.120018,201119.291611,94.955687,642.367101,-24.660772,643.347234,-144.720082,638.112796,59.964975,-0.005788,1,0
15.833000,-62.803862,203816.431385,177.095060,203367.847508,57.184418,201580.449684,95.155877,635.867457,-24.891671,638.867812,-144.896293,643.756775,59.966969,-0.004512,1,0
15.867000,-62.761616,201230.271240,177.104473,202552.976174,57.155645,202121.061003,95.359432,641.969993,-24.861027,637.412895,-144.677518,646.909783,59.973913,-0.002166,1,0
15.900000,-62.813013,202644.722068,177.177012,202340.679704,57.188567,203416.570997,95.223198,646.036988,-24.799793,645.029417,-145.096158,642.031840,59.962109,-0.001267,1,0
15.933000,-62.960227,202744.531064,177.022077,203306.318954,57.119578,204166.406591,95.065597,649.734767,-24.802358,639.745298,-145.199492,643.300332,59.972196,-0.007042,1,0
15.967000,-62.989562,202389.361660,177.089977,202866.570215,57.158037,202572.943418,94.973671,644.239063,-24.682754,643.582693,-144.674713,651.538280,59.962110,-0.010013,1,0
16.000000,-62.604087,202508.510894,177.143796,202111.069333,57.150801,201048.719907,95.136640,642.675603,-24.908626,642.585780,-144.517092,640.108064,59.959805,-0.004488,1,0
16.033000,-62.837226,202407.749543,176.977810,201673.062368,57.311136,203631.984922,94.918259,635.575730,-24.932194,636.752627,-144.767978,646.187645,59.962164,-0.008440,1,0
16.067000,-62.920896,203725.434833,176.978371,202668.836472,57.215210,205303.325661,95.162868,641.002306,-24.988277,646.967261,-144.919031,638.092266,59.971014,0.012124,1,0
16.100000,-62.874494,201932.440416,177.162301,203348.701635,57.235184,203503.921565,94.902946,644.756293,-24.521427,639.834600,-144.811994,638.007464,59.969109,-0.005785,1,0
16.133000,-62.784547,200891.110272,177.184802,204485.564707,57.065347,202330.860831,94.938064,638.480796,-24.963302,635.898912,-145.118136,635.381963,59.963715,0.003680,1,0
16.167000,-62.733414,203093.134048,177.166898,202095.742640,57.368387,202762.630662,95.420202,634.761413,-24.628253,637.081717,-144.718848,638.400373,59.966055,-0.002140,1,0
16.200000,-62.632951,202691.189779,177.225556,203064.166027,57.271171,203054.871924,95.347657,636.763313,-24.859514,634.174288,-144.824430,636.070147,59.965242,-0.002601,1,0
16.233000,-62.620270,201637.516841,177.159952,201497.887137,57.168253,201949.951496,95.260900,635.017830,-24.808338,634.172055,-144.755158,635.591321,59.968323,-0.011786,1,0
16.267000,-62.830660,202716.777569,177.145270,202519.685520,57.060268,201143.392511,95.062634,639.736788,-24.998749,639.900221,-144.964437,633.429255,59.954384,0.005508,1,0
16.300000,-62.760158,202877.066873,177.151819,201159.422013,57.212966,203383.303794,94.860710,631.573498,-24.585559,639.150837,-144.927337,633.569146,59.964182,-0.007470,1,0
16.333000,-62.850289,201352.929535,177.097017,202607.221974,56.991429,201615.889675,95.185808,635.618657,-25.108775,644.530349,-145.087349,641.645550,59.966888,0.003402,1,0
16.367000,-62.910322,200621.193119,177.187143,203061.064956,57.049274,201167.428746,94.925865,641.348570,-24.733529,633.182725,-145.189215,640.560311,59.968908,-0.012633,1,0
16.400000,-62.786851,202635.866382,177.107642,202299.776902,57.105803,202103.201961,95.156181,640.990204,-25.008852,641.938155,-144.845306,639.681270,59.963019,-0.012650,1,0
16.433000,-62.914403,203167.143144,177.023259,200322.167174,57.305385,201156.247615,94.962369,637.300692,-24.969535,639.885110,-144.627689,642.192887,59.961867,0.008974,1,0
16.467000,-62.856474,202736.206257,176.931692,204279.578160,57.103269,203524.351731,95.322407,637.177400,-25.064087,632.268530,-144.649917,635.134410,59.954748,-0.002961,1,0
16.500000,-62.847218,203237.031666,177.071992,202613.463142,57.129314,201958.191106,95.039514,627.208349,-24.946808,633.963229,-144.924611,633.467562,59.952369,-0.001720,1,0
16.533000,-62.827065,203066.094158,177.082192,202672.027654,57.063356,201904.661884,94.898256,638.734737,-25.135924,632.920610,-144.806644,639.568762,59.954483,-0.003245,1,0
16.567000,-62.779082,203099.024930,177.083924,204569.828467,57.127041,203353.284690,94.802969,633.092819,-24.837473,632.357623,-144.985188,632.536278,59.960834,-0.001614,1,0
16.600000,-62.872853,203787.137738,177.360976,203841.900218,56.999649,202996.067078,95.243876,630.128701,-24.789944,635.405870,-144.971669,631.945348,59.965869,0.003509,1,0
16.633000,-62.951469,203502.003003,177.069000,202221.574651,57.209090,201963.881859,94.783694,634.624620,-25.021218,633.162946,-145.041156,633.456741,59.961579,0.000673,1,0
16.667000,-62.884817,202952.786092,176.911025,202284.003914,57.021536,203686.359358,95.026881,636.670215,-25.091942,641.260710,-144.867947,633.301276,59.968535,-0.010713,1,0
16.700000,-63.054609,204965.925626,176.980595,203988.848722,56.966860,202306.943691,95.048430,638.367625,-25.098201,636.638523,-144.862175,645.092323,59.953330,-0.008039,1,0
16.733000,-63.058987,203049.894665,177.050425,203620.431448,57.105700,203384.213409,94.850305,633.007561,-25.156045,640.049925,-145.162082,630.689448,59.950826,0.001861,1,0
16.767000,-62.912241,203738.630831,177.138738,203491.780875,57.040888,202383.834332,95.336192,633.579954,-24.482874,638.092891,-145.007219,641.581830,59.951970,0.000636,1,0
16.800000,-62.949718,203283.955088,177.055402,203684.000422,56.954606,204045.361202,95.357455,632.540014,-25.054406,628.943343,-144.879173,634.799582,59.947026,-0.005763,1,0
16.833000,-62.828351,203460.877208,177.074263,203398.843281,57.199077,202718.804601,95.038349,636.216123,-24.677265,642.765461,-144.891526,636.881227,59.947639,0.003266,1,0
16.867000,-62.807888,202833.169324,176.835449,202960.087904,57.145519,201316.419506,95.044185,637.553946,-25.026343,637.798619,-144.756993,636.792837,59.957744,-0.002247,1,0
16.900000,-62.911343,202468.680261,177.086803,202224.056260,57.151906,203210.367044,95.047115,635.094125,-24.776145,642.338672,-144.924935,633.208412,59.957064,0.005213,1,0
16.933000,-62.826333,201205.660315,176.897198,201103.828400,56.880012,200053.653682,95.209252,633.686596,-25.083916,633.361267,-145.216666,637.589457,59.944806,-0.006046,1,0
16.967000,-63.067328,203626.205050,177.030160,203381.925986,57.048245,201047.052692,95.175656,627.438421,-25.198605,636.835938,-145.062296,637.991052,59.959821,-0.004218,1,0
17.000000,-62.999438,202114.898198,176.933700,202832.368799,57.212885,202950.478558,95.158443,632.920112,-25.271805,638.455872,-144.925544,635.499482,59.949398,0.003714,1,0
17.033000,-62.914112,203678.538979,177.064611,201245.638979,57.020712,202734.319325,95.383055,633.476716,-25.015316,638.291845,-144.879822,633.018406,59.951254,0.000137,1,0
17.067000,-62.764843,200468.353136,177.158500,202123.140712,57.226959,202996.564396,95.323630,631.440139,-24.686976,638.181570,-144.720166,636.613811,59.955553,0.002317,1,0
17.100000,-62.963555,202431.870386,177.055414,201520.399528,57.172184,202806.900488,95.173135,636.882429,-24.999419,636.051114,-144.811540,634.646817,59.953526,-0.007475,1,0
17.133000,-63.045740,201641.511741,177.077296,203184.469355,57.284790,201611.481076,94.733905,631.446953,-24.997530,634.827877,-144.836502,627.621013,59.952050,0.002781,1,0
17.167000,-62.870887,203433.136193,177.073763,201296.856852,57.067592,201065.895138,95.357583,637.567911,-24.863089,636.182752,-145.148686,635.698470,59.957726,0.005412,1,0
17.200000,-63.000235,201400.352033,176.992870,201264.030026,57.159975,201852.576454,95.110138,633.758688,-24.876794,633.903264,-144.916494,639.157773,59.966367,-0.001857,1,0
17.233000,-62.821302,198875.454075,177.209348,202129.839523,57.067394,200185.230970,95.350377,636.121972,-24.816476,638.478455,-144.568088,636.016663,59.949325,-0.008973,1,0
17.267000,-62.931887,202297.374241,177.054760,201058.569016,57.017363,201167.396000,94.977294,633.483597,-25.424571,640.738887,-144.890831,639.232599,59.956899,0.003020,1,0
17.300000,-63.033717,200911.353761,177.244418,201724.647317,57.170541,199534.700582,94.843497,629.859986,-25.071603,632.806787,-144.504731,636.899853,59.954173,0.003784,1,0
17.333000,-62.942697,200547.369125,176.977784,200471.975500,57.211112,200264.312487,95.403844,630.876652,-24.906284,638.095136,-144.858465,636.573493,59.953190,0.012776,1,0
17.367000,-63.079086,200088.276082,177.222351,202649.844361,56.931203,202281.414289,94.803891,641.089030,-24.519766,640.040934,-144.910880,640.029711,59.951871,-0.002726,1,0
17.400000,-62.887181,201978.441315,177.041307,203675.530385,57.127225,202796.457354,94.889046,634.703485,-24.831573,637.254311,-144.965582,638.383331,59.960553,-0.000457,1,0
17.433000,-63.005307,201922.455127,177.200176,200734.245247,56.881836,202097.544643,95.029093,640.801740,-24.975395,637.154840,-145.006305,637.954659,59.956913,0.001290,1,0
17.467000,-62.643034,203724.639067,177.142667,201817.489313,57.154546,201973.089711,95.379732,635.162158,-25.342878,635.771076,-145.153398,634.819381,59.962684,0.000519,1,0
17.500000,-62.718587,202117.789748,177.040564,202981.386038,57.181291,201950.128227,95.296127,638.905488,-25.157890,629.189947,-144.922238,641.202406,59.961669,0.004973,1,0
17.533000,-62.959142,201553.024200,177.153109,202010.613616,57.129165,201266.118040,94.957156,638.122558,-24.665418,638.361573,-144.705293,637.666052,59.951567,0.004371,1,0
17.567000,-62.812925,203167.994885,177.059502,199955.757391,56.991071,202848.921037,95.062038,640.226902,-25.408652,647.588676,-144.949437,643.127168,59.964198,0.006112,1,0
17.600000,-62.756504,201543.673557,177.030291,200510.252814,57.238452,203989.533155,94.946898,638.941314,-24.681562,641.311944,-144.713160,635.673322,59.948212,-0.008955,1,0
17.633000,-62.795533,201832.178398,177.025991,202909.394754,57.007617,201123.766541,95.473819,636.150004,-25.218643,638.297517,-145.180651,641.169039,59.960330,-0.001417,1,0
17.667000,-62.760160,203812.869686,177.025112,202365.222607,57.159520,200776.399097,95.317788,643.156178,-24.989825,647.995947,-144.745213,635.362704,59.949420,-0.012644,1,0
17.700000,-62.892125,202097.270573,176.934942,202839.652609,57.091604,201010.896044,94.988350,639.720179,-25.261476,640.420974,-144.787848,643.503865,59.954170,0.004613,1,0
17.733000,-62.745639,201668.872695,177.083699,201095.330130,57.137926,202435.761169,95.510830,644.811368,-24.776510,636.340173,-144.580890,640.239540,59.953903,0.001795,1,0
17.767000,-62.897102,201571.515301,177.138724,201666.410155,57.128038,201195.516346,95.510157,638.647607,-24.857452,638.825903,-145.093403,637.767870,59.958267,-0.001801,1,0
17.800000,-62.931926,202878.082115,177.154580,201871.440318,57.218368,200028.443067,94.846655,638.664135,-24.695532,642.690118,-144.428347,639.303340,59.963008,-0.000785,1,0
17.833000,-62.723499,202219.893907,176.950964,202122.702028,57.160816,200973.718734,95.149285,646.632234,-25.079205,636.174984,-144.685255,640.459450,59.957109,-0.007795,1,0
17.867000,-62.899667,201955.525813,176.986710,202154.144940,57.103877,202313.566148,95.184318,646.614307,-25.063586,632.922150,-145.139334,631.546782,59.951953,0.007745,1,0
17.900000,-62.905482,201145.786860,176.997707,199765.752377,57.062721,201552.105311,94.910286,636.183401,-25.202595,640.084922,-144.858444,643.811607,59.960210,0.005671,1,0
17.933000,-62.974727,203151.352496,177.248150,202356.338659,57.199676,203146.194744,94.971694,641.564310,-24.785261,640.741796,-144.865746,633.673921,59.955181,-0.006370,1,0
17.967000,-62.893905,201632.538105,177.154539,203517.101469,57.138948,200705.075237,94.978326,636.945396,-24.880999,640.519278,-144.758933,638.281739,59.954414,0.001575,1,0
18.000000,-62.904379,203020.117253,176.934762,202178.579405,57.051014,201743.531409,95.269270,639.611549,-25.134687,637.225863,-144.921907,638.337882,59.952533,0.008292,1,0
18.033000,-62.663787,202985.275694,177.153950,205067.264833,57.194178,201658.313403,95.245909,638.714484,-24.987133,643.619705,-144.749034,634.756744,59.956113,0.008746,1,0
18.067000,-62.863818,202932.250332,176.936017,201587.022124,56.988512,200635.810582,95.113845,640.330356,-25.106427,641.227699,-144.837757,632.398091,59.953513,-0.002307,1,0
18.100000,-62.815675,201798.147181,177.060853,201968.570360,57.162391,200534.213194,95.195858,639.556170,-24.907018,627.924421,-144.923710,635.558012,59.948692,-0.000026,1,0
18.133000,-62.973554,202468.758473,177.199539,200648.461941,57.058247,201597.248179,94.975105,640.061412,-24.993205,634.031492,-144.962216,639.062266,59.954490,-0.007093,1,0
18.167000,-63.046571,200996.154230,176.889538,201556.587472,57.023465,202757.290514,94.941905,638.731637,-25.362055,644.050146,-144.971755,636.358613,59.951123,-0.008324,1,0
18.200000,-63.017048,201767.117836,177.073159,202264.776103,57.044159,200430.708585,94.737795,644.787674,-24.992570,644.541332,-145.303916,645.315346,59.948641,0.000854,1,0
18.233000,-62.883576,202719.099348,177.250141,201631.825810,57.068435,200289.518759,95.149519,644.490395,-24.959977,642.398587,-144.946141,640.515407,59.953753,-0.016706,1,0
18.267000,-62.684192,201680.290037,177.209426,201739.458345,57.148467,203943.033470,95.203450,637.232865,-24.914218,640.194740,-144.834204,631.392981,59.949974,-0.001713,1,0
18.300000,-62.915746,202712.962516,177.040826,201964.319272,57.198578,201548.692110,95.021535,642.569310,-25.121346,636.860661,-144.700982,648.353702,59.955371,-0.005820,1,0
18.333000,-62.734971,203020.655105,177.122134,202972.286861,57.244863,203855.088525,95.297909,645.289610,-24.947130,637.479163,-144.953609,633.949873,59.957455,0.003818,1,0
18.367000,-62.940050,202016.573147,177.028948,202683.701402,57.261346,203405.091958,95.051222,641.924619,-24.635977,640.264382,-144.895568,643.703323,59.954951,-0.011624,1,0
18.400000,-63.018785,202410.611521,177.150366,203216.819313,57.071584,203059.755531,94.961621,642.259581,-25.144001,644.035786,-145.114325,644.985849,59.956194,0.000057,1,0
18.433000,-62.968351,203730.901453,177.045942,202820.998066,57.071632,202175.809049,95.082258,646.492858,-25.013828,639.364688,-145.006824,641.338516,59.962258,0.008157,1,0
18.467000,-62.695317,200451.826675,177.051878,201443.236968,57.223311,203381.538728,95.445612,638.116639,-24.976846,639.079401,-144.778324,646.667468,59.958181,-0.001839,1,0
18.500000,-62.785961,201543.825613,177.176862,204737.618736,57.217637,203004.307593,95.151170,639.029686,-24.618345,645.120525,-144.671928,641.034747,59.966127,-0.004970,1,0
18.533000,-62.928074,202596.533554,176.893370,203791.813710,57.125622,204408.969033,95.074261,639.600439,-24.935032,634.229286,-144.842323,639.483174,59.954323,-0.001064,1,0
18.567000,-63.005582,203792.927259,177.030699,202694.807879,57.091163,201719.365007,95.291635,643.340815,-24.860341,641.148716,-144.683807,640.626732,59.959576,-0.000246,1,0
18.600000,-62.888021,201815.953890,177.029660,202460.484600,57.028760,202327.841785,95.164647,643.653646,-24.886889,642.803581,-144.841426,644.713005,59.954920,-0.002154,1,0
18.633000,-62.816314,203428.179577,177.014448,202558.755328,57.256060,203787.112689,95.269194,642.648514,-25.026492,644.602568,-144.631688,646.816829,59.959588,0.000951,1,0
18.667000,-62.920569,203318.262062,177.028205,202495.159079,57.076025,202064.374704,95.353456,645.141686,-24.933791,644.358204,-144.849453,646.006992,59.957276,-0.001958,1,0
18.700000,-62.983709,203069.867942,177.206521,203940.249520,56.995726,202862.558967,94.994630,646.490985,-24.660255,649.414568,-145.202290,651.165555,59.952342,0.009047,1,0
18.733000,-62.982794,203549.727312,177.148779,203367.055211,57.004218,204165.438179,95.166944,650.749429,-24.405216,645.373962,-145.012233,649.734114,59.950714,0.007543,1,0
18.767000,-62.956933,203533.355202,177.063128,203963.078514,57.275162,202468.149067,94.772408,647.652580,-25.320674,647.494231,-144.988309,644.089131,59.950519,0.007009,1,0
18.800000,-63.081585,204183.756314,177.160837,204129.992889,56.900750,202021.403920,95.069521,650.028365,-24.767161,645.977013,-145.006645,653.180622,59.942744,0.021677,1,0
18.833000,-62.711877,202485.184285,176.964284,201223.100583,57.104900,204730.853519,95.084714,649.992900,-24.656645,647.174115,-144.880667,649.822901,59.949017,0.013754,1,0
18.867000,-62.644075,203626.088891,177.190963,202796.040325,57.015399,203930.923276,95.460767,642.534640,-24.904060,643.783470,-145.167993,640.594201,59.954306,-0.003520,1,0
18.900000,-62.892826,203737.072018,177.034438,204415.615195,57.159748,204571.272922,95.322245,648.863119,-24.946338,649.334579,-144.971282,648.169977,59.948448,0.003030,1,0
18.933000,-62.886828,203343.488278,177.221317,204267.878011,57.112741,204033.094584,94.824566,643.559857,-24.810708,641.066273,-144.836770,647.942745,59.952480,0.010500,1,0
18.967000,-62.978903,205570.631097,177.076323,202151.555462,57.050929,203411.839769,94.979264,647.635976,-24.839473,645.705133,-145.067889,646.553764,59.959480,-0.004212,1,0
19.000000,-62.813898,202322.852869,177.131841,203822.881063,57.106483,203406.006780,95.159969,647.507401,-24.980868,642.158904,-144.608676,642.025211,59.955729,0.005366,1,0
19.033000,-62.761473,203267.201722,177.336228,204536.980321,57.102978,203705.641981,95.182535,648.957110,-24.500426,644.850669,-145.034479,645.118769,59.954818,0.004103,1,0
19.067000,-62.826205,201772.882930,176.975363,202833.008067,57.233066,202441.111112,95.487118,642.059289,-24.793034,635.899518,-144.841619,640.624596,59.950766,-0.017173,1,0
19.100000,-62.810806,203420.931582,177.286682,203238.909928,57.245788,202308.536087,94.960547,633.417908,-24.731936,643.203308,-145.066962,642.008744,59.950938,0.005362,1,0
19.133000,-62.807834,202351.447518,177.230533,202925.474763,57.089908,203507.863726,95.261716,636.291155,-24.642700,641.034950,-144.734220,637.813667,59.947403,0.003057,1,0
19.167000,-62.854527,202115.728832,177.402158,203131.513514,57.236565,202129.857400,95.253566,632.036227,-24.676043,632.365790,-144.861548,630.437154,59.952774,-0.011033,1,0
19.200000,-62.729181,203553.698072,177.456471,204623.236065,57.115545,202834.087460,94.927872,638.377118,-24.177446,645.223363,-144.592651,634.540058,59.951645,0.015336,1,0
19.233000,-62.780696,200256.844783,177.006801,203298.054871,57.217005,203968.983508,94.898347,629.421100,-25.092420,633.270508,-144.578856,635.993192,59.953346,0.008954,1,0
19.267000,-62.857808,203933.530471,177.318322,201908.357940,57.297378,201950.511795,95.042326,629.659459,-24.749818,635.579578,-144.980796,638.480289,59.957747,-0.001711,1,0
19.300000,-62.588632,203753.134374,177.431651,204805.850608,57.414992,203405.468312,95.598835,634.842169,-24.530535,631.554616,-144.681180,631.484250,59.956518,0.005907,1,0
19.333000,-62.658567,203715.859418,177.305674,204741.368640,57.339687,203883.368928,95.205482,630.499213,-24.739579,626.747135,-144.829388,627.291642,59.947517,0.004534,1,0
19.367000,-62.637266,203842.994052,177.402002,202367.857797,57.401155,202724.139093,95.359597,632.322103,-24.850571,634.650372,-144.770924,629.580217,59.953898,-0.000490,1,0
19.400000,-62.793971,203362.125264,177.450159,202083.983297,57.386683,203249.526418,94.916246,626.085291,-24.466922,632.643826,-144.547195,629.174637,59.944196,0.008757,1,0
19.433000,-62.717340,203514.292960,177.270542,202584.972073,57.372235,203734.735919,95.273814,634.654286,-24.665432,629.946169,-144.582039,637.068485,59.942681,-0.004889,1,0
19.467000,-62.855451,203909.154320,177.271275,203917.165959,57.192076,205193.637192,95.100617,635.475895,-24.488469,632.926731,-144.919639,628.601864,59.947623,-0.001824,1,0
19.500000,-62.597182,201836.281501,177.290935,204516.319413,57.372482,202040.707067,95.181215,634.723479,-24.952879,633.714838,-144.720975,626.487543,59.950087,0.001107,1,0
19.533000,-62.718060,203396.345422,177.377473,202045.804512,57.466102,203264.040093,95.200008,633.782401,-24.597993,633.394276,-144.646990,632.122840,59.956937,-0.001316,1,0
19.567000,-62.685488,202067.627536,177.313180,202475.101955,57.411629,203015.333090,95.214084,632.169975,-24.514296,625.251701,-144.555127,629.241870,59.958377,0.001377,1,0
19.600000,-62.765216,201090.182695,177.393636,203397.923845,57.313392,202104.682071,95.284842,629.202059,-24.541616,627.883648,-144.916408,633.266887,59.948167,0.006488,1,0
19.633000,-62.632962,203817.827955,177.290162,202981.853479,57.287406,202638.071338,94.978464,633.586773,-24.784696,636.478273,-144.805729,630.073647,59.957866,-0.005091,1,0
19.667000,-62.616813,203358.321425,177.428247,202672.430987,57.413385,202836.191970,95.364845,630.691313,-24.614690,639.079106,-144.510319,643.412480,59.958527,-0.007610,1,0
19.700000,-62.778822,203405.007869,177.300104,203269.797336,57.257571,203072.211423,95.277577,635.298076,-24.784483,630.976232,-144.950816,631.427874,59.954174,-0.001833,1,0
19.733000,-62.703048,202613.470497,177.322735,203990.432654,57.111969,205091.030979,95.149780,629.575656,-24.387465,633.240451,-144.942843,629.946352,59.941468,-0.007737,1,0
19.767000,-62.747037,203120.981240,177.365918,204361.961213,57.267157,203843.029307,95.529512,636.216000,-24.735070,631.992284,-144.609575,634.717096,59.953176,-0.002617,1,0
19.800000,-62.934732,202483.474667,177.288543,202944.813372,57.192585,204135.574122,95.035066,627.603008,-24.569191,636.236496,-145.280622,631.631102,59.948103,-0.013944,1,0
19.833000,-62.653386,204438.822909,177.280257,203188.835661,57.334130,203355.024644,95.518530,627.051905,-24.599166,630.550114,-144.801381,631.761132,59.957179,-0.002257,1,0
19.867000,-62.492552,204316.574719,177.259220,204257.525345,57.359313,203885.248170,95.475332,636.265091,-24.942344,629.569546,-144.877345,633.208355,59.953966,-0.009225,1,0
19.900000,-62.890079,203216.348357,177.328054,204875.025781,57.353533,203281.044524,95.176083,628.960514,-24.933425,632.249899,-144.601603,632.767062,59.951306,-0.010621,1,0
19.933000,-62.466909,203015.623977,177.374843,202534.980155,57.285808,205514.631479,95.668068,632.043248,-24.472741,635.697527,-144.672257,627.707841,59.950394,0.004908,1,0
19.967000,-62.414043,203741.718173,177.431524,205740.023736,57.412832,203420.636233,95.873789,631.827014,-24.634534,625.459549,-144.495302,636.590268,59.953426,0.003613,1,0
20.000000,-62.558719,205237.671736,177.405027,202615.256259,57.390678,204631.455614,95.391402,632.029346,-24.639786,627.937304,-144.402810,630.737992,59.950186,0.008058,1,0
20.033000,-62.738264,203314.574303,177.203698,203037.474244,57.380987,203236.043268,95.435313,633.319153,-24.634410,630.198892,-144.542773,634.604025,59.952224,-0.003437,1,0
20.067000,-62.803997,203100.871483,177.168850,203110.139982,57.352473,202634.447718,95.224667,628.924506,-24.977514,629.396742,-144.395836,621.861263,59.949540,-0.008306,1,0
20.100000,-62.461107,203103.151471,177.590931,202583.067910,57.361205,203807.993454,95.722180,626.200820,-24.449726,627.219882,-144.795429,624.803735,59.952150,-0.009007,1,0
20.133000,-62.574857,202126.818851,177.302087,204592.127991,57.207693,201954.129498,95.642181,633.118574,-24.794556,631.009434,-145.065738,622.123828,59.946835,-0.004819,1,0
20.167000,-62.664467,203746.063947,177.351808,204929.549008,57.210427,204191.816657,95.369147,624.035210,-24.486852,628.584307,-144.749803,627.650751,59.941465,0.001608,1,0
20.200000,-62.772923,202409.373125,177.275759,203049.229011,57.516970,203745.634646,95.400401,629.133028,-24.803210,627.064123,-144.424634,628.588644,59.957331,0.012010,1,0
20.233000,-62.603427,202277.276599,177.422411,203728.870694,57.398687,202725.360538,95.333664,628.857486,-24.799621,621.447406,-144.488962,626.823777,59.955401,-0.010070,1,0
20.267000,-62.553377,201805.324677,177.303229,202585.402015,57.382274,202432.404790,95.289856,629.632474,-24.907315,626.420674,-144.524652,623.894465,59.943967,0.002473,1,0
20.300000,-62.731885,205247.424850,177.323206,204535.319268,57.336728,201833.840472,95.189589,624.918500,-24.633053,627.257003,-144.790555,628.329642,59.946458,-0.011583,1,0
20.333000,-62.631331,205212.891598,177.391452,204676.718493,57.253232,203984.144848,95.624511,627.685684,-24.512581,637.511572,-144.989177,627.368408,59.944020,-0.003958,1,0
20.367000,-62.701960,203308.705505,177.378913,203494.912935,57.330017,204822.541468,95.209596,622.778088,-24.853136,631.584999,-144.812655,632.549931,59.942486,0.004419,1,0
20.400000,-62.545196,204372.187305,177.237420,204044.241470,57.392571,205175.687073,95.358438,628.072869,-24.524562,633.785818,-144.465016,621.243676,59.945914,-0.007457,1,0
20.433000,-62.558897,204286.609325,177.428160,205674.108832,57.466414,205166.914863,95.397117,628.764742,-24.699963,638.248792,-144.753360,627.255016,59.950355,-0.014061,1,0
20.467000,-62.688964,204027.674858,177.405108,203971.902973,57.300035,203915.121103,95.356744,637.836063,-24.794600,620.383504,-144.700408,631.193068,59.951057,0.004251,1,0
20.500000,-62.536161,205329.987679,177.382481,203400.707456,57.293658,203722.992181,95.340186,633.176107,-24.266332,635.161541,-144.567690,637.784020,59.942597,-0.007001,1,0
20.533000,-62.665276,204176.342188,177.137626,204958.210841,57.297086,205096.636844,95.196987,633.775000,-24.705853,632.964175,-144.770507,633.258745,59.943093,-0.000903,1,0
20.567000,-62.756898,204059.891555,177.434382,203467.419708,57.254413,203951.242906,95.136569,628.896502,-24.377514,635.688607,-145.020725,632.099423,59.943747,0.005301,1,0
20.600000,-62.638617,205011.394686,177.360318,204471.787464,57.546113,203140.625091,95.465305,630.988321,-24.355631,631.458601,-144.369317,632.537688,59.942696,-0.003512,1,0
20.633000,-62.658381,205042.313032,177.431325,205481.034585,57.320160,202603.798442,94.874932,630.760514,-24.309626,626.541841,-144.625924,632.007999,59.948414,0.004018,1,0
20.667000,-62.594528,205126.846280,177.220574,204222.330733,57.323816,204827.084631,95.233748,631.840667,-24.643250,634.114933,-144.725872,633.455299,59.950736,-0.014590,1,0
20.700000,-62.733681,202907.515841,177.334318,203713.002517,57.440286,205178.437773,95.013420,631.623937,-24.616717,631.337666,-144.345672,631.305603,59.942421,-0.009647,1,0
20.733000,-62.699599,203388.197546,177.175706,205634.732503,57.384455,205389.764430,95.056817,631.119260,-24.867177,632.422024,-144.743721,628.477859,59.950841,0.005384,1,0
20.767000,-62.636508,206005.133740,177.278977,206191.942730,57.401615,205674.546681,95.177378,630.150602,-24.500678,630.735722,-144.265173,627.268955,59.949170,0.008307,1,0
20.800000,-62.699481,205524.018069,177.437645,206096.367148,57.269793,204317.124067,95.305515,631.942510,-24.903141,629.392460,-144.516337,635.893940,59.952587,0.008107,1,0
20.833000,-62.779948,204508.929268,177.187369,205264.332991,57.293904,203480.301948,95.316559,633.427414,-25.193402,634.368630,-144.504777,625.690275,59.955903,0.002209,1,0
20.867000,-62.684711,205414.928959,177.216726,205799.785150,57.247149,205653.637914,95.290627,631.059939,-24.527831,624.509361,-144.983168,629.409955,59.945900,0.014209,1,0
20.900000,-62.890910,204301.791857,177.352909,204983.178190,57.167334,207260.576860,95.021634,635.809344,-24.593324,636.388029,-144.978594,636.403540,59.945857,-0.004888,1,0
20.933000,-62.693778,204476.217726,177.151286,205542.359679,57.326389,204999.356269,95.323134,630.866800,-24.478586,629.610821,-144.647355,635.702438,59.950956,0.006515,1,0
20.967000,-62.732098,205584.871283,177.167343,204517.688418,57.411136,203409.355451,94.897782,631.019278,-24.895886,624.318408,-144.770695,635.388828,59.949698,0.010381,1,0
21.000000,-62.752895,205440.630725,177.148850,204837.228675,57.031028,205889.858042,95.120946,635.462064,-24.964084,633.320267,-145.014916,637.342245,59.946472,-0.007277,1,0
21.033000,-62.578531,205455.610482,177.069744,206072.908097,57.377703,205318.663741,95.250028,636.552493,-24.673472,634.687553,-144.759343,634.707632,59.942352,-0.004724,1,0
21.067000,-62.672006,204439.063993,177.081162,203926.410658,57.208171,205032.753534,95.234145,632.596681,-25.059317,625.063648,-144.746551,635.993047,59.940656,-0.007674,1,0
21.100000,-62.681005,204008.541549,177.205661,205426.212141,57.338436,203597.223687,95.273060,637.291834,-25.115848,627.249292,-144.821329,632.501734,59.950901,-0.010947,1,0
21.133000,-62.855751,204763.532093,177.273603,203534.383558,57.171976,203798.998654,95.163584,632.500909,-24.800786,636.180308,-144.497765,635.348057,59.941949,0.012545,1,0
21.167000,-62.732921,203965.455333,177.277740,203502.119050,57.091299,203905.153979,95.246967,634.415148,-24.542685,625.565573,-145.021961,638.450604,59.943403,0.011211,1,0
21.200000,-62.785147,204779.780295,177.274546,205770.868137,57.074244,205629.004198,95.163482,630.207780,-24.574592,635.659194,-145.194004,635.106949,59.951491,0.016716,1,0
21.233000,-62.740712,202918.216876,177.208876,206435.215959,57.284616,204744.216595,95.409342,633.292746,-25.030488,629.847241,-144.746117,626.679756,59.935992,0.004237,1,0
21.267000,-62.717252,202898.313524,177.015517,204089.470216,57.070631,204796.424292,95.340038,636.383803,-24.844532,626.706312,-145.366604,631.411867,59.937523,0.003645,1,0
21.300000,-62.868293,204162.346839,177.130820,202075.909983,57.131267,204537.889678,95.102293,631.570640,-24.707228,627.415932,-144.700020,624.998347,59.941449,-0.006394,1,0
21.333000,-62.889525,204074.781090,177.168631,203714.315538,57.187874,205095.472208,95.112605,627.679474,-24.811883,628.254359,-144.505385,634.679497,59.945380,-0.011656,1,0
21.367000,-62.868255,203706.030509,177.287949,203354.979080,57.244028,204645.765251,94.793491,627.116472,-25.055712,631.581993,-144.716593,628.399299,59.944022,0.001734,1,0
21.400000,-62.822780,203612.036663,177.132838,203984.855504,57.124203,203859.013135,94.835113,631.864998,-24.822276,638.348847,-144.796021,631.958936,59.936862,-0.010738,1,0
21.433000,-62.816708,204388.301655,177.233542,203940.376183,57.227958,204500.904218,95.218567,632.461863,-24.950621,636.224683,-144.977431,630.336834,59.940811,-0.004041,1,0
21.467000,-62.568942,204603.462679,177.206629,203219.618580,56.975398,201745.673514,95.798301,635.603323,-24.942386,628.013902,-145.083683,632.578954,59.932998,-0.005958,1,0
21.500000,-62.899751,204046.742359,177.094636,202857.883229,57.127783,203878.617977,95.105629,635.642395,-25.105461,633.968292,-144.908650,636.812004,59.944131,0.007455,1,0
21.533000,-62.759272,203995.439975,177.199844,203934.178451,57.386413,203782.772885,95.304571,641.084323,-24.600139,637.986970,-144.376000,631.417798,59.943128,-0.017021,1,0
21.567000,-62.919243,203419.222685,177.102064,203155.791954,57.110218,202511.148850,95.256882,643.580519,-24.538336,631.894243,-144.807260,641.086358,59.933535,-0.010301,1,0
21.600000,-62.682338,202589.060495,177.206151,203418.759266,57.349087,203452.361627,95.453122,627.079321,-24.621203,627.466291,-144.698182,630.913706,59.932594,0.010330,1,0
21.633000,-62.815006,205152.019649,177.165977,202603.181586,57.252789,204680.770948,95.259540,641.327286,-24.535245,638.150620,-144.742731,637.148802,59.935575,0.003615,1,0
21.667000,-62.777887,204332.107255,177.318482,203729.880383,57.370770,202984.333194,95.367024,639.550339,-24.541040,634.299552,-144.467039,630.903320,59.939855,0.010852,1,0
21.700000,-62.943583,203564.642975,177.232953,204447.711374,57.211144,201242.654877,94.992815,633.329601,-24.905547,639.466412,-144.634880,637.746493,59.937811,-0.001239,1,0
21.733000,-62.792135,203995.556482,177.253454,202140.139831,57.229193,203997.947908,95.026629,633.314817,-24.907047,636.939780,-144.676920,636.669349,59.932429,-0.009891,1,0
21.767000,-62.943891,204631.234757,177.137307,203444.221314,56.988499,202838.590581,95.004172,639.041317,-24.747940,636.204905,-144.868591,634.220124,59.928267,-0.001058,1,0
21.800000,-62.963583,202891.773872,177.129115,201874.588258,57.178625,204118.082811,95.093790,640.332152,-24.885406,640.851220,-144.788864,640.104963,59.932758,-0.010639,1,0
21.833000,-62.907601,202456.569332,177.108963,204120.692264,57.101342,202837.646819,95.064263,639.681870,-24.756567,636.309152,-144.895755,638.073460,59.937631,0.005846,1,0
21.867000,-62.936288,202763.842845,177.160120,202716.455509,57.221135,203423.461594,95.245872,638.649537,-24.596028,641.243228,-144.602393,636.797572,59.938413,0.009319,1,0
21.900000,-62.750808,202796.614329,177.038085,203337.003520,57.108935,204357.231363,95.289851,644.921690,-24.893443,639.674015,-144.712046,638.608107,59.940977,-0.004244,1,0
21.933000,-62.775982,202978.255897,177.254476,201098.857754,57.146091,202206.776669,95.117791,635.196223,-24.430012,636.195350,-144.993942,636.926965,59.943811,-0.007113,1,0
21.967000,-62.780534,203048.070574,177.253587,202340.414529,57.269921,202208.608696,95.264009,635.452458,-24.390433,629.406773,-144.748479,637.527101,59.939236,-0.010143,1,0
22.000000,-62.735530,203755.381135,177.218031,203642.779805,57.175458,201760.094238,95.302181,633.981499,-24.598302,643.358999,-144.777362,638.806099,59.937437,0.000492,1,0
22.033000,-62.834784,202437.053399,177.122117,203822.085631,57.192662,202233.645627,95.364538,638.681392,-24.614744,638.948459,-144.808030,637.741531,59.939354,-0.008925,1,0
22.067000,-62.805526,203285.463429,177.390486,203591.899052,57.305816,202942.863436,95.272625,633.395147,-24.829581,631.672629,-145.080776,641.930714,59.944466,-0.009173,1,0
22.100000,-62.699935,203824.501146,177.222362,202922.781159,57.399426,202412.804318,95.545909,639.547982,-25.295641,642.342630,-144.734335,634.475905,59.944367,-0.001027,1,0
22.133000,-62.754786,204339.509020,177.241139,202518.637440,57.281086,201737.493502,95.439452,637.920665,-24.691988,643.399190,-144.732064,637.249002,59.945650,-0.002206,1,0
22.167000,-62.779407,203747.836307,177.384236,202819.706338,57.394064,201310.646162,95.358272,640.375298,-24.622123,636.156411,-144.506229,641.365733,59.940428,0.013376,1,0
22.200000,-62.592465,203075.180905,177.147639,203579.141343,57.345335,202732.599862,95.509179,633.301835,-24.637492,637.892216,-144.709201,637.982903,59.939302,0.008258,1,0
22.233000,-62.906571,203766.411446,177.168801,202755.512427,57.309943,204392.124123,95.065464,641.135924,-24.665216,637.782089,-144.771317,640.058797,59.945904,0.005619,1,0
22.267000,-62.797782,203100.373214,177.169934,204274.562133,57.332030,201780.647825,95.292953,639.724089,-24.747072,630.679074,-144.647057,633.402494,59.948349,0.008004,1,0
22.300000,-62.628522,203218.287893,177.363382,202238.657124,57.114550,202576.776784,95.326061,644.456841,-24.413859,641.368954,-144.942236,641.274520,59.950195,-0.010071,1,0
22.333000,-62.672238,201212.398231,177.189209,202891.099115,57.267212,202486.113145,95.365274,631.617327,-24.861558,637.335181,-144.837763,633.416353,59.943207,-0.004527,1,0
22.367000,-62.840631,202071.563873,177.227306,203539.232768,57.179479,202460.805236,95.023970,632.533468,-25.067940,635.976323,-144.478759,640.056884,59.943849,-0.005956,1,0
22.400000,-62.743221,202587.750009,177.169838,201739.974672,57.331339,202966.094632,95.035475,637.387309,-24.959879,638.395887,-144.716582,630.250487,59.952800,-0.005095,1,0
22.433000,-62.675978,201454.383488,177.380407,201509.322948,57.272384,200284.553202,95.355838,637.566023,-24.525181,640.889924,-144.800075,633.758877,59.948550,0.006343,1,0
22.467000,-62.796938,202212.883762,177.197070,203334.335852,57.112291,200677.107717,95.482835,639.888891,-25.062596,633.957612,-144.898595,638.091884,59.946094,0.000480,1,0
22.500000,-62.748419,200726.014160,177.154480,200630.651916,57.131534,202095.886138,95.135972,640.481339,-24.934460,640.123331,-145.082598,641.363503,59.947549,0.003081,1,0
22.533000,-62.861541,201903.292824,177.226988,202063.161983,57.136829,203380.919916,95.279553,643.955381,-24.718024,642.774182,-144.776310,639.747446,59.945290,0.008049,1,0
22.567000,-62.788490,200899.038199,177.144438,204069.884730,57.231078,200846.957905,95.006401,641.109711,-24.595169,632.740576,-144.860596,640.204155,59.948296,-0.006187,1,0
22.600000,-62.843849,201688.616496,177.117169,202131.530324,57.276820,203250.971504,95.057833,635.580074,-24.899167,635.582378,-144.756727,635.585118,59.957899,-0.007830,1,0
22.633000,-62.706633,201811.135674,177.162942,201147.493209,56.977336,200072.327615,95.315942,634.948660,-25.030167,635.217248,-144.801103,632.701263,59.956889,-0.004736,1,0
22.667000,-62.811545,202766.632699,177.156996,203310.671982,57.114141,202103.343385,95.405327,640.328269,-24.712183,644.379321,-144.815097,641.892932,59.948839,-0.000877,1,0
22.700000,-62.736444,200440.003610,177.134984,205902.240262,57.300582,204105.450663,94.955245,643.236610,-25.037373,636.266083,-144.544611,634.814540,59.955611,0.008554,1,0
22.733000,-62.826402,202954.953271,177.268060,202742.760626,57.237977,201066.687778,95.194483,641.668289,-24.707807,637.505240,-144.871150,635.915381,59.958291,-0.007751,1,0
22.767000,-62.594139,203692.563193,177.190136,203882.095151,57.091427,203967.027971,95.501076,640.384315,-24.528698,638.455464,-144.887852,645.647473,59.955196,0.002343,1,0
22.800000,-62.785282,201598.240207,177.406167,203992.266702,57.168947,202978.523955,95.100058,646.432036,-24.689505,643.841880,-144.953704,639.007127,59.959766,-0.007651,1,0
22.833000,-62.786546,200633.483200,177.355513,202064.420263,57.221363,202134.833962,95.306177,646.432798,-24.799046,648.568084,-144.737907,636.165225,59.953747,0.002378,1,0
22.867000,-62.712945,202580.419177,177.180223,202193.617768,57.257032,201343.678090,95.468521,646.996057,-24.871479,644.915006,-144.640084,638.737815,59.952811,0.002688,1,0
22.900000,-62.682044,203729.170507,177.175518,202207.340051,57.124572,202663.424929,95.320273,636.570785,-24.857300,644.077131,-145.641035,644.782303,59.955576,0.000636,1,0
22.933000,-62.657368,203425.037551,177.306945,201943.840449,57.241307,202065.090787,95.222099,640.646877,-24.864439,642.665951,-144.581959,638.119821,59.957268,-0.003935,1,0
22.967000,-62.686916,202686.849189,177.370474,202268.053985,57.101644,203731.691892,95.291534,639.651340,-24.586336,644.571711,-144.949896,640.362232,59.955346,0.003613,1,0
23.000000,-62.902725,202301.633865,177.094995,204299.639115,57.103558,202922.920084,95.351584,641.465704,-24.908538,643.179792,-144.855242,643.145389,59.956666,0.002837,1,0
23.033000,-62.643461,201881.240631,177.388354,202748.144643,57.210420,202380.914822,95.723548,639.545879,-24.491156,639.504181,-144.715153,637.355527,59.954384,-0.005333,1,0
23.067000,-62.891046,204479.541974,177.169878,202128.340611,57.199713,203655.299029,94.845504,642.454252,-24.777119,647.551610,-144.591115,642.134283,59.959940,0.005326,1,0
23.100000,-62.862523,202147.117284,177.113416,202803.864698,57.089387,203241.792050,95.252447,638.237013,-24.910896,644.013089,-145.159056,644.334717,59.958804,0.000190,1,0
23.133000,-62.940069,203490.103487,177.074418,203220.837437,57.176154,203045.594215,94.975162,642.601456,-24.733513,643.901019,-144.747988,638.926281,59.958532,-0.007822,1,0
23.167000,-62.864954,203231.544230,177.077151,203086.471223,57.276642,203622.456256,95.019547,644.184293,-25.032927,642.823145,-144.774230,637.595167,59.951649,-0.007352,1,0
23.200000,-62.754577,201491.406712,177.242608,204565.896729,57.154178,202980.217469,94.806998,639.171422,-24.737053,632.060634,-144.840757,639.637921,59.954031,0.011217,1,0
23.233000,-62.935713,203361.342011,177.103747,203597.755900,57.163575,202706.510022,95.296190,636.218201,-25.016387,634.910147,-144.546901,641.653434,59.949777,0.000382,1,0
23.267000,-62.645220,203143.399548,177.081363,204010.034587,57.185056,202326.344482,95.242453,640.250501,-24.877318,640.956843,-144.726511,641.404334,59.950990,0.003483,1,0
23.300000,-62.840904,203762.078678,177.274445,203613.443112,57.260331,202924.286825,95.128931,648.577903,-24.744968,640.233467,-144.821676,639.667293,59.950751,0.001553,1,0
23.333000,-62.751607,204207.140471,177.259847,203012.932302,57.252077,203495.119647,94.906887,640.746147,-24.674428,645.548190,-144.716837,638.647990,59.948210,0.002054,1,0
23.367000,-62.729860,202743.501469,177.173450,203267.977575,57.283688,204858.726496,95.310376,645.531015,-24.828785,648.506472,-144.602851,646.885553,59.948300,-0.012924,1,0
23.400000,-62.797770,202765.154151,177.113944,202743.818086,57.125573,203272.439831,95.160190,644.414111,-24.995561,647.875937,-144.852979,642.807613,59.951920,-0.000951,1,0
23.433000,-62.714633,204413.979627,177.184438,203038.395180,57.202422,203719.516767,95.169529,648.643144,-24.916232,648.420668,-144.879194,646.423667,59.941982,-0.003447,1,0
23.467000,-62.899315,202662.583308,177.158329,203719.506523,57.173906,200339.375958,94.930189,640.586923,-24.511161,645.012816,-144.713287,646.758863,59.945476,-0.004163,1,0
23.500000,-62.754330,204106.467966,177.098442,203975.895906,57.154777,202497.839143,95.526680,644.809374,-24.875853,647.415506,-144.720327,646.196641,59.947362,0.009345,1,0
23.533000,-62.901310,203422.490057,177.112729,203668.210028,57.181665,204960.930937,95.163001,645.812587,-25.055783,645.345362,-144.451497,644.787434,59.956178,0.004568,1,0
23.567000,-62.832285,202464.353033,177.280324,202512.849998,57.113641,202149.116038,95.260307,643.785763,-24.567238,643.648018,-144.787008,640.693629,59.952981,0.004172,1,0
23.600000,-62.840303,204828.990865,177.056663,203409.020780,57.178973,202726.950940,95.208366,643.483196,-25.001666,638.493431,-145.000477,648.841019,59.960132,0.002130,1,0
23.633000,-62.791444,202702.884776,177.204671,202577.370995,57.154198,203415.509700,95.291910,636.816858,-24.778510,643.584647,-144.771667,637.545668,59.954320,-0.004412,1,0
23.667000,-62.583961,202956.051265,177.144145,203156.630920,56.996285,204614.261295,95.343082,643.242678,-24.606594,634.248142,-145.117758,635.460613,59.952027,0.009341,1,0
23.700000,-62.896948,204028.594691,177.173262,204466.690933,57.111764,201463.990177,94.923643,636.994683,-24.647920,633.715780,-144.672754,638.097080,59.954941,-0.007068,1,0
23.733000,-62.684873,202646.428196,177.254202,202845.288174,57.091154,201355.184564,95.540956,645.449291,-24.665631,638.691806,-144.907456,642.799090,59.952172,0.002138,1,0
23.767000,-62.626518,203615.663538,177.399649,205040.848242,57.175272,203846.690468,95.190620,630.518622,-24.817933,642.096342,-145.058557,635.443455,59.949988,-0.005638,1,0
23.800000,-62.809205,203625.044452,177.255079,205284.122591,57.091524,204864.179887,95.061859,638.070007,-24.585518,632.064979,-144.805111,639.240066,59.955755,0.002605,1,0
23.833000,-62.695222,203818.694821,177.186460,204718.399119,57.160685,204248.066794,95.359172,641.071620,-24.777679,631.963422,-144.974255,636.636453,59.956578,-0.002608,1,0
23.867000,-62.902766,205488.262037,177.331914,203128.274188,57.066049,204813.347424,95.047039,639.856963,-24.600610,637.207938,-144.884268,633.849801,59.958110,-0.014666,1,0
23.900000,-62.780821,204695.955121,177.313245,204159.971672,57.316368,204118.982947,95.199029,641.787126,-24.739089,645.717144,-144.526718,637.835022,59.954257,-0.011641,1,0
23.933000,-62.799448,203393.783089,177.233911,204172.968894,57.130345,206165.076957,95.142234,633.473944,-24.764131,637.506304,-144.806818,638.378891,59.960334,0.006601,1,0
23.967000,-62.857793,204631.362963,177.070239,205225.147674,57.250353,205593.877483,95.355455,632.577368,-25.129170,642.287229,-144.610301,634.614288,59.960742,0.005150,1,0
24.000000,-62.873751,204943.791220,177.142428,206415.179350,57.050878,203744.159802,95.285767,637.563257,-24.917986,635.304488,-144.956348,643.275779,59.951678,0.000194,1,0
24.033000,-62.900374,203941.033191,177.335640,204163.525992,57.109844,204014.443026,95.004756,630.357175,-24.677384,632.619944,-144.603378,633.369358,59.961162,-0.008806,1,0
24.067000,-62.807440,204518.991146,176.952691,205282.987785,57.305069,204267.594465,95.483477,637.043612,-25.020001,633.373012,-144.630210,636.704662,59.957961,-0.005704,1,0
24.100000,-62.677437,205068.137434,177.157480,204703.160192,57.412063,205512.000895,95.364707,632.502588,-24.916817,633.961334,-144.734816,629.775795,59.959399,0.008824,1,0
24.133000,-62.710193,203106.917895,177.480164,204420.054884,56.982826,203981.639912,95.032652,628.230273,-24.517750,631.589071,-145.130828,628.847569,59.959535,-0.008185,1,0
24.167000,-62.692524,203990.590456,177.195389,205457.783748,56.997059,204312.108486,95.079567,640.200387,-24.503479,631.274295,-145.126614,636.872143,59.964340,0.007970,1,0
24.200000,-62.816768,204077.930220,177.231367,204512.661279,57.154258,203689.822500,95.140579,627.803730,-24.699873,631.143427,-144.781263,637.343429,59.960752,0.000739,1,0
24.233000,-62.867019,206712.410308,177.320141,205894.933580,57.195902,203466.045712,95.057746,641.200081,-24.834671,634.359314,-144.716048,639.968680,59.954893,0.000964,1,0
24.267000,-62.806749,205070.574312,177.119843,203181.487215,57.407314,203844.174094,95.265175,635.013721,-24.937057,637.592506,-144.600093,633.644825,59.964872,0.000980,1,0
24.300000,-62.847573,204597.988327,177.197606,204242.177805,57.138288,202696.029039,95.180075,631.232178,-25.151375,638.751243,-145.037773,631.616278,59.963515,-0.003670,1,0
24.333000,-62.974784,204767.997934,177.140772,205048.286547,57.124482,203821.322026,95.067990,629.754209,-25.170633,634.180548,-144.942066,634.124259,59.964410,0.003489,1,0
24.367000,-62.753082,203879.418542,176.877794,206091.496947,57.036436,203751.003590,95.452005,633.412679,-25.236283,636.272421,-144.595763,633.333187,59.962081,-0.010466,1,0
24.400000,-62.816811,206099.689674,177.115183,205646.443711,57.113317,203796.059596,95.056015,636.728722,-24.679721,644.434313,-144.697474,640.370134,59.967050,-0.005298,1,0
24.433000,-62.989460,204283.614351,177.074889,203498.061992,57.097185,204733.455049,95.121484,638.657604,-24.918917,637.215809,-144.995339,639.210381,59.959525,-0.009556,1,0
24.467000,-62.880396,204093.894817,177.224443,204255.962108,57.248980,205435.524769,95.367534,640.132572,-24.579874,644.036223,-144.344339,639.086806,59.960578,-0.000862,1,0
24.500000,-62.682305,202477.824749,177.210723,206043.234627,57.048087,204380.220196,95.537728,636.349394,-24.765133,642.199701,-145.096789,633.964239,59.961058,-0.012625,1,0
24.533000,-63.008311,204413.237026,177.235577,204625.699554,57.124772,203962.103834,94.876080,636.372965,-24.787688,632.171451,-144.722386,636.630254,59.955850,0.003990,1,0
24.567000,-62.844068,203961.308131,177.120289,205382.612937,57.080986,205858.035020,95.162658,635.120353,-24.728316,637.807665,-144.686404,636.289194,59.962775,0.000687,1,0
24.600000,-62.821149,203048.499103,177.110343,204124.966019,57.064375,204924.781103,95.222586,634.034387,-24.867934,633.892297,-144.945291,638.827234,59.960917,-0.008213,1,0
24.633000,-62.919408,204491.942991,176.916831,204016.454213,57.287040,204183.780549,95.145236,641.333072,-24.864200,640.627093,-144.912012,632.990075,59.957811,-0.002666,1,0
24.667000,-62.840575,203758.144576,177.295132,204455.741927,57.154099,203834.894639,95.080127,638.759321,-24.513034,640.192130,-144.801746,642.381758,59.949449,0.005084,1,0
24.700000,-62.976598,205188.231855,177.206381,206317.078728,57.184427,206613.983375,95.049161,645.976099,-24.477612,640.396620,-144.903616,640.331078,59.945142,-0.001037,1,0
24.733000,-62.676887,204510.270147,177.178049,205882.585313,57.212387,206077.203336,95.340021,642.611385,-24.744070,639.718400,-144.762839,640.786577,59.950305,0.012681,1,0
24.767000,-62.914673,205509.930617,177.109923,204766.042051,57.257256,203737.791615,95.136969,644.980964,-24.948922,643.921406,-144.567939,643.252420,59.951196,-0.000252,1,0
24.800000,-62.797245,204339.647610,177.410136,204461.644127,57.140937,204840.104752,94.922565,642.458271,-24.705285,645.307983,-144.945308,644.608489,59.946316,0.008164,1,0
24.833000,-62.755634,204895.618873,177.075071,205106.795414,57.218059,205113.555443,95.273799,641.833562,-25.016964,642.722577,-144.617513,643.750386,59.944491,-0.000853,1,0
24.867000,-62.743922,204963.216966,177.214420,204678.345728,57.235186,204409.831570,95.027945,642.391112,-24.986141,640.681016,-144.627561,643.715832,59.950377,-0.001178,1,0
24.900000,-62.799209,206486.794510,177.036716,204526.967819,57.282700,204505.496450,95.068886,646.824612,-24.925110,643.010076,-144.823073,645.576361,59.951020,-0.002242,1,0
24.933000,-62.729493,205383.875013,177.022853,206334.876548,57.199948,204701.160212,95.378335,644.698326,-24.913392,644.230455,-144.564814,648.819875,59.947944,-0.004215,1,0
24.967000,-62.850724,205117.782263,177.097349,206456.721154,57.251133,204383.926427,95.013265,638.825612,-24.611628,641.948085,-144.575576,644.776403,59.952728,0.006479,1,0
25.000000,-62.572699,206284.107568,177.088452,205826.301187,57.080736,206092.041557,95.336795,648.477674,-24.686512,647.368476,-144.990988,643.806955,59.948012,0.001059,1,0
25.033000,-62.883975,205676.427290,177.267321,205282.315736,57.218282,203386.199615,95.177814,645.678577,-24.666637,646.924380,-144.739354,640.131844,59.949950,0.001091,1,0
25.067000,-62.660076,203643.370833,177.365168,204609.142645,57.238690,205289.296906,95.150609,643.147959,-24.650807,642.034794,-144.756635,643.993392,59.952734,0.002725,1,0
25.100000,-62.806779,205516.348765,177.093420,205995.997310,57.323901,205026.769705,94.964697,647.724649,-24.757457,635.529268,-145.042337,643.667160,59.952952,0.004217,1,0
25.133000,-62.850109,205786.977199,177.190391,205456.248277,57.288549,205290.524305,95.210825,642.083498,-24.705852,641.166063,-145.031753,643.297941,59.946535,-0.003295,1,0
25.167000,-62.682964,207060.215213,177.300271,204970.088012,57.290242,204244.590411,95.405603,640.860515,-24.802745,642.404195,-144.688258,642.388265,59.951011,-0.000158,1,0
25.200000,-62.822044,206563.421004,177.315442,205681.402344,57.181791,205613.940146,95.134573,644.816443,-24.742519,633.499731,-144.777159,634.583306,59.956157,-0.018140,1,0
25.233000,-62.782767,204479.864298,177.314220,206473.330402,57.257940,204853.996392,95.145766,642.604514,-24.584408,640.309656,-145.042607,639.837841,59.948390,-0.008858,1,0
25.267000,-62.833154,203180.439163,177.059379,206122.886891,57.408493,206276.827711,95.462502,644.245151,-24.825576,643.381216,-144.470802,638.390420,59.945683,-0.010525,1,0
25.300000,-62.746524,205357.828944,177.258229,204978.137389,57.274421,204502.805437,95.006617,636.966640,-24.737807,649.422249,-144.787590,642.193915,59.948315,0.004952,1,0
25.333000,-62.831964,205442.465472,177.291205,205928.584474,57.200235,204027.237969,94.982655,648.234755,-24.511120,643.633615,-144.744284,647.458844,59.950143,0.000153,1,0
25.367000,-62.745650,206136.640032,177.078295,204553.335457,57.164896,204139.786463,95.542047,641.703917,-24.803945,649.808268,-144.744038,645.033653,59.943994,-0.003191,1,0
25.400000,-62.654873,203814.861567,177.456275,205617.657393,57.205003,204730.263557,95.322051,647.671814,-24.681273,648.346517,-144.839413,641.983354,59.944437,-0.002866,1,0
25.433000,-62.608374,204606.522920,177.178689,206278.496574,57.478886,206873.790639,95.653313,647.725259,-24.743188,648.605633,-144.566947,644.586082,59.948630,0.006957,1,0
25.467000,-62.882359,205086.229106,177.201878,206912.817461,57.045065,204665.205762,95.527374,645.426651,-24.851239,652.543602,-144.990549,653.456096,59.949171,0.008087,1,0
25.500000,-62.653944,203713.752087,177.322380,205818.398818,57.264271,206112.559341,95.519784,651.379756,-24.898925,645.483640,-144.734326,642.242957,59.953741,0.008162,1,0
25.533000,-62.707033,205621.533351,177.348268,204414.722895,57.205090,204891.682398,95.445413,648.950728,-24.506277,642.297718,-144.807387,643.220724,59.942102,0.001149,1,0
25.567000,-62.723693,204926.701884,177.217512,204942.032664,57.332407,206652.379552,95.066908,647.635145,-24.794294,645.731037,-144.903591,644.178784,59.945685,-0.007951,1,0
25.600000,-62.761769,205013.461024,177.154121,206087.443410,57.259181,203986.228325,95.385850,643.334609,-24.833643,647.597789,-144.500831,650.516549,59.960571,-0.001859,1,0
25.633000,-62.823640,204221.551838,177.276137,205144.984409,57.249367,206332.041043,95.301331,648.174578,-24.851965,651.100060,-144.446685,652.055110,59.947940,-0.000173,1,0
25.667000,-62.629838,204032.411809,177.210301,205935.147750,57.231056,205456.069967,95.207639,640.103923,-24.953548,645.641536,-144.626750,645.078526,59.951068,0.003252,1,0
25.700000,-62.762667,206766.568604,177.411273,205654.749101,57.201483,205960.150289,95.358993,645.565220,-24.799629,642.618453,-144.816286,634.750200,59.956207,-0.015563,1,0
25.733000,-62.860247,204547.780098,177.335909,205361.349565,57.215697,206049.896767,95.056760,642.675347,-24.795671,641.119518,-144.610808,639.096534,59.952336,-0.007272,1,0
25.767000,-62.871302,207114.611352,177.271540,204323.416706,57.371816,202937.248793,95.097514,642.052542,-24.522438,653.048463,-144.966381,640.631009,59.948727,0.000966,1,0
25.800000,-62.521764,205494.244377,177.093183,204779.502827,57.402525,203529.475448,95.677782,643.851836,-24.831235,645.463034,-144.735555,646.181478,59.955518,0.002751,1,0
25.833000,-62.578855,206937.330939,177.337402,205244.272852,57.319951,205754.604936,95.514086,634.430283,-24.343622,646.010541,-144.895920,645.080844,59.957844,0.011396,1,0
25.867000,-62.692067,205837.114968,177.167393,206843.455810,57.343002,205938.070838,95.532746,641.083535,-24.810359,642.483930,-144.662341,643.006987,59.952335,0.004166,1,0
25.900000,-62.796383,206295.510600,177.277374,205887.905570,57.298223,205514.682756,95.272956,644.668393,-24.672967,641.797316,-144.854290,638.781133,59.955290,0.003901,1,0
25.933000,-62.694696,206309.938401,177.175476,204868.415097,57.179851,205172.970227,95.412923,644.076177,-25.157497,648.465957,-144.953597,642.965516,59.957386,0.001508,1,0
25.967000,-62.825423,205471.422946,177.071200,204828.742776,57.272889,205443.238281,95.323737,642.423038,-25.105668,642.741299,-144.839595,640.506693,59.957388,0.005464,1,0
26.000000,-62.687608,206066.049170,177.165700,205027.751303,57.077215,205822.416041,95.506438,648.624218,-24.605061,648.639715,-144.810253,646.959666,59.957459,0.002573,1,0
26.033000,-62.773888,206887.300075,177.351344,204687.849794,57.331950,206590.897624,95.346773,640.353983,-24.314466,647.168671,-144.575695,639.887448,59.955842,0.004513,1,0
26.067000,-62.755744,205025.284165,177.403797,204532.352387,57.246569,205135.815117,95.104633,643.876213,-24.747741,650.129092,-144.453059,644.075946,59.954393,-0.003269,1,0
26.100000,-62.638396,203748.880486,177.298815,205615.464317,57.127543,206028.895279,95.306171,642.737410,-24.573309,647.773770,-144.572533,646.057678,59.950856,0.002134,1,0
26.133000,-62.762694,202953.642622,177.160823,204392.809562,57.395405,205793.274974,95.031877,651.662840,-24.792887,644.295636,-144.618993,648.858266,59.948082,0.000856,1,0
26.167000,-62.660721,205005.900515,177.227738,205061.001033,57.090504,207616.904209,95.401363,641.274968,-24.609072,638.403380,-144.641262,645.278537,59.948466,-0.010506,1,0
26.200000,-62.691535,204986.561799,177.305440,204307.661759,57.208367,206074.140121,95.040697,643.189469,-24.600333,639.499891,-145.032203,644.315331,59.946435,-0.006832,1,0
26.233000,-62.735509,205194.697693,177.113214,206334.915875,57.245608,204970.433843,95.544457,641.698948,-25.012064,637.363199,-144.571400,640.774757,59.942298,0.003571,1,0
26.267000,-62.761938,205098.596103,177.124002,204815.230513,57.148700,204790.808014,95.108580,648.863584,-24.976608,639.575411,-144.870261,636.841355,59.951915,-0.003907,1,0
26.300000,-62.973977,205357.360041,177.120867,204251.021105,57.151254,205214.598516,94.944533,643.317158,-24.849849,638.613492,-144.644437,638.561130,59.945814,-0.005343,1,0
26.333000,-62.863531,202916.985746,177.183704,204396.003223,57.205579,204388.195057,95.214425,647.066630,-24.686053,649.092514,-144.976941,650.354504,59.950004,-0.001141,1,0
26.367000,-62.790393,205842.147418,177.091841,205099.973771,57.128523,206518.963936,95.125084,642.657441,-24.961253,640.973119,-144.702959,643.325200,59.946238,0.005211,1,0
26.400000,-62.876809,203677.003819,177.200664,204428.304411,57.075053,204658.057575,95.041541,640.636970,-24.675249,634.426022,-144.676913,644.602858,59.945862,-0.005275,1,0
26.433000,-62.811243,203901.116842,177.099845,204259.553122,57.218294,204328.032873,95.599196,640.909140,-24.992490,643.917050,-145.026512,638.413313,59.954293,0.000623,1,0
26.467000,-62.838637,204186.336232,177.161098,203347.041525,56.954261,203606.931073,94.996167,642.877031,-24.768495,644.838829,-144.929019,641.980633,59.950308,-0.003134,1,0
26.500000,-62.874261,204981.857014,177.018345,203272.793320,57.159307,204193.360266,95.057449,648.236932,-25.321278,647.667027,-145.062057,645.588859,59.948929,0.003619,1,0
26.533000,-62.879300,203867.561505,177.163328,204705.022485,57.118872,203949.922780,95.175025,646.234147,-24.703846,637.047522,-144.870361,642.528901,59.948149,0.002341,1,0
26.567000,-62.919989,204417.551399,177.122064,202768.346362,56.982517,204587.589710,95.230743,648.224473,-25.165534,642.212977,-145.205963,640.562322,59.950236,0.017672,1,0
26.600000,-62.817980,203782.849403,176.906472,203917.734108,56.971049,205014.615052,95.326802,642.875576,-25.141620,642.241089,-145.203287,642.366924,59.957280,-0.001455,1,0
26.633000,-62.839352,203186.880016,176.873382,203746.947268,57.035146,205132.209701,95.261729,638.369998,-25.047052,638.134188,-144.874473,635.884423,59.950604,-0.006734,1,0
26.667000,-62.981515,204619.722215,177.164491,204266.175958,57.026341,204227.222358,95.006981,645.047115,-24.904016,643.023276,-145.058675,639.090389,59.948154,-0.003036,1,0
26.700000,-62.884533,203793.689642,177.144872,203995.846383,57.072460,203761.915377,95.264299,646.583902,-24.647541,639.318210,-144.474535,645.621480,59.944132,0.013152,1,0
26.733000,-63.023174,203128.057973,176.944540,204658.778066,57.109947,202803.655942,95.190063,637.874156,-25.139136,642.746748,-144.933391,645.029311,59.951253,0.002126,1,0
26.767000,-62.918709,203668.013005,177.017183,202865.182176,57.097482,201878.456957,95.194019,645.180776,-25.068874,645.123014,-144.596610,645.255476,59.944529,0.000498,1,0
26.800000,-62.970496,202666.597889,177.077703,205051.266342,56.874697,204603.138934,95.066740,639.647328,-25.306298,641.287197,-144.949539,644.814719,59.954533,0.000515,1,0
26.833000,-62.995014,204120.910714,176.912720,203225.060905,57.101720,202093.803065,95.175239,647.843287,-25.020810,648.636045,-144.527411,646.175998,59.946967,-0.010113,1,0
26.867000,-62.911137,203691.537743,177.101770,204565.497328,56.936721,203710.718759,95.098572,646.327669,-25.039149,645.203755,-145.046129,650.368789,59.945944,-0.003271,1,0
26.900000,-62.892605,202477.884377,177.000281,203047.745386,57.035240,201784.155129,95.041243,642.142297,-25.078280,644.037306,-144.914811,644.916886,59.945501,-0.006242,1,0
26.933000,-62.738764,203041.519132,177.067344,202536.801937,57.002614,201962.725644,94.976884,648.393000,-24.961577,643.248661,-145.074934,634.602251,59.946831,-0.000964,1,0
26.967000,-62.936993,202930.301929,177.046996,203111.623770,56.988683,201192.129580,95.067469,643.025267,-24.829587,647.773807,-145.045416,639.939003,59.948826,0.005070,1,0
27.000000,-62.856149,205030.450210,177.151629,202104.874408,57.162715,202452.220132,95.193369,645.548688,-25.094806,646.442381,-144.740245,644.476434,59.948851,-0.004226,1,0
27.033000,-62.978871,204130.211404,176.966376,203222.593716,56.951522,202723.015164,94.903636,643.516453,-25.354048,645.984499,-144.826435,643.702512,59.953827,-0.003358,1,0
27.067000,-63.085135,203136.598429,176.977951,205025.675384,56.941661,202590.787235,94.697373,643.947848,-25.077771,643.688931,-144.889156,644.330712,59.952833,-0.003099,1,0
27.100000,-63.001724,204007.740979,176.830815,204275.479072,56.922386,202940.883347,95.139162,641.614134,-25.141069,638.889725,-144.859619,642.932679,59.947286,0.001914,1,0
27.133000,-62.906482,201886.257240,177.323140,204614.230874,57.016956,203486.714305,94.980839,651.143439,-24.636328,638.769233,-144.866946,643.942451,59.955466,-0.007448,1,0
27.167000,-62.933939,202019.778142,177.025865,203366.910642,57.089940,202990.541449,95.015977,646.168545,-24.947597,647.287343,-144.902813,651.390799,59.951324,0.014453,1,0
27.200000,-62.938110,203620.697705,177.135625,203873.082848,56.950729,202809.112665,95.198176,639.570888,-25.226507,638.461920,-145.206469,644.176698,59.948252,-0.007117,1,0
27.233000,-62.815998,202609.808057,177.084432,203017.948228,57.081514,203240.713607,95.415242,641.248519,-25.168747,645.465291,-144.990215,638.644008,59.960264,0.009964,1,0
27.267000,-62.773741,203749.413595,177.059735,205316.034922,57.123778,203116.297665,95.170013,638.624329,-24.916744,644.450893,-144.773510,637.198782,59.952628,-0.011218,1,0
27.300000,-62.899609,204860.132590,177.085266,203804.046961,57.132559,203711.749481,95.149015,644.943369,-24.833552,641.238492,-145.006420,646.177726,59.950119,0.002966,1,0
27.333000,-62.863854,202573.766123,177.025230,204409.019507,57.134121,203294.686954,95.082114,640.832227,-24.998931,640.237814,-144.295393,640.496890,59.947774,-0.007669,1,0
27.367000,-62.902483,203663.468401,177.407475,204537.631594,57.171679,203132.374197,95.133851,642.960061,-24.860261,645.085835,-144.681617,643.671225,59.957730,0.005050,1,0
27.400000,-62.884143,203697.676131,177.190757,203408.102204,57.180903,204029.626302,95.110682,645.961295,-24.850454,639.704296,-144.903293,638.908795,59.948086,-0.010531,1,0
27.433000,-62.795763,204625.363132,177.292345,202939.154739,57.297691,204151.091776,94.988881,644.110724,-24.686224,641.973416,-144.720171,639.757292,59.953757,0.008712,1,0
27.467000,-62.860591,203437.002893,177.205427,205189.059364,57.222548,202282.415303,95.109900,643.982983,-24.647309,647.333616,-144.760893,646.765482,59.953073,-0.002667,1,0
27.500000,-62.953910,202557.702646,177.347270,204855.486995,57.253630,204708.325310,95.152700,638.235224,-24.497718,640.079930,-144.729755,640.863520,59.954063,-0.009191,1,0
27.533000,-62.628934,202465.969219,177.250977,206148.672826,57.408945,204225.848485,95.598195,645.368734,-25.018240,639.591429,-144.419082,638.322374,59.949358,0.002578,1,0
27.567000,-62.843983,203697.631034,177.315247,204432.421661,57.232116,204829.208771,95.079437,645.967554,-24.459620,648.597636,-144.521183,649.989325,59.951401,0.003544,1,0
27.600000,-62.819297,203666.303323,177.142151,203505.960241,57.362604,203658.668465,95.022431,644.363946,-24.773080,646.169004,-144.537675,647.125207,59.945362,-0.008929,1,0
27.633000,-62.724226,203377.095220,177.381096,203931.420425,57.293296,204639.899309,95.204291,642.874959,-24.173078,642.337650,-144.915715,640.773850,59.959046,0.003049,1,0
27.667000,-62.866394,203387.138880,177.450815,203375.561144,57.275492,204524.032296,94.720887,643.098327,-24.494875,646.763216,-144.754144,646.378599,59.950027,-0.002032,1,0
27.700000,-62.820060,206486.892760,177.400112,203523.627828,57.180659,202677.956913,95.110692,643.440852,-24.502942,642.730747,-144.625348,640.405462,59.952600,0.002155,1,0
27.733000,-62.796420,204331.157172,177.304154,203619.806482,57.164175,203343.284239,95.228204,645.116034,-25.046519,642.318070,-144.506913,645.879720,59.949016,-0.006663,1,0
27.767000,-62.574988,201342.280643,177.192910,204842.203491,57.443348,202784.374366,95.351482,640.487809,-24.917639,641.265050,-144.341740,648.249571,59.952026,0.010538,1,0
27.800000,-62.606209,203007.295174,177.252296,202835.768396,57.338635,203128.069218,95.198748,644.317428,-25.005581,644.707292,-144.463243,645.603592,59.949933,0.000506,1,0
27.833000,-62.784760,202673.289243,177.357576,205249.712663,57.344148,203090.865327,95.028279,644.247203,-24.528200,643.438725,-144.615673,649.421960,59.960862,0.000333,1,0
27.867000,-62.616927,205479.401467,177.503805,204379.033917,57.425477,203438.787447,95.377821,640.328501,-24.479292,643.584734,-144.541543,644.429693,59.953269,0.004263,1,0
27.900000,-62.460945,201847.590315,177.139318,204239.540624,57.438129,201845.803170,95.572139,643.983085,-24.830877,642.643520,-144.555210,643.390829,59.951837,0.000671,1,0
27.933000,-62.652195,204185.960928,177.444269,204296.110343,57.293403,204201.763630,95.300327,649.052514,-24.688127,649.277212,-144.757475,640.342260,59.943931,0.006078,1,0
27.967000,-62.565675,205795.577750,177.485707,202287.053011,57.276176,204009.007418,95.616254,640.921353,-24.398933,642.708934,-144.770584,647.514573,59.948490,0.005936,1,0
28.000000,-62.684609,201845.742002,177.215362,203755.930770,57.320647,201825.093595,95.265193,643.098457,-24.624978,640.033438,-144.949495,639.489092,59.944249,0.001638,1,0
28.033000,-62.692150,204683.854057,177.143868,203965.022876,57.211949,203009.951652,95.409298,640.504125,-24.803205,650.494590,-144.570894,644.703764,59.948392,-0.006173,1,0
28.067000,-62.586658,203581.085231,177.371111,203152.692747,57.414720,203257.126680,95.370307,637.521180,-24.694910,643.328306,-144.632107,650.650727,59.942194,0.006286,1,0
28.100000,-62.767517,203000.844769,177.475890,205862.187706,57.079755,204931.683970,95.159563,641.682164,-24.672375,642.114429,-144.858653,641.174479,59.947285,0.012811,1,0
28.133000,-62.776462,205061.634109,177.252879,205041.846313,57.411743,204600.127005,95.206925,639.989701,-24.864278,650.369556,-144.714216,641.637323,59.942033,0.004025,1,0
28.167000,-62.696154,205403.653235,177.318856,203281.909758,57.238485,204330.849024,95.603462,647.231850,-24.638005,640.423153,-144.946388,637.326356,59.942288,-0.003370,1,0
28.200000,-62.516632,203488.654416,177.206014,205419.000097,57.254907,203859.104013,95.440887,635.676995,-24.727218,645.491156,-145.019437,646.726270,59.947499,0.011306,1,0
28.233000,-62.681553,204155.303046,177.413567,206322.288909,57.467949,204935.954546,95.450515,642.137522,-24.846313,646.064438,-144.737748,636.902441,59.942973,0.009721,1,0
28.267000,-62.591365,204283.736247,177.340767,204354.536612,57.258336,204122.278355,95.103746,652.827059,-24.542381,642.610476,-144.643833,640.437526,59.948624,-0.007304,1,0
28.300000,-62.619496,206281.995370,177.248574,205350.429396,57.481859,205445.952608,95.256867,644.918716,-24.427012,645.926107,-144.438427,646.091217,59.952932,-0.009372,1,0
28.333000,-62.631914,204150.814428,177.263926,205504.444939,57.376008,204499.178901,95.689278,647.504120,-24.510809,639.133350,-144.547476,644.230981,59.946116,-0.001198,1,0
28.367000,-62.583002,205242.145866,177.367521,203981.093240,57.392496,206397.471850,95.456029,641.025174,-24.612136,643.753578,-144.560531,646.243350,59.944143,0.011549,1,0
28.400000,-62.589248,204475.462925,177.152917,205422.812752,57.027411,206879.060299,95.399172,648.709208,-24.640698,649.768478,-145.107052,644.507836,59.946927,-0.001306,1,0
28.433000,-62.403986,205718.081987,177.270243,205345.848332,57.437935,203757.904077,95.580484,647.365712,-25.082191,648.035426,-144.846544,643.835323,59.949367,0.007340,1,0
28.467000,-62.788652,206059.323451,177.129270,203786.770225,57.179137,204073.398248,95.421082,636.738137,-25.152948,643.510207,-144.837479,646.336394,59.947177,0.007012,1,0
28.500000,-62.809227,204733.122281,177.228991,206423.252702,57.454526,204419.202468,94.973025,647.094090,-25.091447,642.113818,-144.224825,646.026368,59.947476,-0.013403,1,0
28.533000,-62.747187,204401.502298,177.283220,205540.451073,57.158212,204267.080902,95.359522,645.801308,-24.484120,648.085690,-144.577764,646.277580,59.945488,0.010615,1,0
28.567000,-62.851513,205615.474319,177.419363,205569.432902,57.229909,205078.604989,95.000034,646.549929,-24.729704,648.406360,-144.894853,649.546422,59.943254,-0.007448,1,0
28.600000,-62.717771,204467.615130,177.239710,204178.446579,57.185280,204879.998612,95.247666,648.028681,-24.891837,645.407354,-144.654812,643.419605,59.953628,-0.008469,1,0
28.633000,-62.721526,205595.333127,177.242863,205157.474301,57.289491,205535.944786,95.640409,644.395900,-25.060281,640.915324,-144.845844,640.426578,59.943200,0.019304,1,0
28.667000,-62.804324,203640.564154,177.156706,203994.164324,57.080573,204509.266507,95.156287,647.192806,-24.429494,643.911906,-144.858657,649.660639,59.941843,-0.009068,1,0
28.700000,-62.637128,203743.310435,177.322526,204720.895561,57.118751,205950.555157,95.372454,643.590404,-24.556439,640.710599,-144.571651,644.343265,59.929562,-0.005482,1,0
28.733000,-62.695473,203735.452242,177.340652,205160.271200,57.459874,204721.288513,95.260012,641.165168,-24.857208,645.039636,-144.478485,646.675665,59.937410,-0.002497,1,0
28.767000,-62.561598,203784.911484,177.309697,204273.207798,57.227851,205349.526427,95.536079,648.658055,-24.741305,645.117573,-144.591504,642.998818,59.943294,0.002817,1,0
28.800000,-62.600642,204644.259453,177.429479,204957.991198,57.380953,203928.947518,95.422145,637.952758,-24.638167,641.723499,-144.242517,638.865787,59.941746,0.011067,1,0
28.833000,-62.910761,207498.890988,177.223111,206202.940361,57.273956,205069.316457,94.985395,645.191016,-24.378681,645.734985,-144.720545,644.713141,59.942027,-0.000878,1,0
28.867000,-62.760042,205017.075086,177.237144,204752.238063,57.454463,205261.743059,95.468308,647.293370,-24.677725,641.721072,-144.754043,636.806210,59.935700,-0.014601,1,0
28.900000,-62.669009,204239.638078,177.180921,204904.372783,57.256875,205828.347845,95.260500,634.336019,-24.771145,645.545164,-144.801303,645.763154,59.929203,0.012150,1,0
28.933000,-62.687903,205157.693167,177.388404,207137.063425,57.329393,205187.303002,95.483483,633.553765,-24.799187,642.168837,-144.498257,637.098324,59.937778,-0.011000,1,0
28.967000,-62.863326,205423.327765,177.231503,205563.390915,57.354984,204926.824735,95.071209,641.642785,-24.605043,637.812449,-144.669895,646.068194,59.941126,0.010051,1,0
29.000000,-62.708893,204901.540270,177.163003,206725.683290,57.276739,205755.939699,95.310240,643.308644,-24.613261,639.180832,-144.609458,639.237828,59.943027,0.010873,1,0
29.033000,-62.686228,202824.674777,177.355622,204755.444874,57.277887,205654.569544,94.924231,638.264012,-24.779962,641.678363,-145.002429,642.411643,59.933882,0.009522,1,0
29.067000,-62.684678,205000.054692,177.446016,206227.880617,57.311371,205987.951055,95.296742,640.401661,-24.994621,641.246855,-144.628024,640.753762,59.937779,-0.002820,1,0
29.100000,-62.720113,205977.085430,177.269717,205108.744214,57.174124,204414.303423,95.376652,640.292645,-24.739990,639.244850,-144.828317,636.838074,59.937524,-0.004146,1,0
29.133000,-62.839077,205551.809606,177.235375,205211.931576,57.184068,204742.549555,95.324696,631.832195,-24.625177,638.756277,-144.864144,630.072237,59.933502,-0.001398,1,0
29.167000,-62.812064,203531.608702,177.210280,205296.663673,57.136872,203252.366725,95.338627,635.380557,-24.819340,632.014991,-144.748696,633.103267,59.929875,0.007519,1,0
29.200000,-62.820506,204678.572772,177.131330,203499.080480,57.370661,204840.578305,95.236840,641.384382,-24.724422,633.760012,-144.791700,634.353761,59.932135,0.004944,1,0
29.233000,-62.835936,204491.433329,177.093060,205650.414727,57.446237,204629.705689,94.995198,633.449074,-24.926358,625.985340,-144.392250,632.389721,59.940043,0.010251,1,0
29.267000,-62.708333,205191.251910,177.311003,205151.552607,57.263996,202652.196831,95.353250,629.548640,-24.782192,634.279166,-144.406257,637.948436,59.938940,0.008346,1,0
29.300000,-62.835917,205742.945001,177.259813,204368.681248,57.322955,204420.901431,95.120216,630.729819,-24.772988,631.679320,-144.830502,635.871818,59.935420,-0.013681,1,0
29.333000,-62.810225,204370.617025,177.168293,205864.829572,57.182530,206124.318426,95.173641,630.148020,-24.719634,628.244046,-145.150198,636.852439,59.939122,-0.009860,1,0
29.367000,-62.829796,203396.351954,177.123161,205181.393187,57.218269,203416.636753,95.221473,637.795020,-24.859727,628.784500,-144.901496,633.270145,59.941479,0.006365,1,0
29.400000,-62.865827,205118.126512,177.254614,205603.750284,57.265028,204038.817141,95.127591,634.047823,-24.618701,624.898536,-144.814598,628.208440,59.941053,-0.005737,1,0
29.433000,-63.098982,205103.912864,177.083512,203534.658541,57.202027,204183.208206,94.790278,628.088771,-24.910953,634.506692,-144.843066,635.490455,59.944319,0.004595,1,0
29.467000,-62.936465,204559.020837,177.177717,205384.644173,57.240379,203991.625073,94.788097,623.810327,-24.851868,623.256268,-144.516889,629.966656,59.951264,-0.008735,1,0
29.500000,-62.911298,203194.595596,177.187376,204570.764796,57.202305,204609.132909,95.059008,624.027950,-24.667085,627.869864,-145.025777,630.936879,59.939473,-0.001765,1,0
29.533000,-62.733311,203684.652360,177.154849,203084.924667,57.182306,203936.103625,95.478868,635.376477,-24.682503,622.024380,-144.660924,629.309871,59.944748,-0.001018,1,0
29.567000,-62.926104,204165.625381,177.197168,203629.722331,57.195801,204389.967927,95.338159,625.497047,-24.749428,628.021703,-144.974391,623.547299,59.950668,-0.002982,1,0
29.600000,-62.877806,205757.193102,177.044511,205217.902212,56.948455,205961.064313,95.079164,618.375690,-24.754525,627.153881,-144.978411,626.872826,59.944292,0.004181,1,0
29.633000,-62.869403,205513.405658,176.975688,204796.612759,57.063278,205546.336594,95.134563,619.921709,-24.788146,615.007132,-144.859043,620.223935,59.950133,-0.004434,1,0
29.667000,-62.979100,206039.224191,176.911697,206634.238856,57.063880,205069.871861,94.927356,620.345926,-25.016824,627.018511,-145.007005,624.939351,59.944567,0.007792,1,0
29.700000,-63.014030,203694.173751,177.085084,203806.677236,56.954497,206052.436130,94.834159,619.828184,-24.907117,627.850217,-145.007493,622.168257,59.944669,-0.002316,1,0
29.733000,-62.912705,205065.526153,177.060751,205879.075788,57.186033,205470.029778,95.272701,620.942975,-25.042386,622.445706,-144.673783,620.339500,59.946557,0.009680,1,0
29.767000,-62.989210,206267.736395,177.190920,203544.005398,57.025347,204467.243032,94.834601,615.702248,-24.969623,622.227107,-144.706601,623.870970,59.953804,-0.001006,1,0
29.800000,-62.848283,204955.297062,177.093405,205834.686780,57.004485,203224.034317,95.111971,617.855263,-24.936895,622.875323,-145.158431,623.874482,59.942649,-0.005443,1,0
29.833000,-62.969357,204633.174098,177.035507,205950.505187,57.211582,205573.721262,94.893160,619.225257,-25.282594,619.966516,-144.845885,620.215300,59.940176,0.009418,1,0
29.867000,-62.744018,204757.443729,177.172137,206157.110851,57.281082,204531.969179,95.299329,613.846755,-24.610928,616.726002,-144.215567,622.801096,59.943123,0.003614,1,0
29.900000,-62.882281,204321.708487,177.054425,205612.416133,56.997439,205793.568465,95.080374,616.739108,-24.742314,622.380991,-144.806274,619.110440,59.939648,0.008929,1,0
29.933000,-62.830353,203754.435529,177.037765,203990.466950,57.074444,204749.603189,94.962856,619.432549,-24.870748,617.663136,-145.151486,609.139719,59.931231,0.001718,1,0
29.967000,-63.043921,204088.606022,177.184510,206808.598090,57.050839,206321.847200,94.844205,612.581212,-24.763826,617.826776,-144.571059,619.712142,59.948972,0.008308,1,0
30.000000,-62.998278,204365.764718,177.345111,204759.534804,57.133509,205656.304439,95.186728,619.897492,-24.860918,617.002292,-144.910045,621.373846,59.933719,-0.005932,1,0
