TIMESTAMP,BUS25_VA_ANG,BUS25_VA_MAG,BUS25_VB_ANG,BUS25_VB_MAG,BUS25_VC_ANG,BUS25_VC_MAG,BUS25_IA_ANG,BUS25_IA_MAG,BUS25_IB_ANG,BUS25_IB_MAG,BUS25_IC_ANG,BUS25_IC_MAG,BUS25_Freq,BUS25_ROCOF,DATA_PRESENT,Event
0.000000,-62.336128,204247.226708,177.571907,204716.061142,57.442954,205082.179483,95.638107,640.742585,-24.630997,636.370012,-144.217786,636.032050,59.957237,0.002331,1,0
0.033000,-62.345716,205156.063608,177.525097,203632.416204,57.468624,204236.182891,95.591994,641.018844,-24.567775,642.641533,-144.175204,638.966892,59.959779,0.009550,1,0
0.067000,-62.437128,203331.944610,177.490002,203609.627816,57.660316,204402.878162,95.505808,643.862154,-24.453487,638.931975,-144.454256,640.489621,59.947953,-0.005116,1,0
0.100000,-62.354802,203023.331047,177.501196,203122.190512,57.584264,203052.935757,95.737960,637.456954,-24.135408,644.550877,-144.345562,637.337078,59.958606,-0.001345,1,0
0.133000,-62.557932,203500.669241,177.455874,202359.003199,57.573642,202793.242011,95.737203,649.386951,-24.123305,641.269420,-144.699938,634.386833,59.956726,-0.003912,1,0
0.167000,-62.241078,203430.830851,177.460906,202752.271168,57.485277,203168.258352,95.756409,640.216089,-24.714935,644.262698,-144.201591,640.952244,59.950458,0.005207,1,0
0.200000,-62.598894,203039.896525,177.458203,203689.318503,57.584919,203323.913560,95.458410,643.359204,-24.607049,639.308805,-144.311333,647.131635,59.960872,-0.013374,1,0
0.233000,-62.567985,203032.248191,177.432346,203156.843229,57.429197,203307.639139,95.594535,646.258630,-24.476869,639.263268,-144.447200,642.932747,59.946583,-0.002427,1,0
0.267000,-62.424777,205399.766136,177.652544,203885.978224,57.540029,202416.015953,95.620511,646.905537,-24.452769,642.594197,-144.516459,646.127157,59.958111,-0.007317,1,0
0.300000,-62.484386,202596.830115,177.547274,204540.483311,57.581107,203509.378559,95.320305,637.887165,-24.280189,642.226420,-144.378746,641.547878,59.962213,0.005761,1,0
0.333000,-62.623047,203085.000033,177.622051,203544.580368,57.531378,203774.711025,95.282494,638.599748,-24.411102,639.769472,-144.680804,646.559748,59.951605,0.000950,1,0
0.367000,-62.466972,203552.253807,177.454734,203581.029621,57.605628,204055.566194,95.481565,642.169659,-24.473906,640.149660,-144.388423,642.122747,59.947959,0.004120,1,0
0.400000,-62.681935,206381.071491,177.591944,202668.242048,57.484796,204015.796913,95.130408,639.031226,-24.303195,641.188494,-144.506961,638.485398,59.956794,0.002557,1,0
0.433000,-62.488406,203186.196942,177.398070,204343.514247,57.578379,204423.858458,95.341435,642.615335,-24.810053,643.541254,-144.315991,642.479972,59.959679,-0.001223,1,0
0.467000,-62.505321,205182.636497,177.524733,204877.285241,57.491187,205205.288191,95.688793,646.407779,-24.437968,651.803399,-144.639262,647.152204,59.953549,-0.009794,1,0
0.500000,-62.653447,203503.830344,177.479464,204116.684200,57.364846,203922.713343,95.434483,639.515376,-24.690006,639.427221,-144.535387,644.115569,59.950181,-0.000089,1,0
0.533000,-62.509890,202185.893906,177.321619,203330.212176,57.464166,203445.846734,95.476163,638.500695,-24.739687,637.885692,-144.564024,641.404910,59.960403,0.000967,1,0
0.567000,-62.532397,204082.233744,177.350880,203591.465456,57.455182,204359.961018,95.602674,640.059665,-24.538235,642.943636,-144.623377,640.662315,59.948793,-0.000183,1,0
0.600000,-62.550501,205290.321271,177.476643,205358.403556,57.432811,205462.415628,95.536351,643.433795,-24.289391,643.945253,-144.310605,641.454568,59.956473,-0.002097,1,0
0.633000,-62.597265,204561.129800,177.371561,203722.671990,57.509261,204387.974606,95.417434,639.867139,-24.768174,640.086838,-144.490160,644.588467,59.953435,-0.009680,1,0
0.667000,-62.368432,204299.614284,177.617368,203576.696228,57.558243,204263.945920,95.610757,640.709215,-24.310836,637.168371,-144.534435,639.319760,59.956185,-0.003912,1,0
0.700000,-62.278143,203641.239899,177.521211,202702.362426,57.563142,202828.362335,96.055785,638.625035,-24.460122,636.806152,-144.385220,643.926513,59.948197,-0.002666,1,0
0.733000,-62.234002,202795.745627,177.619249,203667.096670,57.627924,203463.609497,95.741210,644.137531,-24.342573,641.670378,-144.654430,642.480273,59.945150,-0.002796,1,0
0.767000,-62.459730,205284.840212,177.594864,202911.137004,57.751465,204239.517776,95.575478,638.402987,-24.189356,642.767856,-144.229581,639.584391,59.944375,-0.000163,1,0
0.800000,-62.561835,204361.893689,177.643407,204288.624646,57.507649,206077.797748,95.233654,646.568934,-24.258396,642.813375,-144.496486,644.452315,59.948143,0.000946,1,0
0.833000,-62.458079,203499.868683,177.645931,203619.290340,57.582865,205422.910948,95.560112,639.794272,-24.422222,644.626266,-144.829447,639.863201,59.949155,-0.013354,1,0
0.867000,-62.421790,204831.439130,177.643343,203577.525903,57.497470,203482.543732,95.413849,636.338430,-24.331552,635.259950,-144.919037,640.274922,59.950836,-0.007855,1,0
0.900000,-62.479063,202073.827075,177.742475,205075.555648,57.739813,203185.357440,95.523374,641.320101,-24.470019,646.808369,-144.384108,643.093561,59.950088,0.004391,1,0
0.933000,-62.376521,203860.657323,177.759394,203292.166938,57.743366,205273.528476,95.492387,633.179388,-24.104202,641.619756,-144.188370,638.542173,59.952293,-0.000082,1,0
0.967000,-62.462874,202597.647238,177.652477,203504.808080,57.660358,204569.615186,95.641344,642.864764,-24.280952,638.937267,-144.269769,643.884098,59.944770,-0.001201,1,0
1.000000,-62.507870,202616.157699,177.585166,205139.764575,57.539392,203542.764648,95.278851,645.371113,-24.623193,638.715833,-144.657285,642.030858,59.951131,0.002159,1,0
1.033000,-62.467123,203693.390938,177.539615,204594.529994,57.587740,203019.413380,95.417042,640.745610,-24.263892,644.310739,-144.545634,637.016963,59.960309,0.006865,1,0
1.067000,-62.468803,204290.972337,177.476458,205639.645473,57.335816,203724.038023,95.410778,644.109535,-24.403301,643.533344,-144.564994,640.622061,59.951365,0.004806,1,0
1.100000,-62.451907,204069.557628,177.648535,204880.380206,57.497334,204238.236827,95.521732,644.031003,-24.158848,633.113208,-144.263020,639.859976,59.947645,0.004574,1,0
1.133000,-62.616222,203605.018386,177.557907,203797.922494,57.393665,204550.370334,95.289463,644.674836,-24.535778,645.380633,-144.691981,644.679781,59.954781,0.005097,1,0
1.167000,-62.353190,202149.864831,177.652173,203733.483112,57.549426,206300.431330,95.494796,641.993329,-24.234353,640.378743,-144.126735,640.802423,59.953084,-0.003112,1,0
1.200000,-62.448027,203919.902939,177.498510,203080.536507,57.531820,203870.860358,95.597043,642.111304,-24.550424,639.537064,-144.142187,645.717225,59.949542,0.012381,1,0
1.233000,-62.458815,203101.367269,177.597794,203644.266160,57.495540,203397.892544,95.477735,641.518180,-24.278442,644.150478,-144.600661,637.967632,59.950883,0.001875,1,0
1.267000,-62.297164,203916.443183,177.435069,202923.985871,57.469261,204468.179186,95.677413,637.374703,-24.552645,643.254990,-144.654712,651.651263,59.956195,0.008365,1,0
1.300000,-62.467985,202829.553016,177.398529,203963.194339,57.592838,205958.653061,95.453855,640.085784,-24.756968,649.233066,-144.349197,642.060861,59.959839,-0.001386,1,0
1.333000,-62.636138,204918.442406,177.498125,204849.069427,57.399171,203652.791492,95.265955,640.287040,-24.253472,646.576780,-144.625893,645.000580,59.958412,-0.000527,1,0
1.367000,-62.310755,205086.879513,177.391880,202312.795950,57.575161,203146.617165,95.566778,646.280893,-24.752482,646.657578,-144.398494,654.772571,59.955773,-0.001392,1,0
1.400000,-62.318863,205723.990414,177.600054,202710.055998,57.626893,203568.138897,95.756702,649.290310,-24.455395,649.827639,-144.403402,652.588115,59.959795,0.003077,1,0
1.433000,-62.462318,203570.860423,177.516062,204116.456582,57.515351,202853.902154,95.455355,649.287114,-24.558555,644.783826,-144.518639,654.701793,59.955975,0.001068,1,0
1.467000,-62.502923,202583.770687,177.487610,202874.967027,57.579148,204862.000270,95.630767,643.176368,-24.267042,649.207100,-144.560495,641.354596,59.954834,0.010565,1,0
1.500000,-62.418828,202673.932916,177.533850,203727.004226,57.688027,203068.583081,95.628936,643.185550,-24.782392,648.538040,-144.207047,646.596986,59.949788,-0.011306,1,0
1.533000,-62.358824,202773.664896,177.322352,203154.662667,57.566197,204132.662382,95.654249,648.496035,-24.759536,650.832323,-144.676280,648.347436,59.940292,0.007927,1,0
1.567000,-62.278522,203410.388965,177.503432,203832.755131,57.629632,204789.909947,95.643390,645.954935,-24.696608,647.396022,-143.993957,647.481185,59.943030,-0.003596,1,0
1.600000,-62.563875,203631.385647,177.457505,202540.445196,57.326536,204102.136068,95.686559,643.103284,-24.602066,648.941340,-144.608563,646.383882,59.942116,-0.012885,1,0
1.633000,-62.482638,204878.232554,177.673200,202858.141440,57.574207,203944.255324,95.328800,642.330318,-24.609286,642.611043,-144.335103,644.356035,59.952289,-0.005187,1,0
1.667000,-62.380557,204264.018866,177.416914,202691.400832,57.572883,202659.455989,95.709593,653.836892,-24.713070,649.575753,-144.333713,650.977197,59.952186,0.001162,1,0
1.700000,-62.519870,203830.308445,177.464878,201789.107976,57.482811,203630.755398,95.486022,645.346037,-24.695027,656.208510,-144.506579,649.985744,59.943870,0.009754,1,0
1.733000,-62.460668,203416.608022,177.572337,204878.269085,57.575678,204378.110396,95.454464,646.361450,-24.679567,649.890463,-144.346206,648.016614,59.956624,0.012049,1,0
1.767000,-62.530254,202745.611345,177.514744,204174.754007,57.442418,202704.087272,95.476549,645.733715,-24.586704,647.604980,-144.728859,649.630609,59.960013,0.000045,1,0
1.800000,-62.578854,203786.061327,177.453620,202061.159913,57.463511,203133.969402,95.438543,645.693447,-24.612898,652.209332,-144.472899,647.747131,59.955777,0.002574,1,0
1.833000,-62.485278,203661.305410,177.405575,203978.477327,57.450109,201954.851802,95.520350,649.791712,-24.967702,651.060732,-144.701542,649.412136,59.951510,-0.001240,1,0
1.867000,-62.579321,203824.119545,177.459126,203613.568101,57.516712,202967.340235,95.431455,648.433665,-24.558421,652.385011,-144.662311,654.691416,59.957680,0.009225,1,0
1.900000,-62.551612,203413.548341,177.711647,204487.187912,57.503802,203372.360037,95.446695,648.463780,-24.204139,641.717401,-144.273617,650.033885,59.955474,-0.001970,1,0
1.933000,-62.503536,202168.252824,177.582602,203741.909418,57.482621,204123.517528,95.560953,650.027159,-24.610718,645.876857,-144.433282,649.758719,59.963318,0.002363,1,0
1.967000,-62.609750,204640.799218,177.556830,202767.087979,57.666166,204469.482018,95.477291,640.787829,-24.351175,648.444050,-144.521531,648.092908,59.960215,-0.014260,1,0
2.000000,-62.593232,202956.660488,177.609814,201486.100442,57.706311,203211.200618,95.520129,647.292649,-24.236099,647.083120,-144.312697,650.229971,59.957791,0.010046,1,0
2.033000,-62.492490,202605.621386,177.592466,202655.617400,57.548455,204353.724360,95.672139,641.190599,-24.147124,645.572715,-143.985232,649.101113,59.956399,0.001386,1,0
2.067000,-62.439718,204470.026159,177.495125,203899.981731,57.594909,202464.682554,95.716025,640.686512,-24.389709,647.828821,-144.423288,648.740973,59.960858,-0.002896,1,0
2.100000,-62.483498,200693.316390,177.482392,203062.065427,57.507308,204866.720285,95.643996,647.052127,-24.631469,641.832652,-144.449968,646.898182,59.954178,0.008912,1,0
2.133000,-62.408503,201134.423803,177.469712,202253.910585,57.542734,204244.365178,95.541060,646.607541,-24.404260,649.249052,-144.571138,644.287430,59.948506,-0.015175,1,0
2.167000,-62.223958,203962.618552,177.577793,202520.957911,57.666154,203406.463498,96.080375,637.031379,-24.543027,646.713127,-144.180919,643.608441,59.947907,0.006687,1,0
2.200000,-62.530362,204779.590281,177.570045,203363.663151,57.610738,203231.462402,95.596517,646.213645,-24.607379,642.681530,-144.143702,643.883788,59.949785,0.000055,1,0
2.233000,-62.566303,202614.189729,177.569694,204921.941481,57.455891,204966.778917,95.471204,644.412762,-24.520853,649.619744,-144.472957,636.080943,59.952072,0.002027,1,0
2.267000,-62.413552,204318.246325,177.502086,203734.598844,57.592510,203153.011340,95.773719,647.993992,-24.502510,644.394016,-144.621148,641.285506,59.948148,-0.002538,1,0
2.300000,-62.575512,203991.378041,177.624232,202185.613187,57.559925,203539.579471,95.675660,649.698809,-24.309514,640.551397,-144.865206,643.113875,59.953726,0.016927,1,0
2.333000,-62.452727,202877.570586,177.548554,204536.653439,57.583421,203651.157094,95.380218,651.937185,-24.320229,648.046792,-144.355640,645.720211,59.951073,-0.005294,1,0
2.367000,-62.321291,202914.924168,177.528942,203979.629354,57.425052,206028.330572,95.940052,651.688733,-24.169131,641.547019,-144.617851,639.307083,59.949724,0.007218,1,0
2.400000,-62.244132,204113.193978,177.608314,204480.901272,57.833319,204364.172748,96.004268,642.360348,-24.356276,641.475575,-143.941959,642.756709,59.950517,-0.000044,1,0
2.433000,-62.488805,203853.951631,177.676741,203481.419513,57.468205,204518.343313,95.244560,640.217111,-24.328250,646.734827,-144.473011,643.790556,59.948662,-0.005525,1,0
2.467000,-62.243664,203441.913059,177.705596,204325.086333,57.736388,202974.959693,95.820355,642.063137,-24.151300,644.753640,-144.218829,644.264274,59.955358,-0.009344,1,0
2.500000,-62.196683,203253.378547,177.581906,203031.477748,57.587147,203971.320487,96.118944,650.302722,-24.558576,650.702275,-144.551793,648.501031,59.949959,0.001463,1,0
2.533000,-62.581852,204474.850277,177.254703,204887.082041,57.669233,203930.158186,95.417277,647.863735,-24.949891,648.054207,-144.022986,649.418922,59.946568,-0.003941,1,0
2.567000,-62.351766,204971.520399,177.574061,205753.673850,57.490586,203120.313040,95.648031,646.088914,-24.827421,649.519309,-144.526435,650.991273,59.958303,0.008965,1,0
2.600000,-62.231622,204505.651377,177.570641,205268.050424,57.597641,204103.781698,95.587370,647.545103,-24.177739,649.131869,-144.543597,647.866291,59.947890,-0.000893,1,0
2.633000,-62.521052,206297.509949,177.660353,204165.887729,57.582319,202717.375220,95.722876,646.754314,-24.205719,640.290124,-144.717422,646.059501,59.952345,-0.002423,1,0
2.667000,-62.372089,204798.045730,177.653432,202551.171660,57.626094,203462.566859,95.999900,647.422203,-24.274357,647.615082,-144.567775,646.080567,59.946229,0.009192,1,0
2.700000,-62.315214,202495.764263,177.629573,203355.470908,57.430514,204306.910796,95.741899,656.149641,-24.375447,643.948625,-144.438052,649.260231,59.945882,-0.004441,1,0
2.733000,-62.417853,202733.553593,177.697599,204703.666036,57.593342,206363.457455,95.513977,646.772245,-24.469188,649.176587,-144.660312,653.144484,59.950876,0.011044,1,0
2.767000,-62.404873,202697.475131,177.679990,204206.624985,57.636719,203874.815804,95.653079,649.621085,-24.200919,650.280041,-144.368193,647.202692,59.943264,0.001436,1,0
2.800000,-62.266869,203655.819513,177.629563,204467.126711,57.647170,205248.804799,95.828480,645.301790,-24.469361,645.092363,-144.599688,654.684292,59.937851,-0.002281,1,0
2.833000,-62.459330,204437.400442,177.675415,204975.313369,57.703183,205550.646514,95.535498,646.413432,-24.278432,649.821855,-144.281141,651.163581,59.941395,0.003583,1,0
2.867000,-62.522278,203761.084403,177.698268,203229.597549,57.753590,205038.184531,95.243106,649.715524,-24.108408,648.274185,-144.327399,648.596840,59.940721,0.000756,1,0
2.900000,-62.126621,204268.008763,177.725636,204837.178112,57.732537,202190.994275,96.015353,645.473582,-24.118779,642.729029,-144.152809,643.816914,59.944827,0.006252,1,0
2.933000,-62.339734,204097.772370,177.616058,202834.447105,57.622819,205291.144443,95.652752,641.746905,-24.242791,650.888109,-144.326111,648.195707,59.943486,-0.010598,1,0
2.967000,-62.254018,204485.793988,177.707137,202941.567583,57.496563,204045.894542,95.605556,646.297957,-24.363047,649.861212,-144.854930,645.635471,59.957614,-0.003491,1,0
3.000000,-62.429858,202516.379921,177.614290,203420.346717,57.715219,203693.792971,95.358488,645.523099,-24.034631,646.997561,-144.475317,652.211994,59.948323,-0.015088,1,0
3.033000,-62.368273,203502.778485,177.498211,203123.611392,57.562609,203931.613778,95.731896,650.661201,-24.509118,650.096506,-144.228351,646.310431,59.953848,0.002737,1,0
3.067000,-62.391784,203912.188396,177.607731,204179.419130,57.585851,202302.061257,95.564928,657.033309,-24.455591,650.430084,-144.823863,642.156068,59.952547,-0.000637,1,0
3.100000,-62.390331,203123.377717,177.561061,205082.628857,57.506849,204232.005665,95.619119,640.492877,-24.476382,646.315546,-144.490853,653.664368,59.945785,-0.005304,1,0
3.133000,-62.344971,201969.912620,177.543574,203150.527190,57.589066,203475.461726,95.560739,649.007435,-24.612584,645.056671,-144.679064,650.189836,59.946176,0.009629,1,0
3.167000,-62.233719,202953.787621,177.764502,203292.556471,57.579233,203209.270291,95.761268,643.759804,-24.369256,645.107288,-144.619197,650.860210,59.948875,-0.003229,1,0
3.200000,-62.394032,204687.112381,177.521396,202816.960601,57.514735,203227.256069,95.597989,647.661513,-24.490354,644.634388,-144.398493,645.810768,59.935569,-0.008627,1,0
3.233000,-62.435204,203193.620865,177.574073,202735.988346,57.580564,203313.094033,95.450341,644.721673,-24.558709,651.347118,-144.396909,643.036338,59.940826,0.004165,1,0
3.267000,-62.609868,203527.168382,177.558858,204241.094612,57.667786,203524.622070,95.440460,647.959206,-24.470340,640.539083,-144.431750,653.081000,59.949361,-0.008703,1,0
3.300000,-62.375256,202908.027901,177.747783,206098.727527,57.617968,203709.072087,95.359284,643.149734,-24.383616,647.783039,-144.456292,654.259649,59.939131,0.001706,1,0
3.333000,-62.210547,203770.354892,177.446352,202425.082926,57.627303,205403.708487,95.797242,649.751734,-24.567782,653.059693,-144.376201,652.512570,59.945620,-0.003027,1,0
3.367000,-62.318545,203329.008423,177.411146,202904.264086,57.565786,202960.750055,95.533127,651.625621,-24.475820,643.294124,-144.393266,650.080620,59.943074,0.002460,1,0
3.400000,-62.460391,204361.543636,177.631294,202777.303289,57.604229,203259.278833,95.695900,650.608482,-24.508799,650.706666,-144.422458,657.142803,59.943862,0.005456,1,0
3.433000,-62.390654,204314.343234,177.632343,203927.737537,57.684521,203769.792373,95.827869,654.415447,-24.161929,646.212104,-144.363720,658.525830,59.940766,0.000682,1,0
3.467000,-62.287492,203074.510115,177.746958,202844.581794,57.483244,203034.925237,95.382989,648.934053,-24.059842,653.547761,-144.742185,651.476853,59.940074,0.010959,1,0
3.500000,-62.346346,203176.841507,177.564865,202579.807328,57.693269,203806.564601,95.635011,645.493283,-24.189599,650.541870,-144.078572,646.717967,59.945901,0.010276,1,0
3.533000,-62.207569,204386.300425,177.629424,202647.629646,57.680470,205408.261651,95.695365,650.556582,-24.283420,650.047883,-144.167462,650.658478,59.938472,0.003180,1,0
3.567000,-62.238843,202497.352085,177.748880,202713.114485,57.510964,203322.896478,95.663244,651.374754,-24.033431,652.996914,-144.388348,649.429826,59.940448,0.002839,1,0
3.600000,-62.250205,203168.425728,177.655755,203521.242697,57.765109,203735.923270,95.582508,658.790841,-24.498473,661.066165,-144.296695,653.984815,59.934995,0.003203,1,0
3.633000,-62.241966,204161.736735,177.687597,205820.190673,57.733980,202684.365433,95.662759,652.667178,-24.123389,657.684425,-144.143886,654.084845,59.942873,-0.005023,1,0
3.667000,-62.274717,202667.558868,177.831271,204216.199868,57.810749,204650.610545,95.511827,657.862165,-24.615317,651.637263,-144.162295,655.985938,59.949198,0.001865,1,0
3.700000,-62.190076,202896.890688,177.575709,204307.962497,57.709575,204861.408818,95.757917,659.328340,-24.371672,654.829629,-143.883543,654.888156,59.937524,0.006377,1,0
3.733000,-62.179143,202303.890448,177.876656,202907.978962,57.747065,204924.780060,95.814531,654.936522,-24.317662,655.411083,-144.404193,663.646342,59.938763,-0.014202,1,0
3.767000,-62.419787,203422.495553,177.666811,203207.885274,57.685945,202536.034485,95.675877,656.415948,-24.487464,660.968495,-143.953567,661.813902,59.941881,-0.006498,1,0
3.800000,-62.326605,202467.050690,177.466523,202949.582001,57.579370,202438.755962,95.759726,667.347784,-24.411852,672.813348,-144.669086,665.007288,59.942494,-0.005408,1,0
3.833000,-62.084897,203375.895166,177.748579,203758.680463,57.733878,202772.136952,96.104961,666.756326,-24.393733,668.834173,-144.244435,664.596610,59.941868,-0.015739,1,0
3.867000,-62.201083,203748.572897,177.598202,203906.549055,57.547625,204185.711166,95.862608,658.327299,-24.420032,660.562356,-144.569319,664.892910,59.941613,-0.000829,1,0
3.900000,-62.292185,204524.513975,177.432724,203938.724564,57.638065,202891.761529,95.487765,662.008533,-24.508458,666.672111,-144.258933,660.817989,59.949657,-0.000227,1,0
3.933000,-62.425663,202349.382995,177.787359,204442.215432,57.675281,202035.558794,95.918937,669.020938,-24.253296,666.259188,-144.197338,668.735080,59.938733,-0.005990,1,0
3.967000,-62.360545,203034.268476,177.651001,203147.871481,57.717333,205117.114499,95.714197,663.829659,-24.574641,661.233190,-144.418630,661.358168,59.947681,-0.002773,1,0
4.000000,-62.478765,204602.524120,177.708964,205073.054572,57.468941,204510.456585,95.874627,658.938069,-24.254706,656.771044,-144.787648,663.660354,59.937383,-0.002608,1,0
4.033000,-62.371579,204132.257689,177.709739,204679.509034,57.677465,203295.970188,95.685460,668.372870,-24.148575,665.387919,-144.391085,661.269768,59.936997,0.002110,1,0
4.067000,-62.315489,203817.788024,177.634923,204359.908039,57.729561,207062.495994,95.613100,663.279557,-24.306917,666.206914,-144.165060,665.721966,59.947519,0.002152,1,0
4.100000,-62.379320,206230.248853,177.714757,203756.124219,57.748497,204902.811706,95.402894,665.591043,-24.676244,666.727200,-144.397653,670.595580,59.938979,-0.006224,1,0
4.133000,-62.341120,205002.614475,177.558620,203638.535081,57.679586,204117.084846,95.704672,670.789178,-24.488350,670.923401,-144.378307,665.463132,59.940655,0.008574,1,0
4.167000,-62.455830,205502.787719,177.437847,205328.071431,57.634819,205587.523737,95.333143,666.802703,-24.551950,660.355951,-144.642851,666.628253,59.946902,0.011028,1,0
4.200000,-62.544528,203951.581363,177.516227,203621.554179,57.600656,203252.470092,95.718107,668.124412,-24.655992,663.283507,-144.094780,668.557001,59.939435,0.004402,1,0
4.233000,-62.442115,203691.410895,177.519327,204490.704453,57.413164,204742.664380,95.453180,659.656414,-24.391912,665.251891,-144.451370,663.384642,59.945454,0.000748,1,0
4.267000,-62.597146,204664.117454,177.523556,205592.046250,57.409686,204878.066384,95.398294,666.660194,-24.134263,661.987036,-144.915292,663.159763,59.944269,0.008472,1,0
4.300000,-62.330427,203922.480570,177.424781,203609.926754,57.610142,204526.708183,95.749856,662.479084,-24.359436,663.063581,-144.427801,666.337894,59.951625,0.001295,1,0
4.333000,-62.443017,205213.636355,177.374092,204318.037564,57.396878,204561.715450,95.770759,662.540759,-24.676130,669.465682,-144.710891,662.098807,59.944086,-0.002996,1,0
4.367000,-62.505391,205500.625610,177.496070,205056.867794,57.610956,204800.031176,95.716220,662.909311,-24.712682,660.798916,-144.448242,661.091770,59.947164,0.005907,1,0
4.400000,-62.532065,203462.858445,177.620159,204531.701551,57.637400,203486.802890,95.370377,660.249015,-24.263386,670.163464,-144.185039,660.425619,59.944377,0.008282,1,0
4.433000,-62.435840,204116.242491,177.616327,203418.883170,57.484456,204782.842799,95.549722,666.727430,-24.391961,652.638624,-144.417420,660.432870,59.944038,0.006856,1,0
4.467000,-62.499949,204358.204635,177.591593,202843.468112,57.358558,205225.122074,95.531208,659.468966,-24.062655,660.326571,-144.529463,663.109212,59.944803,-0.000582,1,0
4.500000,-62.353828,202387.298479,177.488225,205178.638756,57.546189,203652.666910,95.906165,667.208224,-24.627561,662.751467,-144.410469,665.481654,59.945041,0.005362,1,0
4.533000,-62.557381,204222.571725,177.594565,202361.878967,57.437553,204874.529118,95.554577,667.217807,-24.388149,663.278548,-144.555814,672.882673,59.942698,-0.010847,1,0
4.567000,-62.435301,204319.698628,177.604573,204547.540182,57.624782,204777.960261,95.713931,657.940053,-24.220879,665.364463,-144.702693,663.442909,59.944484,0.003341,1,0
4.600000,-62.397831,203534.620172,177.649698,203623.720706,57.626631,203821.763096,95.211722,663.989324,-24.414688,659.821573,-144.250661,659.057490,59.944043,-0.007145,1,0
4.633000,-62.495517,203976.740022,177.604705,204807.299196,57.621878,205643.558452,95.460610,666.201277,-24.294208,661.000619,-144.251329,663.149808,59.941547,-0.001259,1,0
4.667000,-62.231494,203170.780606,177.676419,203940.679208,57.414020,204756.401138,95.993568,664.287072,-23.930673,664.850907,-144.508397,661.411378,59.937552,-0.016718,1,0
4.700000,-62.470631,203314.882234,177.664597,204742.827878,57.642723,205034.610262,95.548975,662.598095,-24.551190,668.818131,-144.142303,664.585086,59.945265,0.009321,1,0
4.733000,-62.373827,205991.877059,177.728660,205746.902270,57.744108,205413.555655,95.650280,664.505821,-24.200051,658.497988,-144.390565,663.900817,59.937298,-0.002636,1,0
4.767000,-62.477121,205098.284540,177.743710,204410.970233,57.754474,204557.688401,95.633622,664.371955,-24.295571,664.879450,-144.249901,658.630224,59.931430,-0.016720,1,0
4.800000,-62.517564,203812.707173,177.621742,202614.426027,57.779154,205288.075701,95.344025,660.634857,-24.352125,665.360292,-144.288805,666.233981,59.940970,0.006990,1,0
4.833000,-62.370525,203698.169727,177.580277,203499.519557,57.554817,204453.503713,95.504389,661.414540,-24.419924,672.608909,-144.463374,658.821289,59.937200,-0.013221,1,0
4.867000,-62.459756,204137.922980,177.582038,202648.792248,57.633302,204240.738453,95.573677,659.410038,-24.451586,660.427556,-144.166395,660.772734,59.939560,-0.008271,1,0
4.900000,-62.307388,204697.110929,177.786561,203010.942616,57.893504,204665.877749,95.737814,660.709368,-23.997522,663.990337,-144.142361,654.059499,59.937826,-0.011713,1,0
4.933000,-62.418951,203981.521656,177.796424,204117.251088,57.540105,204594.361163,95.519809,657.180452,-24.459539,657.496669,-144.554316,660.708213,59.936557,0.000709,1,0
4.967000,-62.260328,204215.953495,177.587247,203798.520609,57.567596,203857.159614,95.817444,661.019553,-24.408442,657.855540,-144.349166,653.393082,59.943599,0.001057,1,0
5.000000,-62.173128,205479.679444,177.602515,205348.288040,57.658199,205443.213409,95.567430,657.495044,-24.222607,664.993483,-144.199211,658.688763,59.933196,-0.001896,1,0
5.033000,-62.332965,202791.947979,177.583493,204352.208527,57.573776,204234.760523,95.920387,661.359864,-24.317643,666.368657,-144.553443,655.649863,59.941061,0.000643,1,0
5.067000,-62.238328,204551.588815,177.786667,203885.617456,57.525234,205251.800926,95.747705,659.828111,-24.160680,663.186362,-144.365486,657.953631,59.939630,0.000594,1,0
5.100000,-62.380798,205770.532546,177.756240,204757.438054,57.582182,205005.335964,95.577247,666.044554,-24.042226,663.639939,-144.365387,661.922914,59.935055,-0.009276,1,0
5.133000,-62.417208,204003.401532,177.773756,202672.259901,57.746123,205547.377478,95.308375,663.694805,-24.349159,663.667619,-144.461738,665.826411,59.940742,-0.008137,1,0
5.167000,-62.289507,204483.046424,177.827083,203281.050063,57.788901,204460.422241,95.637549,668.897343,-23.990015,666.374686,-144.260969,665.581161,59.940857,-0.001069,1,0
5.200000,-62.233736,202498.903604,177.768499,203245.389329,57.764833,203754.662272,95.687989,672.917904,-24.423653,661.005609,-144.520820,661.572135,59.935092,-0.001012,1,0
5.233000,-62.288228,204474.510183,177.696170,203343.457958,57.904339,203948.500079,95.722359,664.054237,-24.246753,669.787984,-144.311792,662.946515,59.932249,-0.003676,1,0
5.267000,-62.411385,205558.913525,177.697893,205679.035484,57.824588,205979.867377,95.206274,665.872538,-24.408695,669.133127,-144.328018,669.884904,59.935542,0.002336,1,0
5.300000,-62.252089,205009.986957,177.538090,204335.848039,57.754307,206199.971984,96.087130,661.487373,-24.100556,664.156522,-144.192554,668.679723,59.941787,0.000386,1,0
5.333000,-62.158731,203780.999620,177.638309,204681.751050,57.595784,205958.664135,95.730377,662.123714,-24.582230,671.274352,-144.455411,661.072824,59.952238,-0.005623,1,0
5.367000,-62.240037,204774.170916,177.739242,202483.910725,57.730392,204836.434993,95.421456,673.596943,-24.553238,671.320463,-144.252382,668.904994,59.937273,0.010195,1,0
5.400000,-62.336727,203006.549937,177.810295,203788.324157,57.587315,205914.194987,95.323880,664.612149,-24.285395,666.025652,-144.058762,669.492168,59.942900,-0.005818,1,0
5.433000,-62.206675,204659.138029,177.701089,203288.195030,57.792530,204142.351400,95.669421,668.462577,-24.231319,663.276593,-144.370282,668.382830,59.939449,-0.000510,1,0
5.467000,-62.272166,204533.468815,177.742767,206256.946989,57.758783,205232.924368,95.577094,665.153369,-24.175969,670.494964,-144.344570,659.912975,59.931823,0.007563,1,0
5.500000,-62.200382,203164.950350,177.846471,204772.056175,57.701242,204229.223881,95.744775,670.820278,-24.119760,669.479627,-144.500109,664.030888,59.946142,0.006304,1,0
5.533000,-62.164474,204508.417934,177.754424,204178.208602,57.687720,205258.688854,95.702981,670.079288,-24.110030,671.252270,-144.407665,668.860150,59.946642,-0.001308,1,0
5.567000,-62.308983,204657.945273,177.645545,203341.059913,57.601088,203530.082173,95.577703,663.927515,-24.313845,672.536991,-144.542814,670.078145,59.940912,-0.017382,1,0
5.600000,-62.255130,204807.835606,177.852947,203723.851958,57.660767,203093.412695,95.859746,661.178728,-24.231919,660.840459,-144.290362,665.209472,59.945078,-0.011057,1,0
5.633000,-62.282393,204704.524420,177.579839,206343.062544,57.797858,205530.677090,95.852150,670.328985,-24.123515,670.920786,-144.100857,670.198050,59.947890,0.000822,1,0
5.667000,-62.422911,204368.204931,177.832865,204550.064534,57.804058,205181.245001,95.500877,670.771429,-24.156669,668.638194,-144.377790,674.615818,59.951893,0.011040,1,0
5.700000,-62.234317,204793.948141,177.637114,204093.324622,57.788807,205057.220157,95.451810,672.544207,-24.267682,665.555898,-144.651173,667.583930,59.945585,0.004242,1,0
5.733000,-62.286610,203086.441573,177.812997,204817.995652,57.600217,205441.384861,95.593156,674.057615,-24.452234,664.266887,-144.289772,676.557562,59.950820,0.005406,1,0
5.767000,-62.259974,203679.164672,177.720164,205543.250011,57.749205,205421.605811,95.811454,670.217265,-24.465194,675.664181,-143.846142,672.115387,59.942489,0.006262,1,0
5.800000,-62.269571,203656.292843,177.560015,204647.458269,57.723700,203934.315481,95.885093,676.920033,-24.196916,675.575613,-144.201356,667.777522,59.940755,0.000712,1,0
5.833000,-62.024993,204703.570378,177.819207,206720.392491,57.774616,202204.586635,96.415943,662.055991,-24.345885,671.504326,-144.186286,675.230048,59.940662,0.003791,1,0
5.867000,-62.362558,204298.244233,177.622830,203761.072472,57.791964,204547.175258,95.544079,668.080154,-24.696663,670.904450,-144.052644,671.318903,59.940682,-0.000925,1,0
5.900000,-62.183162,204150.366479,177.703200,204834.922250,57.638951,204321.399258,95.976249,670.943768,-24.207741,669.030850,-144.377457,670.092886,59.939579,0.003824,1,0
5.933000,-62.525832,203373.050638,177.768813,204408.920339,57.555118,204280.326834,95.623602,668.657663,-24.292714,666.010741,-144.634056,668.820254,59.940103,-0.005333,1,0
5.967000,-62.222983,205106.593183,177.806043,204558.428180,57.813161,205215.016200,95.497612,663.626876,-24.479326,670.307342,-144.089623,671.291441,59.934243,0.010707,1,0
6.000000,-62.251870,205989.513193,177.672805,206264.825887,57.785025,204308.665806,95.426624,665.275484,-24.320227,673.791386,-144.279591,660.700193,59.927344,-0.006977,1,0
6.033000,-62.339541,202940.915718,177.701389,204108.941846,57.660818,203942.482920,95.897198,668.489676,-24.391204,670.727890,-144.676816,661.442906,59.935448,0.016924,1,0
6.067000,-62.256379,204746.505400,177.828449,203125.450916,57.811704,205568.351045,95.687173,667.936584,-23.730499,660.859028,-143.924171,666.973563,59.934105,-0.009380,1,0
6.100000,-62.178408,205311.853489,177.693991,205353.124434,57.898087,205187.322662,96.010577,666.567421,-24.410173,668.610993,-144.124048,661.613494,59.936488,-0.003412,1,0
6.133000,-62.027582,205366.442919,177.889143,205507.119787,57.724961,205277.143630,96.107584,660.563436,-24.268067,662.742960,-144.186756,658.349259,59.938674,0.006386,1,0
6.167000,-62.037921,206347.355989,177.642037,204749.843149,57.816696,205161.431322,95.766340,667.326565,-24.338481,666.426644,-144.492667,667.139772,59.927947,0.003433,1,0
6.200000,-62.254044,204361.934510,177.779082,205314.590795,57.753071,203989.281657,95.863936,664.533470,-24.362173,669.978509,-144.240490,670.582843,59.934293,-0.013175,1,0
6.233000,-62.256208,203284.464791,177.934119,205076.806661,58.056248,205768.589332,95.497532,672.771196,-23.702563,667.642006,-144.226958,664.094570,59.945531,0.005777,1,0
6.267000,-62.226065,203552.777345,177.950824,204006.102394,57.826322,205881.163313,95.836966,664.276433,-23.972577,667.570416,-144.324078,665.359138,59.942161,0.015948,1,0
6.300000,-62.216097,203239.447805,177.929086,204161.266539,57.850844,204355.153346,96.287484,663.873784,-24.261663,667.810161,-144.385279,666.043642,59.934376,0.006003,1,0
6.333000,-62.048694,205420.204242,177.825968,205041.293034,57.855517,203785.387850,95.727649,662.590974,-24.127941,669.118941,-144.293454,669.775370,59.939701,0.004402,1,0
6.367000,-62.077547,203991.337888,177.932727,204553.245226,57.846786,203676.684497,96.038776,671.062591,-24.144264,663.937765,-144.080242,666.775325,59.936491,-0.011723,1,0
6.400000,-62.187954,204447.866899,177.980551,203598.026268,57.612564,204301.405740,95.800990,672.443487,-23.839221,673.580755,-144.301911,668.348389,59.938222,0.006921,1,0
6.433000,-62.093477,204779.076108,178.025028,204509.718324,57.857832,204689.179908,95.823638,669.681245,-23.606237,672.812704,-144.299398,666.693618,59.941154,-0.008322,1,0
6.467000,-61.980675,204580.870250,177.819594,204106.142697,57.785442,205562.427873,96.442718,674.419605,-24.316001,667.670860,-144.198960,671.860088,59.941740,0.003477,1,0
6.500000,-62.201807,204563.794187,177.795918,205910.929492,57.863495,205036.779741,95.843712,674.093701,-24.316360,669.817314,-144.041686,672.603910,59.946205,-0.007237,1,0
6.533000,-62.027829,203822.018954,177.820335,206082.964870,57.567351,204090.625118,96.058963,672.477319,-23.907798,671.810224,-144.450120,677.685028,59.943128,0.011173,1,0
6.567000,-62.086967,204641.524639,177.822488,204522.082963,57.849030,206471.900140,95.793468,675.308703,-24.141990,670.417659,-144.037023,672.395351,59.945345,-0.000031,1,0
6.600000,-62.252581,204617.746459,177.982551,203760.691492,57.851294,205620.717332,95.659808,672.241608,-23.675650,673.277465,-144.154485,670.950175,59.943075,0.011011,1,0
6.633000,-62.272392,206493.053851,177.711465,204794.733893,57.809882,206512.963022,95.785366,669.593386,-24.025198,673.539186,-144.155072,678.742601,59.942149,-0.006328,1,0
6.667000,-62.197397,203604.098086,177.865362,203513.344270,57.652118,205288.982420,95.623517,668.609719,-24.128804,676.494122,-144.180526,678.638148,59.939551,-0.008440,1,0
6.700000,-62.247043,205212.856438,177.688101,204477.119797,57.833111,204478.583311,95.679556,672.257251,-24.384458,670.982221,-144.153692,664.407780,59.945044,0.006818,1,0
6.733000,-62.301198,202357.051649,177.790690,204214.530367,57.545094,204120.868205,95.779841,663.610535,-24.289158,669.971992,-144.302387,671.678880,59.950818,-0.001764,1,0
6.767000,-62.390086,205373.698882,177.734056,204052.936977,57.662089,205670.974578,95.557854,662.914741,-23.861987,666.498561,-144.440205,667.033836,59.952197,-0.002341,1,0
6.800000,-62.192710,205455.649508,177.799746,204610.904206,57.809308,205726.043524,95.934027,669.211349,-24.307009,665.551633,-144.240621,666.437048,59.941349,0.001213,1,0
6.833000,-62.254857,204949.672365,177.699285,203803.143845,57.815714,204371.587890,95.605169,665.815159,-24.031927,665.964276,-144.098746,667.009468,59.936464,0.004648,1,0
6.867000,-62.135171,204148.717690,177.762927,203738.940065,57.752706,205965.116543,95.902724,662.955625,-23.874726,665.694360,-144.419773,660.565533,59.942846,0.002520,1,0
6.900000,-62.322418,203879.420645,177.994954,203496.259291,57.820281,205314.247833,95.768987,661.295258,-23.971831,662.124426,-144.033523,671.246174,59.943785,0.005973,1,0
6.933000,-62.375027,203825.290547,177.584349,204224.851449,57.931243,204977.240289,95.646412,666.213816,-24.480755,662.995760,-144.204976,666.334833,59.947637,-0.004200,1,0
6.967000,-62.320991,204021.887954,177.858452,204816.178215,57.803835,205559.327661,95.577736,659.982773,-23.950540,659.646364,-143.983722,670.667422,59.940030,0.004541,1,0
7.000000,-62.238328,204778.061950,177.758614,205179.681850,57.660090,204822.962767,96.035214,661.852640,-24.628288,657.216779,-144.260159,665.739207,59.939463,0.002109,1,0
7.033000,-62.223450,203514.526836,177.652747,203557.262593,57.664051,204616.923485,95.555810,664.181437,-24.320890,661.491308,-144.127234,665.372722,59.945138,-0.002159,1,0
7.067000,-62.276050,205214.419814,177.722558,205170.639543,57.695405,204871.847875,95.704662,659.447905,-24.495287,661.071434,-144.090770,660.671785,59.941331,0.002211,1,0
7.100000,-62.128955,202121.215563,177.854097,205585.746446,57.724779,205287.324210,95.877719,652.197821,-24.074843,649.390948,-144.135222,660.837587,59.933172,-0.001225,1,0
7.133000,-62.271403,203607.065672,177.601752,204293.349794,57.953739,205703.467910,95.438889,658.657623,-24.391889,660.619730,-144.271751,655.300029,59.941419,0.002057,1,0
7.167000,-62.305290,203022.020658,177.675070,204223.264543,57.615530,205932.926598,95.722419,655.043916,-24.440412,658.392802,-144.467738,659.690657,59.940655,0.008183,1,0
7.200000,-62.326582,204156.681325,177.643061,205720.395690,57.559741,204629.412104,95.599898,656.858115,-24.531754,662.092258,-144.467023,657.425324,59.948239,0.000848,1,0
7.233000,-62.407887,204089.865634,177.568676,203927.747081,57.619798,205874.387712,95.394341,653.684562,-24.499898,657.285429,-144.523237,658.484715,59.935552,0.009946,1,0
7.267000,-62.290524,203607.641428,177.636190,203499.981558,57.691046,204736.116070,95.576684,661.778764,-24.503080,659.638526,-144.313725,655.752428,59.936834,-0.003066,1,0
7.300000,-62.328560,204507.989091,177.817978,204742.012321,57.507692,206279.216830,95.754483,663.348389,-24.239214,663.055166,-144.314959,664.796976,59.933692,0.017943,1,0
7.333000,-62.286904,204480.000912,177.683645,204705.987850,57.427626,204894.401406,95.667687,661.329053,-24.487142,662.298490,-144.548049,663.586670,59.947191,0.009188,1,0
7.367000,-62.230093,204846.580047,177.614837,205091.999190,57.510255,205910.894484,95.749347,654.810601,-24.578285,652.204572,-144.347072,659.946677,59.943998,0.023291,1,0
7.400000,-62.530828,203419.265826,177.495120,205193.014858,57.643549,203469.767502,95.648964,656.916053,-24.760326,652.852059,-144.746375,660.214242,59.929827,0.007282,1,0
7.433000,-62.405259,205286.167499,177.686665,205827.563686,57.573945,204674.455300,95.741890,655.802974,-24.318880,662.064846,-144.141267,661.669747,59.935630,0.003369,1,0
7.467000,-62.385738,205525.741530,177.658908,204568.631683,57.611568,205243.624657,95.641759,649.027909,-24.181904,655.735886,-144.452022,655.839458,59.934349,-0.006225,1,0
7.500000,-62.198570,203486.158979,177.667702,204413.148012,57.538687,204955.785658,95.799072,649.405773,-24.494029,655.277911,-144.354124,649.759094,59.939144,0.002674,1,0
7.533000,-62.371209,203443.427807,177.773813,205322.194512,57.692231,204420.104491,95.753669,652.120783,-24.211711,650.703417,-144.491751,652.110279,59.937276,-0.001269,1,0
7.567000,-62.259259,204539.014620,177.615345,204982.770120,57.556088,205637.643210,95.903395,658.101497,-24.571878,648.980971,-144.498249,658.427054,59.932697,-0.001492,1,0
7.600000,-62.269104,203886.510866,177.672750,203165.344734,57.746370,204262.523810,95.842468,651.809889,-24.541353,654.518551,-144.363095,652.308914,59.942133,0.001178,1,0
7.633000,-62.264587,204338.252567,177.740499,203769.294780,57.782148,203039.207400,96.092202,662.292665,-24.317254,657.431348,-144.116439,655.352392,59.951890,-0.014498,1,0
7.667000,-62.321325,204097.603651,177.702873,204758.178332,57.675080,203279.590014,95.713076,659.595105,-24.086535,659.924164,-144.214223,652.485173,59.941868,0.013156,1,0
7.700000,-62.387677,202746.853854,177.513004,203276.816625,57.713679,203616.576172,95.893458,657.158185,-24.576274,652.315228,-144.346882,651.998915,59.944099,-0.002409,1,0
7.733000,-62.475836,203293.416555,177.585454,203531.664092,57.604299,202732.506648,95.375986,654.241012,-24.499042,658.405065,-144.340228,657.187217,59.940403,-0.005089,1,0
7.767000,-62.511251,205938.475546,177.590006,202180.770404,57.585402,205572.004462,95.560832,664.336429,-24.135209,658.026606,-144.129257,657.633390,59.933142,-0.012452,1,0
7.800000,-62.444617,203357.879959,177.410256,204316.831675,57.533010,203624.951300,95.629551,660.392305,-24.311666,657.762209,-144.539022,659.893008,59.934020,-0.005066,1,0
7.833000,-62.486925,203998.870537,177.631643,204225.408204,57.624952,204302.241175,95.398203,655.917758,-24.020798,658.869792,-144.590685,658.401983,59.941902,0.008351,1,0
7.867000,-62.356741,202985.045448,177.748466,203304.136788,57.416967,205146.987789,95.710895,661.779776,-24.439512,660.789593,-144.797398,661.756630,59.950910,0.003834,1,0
7.900000,-62.390512,206020.609947,177.620757,204099.866273,57.618036,205529.076195,96.123379,658.986654,-24.657860,663.208333,-144.324078,665.920107,59.943036,-0.016125,1,0
7.933000,-62.362566,204811.707577,177.561054,203045.561096,57.766222,204860.970725,95.431626,662.265827,-24.441806,650.655419,-144.048896,656.128705,59.954039,0.002160,1,0
7.967000,-62.151017,205360.292767,177.687760,204938.846982,57.558753,204324.751736,95.493338,657.563278,-24.069093,658.007113,-144.493664,651.734000,59.952968,-0.013962,1,0
8.000000,-62.380110,203436.554956,177.628318,204775.422979,57.696246,204036.196712,95.378763,652.317366,-24.295819,659.713451,-144.148503,656.314069,59.954573,0.002250,1,0
8.033000,-62.332732,204322.945692,177.645005,204635.625152,57.685145,205548.218493,95.921312,658.527168,-24.382703,666.989146,-144.377193,659.523805,59.946693,0.008053,1,0
8.067000,-62.433493,204345.862683,177.780016,204010.136355,57.839795,205521.057416,95.396216,652.871930,-24.430939,658.827526,-144.490008,659.092615,59.946607,-0.001177,1,0
8.100000,-62.249468,203793.212820,177.747183,205442.400115,57.816870,204328.030928,95.678114,662.952988,-24.213456,658.551770,-144.299865,660.375300,59.955566,-0.000498,1,0
8.133000,-62.386221,204829.771910,177.642627,204827.323501,57.621601,205988.516529,95.504145,656.097908,-24.458066,661.922232,-144.498110,660.094645,59.948894,0.001813,1,0
8.167000,-62.312046,204467.948558,177.637142,206153.731461,57.629520,205522.601520,95.854333,665.111497,-24.259196,655.030129,-144.381731,660.688218,59.941813,0.002456,1,0
8.200000,-62.397344,205583.689765,177.694836,204505.797007,57.455202,205958.114850,95.448877,658.086595,-23.903091,661.966360,-144.671188,656.236746,59.945429,0.006325,1,0
8.233000,-62.352667,206257.764445,177.826290,203578.025629,57.668489,205245.179321,95.748182,655.954154,-24.173461,660.579292,-144.387702,650.901230,59.948802,0.003095,1,0
8.267000,-62.438956,203861.011579,177.628502,205300.810139,57.527294,204122.783068,95.866017,651.262142,-24.596614,654.362952,-144.239973,654.135324,59.942651,-0.004021,1,0
8.300000,-62.188767,205874.281053,177.453699,203697.410241,57.452339,206473.082916,95.830236,661.446521,-24.462722,654.271563,-144.808402,655.035175,59.954091,-0.002545,1,0
8.333000,-62.161040,204875.157501,177.476545,203752.352065,57.715569,206175.359295,96.148833,659.381166,-24.755175,654.946820,-144.274431,655.318230,59.953002,-0.003961,1,0
8.367000,-62.561175,204728.013750,177.734642,205052.039276,57.575299,205674.084050,95.638290,654.717617,-24.282309,661.497060,-144.250869,653.965146,59.949578,0.008883,1,0
8.400000,-62.329613,201887.610708,177.608178,202965.194748,57.545165,205215.891925,95.801237,655.687580,-24.463179,659.554249,-144.202058,659.190763,59.950810,-0.004766,1,0
8.433000,-62.427729,204410.806090,177.563869,205138.609065,57.634024,204519.049191,95.793390,658.982021,-24.283200,661.999669,-144.494005,668.583799,59.957662,0.002823,1,0
8.467000,-62.288505,204375.354065,177.671352,204048.463817,57.692201,204416.483561,95.866685,662.603598,-24.384175,665.595366,-144.221025,660.145162,59.956059,-0.016813,1,0
8.500000,-62.401612,205336.278693,177.500364,204108.415788,57.684349,205219.926052,95.384593,657.569254,-24.363228,658.926267,-144.292844,657.962948,59.962824,0.002993,1,0
8.533000,-62.386213,205579.920998,177.725616,204665.160019,57.512160,204936.771617,95.501291,663.605846,-24.056765,656.473073,-144.956152,660.152522,59.964351,0.000188,1,0
8.567000,-62.294029,203336.604642,177.569554,204281.177411,57.536885,204924.277477,95.729868,665.608945,-24.440131,661.091056,-144.180894,667.301849,59.956084,0.007014,1,0
8.600000,-62.360472,203993.857989,177.641026,205095.034515,57.616501,204902.993757,95.927519,662.752366,-24.393250,670.393576,-144.207616,657.920254,59.959739,0.000939,1,0
8.633000,-62.494696,205110.390397,177.627684,202981.363944,57.732110,204362.635044,95.503856,661.788167,-24.238025,665.356866,-144.023281,668.763915,59.949732,-0.003132,1,0
8.667000,-62.493169,206618.628704,177.553579,203468.307123,57.523817,205530.751774,95.384962,667.178427,-24.098547,665.330807,-144.417612,665.150138,59.965592,0.011314,1,0
8.700000,-62.469899,205057.304974,177.765603,206322.059907,57.538082,205770.343658,95.459354,658.611598,-24.364114,670.507135,-144.609508,659.774377,59.952600,0.006618,1,0
8.733000,-62.265355,203474.582996,177.640161,203410.419481,57.810289,207210.165077,95.771413,665.668212,-24.376959,655.759163,-144.186917,658.684690,59.953771,-0.000970,1,0
8.767000,-62.175532,204955.697354,177.842404,205721.240502,57.833679,206324.285284,95.946883,665.235498,-24.141615,662.193635,-143.722557,662.686134,59.958236,0.014777,1,0
8.800000,-62.213252,203275.378272,177.631316,205243.401376,57.621929,204527.057633,95.654310,654.516748,-24.353895,663.859273,-144.140853,660.474065,59.957581,0.006723,1,0
8.833000,-62.047455,205428.088449,177.748501,205150.254352,57.620677,206357.039586,95.960921,665.860620,-24.379775,658.503824,-144.081455,660.626315,59.961036,0.003098,1,0
8.867000,-62.234154,203617.129797,177.727898,205108.620455,57.774016,203870.701474,95.302223,657.754648,-24.302456,657.264320,-144.083435,664.840708,59.964100,0.001549,1,0
8.900000,-62.206583,205163.475405,177.732310,203771.555496,57.633451,205417.575021,95.866805,660.149564,-24.086243,656.530877,-144.594781,654.993889,59.958850,-0.005409,1,0
8.933000,-62.304099,204638.302550,177.782375,201814.331984,57.688685,203525.480566,95.596871,661.931428,-24.232833,660.870013,-144.358915,658.340906,59.964215,-0.001279,1,0
8.967000,-62.218870,205596.336400,177.599864,203014.412133,57.509542,205086.002759,95.799956,664.922371,-24.441648,661.853213,-144.316412,653.938725,59.963456,0.002650,1,0
9.000000,-62.337086,204834.991689,177.670525,205515.844641,57.764278,205453.424093,95.643685,663.417367,-24.045970,650.966172,-144.277219,662.976116,59.956193,-0.003644,1,0
9.033000,-62.358952,203749.449642,177.611811,206180.951117,57.531807,204230.998888,95.531148,662.030900,-24.173259,665.381670,-144.386754,663.029466,59.957841,-0.006128,1,0
9.067000,-62.262576,205281.288028,177.603045,204158.796636,57.814235,205474.548102,95.597087,658.208458,-24.461809,666.629511,-144.121576,660.609190,59.963372,0.002690,1,0
9.100000,-62.293322,204103.140858,177.783659,204496.036444,57.704282,203765.292048,95.532361,659.223907,-24.326271,657.108999,-144.499471,659.459058,59.959150,0.007254,1,0
9.133000,-62.244169,204758.217182,177.902155,204811.530756,57.760303,205867.541991,95.977465,652.282344,-24.181176,657.068150,-144.303088,660.127349,59.963263,0.008300,1,0
9.167000,-62.352857,204162.389538,177.689403,205040.116792,57.763644,205703.673674,95.355731,656.096461,-24.433344,656.612508,-144.208247,657.794103,59.966111,-0.011939,1,0
9.200000,-62.354655,205600.351649,177.737468,204398.092705,57.724715,205676.251059,95.577982,657.452194,-24.412914,658.559528,-144.217881,654.123074,59.959769,-0.004905,1,0
9.233000,-62.325243,205028.223375,177.706779,204520.787561,57.787458,205150.523301,95.796581,656.198637,-24.219336,658.508477,-144.044355,654.640180,59.957272,0.007749,1,0
9.267000,-62.323878,205045.192459,177.870460,205572.637994,57.780695,205171.278874,95.714439,660.437868,-23.995649,663.256603,-144.290495,657.790424,59.960373,0.001214,1,0
9.300000,-62.101413,205168.313643,177.794224,203619.693352,57.699079,203951.691016,95.979733,654.117929,-24.314317,659.101785,-144.391546,651.959079,59.958240,0.004852,1,0
9.333000,-62.344223,204995.732837,177.572728,204871.570586,57.644474,207022.401182,95.661812,652.500549,-24.169929,661.210139,-144.461438,650.699504,59.961200,0.013670,1,0
9.367000,-62.394070,205437.879016,177.707883,205120.103582,57.507261,204049.639418,95.702959,651.985510,-24.494430,657.667072,-144.644393,652.040114,59.964254,-0.004771,1,0
9.400000,-62.254653,204661.910515,177.672925,205103.243800,57.684387,207280.613331,95.767935,652.178407,-24.121202,653.238540,-144.562527,658.850977,59.960584,-0.001617,1,0
9.433000,-62.503904,204374.949599,177.531163,204226.925371,57.424390,202758.938445,95.728356,648.726566,-24.162663,651.262823,-144.546770,655.885608,59.961812,-0.005021,1,0
9.467000,-62.332102,206001.005183,177.623848,204754.824456,57.666751,205007.978414,95.782257,654.194780,-24.369132,651.844851,-144.051174,659.659642,59.967719,-0.008628,1,0
9.500000,-62.288937,202902.053009,177.573057,205665.092179,57.543653,204762.332776,95.913215,649.987059,-24.516772,654.221832,-144.725333,653.099210,59.965828,-0.003320,1,0
9.533000,-62.454053,204511.314258,177.752023,203478.743386,57.582611,204175.493249,95.806717,650.790804,-24.370224,655.953187,-144.567722,652.741351,59.966488,0.004525,1,0
9.567000,-62.340997,205554.837092,177.502452,205433.213233,57.535067,205763.191613,96.170863,659.516243,-24.338880,652.332209,-144.691745,652.767920,59.965759,0.003080,1,0
9.600000,-62.576832,205497.083749,177.280699,205679.565897,57.480054,205330.246488,95.481071,650.181816,-24.744085,650.216184,-144.688989,657.764690,59.959528,-0.013302,1,0
9.633000,-62.430428,204857.867388,177.520411,203726.881458,57.574481,205302.204837,95.491405,658.059774,-24.490565,648.682671,-144.344066,655.634775,59.966291,-0.005198,1,0
9.667000,-62.263561,203899.149826,177.675051,204797.262421,57.715690,204977.222428,95.143112,648.140584,-24.098447,658.795553,-144.314381,648.699087,59.959086,0.002780,1,0
9.700000,-62.372307,206668.534499,177.468541,205396.027197,57.652096,204236.566714,95.433665,655.473098,-24.395818,647.081951,-144.332896,651.264581,59.958006,-0.007471,1,0
9.733000,-62.298561,205378.978057,177.565394,204750.211253,57.544067,204110.053173,95.893053,658.994696,-24.543508,650.131550,-144.670179,657.672006,59.963488,-0.002970,1,0
9.767000,-62.529595,204139.916377,177.763366,203930.511738,57.611517,204496.230701,95.495154,650.813990,-24.454443,653.013242,-144.516925,661.855245,59.962034,-0.001316,1,0
9.800000,-62.509209,205614.407430,177.704350,204740.332146,57.656221,206399.059177,95.567754,655.621381,-24.417149,650.231501,-144.125511,650.683195,59.963829,0.003315,1,0
9.833000,-62.321860,204313.257563,177.619350,204283.504167,57.665858,205364.234998,95.658565,655.359864,-24.399620,647.315550,-144.506089,654.718377,59.955491,-0.008351,1,0
9.867000,-62.303358,205467.474906,177.521669,203652.976581,57.568985,204063.284720,95.829940,655.539644,-24.226534,646.387820,-144.243207,650.651042,59.965942,-0.003781,1,0
9.900000,-62.346806,203961.002525,177.507230,203560.214672,57.627211,203514.339587,95.451493,655.908880,-24.645176,648.230349,-144.055904,656.112871,59.955405,-0.005081,1,0
9.933000,-62.553766,204269.666929,177.657628,204941.818617,57.494132,206980.689363,95.278130,647.122604,-24.717965,659.743653,-144.222308,650.033828,59.954517,-0.002047,1,0
9.967000,-62.613273,205011.837241,177.563844,205032.265960,57.692547,203920.423278,95.288099,652.420528,-24.293802,655.667551,-143.963344,653.616718,59.955952,0.000401,1,0
10.000000,-62.570825,204099.622171,177.648869,204698.788874,57.501534,203766.833918,94.979478,653.520601,-24.435957,650.949761,-144.266334,653.544970,59.950770,0.000988,1,0
10.033000,-62.356994,203394.036696,177.804846,203469.219673,57.560199,203153.303755,95.624569,655.042374,-24.207691,652.403374,-144.143797,651.487513,59.949538,0.001999,1,0
10.067000,-62.267966,206083.526415,177.659808,203764.791387,57.742271,205540.077943,95.523091,648.332070,-24.607266,650.199896,-144.036851,652.979252,59.950880,0.001590,1,0
10.100000,-62.384879,205244.724787,177.675740,203852.526552,57.539957,204693.531497,95.712644,652.422805,-24.284029,641.988702,-144.502059,656.458674,59.949528,-0.004204,1,0
10.133000,-62.368458,204856.575900,177.624519,204932.757244,57.642465,205208.605669,95.658581,650.399874,-24.400882,646.981995,-144.248669,648.606803,59.951627,-0.007102,1,0
10.167000,-62.278440,205574.888192,177.661243,205439.227467,57.613813,203799.617738,95.767480,649.032180,-24.079489,651.217442,-144.439250,647.475224,59.948443,-0.000297,1,0
10.200000,-62.495298,204453.467086,177.583638,203718.842512,57.618689,206602.378455,95.764257,649.233627,-24.663806,644.839832,-144.182342,645.397974,59.952303,0.000306,1,0
10.233000,-62.326733,202373.211426,177.559414,203303.086149,57.719663,205088.330216,95.992427,643.674467,-23.939802,646.421245,-144.256272,647.050242,59.958841,0.004092,1,0
10.267000,-62.321551,203672.178245,177.646605,203208.554152,57.505373,204491.560886,95.583295,652.142034,-24.185034,645.771641,-144.299210,646.081101,59.948420,-0.004523,1,0
10.300000,-62.428583,204612.517082,177.541940,205498.589876,57.739495,204762.798592,95.774338,657.383307,-24.392383,655.458206,-144.150892,647.068924,59.957438,-0.007629,1,0
10.333000,-62.414650,203544.742787,177.629063,204053.880632,57.595830,206545.681207,95.554743,652.632579,-24.348062,653.624077,-144.223427,653.174371,59.963055,-0.005115,1,0
10.367000,-62.501189,204978.772024,177.444600,204140.996068,57.587206,206758.822685,95.295047,654.040287,-24.471206,651.066482,-144.811549,660.623086,59.957502,-0.000601,1,0
10.400000,-62.354608,203117.236592,177.613030,203699.091365,57.579485,204938.563076,95.571386,652.718605,-24.645793,662.606460,-144.671617,651.120045,59.954819,-0.015642,1,0
10.433000,-62.559498,203985.482592,177.448433,204601.887378,57.482366,205036.575261,95.496220,652.105176,-24.624558,654.409113,-144.518331,654.201146,59.961873,0.002276,1,0
10.467000,-62.465145,205269.852350,177.571218,203647.382500,57.535857,205540.412880,95.751025,657.772184,-24.206407,655.549275,-144.466017,656.072824,59.953487,-0.002644,1,0
10.500000,-62.525387,204218.644659,177.565126,205319.720409,57.417617,204361.627809,95.266666,659.799211,-24.103281,658.297009,-144.471491,652.651183,59.955249,0.006757,1,0
10.533000,-62.478667,204991.677372,177.678763,204710.077946,57.493173,205323.774634,96.000339,653.882452,-24.472212,654.621110,-144.407288,653.374581,59.954619,0.003255,1,0
10.567000,-62.331992,204028.574142,177.712356,205047.338749,57.581606,203890.212941,95.641861,649.026366,-24.355912,655.826359,-144.456976,646.957411,59.950648,0.002324,1,0
10.600000,-62.187211,204923.420528,177.746490,204415.063185,57.509595,205751.000502,95.940725,642.210251,-24.080320,650.781619,-144.178775,646.946465,59.960439,0.003934,1,0
10.633000,-62.337203,202730.805597,177.665161,202739.487706,57.659275,203926.252242,95.752671,652.356029,-24.169215,653.577249,-144.124535,654.597566,59.965840,-0.006383,1,0
10.667000,-62.177648,203965.154315,177.600055,205997.651334,57.618133,204554.503588,95.871094,654.280771,-24.489039,655.849296,-144.523489,648.020872,59.958730,-0.006604,1,0
10.700000,-62.457796,204441.961376,177.514104,203920.537973,57.744415,204847.408300,95.960668,650.400877,-24.694631,648.647263,-144.201976,656.151927,59.958507,0.002200,1,0
10.733000,-62.510769,203667.591299,177.450040,204936.239554,57.585612,205577.798505,95.117946,652.855855,-24.496577,656.774970,-144.751359,647.380955,59.956956,0.002078,1,0
10.767000,-62.429888,204992.549018,177.423096,205416.386443,57.544514,205398.158324,95.674165,648.617678,-24.956842,651.185606,-144.450926,652.391104,59.969500,-0.008738,1,0
10.800000,-62.242072,205407.252935,177.552723,202715.320489,57.584045,204823.436560,95.845213,654.062498,-24.357631,652.170740,-144.492264,651.720591,59.961190,-0.000591,1,0
10.833000,-62.381456,203829.169919,177.633114,206746.454351,57.496432,204720.575906,95.795630,654.061343,-24.563701,657.348666,-144.513330,663.139223,59.962298,-0.012885,1,0
10.867000,-62.374908,205033.580865,177.540851,203460.764581,57.602916,204871.619513,95.696637,659.319270,-24.141140,653.274164,-144.395944,652.534114,59.957537,0.000012,1,0
10.900000,-62.490841,204488.891011,177.492998,203603.576929,57.609957,205188.556017,95.395702,651.322957,-24.363717,655.836195,-144.155779,657.164782,59.958029,0.000646,1,0
10.933000,-62.429019,204642.162403,177.465378,205292.597508,57.549180,203639.093234,95.368751,652.221972,-24.520718,659.218765,-144.284841,659.265608,59.962095,0.007932,1,0
10.967000,-62.575024,202729.925837,177.509096,204639.128044,57.487741,206633.786978,95.389591,659.140859,-24.337594,652.285475,-144.516307,652.835308,59.963665,0.008122,1,0
11.000000,-62.477732,205048.244880,177.559796,203509.193600,57.542184,204691.927911,95.403878,656.431481,-24.682508,660.050432,-144.699457,651.784239,59.964538,0.004090,1,0
11.033000,-62.423000,205357.348510,177.464514,204090.638351,57.271641,205338.031428,95.451450,656.300386,-24.377093,652.897239,-144.668021,660.436928,59.948954,0.014927,1,0
11.067000,-62.342439,205843.014828,177.408561,204377.033727,57.498249,204630.221360,95.747710,648.914926,-24.564773,645.836845,-144.564575,655.640113,59.954871,0.001050,1,0
11.100000,-62.355303,204793.538531,177.502009,205811.932115,57.527749,204598.404354,95.565792,653.892439,-24.543332,657.767870,-144.566192,652.783926,59.959371,0.008301,1,0
11.133000,-62.206692,204524.849514,177.347211,206015.992638,57.555759,203663.816274,95.555948,657.285321,-24.639786,651.961818,-144.449664,656.675402,59.956759,0.002923,1,0
11.167000,-62.375974,204362.497856,177.435454,205178.465569,57.424218,206038.286713,95.544473,651.554440,-24.568510,657.645856,-144.539026,655.533927,59.960859,-0.007308,1,0
11.200000,-62.400556,203616.985567,177.654270,204614.949854,57.594432,205359.178649,95.433588,662.666123,-24.475986,650.322306,-144.207269,650.348743,59.946744,0.004798,1,0
11.233000,-62.571515,205915.920083,177.338837,206542.335179,57.639696,204053.774779,95.631645,647.758864,-24.740715,651.737059,-144.503077,649.547700,59.959816,-0.003293,1,0
11.267000,-62.487999,203894.337991,177.475406,204245.845605,57.638669,206313.480032,95.472796,651.059017,-24.405290,649.282507,-144.025758,653.346100,59.941444,0.000082,1,0
11.300000,-62.438715,204083.731343,177.525923,206280.683902,57.454773,206956.848056,95.492061,646.159729,-24.578768,644.671009,-144.633170,650.909412,59.957036,-0.003558,1,0
11.333000,-62.472712,204539.495152,177.554295,204173.217399,57.448130,205431.205518,95.339930,647.459297,-24.127128,647.489784,-144.432715,645.860217,59.950669,-0.000454,1,0
11.367000,-62.473712,203214.974040,177.613358,206172.844213,57.658205,204759.765438,95.604612,646.883935,-24.286763,645.781771,-144.555724,639.471844,59.947201,0.004253,1,0
11.400000,-62.415361,205367.212545,177.610493,205966.440401,57.580794,206169.180618,95.610267,641.510231,-24.270737,654.392523,-144.634305,648.447505,59.948795,0.002997,1,0
11.433000,-62.340269,205168.297762,177.517376,204894.100674,57.523140,206482.987105,95.828774,647.266638,-24.671135,649.399591,-144.446912,644.421021,59.944537,0.000111,1,0
11.467000,-62.623399,206544.478308,177.616606,204024.201460,57.561151,207156.446688,95.767289,649.487720,-24.222458,652.118788,-144.168241,649.439519,59.947942,0.005300,1,0
11.500000,-62.590226,206221.179671,177.670871,205831.331170,57.495584,205384.201596,95.179332,651.433425,-24.572639,654.952695,-144.470847,651.932613,59.948755,-0.003548,1,0
11.533000,-62.478272,205222.235894,177.609238,205291.873621,57.467556,207344.798301,95.805972,650.930989,-24.553271,650.151866,-144.514974,658.086097,59.950803,0.002227,1,0
11.567000,-62.368423,205411.676983,177.551601,207409.172369,57.584064,204258.549178,95.772566,656.127371,-24.622366,653.615126,-144.325347,657.194690,59.946487,-0.005750,1,0
11.600000,-62.398430,206039.910747,177.545421,204966.306233,57.474768,207210.769905,95.632397,659.379638,-24.385849,650.666370,-144.388712,650.474836,59.944700,-0.003930,1,0
11.633000,-62.321545,204309.632537,177.717126,204329.808673,57.533001,205725.556514,95.787414,646.338645,-24.493771,653.337779,-144.696029,656.393219,59.945711,0.004655,1,0
11.667000,-62.333931,206944.837280,177.682730,204493.242556,57.706465,205344.546740,95.597920,649.427527,-24.357844,649.226634,-144.444421,653.867486,59.952724,0.008370,1,0
11.700000,-62.501514,205753.324040,177.609001,204743.437658,57.534324,206619.850960,95.484439,656.792057,-24.392629,653.501241,-144.636563,650.723625,59.945094,-0.001100,1,0
11.733000,-62.450900,205030.255712,177.514917,204908.922222,57.623275,206219.242910,95.851283,657.030173,-24.484878,657.948887,-144.391394,656.311308,59.950328,0.000385,1,0
11.767000,-62.420216,205867.628528,177.580508,205203.733651,57.785583,205230.914794,95.884776,649.930659,-24.565846,655.716387,-143.867289,655.441508,59.951825,0.001440,1,0
11.800000,-62.293747,204913.863481,177.712113,204504.937774,57.841092,206098.264374,95.766172,661.932793,-24.054519,660.388351,-144.088075,667.735108,59.948888,-0.001549,1,0
11.833000,-62.332508,205663.715199,177.491563,205989.079553,57.631820,203930.892511,95.542671,660.092482,-24.728997,662.164229,-144.455535,656.763705,59.953571,-0.000093,1,0
11.867000,-62.389396,206712.522480,177.652118,206250.057010,57.774168,206711.566871,95.616854,653.966838,-24.435032,657.391321,-144.133554,658.351060,59.953347,0.000014,1,0
11.900000,-62.286017,205352.691495,177.602576,206132.001376,57.851588,203772.394850,95.392039,667.186251,-24.118330,659.614535,-143.961118,658.595372,59.953994,-0.004806,1,0
11.933000,-62.564585,203570.283181,177.735768,204723.210009,57.759002,204863.465267,95.247781,662.968001,-24.507008,659.966553,-144.451629,653.542502,59.946823,0.008157,1,0
11.967000,-62.509647,204673.204524,177.599653,204428.237771,57.645260,206893.676840,95.657487,659.286330,-24.272071,661.949225,-144.185722,658.894967,59.955641,-0.007197,1,0
12.000000,-62.407784,204916.195933,177.635305,205552.109046,57.740526,207115.768025,95.239254,656.888712,-24.479186,657.817136,-144.048248,653.401639,59.953005,0.003459,1,0
12.033000,-62.355010,206307.372976,177.802190,205503.005031,57.764554,205255.601427,95.969114,661.104160,-24.256397,659.122535,-144.216484,653.275602,59.951336,0.001682,1,0
12.067000,-62.432989,205234.049990,177.743863,207241.612355,57.599813,205500.198858,95.232009,654.889606,-24.299389,663.924925,-144.444690,663.337415,59.956754,-0.003161,1,0
12.100000,-62.433264,203171.951978,177.620675,205810.012515,57.708158,205403.740905,95.551359,655.022664,-24.294600,660.327354,-144.407098,659.115547,59.951748,-0.008067,1,0
12.133000,-62.323991,206372.330197,177.786256,205767.934790,57.666734,206131.912013,95.320656,660.004168,-23.784364,661.416829,-144.415992,658.991970,59.946706,0.008222,1,0
12.167000,-62.350956,204594.610377,177.737421,204776.744072,57.725779,205072.793977,95.794650,669.923106,-24.449899,666.657079,-143.976426,661.377836,59.948285,-0.004015,1,0
12.200000,-62.387521,204994.645906,177.702563,206304.034169,57.726574,204153.417890,95.458114,660.110735,-24.282858,662.401807,-144.554820,660.282921,59.952145,-0.002218,1,0
12.233000,-62.062426,205274.256534,177.719022,204571.481853,57.752031,204583.055609,96.001847,664.082331,-24.260741,660.839898,-144.249058,658.405032,59.948491,-0.006311,1,0
12.267000,-62.187127,206015.577124,177.763675,206658.121458,57.690702,206741.359638,95.766403,660.805227,-24.021567,657.375179,-144.149101,663.630967,59.959462,-0.006719,1,0
12.300000,-62.721677,204809.015358,177.688737,205862.119799,57.747138,204731.939452,95.250907,660.912083,-24.208764,664.206128,-144.118217,659.136415,59.954147,-0.003340,1,0
12.333000,-62.345218,204329.685731,177.634794,206028.414843,57.558384,206862.950091,95.811524,662.406150,-24.156434,660.620375,-144.290208,665.164289,59.952887,0.004902,1,0
12.367000,-62.157952,206772.806359,177.516876,206435.299272,57.602503,205267.823081,95.410998,666.745547,-24.593173,653.826062,-144.641907,659.644711,59.964100,0.009690,1,0
12.400000,-62.362266,205909.723292,177.622450,204525.822796,57.698264,203302.484979,95.728375,654.728895,-24.288151,661.549100,-144.249005,659.758435,59.959328,-0.012257,1,0
12.433000,-62.298953,202310.846659,177.597770,204448.787931,57.594913,205582.595942,95.876647,659.276623,-24.499029,666.090032,-144.510149,663.174137,59.956454,-0.007199,1,0
12.467000,-62.354601,205047.252684,177.641151,205271.761374,57.493093,205651.130697,95.603286,661.052891,-24.057553,659.134198,-144.448171,654.120122,59.954514,-0.009471,1,0
12.500000,-62.341507,204851.931717,177.474313,204475.590196,57.680669,205218.054653,95.546515,662.052711,-24.253266,655.332207,-144.586810,659.279003,59.953554,0.004870,1,0
12.533000,-62.415978,204897.991352,177.610723,205457.748948,57.722157,204532.582964,95.875384,654.293065,-24.291541,652.311581,-144.540508,659.818159,59.961237,0.007775,1,0
12.567000,-62.322828,205130.751003,177.536062,205517.700757,57.409809,204726.467933,95.637709,660.026953,-24.530950,657.084991,-144.867272,661.272738,59.950735,-0.004371,1,0
12.600000,-62.371711,204517.603021,177.591404,203585.589682,57.664084,204842.638038,95.506774,662.282994,-24.531569,657.414348,-144.401220,658.464324,59.948750,0.015146,1,0
12.633000,-62.482551,204962.261783,177.520422,205785.700456,57.643372,204809.385395,95.512636,654.100349,-24.652844,663.137126,-144.159043,660.736176,59.950462,-0.002404,1,0
12.667000,-62.580637,205704.235811,177.578750,204892.895603,57.562678,205725.430194,95.656888,661.143511,-24.164359,662.325419,-144.516760,664.854902,59.958108,0.000914,1,0
12.700000,-62.228824,203347.264401,177.565877,203603.558317,57.400706,205460.510343,95.810194,662.301816,-24.514770,660.471622,-144.779191,651.678684,59.956343,0.011270,1,0
12.733000,-62.682601,204180.251782,177.506923,204375.146786,57.509670,205535.770214,95.288835,655.193519,-24.851182,654.831152,-144.472666,662.296790,59.957757,0.006790,1,0
12.767000,-62.457709,205772.800046,177.541277,204906.024197,57.602753,207036.145426,95.111075,669.689701,-24.532328,658.038698,-144.259076,664.145353,59.953781,-0.005483,1,0
12.800000,-62.325814,203957.729093,177.419590,205265.400533,57.603898,205166.674967,95.728868,661.047266,-24.591049,658.391632,-144.372682,656.863546,59.956633,-0.013145,1,0
12.833000,-62.537520,205306.179568,177.630938,204206.965016,57.665075,206106.663634,95.938595,664.609267,-24.562668,658.692264,-144.619389,660.341273,59.950229,-0.003448,1,0
12.867000,-62.181911,204707.232415,177.504810,206230.208829,57.570469,205793.416139,95.933217,655.493856,-24.551419,656.322112,-144.311154,663.577618,59.955398,0.002224,1,0
12.900000,-62.519468,206058.815551,177.558836,206017.863527,57.511110,204291.857405,95.258929,657.912833,-24.313339,655.625843,-144.694083,658.871376,59.945996,0.003118,1,0
12.933000,-62.250543,205127.607387,177.612835,207027.867353,57.615994,206014.628602,96.063999,654.268225,-24.209764,664.085760,-144.619483,653.942635,59.952454,0.003607,1,0
12.967000,-62.405835,206570.460430,177.716279,206680.785214,57.590164,203294.023977,95.597075,658.292748,-23.782382,654.539788,-144.292946,661.746545,59.951597,-0.011911,1,0
13.000000,-62.366639,207043.816306,177.731613,207218.608654,57.511501,205235.410284,95.466117,661.717647,-24.200523,655.784383,-144.304533,655.780884,59.940600,0.006826,1,0
13.033000,-62.278794,205637.780662,177.585444,206804.112477,57.628726,207193.692035,95.677303,658.293318,-24.361800,660.622830,-144.316216,662.596203,59.949590,0.000107,1,0
13.067000,-62.377341,206402.537927,177.480762,206655.969195,57.763696,205415.505391,95.370497,661.059567,-24.584528,657.948990,-144.356901,658.087034,59.949225,0.010852,1,0
13.100000,-62.414387,205532.571899,177.847471,208366.457165,57.550805,205159.759303,95.610384,657.149153,-24.243675,655.819205,-144.484153,657.092356,59.951174,-0.005803,1,0
13.133000,-62.284390,207785.989329,177.639313,203517.764879,57.565928,206360.195280,95.918412,654.287682,-24.465131,653.841977,-144.705777,658.058559,59.945481,0.009171,1,0
13.167000,-62.365858,206017.169190,177.722384,204564.915119,57.563120,204536.628171,95.508006,655.538016,-24.395847,656.268429,-144.393447,656.139533,59.954465,-0.005034,1,0
13.200000,-62.293639,207206.988792,177.706389,205191.986199,57.651064,206523.733941,95.427172,658.988369,-24.584916,658.354982,-144.290324,655.210148,59.948976,-0.004800,1,0
13.233000,-62.202611,205523.298377,177.709350,206081.363474,57.763302,207809.750024,95.621622,651.580406,-24.252170,663.856190,-144.225534,657.991654,59.946101,-0.008730,1,0
13.267000,-62.371106,205798.884237,177.602341,206265.908423,57.516081,206833.992040,95.450345,658.662905,-24.493792,650.664365,-144.626567,658.374114,59.943316,0.002555,1,0
13.300000,-62.423022,204623.215966,177.604517,205060.638088,57.593999,207503.327796,95.425084,652.577300,-24.195839,654.908373,-144.577520,656.751438,59.953284,0.001916,1,0
13.333000,-62.280514,205917.392794,177.623291,206397.580830,57.717910,206700.097236,95.729561,660.175191,-24.563981,662.675643,-144.486167,657.551802,59.946859,-0.005413,1,0
13.367000,-62.223759,205231.229327,177.825078,205598.696600,57.593517,208160.976035,95.269859,659.318029,-23.909955,653.473756,-144.365571,655.799750,59.945457,-0.001712,1,0
13.400000,-62.423552,206101.541761,177.582717,205404.307825,57.545631,206701.812229,95.341034,659.138502,-24.535963,662.337286,-144.465029,655.119550,59.944550,0.001574,1,0
13.433000,-62.270850,207272.347279,177.690233,206081.279273,57.701841,207248.682695,95.702621,658.307989,-24.104235,660.059253,-144.388948,665.339958,59.943673,-0.002014,1,0
13.467000,-62.379421,205860.788763,177.617689,205706.621955,57.743720,207648.270498,95.684252,663.333237,-24.471512,658.760842,-144.270943,655.145250,59.945625,0.015479,1,0
13.500000,-62.376360,206266.899123,177.659015,206201.404473,57.715306,205145.108387,95.798806,654.026323,-24.377335,659.356456,-144.277088,659.125404,59.940393,0.007492,1,0
13.533000,-62.379658,207834.053873,177.696376,206781.017692,57.652549,207675.098007,95.420607,652.781209,-24.269894,663.106483,-144.313044,656.519316,59.948507,-0.004733,1,0
13.567000,-62.310591,206623.605005,177.608168,207222.975739,57.749384,206733.529860,95.713371,662.945934,-24.142941,651.404772,-144.324366,655.919036,59.944208,0.005899,1,0
13.600000,-62.402210,206089.195799,177.627864,207322.115704,57.764693,207448.240655,95.320196,652.201288,-24.258988,651.718358,-144.232730,651.963427,59.946912,-0.009873,1,0
13.633000,-62.324688,207969.253247,177.559814,205517.881306,57.721111,207666.698977,95.602676,655.104620,-24.532890,654.677548,-144.426079,655.049904,59.949994,0.006081,1,0
13.667000,-62.486107,208419.081971,177.651902,207403.805104,57.810569,206897.046707,95.562335,653.275565,-24.047873,657.292658,-144.409789,661.251694,59.953497,0.006483,1,0
13.700000,-62.323660,207746.263229,177.617062,206516.939938,57.565305,207476.670558,95.550984,657.455730,-24.447446,650.959354,-144.407559,656.134740,59.945818,0.002019,1,0
13.733000,-62.258999,207361.439164,177.782676,208610.143132,57.745814,207243.109560,95.657759,657.760901,-24.052182,652.720952,-144.359238,657.281332,59.948945,0.012869,1,0
13.767000,-62.299140,207396.985641,177.548146,208256.980178,57.441872,207955.279002,95.675883,656.496441,-24.835622,662.569430,-144.659088,658.184075,59.945012,0.001280,1,0
13.800000,-62.304179,207443.950734,177.640793,206547.700682,57.571820,208431.041596,95.798874,659.186142,-24.398588,659.039106,-144.360003,657.194024,59.945309,-0.003044,1,0
13.833000,-62.367649,206495.242175,177.563130,207261.299713,57.406551,206986.369810,95.968870,666.341202,-24.484839,652.966139,-144.355788,655.834027,59.951412,0.009451,1,0
13.867000,-62.248963,207559.569270,177.729413,208264.327198,57.697197,207762.949372,95.680716,656.693148,-24.255207,654.469665,-144.450528,658.596324,59.944741,0.000591,1,0
13.900000,-62.340786,207922.181238,177.582875,209435.874457,57.637901,207110.277874,95.662830,651.541231,-24.675481,660.442957,-144.428954,651.219606,59.949144,-0.005099,1,0
13.933000,-62.208864,208511.813688,177.758511,205523.103994,57.740202,206655.777993,96.124545,660.839452,-24.173080,657.531580,-144.295494,664.074617,59.952787,0.007804,1,0
13.967000,-62.178800,205580.834972,177.688676,206504.239223,57.754563,207674.780650,95.693530,654.470439,-24.412481,654.978022,-144.666321,658.087936,59.944547,0.010898,1,0
14.000000,-62.376146,208302.565042,177.888333,207193.902990,57.891543,207052.093947,95.716548,657.215308,-24.384745,647.235323,-144.077657,646.130457,59.942965,-0.006759,1,0
14.033000,-62.180278,210174.378743,177.652737,207858.437914,57.762406,209006.953032,95.886888,652.331794,-24.242895,654.948715,-144.116647,652.227548,59.947335,-0.002450,1,0
14.067000,-62.250885,207522.555490,177.573905,207462.246084,57.558395,208245.172796,95.651587,652.778413,-24.443939,654.461784,-144.447919,649.463257,59.945369,0.008447,1,0
14.100000,-62.334647,206542.665247,177.709411,207421.703889,57.688968,206812.297560,95.742921,652.519207,-24.584097,658.960260,-144.296860,655.366908,59.949388,0.003695,1,0
14.133000,-62.363189,207316.757608,177.806348,206464.285293,57.635672,207266.288698,95.625876,652.562151,-24.284620,649.378760,-144.429777,646.944061,59.948234,-0.002597,1,0
14.167000,-62.264414,204278.393130,177.668712,207880.831497,57.849128,208997.314943,95.793284,652.307894,-24.284594,649.498876,-143.966686,653.863958,59.953150,-0.011636,1,0
14.200000,-62.398277,207624.803351,177.705717,207499.866272,57.640550,207009.583667,95.335992,653.151908,-24.105811,649.117317,-144.537119,657.994638,59.951584,0.002595,1,0
14.233000,-62.368639,207710.671930,177.609520,205960.506435,57.737836,208462.512400,95.580644,654.401192,-24.632821,652.346056,-144.337500,649.743392,59.945469,0.006947,1,0
14.267000,-62.471973,207045.109661,177.606762,206514.000253,57.516455,207558.091021,95.820794,649.236445,-24.534766,653.876649,-144.393430,649.385313,59.945497,-0.003170,1,0
14.300000,-62.438669,205821.547244,177.562808,207475.458059,57.393412,206737.215580,95.415377,651.588969,-24.727273,648.933002,-144.236343,651.585394,59.942961,-0.015309,1,0
14.333000,-62.411022,206973.898870,177.509990,207495.602322,57.375985,208779.593743,95.709318,654.797197,-24.441185,646.036234,-144.704016,653.092026,59.940468,0.003169,1,0
14.367000,-62.481440,206682.307060,177.375947,206068.446339,57.725922,208345.392831,95.720404,647.490160,-24.731522,657.895246,-144.326342,647.650463,59.956075,0.009246,1,0
14.400000,-62.413112,206723.245130,177.533403,207623.771627,57.623432,207007.011230,95.621080,646.760633,-24.677993,643.917759,-144.262110,652.896097,59.944588,-0.016729,1,0
14.433000,-62.399098,208221.788136,177.449190,205681.265623,57.419481,206171.610298,96.059592,656.054682,-24.826693,649.909603,-144.758666,650.361773,59.957573,-0.002191,1,0
14.467000,-62.509815,207234.482536,177.430038,207348.732977,57.460037,205482.421968,95.070615,651.278144,-24.417914,647.797302,-144.254375,650.983725,59.956740,0.000195,1,0
14.500000,-62.598860,207028.043365,177.402392,205595.285521,57.285614,208198.260548,95.456718,650.403332,-24.359255,647.303894,-144.766845,648.706198,59.949740,0.003408,1,0
14.533000,-62.414061,206974.535050,177.569541,207698.565550,57.330740,206993.242928,95.546296,653.382874,-24.346735,647.299893,-144.869799,647.061085,59.949228,0.007693,1,0
14.567000,-62.633872,207983.688478,177.466702,209129.959661,57.315848,207960.799280,95.155766,649.676083,-24.440122,645.007559,-144.788455,643.539408,59.949844,-0.001280,1,0
14.600000,-62.446850,204786.792425,177.433702,205873.606215,57.327671,207668.443235,95.282794,642.499136,-24.610632,648.971953,-144.947773,640.983387,59.945112,0.003973,1,0
14.633000,-62.537906,208365.574410,177.277188,205078.913227,57.466556,206115.620270,95.603315,647.323198,-24.483595,646.388497,-144.659949,653.159541,59.946306,0.010949,1,0
14.667000,-62.707591,207443.906498,177.581226,207112.310302,57.492876,208320.419512,95.167966,645.056994,-24.470069,641.022768,-144.529063,644.584413,59.953468,-0.001659,1,0
14.700000,-62.486482,206077.684895,177.430783,206960.628834,57.446307,206103.075131,95.515046,643.191403,-24.512749,643.342043,-144.516184,638.219791,59.945663,-0.009016,1,0
14.733000,-62.565347,206907.502310,177.470522,205026.372742,57.460700,207176.188177,95.216834,644.220578,-24.913199,650.978741,-144.475051,646.127283,59.951642,-0.003978,1,0
14.767000,-62.685730,205424.497620,177.298682,205118.900951,57.587063,207224.096932,95.274179,647.276273,-24.802439,645.527284,-144.342930,643.465222,59.947961,-0.008732,1,0
14.800000,-62.673090,206821.166172,177.451258,208544.918505,57.271333,208257.606265,95.191947,646.926244,-24.486321,648.897082,-144.427557,634.976930,59.951185,0.006980,1,0
14.833000,-62.564045,207839.552158,177.250930,207707.149538,57.500154,206930.283182,95.517561,654.347431,-24.691581,648.604793,-144.678101,642.852872,59.946407,0.007853,1,0
14.867000,-62.669480,206849.376861,177.220257,207956.584762,57.158723,208401.300311,95.295845,647.420340,-24.866871,649.160483,-145.075027,654.664458,59.946687,0.010369,1,0
14.900000,-62.756779,206565.980639,177.356359,207307.628970,57.351900,206850.642426,95.481717,642.951296,-24.525776,653.207451,-144.653054,652.143201,59.948352,0.007102,1,0
14.933000,-62.497382,205539.526529,177.391790,205267.299974,57.370877,207808.170870,95.474717,643.475009,-24.716569,643.347442,-144.784133,643.983020,59.954259,-0.000977,1,0
14.967000,-62.634518,208479.153881,177.419894,206697.857724,57.498396,207606.403608,95.144367,647.825938,-24.924981,651.970532,-144.559354,654.124491,59.948248,0.005717,1,0
15.000000,-62.554488,206850.813696,177.291748,205859.309999,57.492199,208595.750326,95.579067,646.215143,-24.751059,652.534170,-144.930661,643.451974,59.956440,-0.000814,1,0
15.033000,-62.557842,205839.112695,177.243286,207485.102291,57.274849,207753.566792,95.791458,643.378193,-24.620302,643.461502,-144.696102,646.721718,59.953440,0.005380,1,0
15.067000,-62.700208,207795.969411,177.381528,206992.086608,57.140500,205393.000369,95.308728,649.965322,-24.860940,650.157023,-144.965269,648.389766,59.953263,0.003837,1,0
15.100000,-62.607014,206792.072337,177.418368,207173.035800,57.347789,205042.838308,95.278265,651.154392,-24.659868,649.806038,-144.427877,656.940821,59.956617,-0.007855,1,0
15.133000,-62.623362,206135.701364,177.277357,206431.179057,57.214681,206654.236814,95.152429,653.361658,-24.556654,652.168200,-144.646370,656.195042,59.961840,0.011596,1,0
15.167000,-62.775059,207656.403556,177.368816,205985.163119,57.252417,206329.040659,95.209563,653.762178,-24.710333,657.905301,-144.866882,648.880891,59.966896,-0.008362,1,0
15.200000,-62.704257,207945.676546,177.326803,208798.799169,57.379604,206907.847506,95.521971,655.593964,-24.716631,651.152031,-144.514132,652.848875,59.951963,-0.011261,1,0
15.233000,-62.573034,207774.095833,177.340482,206517.827896,57.413830,207025.679405,95.524795,647.680333,-24.567030,653.150052,-144.571158,649.908302,59.950523,0.003263,1,0
15.267000,-62.626378,206899.121217,177.415477,207744.404787,57.508952,206786.603071,95.658323,661.703218,-24.498437,653.293277,-144.330212,657.807089,59.961281,0.003269,1,0
15.300000,-62.554022,206601.735091,177.398649,207512.054757,57.468302,208348.049588,95.345571,654.771264,-24.622080,651.361002,-144.292649,651.935531,59.950106,0.008581,1,0
15.333000,-62.547050,206560.194951,177.356941,208954.769970,57.390396,207926.338475,95.214760,650.335856,-24.604276,650.389395,-144.723984,648.867767,59.953706,0.007713,1,0
15.367000,-62.632202,206433.161011,177.421619,206678.458068,57.408299,208524.642610,95.248366,656.919837,-24.585310,652.090397,-144.681897,652.202669,59.956911,0.011954,1,0
15.400000,-62.478100,207253.022642,177.377321,205294.130226,57.187918,207176.176239,95.441872,647.454744,-24.540174,654.569254,-144.778324,657.964774,59.957439,0.004852,1,0
15.433000,-62.711148,206738.130704,177.345526,208362.744309,57.406326,208721.686679,95.359295,655.426516,-24.183903,654.764433,-144.370188,652.617751,59.948430,-0.000384,1,0
15.467000,-62.594015,207396.131843,177.512663,206791.908714,57.483028,208040.809638,95.148170,652.575078,-24.477595,654.840207,-144.486742,648.361435,59.956061,0.013735,1,0
15.500000,-62.599995,205430.843621,177.538497,208062.957410,57.344241,207613.910324,95.406464,653.872021,-24.623109,652.891587,-144.968508,648.372325,59.960074,-0.002884,1,0
15.533000,-62.440861,207556.750353,177.392044,205655.047091,57.438047,207334.086023,95.647354,648.307742,-24.801803,656.191607,-144.358491,655.047890,59.953790,0.005057,1,0
15.567000,-62.768289,206440.223886,177.487992,206831.562342,57.273563,207766.373788,95.175756,661.324540,-24.717136,651.241785,-144.834491,652.108334,59.960976,-0.002080,1,0
15.600000,-62.637036,207354.034817,177.291070,205922.048811,57.387828,208016.155079,95.197121,645.144296,-24.486447,644.991633,-144.504602,648.554755,59.954460,-0.000037,1,0
15.633000,-62.552685,206624.385936,177.507638,207383.714868,57.446629,207373.566549,95.321413,643.660903,-24.475323,647.969004,-144.665346,651.662360,59.962855,0.007529,1,0
15.667000,-62.428579,207836.970649,177.308873,208510.134296,57.320994,207685.241829,95.382803,644.748591,-24.611239,645.856455,-145.007966,644.461211,59.957349,-0.009842,1,0
15.700000,-62.580907,208166.408162,177.464378,206275.744804,57.180326,204707.036688,95.428564,645.258494,-24.638360,649.206150,-144.462112,645.900032,59.950842,-0.013143,1,0
15.733000,-62.560508,206149.233497,177.354116,208887.430035,57.430128,206708.714703,95.121773,646.807365,-24.685664,641.433716,-144.349635,648.990824,59.958360,0.004566,1,0
15.767000,-62.678362,205544.159849,177.386216,205893.263266,57.417243,205942.607400,95.309493,642.581386,-24.303511,645.092405,-144.459333,651.084643,59.957306,0.006616,1,0
15.800000,-62.648288,205926.840239,177.346221,205478.247380,57.217656,206674.652375,95.426526,644.397236,-24.862400,649.356664,-144.559606,643.411760,59.949630,-0.007195,1,0
15.833000,-62.621609,206469.524722,177.577064,207395.375815,57.555335,205895.126153,95.287555,646.926479,-24.466379,648.201417,-144.279933,649.236836,59.951763,-0.011674,1,0
15.867000,-62.511126,206196.532405,177.385917,206802.329046,57.375942,206235.215149,95.569974,647.759618,-24.710785,645.812329,-144.672143,653.575442,59.945890,0.003575,1,0
15.900000,-62.474757,207339.227146,177.451029,205641.345247,57.349725,206918.781875,95.708927,645.974184,-24.595783,655.703046,-145.142214,651.029636,59.949709,0.011144,1,0
15.933000,-62.432702,208044.502975,177.588228,207592.945540,57.554417,206997.108071,95.571341,656.325568,-24.020444,654.034872,-144.797644,651.082383,59.950556,0.006566,1,0
15.967000,-62.611721,206924.175937,177.398008,204984.194343,57.295542,207162.342521,95.222235,654.977167,-24.679349,648.422590,-144.750911,647.647192,59.954664,-0.001276,1,0
16.000000,-62.575014,207385.948036,177.480010,206743.068129,57.259263,207879.583881,95.513065,651.391749,-24.337996,652.578514,-144.627264,648.916827,59.956825,-0.009705,1,0
16.033000,-62.550475,206064.514644,177.429186,206436.332467,57.535733,207824.582045,95.494127,655.758894,-24.912419,652.141183,-144.822238,650.343501,59.955898,0.013555,1,0
16.067000,-62.624604,206607.794721,177.470074,206072.952369,57.398030,206837.619358,95.265942,655.906462,-24.621991,650.549519,-144.428358,656.525482,59.950231,0.000130,1,0
16.100000,-62.717568,206494.859115,177.410300,206688.091789,57.201155,206822.997812,95.231208,647.438425,-24.692972,649.217318,-144.669845,648.870221,59.955859,0.003187,1,0
16.133000,-62.553322,205930.869884,177.350599,206923.884955,57.162732,207005.578195,95.672990,649.479305,-24.494634,649.325925,-144.797067,647.802125,59.955751,-0.008217,1,0
16.167000,-62.734169,206155.154415,177.170922,206249.628297,57.317086,206486.942271,95.511308,653.572716,-25.048315,658.075603,-144.683424,653.861806,59.947893,0.003312,1,0
16.200000,-62.558908,207284.744929,177.321434,207666.704239,57.424041,206853.388043,95.494315,650.090109,-24.810909,648.467061,-144.733976,650.162423,59.949565,-0.004746,1,0
16.233000,-62.863783,207510.734137,177.334053,204813.154174,57.273450,206767.462973,95.484061,654.585859,-24.780825,649.806215,-144.792896,647.175002,59.944143,0.000673,1,0
16.267000,-62.595968,207098.094518,177.150812,205363.156024,57.079698,206194.588818,95.354519,650.607441,-24.921401,650.596789,-144.931750,655.915853,59.946595,0.005050,1,0
16.300000,-62.687373,207422.263239,177.178922,206900.912120,57.397381,206901.368949,95.433194,656.212225,-24.677548,640.581218,-144.652314,651.104762,59.944029,-0.000092,1,0
16.333000,-62.918523,205866.229143,177.222369,205811.873752,57.266680,205946.785080,95.169792,650.115308,-24.641026,645.591571,-144.880306,650.230324,59.947013,-0.004707,1,0
16.367000,-62.593306,207287.994458,177.242864,208141.816301,56.992715,207973.953108,95.517120,649.518537,-24.665059,650.616866,-144.861504,643.730140,59.955864,0.003401,1,0
16.400000,-62.530797,205168.733112,177.221386,208063.241469,57.257628,207079.575493,95.476369,652.260165,-24.597044,654.071284,-145.122664,642.243526,59.955569,0.006386,1,0
16.433000,-62.565747,205699.053382,177.266551,204941.724989,57.481827,207890.650752,95.456898,647.160486,-24.823678,642.674073,-144.656311,643.919636,59.949175,0.003730,1,0
16.467000,-62.810557,206481.277505,177.347073,204873.714327,57.033048,207607.305820,95.026057,653.003480,-24.536631,649.046245,-145.106658,653.987795,59.949616,0.007595,1,0
16.500000,-62.901416,205829.428281,177.073354,204981.941387,57.216423,205282.776506,94.870569,654.019271,-25.036707,651.407350,-144.989771,653.086254,59.954278,0.000575,1,0
16.533000,-62.695587,207537.941227,177.332495,208432.250523,57.471263,207506.935455,95.288303,656.193016,-24.669583,649.500386,-144.935332,655.584236,59.951605,0.007074,1,0
16.567000,-62.742514,208267.102964,177.135529,207553.663310,57.306330,207545.104305,95.203817,653.074997,-24.778838,654.851780,-144.358777,655.518421,59.947264,0.004310,1,0
16.600000,-62.751078,207851.299026,177.298455,207327.805028,57.309807,205687.768096,95.010205,660.146354,-24.655757,654.299176,-144.858270,659.668112,59.942512,-0.006639,1,0
16.633000,-62.703263,206868.195961,177.306404,207281.293198,57.178504,206736.909704,95.162208,649.129331,-24.564909,657.237462,-144.939795,659.919509,59.942833,0.008129,1,0
16.667000,-62.909290,206661.118175,177.256111,207091.433208,57.155013,206802.319346,95.231366,656.902375,-25.032179,655.885522,-145.067134,660.736964,59.950999,0.007666,1,0
16.700000,-62.884436,205580.998532,177.162068,206229.108377,57.271885,207537.797185,95.438052,651.810010,-25.026360,650.832600,-144.902016,658.972778,59.950331,0.002951,1,0
16.733000,-62.907431,208090.750888,177.273700,206039.331997,57.218963,207945.995792,95.272522,659.432299,-24.439315,653.235228,-145.143360,659.227196,59.954359,0.001279,1,0
16.767000,-62.758366,204697.632603,177.102390,205730.027814,57.366929,207990.685947,95.414055,652.475325,-25.104185,656.132915,-144.527777,655.605049,59.955028,-0.004461,1,0
16.800000,-62.993623,207751.492813,177.291402,207065.293760,57.022310,208291.625445,95.018277,652.333508,-24.939689,655.503519,-144.970312,659.581676,59.946057,-0.007366,1,0
16.833000,-62.867492,207663.754574,177.295585,207444.163136,57.161773,207646.204989,95.264814,651.008200,-24.785734,659.466107,-144.707205,653.012272,59.954605,0.012694,1,0
16.867000,-62.861977,205906.502474,177.231793,207825.985701,57.216096,205898.153035,94.994522,651.784141,-24.665476,652.216397,-144.843113,656.804843,59.954721,0.002857,1,0
16.900000,-62.730604,205499.622328,177.042194,205646.212257,57.178338,207028.328388,95.358190,654.764361,-24.954294,651.991708,-144.614440,652.265842,59.957145,0.003746,1,0
16.933000,-62.777710,205988.269738,176.918308,205829.707843,57.268836,206820.261655,95.112786,649.031186,-25.147607,653.520003,-144.725890,649.442944,59.956813,-0.000818,1,0
16.967000,-62.889868,207238.116125,177.227229,205587.138961,57.218980,207976.078460,95.035292,660.121435,-24.765575,659.580853,-144.592318,660.154897,59.959323,0.000439,1,0
17.000000,-62.785153,207960.402244,177.361306,207067.807932,57.202634,207763.622529,95.298357,658.264700,-24.463202,656.529755,-144.574596,657.043071,59.957601,0.010759,1,0
17.033000,-62.742745,206220.457880,177.180965,207327.984953,57.286481,206928.433418,95.347782,659.900882,-24.902424,645.502973,-144.925310,653.785688,59.957225,0.007384,1,0
17.067000,-62.855151,205387.719693,177.065178,207620.716125,57.315675,206219.151206,95.231800,654.286334,-24.787891,655.043813,-144.702242,658.073747,59.952150,-0.011595,1,0
17.100000,-62.814747,207191.596444,177.418386,209128.637289,57.264049,206596.685850,95.279950,664.346653,-24.406171,662.586213,-144.970077,657.249776,59.963037,-0.001297,1,0
17.133000,-62.710853,205589.332303,177.346094,207758.183187,57.279970,205301.379713,95.092225,655.441380,-24.474294,661.733021,-144.695537,655.480501,59.971292,0.004204,1,0
17.167000,-62.746753,206888.292163,177.251063,206731.920110,57.361644,208370.258361,95.283443,653.597484,-24.865127,655.542244,-144.735547,659.179570,59.964355,0.014149,1,0
17.200000,-62.644158,206691.056568,177.199321,206584.568609,57.451422,207047.318505,95.419788,652.338025,-25.010564,656.353221,-144.666772,651.394549,59.959041,-0.003253,1,0
17.233000,-62.819659,206784.553765,177.273016,206728.790735,57.377412,208019.594007,94.939391,654.379947,-25.063645,655.397290,-144.970492,651.247511,59.952760,-0.004406,1,0
17.267000,-62.741573,206836.861737,177.168226,206638.794097,57.338159,206816.987436,95.160025,652.754066,-24.718043,656.465598,-144.521175,656.196236,59.967117,0.013322,1,0
17.300000,-62.801240,206250.017607,177.318139,207062.070072,57.397358,208209.637674,95.062517,657.123127,-24.881055,653.445194,-144.460723,656.589996,59.957218,0.009544,1,0
17.333000,-62.806203,206909.031740,177.230491,206375.115796,57.216620,207349.933566,95.228254,652.556440,-25.157416,654.546061,-145.213333,653.668552,59.959346,0.002555,1,0
17.367000,-62.674497,207006.193222,177.218159,206593.273652,57.397446,205841.639373,95.171766,657.751775,-24.428631,660.386056,-144.297884,655.190394,59.958804,0.001266,1,0
17.400000,-62.607157,205609.658626,177.219296,205173.599135,57.185753,206245.498565,95.527049,661.022536,-24.575198,656.690210,-144.683971,650.295133,59.965750,0.012053,1,0
17.433000,-62.768515,205468.193997,177.291622,206400.413903,57.270036,207367.690398,95.312606,652.044897,-24.918431,658.789109,-144.544088,656.628968,59.961885,0.005316,1,0
17.467000,-62.853142,206830.143685,177.367552,206610.171327,57.247651,207072.760571,95.221283,657.323087,-24.508364,663.981578,-144.597030,657.811707,59.951690,0.000586,1,0
17.500000,-62.705775,206134.143357,177.247636,207402.120757,57.291787,205856.058144,95.373491,656.070729,-24.803578,654.763212,-144.830438,652.652346,59.956782,0.000394,1,0
17.533000,-62.727534,207140.040535,177.242927,205015.310739,57.335286,206917.829641,95.358887,652.733418,-24.916737,662.073862,-144.877115,659.487041,59.952154,0.017129,1,0
17.567000,-62.527608,205884.226844,177.266323,205529.978792,57.172100,207919.008141,95.587731,660.564893,-24.865001,654.759935,-144.871183,655.583689,59.956620,0.005784,1,0
17.600000,-62.730772,206667.256861,177.216723,206109.266173,57.263907,208233.669656,95.471025,652.921629,-25.163194,652.207094,-144.557807,656.043569,59.953736,-0.006296,1,0
17.633000,-62.707231,206556.278498,177.240484,206775.309004,57.203650,205585.380754,95.392964,662.427472,-24.833012,659.779824,-145.145728,661.326817,59.953178,0.012311,1,0
17.667000,-62.751743,206965.020080,177.451579,205841.718300,57.344386,206472.687255,95.245561,660.553529,-24.683390,653.914706,-144.796279,650.273321,59.951984,0.009083,1,0
17.700000,-62.779782,205591.874848,177.329109,205878.573224,57.318637,208353.248233,95.069818,661.142878,-24.647747,657.928041,-144.461668,657.203875,59.951734,0.007505,1,0
17.733000,-62.641048,206156.320147,177.215295,206344.720103,57.306387,207664.061198,95.794266,655.783667,-24.615548,658.439289,-144.605395,655.963541,59.953385,-0.003143,1,0
17.767000,-62.550848,205345.808510,177.301048,206544.793243,57.338143,208323.187150,95.567181,657.128865,-24.823686,653.080711,-144.830265,657.675275,59.944302,0.005327,1,0
17.800000,-62.727793,206873.273376,177.440169,207099.194981,57.389407,206318.252458,95.390909,656.011859,-24.872150,652.561836,-144.401818,660.033809,59.959541,-0.008401,1,0
17.833000,-62.507886,207399.832717,177.473086,207605.862630,57.339862,208197.212647,95.738998,654.375889,-24.244410,641.429369,-144.629286,653.724980,59.950056,0.008048,1,0
17.867000,-62.716137,207418.301169,177.466815,206388.514551,57.276902,204868.954994,95.105024,650.756198,-24.580446,655.580256,-144.720507,658.657194,59.955952,-0.005950,1,0
17.900000,-62.565934,206344.273244,177.537752,207544.495723,57.369545,207119.833270,95.885768,655.834843,-24.373711,650.568676,-144.671192,652.461479,59.954144,-0.003292,1,0
17.933000,-62.668276,207293.416362,177.242801,206961.408340,57.323815,207941.097269,95.306188,649.966024,-24.828797,647.065018,-144.965440,652.924410,59.946426,-0.010177,1,0
17.967000,-62.411320,205793.275894,177.297108,208434.621898,57.367808,209128.544146,95.374007,659.630569,-24.916273,655.407579,-144.780027,656.659710,59.954343,-0.007501,1,0
18.000000,-62.305086,206132.491705,177.322307,206177.420349,57.547372,205473.269040,95.753681,647.474384,-24.662706,649.164898,-144.336791,643.792748,59.950542,-0.000923,1,0
18.033000,-62.431074,206937.471243,177.458608,206762.653960,57.525055,207050.328667,95.612588,660.802078,-24.488576,650.200983,-144.324306,658.021591,59.948259,0.007937,1,0
18.067000,-62.497574,207236.847535,177.405210,206813.924232,57.646533,205510.496498,95.519380,654.503084,-24.498753,652.138818,-144.322442,651.270362,59.934981,-0.005616,1,0
18.100000,-62.540175,206969.748225,177.295454,206967.347981,57.559905,205865.052622,95.359731,649.911294,-24.629233,644.559858,-144.491124,650.378344,59.937171,0.007177,1,0
18.133000,-62.551506,207509.038558,177.419173,205913.382695,57.465125,205691.811527,95.164251,647.036597,-24.312429,647.466077,-144.618571,645.927057,59.930639,-0.004099,1,0
18.167000,-62.636021,206199.229273,177.344663,206323.170505,57.466151,207076.041970,95.479310,646.754103,-24.518166,648.299835,-144.366142,649.033814,59.931413,0.005742,1,0
18.200000,-62.598072,208207.948099,177.320454,206506.655446,57.416884,206846.372078,95.762374,650.548664,-24.798790,655.258887,-144.283551,652.727226,59.938632,-0.006117,1,0
18.233000,-62.442715,205238.332530,177.338642,207495.431445,57.416946,206168.766236,95.710099,643.036318,-24.607032,654.493578,-144.360245,648.835642,59.934081,0.005427,1,0
18.267000,-62.589167,205513.761321,177.245117,205102.421920,57.455040,204614.106648,95.279332,654.071924,-24.396519,651.617325,-144.412689,660.414378,59.939087,0.017004,1,0
18.300000,-62.655670,205134.433484,177.387237,205688.564830,57.317693,206633.723300,95.375066,650.218541,-24.552818,649.517486,-144.558120,649.601972,59.939245,0.005442,1,0
18.333000,-62.548704,206054.613259,177.522995,205028.289853,57.427407,204308.732695,95.553650,656.015792,-24.452178,656.139459,-144.625385,648.682706,59.938588,0.000194,1,0
18.367000,-62.498225,207416.011553,177.421866,207078.327947,57.427752,205451.395777,95.810245,656.289209,-24.925577,657.347211,-144.702012,655.631513,59.937782,-0.003749,1,0
18.400000,-62.546459,206569.918365,177.437608,204618.257829,57.591107,206728.852622,95.457120,643.191633,-24.823009,657.449728,-144.345341,655.987558,59.937027,0.002226,1,0
18.433000,-62.532205,207155.382519,177.328619,206741.408389,57.380418,206313.957269,95.461768,647.440517,-24.503748,649.452688,-144.465769,650.372965,59.933555,0.001207,1,0
18.467000,-62.702981,206272.208816,177.616807,206742.520527,57.351657,207693.558839,95.207865,656.033562,-24.404000,652.685529,-144.648683,650.847322,59.936450,-0.003286,1,0
18.500000,-62.605345,207702.314960,177.414079,205631.926264,57.334858,206690.866080,95.376900,653.256214,-24.817753,659.157584,-144.788232,657.344835,59.938400,-0.004193,1,0
18.533000,-62.545307,207228.676719,177.301934,204901.732686,57.523819,206130.391136,95.478354,653.302057,-24.936378,657.204243,-144.676258,657.580280,59.929838,-0.001856,1,0
18.567000,-62.635504,206734.339537,177.255247,205596.200310,57.563478,205982.646120,95.738601,649.075284,-24.558402,654.863396,-144.366649,654.777445,59.933887,0.000159,1,0
18.600000,-62.667896,206890.209974,177.372334,206843.366404,57.473943,207171.132563,95.613535,656.289988,-24.829439,654.142165,-144.680589,652.845491,59.938746,-0.002233,1,0
18.633000,-62.656658,207347.888573,177.431827,207935.611391,57.474655,206376.402029,95.130498,653.841370,-24.827101,647.372040,-144.755628,650.215920,59.941682,0.007622,1,0
18.667000,-62.661551,204369.309774,177.473984,206306.799927,57.560590,204894.065159,95.152983,647.881722,-24.490121,655.028788,-144.187782,646.745948,59.943314,0.007484,1,0
18.700000,-62.618591,205593.918128,177.310523,206085.120166,57.414531,206192.378337,95.316781,649.849332,-24.474914,649.466537,-144.530821,651.135147,59.936341,-0.007096,1,0
18.733000,-62.576810,207755.360234,177.484766,205653.950461,57.311627,205914.490232,95.525536,648.512480,-24.698345,652.846531,-144.706703,650.004136,59.937501,-0.008057,1,0
18.767000,-62.414061,205977.571760,177.416020,206348.892123,57.507496,205422.295315,95.570389,647.832782,-24.252726,649.147715,-144.501324,652.819905,59.948946,-0.002936,1,0
18.800000,-62.384438,204454.165113,177.454908,206470.111042,57.513374,206233.257847,95.877346,648.333452,-24.557961,650.172971,-144.474839,653.869415,59.938361,0.012598,1,0
18.833000,-62.519384,205124.580573,177.535593,205478.950814,57.511841,207925.481939,95.256806,640.208337,-24.821836,642.404570,-143.864525,651.051675,59.947311,0.000549,1,0
18.867000,-62.575557,207138.330306,177.469111,206295.132920,57.501196,206690.998929,95.409990,647.722203,-24.453872,650.047980,-144.634220,646.537909,59.948086,0.001631,1,0
18.900000,-62.595870,206249.973710,177.343140,206455.098465,57.520171,206532.931131,95.258721,646.338900,-24.622220,642.434780,-144.527328,641.482941,59.955485,-0.000914,1,0
18.933000,-62.693739,205640.255825,177.288960,206701.985878,57.372239,206273.860088,95.204622,641.025770,-24.709980,649.816111,-144.624912,649.561603,59.950457,0.001515,1,0
18.967000,-62.578491,206965.924316,177.436783,206346.321852,57.433480,205605.443815,95.484385,647.925751,-24.713923,649.905022,-144.562045,648.258317,59.941609,-0.010655,1,0
19.000000,-62.747268,206559.497736,177.490115,204935.316020,57.245299,206486.149267,95.465061,651.742468,-24.387269,645.745364,-144.675559,650.844132,59.951153,0.009248,1,0
19.033000,-62.791197,206472.072253,177.093157,205942.609759,57.342580,207855.623406,95.028409,650.603989,-24.809560,641.692503,-144.867103,656.753440,59.950462,0.001414,1,0
19.067000,-62.613520,204783.056145,177.325779,205692.141378,57.415072,206392.603909,95.578618,651.023291,-24.700892,649.298630,-144.486480,647.351230,59.950504,0.004338,1,0
19.100000,-62.713907,208244.895043,177.341668,204732.987258,57.200495,205528.751072,95.238863,650.231794,-24.958141,650.562960,-144.812707,648.159625,59.947825,0.001474,1,0
19.133000,-62.818314,203851.383675,177.176498,205535.541556,57.105142,205612.269314,95.204323,650.511069,-24.585651,647.652483,-144.807801,646.893398,59.961841,0.007127,1,0
19.167000,-62.683481,206526.302381,177.157501,208556.173516,57.303513,206716.719975,95.368624,646.591424,-24.716455,645.923234,-144.668607,644.281578,59.949576,0.002259,1,0
19.200000,-62.768993,207240.070496,177.178606,207227.981930,57.099818,207359.886401,95.062511,645.635263,-24.925185,656.730152,-144.781571,648.868767,59.956514,0.003985,1,0
19.233000,-62.819327,205398.405616,177.178670,206468.326572,57.336671,205660.372461,95.200674,650.654581,-24.613570,651.274200,-144.575664,647.167703,59.957098,-0.006400,1,0
19.267000,-62.738261,207506.258568,177.446055,207192.482676,57.260381,207078.106545,95.442208,646.090639,-24.555552,645.994420,-144.766339,649.990401,59.948628,0.004610,1,0
19.300000,-62.554979,207372.875134,177.169320,205749.078294,57.256579,206574.676427,95.302446,651.287853,-24.913391,652.916564,-144.897024,651.486964,59.951342,0.005144,1,0
19.333000,-62.829373,206256.091357,177.249923,206148.913142,57.250151,207343.633464,95.043574,655.097872,-24.625968,653.416166,-144.845776,655.385024,59.952868,-0.001544,1,0
19.367000,-62.487978,207626.559343,177.276526,206229.494784,57.391553,206904.398633,95.999084,651.831577,-24.325638,656.886101,-144.374519,656.611139,59.949061,-0.003846,1,0
19.400000,-62.662931,206304.889632,177.489272,208410.489897,57.338533,207732.495282,95.631157,652.813990,-24.794775,654.359627,-144.556065,660.761482,59.949154,-0.000828,1,0
19.433000,-62.651384,207520.920458,177.361380,207023.567714,57.335780,205040.600232,95.080082,660.264260,-24.478941,657.480815,-144.352981,653.674748,59.941304,-0.000511,1,0
19.467000,-62.604974,205463.955549,177.470945,204271.487347,57.378230,204048.602396,95.344871,653.372108,-24.448837,658.034723,-144.247603,655.737190,59.943596,-0.001943,1,0
19.500000,-62.719518,207562.591141,177.549592,205926.516656,57.376037,205968.151885,95.536900,652.167548,-24.371254,656.723977,-144.644039,649.722930,59.946623,0.001739,1,0
19.533000,-62.691945,207545.652906,177.386016,205191.803773,57.351114,205432.365856,95.047787,665.494053,-24.697437,654.325340,-144.735462,655.976096,59.948572,0.007343,1,0
19.567000,-62.734109,208000.883263,177.372038,206864.607101,57.359526,207466.870256,95.240309,651.274043,-24.740897,653.079952,-144.582995,656.950560,59.948980,0.002795,1,0
19.600000,-62.537187,205553.376976,177.426872,206305.032213,57.534181,205283.389632,95.452095,655.478148,-24.466184,657.227417,-144.282850,656.408527,59.948665,0.012341,1,0
19.633000,-62.529360,206672.557469,177.365325,206151.797300,57.274594,205792.408086,95.506075,660.865411,-24.501223,656.384040,-144.690332,656.487841,59.942917,-0.004220,1,0
19.667000,-62.569635,203588.170784,177.458718,205328.838258,57.310160,206084.966976,95.341283,658.215844,-24.908426,653.685318,-144.872327,651.262750,59.947339,0.002980,1,0
19.700000,-62.648794,205720.642094,177.319848,205853.681045,57.076933,205622.064807,95.501041,654.733117,-24.591998,651.307007,-145.114120,653.287619,59.945328,0.010005,1,0
19.733000,-62.529662,206192.983838,177.297885,205317.866791,57.347013,205331.595377,95.377001,652.280180,-24.766914,659.046022,-144.635715,652.800177,59.944426,0.003980,1,0
19.767000,-62.791470,206018.650855,177.264169,205406.301634,57.526570,206429.106175,95.263352,654.660455,-24.819139,649.837620,-144.873361,651.212640,59.948388,0.011325,1,0
19.800000,-62.403777,204710.728439,177.472881,207274.837085,57.412934,206203.219223,96.031909,656.348690,-24.675046,655.815648,-144.574663,653.800630,59.944051,0.010283,1,0
19.833000,-62.600980,205337.579498,177.336880,204817.477838,57.351235,206984.908754,95.396143,651.178002,-24.677431,656.609042,-144.464812,649.000771,59.952941,0.007204,1,0
19.867000,-62.390119,206980.429164,177.279068,206292.425539,57.269161,207811.461206,95.500331,654.724033,-25.035435,650.176275,-145.039937,653.610100,59.941198,-0.009560,1,0
19.900000,-62.818624,208753.750015,177.443407,206287.182442,57.328844,208365.061054,95.141509,651.833642,-24.607274,651.681274,-144.932725,651.456729,59.953492,-0.006509,1,0
19.933000,-62.538141,207093.399946,177.309817,205936.968433,57.446784,207282.116532,95.486386,650.933819,-24.789773,649.369271,-144.459430,653.508558,59.947237,-0.001747,1,0
19.967000,-62.634197,206594.939271,177.321818,207728.351156,57.331840,207100.825895,95.039669,655.493607,-24.744562,656.849959,-144.478674,653.029635,59.960351,-0.005965,1,0
20.000000,-62.561187,206038.358403,177.305810,206672.174087,57.434246,205666.155998,95.535092,652.233441,-24.302466,650.056486,-144.452291,651.043831,59.944560,-0.002069,1,0
20.033000,-62.706119,206582.923283,177.375126,208458.831595,57.340669,205707.723152,95.394321,653.231223,-24.765930,649.130699,-144.839878,648.991402,59.948984,-0.006388,1,0
20.067000,-62.753576,206755.001263,177.267606,205561.150752,57.294810,206388.723795,95.029206,650.644932,-24.771206,650.456920,-144.681515,649.667444,59.950993,0.008740,1,0
20.100000,-62.926256,206048.128666,177.318560,205118.007733,57.340570,205720.774292,94.808765,648.247654,-24.405181,652.840518,-144.575070,654.228360,59.950125,0.001772,1,0
20.133000,-62.717164,207090.517738,177.467541,205460.730536,57.528641,206646.430881,95.166470,651.842863,-24.605673,654.638936,-144.248540,656.431749,59.950092,-0.002434,1,0
20.167000,-62.588468,207657.960713,177.549264,204979.938291,57.404757,207070.098946,95.404249,650.728087,-24.034843,648.832350,-144.589325,649.259406,59.944918,0.002025,1,0
20.200000,-62.638524,204674.327227,177.299150,206645.647106,57.286394,205570.647419,95.375126,650.929009,-24.717545,649.289435,-144.822592,654.996581,59.952906,-0.000339,1,0
20.233000,-62.573213,206307.123632,177.412525,208405.924803,57.360144,207875.278673,95.063200,661.378581,-24.459966,649.767089,-144.666622,654.149225,59.940843,0.002238,1,0
20.267000,-62.599523,205244.726160,177.226040,205401.958456,57.352914,206347.015371,95.172125,655.658921,-24.645147,655.310043,-144.551615,654.030509,59.945587,0.005479,1,0
20.300000,-62.558885,207364.531218,177.385733,207468.015290,57.351805,206887.704172,95.198879,655.110817,-24.603856,649.302890,-145.027336,654.259563,59.953532,-0.002337,1,0
20.333000,-62.896314,206544.175979,177.139224,205858.843164,57.371572,206993.922278,95.092922,651.718949,-24.968110,659.043708,-144.755869,654.392336,59.944936,0.003340,1,0
20.367000,-62.597219,204941.822907,177.037541,205905.659066,57.460078,206127.326979,95.205549,651.973023,-25.218229,651.589351,-144.346255,651.110119,59.946960,0.006483,1,0
20.400000,-62.538940,207081.692604,177.355562,205553.574396,57.287158,206401.331755,95.292986,647.348057,-24.797752,652.022754,-144.800439,647.401906,59.951414,-0.004004,1,0
20.433000,-62.690240,207389.708796,177.192092,208404.651771,57.448116,208416.609345,95.209652,655.466077,-25.106592,654.064675,-144.499514,654.299134,59.952687,0.003733,1,0
20.467000,-62.682515,206750.896998,177.358370,205740.686031,57.300484,207049.979574,95.484997,650.298557,-24.751966,647.900382,-144.808989,653.632888,59.952414,0.001563,1,0
20.500000,-62.639116,204363.503212,177.479449,206263.149578,57.232778,206465.660930,95.430386,650.701602,-24.516821,651.397167,-144.719044,654.080659,59.952395,-0.004987,1,0
20.533000,-62.517968,205934.992876,177.537917,207340.625703,57.424571,208171.121060,95.535252,652.621906,-24.051468,649.318457,-144.647509,651.425948,59.952016,-0.002881,1,0
20.567000,-62.770765,206863.228272,177.538772,206780.809221,57.373701,207741.913224,95.308744,649.655339,-24.685328,650.108559,-144.803929,645.669348,59.948834,0.005717,1,0
20.600000,-62.466401,206927.171631,177.454297,207815.834536,57.447127,204866.020130,95.409632,637.126857,-24.645825,650.674925,-144.564662,650.511265,59.946128,0.000079,1,0
20.633000,-62.624218,206268.634162,177.406380,206683.705465,57.373036,206963.825192,95.439721,648.244749,-24.905565,649.137782,-144.374009,646.643803,59.951173,0.012244,1,0
20.667000,-62.638063,205976.064276,177.513333,205473.582500,57.365975,206447.369340,95.469153,645.885847,-24.578221,647.596275,-144.700338,653.423831,59.950400,0.004088,1,0
20.700000,-62.743849,207057.364532,177.310092,206697.512940,57.430828,206386.035468,95.349626,652.861303,-24.819869,646.386214,-144.732743,645.016257,59.947760,0.017313,1,0
20.733000,-62.633215,204806.651903,177.393826,206062.512373,57.313976,206787.278320,95.102452,645.301539,-24.509295,643.835883,-144.914303,641.826656,59.954261,0.001954,1,0
20.767000,-62.545243,207644.158041,177.483136,207710.018328,57.309809,206652.936386,95.379773,644.235662,-24.196554,654.474707,-144.601167,646.524283,59.952202,-0.003223,1,0
20.800000,-62.448646,206243.417963,177.488197,206143.777040,57.192191,206541.742073,95.232419,650.311107,-24.590831,652.156819,-144.475603,653.389525,59.946226,0.010690,1,0
20.833000,-62.461584,207020.819365,177.360057,206096.315907,57.427765,209284.237936,95.537213,643.343621,-24.610713,650.662673,-144.747595,650.343732,59.958667,0.000812,1,0
20.867000,-62.602856,207305.633597,177.362626,205725.774347,57.470857,207875.263357,95.508981,653.236109,-24.808702,648.895068,-144.645550,655.301125,59.963815,-0.003223,1,0
20.900000,-62.599445,207103.731333,177.382922,205732.590581,57.398685,208923.312773,95.573839,650.276299,-24.460325,652.773496,-144.644468,648.876154,59.950307,0.002505,1,0
20.933000,-62.430879,207168.303254,177.448497,207516.715900,57.162418,206978.685707,95.492017,642.477396,-24.498372,645.494965,-145.221660,646.520529,59.953371,0.001938,1,0
20.967000,-62.550610,204957.920778,177.311543,205391.712738,57.217059,207377.348195,95.756721,648.119653,-24.664402,651.517215,-145.054352,647.728973,59.955598,0.010734,1,0
21.000000,-62.705669,206871.580195,177.637124,207225.117425,57.423950,207810.162368,95.516585,642.207795,-24.287413,648.763444,-144.504787,651.314154,59.951638,0.001177,1,0
21.033000,-62.705138,205740.026881,177.356259,206872.667176,57.416334,206677.059374,95.112598,646.895779,-24.626602,651.420489,-144.353529,652.028875,59.951795,-0.006715,1,0
21.067000,-62.567683,207022.253432,177.312383,205790.875858,57.368310,207272.567841,95.433744,649.395545,-25.058571,645.239683,-144.753862,648.478628,59.957107,-0.006071,1,0
21.100000,-62.473012,208175.388068,177.302396,205523.476092,57.345003,206702.566928,95.778299,642.667503,-25.023527,645.116278,-144.889024,646.437989,59.948488,-0.007532,1,0
21.133000,-62.549398,206188.569262,177.321909,207091.859219,57.165298,206521.438396,95.287433,649.537099,-24.851114,649.009104,-144.739965,653.884444,59.956829,0.001952,1,0
21.167000,-62.586013,207380.580391,177.497581,207468.413090,57.422350,207091.589049,95.406446,650.721962,-24.413462,644.256270,-144.529496,653.321735,59.945294,-0.004389,1,0
21.200000,-62.586769,207752.018107,177.353525,206302.604180,57.284281,207053.406276,95.389494,649.209537,-24.748878,641.044804,-144.443649,652.201779,59.950283,0.000841,1,0
21.233000,-62.421994,207206.537445,177.439582,206836.711767,57.448649,206159.715690,95.391242,647.015569,-24.647112,647.758444,-144.362128,649.267553,59.954065,-0.001993,1,0
21.267000,-62.686593,206937.812118,177.357565,205818.296682,57.433324,206202.988464,95.351187,656.274863,-24.293361,650.616054,-144.520859,650.167378,59.957764,-0.006597,1,0
21.300000,-62.617869,205069.340898,177.403060,206709.316462,57.255691,207945.354377,95.655556,655.657812,-24.722342,655.176823,-144.899260,649.888954,59.951373,-0.011785,1,0
21.333000,-62.484380,207329.175080,177.481237,205632.559914,57.631405,206988.754780,95.541854,650.493196,-24.538503,647.549268,-144.133057,648.902768,59.951311,0.013278,1,0
21.367000,-62.600096,206843.183849,177.537874,205440.439439,57.496723,206090.453592,95.626258,652.080393,-24.649511,652.024368,-144.424899,654.585337,59.952828,0.006048,1,0
21.400000,-62.569170,206651.020237,177.600360,207137.641218,57.423938,206927.569250,95.214320,656.627293,-24.248110,655.142915,-144.699719,652.376563,59.955035,-0.000959,1,0
21.433000,-62.732529,205927.105848,177.320995,209360.404124,57.341742,207373.679683,95.311873,649.062285,-24.627737,655.282891,-144.654202,648.258373,59.959502,-0.000755,1,0
21.467000,-62.494995,206617.626349,177.438542,204904.468616,57.475170,206162.347207,95.565667,652.990762,-24.634899,653.732622,-144.524749,653.455010,59.956161,-0.003021,1,0
21.500000,-62.409730,206340.457692,177.388048,207205.705607,57.628278,205976.723647,95.686470,656.796582,-24.568347,654.659707,-144.368918,660.766075,59.955429,0.003700,1,0
21.533000,-62.370420,206625.236302,177.391151,206159.084304,57.508493,206202.332239,95.728010,654.336767,-24.509728,655.994500,-144.455735,653.514631,59.956337,-0.004054,1,0
21.567000,-62.580648,205907.224796,177.452808,205958.935708,57.212588,206884.656228,95.562621,656.477343,-24.773053,656.792032,-144.377480,648.853155,59.955823,-0.011282,1,0
21.600000,-62.568755,204751.598955,177.378656,205818.900555,57.371419,205169.199691,95.235962,655.912984,-24.654437,657.247404,-144.622652,655.161533,59.950080,-0.003668,1,0
21.633000,-62.424292,206698.510821,177.394956,206039.018701,57.462161,205446.690822,95.627884,654.035365,-24.374955,657.569927,-144.397248,661.429020,59.946206,0.002362,1,0
21.667000,-62.608592,207022.285317,177.430614,207385.718546,57.428654,205720.668242,95.329334,658.459571,-24.551448,653.102656,-144.496439,658.017730,59.950340,-0.001987,1,0
21.700000,-62.681608,205727.630489,177.399659,206275.749590,57.451252,205896.060651,95.495017,658.065043,-24.459036,655.462652,-144.810963,658.762819,59.945948,-0.006422,1,0
21.733000,-62.472488,204225.915683,177.436724,205096.457935,57.493130,205649.649697,95.618087,655.283615,-24.436081,657.367501,-144.469047,653.294109,59.961946,-0.002499,1,0
21.767000,-62.463140,206907.132037,177.357780,205984.207489,57.499052,204835.748017,95.367954,656.589517,-24.527497,654.342252,-144.674230,666.483057,59.953921,0.008442,1,0
21.800000,-62.542086,206559.117225,177.417075,205804.854277,57.561685,207273.523228,95.835331,654.137957,-24.580841,657.115253,-144.287803,660.332162,59.959012,0.003478,1,0
21.833000,-62.418243,205970.467881,177.441710,204854.945319,57.446363,205026.484235,95.498609,653.109547,-24.364511,666.645071,-144.989630,657.775158,59.948676,0.007878,1,0
21.867000,-62.518732,205326.166745,177.415059,208108.841678,57.358140,207748.774801,95.200017,662.079642,-24.750835,658.945003,-144.594098,658.817803,59.950351,0.003998,1,0
21.900000,-62.430024,206077.437166,177.464935,206891.600007,57.431909,207679.994764,95.364291,658.179918,-24.565562,654.551794,-144.301366,658.773259,59.953776,-0.010752,1,0
21.933000,-62.672526,207352.916937,177.382717,205622.892051,57.454697,207626.211407,95.368581,654.907324,-24.803396,660.516336,-144.734052,655.476189,59.947851,-0.001436,1,0
21.967000,-62.656266,206217.390935,177.282794,206555.163100,57.465132,205948.805370,95.244261,664.472344,-24.977521,659.184219,-144.463952,657.322812,59.954737,0.006265,1,0
22.000000,-62.645433,205938.258576,177.222799,206412.184268,57.370510,206880.242167,95.204028,654.427184,-24.920480,657.544403,-144.435264,659.934865,59.963617,0.000442,1,0
22.033000,-62.510830,206475.994507,177.306686,206171.545824,57.254787,207548.305453,95.449786,655.557844,-24.514059,652.469836,-145.166853,656.936112,59.949963,0.005797,1,0
22.067000,-62.589826,206831.790961,177.311041,206938.481599,57.261449,205062.809917,95.383926,658.776649,-24.695019,654.042517,-144.696263,653.330519,59.958643,-0.000846,1,0
22.100000,-62.722077,206245.231965,177.397980,206188.845928,57.581164,205199.329663,95.389739,653.523654,-24.744069,656.126786,-144.509588,653.099152,59.948460,0.005853,1,0
22.133000,-62.738068,206864.058181,177.348212,206378.821819,57.289523,205616.520695,95.215062,650.709600,-24.784504,661.047157,-144.746553,650.462577,59.961924,0.003955,1,0
22.167000,-62.770739,206291.134749,177.271735,207553.917724,57.463916,204764.600504,95.026885,655.515519,-24.970344,652.618073,-144.655802,657.722038,59.957239,-0.002913,1,0
22.200000,-62.685025,206684.543770,177.389239,206763.721082,57.340574,207135.486302,95.418512,662.334763,-24.266919,649.831766,-144.624651,661.232511,59.955741,0.001691,1,0
22.233000,-62.637170,207803.401760,177.357732,206122.550122,57.552923,206770.658536,94.932788,655.088728,-24.284945,657.424541,-144.309947,651.980374,59.956236,0.000800,1,0
22.267000,-62.401851,205555.654861,177.355010,207734.040612,57.437024,207262.075897,95.568635,658.701496,-24.783876,659.581945,-144.434681,662.591661,59.952277,-0.004083,1,0
22.300000,-62.526058,206768.197727,177.441471,206842.995518,57.369457,207493.964043,95.390180,659.121536,-24.777301,660.975895,-144.383375,658.042168,59.951647,0.002426,1,0
22.333000,-62.733963,205709.324657,177.440648,204861.349164,57.403882,205114.520423,95.495212,657.897444,-24.552650,653.773457,-144.830615,651.584073,59.958041,-0.011851,1,0
22.367000,-62.402599,206007.684376,177.431342,205410.081122,57.465435,205968.189031,95.632645,655.829875,-24.607697,658.409353,-144.618442,656.774692,59.957318,0.002135,1,0
22.400000,-62.501795,206691.702155,177.469614,207955.464176,57.325406,207374.825215,95.642248,657.341239,-24.596574,654.811866,-144.999542,663.127767,59.956634,0.005674,1,0
22.433000,-62.480185,205907.035810,177.479744,206236.920662,57.341211,205581.428487,95.550163,660.659345,-24.612686,659.506398,-144.799274,658.737803,59.951378,0.012759,1,0
22.467000,-62.682265,206986.796847,177.576304,205846.295024,57.352347,206314.856872,95.054994,658.631085,-24.955482,658.965107,-144.591103,657.110971,59.951123,0.006096,1,0
22.500000,-62.518942,206785.886507,177.537204,207031.747989,57.646243,207426.233392,95.248863,655.279520,-24.461862,655.586245,-144.129313,655.448787,59.944708,-0.011599,1,0
22.533000,-62.349806,206401.573439,177.332451,208379.706723,57.311941,207130.561985,95.566213,659.894624,-24.346573,656.372523,-144.983505,659.480024,59.955604,-0.001565,1,0
22.567000,-62.606033,206372.683670,177.394037,205706.599049,57.275032,207097.336238,95.236542,658.586515,-24.941640,660.520310,-144.790644,656.759721,59.958030,-0.007688,1,0
22.600000,-62.573099,206079.186011,177.428535,206837.632902,57.406938,205206.468993,95.438299,661.553706,-24.847094,662.370252,-144.483584,654.361049,59.960977,-0.011221,1,0
22.633000,-62.513544,206090.563404,177.554355,205496.164466,57.438659,206918.744920,95.138219,657.514789,-24.680230,660.004365,-144.572785,654.729069,59.961852,0.009150,1,0
22.667000,-62.584958,207043.886925,177.330787,208301.125882,57.430195,205447.472385,95.744434,659.925452,-24.621379,657.683143,-144.645865,657.802496,59.966596,-0.001912,1,0
22.700000,-62.533980,205794.662254,177.443478,206959.531020,57.436188,206079.476836,95.404347,661.830784,-24.393058,656.917753,-144.389394,662.857397,59.958178,0.002146,1,0
22.733000,-62.651494,206350.775727,177.363382,205432.485706,57.315543,206534.864040,95.434985,663.556688,-24.562537,658.521178,-144.522756,658.451451,59.958226,-0.003241,1,0
22.767000,-62.500023,206208.260728,177.639445,206696.765966,57.418978,207261.339066,95.869740,665.393416,-24.142359,660.710254,-144.687643,652.749475,59.960957,0.001361,1,0
22.800000,-62.636407,208011.485289,177.331617,205755.465475,57.322037,206564.939493,95.495678,657.192320,-24.448142,656.874758,-144.743348,659.295147,59.956257,0.006597,1,0
22.833000,-62.744786,206663.078455,177.168152,203691.160785,57.377769,207376.429485,95.207936,657.073220,-24.939211,660.849919,-144.568385,651.146136,59.966766,-0.013195,1,0
22.867000,-62.644787,205103.566182,177.418533,207193.772650,57.471431,206820.752648,95.055503,660.862481,-24.597333,668.549097,-144.393748,656.953009,59.966822,0.006961,1,0
22.900000,-62.662932,206789.091800,177.566112,206765.869159,57.331014,207460.449185,95.243135,669.582303,-24.496634,656.974301,-144.485240,658.059024,59.963633,0.000189,1,0
22.933000,-62.723363,207189.575002,177.584533,207232.405452,57.365970,207323.768434,95.481197,659.165603,-24.106444,662.978583,-144.634411,659.792947,59.961323,0.004517,1,0
22.967000,-62.530965,205338.108950,177.518591,207942.221947,57.469099,207639.921809,95.463157,656.392088,-24.359972,667.366472,-144.540984,660.046045,59.959104,0.000147,1,0
23.000000,-62.531758,206325.056440,177.532198,204881.305254,57.452443,208034.053143,95.558447,662.340608,-24.423372,656.720986,-144.337658,661.339976,59.968251,0.002117,1,0
23.033000,-62.459013,206241.030002,177.688679,204256.791968,57.560416,206360.883625,95.674926,664.497280,-24.298361,657.170460,-144.824744,654.320499,59.956830,0.005999,1,0
23.067000,-62.450878,206096.576621,177.470587,205143.898920,57.356950,206311.142566,95.418062,653.224437,-24.258245,658.661413,-144.796053,666.920231,59.965906,-0.002228,1,0
23.100000,-62.419677,206472.762326,177.439497,205390.667488,57.484748,205035.310558,95.779001,653.675298,-24.595917,655.717361,-144.571625,654.865595,59.963642,0.001918,1,0
23.133000,-62.360056,206975.415416,177.601804,205213.327551,57.368845,205827.278915,95.906983,655.569414,-24.451637,654.259175,-144.678948,658.031116,59.961960,0.008655,1,0
23.167000,-62.520270,205367.569874,177.482742,207083.432508,57.403394,205427.018371,95.237119,651.329772,-24.435489,658.201946,-144.729766,662.215387,59.963124,-0.011303,1,0
23.200000,-62.636922,205194.477203,177.510896,205999.619418,57.496150,204442.594503,95.412557,655.281521,-24.606053,658.258460,-144.619470,649.739372,59.964810,-0.000773,1,0
23.233000,-62.757039,205586.033968,177.447501,205790.118929,57.503906,205688.529846,95.198251,652.439538,-24.597658,654.641271,-144.686766,654.650635,59.964934,-0.006325,1,0
23.267000,-62.486238,205915.190791,177.502422,205528.320719,57.453136,206146.472508,95.386299,657.953859,-24.418511,650.978787,-144.790274,652.603559,59.965524,0.011460,1,0
23.300000,-62.516477,205339.262748,177.394102,206422.274825,57.403429,205522.657071,95.561664,650.349189,-24.565155,645.347183,-144.507307,656.427428,59.970168,0.001484,1,0
23.333000,-62.447343,205677.018188,177.385084,205886.925751,57.533794,208409.249500,95.803382,657.051900,-24.607094,650.158083,-144.483549,651.490845,59.965536,-0.006259,1,0
23.367000,-62.534855,205613.831097,177.380085,206100.919232,57.572641,205960.833729,95.557037,648.148241,-24.521372,652.448414,-144.285391,646.850329,59.972182,-0.002207,1,0
23.400000,-62.529275,207013.350827,177.492091,204502.956148,57.550788,205747.116232,95.423549,648.785839,-24.658014,655.187120,-144.252546,655.692947,59.968799,-0.009529,1,0
23.433000,-62.533583,204909.466550,177.400402,206560.619939,57.485046,206771.995375,95.649046,651.502827,-24.919351,653.872795,-144.636022,649.766958,59.963875,0.003543,1,0
23.467000,-62.548701,204190.965514,177.487844,206383.085069,57.495995,205662.667369,95.451014,655.363650,-24.442370,659.586625,-144.704167,661.848706,59.974857,-0.011824,1,0
23.500000,-62.474910,207392.145241,177.384916,207531.082882,57.566699,205853.206262,95.706992,657.078466,-24.847016,650.123267,-144.530870,655.415642,59.960832,0.006762,1,0
23.533000,-62.218138,205831.625588,177.589141,205784.701485,57.627249,207290.153368,95.817555,656.198628,-24.406265,656.106306,-144.298186,649.462716,59.962539,0.023013,1,0
23.567000,-62.527299,204521.718712,177.471775,207436.803089,57.405801,206594.291509,95.561853,662.012355,-24.549060,661.952497,-144.440863,654.342490,59.955942,-0.008933,1,0
23.600000,-62.605270,206806.753625,177.565640,206402.599007,57.478358,206611.952213,95.661879,661.616712,-24.499554,662.104190,-144.652887,655.862885,59.967987,-0.005763,1,0
23.633000,-62.418530,205341.661778,177.455111,205239.491322,57.574486,205589.253328,95.642460,650.448571,-24.467042,649.891202,-144.841050,653.356832,59.967248,0.001389,1,0
23.667000,-62.406314,206050.540268,177.513673,204965.747300,57.607320,206938.932329,95.613952,652.783595,-24.512864,659.071404,-144.278797,652.425143,59.967778,-0.013462,1,0
23.700000,-62.283093,207904.693554,177.525496,207007.109012,57.672259,206640.255473,95.888393,654.582111,-24.469669,654.147182,-144.516369,652.553101,59.955796,-0.016138,1,0
23.733000,-62.332974,205298.445279,177.440650,206774.784140,57.367275,207607.722697,95.691112,649.609261,-24.500764,659.183401,-144.475720,652.778627,59.965680,0.006482,1,0
23.767000,-62.619548,205469.651294,177.367022,205135.925106,57.321259,206580.023886,95.450331,653.515678,-24.629140,658.564714,-144.640149,651.299284,59.955258,-0.001095,1,0
23.800000,-62.492738,206271.341936,177.590851,206184.196552,57.516584,207126.647951,95.444254,648.097845,-23.931474,650.048158,-144.521416,645.160720,59.963710,0.011337,1,0
23.833000,-62.313075,206348.360094,177.432339,204077.965527,57.431500,206610.415529,95.382148,645.878642,-24.636190,654.395767,-144.986601,644.569876,59.966606,-0.011788,1,0
23.867000,-62.431186,205689.454978,177.545538,205696.420712,57.709390,206350.102120,95.351310,648.713603,-24.671177,651.196411,-144.657883,653.503815,59.962318,0.018290,1,0
23.900000,-62.416582,205952.625987,177.583632,205515.333603,57.675649,205399.401229,95.271077,648.921007,-24.479667,646.074796,-144.229897,657.849968,59.958948,-0.002926,1,0
23.933000,-62.396729,206015.761677,177.409750,205373.606378,57.564357,206624.889286,95.798892,647.651486,-24.914071,646.686803,-144.415990,651.914332,59.952043,0.009711,1,0
23.967000,-62.444297,205911.797917,177.480441,205801.576065,57.697905,204646.134522,95.635113,643.083846,-24.290758,645.147329,-144.035000,655.108635,59.952033,-0.008863,1,0
24.000000,-62.422097,206693.661413,177.495001,205944.303012,57.456007,206046.473859,95.420915,657.887163,-24.656373,653.575535,-144.692568,651.005834,59.957470,0.001979,1,0
24.033000,-62.347816,207530.824095,177.746593,206733.458220,57.582878,205768.036759,95.400878,649.703838,-24.339450,654.306422,-144.265780,661.107237,59.969857,0.005136,1,0
24.067000,-62.402601,207215.871728,177.614451,205298.085446,57.514017,205130.601524,95.900515,662.080230,-24.294112,653.787332,-144.471871,654.833136,59.961673,0.007808,1,0
24.100000,-62.407813,204052.849096,177.712529,206952.828223,57.643759,206109.145138,95.870989,653.628991,-24.342108,657.892065,-144.212530,659.360744,59.963892,-0.006110,1,0
24.133000,-62.577156,204682.523713,177.410204,204238.297202,57.524076,206123.563522,95.194575,667.054842,-24.384255,655.410696,-144.318053,651.389359,59.960791,-0.005661,1,0
24.167000,-62.400587,205795.204168,177.553686,206651.345361,57.527906,205134.159369,95.426560,662.586601,-24.390084,660.093637,-144.765025,661.398970,59.951869,-0.005248,1,0
24.200000,-62.411441,207069.675230,177.460646,208150.404815,57.554372,206894.795462,95.628248,655.400213,-24.760955,664.170845,-144.501895,659.665873,59.948636,0.000621,1,0
24.233000,-62.389212,205731.349478,177.591583,206191.273957,57.665092,207234.891832,95.269843,659.982408,-24.386576,651.666060,-144.162744,657.251167,59.950490,0.002732,1,0
24.267000,-62.380672,208324.764558,177.491402,206623.320024,57.637317,207018.342055,95.600586,657.467229,-24.771040,655.647483,-144.441195,660.023759,59.955060,0.000998,1,0
24.300000,-62.294191,208231.759138,177.633448,207118.165456,57.655288,206874.078857,95.607114,653.483780,-24.305080,665.636176,-144.406159,661.278602,59.963132,-0.005361,1,0
24.333000,-62.170469,205734.630100,177.614811,206101.503344,57.538931,204710.833299,95.970936,654.307338,-24.394040,657.793503,-144.511515,659.859805,59.953663,0.011606,1,0
24.367000,-62.510660,207111.217145,177.566346,206452.060595,57.741213,205563.298588,95.649840,654.454687,-24.197115,658.072985,-144.186784,654.764046,59.949969,-0.013526,1,0
24.400000,-62.430336,206110.524457,177.680177,207851.601732,57.686228,207518.608880,95.135620,655.334676,-23.855828,657.666572,-144.418101,659.104372,59.951290,-0.007557,1,0
24.433000,-62.247077,207004.626848,177.615849,205597.901822,57.341884,205281.588330,95.771835,656.810599,-24.500656,650.292093,-144.803679,654.506902,59.945495,-0.002984,1,0
24.467000,-62.562005,205679.379037,177.657768,208318.740914,57.538610,206742.456326,95.593339,654.958980,-24.219539,665.881325,-144.245049,652.333401,59.952452,0.002384,1,0
24.500000,-62.297086,206955.492258,177.678552,206044.324725,57.535309,207137.371344,95.953416,657.646149,-24.394959,652.401454,-144.249387,658.729573,59.949928,0.008380,1,0
24.533000,-62.234621,206469.640586,177.683678,204089.751717,57.571927,206994.701006,96.340404,660.084340,-24.444141,664.505734,-144.384627,661.797247,59.944591,0.006948,1,0
24.567000,-62.563409,204732.161830,177.549210,208305.546519,57.659695,206141.732020,95.349050,655.816711,-24.735887,660.431372,-144.369317,661.736821,59.954962,0.000258,1,0
24.600000,-62.439360,205525.748191,177.589443,204900.673446,57.740484,206342.610645,95.586046,665.926758,-24.542204,666.618237,-144.083744,655.265765,59.944093,-0.002609,1,0
24.633000,-62.421097,208220.814366,177.717886,205665.154126,57.634584,207927.796104,95.491135,663.744567,-24.114760,662.897081,-144.336342,661.489909,59.948193,0.017360,1,0
24.667000,-62.274517,207465.768669,177.517942,204814.707303,57.570884,205965.650427,95.874706,658.863247,-24.959618,652.394895,-143.989903,664.147390,59.944425,-0.011442,1,0
24.700000,-62.456049,203813.594349,177.550278,204492.542413,57.528346,208042.484200,95.479100,657.259471,-24.515174,655.219659,-144.355309,652.139476,59.954699,0.004769,1,0
24.733000,-62.505563,207255.197994,177.707161,205690.557312,57.626242,206211.707969,95.560897,657.400271,-24.393559,660.855143,-144.703239,659.466348,59.950759,0.006159,1,0
24.767000,-62.307168,206097.363259,177.686088,205540.743858,57.738579,206744.923714,95.420434,656.796419,-24.046638,667.135064,-144.215241,656.246972,59.951128,0.002127,1,0
24.800000,-62.342735,204979.481992,177.645476,207507.486505,57.821561,206566.488767,95.763269,655.378633,-24.380494,653.805734,-144.192651,658.663951,59.947847,0.001888,1,0
24.833000,-62.427425,205994.441087,177.924350,205695.528904,57.597152,205618.660031,95.405983,657.485680,-23.889282,657.096506,-144.469395,662.174220,59.952633,0.007425,1,0
24.867000,-62.259876,205222.333015,177.639296,206114.404482,57.567164,206130.703675,95.467318,657.769623,-24.248655,660.749018,-144.251335,660.471355,59.941931,-0.000646,1,0
24.900000,-62.467127,205308.296969,177.777529,206075.953344,57.750713,205152.740517,95.382113,660.574074,-24.129194,650.284640,-144.291657,660.099517,59.940634,-0.005235,1,0
24.933000,-62.430423,207342.941382,177.655245,205814.582035,57.728484,207269.968350,95.241517,662.221143,-24.329352,663.214524,-144.084830,661.602570,59.948344,-0.002828,1,0
24.967000,-62.494547,204999.207625,177.544537,205521.133027,57.692155,206212.561433,95.563771,655.700032,-24.481889,663.018407,-144.008163,662.970678,59.958812,0.002024,1,0
25.000000,-62.250786,204919.883345,177.675355,205342.297954,57.584968,204062.591343,95.721009,655.867633,-24.283324,655.375897,-144.711423,656.221685,59.940598,-0.002342,1,0
25.033000,-62.179345,206572.647141,177.769802,205990.523377,57.711403,205481.115226,95.629862,661.026498,-24.127942,648.987794,-144.264804,654.204236,59.948208,-0.003539,1,0
25.067000,-62.393382,206627.827124,177.434280,205010.385313,57.707877,204254.587616,95.615476,653.676115,-24.646112,657.971608,-144.092937,660.160585,59.950622,-0.002081,1,0
25.100000,-62.243345,203884.451140,177.706122,204756.672518,57.624262,205749.989203,95.885427,644.870205,-23.935605,656.005015,-144.175942,649.096483,59.952739,0.009195,1,0
25.133000,-62.154368,206640.804452,177.623037,207635.386221,57.595881,207667.336504,95.952735,651.832291,-24.485459,661.586939,-144.415400,653.291673,59.947966,0.001370,1,0
25.167000,-62.151947,205771.512118,177.863268,206571.062401,57.729344,207864.133919,95.752976,657.049484,-24.216501,649.798110,-144.220966,645.473746,59.940362,0.001105,1,0
25.200000,-62.537938,206765.564691,177.881624,205552.358729,57.557662,204480.718476,95.483734,655.514646,-24.208592,655.184483,-144.337711,652.597679,59.936683,-0.007017,1,0
25.233000,-62.287086,206845.589822,177.622752,205765.589217,57.707571,206946.268917,95.445981,655.589375,-24.516697,654.766193,-144.441337,651.571207,59.938131,-0.008794,1,0
25.267000,-62.337609,207773.232678,177.533275,206556.280029,57.685551,206211.740270,95.927689,650.471597,-24.739062,654.508986,-144.268604,653.158022,59.939538,0.003992,1,0
25.300000,-62.275689,206097.824240,177.597602,205639.985967,57.822970,205330.581067,95.797851,657.357935,-24.324119,647.701351,-144.308357,652.137981,59.945149,0.011179,1,0
25.333000,-62.238269,206367.945481,177.654981,205749.090382,57.513113,206988.170558,96.098028,656.509097,-24.273063,653.177752,-144.535457,653.652307,59.943535,0.005543,1,0
25.367000,-62.543190,205575.544676,177.430539,205219.861618,57.632425,206645.247557,95.184098,655.082838,-24.650166,653.772545,-144.158461,654.095178,59.938518,-0.004296,1,0
25.400000,-62.260672,206539.906057,177.576301,206254.079522,57.565622,206025.837272,95.692616,646.248279,-23.819424,657.232886,-144.225504,661.254945,59.936953,-0.005366,1,0
25.433000,-62.357528,205927.488183,177.592718,206930.413615,57.444510,205706.512275,95.693663,661.310453,-24.495850,658.888727,-144.378698,655.169371,59.937340,0.000651,1,0
25.467000,-62.515324,206823.502713,177.650519,205404.783436,57.543204,206141.121415,95.266580,660.454245,-24.228223,653.569499,-144.217351,647.659024,59.940594,-0.004887,1,0
25.500000,-62.443176,205778.088127,177.554651,205225.421121,57.654261,207357.720575,95.558637,659.991072,-24.009943,654.290262,-144.303589,658.631880,59.929673,0.001220,1,0
25.533000,-62.206478,207930.684766,177.694231,206914.940247,57.559303,206511.303456,96.198754,655.020386,-24.694738,658.122424,-144.369629,657.217903,59.933330,-0.008261,1,0
25.567000,-62.402410,206504.967384,177.565113,205781.670861,57.615306,207133.938329,95.545688,648.159318,-24.491338,652.418774,-144.272381,650.453723,59.929946,-0.005174,1,0
25.600000,-62.274986,206920.620759,177.410474,205971.912626,57.536007,207228.114137,96.007631,652.420302,-24.506725,656.703395,-144.371667,649.455191,59.931247,-0.000894,1,0
25.633000,-62.590999,205672.907924,177.518815,206610.951523,57.727238,206593.320641,95.589467,656.465758,-24.237931,645.182729,-144.111347,655.690133,59.936690,0.001894,1,0
25.667000,-62.523569,206115.351369,177.570734,205886.475649,57.446082,205988.437272,95.445419,657.930012,-24.180330,653.951831,-144.623195,654.879258,59.939572,0.002113,1,0
25.700000,-62.313046,205375.700803,177.451942,206062.969932,57.556429,207273.128308,95.800110,655.955904,-24.288582,659.360562,-144.909821,648.564196,59.940566,-0.002795,1,0
25.733000,-62.462895,206309.152332,177.876483,206508.141330,57.616393,206114.917800,95.556404,653.754561,-24.187414,656.518708,-144.379975,654.278516,59.939055,0.009094,1,0
25.767000,-62.499474,205641.996435,177.789098,206071.737326,57.638945,207233.558403,95.602237,657.194239,-23.990103,655.475809,-144.515355,651.275280,59.928904,0.011512,1,0
25.800000,-62.476462,206879.258561,177.603946,206118.548963,57.809690,207088.894570,95.648381,657.700836,-24.136543,654.484438,-143.967134,657.155298,59.938669,-0.004444,1,0
25.833000,-62.428680,206205.408027,177.620797,205709.971378,57.485860,207679.797584,95.643939,651.059622,-24.356460,658.257494,-144.485175,658.332572,59.941963,0.009018,1,0
25.867000,-62.326658,205610.270987,177.494263,207287.661746,57.552128,206656.392007,95.532450,664.377488,-24.467905,657.766088,-144.247278,650.422481,59.940416,0.003514,1,0
25.900000,-62.453772,206723.524240,177.588474,206628.352474,57.508557,205375.958732,95.633770,654.699411,-24.404900,661.495702,-144.338955,654.735529,59.940072,0.011151,1,0
25.933000,-62.326992,203875.708971,177.510684,204707.599429,57.550349,205582.041640,95.405079,653.687316,-24.620515,655.254962,-144.639521,653.907316,59.941113,0.007961,1,0
25.967000,-62.350810,206419.093605,177.414615,205682.503866,57.329936,205954.649347,95.445636,655.397726,-24.349161,659.807117,-144.707217,653.558708,59.942998,-0.013090,1,0
26.000000,-62.514464,206926.743588,177.545666,207088.059070,57.502238,207374.309886,95.360612,656.475705,-24.014602,651.187923,-144.236349,658.867520,59.944616,0.000974,1,0
26.033000,-62.449986,207451.457042,177.564849,206400.963757,57.578842,207832.476923,95.572435,648.350108,-24.396539,655.634276,-144.539212,653.529398,59.939962,-0.004626,1,0
26.067000,-62.557039,206248.395104,177.580272,206104.589767,57.584899,207431.047971,95.345561,657.476763,-24.280407,663.354210,-144.293033,659.658337,59.947533,-0.003081,1,0
26.100000,-62.401362,206272.480651,177.651842,205735.307421,57.475406,207101.382846,95.544965,652.275950,-24.718537,650.266917,-144.624828,652.641561,59.943093,0.003840,1,0
26.133000,-62.457755,206067.485828,177.695767,204684.888648,57.458833,206258.688936,95.638836,664.494000,-23.968497,665.121683,-144.808107,662.220711,59.951388,0.007456,1,0
26.167000,-62.229624,207402.817174,177.745606,207552.245872,57.714208,206508.116675,95.665731,659.287742,-24.598056,659.937719,-144.239829,668.624905,59.945064,-0.001689,1,0
26.200000,-62.408956,205374.470460,177.772154,207065.389791,57.696764,205744.766723,95.572046,666.785568,-24.385835,661.999005,-144.256099,654.497256,59.945932,0.000062,1,0
26.233000,-62.500012,205671.014540,177.606273,208007.102845,57.320050,207383.292161,95.359520,666.523708,-24.661464,669.111102,-144.831541,662.582894,59.947364,-0.005198,1,0
26.267000,-62.426906,207229.241147,177.973378,204823.066087,57.779969,207712.580732,95.601697,661.796862,-23.933203,663.241022,-144.129201,658.659025,59.948402,-0.006863,1,0
26.300000,-62.110202,205427.192380,177.745662,205607.170767,57.696528,207438.674266,95.969913,654.851531,-24.125237,665.696023,-144.370058,671.601107,59.941421,-0.009289,1,0
26.333000,-62.344553,206246.189259,177.714214,206831.515013,57.673946,204948.346672,95.785047,662.666356,-24.247256,658.078302,-144.507615,662.911484,59.946509,0.001172,1,0
26.367000,-62.286276,205971.712653,177.713184,206322.056402,57.655165,206241.003303,95.713443,659.878076,-24.327123,651.317881,-144.715089,654.050375,59.948274,0.001936,1,0
26.400000,-62.005982,206136.382123,177.894417,207292.225401,57.722431,207496.414890,96.284146,652.949832,-23.952774,653.050775,-144.100174,654.013279,59.945727,-0.000835,1,0
26.433000,-62.347367,206838.457015,177.872267,207128.927330,57.607943,207447.509018,95.526385,656.537180,-23.791052,657.455923,-144.190587,652.813886,59.955546,-0.011834,1,0
26.467000,-62.326601,207731.305531,177.762572,207025.813584,57.718969,206183.563116,95.624059,663.300568,-24.165326,653.842704,-144.129362,657.836797,59.951865,0.001400,1,0
26.500000,-62.290051,206205.109501,177.623594,206480.975242,57.757550,208094.874747,95.715068,653.038225,-24.571570,651.261487,-144.235330,650.773983,59.952659,0.006532,1,0
26.533000,-62.429464,206879.619969,177.675929,206844.579547,57.701979,209425.266816,95.549904,658.448501,-24.438680,652.972254,-144.042112,662.395386,59.945480,-0.000813,1,0
26.567000,-62.520747,206182.997104,177.598880,206315.139521,57.719227,206559.992352,95.593561,654.686883,-24.503078,656.048846,-144.097000,656.474501,59.951145,0.001921,1,0
26.600000,-62.334804,206818.860187,177.718461,207081.642639,57.590184,207342.630758,95.591235,660.754588,-24.263305,653.157722,-144.110605,649.571807,59.955590,-0.002939,1,0
26.633000,-62.225079,206010.907899,177.717478,206360.818197,57.736361,207098.077932,96.044562,654.107526,-24.000757,653.188477,-144.273439,653.437246,59.950465,0.008130,1,0
26.667000,-62.201156,205719.574990,177.565114,208227.216200,57.550228,205710.947633,96.013473,656.771361,-24.256689,649.634452,-144.373431,648.034657,59.953276,0.003137,1,0
26.700000,-62.280276,208674.914751,177.744055,206397.440843,57.429553,207191.567973,95.928827,657.193374,-24.130455,654.772011,-144.453188,655.857522,59.949553,0.007518,1,0
26.733000,-62.321731,204906.365524,177.721921,207265.912519,57.717147,207974.166260,95.718759,661.563680,-24.065671,648.761625,-144.485628,657.151875,59.947764,-0.005202,1,0
26.767000,-62.386499,206413.939153,177.538144,208487.551749,57.888595,209260.561802,95.673936,656.653112,-24.311686,653.857306,-144.347437,653.979706,59.951906,-0.005991,1,0
26.800000,-62.413606,207064.693826,177.768176,207998.092984,57.840635,208915.670087,95.834849,661.078955,-24.248612,657.730451,-144.139094,660.585663,59.945736,-0.004860,1,0
26.833000,-62.389197,208630.250944,177.477599,207397.952792,57.534902,207393.358544,95.862853,661.138120,-24.600436,658.117625,-144.453714,654.010846,59.946275,-0.003037,1,0
26.867000,-62.603790,207279.733144,177.643444,206880.203994,57.489453,207297.005493,95.346450,658.794537,-24.200567,647.545191,-144.576982,659.651745,59.947520,0.000100,1,0
26.900000,-62.477174,206334.854371,177.604981,208781.151854,57.537652,207205.606843,95.289715,652.324894,-24.125590,655.000292,-144.556774,655.636492,59.952644,0.000494,1,0
26.933000,-62.392265,208328.612997,177.552430,208142.795844,57.395186,207357.868935,95.680783,651.640294,-24.411428,658.109118,-144.579057,656.703560,59.949439,-0.004741,1,0
26.967000,-62.656418,207905.943061,177.432636,208718.958378,57.594276,208627.939859,95.443710,653.760280,-24.956533,651.154115,-144.343456,654.836735,59.960909,0.007443,1,0
27.000000,-62.571302,206953.786368,177.457478,207404.657614,57.675879,208314.871587,95.545191,649.722004,-24.758920,651.832672,-144.391895,650.000283,59.951009,-0.003390,1,0
27.033000,-62.444533,206502.441273,177.357980,207977.209429,57.706580,206080.645615,95.420272,652.740235,-24.275382,656.112766,-144.383815,648.265694,59.944484,0.003367,1,0
27.067000,-62.487148,208047.349287,177.571121,208713.892761,57.547662,209571.017210,95.535161,647.813144,-24.679929,646.192972,-144.419253,644.835688,59.947332,-0.017381,1,0
27.100000,-62.474401,208444.421391,177.421076,207036.240213,57.600511,208898.258525,95.329611,651.189704,-24.935820,649.595128,-144.431279,648.936453,59.952413,-0.013135,1,0
27.133000,-62.529334,207376.419139,177.398161,208227.570412,57.420510,208401.551881,95.818669,647.628983,-24.568705,645.337677,-144.408240,645.117244,59.954766,-0.024191,1,0
27.167000,-62.698789,208023.214137,177.460340,208776.977520,57.436859,209236.298131,95.320352,650.085186,-24.536665,651.014725,-144.861719,645.987830,59.954435,-0.016180,1,0
27.200000,-62.522392,208151.729348,177.470146,206841.618835,57.473105,208995.619877,95.379176,650.686597,-24.344568,649.842945,-144.361496,650.854163,59.950021,-0.007819,1,0
27.233000,-62.534134,206868.447609,177.484548,207550.314475,57.484446,208560.227301,95.678343,648.520512,-24.450028,644.842760,-144.464610,646.342054,59.954665,0.006148,1,0
27.267000,-62.635107,206975.411779,177.611553,208703.638491,57.586555,209195.632150,95.372189,648.471174,-24.499772,644.831717,-144.305367,641.482503,59.951968,-0.001179,1,0
27.300000,-62.466173,206143.768763,177.589907,208459.835259,57.304773,208280.201705,95.516941,646.216397,-24.625407,646.184230,-144.818267,651.597289,59.948733,-0.005108,1,0
27.333000,-62.454452,208539.410103,177.433390,208455.795455,57.579577,206777.782715,95.442650,649.675641,-24.609830,649.434599,-144.515693,648.927912,59.953056,-0.004840,1,0
27.367000,-62.676832,209774.661744,177.426943,208061.123484,57.515455,208825.918986,95.527952,647.942103,-24.533780,649.648101,-144.516311,649.213648,59.953728,0.005071,1,0
27.400000,-62.444715,209718.452555,177.541124,208287.962303,57.304555,209805.695954,95.520032,653.169910,-24.624748,645.120083,-145.030753,651.373205,59.955519,-0.006926,1,0
27.433000,-62.588443,208204.458539,177.237569,209469.156298,57.374820,208657.449576,95.367585,652.619750,-24.619186,654.961773,-144.642449,649.006346,59.961517,0.005148,1,0
27.467000,-62.613872,208562.933855,177.345544,206714.937661,57.276807,207293.780197,95.362188,649.651705,-24.756928,646.954636,-144.816012,649.395333,59.951959,0.002879,1,0
27.500000,-62.502373,208248.580894,177.375859,208938.684287,57.452608,209027.846426,94.839603,645.387228,-24.326465,651.510599,-144.682915,650.021723,59.944945,-0.002444,1,0
27.533000,-62.373132,207634.997236,177.468661,208368.580353,57.532739,208907.274759,95.889960,644.184837,-24.587885,650.444976,-144.572999,653.254074,59.948778,0.000795,1,0
27.567000,-62.621826,208886.818049,177.620171,209669.351067,57.552805,209423.355734,95.484052,645.274576,-24.429892,655.081908,-144.554849,644.839971,59.959049,0.000253,1,0
27.600000,-62.510975,206900.527765,177.479004,209642.664911,57.640105,208170.860039,95.718454,648.607684,-24.726722,643.249902,-144.600800,648.996014,59.948996,-0.006737,1,0
27.633000,-62.471373,209421.372792,177.523611,207705.241022,57.471538,208447.765171,95.291677,648.583366,-24.725895,646.153988,-144.354985,645.124293,59.952015,0.019703,1,0
27.667000,-62.367017,207006.665723,177.512655,207428.934920,57.566748,208849.617495,95.791183,648.620609,-24.185379,648.083268,-144.238768,649.302490,59.942079,0.003005,1,0
27.700000,-62.705427,207165.894382,177.323603,207157.123627,57.404348,207952.042898,95.345089,649.932162,-24.611628,653.920853,-144.717210,649.122494,59.947016,0.009860,1,0
27.733000,-62.658939,206969.016480,177.498399,207191.704985,57.414592,208063.255893,95.333557,645.975209,-24.416321,645.279177,-144.595201,655.014025,59.944141,-0.002294,1,0
27.767000,-62.733871,207800.193635,177.382912,206541.278334,57.408580,207793.652283,95.285000,646.247137,-24.657967,648.152322,-144.347604,652.559315,59.943407,0.008434,1,0
27.800000,-62.587317,208559.864479,177.256238,207207.828409,57.352643,207865.758590,95.421982,650.621958,-24.491517,644.234189,-145.037908,651.213568,59.939725,0.000052,1,0
27.833000,-62.667672,206642.332400,177.096559,208117.676224,57.385529,207975.844021,95.506972,643.698704,-24.588164,647.537440,-144.726730,644.195986,59.938996,0.005785,1,0
27.867000,-62.667862,207857.074828,177.440824,206839.837311,57.550406,209332.386338,95.349403,650.184502,-24.675784,645.865462,-144.454453,647.007240,59.938800,-0.011035,1,0
27.900000,-62.702587,207474.822903,177.455637,208333.930959,57.268001,208379.764269,95.373695,642.739009,-24.651347,648.429240,-144.479962,642.327160,59.935877,0.011124,1,0
27.933000,-62.657370,207463.254520,177.217669,208700.070733,57.289857,208451.309053,95.509570,651.002392,-24.568826,648.094207,-144.536132,642.903608,59.944417,0.001592,1,0
27.967000,-62.604221,206530.033961,177.497668,210293.883368,57.284773,207270.987949,95.142168,639.130704,-24.468933,651.354762,-145.048299,648.129920,59.934219,0.004739,1,0
28.000000,-62.483397,208500.442534,177.476933,208671.389150,57.412244,210067.934952,95.525669,644.491116,-24.654885,649.093310,-144.892107,649.120976,59.937521,-0.002100,1,0
28.033000,-62.501728,207528.550276,177.467339,207795.378785,57.487563,209240.092137,95.547406,645.667445,-24.798079,648.817686,-144.422910,644.124579,59.941191,0.005765,1,0
28.067000,-62.531049,209332.083667,177.446457,208154.965689,57.245310,208285.797479,95.808560,642.192960,-24.463355,645.825121,-144.868236,645.593264,59.937360,0.010212,1,0
28.100000,-62.767442,209279.325812,177.269335,209975.191150,57.424539,209643.617802,95.534510,646.476437,-24.967875,646.835050,-144.964909,642.488326,59.938831,0.001661,1,0
28.133000,-62.560658,209021.614132,177.348946,207888.419545,57.482602,207991.868448,95.250931,649.582343,-24.481533,644.499077,-144.229315,648.570948,59.939100,-0.008099,1,0
28.167000,-62.478462,207049.880424,177.380148,208822.710760,57.458357,206396.265898,95.631832,643.076283,-24.310176,647.633183,-144.204999,650.698780,59.935453,-0.006828,1,0
28.200000,-62.755474,209810.048032,177.408940,208011.084615,57.330154,209115.370434,95.267593,648.717016,-24.626149,639.767110,-144.691131,647.870314,59.938922,0.005918,1,0
28.233000,-62.645035,209434.876479,177.427971,208406.221036,57.430733,209105.809438,95.458514,650.163289,-24.523396,653.921527,-144.910871,651.941792,59.937759,0.007105,1,0
28.267000,-62.686451,208274.743267,177.387273,210746.649112,57.329365,210215.559783,95.330299,649.189175,-24.578842,646.117365,-144.942597,651.977335,59.936381,-0.005417,1,0
28.300000,-62.826447,209149.057319,177.341532,208588.395853,57.389944,208593.923270,95.357015,652.529125,-24.836411,647.391361,-144.635033,651.738249,59.935604,-0.001347,1,0
28.333000,-62.659600,207324.266688,177.358605,209411.324052,57.208311,208565.758551,95.188264,645.897684,-24.594179,645.992705,-144.599747,653.193605,59.946723,-0.007736,1,0
28.367000,-62.650315,209768.297931,177.262904,209123.702631,57.235628,209767.380781,94.912378,649.319942,-24.785378,652.785873,-144.585340,653.770912,59.949139,0.001727,1,0
28.400000,-62.670665,209364.646141,177.249218,208395.660376,57.227359,209709.664204,95.209436,643.690986,-24.543524,642.297089,-144.905260,645.161383,59.943097,-0.004245,1,0
28.433000,-62.785906,209639.314192,177.141037,207256.461778,57.209991,210324.532922,95.183033,641.009754,-24.769522,651.186152,-144.874398,646.507889,59.941805,-0.008350,1,0
28.467000,-62.774964,207658.540192,177.283786,208534.894420,57.563735,207920.574758,95.192763,650.490204,-24.602275,648.735762,-144.313432,641.349771,59.940890,0.001957,1,0
28.500000,-62.824352,209879.111409,177.168167,206930.964998,57.307760,207861.657358,95.457127,643.570957,-24.320161,641.259758,-144.824851,646.862083,59.943338,-0.016532,1,0
28.533000,-62.777903,207292.495217,177.237610,207806.800983,57.231420,208081.969302,94.906247,646.534241,-24.794836,641.760044,-145.004970,636.749212,59.948749,0.002386,1,0
28.567000,-62.756951,207150.915671,177.476520,208402.461896,57.227807,208999.518001,95.353989,642.587571,-24.300704,636.321794,-144.622681,634.930713,59.938611,-0.005043,1,0
28.600000,-62.699562,209566.515023,177.260835,209367.270021,57.101511,207520.016749,95.210162,647.933276,-24.791366,645.361066,-145.308652,647.958951,59.925529,0.002484,1,0
28.633000,-62.836932,210817.976626,177.108854,206302.711419,57.322081,209154.153934,95.321195,650.206073,-25.019984,640.086338,-144.497855,643.509526,59.937760,0.010112,1,0
28.667000,-62.708238,207431.190804,177.278886,209661.919549,57.231988,208762.317078,94.935306,645.896786,-24.634640,645.413038,-144.795028,640.594480,59.942602,0.004316,1,0
28.700000,-62.691192,206944.228403,177.250210,210321.665867,57.326946,209001.053744,95.269331,645.510478,-24.666868,644.567692,-144.748795,648.797642,59.936151,-0.007001,1,0
28.733000,-62.703015,209083.660106,177.241636,208127.208795,57.112912,211164.225595,95.204409,651.410972,-25.002220,645.149266,-144.886369,650.142970,59.936716,-0.003595,1,0
28.767000,-62.828521,210202.693849,177.126642,206454.426069,57.233851,210771.416668,94.984008,644.599515,-24.868687,637.507181,-144.785351,645.926567,59.937164,0.000014,1,0
28.800000,-62.906293,208781.514587,177.361398,207237.056254,57.271983,209075.963597,94.939223,648.919458,-24.782201,639.515963,-144.692289,645.281229,59.938643,-0.007751,1,0
28.833000,-62.605714,210938.824797,177.143151,209598.821206,57.310512,208018.632006,95.413037,637.524470,-24.953733,638.849855,-144.520658,645.674153,59.940124,0.008065,1,0
28.867000,-62.651476,209448.156777,177.074866,208489.833750,57.139502,210128.699427,95.327979,651.644507,-24.952802,641.830313,-144.679523,646.337643,59.938415,-0.002652,1,0
28.900000,-62.795555,209756.364818,177.354267,208697.781961,57.148956,207856.315176,95.250978,640.681816,-24.448269,642.222092,-144.730068,638.897294,59.936597,-0.009598,1,0
28.933000,-62.585238,207926.737202,177.267827,207690.962415,57.372122,210509.439730,95.461210,643.866657,-24.772435,638.338283,-144.611396,642.143161,59.931331,0.012802,1,0
28.967000,-62.529462,208897.487036,177.321916,208769.278797,57.366930,207461.112611,95.302223,641.334628,-24.694256,642.435659,-144.990956,644.778166,59.932952,0.007336,1,0
29.000000,-62.717014,209681.919576,177.293244,209078.839979,57.276971,207673.159110,95.594745,640.842975,-24.624972,640.760041,-144.726058,649.557172,59.932963,0.003126,1,0
29.033000,-62.812572,209324.715129,177.352380,208700.156678,57.394308,211071.201694,95.386554,644.783754,-24.553308,645.061168,-144.331833,651.395174,59.933889,-0.006866,1,0
29.067000,-62.667347,209135.984334,177.322600,209103.433564,57.485261,211721.674101,95.564794,645.294081,-24.786833,644.776714,-144.168750,645.904797,59.936650,0.005176,1,0
29.100000,-62.560964,207691.105577,177.607691,209600.611102,57.202308,208139.026328,95.407919,646.190719,-23.853927,647.699373,-144.762328,642.261771,59.932653,0.007330,1,0
29.133000,-62.575294,210165.889579,177.469130,208712.935311,57.412660,208220.308138,95.367650,642.419862,-24.549853,641.360920,-144.574792,642.370137,59.935642,0.013235,1,0
29.167000,-62.696526,208771.055214,177.113050,209211.282710,57.250824,209228.636390,95.184214,645.719401,-24.902894,644.329368,-144.787349,641.254391,59.934854,-0.002561,1,0
29.200000,-62.590043,209733.542557,177.204644,208865.021948,57.382122,209679.658811,95.745008,645.348786,-24.973001,645.132439,-144.424238,646.851907,59.942983,-0.007659,1,0
29.233000,-62.707652,208276.881860,177.327785,208506.194485,57.318932,208100.990501,95.486483,644.716425,-24.664586,649.160205,-144.646643,643.696970,59.938477,-0.000979,1,0
29.267000,-62.517001,209040.338624,177.492404,208279.859620,57.468761,207039.895179,95.598302,645.645437,-24.537585,643.058850,-144.375502,643.462819,59.944670,-0.003239,1,0
29.300000,-62.656920,208858.003332,177.386118,208346.878709,57.532799,209351.134353,95.493774,642.884287,-24.349045,641.961931,-144.374642,638.837295,59.943037,0.001596,1,0
29.333000,-62.545109,208956.336909,177.231130,209116.381753,57.348823,208920.123571,95.378733,645.013018,-24.959063,641.588676,-144.374663,643.344972,59.947857,-0.002775,1,0
29.367000,-62.545715,209038.135212,177.320805,207199.322846,57.214891,209754.914203,95.385471,645.246936,-24.633215,648.336951,-144.451599,643.222355,59.945205,0.000678,1,0
29.400000,-62.460139,207530.234831,177.350903,209136.253689,57.446571,208112.000118,95.440505,646.671994,-25.064225,636.596663,-144.478906,638.952841,59.942921,0.002332,1,0
29.433000,-62.545824,208559.010321,177.441942,210228.425432,57.215706,209464.105400,95.336427,643.324993,-24.672586,639.537301,-144.299512,639.860234,59.942335,-0.004922,1,0
29.467000,-62.468324,210988.294940,177.509784,208429.436195,57.341705,209371.602623,95.740325,638.919061,-24.406794,637.527958,-144.712281,640.109483,59.940087,-0.009245,1,0
29.500000,-62.430883,208773.795446,177.442229,208027.393171,57.380916,207709.775546,95.568650,635.685629,-24.546617,642.066904,-144.869928,643.512892,59.946026,0.006683,1,0
29.533000,-62.625685,207018.609817,177.435788,208446.328959,57.481522,209728.250507,95.530653,648.405195,-24.582502,641.107979,-144.536223,646.937135,59.944449,0.004068,1,0
29.567000,-62.638068,207856.895376,177.338638,208673.267250,57.601042,208740.315196,95.545838,637.710600,-24.529634,639.684404,-144.522774,638.405003,59.925429,-0.002597,1,0
29.600000,-62.587780,209269.826844,177.414732,208879.380502,57.200259,210354.805346,95.536323,635.615318,-24.492358,638.145771,-144.948224,642.804482,59.941403,0.010221,1,0
29.633000,-62.674133,207339.866952,177.351681,209083.627443,57.356931,208235.850611,95.204752,633.481095,-24.867944,631.628032,-144.573723,639.898351,59.934986,-0.004782,1,0
29.667000,-62.458399,209603.618919,177.371074,208905.281278,57.229433,211069.305815,95.590255,637.721377,-24.661368,633.805335,-144.856359,634.795977,59.940252,0.003942,1,0
29.700000,-62.605222,209860.744176,177.499750,209735.883910,57.457702,210180.528185,95.593992,642.108126,-24.432476,628.647420,-144.442695,637.225693,59.935113,0.001658,1,0
29.733000,-62.536591,206520.747231,177.309531,209001.859611,57.538262,208957.978567,95.451560,637.620297,-24.655749,639.385729,-144.625495,631.273051,59.935806,0.002433,1,0
29.767000,-62.488130,209877.249829,177.374388,210321.731249,57.401501,209240.087131,95.615199,631.085850,-24.478142,632.604123,-144.479131,628.001203,59.934916,-0.003801,1,0
29.800000,-62.411415,210324.286998,177.573318,207312.162306,57.349867,209318.359854,95.959373,635.463798,-24.245139,626.875194,-145.062962,627.700915,59.933113,0.012310,1,0
29.833000,-62.427015,207877.781506,177.483503,207630.980339,57.594111,209089.642778,95.498410,636.310242,-24.208770,628.360459,-144.512543,623.664443,59.936332,-0.000341,1,0
29.867000,-62.487290,210480.564537,177.451892,208455.324670,57.596939,210074.558323,95.295809,632.143540,-24.633187,627.968711,-144.677115,630.711105,59.929672,0.005224,1,0
29.900000,-62.554716,210813.365883,177.566747,209750.909547,57.494294,208611.410154,95.783600,623.770254,-24.763962,625.608232,-144.575512,627.518010,59.935004,0.020938,1,0
29.933000,-62.498191,207988.106657,177.346399,208354.696760,57.526431,207626.785687,95.319482,629.398358,-24.562479,627.350724,-144.655023,629.121125,59.931556,-0.005520,1,0
29.967000,-62.424707,208653.683436,177.518652,208659.427989,57.518738,208196.683549,95.598583,625.825497,-24.582160,629.776448,-144.295230,628.913595,59.931749,-0.003819,1,0
30.000000,-62.376768,209094.367733,177.310645,207926.670425,57.537031,208344.970531,95.524709,632.668980,-24.552898,631.492896,-144.151101,624.859949,59.931201,0.001486,1,0
