TIMESTAMP,BUS7_VA_ANG,BUS7_VA_MAG,BUS7_VB_ANG,BUS7_VB_MAG,BUS7_VC_ANG,BUS7_VC_MAG,BUS7_IA_ANG,BUS7_IA_MAG,BUS7_IB_ANG,BUS7_IB_MAG,BUS7_IC_ANG,BUS7_IC_MAG,BUS7_Freq,BUS7_ROCOF,DATA_PRESENT,Event
0.000000,-62.639496,207149.247722,177.428882,211138.455194,57.226116,208662.509658,95.660402,646.809944,-24.644106,648.032693,-144.672547,650.129362,59.956540,0.002340,1,0
0.033000,-62.629556,208043.861703,177.551137,207556.418921,57.304939,206535.785574,95.583204,652.212894,-24.714838,651.770041,-144.641409,651.079316,59.953141,-0.002135,1,0
0.067000,-62.571272,209894.204509,177.349170,210248.706438,57.439272,208258.429238,95.525124,647.993949,-24.799989,648.827517,-144.518762,649.635980,59.951600,0.010113,1,0
0.100000,-62.546130,207907.938437,177.344869,208737.381230,57.311162,209270.923851,95.621225,652.234256,-24.596178,665.674958,-144.867243,649.726042,59.959681,0.007126,1,0
0.133000,-62.555732,208815.113492,177.381392,206759.355646,57.477871,208652.254606,95.624856,653.854870,-24.904049,656.209487,-144.301856,651.092906,59.963524,-0.007026,1,0
0.167000,-62.650349,209408.042498,177.481959,208308.001216,57.427778,206713.128292,95.090438,660.892979,-24.322067,653.487707,-144.419479,658.612387,59.954754,0.005596,1,0
0.200000,-62.744866,206538.734719,177.242933,207154.580209,57.328342,206919.476923,94.916156,646.982582,-24.727215,654.709376,-144.791613,654.819946,59.954021,0.019165,1,0
0.233000,-62.479540,206434.125900,177.599208,208481.431847,57.446617,208708.346314,95.646777,644.530884,-24.346760,647.699543,-144.456567,649.258082,59.956450,0.010933,1,0
0.267000,-62.314701,208561.888489,177.595082,208151.699095,57.601986,207981.621462,95.927387,655.535148,-24.413986,657.231214,-144.445877,653.827206,59.951669,0.002068,1,0
0.300000,-62.445315,207745.221472,177.623944,207865.200494,57.509198,209640.248718,95.741448,664.349368,-24.753626,656.476549,-144.418296,655.196335,59.962202,-0.003974,1,0
0.333000,-62.610985,208011.540360,177.554988,209232.297012,57.515073,209204.045332,95.249230,651.169514,-24.518629,652.671500,-144.347230,655.968742,59.949230,0.005364,1,0
0.367000,-62.435008,208482.714798,177.702236,209013.059763,57.629593,208386.589945,95.621376,655.842946,-24.174550,659.884029,-144.490327,662.213279,59.953737,-0.008269,1,0
0.400000,-62.661847,208654.623495,177.508702,208987.479788,57.767716,210752.067327,95.158321,665.133886,-24.579372,657.644116,-144.001197,659.134383,59.955108,-0.000767,1,0
0.433000,-62.468190,207907.317806,177.565117,209367.597204,57.452421,208389.338109,95.402425,664.177712,-24.222739,658.379798,-144.922310,657.331604,59.959432,-0.003985,1,0
0.467000,-62.527553,209372.027930,177.446514,210222.177414,57.527436,209333.374346,95.475183,661.870570,-24.613769,668.354432,-144.444765,661.649526,59.961031,0.003110,1,0
0.500000,-62.379285,208658.875288,177.627060,209589.484527,57.703522,208355.548026,95.698751,656.886623,-24.451663,659.829198,-144.243293,665.244253,59.959178,-0.002186,1,0
0.533000,-62.612498,207493.497031,177.553302,210417.987309,57.453810,209346.990193,95.578655,659.434540,-24.820377,651.679221,-144.572881,654.803859,59.956384,-0.008288,1,0
0.567000,-62.478653,208249.147808,177.478965,209025.855924,57.469369,209964.983763,95.579281,661.078495,-24.589330,659.978574,-144.576109,660.924090,59.953488,0.014084,1,0
0.600000,-62.465426,209020.367721,177.487818,210116.895556,57.476145,209377.876534,95.214488,658.332774,-24.502019,658.278355,-144.457950,654.368515,59.944242,-0.004545,1,0
0.633000,-62.645216,208957.919348,177.549562,209719.510970,57.281607,208739.419988,95.502094,656.219352,-24.183000,659.699640,-144.506144,652.267786,59.949234,0.005012,1,0
0.667000,-62.679263,208447.656615,177.311942,209242.218438,57.405944,209703.092189,95.452921,659.320733,-24.583310,657.334173,-144.639968,658.610714,59.950920,0.006035,1,0
0.700000,-62.674405,210799.158047,177.576900,207821.817939,57.444629,209208.131904,95.479669,659.793767,-24.680320,666.283060,-144.263396,659.613214,59.943761,0.001948,1,0
0.733000,-62.550649,210188.310050,177.593312,210203.228927,57.384717,208696.240428,95.370496,658.178063,-24.787952,656.868498,-144.746597,657.530623,59.942735,0.000192,1,0
0.767000,-62.569382,207989.223635,177.556568,208988.984627,57.387124,209355.793897,95.658629,655.264324,-24.405722,661.264135,-144.552754,659.074786,59.946027,-0.004396,1,0
0.800000,-62.688406,208425.872174,177.322685,209619.759505,57.231002,209176.467601,95.555111,657.340195,-24.684406,659.709444,-144.421509,662.643050,59.950336,0.003358,1,0
0.833000,-62.657434,209997.079480,177.200455,209223.360474,57.283960,208627.782288,95.331635,667.651042,-24.864929,660.355887,-144.584653,662.551968,59.948271,0.001689,1,0
0.867000,-62.480502,209105.123216,177.416042,208912.113648,57.466141,209440.140259,95.785701,655.611747,-24.675519,660.307393,-144.409706,658.377734,59.943856,0.008022,1,0
0.900000,-62.631286,208447.445465,177.384386,210068.010736,57.537149,211150.418420,95.513948,658.728291,-24.729149,657.390670,-144.616997,667.447040,59.955419,-0.001162,1,0
0.933000,-62.494329,211573.836461,177.336917,211892.264452,57.306718,209269.770351,95.642626,657.836907,-24.784428,660.496060,-144.589873,653.818561,59.952548,0.008201,1,0
0.967000,-62.698219,210289.170263,177.292690,210083.747848,57.222069,210749.282477,95.118439,659.117329,-24.784034,664.510033,-144.908919,657.225852,59.952728,-0.006711,1,0
1.000000,-62.715364,209546.919556,177.413811,209287.811096,57.257340,209843.614883,95.383275,661.139532,-24.186078,667.228938,-144.894456,656.998311,59.953973,-0.001353,1,0
1.033000,-62.655767,208081.751269,177.497813,209691.121329,57.335732,209439.584337,95.486564,657.898421,-24.556368,657.010430,-144.330825,660.766205,59.954726,0.001507,1,0
1.067000,-62.314869,209808.768694,177.260707,209515.595470,57.473118,211202.685602,95.837099,659.912482,-24.647654,652.899127,-144.459417,654.373417,59.949523,0.003171,1,0
1.100000,-62.662767,207804.142146,177.610976,209287.471089,57.353378,210551.597645,95.360697,657.411873,-24.548835,657.118957,-145.003668,659.228487,59.941406,-0.007556,1,0
1.133000,-62.329581,209412.306236,177.505822,210442.172547,57.396298,211583.243722,95.760807,656.220152,-24.451479,658.459277,-144.501685,657.671611,59.955525,0.002694,1,0
1.167000,-62.639292,210308.476664,177.483544,208602.832443,57.245048,210127.079490,94.930713,658.229389,-24.924898,659.922457,-144.689686,654.503748,59.950512,-0.007315,1,0
1.200000,-62.474492,209394.070281,177.539375,210408.993101,57.452433,208853.117175,95.364010,658.368016,-24.461178,656.207209,-144.548339,655.880736,59.951792,0.009059,1,0
1.233000,-62.534532,209059.892358,177.380921,211043.330542,57.535137,208919.553931,95.495630,652.921370,-24.802949,652.647646,-144.681254,658.907284,59.959019,-0.000240,1,0
1.267000,-62.396973,209110.664762,177.458044,209295.525438,57.477752,208529.927598,95.597512,657.535733,-24.571834,657.119720,-144.756645,658.899616,59.958151,0.006092,1,0
1.300000,-62.501698,208399.645713,177.565212,211006.565220,57.505769,209198.490183,95.707133,655.832727,-24.273372,662.292677,-144.427879,655.770347,59.959628,-0.004095,1,0
1.333000,-62.641629,209178.933375,177.398089,210102.992331,57.423230,210663.563979,95.375905,654.699538,-24.471553,655.694728,-144.493301,659.251615,59.966105,-0.014331,1,0
1.367000,-62.521702,208163.169035,177.222346,210196.160454,57.503696,209574.442764,95.623514,652.150046,-24.585221,651.206611,-144.430245,648.785107,59.950532,-0.004745,1,0
1.400000,-62.564336,208933.963902,177.342511,211180.158966,57.366730,210814.341820,95.296572,657.805776,-24.458177,649.454978,-144.511394,654.958677,59.965095,-0.009175,1,0
1.433000,-62.695649,209244.826108,177.585249,210427.187578,57.273771,209935.567131,95.246061,651.408067,-24.608913,656.901161,-144.672980,657.951222,59.961714,-0.012693,1,0
1.467000,-62.514662,209662.448658,177.461258,208651.146701,57.363443,211251.861474,95.418097,655.269225,-24.446588,659.131520,-144.621247,657.524849,59.950405,-0.014340,1,0
1.500000,-62.582628,210610.773873,177.303999,209327.346124,57.592681,210368.175158,95.237510,653.392760,-24.884145,654.724690,-144.386201,660.438726,59.953933,0.000093,1,0
1.533000,-62.602858,209839.425839,177.337996,208965.465988,57.415566,210546.300275,95.189929,657.984392,-24.509777,659.939174,-144.724136,660.531123,59.947304,0.001453,1,0
1.567000,-62.667075,209209.620234,177.491841,210700.240817,57.246911,210261.898999,95.212452,663.139472,-24.795647,659.231042,-144.804453,657.735009,59.954246,-0.005455,1,0
1.600000,-62.496253,208748.878733,177.397897,209225.994443,57.383992,209983.350082,95.564583,665.306639,-24.876070,661.311751,-144.777715,655.908079,59.942156,0.005933,1,0
1.633000,-62.531461,211069.173768,177.473337,209909.159981,57.479552,208988.797071,95.345986,663.297837,-24.575379,656.618858,-144.309219,660.242907,59.944827,0.002710,1,0
1.667000,-62.474996,207786.532393,177.548219,210379.776748,57.157718,211190.598746,95.750989,663.136760,-24.471546,653.932483,-144.856048,662.916489,59.952735,-0.007064,1,0
1.700000,-62.609370,210091.027626,177.190318,208188.085172,57.279524,208535.811201,95.254162,657.107716,-24.775761,659.079442,-144.519280,659.658782,59.952721,-0.005223,1,0
1.733000,-62.529513,211095.473065,177.381535,210522.788357,57.278204,210272.921025,95.665688,659.571304,-24.752952,655.198293,-144.456756,657.705797,59.955627,0.002009,1,0
1.767000,-62.560527,209759.526260,177.419459,210718.839350,57.402233,208487.445451,95.552920,661.077869,-24.868081,660.994459,-144.688979,660.226057,59.951085,-0.005087,1,0
1.800000,-62.731621,207989.143160,177.416650,209668.001884,57.409047,209621.239781,95.528945,647.391862,-24.600729,656.534654,-144.884291,660.083872,59.961103,-0.010880,1,0
1.833000,-62.888385,208977.583803,177.131594,209355.302625,57.278356,209599.140344,94.937967,658.421118,-24.717650,651.601637,-144.977346,650.655200,59.950210,0.001593,1,0
1.867000,-62.761913,208309.892305,177.415540,209848.260583,57.450849,209363.213570,95.329329,656.677693,-24.632240,653.794372,-144.782982,656.417344,59.961019,0.005255,1,0
1.900000,-62.700690,211344.660742,177.472714,211730.258713,57.465779,209223.528327,94.929831,649.659370,-24.428388,650.480211,-144.278552,650.286721,59.950860,0.014994,1,0
1.933000,-62.621187,208522.777395,177.475162,210165.318198,57.594110,209266.091180,95.422135,651.377647,-24.295120,646.300715,-144.535022,656.175321,59.960371,0.003448,1,0
1.967000,-62.586925,208772.322322,177.396789,210935.735534,57.328048,207050.323830,95.364308,653.214860,-24.503144,653.486103,-144.860339,644.187971,59.960551,0.001980,1,0
2.000000,-62.735540,209304.379492,177.426754,209033.495495,57.368837,210585.871065,95.297039,643.566803,-24.954049,647.931829,-144.638871,647.730000,59.957285,-0.002389,1,0
2.033000,-62.749975,207586.599471,177.456382,210488.858672,57.493919,209504.239205,95.342301,646.226419,-24.967518,649.437700,-144.747479,653.251545,59.951065,0.006691,1,0
2.067000,-62.449433,209456.297467,177.477156,208319.494542,57.289864,209925.763054,95.720585,653.915002,-24.471358,648.276593,-144.723857,643.687886,59.962143,-0.012509,1,0
2.100000,-62.518298,209122.230884,177.400784,210580.040151,57.350335,207855.840571,95.730135,647.678703,-24.815701,654.251096,-144.741119,653.830665,59.962199,-0.005397,1,0
2.133000,-62.376299,209823.886874,177.298023,210744.104961,57.361177,210468.250555,95.503342,643.330725,-24.819496,643.100534,-144.577855,649.055408,59.960363,-0.008504,1,0
2.167000,-62.585665,208247.009684,177.415085,208917.771080,57.364192,209304.270077,95.207020,650.298340,-24.322412,648.976575,-144.719917,653.055724,59.943544,-0.003573,1,0
2.200000,-62.575056,210226.064201,177.300016,210371.630309,57.389496,209618.454255,95.254191,646.029903,-24.774485,648.425373,-144.530254,644.602928,59.947501,0.021124,1,0
2.233000,-62.573810,208843.435392,177.442484,208064.993286,57.217950,209487.650538,95.256938,646.255577,-24.668399,641.827378,-144.626410,641.765426,59.952868,-0.002202,1,0
2.267000,-62.539482,209983.252733,177.266886,209516.922700,57.436969,209719.455690,95.606745,634.075231,-24.591976,640.409400,-144.374456,650.769638,59.944478,-0.002509,1,0
2.300000,-62.643467,210082.260855,177.407485,210566.540737,57.456463,208948.413731,95.229908,641.422392,-24.529871,643.686316,-144.295804,646.382525,59.947428,-0.001193,1,0
2.333000,-62.884320,208614.269644,177.220558,210171.286904,57.396015,209479.572737,95.084577,644.620382,-24.728375,643.999645,-144.692383,648.402881,59.953407,-0.001899,1,0
2.367000,-62.549832,211714.266918,177.244242,210276.512747,57.433879,209798.496405,95.386978,648.518811,-24.819757,646.206333,-144.805775,639.742013,59.955177,0.000300,1,0
2.400000,-62.548561,209869.385870,177.343648,208462.202687,57.310830,210236.145634,95.177383,645.553938,-24.645006,645.092990,-144.900718,638.962856,59.944151,0.017199,1,0
2.433000,-62.389664,211355.270264,177.464872,209837.125107,57.262034,211048.134418,95.723195,640.638771,-24.494891,650.745729,-144.706313,640.260957,59.942558,0.005275,1,0
2.467000,-62.543527,209561.759676,177.497293,210092.830360,57.502942,210740.696591,95.400593,640.157170,-24.560611,641.256889,-144.602642,650.571871,59.949808,0.000122,1,0
2.500000,-62.528186,210174.691353,177.430882,211688.407311,57.478016,209767.330567,95.638624,638.271272,-24.487161,644.738473,-144.516379,642.175857,59.961366,-0.008203,1,0
2.533000,-62.466699,208391.961549,177.409408,209793.309840,57.486494,209744.361951,95.763724,643.663687,-24.472470,644.877624,-144.284334,645.233734,59.941517,0.011015,1,0
2.567000,-62.562743,209003.625029,177.633865,211352.470280,57.568785,210784.019156,95.720979,648.974654,-24.465222,640.586065,-144.419407,643.094913,59.938717,0.009157,1,0
2.600000,-62.489485,210678.909857,177.628370,209115.357065,57.500541,211217.287570,95.331250,647.906954,-24.595629,649.842026,-144.271743,645.135586,59.942903,-0.017162,1,0
2.633000,-62.299634,209798.843857,177.385015,209135.657996,57.316803,208868.929741,95.950803,644.353926,-24.359929,646.483222,-144.828536,641.538158,59.952946,0.009665,1,0
2.667000,-62.228853,208940.420754,177.445066,210085.797977,57.625098,210005.504017,95.864223,648.857607,-24.632452,643.472407,-144.270871,646.682292,59.944395,0.000748,1,0
2.700000,-62.547057,209227.029595,177.467879,210181.142401,57.333690,209479.476447,95.625393,645.155540,-24.236977,654.952406,-144.632720,647.552415,59.942321,-0.002306,1,0
2.733000,-62.529495,207900.459813,177.522323,210519.196839,57.370004,210719.880487,95.487164,654.159986,-24.489334,653.589010,-144.238451,644.999553,59.938793,-0.010257,1,0
2.767000,-62.475184,210821.111479,177.482593,208705.504271,57.494041,211667.987216,95.705729,655.456150,-24.255651,648.240852,-144.543089,647.323797,59.944436,-0.001450,1,0
2.800000,-62.587836,209779.716921,177.638385,208324.118436,57.431499,209717.796573,95.308538,651.827707,-24.231861,650.565176,-144.526687,648.565166,59.946389,-0.007520,1,0
2.833000,-62.495360,209499.662348,177.413980,210511.648076,57.366308,211270.403295,95.135722,649.342455,-24.756608,649.645746,-144.613026,650.781115,59.947260,0.000161,1,0
2.867000,-62.543271,209492.433564,177.483511,210266.779505,57.427612,209530.665881,95.268970,647.675613,-24.594713,643.430059,-144.487538,643.951896,59.945838,-0.000351,1,0
2.900000,-62.623055,210673.895061,177.487536,211922.769842,57.420731,211633.195457,95.254427,652.678499,-24.528749,648.762803,-144.409961,650.537566,59.946971,0.003309,1,0
2.933000,-62.587166,209546.864137,177.545390,210093.204950,57.587301,209367.172764,95.522700,649.071178,-24.442966,650.991077,-144.117849,646.612877,59.951283,-0.009214,1,0
2.967000,-62.499167,210348.302827,177.617291,210861.620153,57.626912,209684.607513,95.359793,647.534152,-24.603193,649.241318,-144.446025,644.143788,59.950508,-0.000800,1,0
3.000000,-62.464011,208466.867479,177.544467,211621.907280,57.461852,212416.391576,95.550892,649.871626,-24.746097,655.099418,-144.872086,654.044033,59.953550,-0.002841,1,0
3.033000,-62.406664,209025.670925,177.473874,210021.759216,57.377695,210834.187176,95.587498,650.409434,-24.257067,645.091795,-144.847914,654.061674,59.945640,0.006883,1,0
3.067000,-62.498107,209933.588397,177.407917,210940.061250,57.411298,210605.152980,95.165497,652.307031,-24.488358,650.364326,-144.708026,654.498253,59.948410,0.004310,1,0
3.100000,-62.676408,207834.944241,177.604914,210740.453401,57.495683,209852.992649,95.234980,659.076483,-24.376842,656.248748,-144.364246,650.644732,59.940748,-0.006783,1,0
3.133000,-62.523242,209515.613014,177.478356,209976.494010,57.463267,211324.302638,95.563689,653.001949,-24.519732,652.447793,-144.376037,652.093868,59.938585,-0.007104,1,0
3.167000,-62.524690,209027.104250,177.253865,210693.803458,57.537177,210892.131980,95.508286,650.225937,-24.398559,656.400092,-144.362768,652.602696,59.943434,0.002205,1,0
3.200000,-62.416391,209202.461178,177.446072,209024.435965,57.541364,211748.497588,95.583003,656.319741,-24.588878,654.681942,-144.489631,654.019088,59.951480,0.000356,1,0
3.233000,-62.479615,210655.322651,177.555059,212437.320675,57.368678,209750.627711,95.440635,652.702510,-24.073262,644.818038,-144.897748,655.066244,59.941700,0.005433,1,0
3.267000,-62.533274,210505.335210,177.474864,211928.015172,57.274596,209669.240411,95.490768,645.734828,-24.673898,652.760519,-144.624462,650.449159,59.944751,0.005078,1,0
3.300000,-62.530122,209528.967002,177.407716,210856.930770,57.530999,211081.712256,95.672283,653.837061,-24.337623,645.930529,-144.678553,651.933625,59.942380,-0.005079,1,0
3.333000,-62.596216,211211.862001,177.343666,209121.161912,57.320943,210198.398626,95.793160,648.520220,-24.970186,646.889819,-144.681516,646.559511,59.946787,-0.011680,1,0
3.367000,-62.586087,208837.854820,177.370644,209708.491196,57.262447,209908.120116,95.383084,644.820588,-24.267725,647.627016,-145.011083,651.017745,59.943907,0.000425,1,0
3.400000,-62.551298,209124.519140,177.383345,209988.272762,57.589850,211862.260881,95.444512,647.066627,-24.754253,641.866265,-144.343843,652.292370,59.948867,0.001463,1,0
3.433000,-62.596530,210259.505154,177.410253,211852.974011,57.424310,212063.170616,95.323674,643.573873,-24.647786,642.868359,-144.723716,642.493587,59.946305,-0.009387,1,0
3.467000,-62.627032,210141.743950,177.294420,209230.653837,57.263432,210381.443276,95.433002,646.248016,-24.506226,644.780074,-144.565420,646.920743,59.949193,0.006913,1,0
3.500000,-62.668254,208402.461739,177.295312,209976.164946,57.438359,213862.462737,95.169005,647.405610,-24.710884,650.842977,-144.681432,647.811936,59.950733,0.004088,1,0
3.533000,-62.629907,211480.115868,177.250193,211655.338354,57.356076,211650.289299,95.394055,651.420514,-24.644817,639.327692,-144.602830,645.523516,59.942449,-0.006860,1,0
3.567000,-62.626918,210586.914661,177.310360,211181.742335,57.363163,210927.109047,95.422547,649.506185,-24.628925,644.155255,-144.493550,644.064691,59.937898,-0.008593,1,0
3.600000,-62.568247,212177.540932,177.125015,211806.441096,57.430234,210003.430110,95.182271,648.148988,-24.862710,645.324994,-144.710786,644.473813,59.944115,-0.003204,1,0
3.633000,-62.750835,212529.395910,177.199203,210128.912189,57.375734,211690.357518,95.156586,653.066439,-24.670425,649.673635,-144.648125,647.929736,59.943128,-0.002659,1,0
3.667000,-62.788152,207980.543298,177.431346,210964.461502,57.213502,210074.939294,95.314616,643.656585,-24.409084,644.518791,-145.037429,647.680907,59.949304,-0.001594,1,0
3.700000,-62.737135,210817.169625,177.112550,211101.782954,57.125922,212095.289680,95.280032,642.819892,-24.862869,648.475932,-144.594013,646.145879,59.946670,0.002119,1,0
3.733000,-62.665720,210546.244317,177.313173,211106.200470,57.245424,211877.455401,95.506796,651.638231,-24.382744,644.683228,-144.788415,639.695465,59.945216,0.002660,1,0
3.767000,-62.744505,210562.339761,177.359131,210859.597373,57.400299,211831.479685,94.850100,646.923034,-24.670094,647.394422,-144.661535,643.256765,59.940027,-0.002311,1,0
3.800000,-62.755517,210179.718055,177.461519,211463.917190,57.002910,211392.112781,95.079396,644.424687,-24.628537,642.600651,-144.701153,650.371734,59.948464,0.010786,1,0
3.833000,-62.711592,210670.052679,177.440900,211225.254230,57.056396,210743.264771,95.285675,651.146812,-24.947881,642.906789,-145.107164,648.797950,59.945670,0.002346,1,0
3.867000,-62.721139,211387.387137,177.357599,211546.642088,57.043167,211181.660140,95.116696,647.527423,-24.697763,651.983540,-144.992823,651.917810,59.943626,0.009619,1,0
3.900000,-62.869575,212133.121400,177.203108,211411.215093,57.135946,212398.777781,95.046470,648.347859,-24.909067,652.564109,-145.383043,648.085157,59.934837,-0.003704,1,0
3.933000,-62.868881,210117.192787,177.008663,210531.215989,57.265934,210427.714485,95.129123,649.700052,-24.853164,650.885000,-144.865670,651.014541,59.940187,-0.003860,1,0
3.967000,-63.030864,211804.123214,177.122266,208983.222561,57.051434,210804.774140,95.416248,649.396566,-25.072579,651.548251,-144.829848,651.380387,59.937657,0.005248,1,0
4.000000,-62.885291,210197.755822,177.049645,211005.798556,57.002698,210892.396261,95.126625,649.560257,-25.024931,649.431126,-144.763832,653.707092,59.942651,0.001988,1,0
4.033000,-63.011526,210536.310795,177.212395,210530.231485,57.174884,211210.873849,95.248684,643.662177,-24.491266,642.660753,-145.039916,653.513316,59.942616,0.001453,1,0
4.067000,-62.982495,210872.879835,177.057721,211738.321453,57.223441,211022.772521,94.869403,651.169005,-25.113082,653.073359,-144.848032,650.556795,59.940768,-0.003158,1,0
4.100000,-62.843736,210404.200180,177.038426,212129.170707,57.057227,209939.714607,95.046020,652.343887,-25.140623,645.350211,-145.166391,648.055699,59.944578,0.000351,1,0
4.133000,-62.675290,211061.579891,177.273386,210505.891765,57.172700,211042.255265,95.205312,655.487281,-25.087826,654.020895,-144.961131,649.353771,59.947285,0.000948,1,0
4.167000,-63.150581,210172.023384,177.230301,212551.615985,56.928156,212095.177444,94.757814,650.194824,-24.733351,645.280620,-144.947261,656.380023,59.946540,-0.007523,1,0
4.200000,-62.925936,210174.640354,177.130419,210782.996309,57.104945,211693.788451,95.246822,652.653321,-24.701241,651.156092,-144.906775,649.857712,59.948016,-0.006551,1,0
4.233000,-62.976378,211007.598020,177.060126,211659.741777,57.124048,211419.360209,95.472089,647.290525,-25.006219,652.720595,-144.659119,651.704153,59.944675,0.001962,1,0
4.267000,-63.160680,210293.241681,177.096131,210248.893623,56.894463,210672.525068,94.597420,644.232698,-24.836678,644.753834,-145.086333,654.804172,59.940808,0.004609,1,0
4.300000,-62.954159,211196.749807,177.103954,210386.239933,57.125851,211717.274381,94.914396,646.556260,-24.891597,651.580741,-144.853102,646.673652,59.946688,0.009532,1,0
4.333000,-62.950663,209656.651996,177.042947,211069.674864,56.867478,210328.366007,94.746837,646.622417,-24.912586,652.279313,-145.292107,650.690958,59.945757,0.020127,1,0
4.367000,-63.017450,209296.697609,177.005848,210892.067351,56.996738,210974.005290,95.316773,656.359317,-25.166043,652.008824,-145.046977,650.586708,59.947860,0.000905,1,0
4.400000,-63.117327,209129.532637,177.043782,210963.355970,57.062729,209591.050437,94.949478,655.645814,-24.791469,649.733530,-144.888702,650.525780,59.949275,0.005265,1,0
4.433000,-63.075714,211636.387334,177.069691,210420.076131,56.831495,209779.433886,94.902989,653.587412,-24.937577,651.551223,-145.632629,649.254971,59.954578,0.018632,1,0
4.467000,-63.080890,211289.946383,176.961177,209784.596459,56.905134,210383.056500,95.265196,652.920288,-24.986631,652.997125,-144.958256,654.905186,59.944291,-0.007337,1,0
4.500000,-62.934745,209617.525265,177.028494,212246.444427,56.888249,210097.682583,94.956563,646.858702,-24.898026,655.268456,-145.380100,655.298115,59.942851,0.006581,1,0
4.533000,-63.028611,209766.522613,176.964716,211121.913137,56.896115,211320.885852,94.706654,654.110249,-24.730824,654.887102,-145.500129,656.118142,59.952061,0.002938,1,0
4.567000,-62.943244,209977.787144,176.995869,212418.630579,57.000871,211813.496699,95.024405,660.725653,-25.138865,653.000803,-144.866461,655.502747,59.944744,0.004678,1,0
4.600000,-62.980454,210106.115435,176.943051,210088.873245,56.860840,209354.060792,94.875348,650.345737,-24.838943,653.844202,-144.928649,650.893453,59.952094,-0.006474,1,0
4.633000,-62.996003,210170.464402,177.019631,210407.251669,56.884018,212219.502668,94.951463,652.325899,-24.679001,652.176542,-145.059851,653.093126,59.949692,0.001341,1,0
4.667000,-63.198922,211116.240051,176.798089,210952.552587,56.984911,210444.104394,95.030288,648.491110,-24.996953,647.132430,-145.292235,648.395112,59.948057,0.001661,1,0
4.700000,-63.077012,208730.399842,177.086346,210053.745126,56.946785,211293.807316,94.671048,646.713188,-24.849814,651.731628,-144.667270,653.249250,59.941543,0.003469,1,0
4.733000,-62.876673,210717.250457,176.923049,210161.179575,57.120625,210854.097976,95.431242,653.016131,-25.087306,656.916670,-144.710479,660.572121,59.945395,0.000120,1,0
4.767000,-62.835450,208467.186881,176.780769,210582.453558,56.907858,209960.730072,95.298065,648.906519,-25.148938,650.103237,-144.996854,649.637435,59.944941,0.000665,1,0
4.800000,-63.077623,208889.090265,176.830905,209773.482288,57.039999,210576.477505,94.908932,650.670141,-25.205632,647.044696,-145.109673,651.864048,59.944729,-0.003618,1,0
4.833000,-63.090676,209231.566169,176.964255,210209.407053,57.138946,210702.039471,94.951033,659.849992,-25.528861,650.234559,-144.979356,652.410671,59.942206,0.009126,1,0
4.867000,-63.211506,210204.493167,176.988997,209993.432959,57.070211,210313.287236,94.714686,647.311276,-25.108590,653.831500,-144.642434,648.177091,59.948397,-0.007251,1,0
4.900000,-63.176515,210014.854388,177.126918,209270.993109,57.164912,209622.957030,94.821733,646.110595,-25.063331,652.233690,-144.868499,649.017246,59.941000,0.009441,1,0
4.933000,-63.267163,209567.466906,176.974348,211303.180221,56.963976,209832.129459,94.725300,650.675597,-24.926288,654.832448,-144.644700,658.442372,59.947014,-0.002932,1,0
4.967000,-63.070076,209274.019220,176.876209,211197.341470,56.753744,209391.659623,95.159217,660.376110,-25.410029,652.635778,-145.469890,656.019605,59.942920,-0.002418,1,0
5.000000,-63.096476,208342.200216,176.776742,210267.446422,57.095005,210150.786557,95.029140,649.672127,-25.278093,660.617247,-144.872693,647.870254,59.940912,-0.000023,1,0
5.033000,-63.110612,209170.914754,176.858653,209015.383097,56.920191,208799.508356,95.199470,654.640187,-24.890349,651.637998,-145.029785,662.000352,59.936910,0.001784,1,0
5.067000,-63.204295,206439.940680,176.923372,210489.478352,56.707073,209841.010687,94.654828,653.459460,-25.100080,659.712889,-145.171213,659.403070,59.929680,-0.003949,1,0
5.100000,-63.057186,206900.597812,176.816970,210420.791934,56.876235,209913.939109,94.894174,652.099999,-25.186333,656.930593,-145.286968,666.876925,59.941055,0.011477,1,0
5.133000,-63.223532,208844.162479,176.728322,210784.612763,56.737462,208780.869637,95.108117,650.953086,-25.179185,656.676002,-145.341409,654.999245,59.940227,0.009379,1,0
5.167000,-63.246371,208096.115476,176.866117,211777.310867,56.913212,211846.755000,95.002937,656.677345,-25.312616,657.694062,-144.855167,652.829694,59.945168,-0.000962,1,0
5.200000,-63.197394,209410.577507,177.037058,209481.207734,56.767124,209659.859788,94.701597,656.260032,-25.154593,660.018815,-145.059291,658.253369,59.937572,0.010020,1,0
5.233000,-63.136593,209280.641465,176.889095,208349.018385,57.063746,209527.397459,94.768166,657.924852,-25.000181,655.909315,-145.274300,657.498733,59.931390,0.003865,1,0
5.267000,-63.174858,209328.381222,176.857019,210296.916288,56.920145,210081.053190,94.486575,661.609016,-25.211940,661.982975,-144.602350,668.839146,59.939809,-0.000910,1,0
5.300000,-63.092762,209281.263063,177.114190,209400.605227,57.032569,209524.085056,94.621298,654.053020,-24.955862,661.297676,-144.882141,661.550946,59.939181,-0.006627,1,0
5.333000,-63.105132,207470.342717,176.938693,208333.840914,56.972698,207236.348160,94.694249,659.570400,-25.103617,655.982968,-145.050939,655.972814,59.942682,0.003471,1,0
5.367000,-62.929669,210380.766352,177.094641,208533.421086,56.963369,209126.829728,95.275832,669.296222,-25.058573,665.767248,-144.972703,661.623926,59.948499,0.001107,1,0
5.400000,-63.062193,209294.831727,177.187911,208009.454421,57.161188,208965.884861,94.930802,666.681721,-24.613955,672.102751,-144.829980,671.075288,59.944024,0.005790,1,0
5.433000,-63.059483,208176.948328,177.043563,207918.987898,57.206584,209956.371407,94.766273,662.793226,-25.121766,659.971488,-144.920411,662.426832,59.938493,0.001180,1,0
5.467000,-63.065400,206905.389894,177.008260,208761.549541,57.067158,209019.631687,94.984636,663.066511,-24.722606,658.930348,-144.695054,660.010235,59.943261,-0.004980,1,0
5.500000,-62.964968,208784.281380,176.982779,208061.178826,57.025950,208796.591809,94.989243,660.971342,-24.960903,664.044704,-145.079573,669.062566,59.953402,0.000484,1,0
5.533000,-62.866555,209358.654657,176.930364,210289.340600,57.009082,208503.283291,95.430687,660.868847,-24.829107,664.555366,-144.857916,660.773712,59.946981,0.001940,1,0
5.567000,-62.999424,208951.238155,176.891908,208998.276159,57.134780,207912.478289,94.824813,659.087452,-25.409481,670.283134,-145.328662,662.513660,59.948291,-0.003087,1,0
5.600000,-63.010223,208154.110254,176.923666,210078.738636,56.991343,209699.731993,95.006654,654.532861,-24.746406,661.168573,-145.204356,658.637750,59.950507,-0.010792,1,0
5.633000,-63.120198,207991.518812,176.999969,209140.413588,56.938556,208815.287703,94.597512,661.532636,-25.341522,654.136832,-145.171878,659.710161,59.943055,0.008005,1,0
5.667000,-63.069441,208911.715863,177.052372,209712.990741,57.058557,209148.904285,94.988242,656.247430,-24.948379,657.181443,-144.839473,654.668141,59.950588,-0.003927,1,0
5.700000,-62.887140,209085.209811,176.962390,211590.496046,57.226528,210134.197577,95.086113,651.401370,-25.153531,659.099851,-144.865696,654.812527,59.949931,0.002996,1,0
5.733000,-62.812638,208474.112789,177.202512,209901.699374,57.125382,208615.197253,94.915935,652.123745,-24.938337,657.859133,-144.684126,657.040411,59.946006,-0.010932,1,0
5.767000,-62.815806,208364.427677,177.072726,209562.186762,57.095675,210596.546516,95.393980,657.636645,-24.569458,663.185275,-144.503144,658.081381,59.941245,0.004214,1,0
5.800000,-62.741078,208997.703242,176.986730,208345.527625,57.134266,209898.848510,95.520213,650.873222,-24.969459,649.784618,-145.019932,656.505736,59.940292,-0.001384,1,0
5.833000,-62.790983,208957.980705,177.362822,207410.109542,57.160078,209415.413477,95.414201,650.371412,-24.601694,653.079255,-144.943439,651.829403,59.942602,0.003195,1,0
5.867000,-62.882500,209450.316985,177.242284,208265.851698,57.088175,209729.646626,95.035997,651.469920,-24.704353,657.571788,-144.930387,654.134162,59.941167,-0.013559,1,0
5.900000,-62.839034,208780.417585,177.156143,210608.835496,57.087134,209730.531927,95.014416,648.607572,-24.868444,654.556442,-144.998952,648.211251,59.942522,0.000429,1,0
5.933000,-63.005746,210147.149300,177.051684,210505.653648,57.257499,210146.621745,94.962309,647.688781,-25.125718,647.226407,-144.619746,647.877079,59.938895,0.000043,1,0
5.967000,-62.899236,209241.174563,177.252231,209283.358588,57.135310,208664.958248,94.957037,660.570968,-24.671673,657.403157,-144.816087,663.006828,59.933996,-0.004630,1,0
6.000000,-62.751717,207335.454515,177.213992,209758.761900,57.252420,209435.968364,95.014280,656.206108,-24.846706,654.652515,-144.540715,649.246920,59.934797,0.021171,1,0
6.033000,-62.923962,209853.632395,177.191225,209529.747827,57.231518,210720.706509,95.149053,654.230831,-24.991606,652.776375,-144.722347,660.223158,59.927850,-0.003263,1,0
6.067000,-62.856499,209140.733247,177.330084,210487.711431,57.361318,209628.762598,94.918507,647.111131,-24.890045,651.065631,-144.450879,653.481586,59.929809,-0.005164,1,0
6.100000,-62.793181,209180.282859,177.147246,208223.089512,57.052618,209786.447239,95.093420,650.834948,-24.830465,650.176380,-144.740548,649.937951,59.940820,0.004424,1,0
6.133000,-63.034980,209171.970642,176.998556,208231.588151,57.141898,209803.127513,95.223334,653.783901,-24.775637,650.686659,-144.857542,651.361682,59.937502,0.008296,1,0
6.167000,-62.996521,209149.679306,177.162922,208761.566174,57.231770,209686.037894,94.996573,655.783874,-25.059937,649.042313,-144.725051,657.451268,59.935336,0.002746,1,0
6.200000,-62.794750,209136.678244,176.982201,209299.683222,57.162981,210017.990034,95.460332,645.577079,-25.328945,649.146670,-144.787142,654.462659,59.936250,-0.001056,1,0
6.233000,-62.917414,207182.309659,177.342125,210647.908327,57.369534,209849.174163,95.274647,658.711374,-24.646291,657.243648,-144.486436,652.542031,59.935127,-0.004845,1,0
6.267000,-62.738995,208206.676344,177.156245,209324.403809,57.030437,209607.039799,95.423066,648.723873,-24.619746,653.982447,-144.721614,653.224768,59.942514,-0.004272,1,0
6.300000,-62.922696,209056.419220,177.052892,208257.262124,57.153776,211225.132169,95.244865,659.198030,-24.872781,655.643462,-144.611061,657.027585,59.942035,0.013276,1,0
6.333000,-62.886303,210428.990264,177.222081,208398.744247,57.262037,209226.079307,95.264167,648.769456,-25.172766,651.596552,-144.938853,647.074073,59.938754,-0.007498,1,0
6.367000,-62.838553,208661.202183,176.985639,209235.541754,57.055034,209177.211982,95.130608,651.537268,-25.215375,649.161570,-144.642630,651.458495,59.940314,-0.001936,1,0
6.400000,-62.866323,208054.494497,177.080464,209621.794408,57.219393,207530.562986,95.128766,652.707629,-25.060074,653.967463,-144.744298,647.586995,59.935107,0.006254,1,0
6.433000,-62.780315,207934.473365,177.188419,210671.711118,57.044914,207607.770000,95.434721,657.998486,-24.763419,652.049178,-144.914858,651.578584,59.933952,-0.002882,1,0
6.467000,-62.932318,209293.198117,177.120924,209867.658075,57.198882,208561.357634,94.972059,654.646786,-25.235981,653.760310,-144.702402,651.262788,59.940751,-0.003605,1,0
6.500000,-62.776562,209510.426613,177.008719,208932.801540,57.132856,209450.559050,95.302651,653.377559,-24.941814,650.010763,-144.683068,652.175200,59.944121,-0.000411,1,0
6.533000,-62.743322,208213.770071,177.224945,210006.549692,57.142897,208775.228752,95.041302,657.119405,-25.112104,648.075422,-144.942986,649.856552,59.944817,-0.006080,1,0
6.567000,-62.716380,209280.842370,177.232895,210673.394482,57.097509,209307.799776,95.554181,646.497004,-24.757716,655.927606,-144.638373,651.439873,59.945759,-0.004844,1,0
6.600000,-62.551749,208238.772247,177.228435,212581.572821,57.139269,209530.824064,95.674160,649.806701,-24.626610,644.832573,-144.705249,654.728701,59.945488,0.003304,1,0
6.633000,-62.845516,209053.838162,177.049894,208216.450348,57.090287,209256.681876,94.938725,648.315162,-25.116630,645.854939,-145.368462,648.840268,59.939926,0.008387,1,0
6.667000,-62.682944,211191.885981,177.088278,209742.263425,57.343502,211643.105819,95.537856,645.926331,-25.065473,649.659113,-144.453386,649.866182,59.946234,0.000807,1,0
6.700000,-62.614079,209184.036737,177.144777,211734.815743,57.145661,208797.875492,95.456662,645.906733,-24.707388,646.467032,-145.065781,650.607022,59.945202,0.007851,1,0
6.733000,-62.806839,208765.539197,177.139241,211706.777693,57.148220,209385.839453,95.290088,644.124331,-25.032476,646.957893,-144.848695,652.444159,59.945919,0.000450,1,0
6.767000,-62.629252,209351.926619,177.145226,210640.625003,57.027437,209475.739933,95.254610,648.452514,-24.653231,651.665907,-145.277852,656.441811,59.952600,-0.008066,1,0
6.800000,-62.981271,209574.430179,177.186107,211648.770963,57.170882,209778.388722,94.937140,655.799481,-24.677729,650.409751,-144.603719,653.806316,59.946513,-0.006964,1,0
6.833000,-62.971115,210068.407854,177.271743,209429.562629,57.263010,209869.510783,94.878148,648.223509,-24.694594,651.317792,-144.648162,651.969215,59.945701,0.002012,1,0
6.867000,-62.797884,209155.769582,177.233381,209929.579716,57.069616,209300.325998,95.181090,655.096199,-25.118209,647.224500,-144.940976,651.870539,59.950967,-0.005766,1,0
6.900000,-62.741286,208693.546312,177.226289,211058.949659,57.134911,208897.810418,95.216129,644.192770,-24.735998,654.207445,-144.874814,652.616388,59.941572,-0.000585,1,0
6.933000,-63.022326,210238.662526,177.101517,211114.296271,57.142962,210073.393924,95.148672,648.479063,-25.323678,650.497873,-144.827059,653.782856,59.939378,0.012054,1,0
6.967000,-62.852056,209140.008634,177.146038,209206.879780,56.995403,210031.297571,95.216691,656.020991,-24.947964,650.421441,-144.738882,654.689252,59.946827,0.004477,1,0
7.000000,-62.868361,208837.560489,177.199975,210951.296608,57.178374,208166.999498,95.106074,657.465853,-24.536464,653.776244,-144.891283,657.791542,59.942599,-0.002541,1,0
7.033000,-62.885052,209590.949648,177.142324,210506.721467,56.981189,210694.069961,95.140887,649.868429,-24.853417,650.141406,-145.132576,653.566759,59.940926,-0.005579,1,0
7.067000,-62.994274,208801.193423,177.046334,209272.167825,57.076017,209565.274350,95.300119,651.287991,-24.862314,663.742474,-144.729741,657.412944,59.941262,-0.006544,1,0
7.100000,-62.795596,209502.249389,177.196928,209962.825862,57.189730,208551.265875,95.037649,655.937566,-24.672793,654.442128,-144.652330,661.854356,59.940015,-0.000635,1,0
7.133000,-62.938709,210087.834769,177.174810,210676.229071,57.109312,211036.394540,95.110530,651.796358,-24.770710,658.229568,-145.096202,650.811488,59.939516,-0.008043,1,0
7.167000,-62.739776,210104.472127,177.227745,209961.818254,57.170235,209769.799985,95.119103,663.476213,-24.363927,658.132345,-144.741307,660.211082,59.936562,-0.002865,1,0
7.200000,-62.757708,208358.503425,177.072014,209543.080104,57.072273,208270.693268,95.229654,647.577802,-24.803020,649.774201,-144.848149,657.818064,59.941655,0.000227,1,0
7.233000,-62.685399,210207.632494,177.271041,210352.128529,57.208414,207909.962225,95.257742,654.164138,-24.593383,654.486426,-144.875333,650.582049,59.936768,-0.008033,1,0
7.267000,-62.848907,208448.243470,177.180394,211837.554734,56.939087,209313.017486,95.302753,655.968261,-25.107728,652.892789,-145.278790,652.848600,59.942692,0.007128,1,0
7.300000,-62.828042,209731.834780,177.039964,210023.236186,57.265855,208112.519724,95.161412,648.781347,-24.987533,647.199224,-144.947005,650.728329,59.934674,0.009037,1,0
7.333000,-63.017057,210152.543740,177.054326,210861.038948,57.264297,208597.466697,95.096994,649.710243,-25.025212,651.096935,-144.751582,655.789146,59.935270,-0.000519,1,0
7.367000,-62.784347,209952.432515,177.337893,209064.247889,57.021255,208185.692606,95.373080,653.243483,-24.799679,659.804902,-144.823478,657.705562,59.943214,0.012389,1,0
7.400000,-63.020711,209573.964510,177.056950,211126.825672,57.317831,209998.215074,94.659729,648.727762,-25.024989,653.346158,-144.783660,655.255967,59.936611,0.002055,1,0
7.433000,-62.575062,208528.087479,177.151575,210802.688166,57.039655,207991.772458,95.243489,649.932750,-24.899754,659.120656,-144.811368,654.360779,59.941844,-0.005614,1,0
7.467000,-62.847990,208247.150250,177.098059,210403.778980,57.416984,209948.610645,95.084944,654.000748,-25.022154,656.270918,-144.589633,649.180081,59.939976,-0.002473,1,0
7.500000,-62.774907,210627.865766,177.205387,209167.326668,57.304674,209233.612424,95.257031,651.753296,-24.746455,650.789857,-144.719772,647.543087,59.944910,-0.004922,1,0
7.533000,-62.824277,209354.266897,177.101289,208051.847385,57.289873,209523.500327,95.149766,654.900872,-24.848260,656.822197,-144.792126,650.046752,59.935514,-0.014099,1,0
7.567000,-62.545420,208964.457797,177.259152,209373.102681,57.185369,209640.676530,95.455737,645.564305,-24.793322,647.918421,-144.801547,651.222605,59.940134,-0.007435,1,0
7.600000,-62.814551,208219.787146,177.209421,208559.624787,57.255138,208821.398435,95.389125,655.059262,-24.668021,650.905291,-144.551822,649.869875,59.938510,-0.006014,1,0
7.633000,-62.789590,207960.008609,177.156383,210612.777032,57.165580,209722.362759,95.314072,641.813474,-24.922076,643.905956,-144.726958,649.852862,59.945922,-0.001878,1,0
7.667000,-62.881157,208557.986131,177.301304,210148.659722,57.237547,209854.620827,95.156470,644.147473,-24.682621,649.316314,-144.651576,645.000603,59.938554,-0.005866,1,0
7.700000,-62.836543,210525.306422,177.209110,210311.861858,57.288899,208190.612727,95.082219,650.492734,-24.681501,653.525776,-144.588790,650.853052,59.946198,0.017125,1,0
7.733000,-62.835623,208018.281544,177.051464,209634.883570,57.207630,208855.942715,95.501232,648.295779,-25.065374,650.860153,-144.464917,653.406864,59.939133,-0.001467,1,0
7.767000,-62.776707,209901.838631,177.258242,209689.914900,57.431313,210948.752467,95.284428,652.395998,-24.724562,654.461163,-144.274280,653.584777,59.943459,0.010007,1,0
7.800000,-62.739677,208865.018549,177.009034,211265.392858,57.174986,209260.014282,95.365674,655.276092,-24.899939,652.443474,-144.851388,656.041011,59.934017,0.002086,1,0
7.833000,-62.816198,208797.685949,177.362675,210330.018815,57.516733,210623.215566,95.420249,643.043788,-24.814001,652.303194,-144.807044,649.119192,59.940999,-0.003249,1,0
7.867000,-62.889703,209634.672025,177.445134,209990.317336,57.360548,209346.777858,95.282623,646.129050,-24.736510,654.582019,-144.787871,655.286003,59.949380,-0.003100,1,0
7.900000,-62.709342,209383.578725,177.268850,210616.086339,57.432426,210832.818088,95.396097,648.088776,-24.531753,656.138397,-144.457011,651.320298,59.948991,0.002932,1,0
7.933000,-62.848119,208880.879795,177.321364,209015.078615,57.282649,208832.953038,95.196120,650.703585,-24.458603,651.262908,-144.707627,647.342690,59.951257,-0.002270,1,0
7.967000,-62.510558,209723.930692,177.236483,210025.278924,57.244414,210337.801338,95.360657,650.601625,-24.784520,646.684289,-144.782571,652.478254,59.950819,0.004716,1,0
8.000000,-62.596096,209794.681316,177.237152,209410.121529,57.349395,209886.272093,95.729392,647.584715,-24.715554,644.481697,-144.649297,650.522740,59.948533,0.000002,1,0
8.033000,-62.639346,209753.691816,177.302190,207733.657011,57.250920,210066.750146,95.489311,651.155119,-24.944821,650.420759,-144.751448,652.046847,59.948291,-0.000234,1,0
8.067000,-62.719855,209262.686560,177.143803,209047.960309,57.271160,209471.587295,95.382870,651.568863,-24.777660,645.913804,-144.629050,653.273383,59.944079,0.006666,1,0
8.100000,-62.760240,210322.714388,177.410750,208905.446594,57.491811,211519.378013,95.390208,643.499321,-24.666262,648.319907,-144.372323,649.262941,59.949015,0.002621,1,0
8.133000,-62.750445,209298.400555,177.410423,207705.942459,57.412548,207797.574924,95.072723,656.655118,-24.481479,645.887240,-144.558838,649.025214,59.951844,0.001758,1,0
8.167000,-62.577051,209766.323838,177.636465,210295.155854,57.421392,208995.585479,95.145924,651.408717,-24.711396,652.144960,-144.870202,654.659676,59.945883,0.010204,1,0
8.200000,-62.533066,208271.337517,177.328909,210292.403500,57.442706,210957.287085,95.609419,652.222496,-24.641531,654.795601,-144.455788,648.855935,59.940502,-0.003580,1,0
8.233000,-62.631577,209152.523235,177.514056,209763.129202,57.437211,210125.498830,95.205314,655.765551,-24.609710,654.581764,-144.538576,661.065060,59.948137,-0.001838,1,0
8.267000,-62.630459,210666.232200,177.462618,208938.679702,57.376208,210108.293592,95.338489,644.882152,-24.293632,649.583278,-144.585290,656.281547,59.949038,0.001498,1,0
8.300000,-62.709877,208780.087784,177.279162,209240.350691,57.165273,207424.767988,95.071963,648.502839,-24.721726,640.902522,-144.992588,650.986001,59.953001,0.004188,1,0
8.333000,-62.728505,209848.191878,177.435769,210434.558505,57.409464,208966.482235,95.358264,649.352110,-24.462692,649.540722,-144.903163,650.317589,59.949682,0.004918,1,0
8.367000,-62.416054,208922.993641,177.317696,210282.539182,57.400823,209386.705828,95.423558,645.090186,-24.665401,652.933177,-144.667439,652.043428,59.952916,-0.003601,1,0
8.400000,-62.658392,209274.080987,177.137638,209179.965706,57.242050,208164.066463,95.103466,654.289738,-24.806293,651.282161,-144.588450,646.478439,59.955552,0.001421,1,0
8.433000,-62.715290,208105.496817,177.349975,208401.663651,57.325257,209770.525507,95.258014,648.337318,-24.614455,657.508026,-144.646668,653.423760,59.957100,0.007603,1,0
8.467000,-62.700088,208617.931384,177.337122,209552.128866,57.439089,209219.656051,95.062320,644.216885,-24.581737,650.749440,-144.533596,647.859184,59.957590,0.006156,1,0
8.500000,-62.562912,208785.639716,177.399511,209912.280927,57.343279,209032.672823,95.431767,646.230380,-24.682862,647.794232,-144.626946,648.657735,59.958891,-0.003796,1,0
8.533000,-62.542482,208329.787109,177.433652,210796.989407,57.291906,210385.578997,95.635424,651.620081,-24.820027,645.886928,-144.699834,646.145555,59.963608,0.009918,1,0
8.567000,-62.736493,211031.992558,177.171203,209305.626319,57.339427,210056.194829,95.236891,644.536798,-24.896109,650.683665,-144.939798,651.933612,59.953418,-0.012841,1,0
8.600000,-62.532644,209028.299581,177.293570,210235.299835,57.283882,210243.069945,95.456443,646.537446,-24.727261,651.465787,-144.906137,649.698552,59.956742,0.003514,1,0
8.633000,-62.635487,209361.785311,177.263267,210277.461717,57.331547,210677.876484,95.222034,649.865388,-24.511196,653.865803,-144.669546,653.550427,59.959833,-0.008864,1,0
8.667000,-62.650744,209598.613632,177.391473,208923.099775,57.388597,209275.199007,95.596392,647.229744,-24.711667,651.798076,-144.469771,657.643207,59.970336,0.008054,1,0
8.700000,-62.698376,209780.904667,177.171008,207860.060737,57.285531,209473.066455,95.432115,650.528169,-24.624857,649.762800,-144.931025,649.975828,59.957056,-0.000013,1,0
8.733000,-62.567806,208445.431169,177.170723,209766.096424,57.322190,208118.951841,95.595673,664.706195,-24.813173,657.179916,-144.403325,655.664690,59.965458,0.003447,1,0
8.767000,-62.582364,206161.748662,177.250553,209142.556129,57.117014,209558.491875,95.370811,653.734445,-24.747920,654.803228,-144.634143,656.636147,59.960461,-0.016363,1,0
8.800000,-62.748243,209589.347929,177.233113,206434.988518,57.111489,208250.362740,94.942563,650.572983,-24.683662,649.492841,-145.059407,649.464197,59.963515,-0.007015,1,0
8.833000,-62.797499,208805.438507,177.141575,209110.187593,57.271681,209425.252668,95.417476,643.028313,-24.799226,646.930306,-145.020410,651.082427,59.954362,0.001541,1,0
8.867000,-62.580855,208011.105114,177.366689,210110.792351,57.415932,209353.782132,95.473982,653.249094,-24.813909,648.949099,-144.667084,654.167663,59.965739,-0.000751,1,0
8.900000,-62.732554,208824.263642,177.265828,209638.780070,57.266934,209786.708373,95.281036,649.151586,-24.670621,652.335037,-144.755897,643.811965,59.951906,-0.008945,1,0
8.933000,-62.767166,209436.724176,177.274605,207986.295550,57.355491,210528.753528,95.298669,649.462791,-24.912413,651.993902,-144.314843,655.100675,59.966142,-0.000009,1,0
8.967000,-62.782708,208080.080052,177.138271,208750.742572,57.239509,209217.594117,95.234074,656.924922,-24.985194,644.632754,-144.699572,652.361089,59.965536,-0.002806,1,0
9.000000,-62.790286,209353.850112,177.300910,207513.618253,57.111159,208657.458978,95.056868,657.040281,-24.851284,648.329769,-144.838454,659.128065,59.957617,-0.001878,1,0
9.033000,-62.846054,208816.614182,177.149803,208876.172937,57.182905,208977.892992,95.024973,656.715076,-24.943851,650.897009,-144.948715,644.610863,59.959889,0.004599,1,0
9.067000,-62.692882,207840.744685,177.087964,209543.094644,57.285789,208737.143497,95.340390,650.898106,-24.974583,653.108347,-144.814169,649.323840,59.963602,-0.000839,1,0
9.100000,-62.936691,208455.242410,177.194213,209654.855512,57.209576,208280.272576,94.896467,660.884433,-24.894628,649.717009,-144.441273,659.108210,59.964309,0.002516,1,0
9.133000,-62.844656,208282.632295,176.993122,210165.445714,57.278257,209387.613110,94.985975,657.808455,-25.251418,655.333286,-144.432845,655.569360,59.960421,0.003337,1,0
9.167000,-62.812903,208566.427816,177.146703,209321.447045,57.049877,208387.001718,95.265024,652.398657,-25.183732,652.005161,-145.008044,654.292512,59.957871,-0.002964,1,0
9.200000,-62.866160,208908.137446,177.020387,209189.700476,57.103000,210182.937207,95.536159,646.654228,-24.974114,654.405161,-145.291269,652.765974,59.958006,-0.003172,1,0
9.233000,-62.928254,209246.568664,177.218232,209719.106517,57.034656,210344.765047,95.114281,656.399862,-24.561266,641.904842,-144.759566,648.913491,59.957941,-0.000645,1,0
9.267000,-62.801294,209075.294532,177.067912,211036.109646,57.310266,209685.913024,95.231544,651.184293,-25.255748,650.090182,-144.777311,655.663511,59.958243,0.007909,1,0
9.300000,-62.895839,209876.667753,177.061317,209510.096073,57.137817,210286.946418,95.232481,657.603889,-25.017729,655.977731,-145.018256,654.013166,59.959181,0.001464,1,0
9.333000,-62.754090,209353.442933,177.166197,208179.717562,57.142861,209258.657130,95.124038,650.882398,-24.621390,656.760562,-144.832038,658.366601,59.960581,-0.011878,1,0
9.367000,-63.013551,209777.326852,177.128578,208703.516535,57.189226,208485.973029,94.926646,656.681567,-24.800926,654.812821,-144.548620,654.417384,59.962003,-0.002333,1,0
9.400000,-62.799288,209373.584917,177.054203,209419.231665,57.065645,209521.124595,95.294081,657.417865,-24.669387,654.780540,-145.136440,652.175629,59.963610,-0.000926,1,0
9.433000,-63.151581,208344.415532,177.174270,209079.077097,57.062579,209616.934692,94.733902,651.938073,-25.066080,647.863245,-144.951991,646.202582,59.964327,0.003266,1,0
9.467000,-62.870578,209248.095668,177.063698,207916.761327,57.122294,210373.462071,95.193655,648.944393,-24.893987,645.296064,-144.640044,647.775298,59.968510,-0.000791,1,0
9.500000,-62.882642,209552.817933,177.050925,209791.144236,57.080445,210141.230950,95.141014,655.224205,-24.778976,643.058494,-144.799761,646.270754,59.961589,0.001283,1,0
9.533000,-62.690678,209504.750271,177.167392,210163.335619,57.282072,209621.413869,95.163166,645.690732,-24.719334,643.366356,-144.762919,648.407088,59.962207,0.002347,1,0
9.567000,-62.804629,207135.511909,177.072797,208094.850879,57.089448,208904.700874,95.131761,640.172719,-25.150300,643.354261,-145.015027,647.900945,59.962457,0.000880,1,0
9.600000,-62.654259,208182.978890,177.206879,208644.577977,57.152161,208248.032089,95.380199,644.862650,-24.992841,649.697811,-145.324711,647.723143,59.963269,-0.004561,1,0
9.633000,-62.845998,206696.773380,177.256687,207791.157372,57.112091,209287.483850,95.235558,647.139171,-24.745569,649.176289,-144.524856,647.348747,59.954987,-0.002117,1,0
9.667000,-62.869183,208704.595954,177.258105,209160.078391,57.102581,207848.616954,95.149419,653.418810,-24.689140,642.173419,-144.927143,643.910422,59.949492,0.000607,1,0
9.700000,-62.937493,206986.145046,177.320597,209640.978578,57.034498,208575.628110,95.132136,647.558327,-24.533329,637.955064,-145.457953,642.858795,59.958913,-0.004174,1,0
9.733000,-62.963880,208783.407246,177.091197,207768.121325,57.111893,208895.751167,94.875190,644.515508,-24.932750,654.106860,-144.931952,648.174030,59.960419,-0.001674,1,0
9.767000,-62.747835,209170.627775,177.092333,209069.964584,57.131343,207633.575641,95.480525,647.598907,-24.710084,648.444484,-144.993276,649.041981,59.957022,0.008051,1,0
9.800000,-63.127009,207742.055815,177.083219,208869.983554,57.068006,210479.169265,95.222600,646.725424,-24.997034,643.962243,-145.022589,646.029995,59.957279,-0.005837,1,0
9.833000,-62.973243,209436.918044,177.156458,207839.962864,56.892746,207236.286250,95.186251,647.663916,-25.142987,644.525305,-145.043665,644.960646,59.959208,0.008137,1,0
9.867000,-63.018464,209197.412747,177.000523,208532.837064,57.167127,208547.723062,95.064992,651.530509,-24.852674,644.873067,-144.891151,645.067745,59.957029,0.001439,1,0
9.900000,-62.875674,207407.775063,177.259139,207870.476428,57.060856,209058.820686,95.025440,638.378281,-24.945228,640.462503,-144.796322,648.307812,59.951612,0.004980,1,0
9.933000,-62.847062,207358.808084,176.995579,209319.956248,57.218569,209575.926565,95.063730,643.470961,-25.061811,650.189428,-144.650630,648.575197,59.951381,0.004212,1,0
9.967000,-62.941855,207534.931629,176.995562,207853.259118,56.913669,209604.627192,94.901060,646.704898,-25.272163,643.771133,-145.066231,641.376319,59.954543,0.002334,1,0
10.000000,-62.978541,207136.552113,177.084617,208536.623501,57.013062,208106.764848,95.092418,649.776249,-25.118970,644.359999,-145.062900,644.538382,59.956146,-0.011717,1,0
10.033000,-62.807447,207166.128567,177.018006,209091.635474,56.903938,206927.022375,95.519822,646.746098,-25.189057,648.137431,-144.982939,645.015747,59.953522,-0.006974,1,0
10.067000,-62.796458,207508.007489,177.173553,207165.934256,57.155213,209006.447046,95.341580,650.243298,-25.111988,644.912348,-144.872661,636.743547,59.952703,-0.006415,1,0
10.100000,-63.043819,207514.639293,177.091837,208640.648061,57.333628,207391.468844,95.056411,647.393793,-25.081716,642.275058,-144.446081,646.614303,59.952914,-0.011616,1,0
10.133000,-62.744515,208126.299090,177.116570,207913.640872,57.254087,207797.083683,95.519702,640.988488,-24.944607,639.881441,-145.008050,645.643697,59.950914,0.007712,1,0
10.167000,-62.919820,207229.582694,177.129105,207626.319163,57.300753,208211.412299,94.968971,648.224269,-25.016991,642.554358,-144.992560,646.828060,59.950655,0.005366,1,0
10.200000,-63.016518,205896.722929,177.020415,209111.792779,57.118825,207205.637558,94.819590,645.611995,-25.180999,652.871940,-144.628611,649.122720,59.958159,-0.001416,1,0
10.233000,-62.660882,206071.696819,177.159629,206878.410440,57.180168,208065.113899,95.253693,648.559853,-24.732318,647.283806,-144.800312,643.841077,59.950984,0.008554,1,0
10.267000,-62.653337,206784.496102,177.145024,206224.179163,57.207599,206391.325130,95.466786,644.955015,-24.962905,645.601622,-144.890163,647.033176,59.959102,0.007146,1,0
10.300000,-62.961732,206860.864504,177.159838,205779.220814,57.109855,206513.129292,95.048995,648.595798,-24.917975,647.597985,-144.956137,650.463774,59.957710,0.011003,1,0
10.333000,-62.838898,204977.312207,177.106760,207123.422937,57.063736,206754.283561,95.140967,653.075884,-24.838863,652.680321,-144.847005,651.634411,59.960600,-0.003032,1,0
10.367000,-62.782038,207464.593748,177.080845,207461.502816,57.116970,207127.131511,95.234586,645.019589,-24.751925,645.958933,-144.877215,647.632490,59.953776,-0.001149,1,0
10.400000,-62.791801,207203.174903,177.054635,207973.707673,57.220462,206359.147765,94.962956,655.050101,-24.988048,644.596529,-144.735762,647.082661,59.957443,0.007743,1,0
10.433000,-62.586484,208268.434685,177.172117,206548.056141,57.294223,207137.652325,95.354228,652.400655,-24.660720,648.600916,-144.793225,654.084208,59.966101,0.002293,1,0
10.467000,-62.746035,206227.800628,177.256577,206590.543953,57.409929,206986.403493,95.377073,645.371016,-24.655442,651.022879,-144.401074,647.857679,59.953016,0.002749,1,0
10.500000,-62.791058,206228.662585,177.314607,207443.353320,57.324903,206521.310679,95.336916,650.448938,-24.497060,653.378367,-144.762923,643.369669,59.961309,-0.005004,1,0
10.533000,-62.666459,208520.131438,177.117461,206557.835468,57.141002,207305.272496,95.402283,654.777590,-24.987687,648.829903,-144.929287,645.133119,59.956724,0.003262,1,0
10.567000,-62.758447,206111.667847,177.245724,206459.054715,57.213998,207886.181201,94.935609,644.036858,-24.861622,654.938767,-144.640521,652.402061,59.950883,-0.010967,1,0
10.600000,-62.803324,207657.366378,177.337048,207902.561545,57.459467,206470.233306,95.352314,650.164492,-24.775202,651.572616,-144.431071,647.771496,59.950520,0.014282,1,0
10.633000,-62.444884,207609.886054,177.144517,206609.775071,57.299890,209511.005784,95.629455,655.827506,-24.782280,654.064867,-144.697435,650.401587,59.955825,-0.003561,1,0
10.667000,-62.746816,206020.629314,177.288889,207249.223906,57.151264,207957.877179,95.322301,650.642128,-24.590051,655.696637,-144.930219,652.920973,59.957231,0.003347,1,0
10.700000,-62.819840,205372.904961,177.260355,206971.236114,57.085648,206411.169960,95.063447,651.777502,-24.592496,648.690514,-144.605665,649.255652,59.960797,0.020314,1,0
10.733000,-62.734028,206674.782695,177.223094,206312.719828,57.191713,207073.586472,95.270281,645.085310,-24.946910,651.131799,-144.618752,648.250964,59.963354,-0.003422,1,0
10.767000,-62.622170,207425.549079,177.374676,208096.537419,57.204995,208665.295095,95.631315,648.839713,-24.624566,648.643285,-144.859520,649.256790,59.953035,0.020573,1,0
10.800000,-62.891401,205635.067315,177.165576,208608.085833,57.223540,207812.096904,95.633631,651.177717,-24.911716,646.449832,-144.829140,644.696888,59.955587,0.004624,1,0
10.833000,-62.729636,209444.665839,177.152963,206160.627610,57.200096,208682.544610,95.245977,649.317528,-24.815079,641.054760,-144.836246,640.681968,59.963698,0.007802,1,0
10.867000,-62.883630,208217.261646,177.168700,208307.409341,57.197562,206429.993473,95.230175,654.507836,-24.842369,648.391544,-144.832834,641.620917,59.964106,0.010408,1,0
10.900000,-62.744377,207970.332726,177.176262,208535.816033,57.103521,207296.467996,95.384696,644.976882,-25.200326,640.805611,-144.959466,638.237116,59.967415,-0.004753,1,0
10.933000,-62.831402,206767.656933,177.032806,206873.009314,57.020672,208130.427306,95.398407,641.074960,-24.903209,644.320845,-144.953347,641.069065,59.960163,-0.008633,1,0
10.967000,-62.820357,208160.764398,177.016583,206872.866755,57.113762,206309.727917,95.233445,642.557636,-24.964354,642.553570,-144.963860,638.467981,59.954680,0.014066,1,0
11.000000,-62.777100,207384.863371,177.098243,206011.891087,57.290724,207644.536797,95.349667,642.243195,-24.770568,635.682825,-144.718139,639.909551,59.968585,0.008776,1,0
11.033000,-62.825337,206109.760608,177.062510,206900.779233,57.236521,207594.924702,94.905841,641.312437,-24.555973,641.847465,-144.636855,644.235643,59.946386,0.003475,1,0
11.067000,-62.700420,208042.912540,177.198524,206030.647389,57.156013,207097.381824,95.286900,636.273494,-25.069229,640.124491,-145.017207,638.604550,59.952812,0.000826,1,0
11.100000,-62.891524,206463.293614,177.347603,207208.888075,57.126535,207099.479165,94.967464,635.450843,-25.278337,642.883604,-145.037052,638.658491,59.961808,-0.004121,1,0
11.133000,-62.787392,205601.975968,177.032221,208047.994452,57.051914,207091.371860,95.093978,633.853854,-25.143317,640.008951,-144.792179,640.041248,59.962493,0.005417,1,0
11.167000,-62.929226,206754.175703,177.173151,206864.828126,57.256032,206253.438035,94.847839,639.435480,-24.591970,641.772644,-145.068827,634.852105,59.953956,0.012088,1,0
11.200000,-62.924815,206671.398117,177.162606,205799.215157,57.158595,206521.233746,95.280482,637.351085,-24.752485,637.767866,-144.911368,637.012702,59.958329,-0.000555,1,0
11.233000,-62.883622,205933.614364,177.270564,205470.820975,57.229602,206842.598556,95.067545,637.975267,-24.842586,636.973387,-144.840662,639.946163,59.949416,0.008612,1,0
11.267000,-62.999963,207234.365272,177.205879,205765.112005,57.201592,204483.726860,95.393678,635.580942,-24.686009,642.612878,-144.693912,645.586732,59.955820,-0.002652,1,0
11.300000,-62.968875,206594.693041,177.193276,206276.537537,57.100924,208564.049240,94.979043,643.197786,-24.733167,646.409014,-145.259859,645.213895,59.958507,0.003675,1,0
11.333000,-62.588326,207296.929689,177.244101,205703.945446,57.211834,205990.884003,95.156853,644.676082,-24.985267,638.011395,-144.501777,642.463995,59.956554,-0.005093,1,0
11.367000,-62.795268,205759.029811,177.167854,205530.495674,57.035671,206728.339254,95.271115,643.855585,-24.739150,636.434161,-144.716028,640.103578,59.954347,-0.003084,1,0
11.400000,-62.791922,205634.105468,177.155527,206793.253184,57.030117,207608.594076,95.253245,636.106347,-24.832410,636.278087,-145.111757,636.934622,59.960088,-0.001689,1,0
11.433000,-62.850060,206519.303889,177.262043,205779.584631,57.018358,206070.326002,95.240921,635.430329,-24.780876,638.759309,-145.008431,631.082829,59.952392,0.007892,1,0
11.467000,-62.851202,205772.845323,177.127773,206782.340807,57.021697,207100.193678,94.751721,635.364773,-24.835578,640.902204,-145.156642,633.054365,59.945941,-0.010634,1,0
11.500000,-62.926605,206234.476276,177.184333,206538.208348,57.035707,208367.715007,95.182545,634.107187,-25.097749,636.781317,-145.229196,633.616923,59.946557,0.003031,1,0
11.533000,-62.738559,206170.049836,177.107398,206530.979091,57.109926,208130.453956,95.168111,629.156641,-24.677453,633.213966,-144.603670,633.941863,59.952794,0.004007,1,0
11.567000,-62.909956,206688.175648,177.193661,207988.136623,57.231970,206104.181733,95.334628,630.837481,-25.031035,632.373298,-144.396237,633.265570,59.950455,0.005132,1,0
11.600000,-63.089685,205975.440502,177.245273,207710.943237,56.995324,207467.584137,95.181106,637.786936,-24.432630,632.146469,-144.997868,637.920712,59.949931,-0.003780,1,0
11.633000,-62.724557,207811.469385,177.145918,207194.903534,56.937475,206676.159717,95.521877,635.077218,-25.007429,631.788807,-145.144173,636.859743,59.940481,-0.002282,1,0
11.667000,-62.924929,206521.619352,177.082140,206730.071329,57.085700,206606.920404,95.158384,632.334630,-24.718334,640.281889,-145.291864,637.614732,59.950476,-0.013270,1,0
11.700000,-62.943904,206269.767204,177.065888,205765.545827,57.035562,206903.639472,95.419338,636.673177,-25.057481,634.650459,-144.638967,633.911760,59.940334,-0.001516,1,0
11.733000,-63.030213,206202.286362,177.193015,207054.180974,57.266948,206526.265873,95.028354,630.314980,-24.550143,633.873387,-144.544022,633.482925,59.957334,0.005494,1,0
11.767000,-62.694258,206271.970051,177.184181,207310.229360,56.964750,206404.792053,95.079130,629.240377,-24.628712,641.231381,-144.836458,634.560520,59.952645,-0.005655,1,0
11.800000,-63.077453,206734.561348,177.325057,206507.870165,57.251117,206589.655806,95.054776,634.906023,-24.492017,630.263810,-144.733608,627.436684,59.951959,-0.006718,1,0
11.833000,-62.765381,207240.312120,177.065449,206845.280616,57.140732,206568.746226,95.494440,632.787462,-24.592948,629.890667,-144.749515,637.425169,59.954263,0.009521,1,0
11.867000,-62.915247,207192.625511,177.258453,207567.216842,57.089455,207663.870452,94.957678,634.614982,-24.669600,638.373903,-144.800479,638.058080,59.949313,-0.000319,1,0
11.900000,-62.898147,206273.867606,177.369389,206636.107310,57.022950,206857.334792,95.080510,625.102659,-24.857969,629.672137,-144.997141,637.371994,59.947680,0.001568,1,0
11.933000,-62.990946,206767.990597,177.104419,207015.396468,57.072654,208614.877354,95.007982,630.573740,-24.525284,632.929511,-144.928209,635.138747,59.938461,0.010517,1,0
11.967000,-62.966011,208032.810329,177.136835,206513.264147,57.152425,207375.405398,95.045733,634.990053,-24.709452,639.450754,-144.817233,632.352219,59.947632,0.000151,1,0
12.000000,-62.837037,207117.788716,177.073959,205777.606285,57.305249,206705.447506,95.423050,638.142406,-25.219048,632.982594,-144.807113,633.702580,59.954530,0.006228,1,0
12.033000,-62.797840,206196.577337,177.174401,206657.350934,57.175535,208048.899207,95.061556,639.585188,-25.085222,633.837107,-144.996207,632.372378,59.953016,0.015805,1,0
12.067000,-62.911990,206240.543929,177.176540,207197.463490,57.229941,207044.550176,95.084604,627.315941,-24.644542,631.126447,-144.787349,634.150091,59.957435,0.006390,1,0
12.100000,-62.932703,207140.531704,177.067460,205892.104047,57.166106,206237.449515,94.771891,626.767973,-25.011516,627.720914,-144.840913,634.690391,59.939874,-0.002650,1,0
12.133000,-62.875201,206889.308773,177.256428,207923.154352,57.203429,207221.274725,95.237934,626.385495,-24.746693,631.540131,-145.020474,630.430846,59.953407,0.001538,1,0
12.167000,-62.858558,207586.762397,176.938393,206233.297662,57.054987,207606.609051,95.185700,632.420757,-24.948739,639.199874,-144.928019,632.592915,59.943293,-0.002272,1,0
12.200000,-62.659754,205715.391475,177.226902,207288.189934,57.123309,208085.891279,95.204895,635.213417,-25.168172,627.603887,-144.608733,633.269813,59.957853,0.001861,1,0
12.233000,-62.747675,206803.502493,177.166162,208001.345429,57.046745,207267.265580,95.119545,626.207400,-24.669467,632.309161,-145.223539,627.335253,59.957300,-0.004893,1,0
12.267000,-62.799099,207151.338455,177.199990,207375.721122,57.213250,206731.301523,95.213578,632.963216,-24.542690,627.362355,-144.935366,632.651635,59.951118,0.008479,1,0
12.300000,-62.723931,207732.168378,177.139865,207753.098967,57.170253,207425.869078,94.946868,627.945722,-25.081341,637.950350,-144.721354,632.539387,59.953198,-0.005326,1,0
12.333000,-63.024919,207492.274847,177.241018,207083.970168,57.238275,208750.504144,94.892513,627.225209,-24.897247,635.928542,-144.762375,636.543519,59.954614,-0.014546,1,0
12.367000,-62.800567,206802.335733,177.171029,208719.379569,57.217230,209339.719884,95.311706,636.205638,-24.756419,635.679054,-144.738402,636.103331,59.959565,-0.011893,1,0
12.400000,-62.875384,207250.972262,177.115377,207651.226762,57.226079,206470.059869,95.345019,635.099038,-24.864763,628.303276,-144.638184,638.456344,59.953121,0.000590,1,0
12.433000,-62.560557,206372.753870,177.168076,208333.431627,57.253656,206357.148182,95.286220,637.396163,-24.929095,640.990154,-144.834277,640.426407,59.956102,0.008557,1,0
12.467000,-62.934276,207016.947202,177.388327,208696.779524,57.242556,207659.331341,95.189211,631.343017,-24.707357,626.222460,-145.076334,636.921549,59.958567,0.005987,1,0
12.500000,-62.999094,208092.543734,177.025363,207251.381853,57.115702,207354.346416,94.730377,633.804623,-24.867182,636.345502,-144.760307,629.943108,59.947666,0.006920,1,0
12.533000,-62.707560,205423.009604,177.025677,206568.657930,57.141432,207832.586175,95.061841,629.567777,-24.732939,633.106658,-144.883244,629.432728,59.954417,-0.001816,1,0
12.567000,-62.800270,206111.333613,176.940518,207931.192812,57.089256,208347.242171,95.739329,628.153651,-25.297360,630.456475,-144.804690,622.095868,59.954300,-0.000390,1,0
12.600000,-62.791717,207034.197320,177.088618,208159.519239,57.177516,208521.463452,95.259351,633.029116,-24.750098,629.565988,-144.713216,634.934083,59.958019,0.004825,1,0
12.633000,-62.877094,207428.541071,177.101291,209043.185890,57.204989,207277.497409,94.676712,628.882851,-24.967249,631.003280,-144.774143,628.443747,59.956431,0.003702,1,0
12.667000,-62.785740,205662.232304,177.189165,207635.148400,57.245722,207958.204077,95.122422,629.470307,-25.095883,624.767957,-144.876944,633.996357,59.959150,0.005593,1,0
12.700000,-62.778497,206140.638442,177.054689,207539.389682,57.148900,208047.462065,95.201471,628.854242,-24.769289,628.424688,-145.046985,630.115230,59.957805,0.002449,1,0
12.733000,-63.024906,205644.255327,177.159397,206699.910708,57.257051,206651.043864,94.679472,627.883572,-24.671579,628.280522,-144.718558,633.561380,59.960833,-0.000845,1,0
12.767000,-62.680128,205156.153941,177.226741,206102.055682,57.108418,208973.332569,94.838865,620.596624,-24.722294,632.157113,-145.057254,633.888722,59.952491,0.001382,1,0
12.800000,-62.877320,206869.965233,177.115146,208934.474779,57.128889,207039.111303,94.961139,635.564368,-24.681262,631.748247,-145.031725,634.369269,59.954790,0.002478,1,0
12.833000,-62.778191,205819.538561,177.055135,207142.012422,57.108107,206234.242910,95.078227,630.721932,-24.821442,626.546814,-144.896370,636.227376,59.954837,0.005291,1,0
12.867000,-62.953913,209959.824695,177.030199,207987.722557,57.183419,207376.407766,95.050662,633.705414,-24.767729,628.768934,-144.870525,629.621043,59.951372,0.002927,1,0
12.900000,-62.792695,206516.065772,177.208788,208331.064483,57.228742,207499.651878,94.952087,630.758380,-24.865378,632.099039,-144.883393,626.698081,59.948121,0.011780,1,0
12.933000,-62.913838,206869.496576,177.229473,208238.459983,56.953935,209121.711685,95.220831,632.897285,-24.539232,626.815542,-145.241884,630.026158,59.947673,0.007672,1,0
12.967000,-62.632784,208560.416740,177.138336,206500.988485,57.133522,207229.173830,95.642275,634.455984,-24.816068,632.699256,-145.089491,631.309384,59.945417,-0.008050,1,0
13.000000,-62.609875,207434.511721,177.237850,207458.054043,57.188352,206496.036848,95.306623,623.278234,-24.772415,621.493273,-144.652923,635.043105,59.942996,-0.007665,1,0
13.033000,-62.758408,209206.447048,177.242529,206980.433147,57.247140,206247.384758,95.124192,625.344456,-24.765947,620.525354,-144.527235,626.883018,59.944528,-0.001886,1,0
13.067000,-62.889178,207663.811576,177.232482,209135.521595,57.266574,206366.919223,94.855458,628.128323,-24.638270,623.208439,-144.406814,622.816843,59.947821,-0.001903,1,0
13.100000,-62.699769,208106.543805,177.076592,209489.932247,57.257747,207458.112701,95.290519,628.999925,-25.186257,625.403132,-144.372146,620.761461,59.938927,0.001529,1,0
13.133000,-62.890692,207401.753518,177.281161,208735.563124,57.288980,207582.342483,95.100238,627.605711,-24.727379,628.155276,-144.443823,632.113760,59.938238,0.006353,1,0
13.167000,-62.725871,207756.761081,177.079078,207431.013188,57.088894,207031.935889,95.466164,626.380296,-25.025128,624.175320,-144.786659,621.851927,59.947630,-0.005726,1,0
13.200000,-62.724880,206566.086585,177.084787,208165.143262,57.239293,206542.555796,95.163320,624.911564,-25.190973,630.159124,-144.709862,627.960761,59.954521,0.013010,1,0
13.233000,-62.770852,207694.423234,177.174685,208241.562873,57.219649,206083.861798,95.340001,627.753490,-24.948572,623.036694,-144.869318,626.351730,59.945327,-0.001712,1,0
13.267000,-63.012676,206935.705079,177.283347,208125.552407,57.327743,208388.044105,95.140646,625.449343,-24.661597,635.708480,-144.906423,628.406147,59.945482,0.005737,1,0
13.300000,-62.899480,205063.321730,177.093323,207760.682209,57.136667,206969.343654,95.247517,630.435125,-24.918300,632.351816,-144.987750,631.988711,59.946774,-0.006785,1,0
13.333000,-62.754491,206393.785417,177.168029,207744.344460,57.168563,208187.757427,95.203139,623.754127,-24.635874,626.699105,-144.842392,632.827813,59.943426,-0.010451,1,0
13.367000,-62.858615,206296.112750,177.187960,206816.933016,57.243174,206221.724674,94.916469,626.366060,-24.792218,627.382579,-144.741247,632.152379,59.945387,0.008701,1,0
13.400000,-62.812490,206861.357024,177.388569,207428.237264,57.035396,206810.702515,95.554587,627.345025,-24.999076,630.486000,-145.123672,626.049454,59.943044,-0.007980,1,0
13.433000,-62.760148,206961.207212,177.171640,205156.211981,57.027018,206964.437068,95.577194,623.478072,-25.011445,626.398936,-144.907543,626.134311,59.949267,0.007164,1,0
13.467000,-62.657135,206624.473432,177.323040,206637.356076,57.244652,204621.448020,95.276646,625.149137,-24.979427,629.173374,-144.556789,626.904091,59.951554,-0.001817,1,0
13.500000,-62.678579,207174.785071,177.214628,207627.162010,56.984790,207046.651994,95.102359,625.993126,-24.680765,627.834296,-145.149839,631.240906,59.946749,0.009922,1,0
13.533000,-62.645716,207114.745977,177.309566,206374.162295,57.419709,207897.280317,95.593383,629.674361,-24.813428,627.429601,-144.672620,628.298231,59.944935,-0.008676,1,0
13.567000,-62.710049,207662.841243,177.381552,205223.571170,57.304449,208118.553337,95.656966,623.582117,-24.622254,627.595700,-144.741456,627.610656,59.949727,-0.001468,1,0
13.600000,-62.537243,206498.822283,177.288265,208472.143050,57.242309,208515.214465,95.268207,632.460376,-24.781389,630.604947,-144.630878,629.589104,59.948204,0.006180,1,0
13.633000,-62.588053,206485.486269,177.295040,206758.095432,57.456076,206903.389741,95.323555,627.897210,-24.697984,628.175029,-144.639900,632.262992,59.948824,-0.008333,1,0
13.667000,-62.698379,206762.355615,177.252559,208470.766958,57.289603,206681.577462,95.036940,627.617558,-25.000765,628.698693,-144.788373,630.796071,59.944926,0.008861,1,0
13.700000,-62.740255,206817.246876,177.255744,206828.245613,57.277893,207322.080295,95.208407,630.678232,-24.512594,627.755483,-144.598770,629.774157,59.949579,-0.002660,1,0
13.733000,-62.749871,205740.360456,177.361442,207151.173828,57.263006,208551.531854,95.072894,629.539091,-24.649818,640.173125,-144.699315,629.625971,59.947675,0.002034,1,0
13.767000,-62.782581,208146.338573,177.331517,206934.777466,57.210245,205926.940175,95.225293,628.012331,-24.608655,629.102316,-144.606227,631.756562,59.950162,-0.001867,1,0
13.800000,-62.840795,206906.326785,176.994871,206790.981903,57.144107,207908.479185,95.167618,633.281098,-25.200330,626.406376,-144.744760,628.554396,59.944410,-0.002683,1,0
13.833000,-62.606900,206886.333672,177.152002,208909.408972,57.155788,208339.967749,95.291057,630.358737,-24.840787,635.939050,-144.642190,636.578829,59.944738,-0.006994,1,0
13.867000,-62.744414,206304.129998,177.178320,208183.017371,57.324606,207962.922030,94.891708,627.505222,-24.922867,637.739928,-144.331246,635.917966,59.946332,0.004706,1,0
13.900000,-62.771706,209681.562261,177.222524,207697.307227,57.251865,208182.349921,95.405494,631.625559,-24.454912,631.391858,-144.697551,625.113449,59.941918,0.003559,1,0
13.933000,-62.637303,206535.002669,177.340612,206224.272751,57.157337,207523.877812,95.499904,624.610335,-24.812500,626.137035,-144.877134,631.914664,59.948614,0.001508,1,0
13.967000,-62.749741,208022.042238,177.239786,209120.372493,57.356547,208707.052090,95.065125,632.786026,-25.118185,622.073271,-144.770670,625.033192,59.942333,-0.002766,1,0
14.000000,-62.445620,207435.974304,177.430452,206692.777278,57.339753,208299.831125,95.642162,628.791296,-24.617627,628.469843,-144.538427,624.732946,59.952363,0.003995,1,0
14.033000,-62.844940,208433.008592,177.355196,209396.567957,57.303169,206327.019513,94.986472,622.527124,-24.613325,623.718145,-144.718138,626.309618,59.949448,0.007836,1,0
14.067000,-62.606045,207052.835787,177.301322,207022.293684,57.305126,207849.640949,95.765986,632.841067,-24.996069,630.968862,-144.547166,626.989078,59.953262,-0.001802,1,0
14.100000,-62.686906,207962.792088,177.303169,208088.593735,57.439127,207611.136668,94.975841,629.661403,-24.753053,628.377211,-144.787431,626.083625,59.946053,-0.001713,1,0
14.133000,-62.543315,207989.305803,177.461814,207931.200077,57.399397,206288.810548,95.464068,630.436982,-24.287131,629.523915,-144.512696,624.219540,59.951426,0.001532,1,0
14.167000,-62.441672,205624.474937,177.563193,206205.541370,57.504924,207924.632551,95.657173,622.395647,-24.277379,622.465945,-144.266791,630.467766,59.954182,0.002906,1,0
14.200000,-62.662254,206671.346784,177.493404,208442.302558,57.391612,207457.311241,95.309476,624.738725,-24.398820,632.771864,-144.720051,622.546771,59.947502,-0.015516,1,0
14.233000,-62.569336,206767.826326,177.602911,208029.818417,57.285820,206540.834103,95.432591,627.292712,-24.178975,629.358420,-144.604641,628.306913,59.945268,0.001936,1,0
14.267000,-62.651180,208315.866942,177.418022,207191.292768,57.304991,208906.380353,95.264291,627.510881,-24.355131,640.584198,-144.655637,624.725196,59.947674,0.007019,1,0
14.300000,-62.644990,207894.622556,177.433855,207544.525917,57.259840,207406.730356,95.365985,626.773176,-24.549397,628.452000,-144.671264,629.224779,59.950990,0.009999,1,0
14.333000,-62.775343,205508.865520,177.389887,206748.671491,57.421552,208111.784830,95.196618,631.901788,-24.402816,629.472442,-144.325647,627.807913,59.944805,0.007144,1,0
14.367000,-62.702846,205947.194023,177.443781,208167.419567,57.367521,208305.347549,95.267522,631.204572,-24.356731,629.064225,-144.588794,628.928257,59.947456,-0.001371,1,0
14.400000,-62.570769,205901.844422,177.364242,207207.182575,57.377305,207499.321175,95.547667,631.620218,-24.847370,635.237548,-144.239939,630.101598,59.954397,-0.008409,1,0
14.433000,-62.494210,207750.344914,177.440962,207879.213018,57.476396,206964.505136,95.178773,626.652043,-24.736039,629.360644,-144.816226,631.468625,59.952549,-0.001439,1,0
14.467000,-62.563385,207082.728368,177.386078,208161.580937,57.269328,209309.653896,95.562663,633.252286,-24.472918,631.031677,-144.828683,628.258422,59.951591,0.001794,1,0
14.500000,-62.701209,206673.228457,177.292753,208432.049347,57.411601,207148.783709,95.057084,635.217828,-24.892718,628.108649,-144.819854,635.131912,59.951235,-0.018831,1,0
14.533000,-62.550820,207434.066808,177.553505,208758.027893,57.270736,207277.238802,95.626971,635.055508,-24.676286,630.264165,-145.128929,631.420776,59.951048,0.006143,1,0
14.567000,-62.614774,207128.848644,177.343334,207027.462555,57.014025,208872.859875,95.209267,635.948940,-24.809585,631.798454,-145.062947,631.843918,59.948753,0.001871,1,0
14.600000,-62.731436,207265.046327,177.475628,205955.603020,57.353285,207942.548288,95.330370,632.934392,-24.511756,632.696765,-144.431429,628.242854,59.952420,0.009499,1,0
14.633000,-62.803371,209105.558500,177.301248,208175.463986,57.273348,207956.135586,95.554187,625.939293,-25.074005,630.949752,-144.824903,632.134556,59.947071,0.000171,1,0
14.667000,-62.695959,206880.798849,177.440487,206504.316407,57.222721,206804.054538,95.448617,635.907434,-24.307084,634.783201,-144.766995,637.290392,59.944579,0.002839,1,0
14.700000,-62.638962,207936.942535,177.357693,208371.392251,57.334911,207433.287951,95.179489,630.454430,-24.594254,636.757887,-144.788199,630.217888,59.959917,0.002083,1,0
14.733000,-62.648953,206727.788846,177.342728,206902.526972,57.392647,208394.888302,95.408679,627.343422,-24.398746,627.919570,-144.654518,627.091054,59.945882,-0.001167,1,0
14.767000,-62.625577,205986.367631,177.216739,207710.326185,57.242350,206599.422546,95.495458,634.286791,-24.734567,634.820434,-144.737822,635.595658,59.949693,0.005164,1,0
14.800000,-62.630297,206212.133115,177.532783,207201.080901,57.298286,208458.364888,95.498117,632.638653,-24.540057,632.862055,-144.850360,629.634467,59.943316,0.002657,1,0
14.833000,-62.680515,205853.565690,177.224037,207024.950909,57.360675,206901.465660,95.397816,631.639178,-24.995627,634.108727,-144.834641,638.315534,59.954958,0.009555,1,0
14.867000,-62.642854,205439.956616,177.565123,208090.097955,57.430128,207112.599785,95.326419,633.523519,-24.437220,634.574131,-144.487083,634.473762,59.954303,-0.005913,1,0
14.900000,-62.570504,207038.181898,177.499911,207599.223883,57.394335,207964.355607,95.235535,634.685548,-24.225765,633.070034,-144.592442,634.123707,59.949353,0.001302,1,0
14.933000,-62.488740,207534.611138,177.460810,207465.067811,57.338137,206437.184393,95.652027,634.217357,-24.543021,629.750663,-144.623679,639.836651,59.952787,0.003583,1,0
14.967000,-62.883584,207852.709572,177.255819,206554.819004,57.347606,206320.101985,95.306187,640.689047,-24.773949,627.987610,-144.563933,631.043922,59.958427,0.002024,1,0
15.000000,-62.633159,206541.501406,177.391510,207257.819976,57.556494,206868.537772,95.783981,637.517771,-24.361069,641.703007,-144.835030,635.465719,59.961626,-0.006874,1,0
15.033000,-62.484656,207360.323693,177.368464,206286.538154,57.344371,206848.860931,95.601439,640.556140,-24.762409,637.904189,-144.617070,638.552643,59.958636,0.000008,1,0
15.067000,-62.673389,205898.324414,177.562134,207992.361025,57.630548,207945.844809,95.291008,636.435986,-24.356763,633.850563,-144.546693,637.302618,59.956443,-0.016327,1,0
15.100000,-62.436524,208724.888681,177.615461,207993.646515,57.600528,208511.927729,95.860475,638.215092,-24.363583,640.852408,-144.232773,631.015256,59.954370,0.010335,1,0
15.133000,-62.517427,207032.163524,177.614036,208096.058974,57.462321,207684.179742,95.542796,636.370071,-24.613916,637.922678,-144.498226,632.719503,59.954007,-0.003787,1,0
15.167000,-62.284941,207550.627930,177.719009,209074.815608,57.513477,207810.911380,95.699310,633.586530,-24.451867,637.484529,-144.475562,629.096933,59.961320,-0.008604,1,0
15.200000,-62.454436,206665.464720,177.661321,208160.256897,57.400803,207070.150705,95.498263,632.363310,-24.176391,629.453108,-144.614515,631.776894,59.963202,-0.003577,1,0
15.233000,-62.433830,208481.661697,177.508808,205962.737481,57.508675,206766.273197,95.571567,631.613791,-24.679504,638.559022,-144.306714,635.260003,59.956434,-0.000281,1,0
15.267000,-62.448705,206714.258205,177.508529,207078.600241,57.469271,207938.243637,95.314990,632.670767,-24.424806,625.549401,-144.558951,631.997935,59.949801,0.009839,1,0
15.300000,-62.417964,206697.157304,177.432193,207981.974484,57.519276,207963.489507,95.621617,635.910769,-24.246197,635.934903,-144.306898,635.202719,59.951466,-0.008878,1,0
15.333000,-62.429687,208450.511275,177.376757,207471.088347,57.707524,208608.001286,95.557966,637.231892,-24.463388,639.871026,-144.065279,632.409700,59.949791,0.001322,1,0
15.367000,-62.386121,206731.172450,177.548496,207247.259182,57.594562,206562.292150,95.611300,632.663774,-24.330105,627.326399,-144.382267,633.848275,59.949058,-0.011589,1,0
15.400000,-62.568842,207641.793119,177.739741,208022.406768,57.461004,207760.928856,95.491491,630.200977,-24.396569,638.312395,-144.863604,630.684433,59.952536,-0.002559,1,0
15.433000,-62.585157,208038.321281,177.490575,206957.125263,57.574403,206401.343676,95.274039,633.819823,-24.697978,633.056794,-144.377900,631.411113,59.949197,-0.008293,1,0
15.467000,-62.620407,207267.379864,177.579413,209763.569488,57.671399,207192.167766,95.426420,634.270264,-24.578746,630.750085,-144.312007,636.015751,59.960168,-0.003780,1,0
15.500000,-62.456285,206946.869265,177.523406,208476.849831,57.668842,207339.260826,95.679327,631.092499,-24.474229,631.551102,-144.135212,631.487613,59.959539,0.013997,1,0
15.533000,-62.513495,206788.993670,177.288771,207729.347305,57.462001,208751.214329,95.615228,633.979329,-24.503512,637.002519,-144.461647,631.083974,59.951139,0.001338,1,0
15.567000,-62.520922,207396.049833,177.485526,208194.395756,57.610721,206053.886725,95.386437,634.914946,-24.189011,636.395661,-144.438774,633.682954,59.953257,0.007114,1,0
15.600000,-62.415435,206642.303357,177.478678,208484.678674,57.548804,207347.574719,95.615839,637.957135,-24.321784,634.884758,-144.730512,641.200878,59.950045,0.004667,1,0
15.633000,-62.465530,206562.642231,177.590624,209437.777420,57.615827,207506.925190,95.472181,641.460699,-24.429215,638.772832,-144.558839,636.674133,59.959798,-0.008805,1,0
15.667000,-62.630721,208354.647384,177.383739,207455.634187,57.443068,206509.143320,95.507111,636.311317,-24.516339,639.615963,-144.493432,639.748902,59.965272,0.005184,1,0
15.700000,-62.584776,208435.369425,177.313563,207627.478648,57.554538,207564.601254,95.391766,641.935653,-24.613528,640.649186,-144.763250,637.527501,59.955044,-0.014821,1,0
15.733000,-62.435494,207554.613702,177.568645,207228.905023,57.584163,208447.434342,95.121659,632.961836,-24.647249,635.819469,-144.384900,646.242762,59.958988,0.013998,1,0
15.767000,-62.506220,206238.290633,177.345681,208649.902236,57.413480,206604.063447,95.362803,634.213408,-24.709275,642.605992,-144.298992,640.761517,59.962884,0.002570,1,0
15.800000,-62.329857,205457.888074,177.432134,207278.751597,57.348971,205247.074458,95.856444,637.224877,-24.641699,634.660640,-144.529713,640.541440,59.953352,0.013486,1,0
15.833000,-62.552972,207554.781528,177.472361,207839.314552,57.454529,206285.582628,95.525680,633.858401,-24.784352,638.438066,-144.754108,639.647839,59.950069,0.005046,1,0
15.867000,-62.833041,205284.851029,177.400052,208089.430953,57.427602,207508.084212,94.987570,639.664221,-24.522062,641.914066,-144.234158,638.381142,59.956990,-0.002893,1,0
15.900000,-62.599568,207757.281706,177.504930,209250.788173,57.504805,207816.861734,95.634981,636.078272,-24.673186,638.023775,-144.649379,632.612574,59.960873,-0.007896,1,0
15.933000,-62.432540,207445.682739,177.573875,209272.560026,57.280136,207326.248027,95.644531,645.580850,-24.400476,635.546048,-144.610135,642.670434,59.945813,0.005316,1,0
15.967000,-62.611491,207456.307431,177.322902,207870.048554,57.394490,208052.916504,95.260580,640.540217,-24.629198,639.723806,-144.928648,639.592900,59.951077,0.004655,1,0
16.000000,-62.629053,205657.355526,177.163913,208063.762521,57.296955,206659.348290,95.485100,641.514356,-24.808163,645.255015,-144.705296,645.459850,59.957082,-0.015409,1,0
16.033000,-62.586631,208011.150227,177.365186,207486.950124,57.318733,208140.596784,95.414375,643.470537,-24.726847,635.712040,-144.828115,629.518079,59.949408,0.009728,1,0
16.067000,-62.725034,207075.938977,177.206488,207749.419485,57.296196,207965.852989,95.158040,632.424049,-24.646129,635.296853,-144.483564,640.630274,59.957901,-0.002944,1,0
16.100000,-62.535104,206515.938035,177.386411,205598.403695,57.558162,208433.968719,95.237201,638.629271,-24.716433,631.269049,-144.847324,636.496509,59.945478,0.016571,1,0
16.133000,-62.848444,205222.866629,177.402880,206275.548809,57.393595,206558.561950,95.143132,636.299942,-24.675198,634.620632,-144.579441,639.031377,59.952644,-0.000165,1,0
16.167000,-62.758055,207857.449249,177.207545,207189.792634,57.528113,205636.355158,95.281656,634.915071,-25.151366,643.072901,-144.001508,638.846492,59.955541,0.010358,1,0
16.200000,-62.781519,207872.024307,177.286106,207685.615220,57.288411,206042.790760,95.038428,633.012557,-24.822088,629.162064,-144.951095,629.441955,59.946527,0.007347,1,0
16.233000,-62.433158,206290.854295,177.442292,206685.502939,57.519949,205973.756962,95.352667,629.081100,-24.637673,634.783982,-144.734709,634.560111,59.945030,-0.008237,1,0
16.267000,-62.568558,207933.136952,177.527706,206789.640286,57.337818,207319.330980,95.663009,629.696957,-24.476038,630.745120,-144.857331,632.212823,59.949134,-0.008622,1,0
16.300000,-62.557755,205776.010653,177.246707,206738.473296,57.441677,206760.105880,95.399426,626.986847,-24.751960,638.344294,-144.716276,627.482354,59.952246,0.007381,1,0
16.333000,-62.586636,206680.011777,177.423926,206726.516770,57.446257,207088.931896,95.633164,628.348471,-24.772553,630.958291,-144.478597,635.121973,59.945627,0.023754,1,0
16.367000,-62.700053,207206.260858,177.318115,207906.495945,57.687830,205136.849852,95.025427,629.628481,-24.953060,635.006468,-144.270107,636.625025,59.947582,-0.003251,1,0
16.400000,-62.537115,207473.243878,177.375952,207057.008176,57.329230,207471.450969,95.311052,642.371166,-24.472170,636.259428,-144.735274,633.244455,59.949803,-0.006767,1,0
16.433000,-62.614440,205923.339279,177.359003,208000.444922,57.398280,206563.161842,94.975002,638.638498,-24.188056,637.584936,-144.779308,638.295956,59.954236,-0.007072,1,0
16.467000,-62.460433,206233.054823,177.363858,206690.075340,57.443006,206738.167638,95.498030,645.014944,-24.313248,634.238113,-144.351784,635.349228,59.947945,0.006747,1,0
16.500000,-62.568537,207042.886330,177.472260,206613.157240,57.500725,205312.899156,95.517286,637.186058,-24.822242,637.981434,-144.454633,634.567836,59.952543,-0.005912,1,0
16.533000,-62.528697,207169.723127,177.368454,207358.493154,57.530034,207319.425314,95.103103,635.696103,-24.440993,637.774666,-144.371764,630.994809,59.946884,-0.000219,1,0
16.567000,-62.517580,207186.322676,177.372856,208482.657418,57.678586,207388.423514,95.531484,631.850824,-24.993634,634.094951,-144.148479,635.618505,59.948085,0.009026,1,0
16.600000,-62.598897,206194.101345,177.487270,205947.268426,57.452062,206476.606257,95.321323,631.594388,-24.826271,629.359968,-144.598364,628.346782,59.945810,-0.013066,1,0
16.633000,-62.686575,206236.831273,177.226000,207618.983249,57.238131,207587.030777,95.369862,635.249256,-24.885508,626.878223,-144.821982,630.874551,59.946039,0.001869,1,0
16.667000,-62.635287,206880.719479,177.418959,205564.975863,57.458968,205031.149490,95.355929,632.084330,-24.690800,630.791722,-144.465518,626.444158,59.955854,-0.009285,1,0
16.700000,-62.651849,206061.948227,177.311384,207240.054389,57.331471,204761.699716,95.620269,631.693697,-24.609559,624.851104,-144.659526,633.158089,59.956125,-0.007026,1,0
16.733000,-62.563428,208044.948840,177.445518,207149.853642,57.483710,206379.461654,95.124677,632.925157,-24.442623,622.114745,-144.393641,626.855876,59.949100,-0.001726,1,0
16.767000,-62.653790,206981.135208,177.255745,205790.162252,57.427236,207957.794915,95.153173,628.821294,-24.893838,637.488182,-144.277805,635.243492,59.953827,0.005298,1,0
16.800000,-62.756476,206864.305598,177.274630,206723.371941,57.382441,205460.477009,95.337515,636.866795,-24.768081,638.042930,-144.430267,637.921326,59.954208,-0.013021,1,0
16.833000,-62.631092,205684.247735,177.342694,206060.176303,57.301635,206472.160612,95.255240,626.424579,-24.713935,626.046859,-144.883050,627.861000,59.956844,-0.003794,1,0
16.867000,-62.782528,207151.785179,177.341400,207471.291766,57.357067,208366.792625,94.803041,629.193979,-24.588061,630.748582,-144.604103,631.754265,59.962016,-0.012799,1,0
16.900000,-62.567422,206895.548104,177.327152,206635.919807,57.381063,206024.137838,95.447582,634.338751,-24.569499,626.717936,-144.534782,641.444629,59.957979,-0.007557,1,0
16.933000,-62.698481,206201.239078,177.364525,206582.655497,57.349210,207318.946694,95.172315,630.023703,-24.473569,632.103525,-144.603181,637.289383,59.960489,0.009874,1,0
16.967000,-62.961317,207454.163635,177.249962,206434.965115,57.433426,206499.464115,94.583155,631.190792,-24.722518,643.028306,-144.474995,632.755679,59.960596,-0.001075,1,0
17.000000,-62.824479,206804.749838,177.226032,208183.517853,57.265777,207429.604416,95.038487,632.579520,-24.633309,628.779677,-144.911487,633.283035,59.963244,0.005823,1,0
17.033000,-62.759242,207254.451466,177.381729,207783.418881,57.241397,207619.766667,95.129876,634.581893,-24.559808,627.719783,-144.675704,631.349979,59.964828,-0.003408,1,0
17.067000,-62.683347,206544.373898,177.160946,205926.251707,57.221774,206580.632438,95.133069,635.935285,-24.712034,638.454805,-144.583213,635.169644,59.959032,-0.010686,1,0
17.100000,-62.973012,207579.512938,177.353925,208347.172946,57.172296,205312.971263,95.330724,637.608230,-24.745689,631.051963,-144.555713,632.336198,59.954882,0.010284,1,0
17.133000,-62.737667,207205.912052,177.222849,208356.848096,57.111117,206200.794143,95.348612,632.537364,-24.793595,634.797088,-144.626712,633.148709,59.970170,-0.006825,1,0
17.167000,-62.735958,206391.707530,177.243895,208341.779928,57.227537,208534.555807,95.407040,632.383727,-24.726779,634.521828,-144.517378,630.496673,59.968659,0.005264,1,0
17.200000,-62.762851,207506.035912,177.148708,208246.547688,57.183306,206244.046741,95.436119,633.954432,-24.525685,636.905801,-144.755412,638.349889,59.959916,0.000889,1,0
17.233000,-62.616371,208079.585305,177.125064,207942.065513,57.157113,207432.054355,95.648217,637.916224,-25.018206,636.152544,-144.989347,628.938210,59.965337,-0.008130,1,0
17.267000,-62.992488,208267.159497,177.312485,207869.808249,57.124679,207796.700502,94.850903,628.008416,-24.760244,635.886266,-145.225786,629.386228,59.963489,-0.005058,1,0
17.300000,-62.794821,208090.696789,177.322196,207804.121245,57.104336,205930.000310,95.475148,629.528839,-24.820349,635.742766,-145.042801,639.587494,59.968655,-0.008320,1,0
17.333000,-62.728701,208231.419394,177.290787,210029.147192,57.278348,208877.984948,95.301631,635.896105,-24.601000,633.518623,-144.876991,637.301581,59.963721,0.006409,1,0
17.367000,-62.795005,206513.443989,177.283169,206283.434130,57.232929,207897.804261,95.579465,633.043955,-24.476809,629.285006,-144.877789,630.118671,59.957806,0.003569,1,0
17.400000,-62.833687,206893.473537,177.318057,208542.462836,57.220828,207747.116958,95.075278,630.918027,-24.530430,624.789748,-144.522063,626.340129,59.956355,-0.009792,1,0
17.433000,-62.529031,207891.557301,177.334895,207694.103283,57.299584,207503.912605,95.640991,627.150582,-24.472540,622.579351,-144.633876,630.569052,59.965266,0.002287,1,0
17.467000,-62.878551,206376.036164,177.346747,207794.854170,57.364618,206169.016478,95.509523,625.113150,-24.474866,630.138843,-144.487399,625.321847,59.965206,0.004661,1,0
17.500000,-62.732542,206982.500633,177.341777,207216.725740,57.371030,208183.008667,95.160234,626.973453,-24.764602,626.131357,-144.621664,625.693948,59.956378,0.010057,1,0
17.533000,-62.735812,207295.698738,177.257404,206409.185027,57.367011,206144.655793,95.183402,624.687099,-24.547303,620.513823,-144.541203,628.295499,59.966330,-0.007703,1,0
17.567000,-62.707865,206884.607900,177.251589,206074.835183,57.267002,206535.129826,95.378083,627.665856,-24.686705,635.887397,-144.859604,628.243279,59.960201,0.000848,1,0
17.600000,-62.714225,207274.652537,177.423892,207289.078911,57.129220,208074.185125,95.373999,627.172220,-24.375170,630.715541,-145.050733,634.357881,59.958034,-0.007866,1,0
17.633000,-62.863328,206533.721594,177.267481,208489.302964,57.071299,208536.975919,95.045370,626.761681,-24.828743,634.625488,-145.008144,636.741688,59.957750,-0.002851,1,0
17.667000,-62.684981,207666.449459,177.178843,206682.273806,57.096178,207987.761215,95.427586,633.066895,-24.664490,631.227082,-144.848218,632.675627,59.948273,-0.005930,1,0
17.700000,-62.763879,206790.890384,177.235822,208565.533894,57.165609,207537.706366,95.520086,625.870145,-24.764860,628.047909,-144.880189,628.018613,59.949780,0.002385,1,0
17.733000,-62.838490,208283.059661,177.486802,206183.745378,57.219443,208172.720171,95.233686,625.173118,-24.582809,624.894910,-144.845989,621.294463,59.945531,-0.000807,1,0
17.767000,-62.704052,206211.638486,177.231830,206563.598250,57.483395,207613.738111,95.542883,624.321668,-24.754352,626.033174,-144.538593,627.615535,59.951069,0.002220,1,0
17.800000,-62.668227,206835.500706,177.187246,207942.888572,57.051255,208336.219982,95.309120,627.550686,-24.368306,628.240278,-145.047328,624.657771,59.950792,-0.004819,1,0
17.833000,-62.811503,207696.052049,177.108800,209072.588806,57.228441,207771.616132,95.380763,625.001839,-24.769275,624.736179,-145.011941,629.581039,59.956757,0.001823,1,0
17.867000,-62.677401,208638.228852,177.171755,208624.803841,57.261427,208090.773730,95.309584,625.250763,-24.699157,619.571902,-144.559423,612.450473,59.960317,-0.002731,1,0
17.900000,-62.691241,207648.447634,177.177538,208083.528838,57.298165,208667.532273,95.370435,621.209283,-24.970629,618.483865,-145.146197,621.518319,59.956647,-0.006974,1,0
17.933000,-62.887385,207518.953867,177.264438,208644.283959,57.107836,207667.624161,94.775166,622.074661,-24.864491,625.172835,-145.001723,623.865384,59.948514,0.000873,1,0
17.967000,-62.579501,207150.729695,177.042272,207953.479475,57.329708,209549.143900,94.990112,622.639011,-24.747756,626.347058,-144.533156,627.272408,59.945630,-0.009774,1,0
18.000000,-62.639174,207280.464648,177.047382,207508.022876,57.182383,210231.191031,95.427645,626.871804,-25.007581,621.290378,-144.968933,630.209685,59.945794,0.001548,1,0
18.033000,-62.762339,207596.429734,177.219131,209817.821011,57.284296,208345.939881,95.559742,620.064545,-24.715342,632.772881,-144.622568,631.167120,59.946711,0.009045,1,0
18.067000,-62.872446,207921.344691,177.132886,206349.572825,57.232168,208991.619905,95.150317,623.869383,-24.933444,624.908302,-144.947479,628.788512,59.936884,0.008661,1,0
18.100000,-62.746661,207524.652112,177.204826,206781.467963,57.470306,207989.313082,95.209162,626.224004,-24.692245,623.352093,-144.289512,623.388887,59.941052,-0.004292,1,0
18.133000,-62.846144,206713.787610,177.124028,208369.938821,57.286793,207793.175913,94.996593,623.815356,-24.900067,629.532975,-144.650929,628.963708,59.941854,-0.000542,1,0
18.167000,-62.797653,207738.054617,177.154252,207685.150292,57.380240,208756.807537,95.156152,618.708653,-24.801035,631.683131,-144.363368,625.793262,59.944983,-0.006096,1,0
18.200000,-62.763431,207333.607548,177.245942,207909.810508,57.500782,207905.954060,94.885617,623.538567,-25.222087,630.452932,-144.474710,625.850100,59.937414,0.010294,1,0
18.233000,-62.727252,207516.773470,177.052052,206230.602386,57.201822,208749.474277,95.247962,625.765596,-25.125526,625.319941,-144.825433,625.131665,59.938852,0.003810,1,0
18.267000,-62.666702,206706.623828,177.217169,209431.134272,57.153869,206396.095274,95.569967,624.163279,-24.507424,624.301541,-144.708649,627.785931,59.940005,-0.002356,1,0
18.300000,-62.757193,206867.010629,177.200703,208811.172317,57.382602,206961.411241,94.920536,623.518220,-24.524458,622.511502,-144.211663,619.703037,59.941035,0.002633,1,0
18.333000,-62.656934,207480.531228,177.375058,207734.477517,57.324060,207887.780981,95.335443,620.407877,-24.673801,622.638916,-144.823134,616.014730,59.940978,0.002439,1,0
18.367000,-62.817984,207367.201752,177.190509,207634.100721,57.110988,206497.100904,95.258827,620.047659,-24.783512,626.712167,-145.230302,624.912189,59.942747,-0.013035,1,0
18.400000,-62.710575,206671.500872,177.316763,205751.458954,57.327769,208103.098560,95.383571,631.553215,-24.910448,623.365192,-145.007426,622.013636,59.938853,-0.000939,1,0
18.433000,-62.624058,206060.927812,177.275587,207279.146273,57.328480,207796.190285,95.448645,620.110335,-24.874881,620.284593,-144.667173,620.899895,59.936977,0.005246,1,0
18.467000,-62.878882,207173.511754,177.226760,209571.326589,57.304831,208907.870353,95.167127,621.822215,-24.939704,615.730965,-144.424919,624.901741,59.943531,0.000125,1,0
18.500000,-62.690916,207635.742095,177.315130,207702.242183,57.287608,208709.259834,95.318576,628.005956,-24.552507,624.458125,-144.751791,621.035187,59.939336,-0.005065,1,0
18.533000,-62.807048,207692.415616,177.132463,207276.331060,57.350258,209692.450409,95.171864,617.824707,-25.056221,619.829996,-144.729246,617.202996,59.931129,-0.013534,1,0
18.567000,-62.611234,208137.927052,177.253766,208541.837675,57.401395,208821.125143,95.295224,625.253931,-24.829077,627.461114,-144.593653,627.508130,59.938378,0.002079,1,0
18.600000,-62.645763,206483.943137,177.384140,206581.849273,57.110958,208237.063882,95.565899,618.570463,-24.834542,617.924502,-144.882236,622.564790,59.944337,-0.002910,1,0
18.633000,-62.616267,207304.088767,177.338405,208264.953445,57.253091,207564.981305,95.703581,619.004778,-24.899127,623.197103,-144.724272,615.844327,59.937020,-0.000718,1,0
18.667000,-62.552936,209310.125338,177.244057,207951.339133,57.547877,209318.539283,95.704268,611.955708,-25.154592,621.599905,-144.574352,616.432926,59.948203,-0.005066,1,0
18.700000,-62.773832,208059.656815,177.211163,208896.480346,57.184212,208163.914483,95.059682,615.710698,-24.924036,616.581793,-144.708876,617.678870,59.938282,-0.003842,1,0
18.733000,-62.569489,207001.932069,177.363338,209766.715283,57.443042,208260.464843,95.834253,609.305017,-24.458182,613.672067,-144.506538,619.471632,59.934811,-0.009061,1,0
18.767000,-62.810234,208446.746976,177.350382,208658.216109,57.217578,207990.717280,94.999887,619.339023,-24.415757,613.972564,-144.779386,615.822450,59.941490,-0.011732,1,0
18.800000,-62.569298,206960.124490,177.198520,209689.746647,57.325615,208074.795686,95.293727,615.466869,-24.896301,613.464234,-144.679389,610.087207,59.941994,0.000540,1,0
18.833000,-62.745027,207456.059206,177.087200,208447.414013,57.323256,209430.491240,95.372623,612.453394,-25.178081,612.268159,-144.500576,614.781670,59.944068,-0.004949,1,0
18.867000,-62.662053,207914.928815,177.197688,208909.483758,57.350663,208443.707959,95.298398,608.552780,-24.915166,613.289513,-145.074844,615.148657,59.947899,-0.001435,1,0
18.900000,-62.589917,208875.092275,177.580695,208428.536662,57.391938,210327.082699,95.220366,610.242107,-24.152589,611.372961,-144.635587,612.380593,59.946938,-0.012887,1,0
18.933000,-62.791994,209125.945620,177.250285,209615.270163,57.465098,207623.545039,95.394710,617.249247,-24.834172,614.283172,-144.408343,614.775063,59.949411,0.002423,1,0
18.967000,-62.587804,208613.448941,177.251436,207696.377672,57.298894,208461.620774,95.658770,615.306893,-25.031959,612.490734,-144.461414,611.119566,59.948213,-0.016054,1,0
19.000000,-62.554480,209759.647461,177.396405,209923.639342,57.465130,210250.092795,95.767741,617.097422,-24.383084,618.029279,-144.750507,613.156142,59.940830,-0.000032,1,0
19.033000,-62.495710,208099.059976,177.419599,208630.430907,57.448062,209430.134112,95.298117,620.302280,-24.689011,618.000929,-144.287364,612.759995,59.948569,-0.001338,1,0
19.067000,-62.607439,209706.633852,177.627402,208495.760724,57.267091,209439.385154,95.230477,616.187497,-24.361355,613.279484,-144.728393,614.285349,59.952912,0.001837,1,0
19.100000,-62.406348,208725.267312,177.470794,208461.634245,57.607209,207801.098384,95.568543,611.687576,-24.605169,613.091521,-144.207190,612.403697,59.948993,0.004322,1,0
19.133000,-62.715373,209112.439279,177.479913,210125.519414,57.396230,209756.985399,95.096828,618.260171,-24.571626,615.029207,-144.679587,616.239404,59.949429,-0.000982,1,0
19.167000,-62.570192,209201.723924,177.338611,210383.503660,57.351185,209863.867901,95.405570,615.931495,-24.454792,614.408240,-144.402785,611.506944,59.955799,-0.011526,1,0
19.200000,-62.683292,207861.891442,177.412539,208333.502951,57.477016,209707.020579,95.392611,612.801476,-24.766099,611.150995,-144.261376,621.246905,59.949283,-0.005227,1,0
19.233000,-62.534567,209488.943628,177.515835,208494.653227,57.368152,210068.356207,95.826065,612.846748,-24.559351,610.223911,-144.760268,611.156899,59.947122,0.003880,1,0
19.267000,-62.791845,208655.501454,177.478926,208869.427413,57.462874,207876.942810,95.148946,620.976074,-24.515585,617.256441,-144.311650,615.141936,59.943712,0.003792,1,0
19.300000,-62.598375,208910.790761,177.645956,209805.097824,57.224709,208369.036402,95.504879,617.091179,-24.085910,614.584946,-144.795447,617.487362,59.951379,0.005102,1,0
19.333000,-62.545326,208347.269928,177.191498,208195.744726,57.331952,209991.289702,95.245589,610.486541,-24.741915,617.790166,-144.795655,618.995943,59.954375,0.000364,1,0
19.367000,-62.549947,207691.776000,177.240596,208166.644935,57.397706,209628.480756,95.657816,622.831822,-24.878555,614.935006,-144.521671,614.821509,59.946460,0.013526,1,0
19.400000,-62.568447,208419.366612,177.321536,210104.932703,57.312096,206832.486351,95.539015,620.194619,-24.679802,615.996380,-144.842081,619.055407,59.952001,0.011979,1,0
19.433000,-62.603081,209106.704233,177.265132,209567.492059,57.273446,209140.322107,95.597840,608.638708,-24.557082,616.617567,-144.956352,611.874905,59.949713,-0.013042,1,0
19.467000,-62.664588,209906.046049,177.456069,210873.264916,57.357871,208781.003533,95.309606,611.451044,-24.322333,620.812955,-144.876349,622.121778,59.944874,-0.012380,1,0
19.500000,-62.600593,208726.122374,177.266070,210518.799359,57.354070,210675.424781,95.318403,625.148725,-25.195977,625.826462,-144.783262,618.207384,59.945722,-0.007157,1,0
19.533000,-62.614820,208174.054857,177.364101,209117.423909,57.460099,208406.314002,95.402531,619.554082,-24.600318,622.106410,-144.470770,623.571710,59.936621,-0.005862,1,0
19.567000,-62.539012,210210.802366,177.335050,210031.672714,57.307239,209475.374051,95.387544,622.754633,-24.455207,613.780734,-144.377621,622.464104,59.957845,0.002090,1,0
19.600000,-62.545552,208042.084921,177.500684,209474.177597,57.374703,209167.356110,95.300861,616.629480,-24.703674,612.944125,-144.682980,621.789336,59.944224,0.013046,1,0
19.633000,-62.739262,207031.964153,177.246785,208585.039489,57.182091,209809.698719,95.460489,612.802617,-24.741683,616.022750,-144.571074,614.220754,59.945020,0.002158,1,0
19.667000,-62.636479,207841.283112,177.302610,208967.426878,57.326901,210350.240576,95.224746,617.599651,-24.511893,615.544882,-144.660385,615.630922,59.941204,0.003453,1,0
19.700000,-62.587665,207365.590265,177.212280,209801.381597,57.464384,208506.764593,95.465109,616.913827,-24.897799,618.140758,-144.887532,618.317996,59.937270,0.003120,1,0
19.733000,-62.699480,208278.882103,177.326752,209373.719396,57.457718,208439.568931,95.276638,620.313623,-24.673051,616.453777,-144.328694,616.569955,59.943827,-0.008691,1,0
19.767000,-62.463995,208086.431221,177.483773,210317.052616,57.301015,209982.599167,95.420980,615.017769,-24.568685,626.301236,-144.863466,621.549164,59.952431,-0.001654,1,0
19.800000,-62.571228,207232.981125,177.586998,209496.443679,57.476249,209876.954967,95.906059,628.429231,-24.252049,619.717906,-144.447975,624.011036,59.944792,0.006629,1,0
19.833000,-62.642429,208065.225906,177.452239,210079.584292,57.213408,208738.148790,95.302503,625.425332,-24.730517,622.466092,-144.488813,621.180927,59.952682,0.006368,1,0
19.867000,-62.498308,208877.212124,177.589580,210237.049761,57.459254,208632.643118,95.769743,627.702695,-24.531373,629.979329,-144.703677,623.094782,59.944593,-0.000650,1,0
19.900000,-62.601417,209359.810287,177.451790,210365.587240,57.485446,209006.648391,95.318044,625.788679,-24.585814,624.243943,-144.442673,623.417811,59.950647,-0.001438,1,0
19.933000,-62.703288,210284.511570,177.393058,208733.638898,57.464583,207932.778587,95.252731,626.093274,-24.707742,628.366119,-144.600717,626.214657,59.948197,0.000007,1,0
19.967000,-62.640176,208859.813302,177.417033,209893.825231,57.514083,209477.057294,95.377478,627.630119,-24.609199,624.093065,-144.133445,616.407109,59.954211,0.004781,1,0
20.000000,-62.639585,208261.240880,177.302173,209254.794955,57.302239,209238.848804,95.185602,622.265190,-25.029250,624.879086,-144.873682,627.944201,59.947026,0.006999,1,0
20.033000,-62.533780,208086.648375,177.283118,209794.645984,57.368789,208360.998413,95.555105,622.673166,-24.887301,620.927238,-144.552090,624.503374,59.960244,0.006052,1,0
20.067000,-62.380099,209367.550000,177.363067,208327.255384,57.387452,208481.810717,95.497023,614.336958,-24.514046,616.197507,-144.986269,614.813446,59.944136,0.000707,1,0
20.100000,-62.446458,210393.687000,177.304593,209940.351875,57.405191,211043.278451,95.712270,612.944221,-24.751480,615.109079,-144.537391,616.453933,59.949256,0.002071,1,0
20.133000,-62.610826,208386.611701,177.171268,209457.610297,57.335548,207315.535319,95.447953,618.000170,-24.664221,618.609878,-144.621778,616.928721,59.946755,-0.008130,1,0
20.167000,-62.537542,207873.549382,177.358151,207832.031871,57.643605,207685.943261,95.450300,618.328463,-24.686214,615.368834,-144.270164,617.118346,59.953280,-0.002874,1,0
20.200000,-62.528250,207838.335594,177.370459,210515.427430,57.369111,208978.619954,95.350151,608.431269,-24.828877,619.614861,-145.021948,612.334106,59.953059,0.004105,1,0
20.233000,-62.609839,207943.984102,177.553014,208872.917536,57.517759,208735.712675,95.420998,612.819418,-24.551220,620.972591,-144.343028,616.719194,59.947978,0.011653,1,0
20.267000,-62.345055,207432.230573,177.457017,208657.354614,57.569887,208504.158515,95.464677,613.224476,-24.227554,618.737635,-144.453171,622.393204,59.941403,0.007215,1,0
20.300000,-62.247148,209643.784838,177.383134,207701.198032,57.591533,209306.516415,95.720021,613.510345,-24.812033,619.617903,-144.564411,619.745600,59.940003,0.000954,1,0
20.333000,-62.594314,209211.142207,177.422188,209336.036563,57.407532,210853.302298,95.354620,621.057213,-24.787865,623.949643,-144.580931,622.175182,59.943758,0.001516,1,0
20.367000,-62.485940,208120.272883,177.669117,210594.166588,57.486916,208228.669099,95.689965,621.994133,-24.206287,613.240652,-144.472851,618.632981,59.950385,0.002181,1,0
20.400000,-62.676969,206919.393993,177.416391,209461.525119,57.572196,208881.649696,95.763846,626.990925,-24.472545,622.849297,-144.490144,613.924009,59.952107,-0.010995,1,0
20.433000,-62.797462,209280.111022,177.379286,208170.018950,57.466855,208902.373284,95.007012,615.841952,-24.983952,617.743249,-144.737773,623.177181,59.945175,0.018607,1,0
20.467000,-62.428144,211292.155885,177.361429,208743.516824,57.391537,207588.389658,95.398624,619.630053,-24.499547,623.212336,-144.677720,616.183585,59.945374,-0.004281,1,0
20.500000,-62.625402,208275.661420,177.396590,208492.088662,57.329310,209835.049990,95.361311,620.808702,-24.812585,622.637824,-144.650126,621.723134,59.953467,0.013270,1,0
20.533000,-62.547140,208130.204827,177.535402,209638.152277,57.281205,208136.130585,95.469626,622.001880,-24.561744,625.577193,-144.584430,622.297604,59.950472,-0.000032,1,0
20.567000,-62.645290,207872.486374,177.383392,208445.430518,57.357904,206959.595188,95.764375,620.375335,-24.784600,627.581393,-144.420611,621.054800,59.949420,0.001361,1,0
20.600000,-62.429067,208361.587686,177.527002,210241.186165,57.526824,209334.594517,95.458226,628.451607,-24.396335,627.005173,-144.331159,624.096086,59.950457,-0.009271,1,0
20.633000,-62.753458,209316.438041,177.426905,210546.678920,57.361141,210187.940805,95.365493,630.484040,-24.454950,626.501953,-144.735644,627.854886,59.947094,-0.003767,1,0
20.667000,-62.616321,209368.698878,177.435189,209361.381440,57.302514,209950.983271,95.212840,632.641097,-24.468316,633.601273,-144.938288,634.521601,59.948032,0.000577,1,0
20.700000,-62.659204,209131.262196,177.533989,208548.613083,57.542208,210318.110066,95.593194,629.012025,-24.206868,629.492590,-144.396807,629.349339,59.946585,-0.004213,1,0
20.733000,-62.541487,209290.936589,177.176679,208733.902242,57.315357,210942.930690,95.270901,627.193562,-24.625168,632.066265,-144.823853,631.513222,59.944311,-0.001266,1,0
20.767000,-62.569425,208475.611194,177.367595,209399.980381,57.366461,209360.160567,95.527703,643.747186,-24.790184,634.382649,-144.373569,630.477339,59.948344,0.006176,1,0
20.800000,-62.407032,210141.997466,177.109609,209306.538153,57.446605,209675.776624,95.622744,629.267695,-25.127154,636.353163,-144.387907,635.179103,59.943690,-0.007166,1,0
20.833000,-62.635678,210030.773462,177.213539,211117.197733,57.413101,210827.803803,95.272754,627.350135,-24.789992,633.906435,-145.133905,632.572866,59.963463,-0.004840,1,0
20.867000,-62.705114,208459.581091,177.297281,208156.632944,57.254794,208105.096449,95.548836,630.438151,-24.806360,631.499541,-144.746979,628.554933,59.958429,-0.002928,1,0
20.900000,-62.760934,209679.141994,177.389051,208555.969880,57.181236,210753.506096,95.170000,626.602216,-24.408135,627.971665,-144.984872,625.804808,59.950651,0.004542,1,0
20.933000,-62.506222,208622.401347,177.356634,210953.436490,57.325240,208544.072854,95.516744,623.997063,-24.638431,630.684513,-144.537618,622.857362,59.954691,-0.008947,1,0
20.967000,-62.700361,209373.767238,177.477922,209539.655545,57.356574,208781.086726,95.373405,636.485969,-24.520844,626.645150,-144.584149,635.997264,59.952707,-0.005832,1,0
21.000000,-62.506995,208813.847487,177.490521,210045.108515,57.087499,209321.504901,95.472113,629.096002,-24.356706,629.600374,-144.904442,630.447085,59.952167,0.006109,1,0
21.033000,-62.822082,210256.566828,177.123526,209215.127173,57.290882,208489.948105,95.171483,631.986518,-24.716442,628.038477,-144.710942,632.945884,59.953311,-0.001557,1,0
21.067000,-62.464805,209849.901057,177.311300,209004.749155,57.297823,209249.476915,95.672506,634.038446,-24.689536,639.893338,-144.540473,636.232944,59.950714,-0.010568,1,0
21.100000,-62.547236,208412.728361,177.294997,209993.041005,57.170788,209300.979434,95.140931,627.703127,-24.735500,632.982402,-144.989218,629.858133,59.951760,0.001446,1,0
21.133000,-62.649408,208284.320902,177.142230,209773.852451,57.309220,209375.761983,95.234339,628.981185,-24.834469,624.219488,-144.656111,628.392884,59.945289,0.004831,1,0
21.167000,-62.727643,209274.193458,177.197304,209920.449923,57.052746,209235.566994,95.229619,624.554976,-24.714425,626.347629,-144.610970,632.344566,59.956096,0.004669,1,0
21.200000,-63.070346,209026.028044,177.154885,211246.088395,57.400884,210031.542324,95.118892,633.566621,-25.300664,633.587123,-144.573679,634.983050,59.954626,0.000798,1,0
21.233000,-62.702221,209425.203867,177.378870,209286.525079,57.252739,207695.988312,95.379907,631.546172,-24.599709,626.230507,-144.533151,635.128777,59.952854,0.013118,1,0
21.267000,-62.781597,209804.787088,177.260285,211185.980956,57.243352,209813.594584,95.394349,636.077947,-24.852353,640.690924,-144.760251,632.493658,59.956195,0.003438,1,0
21.300000,-62.829153,210108.587666,177.405679,210692.998862,57.131049,210751.608037,95.165839,630.648199,-24.689832,633.169813,-144.866566,633.727401,59.952680,-0.001401,1,0
21.333000,-62.942301,209606.744457,177.139551,209265.812806,56.985992,209058.376755,94.930457,631.797495,-24.768874,627.404934,-145.099615,638.102743,59.947576,0.002340,1,0
21.367000,-62.838827,209553.363149,177.001253,209771.801712,57.236574,209991.639602,94.946111,632.594454,-24.971849,625.918009,-144.797002,636.813764,59.953786,-0.003559,1,0
21.400000,-63.042464,209534.025409,177.157074,209234.201971,57.144696,210161.848274,94.871360,637.407719,-25.095547,629.746798,-144.681091,625.884050,59.948310,0.004424,1,0
21.433000,-62.994121,209111.039770,177.261607,210568.550309,57.092109,208281.788869,95.117116,630.542081,-24.642143,624.821499,-144.918231,632.956065,59.951170,0.000495,1,0
21.467000,-62.832942,209258.073843,177.000997,210647.503547,57.059892,209394.347342,95.353309,633.182370,-25.204705,631.900433,-144.734332,626.149412,59.957601,-0.002888,1,0
21.500000,-62.928025,210993.474040,177.245523,210770.282951,57.080904,211796.376753,94.854977,632.169261,-24.384706,634.004428,-144.742275,633.077869,59.957316,-0.001937,1,0
21.533000,-63.009930,209607.190756,177.104452,210332.221121,57.157221,208822.387095,94.696296,629.187729,-24.685738,628.675422,-144.740518,632.534658,59.954152,-0.015114,1,0
21.567000,-62.930051,210392.635915,177.059363,210202.356029,57.282427,209194.725227,95.002729,633.436759,-24.928596,636.249914,-144.728488,628.152374,59.969333,0.005613,1,0
21.600000,-62.892230,208632.609729,177.458231,210087.662934,57.295136,211399.390497,95.314491,632.204583,-24.514070,625.059743,-144.856216,630.063082,59.962519,0.014258,1,0
21.633000,-62.825077,209398.712381,177.190409,211369.657623,57.238056,211228.091360,95.082039,630.261057,-24.922890,641.834542,-144.698846,633.235685,59.951276,-0.002595,1,0
21.667000,-62.753859,211207.141162,177.199156,211693.458076,57.083763,209748.506663,95.296510,630.026581,-24.696150,633.863781,-145.012006,628.467822,59.956160,0.008735,1,0
21.700000,-62.651410,209056.511359,177.407328,210095.156292,57.328039,211068.551664,95.697809,623.372647,-24.679003,629.865377,-144.903543,626.950086,59.946021,0.008965,1,0
21.733000,-62.725079,210929.102296,177.284212,211220.213178,57.148449,211874.506423,95.407901,633.598201,-24.736054,629.765432,-144.879077,628.285588,59.951798,-0.013555,1,0
21.767000,-62.757426,210200.256636,177.271995,211916.690110,57.336139,208769.599331,95.030329,634.118159,-24.460689,636.268368,-144.728601,631.373777,59.953954,0.000427,1,0
21.800000,-62.751385,209493.522968,177.184235,209759.686975,57.236435,209162.251834,95.117149,628.176163,-24.754965,634.405513,-144.695593,634.230683,59.956888,0.004231,1,0
21.833000,-62.884111,210128.763111,177.153004,210572.917124,57.259589,209692.589963,95.146218,633.654207,-24.539007,630.898241,-144.606124,626.120975,59.953401,-0.000177,1,0
21.867000,-62.679670,211115.101434,177.201137,208695.171311,57.194066,210087.729135,95.314447,632.984052,-24.696253,635.497363,-145.202503,621.229810,59.956136,-0.004702,1,0
21.900000,-62.843632,210037.363157,177.318939,210416.545429,57.378042,211669.311250,95.241673,627.194106,-24.512271,627.452143,-144.766323,632.917115,59.954841,-0.001267,1,0
21.933000,-62.829877,209055.297288,177.365112,211041.047017,57.296545,209694.260900,95.215852,635.968662,-24.869568,632.527044,-144.681070,627.689956,59.957402,-0.009272,1,0
21.967000,-62.709200,210580.578944,177.237883,211541.010760,57.400519,211186.728623,95.215043,629.152875,-24.422131,628.475981,-144.585787,632.848344,59.950639,-0.002858,1,0
22.000000,-62.711024,210536.401486,177.316320,211532.160225,57.488124,210713.119731,95.541562,624.021467,-24.647180,633.159586,-144.614696,628.984482,59.960096,0.000115,1,0
22.033000,-62.755277,211051.131213,177.259362,210892.397517,57.284691,210069.166625,95.474131,634.310378,-24.693575,630.235524,-144.899067,629.343700,59.965151,0.019001,1,0
22.067000,-62.527880,208948.915328,177.430641,208218.259674,57.291187,209574.534061,95.251830,631.304483,-24.597665,628.447561,-144.588643,633.682134,59.955451,0.001736,1,0
22.100000,-62.700173,210746.743790,177.363111,209930.027719,57.411958,210893.875818,95.173850,631.551353,-24.977505,627.717627,-144.979065,638.265927,59.961020,0.001810,1,0
22.133000,-62.752541,209887.836229,177.228908,210306.140047,57.293955,210085.774856,94.997415,632.020776,-25.010764,633.306859,-144.848376,634.732488,59.958958,-0.001916,1,0
22.167000,-62.681166,211681.264116,177.406336,210681.414735,57.218686,209943.907925,95.563970,633.252929,-24.620357,629.341626,-144.701182,624.245120,59.959694,0.002689,1,0
22.200000,-62.554131,211067.404676,177.441626,212820.010503,57.478486,210616.016728,95.514067,623.548396,-24.558394,630.281763,-144.273417,633.980824,59.957506,-0.009702,1,0
22.233000,-62.696883,210335.421870,177.351804,208610.840848,57.437255,208444.418597,95.173717,629.702598,-24.689974,640.796302,-144.488045,631.019904,59.959399,0.002327,1,0
22.267000,-62.754273,210734.280440,177.335729,212125.079531,57.432094,209604.268768,95.539031,629.462581,-24.748096,637.278305,-144.601502,632.398799,59.960879,-0.003104,1,0
22.300000,-62.500030,209342.061243,177.357557,209601.819149,57.372355,211479.535539,95.750305,632.140803,-24.924041,627.682507,-144.653447,629.509464,59.957769,0.000665,1,0
22.333000,-62.390570,210361.428499,177.482739,209335.728274,57.441836,209024.880344,95.564794,632.802529,-24.510325,628.570683,-144.606849,629.142521,59.959561,-0.006346,1,0
22.367000,-62.639807,210066.604743,177.452751,210248.165774,57.485947,210781.953421,95.464043,622.574945,-24.384851,630.687766,-144.588386,632.769624,59.960785,0.004300,1,0
22.400000,-62.543095,210287.778298,177.472436,208950.541835,57.345816,210646.671270,95.766261,630.973557,-24.668432,627.843460,-144.480084,632.262503,59.952361,-0.017877,1,0
22.433000,-62.578973,210676.714111,177.523454,210798.575140,57.427889,209816.694963,95.314378,633.288408,-24.391924,630.051140,-144.500538,625.616261,59.952904,-0.008188,1,0
22.467000,-62.578817,210243.363752,177.425977,210372.493818,57.350450,209121.786705,95.328381,628.430804,-24.550761,637.897421,-144.778295,623.727205,59.953451,-0.013444,1,0
22.500000,-62.382428,211435.772864,177.567468,211177.094886,57.515252,209894.598100,95.715208,633.918737,-24.768100,636.275846,-144.477633,628.352284,59.958329,-0.002432,1,0
22.533000,-62.542040,210397.807828,177.427194,211020.251988,57.339328,209814.655165,95.483539,627.699218,-24.481989,626.585925,-144.629562,630.214907,59.956564,-0.009583,1,0
22.567000,-62.650573,210923.477863,177.590238,209301.900655,57.445500,211586.715353,94.959976,638.192755,-24.446269,632.864348,-144.683016,638.033692,59.957880,0.000715,1,0
22.600000,-62.642029,210189.398597,177.609849,211837.036303,57.412462,210549.556290,95.401447,628.918135,-24.043410,628.551190,-144.214167,627.820884,59.957789,0.007140,1,0
22.633000,-62.688966,210022.536601,177.510507,209283.975832,57.461949,210595.035438,95.033767,632.147770,-24.405351,626.854275,-144.787173,632.956976,59.953444,-0.003183,1,0
22.667000,-62.478383,210787.756582,177.623751,210022.745635,57.400634,210521.547556,95.457280,622.821399,-24.203157,628.451452,-144.580702,630.559992,59.966404,-0.004067,1,0
22.700000,-62.582671,211282.792826,177.602916,211792.401273,57.661884,212350.109026,95.345248,626.793347,-24.427944,629.878585,-144.697917,632.928421,59.967033,0.005579,1,0
22.733000,-62.474055,210570.989686,177.477191,209764.702336,57.419470,210350.479368,95.712361,632.257265,-24.535537,637.935362,-144.744115,631.166663,59.963545,0.001458,1,0
22.767000,-62.556619,210807.804855,177.279265,212537.822128,57.564995,210930.249167,95.536593,624.388195,-24.666391,633.825122,-144.093855,628.838435,59.965131,-0.016785,1,0
22.800000,-62.558858,210255.104398,177.246364,211347.377162,57.613136,210675.646525,95.029624,626.077156,-24.779822,633.435529,-144.558226,632.136107,59.958446,0.008656,1,0
22.833000,-62.613900,209496.958402,177.517070,211613.020546,57.408470,212165.811722,95.478061,630.274948,-24.383694,631.037481,-144.450579,625.740178,59.968336,0.009474,1,0
22.867000,-62.480100,210064.661810,177.371079,211432.720025,57.404736,210090.696850,95.459755,630.091236,-24.600675,632.824703,-144.400750,626.208241,59.974975,-0.008842,1,0
22.900000,-62.555183,208591.315845,177.407501,210668.245262,57.497488,210227.395459,95.293279,632.631305,-24.352058,627.987843,-144.409469,628.635951,59.969548,-0.008218,1,0
22.933000,-62.508969,210699.826604,177.311815,210694.899482,57.530029,211520.251079,95.302680,636.614334,-24.445818,629.346369,-144.632565,625.612081,59.964796,-0.004497,1,0
22.967000,-62.718395,208584.032639,177.428504,210905.104395,57.218844,210743.065050,95.354613,637.562420,-24.651796,631.504134,-144.905462,638.028718,59.962484,0.010203,1,0
23.000000,-62.777042,210793.582800,177.487432,212090.523645,57.314952,211521.679731,95.072043,627.386475,-24.324348,632.953515,-145.120307,630.309678,59.961045,0.003964,1,0
23.033000,-62.662479,209746.780075,177.404001,212031.543929,57.216477,209681.120713,95.372662,629.273464,-24.422475,633.481805,-144.880584,629.627968,59.966856,0.001831,1,0
23.067000,-62.666866,211403.823855,177.649504,211026.722759,57.383337,211912.179781,95.457134,626.539979,-24.277665,630.064378,-144.700215,626.479989,59.959531,-0.008284,1,0
23.100000,-62.620149,210890.124830,177.427199,211414.970712,57.279743,211301.783676,95.104923,634.524509,-24.374695,630.553716,-144.773828,639.452511,59.963769,0.000952,1,0
23.133000,-62.291905,208689.018405,177.686065,211495.781770,57.561949,210980.986381,95.534710,624.772803,-24.247650,628.856862,-144.629381,636.633993,59.960734,-0.003399,1,0
23.167000,-62.416128,210020.236972,177.484248,211169.747247,57.504873,210633.382678,95.673233,633.949603,-24.550708,628.993783,-144.398462,627.853570,59.962409,0.005510,1,0
23.200000,-62.491876,211160.692785,177.381788,211392.615242,57.448440,212487.700966,95.851113,633.611124,-24.449327,629.169794,-144.874788,632.013465,59.950808,-0.000981,1,0
23.233000,-62.609464,209939.872864,177.574877,209058.983006,57.465240,210641.788947,95.862988,631.705206,-24.120300,624.056913,-144.489678,624.674273,59.967233,-0.006029,1,0
23.267000,-62.559985,209693.265972,177.404695,211277.345196,57.473561,210551.983098,95.826710,625.329271,-24.721686,628.750868,-144.277229,637.539447,59.980362,-0.006363,1,0
23.300000,-62.631205,210960.232663,177.527894,209223.813440,57.268450,209124.705616,95.674672,628.967881,-24.656802,629.767668,-144.877834,628.195912,59.964621,-0.006922,1,0
23.333000,-62.615788,209871.215632,177.553253,211632.057659,57.372221,212045.661880,95.355697,630.727292,-24.322300,631.393903,-144.617577,624.361058,59.965814,0.002345,1,0
23.367000,-62.525027,210524.446245,177.408856,211084.734349,57.298229,209390.912941,95.618841,626.094263,-24.471798,620.655522,-144.899305,631.329197,59.970804,-0.009633,1,0
23.400000,-62.516164,209106.750778,177.438413,209729.368359,57.196658,210348.304522,95.665592,623.189592,-24.662287,628.712760,-144.676372,627.356429,59.976591,-0.005145,1,0
23.433000,-62.641099,208777.043740,177.314666,209235.825107,57.403877,211065.740328,95.382475,623.011914,-25.051518,630.378944,-144.542522,625.702558,59.975297,-0.001666,1,0
23.467000,-62.567913,210359.799923,177.417166,209782.383497,57.415491,209821.606844,95.196942,622.005649,-24.402696,626.844663,-144.528159,630.122378,59.968808,0.014986,1,0
23.500000,-62.526061,209583.568992,177.409029,209558.049598,57.317166,210703.193534,95.289578,624.101595,-24.449267,630.434390,-144.648498,634.853233,59.975686,-0.001583,1,0
23.533000,-62.699628,207240.990084,177.287952,211317.217920,57.262469,209931.957055,95.379104,624.867427,-24.585370,626.941923,-144.474533,626.002604,59.966948,0.007897,1,0
23.567000,-62.696713,208731.772353,177.341851,209629.967723,57.493798,210495.973552,95.537336,622.222986,-24.863614,628.990687,-144.339362,631.429805,59.962172,0.000363,1,0
23.600000,-62.577697,209228.285685,177.216981,209125.102449,57.226832,208225.765986,95.678618,623.807603,-24.801273,624.346842,-144.871117,623.758912,59.968456,-0.001315,1,0
23.633000,-62.678242,210487.165238,177.240718,210711.698766,57.191313,210266.887906,95.383957,618.098332,-24.824385,619.751892,-144.768297,631.267864,59.960789,0.006049,1,0
23.667000,-62.744785,208761.971443,177.190935,209986.653135,57.283933,208536.426817,95.436293,623.958831,-24.636599,633.131489,-145.012483,632.258418,59.966643,-0.017316,1,0
23.700000,-62.753591,209550.033926,177.296775,209940.759347,57.235312,209855.377112,94.939875,626.080492,-24.667466,619.442130,-144.807224,623.047377,59.964023,0.005862,1,0
23.733000,-62.709357,210942.202389,177.381792,209369.964435,57.300898,209516.222701,95.338196,625.148836,-24.631035,627.053567,-144.812329,622.810955,59.961526,-0.001035,1,0
23.767000,-62.761209,208937.918009,177.306880,211412.092138,57.440414,208477.915375,95.579433,619.686746,-24.725392,619.524089,-144.709559,621.525313,59.964781,-0.005283,1,0
23.800000,-62.498196,207427.960909,177.300690,209409.413613,57.231820,210319.738731,95.442915,624.600346,-24.735583,615.169109,-144.790670,616.778811,59.965537,0.015967,1,0
23.833000,-62.866923,208829.388413,177.341242,208525.249638,57.190776,209610.393640,94.897184,617.474955,-24.793841,622.136257,-144.824221,621.059696,59.967151,0.004502,1,0
23.867000,-63.011276,207788.274012,177.204816,209093.869990,57.166057,207982.057951,94.861925,620.883891,-24.932272,617.858662,-144.869203,623.138033,59.967907,0.005123,1,0
23.900000,-62.769559,209354.678152,177.188300,209738.027933,57.218240,209254.599314,95.104324,623.106901,-24.653210,620.667076,-144.925414,614.645206,59.952674,0.003433,1,0
23.933000,-62.867824,209844.581411,177.083508,208704.254024,57.189438,209383.377360,95.185898,618.215176,-24.982035,614.947122,-145.047121,610.718369,59.955231,-0.012821,1,0
23.967000,-62.815216,208851.555072,177.145181,210713.020189,57.092197,210853.531519,95.352626,618.398938,-24.935555,615.252121,-144.980818,614.500234,59.954733,-0.007340,1,0
24.000000,-62.736144,208605.584861,177.267008,209526.074874,57.158513,208504.071410,95.122786,625.731298,-24.602945,617.655233,-144.533140,620.776513,59.961585,-0.007161,1,0
24.033000,-62.721348,209039.836688,177.400256,210681.961094,57.243420,209432.113037,95.097569,617.189389,-24.499658,612.014384,-144.943695,618.815427,59.958931,0.006209,1,0
24.067000,-62.722566,208228.696431,177.325320,210136.911567,57.285414,210134.308879,94.968351,621.505171,-24.896189,617.329447,-144.958960,617.480279,59.964216,0.005198,1,0
24.100000,-62.760866,207456.252303,177.209700,210196.847511,57.235389,209998.543509,95.173601,617.252804,-24.690826,612.198685,-144.567089,622.292284,59.957393,0.005031,1,0
24.133000,-62.686462,209318.057424,177.313588,210133.081068,57.279190,209456.697868,95.583175,621.825170,-24.655102,610.782546,-144.842003,615.086081,59.956020,0.004245,1,0
24.167000,-62.789607,209086.653408,177.369394,210597.402734,57.254656,207376.019022,95.458337,617.181205,-24.833542,621.607783,-144.666783,616.100019,59.943504,-0.009581,1,0
24.200000,-62.727036,210147.877968,177.378017,210769.473028,57.414677,209736.995287,95.422041,627.455013,-25.016031,615.704751,-144.815439,617.583304,59.952183,-0.012216,1,0
24.233000,-62.593221,207722.804963,177.336500,208284.548036,57.158462,210718.688535,95.295372,617.806812,-24.815551,616.535181,-144.456491,618.807551,59.952760,0.003989,1,0
24.267000,-62.757257,208438.440911,177.353997,210250.031314,57.373015,208931.060453,95.510104,612.463710,-24.297629,617.008127,-144.754147,618.783694,59.964100,-0.000120,1,0
24.300000,-62.662132,208630.429752,177.417121,209735.710931,57.218891,210041.062490,94.940073,618.624427,-24.510378,612.515451,-145.052373,621.578889,59.956880,0.006371,1,0
24.333000,-62.992566,207974.368581,177.473607,210577.374560,57.408536,210025.012393,95.091659,622.021914,-24.420017,619.669479,-144.467952,619.557603,59.951359,0.013951,1,0
24.367000,-62.627948,208526.722254,177.165317,210131.902511,57.396437,211184.829500,95.385926,623.030262,-24.909627,618.419837,-144.706223,618.551118,59.948066,0.001848,1,0
24.400000,-62.792317,210253.680824,177.298481,208753.149067,57.443272,209153.250165,95.286017,618.085322,-24.805114,620.663793,-144.564454,617.492584,59.947006,0.004973,1,0
24.433000,-62.600341,209130.806033,177.352083,209752.705688,57.468977,208485.924088,95.494472,623.730801,-24.608117,615.527155,-144.329317,616.712278,59.956711,-0.001520,1,0
24.467000,-62.486714,210303.094897,177.412382,208541.113312,57.284746,207955.223722,95.450965,618.324789,-24.343418,618.830930,-144.631963,616.105604,59.960065,-0.001791,1,0
24.500000,-62.562320,209286.315994,177.212347,209758.019004,57.309655,209421.277069,95.379972,622.254473,-24.708274,620.390644,-144.870600,625.329051,59.950391,0.003450,1,0
24.533000,-62.637524,208342.787256,177.226924,208948.558480,57.337100,210488.469401,95.244368,618.086588,-24.492755,612.076281,-144.929655,617.442912,59.950264,-0.003406,1,0
24.567000,-62.788033,208411.445233,177.329136,208764.600965,57.458410,209019.724716,95.357151,613.130550,-24.979572,623.377804,-144.530952,612.294794,59.949956,0.001791,1,0
24.600000,-62.628410,207335.539556,177.361517,208743.714301,57.345354,209147.163944,95.520949,616.464084,-24.518102,616.687599,-144.408794,619.073858,59.948049,-0.003624,1,0
24.633000,-62.641361,207868.795035,177.369646,210146.226094,57.483933,209964.416414,95.444363,614.700806,-24.706106,620.410471,-144.510606,611.357166,59.951769,0.012684,1,0
24.667000,-62.707449,210183.059900,177.307742,208630.069167,57.368057,208782.144442,95.555445,621.596410,-24.530049,608.079195,-144.810630,612.404732,59.943785,-0.005444,1,0
24.700000,-62.653940,208853.487683,177.454120,210183.302022,57.441685,208141.405604,95.579972,613.460913,-24.732296,610.567897,-144.606655,611.877297,59.958831,-0.005261,1,0
24.733000,-62.508589,210961.171112,177.199952,209433.889985,57.285514,208145.033655,95.563003,617.171070,-24.842342,611.950819,-144.497405,617.330464,59.942359,0.007992,1,0
24.767000,-62.799191,208290.986847,177.238219,209328.772914,57.321890,208983.720730,95.186405,616.419057,-24.994627,616.952185,-144.769967,611.215169,59.948421,0.006681,1,0
24.800000,-62.668965,208665.704289,177.224040,210716.893129,57.185984,207378.640637,95.342621,617.519889,-24.805385,609.995459,-144.790910,612.765447,59.955489,0.006884,1,0
24.833000,-62.667495,208986.033351,177.253247,209540.594949,57.282006,210487.321445,95.457063,613.958270,-24.810578,612.195590,-144.639464,605.667924,59.950698,0.003626,1,0
24.867000,-62.658714,207617.918373,177.261687,210638.099614,57.216118,209189.497282,95.019192,612.065044,-24.788131,608.589494,-144.938047,613.141086,59.943741,0.013724,1,0
24.900000,-62.994930,210169.142624,177.264187,208887.211367,57.120923,208951.483396,94.924633,610.729623,-24.676808,614.874984,-144.613996,608.682443,59.955215,0.000748,1,0
24.933000,-62.830968,207380.548083,177.291634,209252.010139,57.215896,208037.858657,95.336948,613.941328,-24.521412,613.874975,-144.672450,609.263902,59.945471,0.001022,1,0
24.967000,-62.736323,209211.589649,177.248718,209474.255921,57.294920,208476.829982,95.126281,610.945887,-24.676425,603.869677,-145.197011,615.781272,59.948059,0.010428,1,0
25.000000,-62.743230,209437.753928,177.339797,208326.898773,57.329291,208942.256594,95.113962,615.807254,-24.811570,613.779200,-144.234338,614.780980,59.955840,0.003052,1,0
25.033000,-62.673351,207760.534015,177.156928,209636.693867,57.198964,209216.503257,95.225067,614.659936,-24.860596,609.189671,-145.105964,611.192235,59.945623,-0.005152,1,0
25.067000,-62.872067,207610.392636,177.412526,208610.335094,57.345537,209235.345096,94.778828,606.516931,-24.957838,612.946928,-144.410898,609.889538,59.949133,-0.010233,1,0
25.100000,-62.736535,208178.735817,177.257402,207980.691751,57.163925,207595.098321,95.143107,606.710612,-24.770428,612.926231,-144.866962,610.315047,59.941038,0.001631,1,0
25.133000,-62.760529,209177.345134,177.043567,209171.479625,57.139130,207886.623801,95.147524,612.273417,-24.392604,612.881632,-144.860186,614.375571,59.959451,-0.004814,1,0
25.167000,-62.766190,208606.997382,177.322589,206590.502487,57.268862,208730.339038,95.455060,606.195672,-24.793644,611.457521,-144.763014,610.986349,59.941981,0.002467,1,0
25.200000,-62.587165,208876.803919,177.151480,208382.955104,57.234949,208905.011936,95.285650,621.245642,-24.873377,609.566642,-144.639311,610.321303,59.942465,-0.007128,1,0
25.233000,-62.593723,207275.390752,177.347038,208746.087952,57.333658,208332.717599,95.374797,604.579339,-24.799808,604.332810,-144.750948,609.484337,59.941524,-0.005993,1,0
25.267000,-62.644112,206312.852975,177.216964,207422.515087,57.270197,208964.344034,95.311839,608.012611,-24.777607,606.306323,-145.006506,605.372608,59.938784,-0.009706,1,0
25.300000,-62.575600,206887.118474,177.294547,209995.748578,57.328538,208136.249005,95.585345,613.420501,-25.074083,612.429769,-144.820685,608.055228,59.934723,-0.003226,1,0
25.333000,-62.544051,207807.254670,177.231302,208235.607240,57.434349,207150.673834,95.541841,611.078365,-24.500256,605.732127,-144.416494,614.752513,59.937499,0.003264,1,0
25.367000,-62.819458,207030.510008,177.338630,209826.145751,57.276422,208422.265472,95.211175,610.349492,-24.761354,614.591955,-144.955316,611.016181,59.935566,-0.003890,1,0
25.400000,-62.650736,208116.748250,177.358295,211177.568800,57.366708,207888.257500,95.481220,610.602514,-24.694851,610.192632,-144.868805,609.637966,59.935348,0.009456,1,0
25.433000,-62.706120,208174.422494,177.287093,208585.286227,57.320317,206545.118737,95.059731,615.693883,-24.881856,608.596475,-144.613994,614.812489,59.931858,-0.002679,1,0
25.467000,-62.695582,207498.945219,177.527864,207521.401629,57.419984,207207.280645,95.646332,609.041183,-24.435815,606.676066,-144.334097,606.147872,59.934942,-0.003635,1,0
25.500000,-62.837133,208394.268922,177.177530,208343.203918,57.270529,207497.345512,95.565325,607.763184,-24.630253,616.221995,-144.675777,606.386789,59.932494,-0.001453,1,0
25.533000,-62.712611,208588.714419,177.274486,207746.601435,57.391397,208095.541148,94.853252,609.903525,-24.882610,613.701554,-144.293577,603.918762,59.933114,0.004082,1,0
25.567000,-62.694078,206903.642426,177.011304,206896.203899,57.145145,209975.045067,95.450161,609.386558,-24.728808,615.858024,-144.789881,611.325351,59.936548,-0.001802,1,0
25.600000,-62.917954,209241.769553,177.009786,208407.935654,57.265356,208274.759764,94.997942,612.342260,-24.980754,607.157387,-144.364033,614.066845,59.934055,-0.002441,1,0
25.633000,-62.750374,209277.871549,177.074889,207599.335656,57.273629,208139.094954,95.322846,607.132706,-25.034645,608.455942,-144.745298,603.875188,59.931412,-0.006304,1,0
25.667000,-62.895995,208297.200191,177.288577,209042.573935,57.182589,209679.201720,95.085839,599.809470,-24.921893,613.956598,-144.662668,607.462707,59.931730,0.004312,1,0
25.700000,-62.760709,207304.776966,177.269795,207043.575099,57.252795,208326.081615,94.965279,614.669999,-24.627334,603.839256,-144.488062,603.735119,59.934024,0.007984,1,0
25.733000,-62.688598,207761.177711,177.301264,207396.975059,57.137096,207231.723308,95.156881,609.849869,-24.809367,601.473298,-145.028302,603.931603,59.932608,0.009348,1,0
25.767000,-62.850745,206324.621369,177.419052,207326.268616,57.200107,207831.399984,95.011854,609.945366,-24.490378,606.135854,-144.487943,605.853916,59.930113,0.008253,1,0
25.800000,-62.933979,207106.078435,177.133191,207838.775335,57.490603,207484.257569,95.022422,605.651172,-25.123855,609.010904,-144.440610,608.656342,59.937712,0.004866,1,0
25.833000,-62.899487,205237.410350,177.044221,206218.691719,57.276755,207489.011999,94.658392,606.813792,-24.513402,607.067850,-144.719702,604.740288,59.931729,0.009092,1,0
25.867000,-62.829265,207157.460943,177.152159,206784.548495,57.247919,208269.150807,95.165306,609.643989,-24.882223,611.028838,-144.775187,603.170855,59.934889,-0.003286,1,0
25.900000,-62.807890,206924.741644,177.162514,208058.143817,57.416490,207905.099231,95.270013,606.182687,-24.806094,609.857139,-144.600410,609.252144,59.942272,0.010643,1,0
25.933000,-62.752285,207669.719347,177.110199,208215.882048,57.175575,208129.574684,94.867969,606.773059,-24.724470,603.375840,-144.854322,609.214878,59.952162,-0.000794,1,0
25.967000,-62.745673,207804.180925,177.327866,207179.978783,57.131215,206574.999566,95.272420,609.356125,-24.784192,607.719705,-144.913763,605.864798,59.936346,0.000695,1,0
26.000000,-62.803176,207244.239651,176.997946,209080.995411,57.199712,206813.753920,95.251153,612.829765,-25.143696,607.233072,-144.661555,610.574869,59.938005,-0.013947,1,0
26.033000,-62.573190,205933.300439,177.366783,207127.151512,57.389598,208256.560995,95.854624,605.582682,-24.699247,609.094746,-144.292165,612.597473,59.935377,-0.007383,1,0
26.067000,-62.736500,205477.054238,177.354170,208570.145508,57.274863,207565.272461,95.406709,611.151993,-24.794763,612.244745,-144.661828,602.195750,59.939907,0.002679,1,0
26.100000,-62.767699,206935.594225,177.140136,207723.186535,57.214533,208953.499927,95.602206,612.596060,-24.912732,603.941766,-144.643206,616.468135,59.947996,0.004528,1,0
26.133000,-62.858935,206871.960227,177.298326,206488.182846,57.295945,207478.488834,95.204132,606.680291,-24.644528,604.528482,-144.670408,610.417025,59.944253,-0.014152,1,0
26.167000,-62.757681,206733.534672,177.329472,209012.991959,57.189978,207163.074840,95.103869,610.331796,-24.548216,612.254083,-144.616823,610.608039,59.943892,0.005770,1,0
26.200000,-62.704854,205635.084932,177.278633,207629.757593,57.509258,208161.914695,95.601689,609.795856,-24.942697,608.839196,-144.346124,598.970840,59.941708,0.008585,1,0
26.233000,-62.666605,206630.184723,177.370065,207505.272790,57.207790,207498.150858,95.451022,612.584392,-24.479560,607.882898,-144.844144,606.618530,59.948282,-0.001840,1,0
26.267000,-62.685449,206716.170644,177.419288,207274.938114,57.312814,208107.235039,95.502367,612.224280,-24.606177,618.843257,-144.945313,608.249876,59.949675,-0.005040,1,0
26.300000,-62.673893,207295.688414,177.483616,208563.938824,57.379216,207991.924848,95.344230,604.658053,-24.587912,615.985661,-144.894836,605.654339,59.943971,0.009212,1,0
26.333000,-62.575568,206734.228165,177.279035,208018.826744,57.167481,207735.761704,95.624091,610.528080,-24.651542,606.276111,-144.842969,604.526227,59.947866,0.009365,1,0
26.367000,-62.688831,206705.795419,177.533431,207619.696818,57.549229,208360.942546,95.368554,614.199877,-24.427490,609.203830,-144.329964,609.950908,59.956985,0.006048,1,0
26.400000,-62.552494,207544.962157,177.350995,208165.402122,57.307984,204940.009875,95.565354,614.648863,-24.522749,612.891377,-144.938972,612.770816,59.944917,-0.004157,1,0
26.433000,-62.712023,206815.567118,177.361373,208235.138311,57.483299,208229.042916,95.296774,610.834240,-24.596868,610.617513,-144.314740,612.848272,59.949772,-0.003217,1,0
26.467000,-62.651083,206912.871876,177.227377,207817.542195,57.402823,207168.854918,95.486368,609.244212,-24.911135,608.133581,-144.441303,609.663254,59.961256,-0.006029,1,0
26.500000,-62.477311,208490.960799,177.095877,208079.643364,57.284636,207179.571400,95.582088,612.615350,-24.894573,611.118231,-144.922185,613.256190,59.950898,0.001454,1,0
26.533000,-62.560018,207940.523717,177.361987,208318.253123,57.240718,208678.864048,95.812438,615.958618,-24.906729,612.211401,-144.819867,615.203504,59.951336,-0.008392,1,0
26.567000,-62.497288,207626.090762,177.274532,208079.544086,57.082868,207939.587667,95.812478,612.957587,-24.636031,618.471176,-145.190414,611.547709,59.952925,0.000767,1,0
26.600000,-62.709211,207714.163439,177.297520,208528.904202,57.392303,206133.912544,95.329521,614.150674,-24.653891,616.335825,-144.436022,618.046103,59.961870,0.006002,1,0
26.633000,-62.516567,208359.585340,177.114600,206830.399212,57.243842,207952.910304,95.830744,612.938354,-24.683117,610.116898,-144.570978,607.022496,59.947993,0.006223,1,0
26.667000,-62.668429,207303.023872,177.093816,207633.290899,57.276047,206776.269998,95.662195,619.880898,-25.039247,618.753588,-144.896696,619.092208,59.947148,-0.013477,1,0
26.700000,-62.554150,207948.303228,177.398856,207426.065195,57.311784,208838.432691,95.518580,610.677054,-24.726367,617.293551,-144.742825,612.376798,59.947211,0.004137,1,0
26.733000,-62.904492,207296.188624,177.334293,208056.528190,57.197797,208318.310472,95.083728,616.546809,-24.592098,614.543480,-144.886261,618.912283,59.942724,-0.013988,1,0
26.767000,-62.731844,207607.739288,177.402555,209727.217395,57.282730,207065.856417,95.146268,618.766124,-24.517447,618.860109,-144.964249,609.968198,59.947806,0.007921,1,0
26.800000,-62.536760,208506.344609,177.159536,209232.177681,57.313313,208781.326651,95.433653,612.802809,-25.052930,619.319469,-144.930893,614.817959,59.948166,-0.002444,1,0
26.833000,-62.744007,208177.640808,177.290931,206662.821306,57.286523,207161.273588,95.414337,620.023303,-24.550548,619.727894,-144.825452,619.027110,59.943929,-0.002230,1,0
26.867000,-62.625875,205855.469488,177.369700,208565.363793,57.291365,206558.691794,95.364368,620.261220,-24.460510,616.830499,-144.551164,621.774416,59.946379,-0.014046,1,0
26.900000,-62.673092,208140.169329,177.555404,207299.443818,57.417579,208191.073577,95.135364,621.336690,-24.357227,616.348123,-144.613901,618.737126,59.948588,-0.006673,1,0
26.933000,-62.794764,208175.426220,177.275434,207760.793666,57.185180,207884.705062,95.221066,622.271124,-24.455031,621.173676,-144.722279,622.712890,59.940190,0.002465,1,0
26.967000,-62.849304,208733.211028,177.249412,208072.660003,57.248148,207119.174534,95.258926,616.171141,-24.483925,614.258221,-144.511370,619.429548,59.950257,-0.014303,1,0
27.000000,-62.721002,207869.358715,177.077124,208106.236180,57.232462,206922.365027,95.225327,614.049787,-24.832538,620.281693,-144.518233,613.722376,59.952418,0.001637,1,0
27.033000,-62.824107,207242.212517,177.143150,207937.232009,57.223957,206206.898155,94.763852,617.698357,-24.873506,620.001461,-145.147806,618.244573,59.953533,-0.010449,1,0
27.067000,-62.897947,208691.218846,177.389756,207595.810471,57.197591,209837.394663,95.238464,615.306136,-24.635427,617.280437,-144.712770,620.552247,59.949882,-0.005725,1,0
27.100000,-62.608511,206219.982886,177.043694,207150.615538,57.280376,209011.687788,95.205499,616.167063,-24.825585,626.359281,-144.574811,618.163378,59.949220,0.003434,1,0
27.133000,-62.675034,207662.431331,177.284635,206461.997427,57.303001,207170.416316,94.917049,622.280121,-24.920787,620.999442,-144.458200,618.927758,59.955354,0.002263,1,0
27.167000,-62.801545,205632.650153,177.360748,208028.243147,57.466571,207606.210876,95.034453,620.586805,-24.980495,623.683540,-144.355944,623.949089,59.960434,-0.007607,1,0
27.200000,-62.663277,205984.534531,177.194213,207910.239991,57.272421,209141.885926,95.426052,623.790411,-24.875824,621.827632,-144.611594,625.127660,59.956806,0.000817,1,0
27.233000,-62.609091,207411.704795,177.175299,206844.592292,57.359477,207950.179182,95.735670,620.450416,-24.758247,620.998236,-144.489728,620.932041,59.961665,0.013052,1,0
27.267000,-62.715474,209356.879416,177.263507,209003.756822,57.489007,208300.994710,95.286264,622.716464,-24.773766,622.531845,-144.721398,621.499060,59.955526,0.010085,1,0
27.300000,-62.792919,206653.016647,177.537727,208963.333476,57.295695,207624.609554,94.962384,624.880363,-24.609376,620.334667,-144.849747,628.570362,59.944257,0.003946,1,0
27.333000,-62.610994,207572.372655,177.369733,208093.815066,57.236594,207133.732781,95.598305,614.662380,-24.842784,620.210791,-144.976212,621.357911,59.952667,-0.002177,1,0
27.367000,-62.748876,207268.470484,177.155743,208744.923907,57.323439,207287.353309,95.482330,618.889361,-24.860993,627.642164,-144.632066,619.968524,59.953950,0.001308,1,0
27.400000,-62.783848,207484.464488,177.321684,206785.149260,57.161168,209123.299286,94.856443,625.640610,-24.949957,624.543905,-144.978022,627.088536,59.957566,-0.003473,1,0
27.433000,-62.726793,208182.014105,177.395079,209004.444604,57.265305,208446.116602,95.469019,625.448091,-24.628918,621.518508,-144.795042,629.240955,59.952808,-0.012322,1,0
27.467000,-62.697922,207950.852950,177.336588,208493.843100,57.259323,208683.587862,95.535108,631.018209,-24.575932,626.984153,-144.626514,627.331799,59.951527,0.003242,1,0
27.500000,-62.776130,206513.420755,177.192257,206446.557203,57.166677,206812.998120,95.035815,627.712680,-24.731549,635.231823,-144.978387,623.144331,59.951087,-0.001361,1,0
27.533000,-62.801674,207675.048660,177.231404,207307.575492,57.126032,206863.360919,95.036273,630.290651,-24.849719,629.278282,-144.765771,635.115544,59.952817,0.003219,1,0
27.567000,-62.480796,207798.291658,177.077886,208014.735949,57.422698,206540.096619,95.579398,623.082700,-24.986251,625.476140,-144.691871,625.747732,59.949092,0.003331,1,0
27.600000,-62.843173,207819.281068,177.191706,208965.013148,57.453332,206859.213199,95.161173,632.703609,-24.657769,631.348098,-144.525448,628.399158,59.939530,0.018952,1,0
27.633000,-62.716648,208061.018810,177.363043,209201.107014,57.235524,208811.035837,95.161248,626.784625,-24.283930,623.702337,-144.569958,626.976565,59.948454,0.012495,1,0
27.667000,-62.928689,206855.549449,177.504514,207822.164260,57.465956,208320.049715,95.207443,636.421699,-24.541038,619.658275,-144.734504,626.999316,59.952009,-0.008716,1,0
27.700000,-62.669491,207232.720526,177.318344,206645.570982,57.150448,207637.605562,95.429416,623.755816,-25.147897,628.843747,-144.797875,622.726888,59.946795,-0.002784,1,0
27.733000,-62.806882,207284.010996,177.205257,208633.404221,57.240435,207146.296478,94.939494,623.895910,-24.789437,625.643710,-144.898149,627.295714,59.943720,0.005317,1,0
27.767000,-62.552919,207565.941845,177.239765,207388.601700,57.141525,206220.788731,95.719899,628.383362,-25.061614,626.840878,-144.576405,631.768180,59.940939,-0.001869,1,0
27.800000,-62.889715,206710.107909,177.440449,208085.807037,57.329650,207021.537985,95.024810,627.950096,-24.609208,624.050930,-144.297529,630.690152,59.942134,-0.011197,1,0
27.833000,-62.670114,207873.761644,177.129291,206140.072518,57.373700,207340.245654,95.286679,626.190000,-24.941416,637.144713,-144.507235,634.374552,59.940071,-0.013320,1,0
27.867000,-62.817912,207548.048193,177.180421,209110.070163,57.335364,206566.388948,94.894283,628.551048,-24.962145,630.273398,-144.592539,634.635289,59.938720,-0.001812,1,0
27.900000,-62.665722,209142.386519,177.448981,209736.228298,57.331181,207899.048866,95.497102,633.333150,-24.404051,627.730213,-144.508252,633.513699,59.938966,0.013327,1,0
27.933000,-62.526923,205450.969418,177.310941,208339.745188,57.470524,207588.347382,95.741543,635.413268,-24.630367,625.450865,-144.388344,621.601739,59.936910,-0.008291,1,0
27.967000,-62.612329,206719.725310,177.396075,208581.423463,57.241573,207937.761559,95.144352,628.974500,-24.783411,633.853848,-144.651483,628.337271,59.943651,-0.010252,1,0
28.000000,-62.530600,206651.726480,177.337831,207946.167465,57.159942,208290.562178,95.354048,628.364234,-24.875485,630.693785,-144.755321,631.955278,59.942591,0.003142,1,0
28.033000,-62.798281,207835.873141,177.194503,206831.577134,57.228462,206810.181236,95.008506,626.873867,-24.608857,630.271929,-145.004828,630.132530,59.939175,0.004256,1,0
28.067000,-62.678062,206142.643285,177.336487,206994.436770,57.225838,205752.856432,95.330168,626.914996,-24.500216,632.718953,-144.657009,633.924306,59.942385,0.008791,1,0
28.100000,-62.674100,206838.503977,177.433205,207340.755282,57.441153,207613.803956,95.620704,640.280177,-24.327753,632.366588,-144.530488,632.387724,59.941386,-0.006183,1,0
28.133000,-62.688750,207074.162154,177.273074,207749.951365,57.437482,208368.454350,95.492032,632.483285,-24.679871,636.490703,-144.460371,632.723103,59.946096,-0.002840,1,0
28.167000,-62.697454,208635.865272,177.299746,208135.868183,57.333389,206554.240703,95.020037,631.552811,-24.908597,638.303871,-144.753073,634.251461,59.932546,-0.005414,1,0
28.200000,-62.794869,206404.991250,177.259822,207969.086046,57.348987,207434.870790,95.125657,633.794703,-24.904692,634.505415,-144.516708,639.781426,59.934751,-0.000335,1,0
28.233000,-62.573997,206285.144400,177.517266,208384.155875,57.384220,209612.031785,95.347318,635.095494,-24.474197,639.356866,-144.463466,629.558648,59.938125,-0.005217,1,0
28.267000,-62.685363,205937.816715,177.272722,207786.697698,57.253109,209755.908536,95.561193,638.545534,-24.664821,635.056238,-144.539984,641.745652,59.936292,0.000194,1,0
28.300000,-62.739064,208472.911807,177.149663,207387.717267,57.354065,207668.697274,95.328335,641.054416,-24.865101,640.305922,-144.658801,639.425807,59.940365,-0.001343,1,0
28.333000,-62.846208,208215.154284,177.359805,207574.383741,57.460824,207131.682978,95.249118,638.533663,-25.205609,637.276474,-144.585294,636.719851,59.951298,0.008203,1,0
28.367000,-62.563223,208116.876122,177.292518,209900.071577,57.405431,207237.056957,95.679874,627.728641,-24.495507,633.643076,-144.864834,633.045402,59.940492,0.003989,1,0
28.400000,-62.613878,206271.756651,177.291988,209788.897509,57.366907,208104.028546,95.368277,630.062164,-24.381459,628.525438,-144.609170,631.676161,59.950442,-0.005255,1,0
28.433000,-62.660926,207065.297863,177.454675,208086.916669,57.181047,207167.293395,95.313731,623.546274,-24.467066,630.779852,-144.850232,637.982701,59.939854,0.000180,1,0
28.467000,-62.843772,209301.447611,177.403133,207811.937230,57.264463,208957.963831,94.895021,636.828261,-24.497103,634.311906,-144.826330,635.604096,59.938940,0.003405,1,0
28.500000,-62.696168,208346.444026,177.078722,209134.859667,57.388335,208356.489354,95.221992,637.632760,-24.845464,634.514046,-144.266092,632.122599,59.938671,0.011231,1,0
28.533000,-62.600795,207148.699272,177.714645,207392.165328,57.298509,207247.360777,95.260718,635.630123,-24.285546,631.133482,-144.367485,631.899055,59.934796,0.000756,1,0
28.567000,-62.629906,207451.200497,177.177244,206945.223306,57.321536,209183.107277,95.635907,631.503857,-24.829000,633.313647,-144.689757,631.553522,59.943003,-0.003759,1,0
28.600000,-62.729183,205661.652170,177.043159,209161.879792,57.436331,207601.662475,95.520213,632.296605,-24.864111,625.909356,-144.593046,631.680319,59.938035,-0.004067,1,0
28.633000,-62.601432,208114.007150,177.409549,208525.879238,57.203411,207235.980262,95.288530,635.624353,-24.804718,632.465830,-144.638009,632.559638,59.935661,-0.004564,1,0
28.667000,-62.617659,208493.449746,177.222393,207754.972841,57.405827,208298.144694,95.156995,624.204947,-24.770919,637.893459,-144.457385,636.025568,59.936209,0.001794,1,0
28.700000,-62.770180,205492.081602,177.278570,208808.910218,57.403106,207863.128536,95.280655,634.324132,-24.942766,630.756746,-144.733834,633.019218,59.942977,-0.008072,1,0
28.733000,-62.559908,206516.068828,177.318448,209138.955855,57.226074,205166.593267,95.285609,622.691484,-24.580349,627.765664,-145.068696,636.561796,59.940079,-0.004595,1,0
28.767000,-62.567141,207168.780701,177.420271,206578.740986,57.430190,208326.957436,95.202940,633.713399,-24.632097,628.107161,-144.810758,631.839526,59.940386,-0.002542,1,0
28.800000,-62.666646,207816.636820,177.365511,207536.480373,57.406304,208038.839482,95.423793,631.881576,-24.690520,633.578117,-144.582442,635.382605,59.943588,0.006006,1,0
28.833000,-62.781128,207957.193685,177.235970,209468.879122,57.289764,206880.687885,95.426863,632.050140,-24.622665,633.209928,-144.656864,630.555604,59.938452,-0.004973,1,0
28.867000,-62.767302,207469.009222,177.153352,208750.525547,57.226948,207236.689661,95.117704,630.621132,-24.900010,633.990261,-144.677090,634.206335,59.938346,-0.002331,1,0
28.900000,-62.746192,206592.302176,177.432928,208846.264510,57.065490,207914.972599,95.342156,624.644314,-24.483755,628.234633,-144.654813,634.203066,59.933957,-0.003005,1,0
28.933000,-62.664597,207406.408261,177.188740,208200.550886,57.126857,208117.005331,95.323037,632.124845,-25.188500,630.789745,-144.886922,632.763506,59.927129,0.005048,1,0
28.967000,-62.910002,208020.772517,177.339154,207850.043440,57.319065,208724.422930,95.161928,630.718705,-24.788871,624.882587,-144.592193,625.569339,59.932628,0.003903,1,0
29.000000,-62.659283,208974.166527,177.336014,207215.707433,57.074739,207852.649815,95.063444,627.597334,-24.760368,627.005607,-144.769766,639.476496,59.924390,0.000605,1,0
29.033000,-62.826935,207478.915075,177.407173,208850.848122,57.225043,208844.666142,94.936911,627.554654,-24.610923,630.268538,-145.090200,627.412832,59.930803,0.004331,1,0
29.067000,-62.577943,206357.934147,177.348809,208384.470114,56.896020,206482.814358,95.559908,620.606892,-24.503619,629.619227,-144.705858,624.905385,59.933834,0.001847,1,0
29.100000,-62.610427,206281.124352,177.077327,208792.681147,57.405496,207444.020494,95.247667,624.458925,-24.907852,630.953966,-144.647802,629.910479,59.938951,-0.002708,1,0
29.133000,-62.836344,208308.927526,177.196323,209018.773427,57.287234,208008.690283,94.956322,625.013110,-24.670828,633.857081,-144.774683,626.981324,59.937583,-0.004759,1,0
29.167000,-62.771396,207084.685184,176.978076,208758.200604,57.211468,207736.430808,95.318240,625.514550,-24.887057,629.421616,-144.973586,622.789417,59.942255,-0.010068,1,0
29.200000,-62.896608,207885.311292,177.398344,209224.323428,57.289486,208771.735937,95.310740,627.473180,-24.754959,626.668696,-145.050699,631.458916,59.934533,-0.005103,1,0
29.233000,-62.894487,208519.912472,177.105402,208673.048505,57.141628,207412.907317,95.388842,633.429474,-24.734731,624.072240,-144.995148,627.446603,59.942193,0.007276,1,0
29.267000,-62.786318,207654.544151,177.010869,208808.129126,57.134155,207036.071764,95.256364,628.890478,-24.918877,623.728643,-145.006972,627.725142,59.944867,-0.006836,1,0
29.300000,-62.826956,207282.989882,177.399604,206782.269822,57.280430,207742.245329,95.354526,621.600302,-24.708220,620.364494,-145.084338,629.262213,59.941127,-0.003301,1,0
29.333000,-62.800919,205779.924941,177.070379,206509.982178,57.118586,207344.380014,95.102733,629.867783,-24.767407,622.190624,-144.821364,633.374049,59.944692,0.010282,1,0
29.367000,-62.778695,204882.658916,177.086028,207619.365954,57.256378,206609.803135,95.126843,631.679201,-24.694656,627.685127,-144.672802,625.761089,59.945606,0.003307,1,0
29.400000,-62.608833,207379.476149,177.150620,209024.333070,57.143126,208811.494325,95.442498,624.707859,-24.624525,625.970427,-144.815686,627.671438,59.939125,0.008809,1,0
29.433000,-62.722951,205992.964476,177.226513,209197.867167,57.258761,208239.516937,95.315980,625.584494,-24.923074,625.809268,-144.679664,632.858609,59.940837,0.010366,1,0
29.467000,-62.781974,206602.143999,177.380660,208699.054322,57.444730,208026.980695,95.260042,621.100477,-24.587928,621.783396,-144.183690,627.733967,59.940007,-0.001702,1,0
29.500000,-62.860498,207031.963285,177.383526,207816.837152,57.247418,207840.086382,95.015890,624.543532,-24.617938,628.211915,-144.665684,619.110381,59.940413,-0.008200,1,0
29.533000,-62.634856,205917.428299,177.438683,209179.247793,57.239225,207414.297743,95.083834,629.910799,-24.658992,628.390215,-144.950700,628.512446,59.947364,0.001653,1,0
29.567000,-62.839133,207298.522319,177.322840,207540.136585,57.457941,208426.844706,95.180422,629.061276,-24.626178,631.386841,-144.777692,627.815758,59.934694,0.008552,1,0
29.600000,-62.739492,206757.600438,177.233779,206955.450701,57.334600,207717.542047,95.348749,624.141287,-24.949887,628.267339,-144.752818,631.014382,59.932848,0.018961,1,0
29.633000,-62.744787,208122.135657,177.110444,207319.857731,57.361047,208500.004084,95.206938,633.933294,-24.836853,633.002927,-144.654892,629.724789,59.938575,0.001976,1,0
29.667000,-62.652093,209311.804211,177.325553,206561.888820,57.206045,208661.286830,95.233968,633.216744,-24.630290,636.933888,-144.777747,630.763350,59.938708,-0.004253,1,0
29.700000,-62.710732,208947.296285,177.375593,207181.156921,57.227727,206922.893698,95.336976,641.507530,-24.671773,632.796270,-144.887484,640.570618,59.935254,-0.005730,1,0
29.733000,-62.764328,206723.496904,177.462873,208964.514640,57.271119,207041.052768,95.138744,636.964858,-24.530628,635.441412,-144.690268,627.735692,59.942836,-0.004157,1,0
29.767000,-62.697500,206831.963407,177.474614,207832.536615,57.316658,207464.344848,95.369686,635.718668,-24.733074,631.823252,-144.761468,629.623738,59.929456,-0.004148,1,0
29.800000,-62.676622,206874.940820,177.293287,209327.293418,57.344377,208464.614747,95.270325,627.223277,-24.500644,635.817778,-144.540341,632.730981,59.928558,0.005164,1,0
29.833000,-62.782554,208453.684229,177.181384,210632.546560,57.189347,207817.705888,95.161972,638.715934,-24.818006,631.309299,-144.697062,634.523888,59.927543,0.004217,1,0
29.867000,-62.861775,206841.913279,177.299365,208372.061055,57.136279,208276.985579,94.997870,633.547809,-24.707563,629.779798,-145.273945,635.198004,59.931483,-0.004706,1,0
29.900000,-62.851700,209324.940923,177.293096,208167.477292,57.136614,207443.311458,95.056759,629.376917,-24.517669,639.080461,-144.845785,630.926789,59.931964,0.009346,1,0
29.933000,-62.888374,208528.895890,177.128305,210110.742917,57.205489,208020.657433,95.025388,630.905791,-24.773041,634.329494,-144.487669,635.083287,59.939679,-0.003080,1,0
29.967000,-62.754740,208386.039691,177.132492,208009.333630,57.166319,207764.917633,95.425526,627.446616,-24.886374,630.586335,-144.738024,636.829321,59.940588,-0.004851,1,0
30.000000,-62.641464,208567.817555,177.295872,208162.531519,57.090479,208345.539232,95.443162,633.031502,-24.970206,627.327655,-144.909138,632.251364,59.935879,-0.001115,1,0
