TIMESTAMP,BUS15_VA_ANG,BUS15_VA_MAG,BUS15_VB_ANG,BUS15_VB_MAG,BUS15_VC_ANG,BUS15_VC_MAG,BUS15_IA_ANG,BUS15_IA_MAG,BUS15_IB_ANG,BUS15_IB_MAG,BUS15_IC_ANG,BUS15_IC_MAG,BUS15_Freq,BUS15_ROCOF,DATA_PRESENT,Event
0.000000,-61.610960,204248.452890,178.440557,204022.854112,58.452170,201716.871607,96.601684,632.315940,-23.630476,632.897563,-143.628595,633.244894,59.953087,0.002955,1,0
0.033000,-61.688171,202819.571427,178.336624,202975.764877,58.266625,202941.183810,96.275795,637.015767,-23.643545,635.790504,-143.734593,639.162066,59.951870,0.005088,1,0
0.067000,-61.815068,204233.796196,178.123136,202164.596049,58.262411,203084.566147,96.054310,640.985828,-23.804314,639.778580,-143.938662,636.785268,59.942423,-0.002822,1,0
0.100000,-61.609141,202195.364804,178.299773,204554.541161,58.384587,202500.162238,96.611716,640.515466,-23.694147,634.876038,-143.532214,633.877507,59.954723,-0.000502,1,0
0.133000,-61.894727,203423.384402,178.334035,203444.116840,58.224659,201507.586960,96.056731,636.686546,-23.852327,639.391305,-144.051023,635.348608,59.958639,0.002372,1,0
0.167000,-61.676082,200983.462162,178.134641,201757.081503,58.281830,202460.750284,96.139271,634.785468,-23.907625,639.560452,-144.149010,630.035363,59.962051,-0.004168,1,0
0.200000,-61.785494,201048.278316,178.362571,202428.264598,58.210447,200750.161462,96.457221,633.594195,-23.917208,642.007035,-143.289801,639.680767,59.967756,0.010958,1,0
0.233000,-61.732981,202148.146269,178.244598,203876.943942,58.272453,202209.098427,96.279614,634.494769,-23.586841,633.913388,-143.458167,641.154524,59.959921,-0.002203,1,0
0.267000,-61.792906,201931.919372,178.110105,202165.183999,58.238881,203209.642002,96.304049,641.996075,-23.884844,633.868718,-143.798360,638.358103,59.966635,-0.010143,1,0
0.300000,-61.693937,202750.847399,178.262175,205095.430915,58.195851,202831.049803,96.516414,638.707666,-24.140039,636.624633,-143.863505,636.672469,59.969054,0.009405,1,0
0.333000,-61.665900,202039.773081,178.330454,203077.690608,58.179237,202389.759510,96.510173,636.539342,-24.015391,637.841206,-143.793630,636.664163,59.970799,0.004030,1,0
0.367000,-61.806550,203401.828685,178.161435,202546.765756,58.312494,200661.344519,96.195534,637.691501,-23.814727,639.784232,-143.895655,636.852832,59.967846,-0.002055,1,0
0.400000,-61.794022,202615.305850,178.002652,203356.588022,58.119150,203134.968213,96.487251,633.201013,-23.630459,635.669631,-144.020018,641.475848,59.964529,-0.007471,1,0
0.433000,-61.694671,203362.196240,178.197427,202392.440568,58.282514,202113.713462,96.160519,636.683025,-23.758262,634.476253,-143.896142,634.951995,59.962395,0.001183,1,0
0.467000,-61.792690,201977.593313,178.456215,202162.418768,58.169719,202896.030719,95.997059,637.270617,-23.613968,640.919677,-143.715097,636.188088,59.962913,0.008135,1,0
0.500000,-61.792964,202167.797213,178.118404,202539.235179,58.199480,202932.509916,96.304110,638.698206,-23.741605,634.711429,-143.745191,634.423432,59.956507,0.002255,1,0
0.533000,-61.915991,201988.831599,178.157843,203471.756066,58.089032,202858.104635,96.229814,636.873809,-23.858167,632.615519,-144.055059,632.020128,59.962902,-0.006542,1,0
0.567000,-61.876633,203313.485632,178.098437,203175.533117,58.146858,204990.624592,96.188754,632.450101,-23.978779,630.376148,-143.820103,639.759314,59.958287,-0.001156,1,0
0.600000,-61.790459,201559.719106,178.100718,204051.007460,58.055443,204465.243441,96.259555,631.519836,-23.916193,633.408864,-144.030192,630.670222,59.966128,-0.009043,1,0
0.633000,-61.764835,203284.102437,178.145975,201169.720085,58.051860,203183.775441,96.396724,640.637381,-23.846516,632.275851,-143.582144,633.877293,59.957397,-0.007041,1,0
0.667000,-61.844823,202164.240122,178.127038,203009.972940,58.143634,204418.152063,96.290760,637.148409,-23.751961,637.047892,-143.913495,645.283932,59.966667,0.000331,1,0
0.700000,-61.858143,204212.060973,178.248017,202590.002645,58.337943,204359.890141,95.982888,634.591371,-23.962217,632.367717,-143.573312,638.800517,59.962007,-0.000675,1,0
0.733000,-61.762275,203915.385783,178.045486,203476.363024,57.948840,203044.799018,96.144584,631.302407,-23.761665,639.820287,-144.010633,638.988410,59.971770,-0.002667,1,0
0.767000,-61.689113,202585.158602,178.156009,201932.043775,58.093831,203679.898893,96.540167,631.788788,-23.912933,631.221826,-144.026913,628.583898,59.969238,-0.007647,1,0
0.800000,-61.832543,202585.393919,178.071083,202640.206879,57.915143,204634.798145,95.994553,637.126789,-23.917602,627.278755,-144.047750,641.358994,59.963457,-0.006584,1,0
0.833000,-61.949716,203708.438597,178.092469,202977.277178,57.991526,204868.863413,95.980966,633.825151,-24.132832,635.149705,-144.038294,626.700215,59.968030,-0.002863,1,0
0.867000,-61.896160,204102.900027,178.052473,205081.888798,57.969924,203680.246324,96.219760,631.653993,-23.832146,630.849692,-144.123546,632.320968,59.976686,-0.000942,1,0
0.900000,-61.876027,203622.109232,177.857322,204183.601420,58.159820,204107.257193,96.433986,635.032586,-23.974501,639.267095,-144.001419,631.843836,59.967919,0.011473,1,0
0.933000,-61.926728,202553.242068,178.151659,203090.062785,58.155054,202593.993244,96.379012,636.391968,-23.759367,628.713472,-143.591983,630.556602,59.965892,0.005868,1,0
0.967000,-61.930118,203731.869718,178.225857,203115.202624,58.105011,203565.131380,96.272411,629.550090,-23.702540,638.878582,-143.836390,631.039788,59.966247,0.005464,1,0
1.000000,-61.866688,203965.272278,178.192218,203494.287799,57.955904,203494.038106,95.878389,632.640726,-23.827377,637.133030,-144.049944,627.535772,59.971409,0.003124,1,0
1.033000,-61.927570,204162.625165,178.176307,203178.726445,58.071030,202646.102329,95.986283,635.277153,-24.095945,634.259842,-144.012044,632.540491,59.971640,0.001525,1,0
1.067000,-61.899752,203642.190507,178.057210,202413.586692,58.006350,203463.044598,96.446947,634.855600,-23.775468,630.977008,-143.854555,631.543383,59.960327,0.002713,1,0
1.100000,-62.073464,202879.613118,178.103442,204918.864320,57.993829,202467.152772,96.059420,627.375449,-24.082346,631.495750,-144.171763,633.417596,59.969192,0.004598,1,0
1.133000,-61.906292,202681.403874,178.224971,202222.831346,58.046971,201762.785720,96.294194,629.444110,-24.009878,632.553468,-143.697508,629.220330,59.969700,0.009310,1,0
1.167000,-61.961921,203885.467181,178.102610,203545.563921,58.144503,205119.821273,96.229972,627.637124,-23.896273,629.882223,-144.037594,627.051375,59.962888,0.017721,1,0
1.200000,-61.880100,205107.980161,178.222922,202783.549786,58.307654,202585.088539,96.069144,632.725572,-23.782489,627.162601,-143.816951,628.392831,59.953358,0.005430,1,0
1.233000,-61.818592,203773.119784,178.036749,202822.691435,58.108159,203730.160205,96.104399,629.886605,-23.700888,632.648062,-143.884241,632.012647,59.958963,0.004501,1,0
1.267000,-61.844229,204050.417913,178.256230,202911.473787,58.304452,203657.880005,96.120147,630.076512,-23.492143,629.441891,-143.656206,629.047605,59.965614,-0.012107,1,0
1.300000,-61.845823,202600.285114,178.141911,203626.088384,57.971949,203891.581583,96.021227,632.590273,-23.771052,632.928067,-144.047950,629.084508,59.955556,-0.001442,1,0
1.333000,-61.761610,203177.337345,178.235289,203007.494105,58.132537,203548.679671,96.138787,626.934652,-23.677045,631.258190,-143.995197,635.366668,59.962715,0.001932,1,0
1.367000,-61.796306,203133.222786,178.183633,204127.275848,58.160418,203739.233723,96.325753,630.301086,-24.027753,627.234757,-143.542651,628.362976,59.960823,0.004695,1,0
1.400000,-61.758012,204807.654526,178.207465,204071.623842,58.180933,203877.342905,96.162162,638.620621,-23.865571,634.457368,-143.696288,629.275954,59.966710,0.010760,1,0
1.433000,-61.803305,204755.434837,178.376689,203963.911978,58.160725,202907.985381,96.331259,626.197536,-23.422537,624.299447,-143.686462,628.340909,59.961877,-0.011024,1,0
1.467000,-61.657040,202927.972694,178.102360,203068.772681,57.993133,204130.525286,96.205494,633.025065,-23.372804,630.702255,-143.808260,627.754602,59.958038,0.004718,1,0
1.500000,-61.580351,204382.047059,178.063739,203304.434077,58.148194,204765.313806,96.790586,629.054762,-24.317870,627.273801,-143.696941,630.939359,59.953578,-0.001280,1,0
1.533000,-61.860512,205460.840783,178.175663,203022.168131,58.205970,204076.167221,95.976601,631.002112,-24.136623,624.290142,-143.762874,624.727512,59.961555,-0.006772,1,0
1.567000,-61.679720,204916.391807,178.195131,204727.015200,58.236824,202480.122323,96.619486,632.669551,-23.619103,636.608686,-144.159731,634.291481,59.948865,0.002416,1,0
1.600000,-61.833210,204034.051405,178.266163,204726.022134,58.217203,203843.615483,96.168274,630.551347,-23.875078,638.831073,-143.898840,627.213173,59.958200,-0.016804,1,0
1.633000,-61.854203,203002.333318,178.435362,204920.568456,58.281590,203516.599751,96.092528,630.865059,-23.664826,633.882997,-143.650127,636.383670,59.964912,-0.003367,1,0
1.667000,-61.931834,203976.253625,178.162764,204645.245526,58.157867,203802.326283,95.971555,628.734496,-23.625568,632.487590,-143.596245,628.323216,59.960442,-0.017879,1,0
1.700000,-61.761563,203210.981591,177.981761,204602.144993,58.291107,203679.505083,96.473815,632.439254,-24.099925,631.564937,-143.814614,630.347596,59.965461,-0.011526,1,0
1.733000,-61.847759,204724.648330,178.145527,202307.386379,58.364419,205397.254949,95.961986,633.623174,-23.632361,625.076086,-143.549106,632.393673,59.956666,-0.010907,1,0
1.767000,-61.915552,204011.103560,178.239770,204021.292592,58.302206,204156.067326,95.989694,629.648431,-23.971238,631.386180,-143.771008,629.240393,59.962969,-0.018473,1,0
1.800000,-61.699594,204074.617136,178.164036,202854.002281,58.210529,203253.509508,96.172235,632.587142,-23.860041,633.585018,-143.700726,628.060521,59.960447,-0.001638,1,0
1.833000,-62.085647,204307.509921,178.259361,202498.945311,58.229761,204487.660135,95.832301,637.759660,-23.765929,628.979071,-143.548578,634.776259,59.965358,0.006344,1,0
1.867000,-61.820133,204611.838982,178.254329,204205.067895,58.047501,202659.642779,96.169558,639.236591,-23.840218,629.666726,-143.787562,635.721270,59.960305,-0.002360,1,0
1.900000,-61.799724,204548.769189,177.979633,203529.366843,58.197456,202184.919060,96.198411,636.194315,-24.121739,633.163245,-143.660970,637.231535,59.959339,0.003668,1,0
1.933000,-61.822157,203014.058899,178.081828,202453.203394,58.199517,203800.995044,95.907623,634.706946,-24.021905,633.132511,-144.025236,634.840580,59.951169,0.005045,1,0
1.967000,-61.777576,203197.628042,178.300687,202651.349167,58.125335,204477.378311,96.539667,634.732849,-23.791800,636.176540,-143.885210,631.514037,59.964615,0.004824,1,0
2.000000,-61.816239,204562.198943,178.274628,204218.155275,58.153441,203501.246585,96.289689,639.963669,-23.877902,637.755958,-143.583208,631.792541,59.955576,0.023458,1,0
2.033000,-61.804058,203433.366352,178.150628,203851.338911,58.266411,203507.859715,96.218287,634.202013,-23.952448,628.892408,-144.111115,632.959441,59.965924,0.005792,1,0
2.067000,-61.872766,202063.931775,178.125725,202764.541446,58.370422,203634.425311,96.014628,638.385765,-23.965456,634.031699,-143.387288,632.826512,59.970201,0.017157,1,0
2.100000,-61.773739,204525.758985,178.079147,203218.763895,58.058472,201309.363432,96.387038,629.303208,-23.887675,628.633975,-144.107462,631.443032,59.968121,-0.012832,1,0
2.133000,-61.953853,203394.643624,178.183017,202814.218659,58.096652,202541.199724,95.975342,639.066472,-23.698992,637.426054,-144.011936,638.714999,59.961470,-0.000258,1,0
2.167000,-61.839613,200716.002286,178.050488,202533.106446,58.082593,203445.755453,96.248416,634.085215,-23.934574,635.907954,-143.770409,636.615795,59.959067,-0.016363,1,0
2.200000,-62.011337,203639.397298,178.251900,202217.757054,58.291647,200882.808229,96.006150,635.239310,-23.423516,634.550030,-143.550821,625.406183,59.971056,-0.005289,1,0
2.233000,-61.872708,203134.266585,178.230379,203523.509192,58.119043,204619.531681,95.790643,629.812022,-23.497986,635.746684,-143.816267,628.792403,59.969112,0.009389,1,0
2.267000,-61.836482,205133.842579,178.152928,201837.222247,58.249048,203696.615304,96.039001,628.076076,-24.131720,628.700895,-143.754918,633.090760,59.976004,0.008029,1,0
2.300000,-61.822111,203815.207276,178.127377,204217.849134,58.245199,203187.609120,96.164762,630.482281,-24.106752,630.318826,-143.766616,635.802691,59.975130,-0.004013,1,0
2.333000,-61.974552,201398.700871,178.322954,204330.187906,58.224431,202638.595412,95.883646,629.371266,-23.279448,623.056805,-144.064913,624.284125,59.963411,-0.003404,1,0
2.367000,-61.803078,205024.691496,178.123912,204150.403442,58.152970,203811.596901,95.994295,634.543240,-24.058727,622.124743,-143.731066,626.573774,59.972732,0.005224,1,0
2.400000,-61.819557,203792.781015,178.095228,202941.724127,58.285660,202485.198033,96.264114,629.629103,-23.860930,632.473047,-143.818682,626.194893,59.968950,0.001430,1,0
2.433000,-61.835080,202822.349514,178.215808,203815.431019,58.353639,204487.120680,96.203727,620.379385,-23.594391,616.039087,-143.474921,627.909704,59.970867,0.002021,1,0
2.467000,-61.761198,203625.714518,178.176240,204603.659493,58.080998,204158.670318,96.401703,621.972680,-23.459287,623.384474,-143.701630,630.126672,59.971959,0.001965,1,0
2.500000,-61.824861,204061.711013,178.128242,203866.362590,58.210865,202254.361653,96.434766,624.294716,-23.958334,617.446735,-143.844491,625.249780,59.968364,-0.000351,1,0
2.533000,-61.909767,204070.287820,178.238749,204241.735164,58.218080,205213.563118,96.260014,622.959831,-23.478841,620.904132,-144.055148,627.516408,59.966649,-0.002771,1,0
2.567000,-61.840743,203806.588071,178.260525,204728.650032,58.361049,201908.771590,96.058028,618.303578,-24.134670,623.261387,-143.658832,622.933932,59.966519,-0.002066,1,0
2.600000,-61.760336,202984.724341,178.315905,201445.669563,58.331117,204661.066813,96.318636,622.228552,-23.898355,625.840893,-143.621590,623.363122,59.971114,0.000074,1,0
2.633000,-61.806530,203429.229473,178.265374,204600.205508,58.236722,204538.936956,95.903056,621.997845,-24.029919,626.147576,-143.886464,628.625089,59.972761,-0.004398,1,0
2.667000,-61.804019,204540.105476,178.215800,204263.295663,58.165422,202069.649533,96.306997,621.909365,-23.801466,625.493076,-143.761975,622.274744,59.970158,-0.013630,1,0
2.700000,-61.826665,202777.605943,178.229660,203702.877199,58.254663,202361.844741,96.092292,622.729566,-23.922206,627.698096,-143.813901,622.016318,59.970680,0.003351,1,0
2.733000,-61.685881,202192.789399,178.245831,203479.023286,58.127931,202604.728920,96.014053,619.428792,-23.800345,616.991860,-143.711717,626.678584,59.962296,0.002179,1,0
2.767000,-61.796565,204747.392720,178.267559,203633.458048,58.371342,203015.834151,96.072413,630.225724,-23.637867,625.011569,-143.377744,628.492920,59.968053,-0.008476,1,0
2.800000,-61.549871,202225.191904,178.427345,202966.132655,58.518880,204181.969197,96.516594,628.454089,-23.593919,631.722106,-143.429069,623.975640,59.967285,0.015504,1,0
2.833000,-61.753830,202258.368479,178.224228,201962.212670,58.072478,202547.157502,96.395340,621.419808,-23.639205,619.645625,-143.573052,625.457313,59.959001,0.014974,1,0
2.867000,-61.630156,201883.737075,178.331897,204117.858927,58.328668,204042.992197,96.569284,621.943281,-23.477569,623.542702,-143.569693,627.107760,59.957929,0.001442,1,0
2.900000,-61.769678,202854.993694,178.360126,202922.105916,58.611230,202949.737322,96.208022,632.740972,-23.536339,636.108912,-143.205429,623.092966,59.956001,-0.006893,1,0
2.933000,-61.646790,201638.951560,178.312878,203473.784931,58.326420,203154.235757,96.358388,634.495302,-23.484748,630.541690,-143.391714,621.599423,59.964694,-0.010936,1,0
2.967000,-61.746036,204524.195032,178.214415,202289.799045,58.294763,202809.850464,96.068267,624.821409,-23.618987,628.188512,-143.799145,629.364499,59.955673,0.001106,1,0
3.000000,-61.608450,204200.631540,178.497677,204162.147341,58.264547,203300.007244,96.390401,628.590245,-23.707970,625.718125,-143.750689,622.289016,59.958071,-0.006629,1,0
3.033000,-61.765786,205196.974852,178.277607,204062.279227,58.102774,203661.309001,96.209230,625.689086,-23.542471,629.559914,-144.077141,625.244591,59.968690,-0.011787,1,0
3.067000,-61.736302,204207.084370,178.331437,201596.602359,58.387882,204903.891029,96.542552,631.687811,-23.823196,622.014889,-143.709579,633.409359,59.961874,0.007666,1,0
3.100000,-61.638406,201759.155689,178.150197,200394.781616,58.464634,203801.726643,96.669899,625.019189,-23.805994,624.146688,-143.533036,626.747392,59.961836,-0.003230,1,0
3.133000,-61.685497,205386.032791,178.336578,202132.194013,58.358223,202718.958364,96.153533,625.461863,-23.635405,627.593614,-143.585204,621.374232,59.969051,0.009364,1,0
3.167000,-61.720974,203784.506662,178.249375,202466.037610,58.385278,202760.684113,96.233804,618.878335,-23.669259,625.908600,-143.450109,623.954824,59.954230,0.000023,1,0
3.200000,-61.685347,204791.330727,178.340697,203087.536897,58.336574,204013.031231,96.197953,618.243771,-23.344314,622.274813,-143.726201,619.215328,59.954925,0.013480,1,0
3.233000,-61.662036,202072.660861,178.089846,203671.058437,58.229282,202635.270347,96.322663,620.035976,-23.903366,620.824672,-143.926320,622.127922,59.956221,0.002244,1,0
3.267000,-61.644228,201257.205819,178.324180,203077.481823,58.335182,201902.333453,96.273451,614.925397,-23.625023,620.984885,-143.769943,623.504923,59.953498,-0.013252,1,0
3.300000,-61.853837,200952.664126,178.432348,203345.346391,58.328462,202924.663902,96.331506,618.651787,-23.269021,622.441850,-143.802413,623.212960,59.957374,0.007127,1,0
3.333000,-61.665287,202862.021705,178.399471,204091.163962,58.209467,202843.059421,96.272817,625.797952,-23.785926,618.110527,-143.506628,624.882982,59.961935,-0.008063,1,0
3.367000,-61.753220,202004.668300,178.222562,201974.814655,58.166987,203176.116244,96.303899,623.739068,-23.471368,625.906289,-143.796808,618.689148,59.964205,-0.002342,1,0
3.400000,-61.558073,202354.049322,178.272736,202611.720740,58.270502,205074.912918,96.301461,626.285359,-23.741724,625.625597,-143.484502,626.990893,59.959736,-0.001121,1,0
3.433000,-61.818387,202194.822534,178.259036,202467.140238,58.232388,202448.676815,96.353693,627.926367,-23.808479,629.821006,-143.931552,628.545285,59.957014,-0.003015,1,0
3.467000,-61.741274,203073.680161,178.298514,201484.695228,58.256135,201533.384394,96.337825,630.417046,-23.544875,626.673824,-143.544240,631.008975,59.966469,0.007522,1,0
3.500000,-61.776870,202217.593701,178.182140,202230.044700,58.229016,203133.695954,96.313237,628.796579,-23.951048,627.366007,-143.886145,625.360549,59.959126,0.007180,1,0
3.533000,-61.948237,201820.176243,178.072561,203251.145463,58.444328,202796.761836,96.003848,618.078400,-24.099557,625.938381,-143.415298,620.879852,59.972190,0.004450,1,0
3.567000,-61.641569,203478.931743,178.405425,203890.435541,58.216769,201921.307841,96.122575,624.581257,-23.356667,634.511141,-143.774797,622.359660,59.971148,0.006800,1,0
3.600000,-61.587178,202427.010565,178.389510,202767.673479,58.421535,203034.007123,96.402891,624.088149,-23.280072,628.606294,-143.965027,635.074529,59.965259,-0.000256,1,0
3.633000,-61.616142,202405.701247,178.337600,203472.523889,58.346041,204175.774932,96.349095,632.452699,-23.890699,631.288898,-143.645359,632.435555,59.965131,0.006351,1,0
3.667000,-61.708942,203629.023761,178.327756,201633.573620,58.382769,204026.723138,96.277564,628.114063,-23.934870,632.759595,-143.453212,626.737352,59.963389,0.003079,1,0
3.700000,-61.653925,200819.707048,178.239902,202062.411200,58.450182,202434.596091,96.718023,636.522361,-23.851145,631.634112,-143.755362,629.692477,59.983520,0.002382,1,0
3.733000,-61.701510,201795.213303,178.433517,203031.239947,58.446092,203711.504487,96.130966,634.126672,-23.453587,627.954498,-143.756442,631.963547,59.980411,0.003523,1,0
3.767000,-61.856513,203318.962531,178.414548,202552.708803,58.305844,203083.597506,96.200303,628.630401,-23.519538,639.282635,-143.731256,633.180215,59.969078,-0.000921,1,0
3.800000,-61.761608,203246.237749,178.285528,203500.230268,58.206759,203303.451587,96.371166,628.732626,-23.984847,632.058018,-143.994322,634.722992,59.971553,0.003907,1,0
3.833000,-61.586849,202555.421107,178.250972,201902.049677,58.189712,203056.104495,96.042394,632.295382,-24.044835,629.506887,-143.637875,623.593603,59.970637,-0.006564,1,0
3.867000,-61.722633,202019.528305,178.340034,201670.793417,58.144824,204094.923045,96.375574,624.584752,-23.470747,633.031080,-143.652139,624.237964,59.972830,0.002846,1,0
3.900000,-61.616472,202257.397217,178.260431,202225.827790,58.222703,202141.592832,96.031207,631.609791,-23.917234,631.261129,-143.715266,632.131235,59.973715,-0.003377,1,0
3.933000,-61.716863,202073.011215,178.406407,202858.124352,58.305416,202522.490498,96.115303,633.238527,-23.667197,632.260473,-143.682100,637.904566,59.966297,0.003761,1,0
3.967000,-61.681510,200579.063152,178.178588,202129.511716,58.357027,202794.103442,96.497753,637.610919,-23.940291,633.331559,-143.386468,633.327652,59.966855,0.007225,1,0
4.000000,-61.714065,202931.504750,178.293744,203878.677481,58.352724,202612.152077,96.377189,629.747421,-23.590135,635.550915,-143.632870,629.661757,59.970832,0.005900,1,0
4.033000,-61.605003,202790.977290,178.235416,202913.318314,58.386749,202697.561532,96.345039,637.108185,-23.868694,632.231983,-143.497221,631.879141,59.977708,-0.002112,1,0
4.067000,-61.789596,202385.559064,178.278940,201757.855929,58.299751,202272.084269,96.253949,639.388901,-23.906232,633.498085,-143.722684,632.484190,59.967955,0.001669,1,0
4.100000,-61.827826,203432.710542,178.065834,201158.141917,58.307607,203006.304056,96.279663,639.895505,-24.058664,640.650702,-143.957527,636.506633,59.971688,-0.003065,1,0
4.133000,-61.670777,201745.364474,178.274294,202499.892179,58.393852,202321.694936,96.449158,637.446483,-23.717153,639.813117,-143.432016,644.051008,59.968331,0.006931,1,0
4.167000,-61.862009,204281.661939,178.313157,200252.503000,58.370448,202404.331262,96.030585,637.564060,-23.698768,639.288793,-143.626991,640.056755,59.971232,-0.005658,1,0
4.200000,-61.646028,203084.657553,178.460343,202594.502084,58.192667,202083.633259,96.322468,645.631744,-23.584663,640.155746,-144.160738,636.412095,59.969882,-0.008564,1,0
4.233000,-61.592960,201268.516728,178.400742,203228.084985,58.324057,203660.456808,96.234943,638.947715,-23.626535,639.806779,-143.582148,641.852351,59.971551,0.004619,1,0
4.267000,-61.654740,201689.121941,178.347475,205238.406963,58.394646,203189.085633,96.338916,639.226649,-23.735139,641.883403,-143.796601,637.642469,59.975876,0.008974,1,0
4.300000,-61.570591,202580.498884,178.295351,203368.848474,58.464907,201284.304178,96.358029,643.180583,-23.789308,643.151013,-143.486180,640.401253,59.967222,-0.011650,1,0
4.333000,-61.656820,201533.691952,178.472023,203280.887513,58.300592,202287.649144,96.278192,642.623447,-23.739057,639.622964,-143.484403,643.914799,59.968103,0.011072,1,0
4.367000,-61.661505,203924.423055,178.181532,203051.768232,58.384509,203699.089667,96.341022,645.233042,-23.939488,638.598328,-143.629156,642.244333,59.969352,0.008152,1,0
4.400000,-61.749135,204202.547284,178.193586,201932.589976,58.365710,203928.189578,96.387799,645.426279,-23.795419,644.667876,-143.417680,651.224785,59.973616,0.004976,1,0
4.433000,-61.740821,201862.967054,178.170980,202648.079721,58.370362,202529.204101,95.994540,644.850622,-23.770563,649.443940,-143.881073,644.062059,59.974639,0.016903,1,0
4.467000,-61.616259,204540.352794,178.247388,203262.740255,58.400275,203386.445123,96.327455,645.539348,-23.774319,641.048195,-143.787647,642.956082,59.975166,-0.002781,1,0
4.500000,-61.764828,202668.376676,178.128546,202631.755645,58.323202,201719.244644,96.196677,641.801538,-24.032943,645.062983,-143.658482,639.388723,59.973133,0.001102,1,0
4.533000,-61.763395,202921.199345,178.377107,203004.856354,58.315802,201068.690467,96.515566,643.202937,-23.474105,647.472555,-143.979673,644.050495,59.974505,0.007893,1,0
4.567000,-61.530434,204767.437054,178.510442,204001.683471,58.406316,204298.087656,96.643198,643.940117,-23.448097,641.180953,-143.659241,648.447549,59.976357,0.004610,1,0
4.600000,-61.714409,202310.225408,178.519922,201390.769079,58.391265,203717.480473,95.871590,647.112516,-23.346056,650.843162,-143.679722,647.473338,59.964023,0.000618,1,0
4.633000,-61.658045,201533.945396,178.417765,202257.595797,58.270950,202734.914892,96.143159,653.796097,-23.362295,648.769057,-143.866054,644.007058,59.969337,-0.005318,1,0
4.667000,-61.891671,203470.786989,178.203089,203650.942187,58.242186,202633.581812,95.911229,642.233660,-24.140530,649.046114,-143.653609,651.096135,59.972111,-0.002025,1,0
4.700000,-61.766142,203365.008665,178.413531,202444.106608,58.253354,201978.143932,96.234762,648.793649,-23.789083,645.416781,-143.687457,641.385280,59.963558,0.007810,1,0
4.733000,-61.467017,203288.132200,178.360289,202565.946494,58.183993,201821.218899,96.433412,651.955101,-23.546416,646.196251,-143.813523,644.336894,59.971540,-0.003649,1,0
4.767000,-61.575247,201450.953027,178.298992,200681.774819,58.410483,204134.650779,96.290217,647.976020,-23.891727,639.042714,-143.565606,648.684779,59.973617,-0.000702,1,0
4.800000,-61.697898,203595.080995,178.372228,203445.240467,58.412688,200946.875497,96.494618,641.177700,-23.446430,648.059655,-143.315848,646.185188,59.972797,0.001519,1,0
4.833000,-61.559170,201570.413913,178.397424,202933.382507,58.397656,200738.125003,96.295026,648.249407,-24.030811,647.236372,-143.353046,645.252973,59.975057,0.006570,1,0
4.867000,-61.742870,201046.715640,178.228174,202536.052638,58.378574,201800.049639,96.450702,642.793938,-23.503669,643.384096,-143.626431,642.664212,59.972042,0.002093,1,0
4.900000,-61.774113,201371.667261,178.331159,202611.234617,58.487755,201523.303622,96.246746,648.496445,-23.835529,643.543659,-143.554550,641.854838,59.973839,-0.006883,1,0
4.933000,-61.634906,202696.895061,178.346247,200291.048798,58.205701,202545.556828,96.155994,636.178033,-23.823225,644.398612,-143.471570,641.975508,59.978782,-0.005191,1,0
4.967000,-61.422168,203427.289898,178.211049,202311.316939,58.377534,201739.931448,96.432769,641.906294,-23.735437,640.152116,-143.252559,648.254200,59.973342,-0.002067,1,0
5.000000,-61.860867,203309.940483,178.388415,203250.238083,58.466218,202700.044892,96.227411,642.681434,-23.500116,637.747968,-143.682219,637.645669,59.967979,-0.009690,1,0
5.033000,-61.444820,201988.215255,178.321029,201504.173694,58.306487,203511.589104,96.510058,640.534793,-23.529914,636.570264,-143.741824,637.418798,59.967613,-0.000096,1,0
5.067000,-61.610395,201675.877816,178.215611,200603.542336,58.388334,203061.335261,96.376301,643.608163,-23.780140,634.932543,-143.677349,640.352580,59.971770,0.004502,1,0
5.100000,-61.497624,202387.915784,178.555507,201611.911717,58.494209,202484.491727,96.771251,641.884031,-23.257339,639.591633,-143.533655,637.025803,59.968460,-0.001903,1,0
5.133000,-61.657736,202213.770610,178.412124,202798.315020,58.465838,202757.889292,96.149803,644.889552,-23.379168,645.468669,-143.163859,644.950927,59.965159,0.000870,1,0
5.167000,-61.687493,201868.120706,178.284120,201649.549599,58.387413,200524.822659,96.632045,640.732776,-23.954962,637.399233,-143.442719,638.713423,59.968967,-0.004283,1,0
5.200000,-61.531108,201955.877324,178.371847,202181.301889,58.342422,201886.082388,96.791361,642.312307,-23.784611,642.536023,-143.666613,638.750861,59.977479,-0.003800,1,0
5.233000,-61.513742,202976.991910,178.260876,202798.920308,58.354398,201514.189850,96.417404,641.700754,-23.477065,638.273490,-143.514977,639.213773,59.971419,0.013670,1,0
5.267000,-61.525421,201812.925049,178.464400,199921.831245,58.332783,203267.816243,96.368123,646.780082,-23.831448,637.764479,-143.793532,644.710643,59.965426,0.003429,1,0
5.300000,-61.662785,203573.885300,178.443959,202102.158392,58.482094,202199.090305,96.065531,647.809562,-23.461426,640.975496,-143.406571,639.821199,59.964812,-0.004615,1,0
5.333000,-61.685665,202651.432298,178.407362,202402.641335,58.437366,200853.275785,96.387304,634.389970,-23.817022,638.990353,-143.878471,639.404428,59.969464,0.003117,1,0
5.367000,-61.478470,200940.991205,178.413517,203698.214319,58.639597,203825.439834,96.522488,643.892516,-23.666263,644.608948,-143.204451,644.666330,59.967184,0.008239,1,0
5.400000,-61.679763,204397.234638,178.418640,201473.869815,58.420357,201981.330646,96.250725,635.849612,-23.441023,643.476780,-143.464027,643.033213,59.957228,0.004920,1,0
5.433000,-61.620362,202560.031150,178.590306,199991.427905,58.424725,201927.891799,96.370626,642.737444,-23.543378,642.906191,-143.223622,639.421383,59.956821,-0.017328,1,0
5.467000,-61.472015,203298.831421,178.514107,202712.892915,58.447450,201058.931724,96.806605,643.569125,-23.980873,651.325518,-143.582360,641.887065,59.951566,-0.008400,1,0
5.500000,-61.525426,202851.723497,178.260596,201526.120000,58.214947,202297.792167,96.322808,641.291005,-23.876966,644.936239,-143.769185,643.889111,59.963614,-0.006947,1,0
5.533000,-61.561440,201892.770217,178.284480,201810.056848,58.463873,202252.150012,96.118537,650.244161,-23.749816,647.012779,-143.428320,652.332522,59.959816,-0.000501,1,0
5.567000,-61.813997,203164.504048,178.389288,202780.294985,58.410129,202691.644510,96.034041,651.869141,-23.396010,642.370979,-143.487560,645.769932,59.961162,-0.012175,1,0
5.600000,-61.675532,202976.165460,178.403653,202457.438473,58.457143,200156.759546,96.456401,644.092779,-23.875165,647.716059,-143.502798,646.686768,59.969565,-0.004389,1,0
5.633000,-61.498542,202631.415998,178.248287,204198.786989,58.277611,202299.234723,96.224953,642.648322,-23.901479,639.137631,-143.569424,647.854962,59.962068,0.004996,1,0
5.667000,-61.686188,202456.015543,178.455966,202665.617775,58.256568,203822.979543,96.296456,641.881308,-23.958475,642.159476,-143.884325,638.468081,59.967388,-0.003621,1,0
5.700000,-61.758162,201984.755980,178.358825,201524.163015,58.308262,201565.279622,96.396486,634.062259,-23.357670,642.908960,-143.313900,640.990783,59.960813,0.006414,1,0
5.733000,-61.526846,202657.423931,178.366333,202773.769822,58.258443,203229.264549,96.469555,631.606818,-23.441275,641.925225,-143.570678,646.094313,59.961919,0.000579,1,0
5.767000,-61.599250,202393.875063,178.428774,202724.198982,58.503538,201835.564219,96.442473,646.170943,-23.481625,645.863450,-143.395756,641.652696,59.962666,-0.009819,1,0
5.800000,-61.602346,202295.934704,178.370807,203961.530725,58.545267,202993.323720,96.383622,648.675368,-23.440783,643.758647,-143.446271,642.822743,59.964870,-0.002881,1,0
5.833000,-61.507223,203722.968789,178.420735,202135.418439,58.231156,203247.579778,96.643298,652.398155,-23.715417,644.498939,-143.988003,643.090857,59.965737,-0.007718,1,0
5.867000,-61.895136,202055.456275,178.568659,202474.801665,58.506305,204866.146104,96.110889,650.788209,-23.370815,649.129461,-143.437597,641.165544,59.964733,0.002255,1,0
5.900000,-61.617276,204402.096565,178.412220,203683.896712,58.483968,202605.221915,96.444421,646.278156,-23.443849,650.023723,-143.300146,636.126770,59.965761,0.012380,1,0
5.933000,-61.516622,203682.442525,178.247810,202820.881819,58.257215,201586.574070,96.426629,647.582511,-23.891581,646.870165,-143.476650,642.432508,59.967965,-0.003173,1,0
5.967000,-61.603639,202460.360568,178.252831,204051.327949,58.405073,203910.087353,96.338236,636.639169,-23.991650,640.058854,-143.505867,641.980475,59.958987,-0.005705,1,0
6.000000,-61.651311,203380.017663,178.266122,202102.784138,58.252205,203075.961017,96.286362,647.003526,-23.834534,646.536413,-143.928117,641.111784,59.965223,0.001577,1,0
6.033000,-61.609791,201872.562242,178.247044,202922.409221,58.364589,202584.581453,96.438359,644.593611,-23.626229,639.829331,-143.667725,639.648405,59.966882,-0.006693,1,0
6.067000,-61.771132,202294.852868,178.259794,201054.910962,58.245602,202150.725201,96.236055,648.172432,-23.619999,643.166842,-143.585482,649.412965,59.963681,0.011680,1,0
6.100000,-61.832168,203930.150230,178.255241,202991.123128,58.331056,202550.062330,95.975617,642.120307,-23.828074,639.554323,-143.557356,643.352825,59.956019,0.010244,1,0
6.133000,-61.693991,202576.396809,178.359963,201396.880452,58.299031,201401.189076,96.249468,645.233464,-23.643738,645.158749,-143.617881,648.082009,59.968461,0.004114,1,0
6.167000,-61.562588,202785.974246,178.309825,204293.108569,58.378759,202078.634585,96.490251,631.831100,-23.996924,644.092610,-143.547285,642.290871,59.963348,0.011942,1,0
6.200000,-61.726540,202796.519672,178.397384,203394.953796,58.219660,204771.278149,96.170461,640.084173,-23.597084,641.807755,-143.719419,641.041934,59.967386,0.007191,1,0
6.233000,-61.769385,202868.391237,178.285775,203564.933832,58.255320,203207.283675,96.347861,641.441122,-23.829389,640.756587,-143.791353,636.443636,59.959693,0.000718,1,0
6.267000,-61.732288,203503.575623,178.505881,203404.927599,58.473663,204246.044357,96.559399,644.915879,-23.276013,650.730917,-143.411113,645.140191,59.964757,-0.004053,1,0
6.300000,-61.747817,202566.435359,178.303710,200931.151044,58.425736,203288.785204,96.043435,652.052631,-23.718463,652.309975,-143.395441,649.316989,59.962042,0.005522,1,0
6.333000,-61.875032,202166.615812,178.382792,200725.006483,58.420600,201911.199950,96.173324,644.994357,-23.430101,646.891604,-143.515867,643.398140,59.963221,0.007099,1,0
6.367000,-61.651155,201453.903927,178.256325,202447.646658,58.241473,202486.224863,96.549478,643.963999,-24.032624,648.870939,-143.434056,649.652057,59.962974,0.001038,1,0
6.400000,-61.859320,203146.359208,178.221329,202515.922660,58.317563,203822.374794,96.065568,643.776276,-23.892408,638.418558,-143.513222,647.380678,59.963850,0.007578,1,0
6.433000,-61.662462,201856.954465,178.398974,203230.217021,58.333107,202411.234375,96.300474,647.658139,-23.561093,649.177909,-143.481557,648.326759,59.966369,-0.007732,1,0
6.467000,-61.655084,203178.239235,178.232152,203927.185976,58.301266,203106.140291,96.496278,641.842017,-23.756078,651.642501,-143.573332,646.497545,59.961053,0.009540,1,0
6.500000,-61.679241,202135.577887,178.238696,201620.238534,58.167492,201959.414333,96.494345,644.923512,-24.221109,648.544332,-143.944527,648.585347,59.963152,-0.004371,1,0
6.533000,-61.843439,202125.041417,178.328661,202155.437302,58.485420,202767.958016,96.308352,652.537198,-23.892116,644.199341,-143.472392,644.990914,59.963593,0.002525,1,0
6.567000,-61.787725,203223.467421,178.341712,203299.940762,58.184100,203173.998381,96.350227,658.957626,-23.529411,645.642019,-143.432843,647.173712,59.967146,0.008673,1,0
6.600000,-61.811807,202278.462423,178.205410,201661.168861,58.339944,203523.112236,96.190103,646.252548,-23.738715,651.370453,-143.828419,644.678206,59.960659,0.003908,1,0
6.633000,-61.901131,203078.106663,177.907892,201008.343951,58.333702,204241.427599,96.008338,648.446346,-23.856881,647.486711,-143.544526,642.463052,59.957479,0.000518,1,0
6.667000,-61.728105,204037.630630,178.150053,202677.727436,58.198083,202664.801368,96.385016,637.699686,-23.717635,641.677759,-143.442109,638.141517,59.950665,-0.001851,1,0
6.700000,-61.746482,201934.261604,178.222178,203031.464149,58.093421,202983.998522,96.309555,643.467905,-23.604498,643.686997,-144.048922,646.899068,59.950453,-0.002108,1,0
6.733000,-62.008645,201765.773760,178.242194,202086.970455,57.956531,202959.287838,96.068382,644.576240,-24.016022,648.896523,-143.952456,643.434421,59.951117,-0.007370,1,0
6.767000,-61.785112,202468.265208,178.130828,203483.201640,58.164015,200896.100952,96.123385,647.395420,-23.800816,645.449861,-143.827273,642.978497,59.951569,-0.003231,1,0
6.800000,-61.676133,204837.005337,178.009437,204771.452808,58.147842,203296.656137,96.275388,639.707535,-24.144798,650.080787,-143.979181,644.779129,59.958487,-0.004640,1,0
6.833000,-61.896762,201989.017200,178.209322,202490.454326,58.301734,202616.833704,96.212973,642.163430,-24.021227,646.218434,-143.370489,644.537901,59.948189,-0.013979,1,0
6.867000,-61.857519,202528.279643,178.168234,202962.873381,58.216593,202313.242146,95.939356,640.402725,-23.755247,639.808253,-143.958464,640.677971,59.958334,-0.003620,1,0
6.900000,-61.989116,202280.608512,178.132620,202445.165162,58.275915,203084.724843,96.154619,642.288193,-23.816760,636.102644,-144.183077,644.879630,59.954384,-0.000386,1,0
6.933000,-61.848134,202172.743247,178.258969,203542.856162,57.970316,202147.047248,96.057672,637.709896,-23.970166,641.092054,-144.132212,636.464912,59.962079,-0.003714,1,0
6.967000,-61.688311,202868.345801,178.136855,202233.773527,58.238258,203991.593737,95.982620,635.292901,-24.047340,644.643261,-143.789212,639.364394,59.958881,-0.001095,1,0
7.000000,-62.026893,203857.757811,178.183356,202654.850199,58.047352,204904.811947,95.830127,641.676024,-24.029854,637.071391,-143.792094,635.001758,59.962780,-0.012613,1,0
7.033000,-61.852945,202412.242425,178.302572,203550.523718,58.289735,202870.697243,96.134852,637.804977,-23.488078,637.089887,-143.675663,642.574893,59.961643,-0.000137,1,0
7.067000,-61.817304,202505.855311,178.093639,204068.454865,58.195700,204469.218001,96.371694,642.110907,-24.202885,640.731497,-143.871908,646.508551,59.961819,-0.007061,1,0
7.100000,-61.720443,202961.798353,178.149409,203022.833054,58.137699,204600.051142,96.419687,639.700532,-23.771422,641.638788,-143.921220,643.496932,59.970107,-0.006884,1,0
7.133000,-61.887801,203619.873720,178.077384,202954.046397,58.180218,203749.470279,96.092809,634.099404,-23.929022,638.762204,-143.771881,635.946718,59.958850,0.004861,1,0
7.167000,-61.787266,203007.527608,178.275581,204021.556685,57.948258,203614.979259,96.035732,634.706213,-23.933093,639.398573,-143.429345,636.969189,59.961219,0.006829,1,0
7.200000,-61.747541,203433.510038,178.317168,203975.967154,58.225161,202837.462240,95.945648,644.224531,-23.684094,638.983669,-143.928474,639.428722,59.961336,-0.004405,1,0
7.233000,-61.798967,202989.566543,178.273979,203031.747632,58.218870,203296.575139,96.206042,635.899299,-23.769172,637.822949,-143.704127,632.971294,59.962838,-0.002998,1,0
7.267000,-61.867891,204771.639705,178.193282,202683.813635,58.284438,202943.776197,96.256708,637.592368,-23.854401,640.857632,-143.611579,638.355402,59.967760,0.007801,1,0
7.300000,-61.886333,204088.216958,178.113580,201932.455536,58.351452,203220.775857,96.002471,637.427150,-23.847151,637.637293,-143.826382,639.049664,59.958807,-0.005091,1,0
7.333000,-61.935572,202929.027032,178.223457,203308.121367,58.245021,203141.278900,96.000760,638.348147,-23.993681,640.622228,-143.533020,644.230114,59.961275,-0.001897,1,0
7.367000,-61.587066,201314.594541,178.151555,202050.089633,58.222232,203936.290026,96.693183,638.191613,-24.033650,638.652694,-143.465526,648.579344,59.966243,-0.007741,1,0
7.400000,-61.844158,202735.243148,178.345535,203717.842050,58.161224,202957.359564,96.305313,648.537498,-23.664020,645.306966,-143.802486,643.251316,59.968956,0.005926,1,0
7.433000,-61.823454,203238.444902,178.194030,202767.928144,58.231357,201945.589613,96.050202,648.292702,-23.825207,651.101763,-143.753769,649.222929,59.966294,-0.007726,1,0
7.467000,-61.795889,203950.532816,178.412978,205310.648329,58.280638,203527.521762,96.267456,646.041403,-23.618490,647.911525,-143.695663,645.339906,59.964560,-0.003942,1,0
7.500000,-61.777580,200187.958144,178.196965,202850.545786,58.195497,203507.994882,96.341721,637.716356,-24.004404,639.630632,-143.814010,645.781910,59.967968,0.005296,1,0
7.533000,-61.737832,201514.421331,178.323474,202235.869162,58.249148,202065.504250,96.416036,642.924464,-23.707818,643.666826,-143.591888,644.184316,59.960696,0.003676,1,0
7.567000,-61.816305,203085.125569,178.293146,203463.699181,58.163219,201473.566814,96.032125,641.706128,-23.955267,647.002655,-143.990348,646.518147,59.969250,-0.001486,1,0
7.600000,-61.910335,201781.348627,178.166004,204580.098178,58.098117,201358.284448,96.027732,643.698831,-24.072737,645.329558,-144.006054,651.345772,59.967681,0.003338,1,0
7.633000,-61.747925,202945.830267,178.209502,202882.409170,58.128376,202064.274398,95.920058,642.761890,-23.763663,638.353336,-143.966484,644.569760,59.966499,0.007640,1,0
7.667000,-61.766230,203249.269925,178.407552,202935.249509,58.275783,203836.563625,96.183212,641.652743,-23.677307,641.747437,-143.724538,645.400444,59.959571,0.000717,1,0
7.700000,-61.630452,202976.876254,178.172199,202824.490246,58.337074,202616.050541,96.239440,642.584863,-23.889135,650.793485,-143.512756,641.972175,59.958669,0.007338,1,0
7.733000,-61.693483,200517.071521,178.111666,202333.542841,58.294273,204209.374327,96.470483,641.920565,-24.176302,639.844208,-143.743340,642.648713,59.953696,-0.001483,1,0
7.767000,-61.579474,201234.861878,178.309144,202549.735363,58.295659,202246.507008,96.459618,647.868378,-23.811805,642.545850,-143.602895,638.692663,59.962581,-0.007891,1,0
7.800000,-61.732711,202687.420274,178.295148,202701.040914,58.150688,202041.096073,96.258216,641.440676,-23.673531,641.492413,-143.873867,633.966093,59.959484,-0.000674,1,0
7.833000,-61.777570,202084.357845,178.467018,202286.863951,58.370867,202880.569288,96.175508,642.037199,-23.612135,640.824961,-143.410993,643.956610,59.962006,0.004274,1,0
7.867000,-61.747703,201807.632571,178.321824,203839.474350,58.272128,201123.885696,96.467973,634.664716,-23.716355,637.660508,-144.197352,637.413252,59.959004,-0.005337,1,0
7.900000,-61.612831,201527.517936,178.211960,203649.955052,58.132220,202968.416007,96.473804,640.581488,-23.805568,641.768086,-143.601574,638.211365,59.956017,0.006283,1,0
7.933000,-61.635059,203699.290667,178.194651,204479.571101,58.415712,202197.199694,96.260552,639.210074,-24.021728,634.024456,-143.751149,641.519419,59.953858,-0.008319,1,0
7.967000,-61.696998,202470.051134,178.259329,203492.022057,58.366693,202418.546832,96.208715,641.338586,-23.670467,637.709298,-143.433905,641.707454,59.956113,-0.000421,1,0
8.000000,-61.665561,203624.062167,178.306258,201925.457221,58.456487,201524.831678,96.099238,638.296877,-23.549076,633.468271,-143.361678,645.151574,59.955074,-0.001840,1,0
8.033000,-61.731012,203227.795840,178.351169,202123.369369,58.095388,203189.845477,95.844643,634.580203,-23.525930,638.256107,-143.576270,635.102001,59.957915,0.007900,1,0
8.067000,-61.851797,201084.875325,178.240703,203202.090971,58.242482,204195.805715,96.461795,634.390458,-23.809765,636.640326,-143.893267,635.935950,59.962171,0.003685,1,0
8.100000,-61.659347,199295.926664,178.238918,201865.624442,58.184160,203362.998368,96.660755,633.340574,-23.605071,640.766624,-143.874273,636.787261,59.962405,-0.002647,1,0
8.133000,-61.605020,202540.616363,178.083479,202350.314758,58.183311,200769.276981,96.479464,636.838524,-24.057981,631.253602,-143.882713,634.246973,59.962732,0.008214,1,0
8.167000,-61.665376,202196.453607,178.077413,202725.794707,58.220958,202247.158130,96.546782,637.178419,-23.664848,630.236007,-143.815238,635.530533,59.962271,0.000015,1,0
8.200000,-61.643307,203574.945537,178.273577,201576.257824,58.280715,203115.651241,96.495229,637.253065,-23.702236,641.435117,-143.452063,635.322300,59.960394,-0.002428,1,0
8.233000,-61.720391,202227.926831,178.288674,203189.235607,58.439090,203598.477814,96.114921,635.806675,-23.534374,636.560283,-143.663846,635.149542,59.963279,-0.001022,1,0
8.267000,-61.674531,203243.616242,178.214741,202223.486958,58.225715,202518.971289,95.757601,634.779351,-23.546364,636.452984,-144.000541,635.761815,59.962906,-0.003019,1,0
8.300000,-61.794474,202526.206832,178.234491,202346.170082,58.355810,201535.461434,96.623290,633.137727,-23.710698,632.721068,-143.577101,636.146874,59.965481,0.006551,1,0
8.333000,-61.905760,201945.000632,178.313478,203279.317329,58.216380,203986.448249,96.188740,629.914089,-23.602548,629.869535,-143.979601,635.331789,59.965326,-0.004770,1,0
8.367000,-61.585107,202756.829751,178.352042,202877.845796,58.278562,202320.793663,96.364998,640.053922,-23.891452,629.804195,-143.933558,635.795916,59.958502,-0.007712,1,0
8.400000,-61.892438,204617.779233,178.233846,203537.077389,58.278781,203823.826949,96.066955,631.938053,-23.725990,634.530948,-143.653108,637.068337,59.964126,0.006455,1,0
8.433000,-61.718660,202624.257595,178.369376,201369.559477,58.118357,201106.389426,96.490592,632.821046,-24.033684,634.015886,-143.821020,624.087076,59.965070,0.005493,1,0
8.467000,-61.578374,201740.217530,178.089203,203753.020585,58.404798,203849.677713,96.505149,635.459896,-24.030622,627.075740,-143.510888,631.373702,59.965343,-0.004090,1,0
8.500000,-61.731587,204766.044057,178.201365,202487.540632,58.306087,203147.137582,96.296207,631.451110,-23.757147,629.307021,-143.728704,629.340263,59.960754,0.002023,1,0
8.533000,-61.677665,203227.036414,178.326266,204463.180491,58.168909,201692.374976,96.353680,620.869514,-23.681853,628.367211,-143.850357,624.868038,59.963361,0.010517,1,0
8.567000,-61.617205,202770.524608,178.428657,203574.410358,58.364120,202164.039509,96.239444,627.168734,-23.588888,621.730112,-143.668832,625.171284,59.964569,-0.007460,1,0
8.600000,-61.677616,204892.662486,178.315307,202206.033844,58.309682,204099.694855,96.237672,631.475801,-23.507746,633.170713,-144.013941,627.089178,59.963436,0.006607,1,0
8.633000,-61.829890,201444.716311,178.171763,202800.314349,58.280220,203775.303548,96.291472,626.871663,-24.021927,624.841320,-143.631556,620.915673,59.965422,0.011685,1,0
8.667000,-61.643103,201539.048562,178.392466,201913.901936,58.223365,201945.028119,96.826067,624.399166,-23.792896,631.306374,-143.898688,621.695837,59.969977,-0.017568,1,0
8.700000,-61.633719,203686.420998,178.189605,202515.567656,58.345684,202987.368257,96.494090,628.670322,-23.563834,625.039123,-143.613028,628.766412,59.966216,0.014893,1,0
8.733000,-61.685823,204042.428706,178.275653,204575.037178,58.283050,203623.913733,96.143963,621.578717,-23.873775,624.349046,-143.898352,627.332784,59.965542,0.000021,1,0
8.767000,-61.495840,201084.482155,178.550581,203066.038369,58.414410,204700.406574,96.443733,621.374375,-23.155125,625.249140,-143.687767,630.065764,59.968625,0.005967,1,0
8.800000,-61.679716,201561.126677,178.410448,202126.845259,58.233009,202815.414439,96.427017,630.648950,-23.511921,626.973925,-143.689150,629.050472,59.966964,-0.000752,1,0
8.833000,-61.646185,201496.837315,178.289633,204183.074495,58.428917,203203.021677,96.518133,618.518700,-23.828866,627.573381,-143.705559,633.420457,59.957948,-0.012392,1,0
8.867000,-61.768975,203515.522170,178.453748,203853.918225,58.397157,202849.258658,95.907180,624.565130,-23.722418,627.790400,-143.263371,629.723132,59.963021,-0.002762,1,0
8.900000,-61.562122,204219.636459,178.257997,204146.257703,58.261406,204408.155353,96.406493,629.324782,-23.597329,630.364897,-143.566870,628.310668,59.962743,0.010747,1,0
8.933000,-61.553853,202823.503947,178.251252,203363.743560,58.293521,203191.456905,96.308185,627.146589,-23.413900,635.247605,-143.458457,631.114189,59.963350,0.005511,1,0
8.967000,-61.680677,205083.780908,178.141272,204078.475498,58.347732,202899.591957,96.274008,630.473938,-24.026641,626.936987,-143.817744,624.330619,59.962017,0.006527,1,0
9.000000,-61.747045,202048.461299,178.155445,205719.413250,58.205352,205583.063607,96.176898,627.854283,-24.182818,629.694934,-143.677893,627.527919,59.972125,0.009481,1,0
9.033000,-61.569047,202959.878138,178.395991,202720.245281,58.416175,203240.176355,96.565819,632.589320,-23.522705,630.934185,-143.429204,623.028943,59.969321,0.003677,1,0
9.067000,-61.601804,203602.023160,178.481197,205673.221430,58.355253,205099.201737,96.549472,631.805410,-23.312060,630.420019,-144.032005,625.284701,59.963910,-0.008248,1,0
9.100000,-61.841151,201684.781630,178.303869,203066.511889,58.269383,202657.538289,96.296897,624.216028,-23.692116,626.597470,-143.823201,627.104826,59.968962,0.008865,1,0
9.133000,-61.360668,203150.173818,178.467272,202408.302185,58.468756,202283.572458,96.751781,626.671735,-23.555016,631.820384,-143.519014,626.402256,59.970213,-0.011596,1,0
9.167000,-61.823843,203261.100663,178.336657,202692.144877,58.556261,202380.806930,96.355901,626.198460,-23.720974,625.093441,-143.736785,628.582558,59.979625,-0.001330,1,0
9.200000,-61.717951,202392.447735,178.172489,204320.230910,58.159928,202917.035127,96.360000,623.486376,-23.838602,629.164587,-143.991741,622.272365,59.974297,0.006828,1,0
9.233000,-61.724911,203544.375854,178.499981,204056.050068,58.415848,202269.778202,96.192563,629.136959,-23.507823,630.230921,-143.623980,627.546117,59.970556,-0.007196,1,0
9.267000,-61.617221,203969.693132,178.399507,202801.264342,58.279708,205572.747932,96.282663,633.130488,-23.277139,627.304237,-143.664039,626.843839,59.970661,-0.021690,1,0
9.300000,-61.699651,203151.281526,178.255387,204315.721331,58.303775,201137.476756,96.556676,628.231750,-23.608971,627.602907,-143.539014,627.643608,59.971545,0.004895,1,0
9.333000,-61.541039,202513.728805,178.292745,204380.518674,58.403315,202736.695534,96.676668,637.340114,-23.852857,631.180510,-143.421810,622.822493,59.964792,0.002305,1,0
9.367000,-61.750270,202333.361479,178.402408,204767.733801,58.326075,202354.552344,96.180559,634.773251,-23.588333,628.454442,-143.870853,626.914507,59.973580,0.002312,1,0
9.400000,-61.636473,202075.677416,178.512836,202005.002266,58.331374,204360.989130,96.360000,634.476255,-23.568006,630.614508,-143.785685,628.041889,59.972252,0.003671,1,0
9.433000,-61.594852,205049.122795,178.387690,203647.776961,58.469658,203471.266993,96.200425,627.875566,-23.652551,627.966628,-143.385634,632.731386,59.976747,0.010375,1,0
9.467000,-61.560071,205797.189611,178.439878,203301.357495,58.410474,204548.316752,96.524400,626.091044,-23.748141,624.795280,-143.493736,630.479313,59.975488,0.002741,1,0
9.500000,-61.532934,204462.105937,178.530583,204163.038731,58.444967,203244.444501,96.618306,631.604995,-23.413088,628.179410,-143.130338,624.256533,59.975646,0.010082,1,0
9.533000,-61.627378,202758.988545,178.283352,203182.737064,58.663327,202772.072215,96.496560,635.155358,-23.620753,624.381039,-143.244820,628.956626,59.973423,-0.001043,1,0
9.567000,-61.562551,203907.072933,178.325043,203194.501533,58.278141,202858.768990,96.605532,629.674040,-23.806439,625.895181,-143.733926,625.158966,59.967239,0.001553,1,0
9.600000,-61.702352,201605.497010,178.476868,203297.672158,58.544756,202847.561383,95.917714,631.790469,-23.680010,634.504274,-143.345296,630.148209,59.967518,0.004106,1,0
9.633000,-61.464697,204293.048064,178.411996,204012.749988,58.188738,203759.321352,96.801242,630.519501,-23.660966,629.501290,-143.819426,628.355428,59.970327,0.002580,1,0
9.667000,-61.565098,203314.628690,178.415554,204761.216531,58.697876,202375.181003,96.402855,634.435048,-23.355917,631.210745,-143.460740,629.054521,59.962350,-0.004637,1,0
9.700000,-61.349546,203042.615128,178.540892,202808.394673,58.611824,204817.303455,96.524975,630.974114,-23.389619,635.563546,-143.356246,631.732504,59.969406,-0.011218,1,0
9.733000,-61.612691,203106.578264,178.467668,203863.191578,58.703631,203894.408465,96.499819,636.688515,-23.714637,632.176371,-143.198156,636.669016,59.975080,0.011486,1,0
9.767000,-61.266974,202223.349492,178.526271,204167.877649,58.387558,203936.255773,96.553037,632.410402,-23.164258,633.348993,-143.612202,630.551699,59.969938,-0.001090,1,0
9.800000,-61.503656,203663.762634,178.523167,201987.232836,58.461525,204802.405249,96.439978,629.108560,-23.871641,631.425333,-143.409793,631.791925,59.973773,0.001107,1,0
9.833000,-61.551866,203458.353835,178.465342,204587.616015,58.243930,204448.008486,96.378066,630.800052,-23.389384,642.712773,-143.755643,632.167360,59.968603,-0.001254,1,0
9.867000,-61.617896,204326.363916,178.381255,201830.535011,58.374547,203443.869494,96.732375,633.372588,-23.625882,637.898204,-143.865766,630.684761,59.968592,0.002755,1,0
9.900000,-61.735871,203861.651304,178.431242,202828.553605,58.544430,203215.400297,96.141038,632.329111,-23.680167,634.024620,-143.504601,627.141257,59.978770,0.011115,1,0
9.933000,-61.681186,204516.435982,178.309431,202300.263631,58.307545,203624.169076,96.151201,630.723205,-24.018110,634.231248,-143.654887,630.281149,59.980114,0.000813,1,0
9.967000,-61.978762,203377.786122,178.267533,201487.866056,58.073508,204760.997534,95.945599,632.039596,-24.065498,629.264727,-143.851767,636.073456,59.978676,0.005701,1,0
10.000000,-61.506892,202722.996923,178.455174,202966.165013,58.333638,203534.080568,96.748119,639.077398,-23.765437,634.019032,-143.871201,626.285909,59.976650,0.001060,1,0
10.033000,-61.756686,203842.164022,178.394120,202507.725215,58.444637,202250.717433,96.503494,633.862207,-23.792958,637.277636,-143.398195,636.782644,59.975937,0.008540,1,0
10.067000,-61.748114,203023.998744,178.148526,203572.140486,58.262190,201647.505069,96.471584,636.815427,-24.038815,633.527736,-143.616375,632.724437,59.981497,0.001143,1,0
10.100000,-62.041170,204585.469132,178.288123,203676.269468,58.269442,202732.742543,95.986481,637.582990,-23.861446,636.123848,-143.758294,633.524347,59.972612,0.005387,1,0
10.133000,-61.770525,202493.484452,178.365622,200636.940318,58.293321,203297.094468,96.212568,630.837110,-23.692721,633.068693,-143.823306,635.269143,59.975952,0.000886,1,0
10.167000,-61.633105,204007.021731,178.456940,201899.316199,58.320083,202360.452634,96.240314,636.080823,-23.636408,637.209468,-143.656150,637.773793,59.976913,-0.009967,1,0
10.200000,-61.814670,202476.651708,178.389341,203638.155467,58.353055,201170.387588,96.453755,642.456774,-23.567358,636.164932,-143.239384,636.968717,59.974916,0.013434,1,0
10.233000,-61.647217,201832.769382,178.337196,201999.740121,58.323364,203723.735879,96.393220,641.070663,-23.854647,643.085795,-143.577220,637.332472,59.981513,0.007704,1,0
10.267000,-61.761693,203943.814644,178.431020,202697.737420,58.239678,202108.400255,96.562115,642.152330,-23.715302,639.710035,-143.724288,637.958703,59.977484,-0.007901,1,0
10.300000,-61.598416,201841.639258,178.338712,201562.909821,58.237415,203332.882138,96.236112,639.636841,-23.840001,636.645270,-143.609317,640.742812,59.981318,-0.007876,1,0
10.333000,-61.897637,203310.179400,178.375974,200753.901731,58.294682,202990.272664,95.943346,636.981725,-23.789878,639.479335,-143.400262,641.404206,59.974857,0.005947,1,0
10.367000,-61.491150,200100.394508,178.383550,202759.378828,58.294208,201765.549207,96.604786,636.684386,-23.589581,631.454466,-143.758397,634.857019,59.981756,-0.002802,1,0
10.400000,-61.645396,202231.282638,178.371749,201275.527136,58.505245,202164.760167,96.109418,637.210805,-23.380654,638.156484,-143.345656,636.583287,59.977117,-0.004580,1,0
10.433000,-61.780679,201805.728341,178.372556,200731.774587,58.267533,201154.657586,96.161581,635.586190,-23.673866,636.201162,-144.046135,642.012433,59.977754,-0.002995,1,0
10.467000,-61.510091,202768.642782,178.480123,201450.049474,58.399208,204162.384389,96.258499,641.674286,-23.523714,633.701139,-143.536176,631.357850,59.982277,0.006195,1,0
10.500000,-61.691498,203519.179569,178.383938,201773.007088,58.552528,203498.483261,96.477161,630.203020,-23.410177,636.753010,-143.255175,633.918989,59.979454,0.004895,1,0
10.533000,-61.659686,202438.258337,178.364134,202440.955706,58.276691,201049.930076,96.342333,628.847928,-23.485875,631.716507,-143.842611,632.464792,59.970958,0.013218,1,0
10.567000,-61.765417,203383.781538,178.297764,203170.302833,58.390340,203138.347593,96.123837,637.164960,-23.700640,639.186015,-143.307616,637.655872,59.972716,0.003742,1,0
10.600000,-61.597492,201968.226171,178.367935,202535.269848,58.592715,203884.216015,96.115831,632.451008,-23.739021,636.223491,-143.170048,634.964247,59.974774,0.006030,1,0
10.633000,-61.649219,201401.060650,178.222002,202498.404775,58.256269,203455.574479,96.189787,636.334142,-24.147108,636.805062,-143.618009,638.959348,59.984795,-0.005855,1,0
10.667000,-61.687146,204086.001330,178.364235,202105.340962,58.311941,201353.468618,96.536924,634.632199,-23.320641,636.167840,-143.798637,633.595041,59.974242,0.005351,1,0
10.700000,-61.593298,200089.598068,178.183654,200491.399878,58.139568,203140.854130,96.342852,629.344763,-24.128837,630.413960,-143.600240,629.856252,59.977397,-0.000524,1,0
10.733000,-61.783004,202381.608649,178.290597,201618.289754,58.241370,201547.042650,96.400774,633.081394,-23.734604,633.784771,-143.581916,634.815121,59.979493,-0.011834,1,0
10.767000,-61.730503,201644.174808,178.335100,202883.215983,58.425504,201411.191035,96.246258,636.732885,-23.460097,635.398254,-143.437204,636.420964,59.973124,-0.003073,1,0
10.800000,-61.924106,201944.282346,178.468699,201784.949025,58.273282,201924.593528,96.254066,639.637874,-23.872378,634.326072,-143.978137,632.696233,59.963261,0.003284,1,0
10.833000,-61.832669,201964.500803,178.204753,201517.253657,58.382521,202087.491059,96.263277,626.718784,-23.832721,638.056609,-143.823280,636.992839,59.974620,0.010745,1,0
10.867000,-61.536124,200144.798577,178.111145,202143.873039,58.321467,202233.483061,96.686866,630.846585,-23.896210,630.979270,-143.843025,634.810418,59.975419,-0.004212,1,0
10.900000,-61.834061,201792.001200,178.028785,200276.618566,58.243568,202098.867206,96.343743,627.777897,-24.181392,634.905189,-143.856707,633.855669,59.977417,-0.007458,1,0
10.933000,-61.843382,201522.018961,178.202819,202572.019165,58.435198,203393.815922,96.373665,633.514509,-23.911346,632.917712,-143.671369,630.911389,59.985477,-0.001270,1,0
10.967000,-61.857950,201667.203486,178.043117,202930.401311,58.264916,202036.828425,95.929658,633.126030,-23.873983,630.111592,-143.917369,628.777870,59.981768,-0.001141,1,0
11.000000,-61.823136,200019.912135,178.198192,202304.740876,58.294469,201935.411088,96.250805,635.827413,-23.859251,638.937463,-143.814840,641.444278,59.986027,0.000503,1,0
11.033000,-61.765482,202260.185088,178.135876,200425.844604,58.455335,200232.702181,96.252753,633.996887,-23.664664,646.217066,-144.061829,638.318681,59.979659,-0.003957,1,0
11.067000,-61.867497,201526.864515,178.114992,201820.699112,57.995006,200190.930596,95.790617,640.654070,-23.833668,642.580736,-144.016953,637.968629,59.977690,-0.001921,1,0
11.100000,-61.902158,200939.016070,178.025700,200445.649535,58.021229,201543.351356,96.079800,636.686662,-24.187466,643.721183,-143.710466,636.452812,59.980270,0.003793,1,0
11.133000,-61.891312,202732.474823,178.146009,201406.095301,58.172493,202240.600588,96.003568,636.269258,-23.977736,635.717662,-143.675115,631.128753,59.975456,0.003410,1,0
11.167000,-61.940557,201705.568987,178.187344,200881.207005,58.158498,202257.683005,95.943521,639.738842,-23.712624,635.093485,-143.408895,634.613080,59.983395,0.002647,1,0
11.200000,-61.942745,202688.177070,178.071340,201876.073989,57.989251,201567.539696,96.149848,631.745255,-24.023523,634.997208,-143.958263,638.738131,59.977960,0.008510,1,0
11.233000,-61.690575,201545.876981,178.246308,202145.057156,58.134735,201053.211776,96.348171,637.741323,-23.913571,629.569909,-143.758309,641.088794,59.976485,0.015761,1,0
11.267000,-62.004736,201238.940125,178.224063,201984.878270,58.085510,200849.231321,96.428411,630.693881,-23.603189,633.489975,-144.113641,633.921600,59.978115,-0.001816,1,0
11.300000,-61.861348,200334.284994,178.034733,201182.341464,58.287448,200475.974516,96.211702,628.288119,-24.162006,632.257099,-143.956769,636.356501,59.976177,-0.010636,1,0
11.333000,-61.885083,200304.180515,178.274683,200959.946827,58.047179,201511.638726,96.094703,628.994654,-23.607480,634.908532,-143.802298,635.027229,59.971593,0.004017,1,0
11.367000,-61.940330,200340.650085,178.405175,200750.794217,57.955504,202104.764603,96.071468,637.548053,-23.750966,628.317879,-143.863557,632.634809,59.971909,0.000351,1,0
11.400000,-62.150213,201649.181180,178.012695,202476.544583,57.981573,202742.815418,95.968605,639.217110,-24.197672,636.714816,-144.169877,629.417202,59.974655,-0.002342,1,0
11.433000,-61.882399,202377.013114,178.195729,202180.768110,58.120246,202002.480418,96.298451,632.317847,-23.711702,631.078790,-144.068961,625.597280,59.975305,0.009595,1,0
11.467000,-61.812915,201415.434308,178.099272,200948.682722,58.021457,200536.309284,96.276122,633.532583,-23.953724,637.960889,-143.767751,636.837218,59.977067,-0.008078,1,0
11.500000,-61.946399,199646.053535,178.010792,199889.640935,57.808148,201930.094239,96.124065,640.522164,-24.135440,635.888588,-144.068147,633.692132,59.975446,0.002107,1,0
11.533000,-62.054745,202155.785442,177.847878,200149.205832,58.039678,201716.689221,95.974961,639.560899,-24.041844,638.498439,-143.936013,640.544280,59.978420,0.004666,1,0
11.567000,-61.995468,200881.873304,178.163007,201822.315905,58.053323,200664.904585,96.144088,637.536594,-23.917022,630.947054,-143.832925,637.324673,59.970814,0.001490,1,0
11.600000,-61.952613,201155.505266,178.151658,200119.444627,58.134893,202498.236095,96.086643,634.728175,-23.925810,638.144925,-143.504233,628.468900,59.979057,-0.006242,1,0
11.633000,-61.890571,201181.649143,178.109375,200991.602258,58.127457,201266.308566,96.055730,631.711182,-23.754014,636.414854,-143.758219,627.145214,59.984337,0.001283,1,0
11.667000,-61.874794,202072.681594,178.123416,202453.337625,58.041424,200336.214842,96.183021,634.448003,-23.655812,637.969200,-144.064149,631.930429,59.989199,-0.000356,1,0
11.700000,-61.984963,200546.506514,178.186867,200439.270747,58.046288,201324.355839,95.674932,633.776987,-23.564673,638.967901,-143.912795,640.334833,59.987999,0.010197,1,0
11.733000,-61.864821,202363.558816,178.242212,201084.648204,57.922788,202861.601218,96.343439,634.232218,-23.254165,639.180656,-144.067341,636.033743,59.984016,0.004229,1,0
11.767000,-61.950176,199998.199832,178.236172,200166.847288,58.178412,202453.014343,96.347264,634.412078,-23.953924,635.266384,-143.943095,635.080411,59.987980,0.005246,1,0
11.800000,-61.731424,200719.070788,178.188753,201217.993177,58.063108,202134.961754,96.284371,629.962740,-24.069311,635.401089,-143.827771,633.711296,59.982047,0.005418,1,0
11.833000,-61.932037,199436.794897,178.055047,199157.530931,58.107386,202171.280114,95.982999,634.921125,-23.771040,635.561121,-143.852281,628.948777,59.991072,-0.002186,1,0
11.867000,-61.868962,199396.191839,178.190921,200844.755009,57.983973,201907.557006,95.984928,632.621293,-24.002025,629.387368,-143.843376,630.258947,59.992478,-0.004068,1,0
11.900000,-62.057041,199900.016456,178.176934,200081.161806,58.147230,198932.182012,95.815433,631.783604,-23.964406,633.056994,-143.577713,632.150358,59.995241,-0.005719,1,0
11.933000,-61.966715,201919.654098,178.279377,202067.393581,58.196897,202484.332550,96.232057,641.024821,-23.423531,640.832829,-143.611059,634.110305,59.991617,-0.009056,1,0
11.967000,-61.990238,200324.843738,178.104104,199779.204825,58.115931,199740.178679,95.948294,642.697247,-23.981884,640.977850,-143.823418,640.023033,59.984978,0.008671,1,0
12.000000,-61.975359,199250.857240,177.982946,200842.979270,58.193025,201074.988921,96.202022,642.318087,-24.333571,632.496381,-143.922180,644.333900,59.986423,-0.004588,1,0
12.033000,-61.720144,200881.748651,178.184380,201209.271483,58.342698,199600.217420,96.274988,631.769801,-24.012687,635.467609,-143.585634,643.349658,59.984839,0.003463,1,0
12.067000,-61.587903,200755.055805,178.333523,201967.134393,58.110216,201546.728962,96.212383,637.331956,-23.730628,641.752502,-143.867028,640.148008,59.982519,0.017572,1,0
12.100000,-61.731606,198832.732122,178.310876,200558.157987,58.341567,201480.722222,96.369195,639.755842,-23.915343,637.381296,-143.586289,642.197679,59.987013,-0.003475,1,0
12.133000,-61.729794,200132.364034,178.222094,201466.182607,58.108476,199617.668751,96.195592,642.408025,-23.974819,631.146219,-143.951314,639.309194,59.987204,-0.002505,1,0
12.167000,-61.700708,201313.038701,178.171990,201780.129470,58.280041,199661.750677,96.248962,640.689698,-23.821257,633.313029,-143.726902,636.049540,59.988222,0.002217,1,0
12.200000,-61.719266,201820.927947,178.273015,199558.368972,58.182080,199870.883694,96.162104,636.587752,-23.749460,634.411121,-143.626504,635.140592,59.988968,0.006958,1,0
12.233000,-61.776070,200481.113361,178.200466,201828.716319,58.242711,200264.960818,96.268994,635.232578,-23.696727,636.009324,-143.999572,629.261139,59.994655,-0.000099,1,0
12.267000,-61.766642,200664.637943,178.289750,199227.659378,58.102094,202165.221030,96.147871,637.307040,-23.708831,631.442713,-143.910877,638.569756,59.996348,-0.001303,1,0
12.300000,-61.838253,200578.811430,178.280488,200690.164828,58.236026,199731.072709,96.150058,632.813301,-23.668107,634.155544,-143.555948,629.624126,59.985384,-0.022378,1,0
12.333000,-61.848258,200671.025969,178.100797,202078.045357,58.248204,200469.838183,95.954507,638.141762,-23.991906,635.047431,-143.890722,642.047386,59.993540,-0.005889,1,0
12.367000,-61.711842,198972.387388,178.273872,199136.242130,58.342909,200922.023047,96.351739,635.812920,-23.555947,639.433792,-143.754998,637.158465,59.993047,0.007251,1,0
12.400000,-61.692151,200544.786135,178.331285,198701.476326,58.232084,200463.762482,96.167093,636.354698,-23.665978,638.884196,-143.826428,638.365731,59.990343,0.006078,1,0
12.433000,-61.816004,200570.418060,178.048472,199174.381628,58.275050,201566.474022,96.503002,635.445713,-23.732707,639.378500,-144.021732,639.220537,59.991750,0.003698,1,0
12.467000,-61.765061,202067.833493,178.174996,200565.612336,58.042783,198492.450427,96.374241,640.956961,-23.522034,637.452227,-144.221923,635.165606,59.991889,-0.001939,1,0
12.500000,-61.994672,199975.684773,178.036706,200234.119493,58.136673,200814.783443,95.838007,636.392322,-23.795474,640.281653,-144.154825,642.994066,59.992368,0.003056,1,0
12.533000,-61.907114,198758.992088,178.442513,199683.036247,58.024691,200644.184839,96.342818,634.691494,-23.811287,640.763316,-143.982381,638.073948,59.990869,-0.021499,1,0
12.567000,-61.843317,201116.317139,178.095042,200942.527805,58.285559,201521.169866,96.149812,634.533226,-23.811912,634.720551,-143.491219,632.638013,59.988174,-0.007726,1,0
12.600000,-61.699012,201221.073567,178.180855,200245.823273,58.251867,200089.205925,96.292695,637.327639,-23.660176,637.164678,-143.883707,640.217963,59.987279,0.005171,1,0
12.633000,-61.719804,200072.673242,178.120760,200840.984429,58.227264,200607.528516,96.134616,633.388411,-24.090553,638.858042,-144.017595,631.709777,59.985514,-0.004799,1,0
12.667000,-61.788739,200721.872431,178.256478,200613.450811,58.067365,201089.585089,96.219002,636.657921,-23.888719,635.751263,-144.079388,638.811243,59.993327,0.006636,1,0
12.700000,-61.750602,203162.511341,178.096527,201018.033288,58.237051,199950.319971,96.399625,636.770814,-23.478747,642.503168,-143.668822,639.411054,59.999798,0.010546,1,0
12.733000,-61.863058,201254.236038,178.023270,199531.068032,58.208604,199784.635662,96.290846,632.202207,-24.164874,640.179790,-143.859209,635.271546,59.983648,0.004796,1,0
12.767000,-61.814755,199789.586442,178.083173,202339.724472,58.061700,199951.302013,96.244609,636.973408,-23.866294,635.991091,-144.139944,634.440590,59.986881,0.001434,1,0
12.800000,-61.840485,200736.591077,178.227891,199219.188426,58.156787,202348.837982,96.013470,637.458884,-23.947175,643.537611,-144.145724,642.328489,59.991168,0.008801,1,0
12.833000,-61.752822,200927.445803,178.153477,199586.168097,58.079688,198760.739736,96.256951,643.686395,-24.000020,643.517754,-143.915861,636.312034,59.980202,-0.005496,1,0
12.867000,-61.839684,199915.385584,178.265094,201373.326934,58.189611,199611.449266,96.123994,641.887878,-23.346126,635.178595,-144.292755,637.308279,59.985902,0.004431,1,0
12.900000,-61.794611,200199.890374,178.277071,199072.714459,58.190004,201647.652503,96.037973,629.662663,-23.524369,643.297100,-143.764060,634.624446,59.987867,0.011490,1,0
12.933000,-61.619014,200799.219342,178.190393,200294.258984,58.476425,198158.532791,96.393866,633.300830,-24.049912,638.651703,-143.295015,643.704089,59.991341,-0.002335,1,0
12.967000,-61.832632,200226.479628,178.199032,200155.438786,58.208872,199834.648434,96.358952,636.386156,-24.114995,644.116885,-143.922950,636.158633,59.977189,0.012499,1,0
13.000000,-61.766577,200721.228696,178.279146,201193.674864,58.285156,199881.629798,96.019996,640.148120,-23.884624,642.112111,-143.977591,635.661388,59.975077,-0.016691,1,0
13.033000,-61.784552,199968.668968,178.391165,200304.171325,58.092984,199536.416712,96.564256,636.183358,-23.530799,637.090218,-144.045266,630.519061,59.974713,-0.000972,1,0
13.067000,-61.739763,200131.870191,178.043521,200305.713725,58.164824,199663.364369,95.934225,640.013729,-24.258878,640.094756,-143.688181,636.534431,59.973781,0.006199,1,0
13.100000,-61.650791,200364.427140,178.083720,200257.376120,58.207784,200879.048269,96.363749,641.024750,-23.840517,635.093883,-143.692394,643.998634,59.979036,0.006003,1,0
13.133000,-61.760665,201230.759609,178.050748,200275.412074,58.204608,201908.718303,96.139428,637.022905,-23.995334,638.424420,-143.781538,643.981830,59.972382,-0.000623,1,0
13.167000,-61.947795,199241.695438,178.079302,197855.876519,58.374279,199807.569312,95.926463,648.253621,-23.863397,639.584133,-143.940158,639.312274,59.973310,-0.003440,1,0
13.200000,-61.874980,198933.995322,178.335242,200663.296047,58.017011,200552.532754,96.389072,637.835052,-23.741519,637.938760,-144.311562,641.763645,59.974106,0.001328,1,0
13.233000,-61.814589,199569.415451,178.187346,198894.661287,58.111206,199764.773740,95.833182,637.785539,-23.673895,639.269057,-143.598148,632.974575,59.986523,-0.013953,1,0
13.267000,-61.763734,199509.649968,178.260717,199786.466699,58.204328,200736.692875,96.370709,638.757284,-23.724818,635.649724,-143.776207,634.337126,59.973292,0.003229,1,0
13.300000,-61.704832,198753.180795,178.090800,199388.713613,58.190588,199366.363481,96.479036,630.675776,-24.031324,629.291075,-143.689331,627.288912,59.972828,-0.002625,1,0
13.333000,-61.950149,200914.731986,178.337162,200978.613452,58.249112,198416.384945,96.086300,630.770758,-23.402328,632.504315,-143.758121,634.884606,59.980877,-0.010104,1,0
13.367000,-61.960712,200054.346654,178.326340,200776.222580,58.144546,200445.351938,96.325189,630.844357,-23.607280,637.825566,-143.712502,627.065648,59.976589,-0.000043,1,0
13.400000,-61.978642,198848.386395,178.195729,200011.973815,58.443491,198594.421979,95.841536,640.303282,-23.663457,630.188757,-143.926137,627.904824,59.980407,-0.000910,1,0
13.433000,-61.708160,200230.154470,178.326803,199474.447439,58.189984,199284.230329,96.282829,625.392625,-23.764034,627.749021,-143.835281,635.896982,59.974029,0.008622,1,0
13.467000,-61.784425,199483.383609,178.335238,199638.712983,58.483547,199246.921150,96.473928,629.321652,-23.766917,622.988094,-143.563633,631.722525,59.974077,-0.008293,1,0
13.500000,-61.793893,200401.258898,178.090481,199999.014410,58.231618,201164.559699,96.170901,624.838919,-23.746956,625.365701,-143.819992,628.739083,59.975529,-0.008997,1,0
13.533000,-61.751449,202527.101636,178.163369,199836.980288,58.260802,198746.040009,96.198563,626.481598,-23.994852,626.069367,-144.047235,632.068762,59.981255,-0.017042,1,0
13.567000,-61.581878,201164.688601,178.185012,201449.226022,58.273528,201259.502381,96.442760,620.307989,-23.942421,628.116368,-143.777295,624.050996,59.978506,-0.001485,1,0
13.600000,-61.597922,199091.488809,178.144755,199882.032821,58.151461,200385.145163,96.254810,629.565211,-23.932113,624.123566,-143.850950,628.797249,59.987850,-0.002858,1,0
13.633000,-61.614422,201059.138596,178.295131,200749.345718,58.274310,200429.317812,95.981692,627.828996,-23.897191,615.618490,-143.751399,625.248136,59.977807,-0.008608,1,0
13.667000,-61.783801,201542.594469,178.162072,199837.735309,58.356951,199904.948619,96.425149,623.254284,-23.890246,627.754632,-143.461068,620.917515,59.972692,-0.001700,1,0
13.700000,-61.784430,200316.335856,178.251755,199668.641339,58.415032,199663.153359,95.826995,623.503699,-23.826125,621.968907,-143.392292,619.811764,59.985229,0.005833,1,0
13.733000,-61.878578,199742.208727,178.332855,200128.572838,58.224616,200881.253041,96.024321,630.267804,-23.830635,619.986315,-143.905453,622.816368,59.976398,-0.007044,1,0
13.767000,-61.608054,200252.182625,178.103014,201610.132475,58.272160,198594.986842,96.404477,625.016913,-23.911604,632.519342,-143.567920,623.641760,59.974707,0.001969,1,0
13.800000,-61.699504,201606.651261,178.077604,200728.431958,58.055106,200407.141375,96.007659,626.390519,-24.204628,617.528621,-143.900738,618.285372,59.978514,0.002321,1,0
13.833000,-61.559606,200847.360342,178.290540,199681.159882,58.224781,199208.091733,96.268569,622.265414,-23.816138,627.520540,-143.745814,622.247904,59.977187,0.003262,1,0
13.867000,-61.773580,200322.337653,178.047425,202297.921098,58.289847,199683.450131,96.410252,625.134805,-24.134819,623.596359,-143.710185,627.212383,59.977405,-0.006837,1,0
13.900000,-61.588032,200328.800925,178.255171,199760.354091,58.244686,199012.841506,96.536864,627.237430,-23.641210,623.305332,-144.137422,626.888319,59.970259,0.001361,1,0
13.933000,-61.632248,199710.843068,178.439721,198561.502083,58.329288,198882.812749,96.434705,621.900709,-23.527339,620.381982,-143.798513,623.305231,59.975266,-0.009964,1,0
13.967000,-61.644458,200411.362810,178.433018,200400.263679,58.301490,197490.064623,96.284899,621.122565,-23.706499,618.406872,-144.096643,620.354343,59.971822,0.010461,1,0
14.000000,-61.619966,199387.285719,178.328563,199694.819432,58.276959,200279.816031,96.563270,616.480208,-23.644914,618.625470,-143.547691,620.433383,59.968409,0.002010,1,0
14.033000,-61.579822,198986.204163,178.192710,200719.547599,58.308964,199337.377393,96.420001,619.882201,-23.741961,619.464703,-143.733608,628.103965,59.972252,-0.005824,1,0
14.067000,-61.629861,200420.734946,178.126021,200952.371467,58.281420,201990.332199,96.340530,614.953959,-23.800635,615.498152,-143.572254,626.891260,59.972799,0.009733,1,0
14.100000,-61.646192,198851.573406,177.946505,200932.790277,58.318945,200337.006876,96.411192,623.258411,-23.939130,612.245966,-143.468308,616.505786,59.968159,-0.009643,1,0
14.133000,-61.683615,199089.549643,178.596528,198909.513876,58.108123,199223.682596,96.353787,617.483447,-22.988042,624.842247,-143.522834,622.361211,59.974404,-0.001810,1,0
14.167000,-61.708559,199309.630148,178.213640,200023.230563,58.235003,199448.409049,96.203075,615.050813,-23.766931,620.824289,-143.685048,625.329610,59.975195,0.000672,1,0
14.200000,-61.698156,201257.968265,178.042909,199306.775192,58.150725,200152.894528,96.560438,622.508070,-23.988425,627.280630,-143.910918,625.724404,59.973665,0.003131,1,0
14.233000,-61.839883,199386.098045,178.182770,200662.990532,58.053203,201011.235033,96.012982,616.207427,-23.902929,624.858263,-143.972314,625.460617,59.964121,0.007424,1,0
14.267000,-61.770862,199113.319246,178.377753,198651.218726,58.313185,201197.118192,96.363451,621.445680,-23.748824,621.659657,-143.707771,616.821217,59.965182,0.003922,1,0
14.300000,-61.795871,199832.135845,178.566158,200874.355757,58.299174,200474.446812,96.246872,621.743698,-23.376958,620.007009,-143.512024,619.474385,59.958037,0.000232,1,0
14.333000,-61.730092,198307.559391,178.364518,199572.348068,58.271001,199427.784724,96.315931,619.049094,-23.420477,618.084825,-143.632789,625.676665,59.965352,0.001328,1,0
14.367000,-61.766068,199587.831715,178.245990,200159.322388,58.399597,199832.804954,96.138755,626.698110,-23.827381,616.744805,-143.457721,625.948604,59.971791,0.002555,1,0
14.400000,-61.866144,200294.646277,178.303854,199731.546388,58.225474,200615.492056,96.002194,621.125273,-23.455375,623.296349,-143.958840,626.798297,59.960410,0.006810,1,0
14.433000,-61.906809,200815.027019,178.301290,200140.319648,58.260967,199227.128751,95.977866,620.484745,-23.786364,620.670709,-143.884886,622.476357,59.976560,0.007359,1,0
14.467000,-61.880844,200165.289802,178.133830,198642.352818,58.190865,199527.567940,96.065406,626.381557,-24.053666,621.924358,-144.123238,627.069918,59.967895,-0.008882,1,0
14.500000,-61.999454,200882.654092,178.162806,200960.631775,58.011358,199823.293645,96.303448,623.023466,-23.669820,622.895008,-144.071144,621.081009,59.970935,0.002346,1,0
14.533000,-61.609671,199290.263123,178.177064,199590.498700,58.303137,200359.253094,96.237495,624.779408,-23.800507,621.002725,-143.514833,620.252857,59.965976,0.008451,1,0
14.567000,-61.916552,199249.700575,178.264937,201235.293054,58.255893,200382.845493,96.094915,619.826358,-23.996859,620.703499,-143.510649,622.160591,59.957005,-0.001770,1,0
14.600000,-61.686953,200629.635795,178.391316,200294.998984,58.220298,199579.643779,96.237319,624.287170,-23.541205,623.615520,-144.044413,625.874660,59.967602,-0.000289,1,0
14.633000,-61.809775,200040.948958,178.268176,201100.994495,58.462181,199556.208867,96.426360,620.593072,-23.831827,614.065853,-143.401108,624.179007,59.971300,-0.000166,1,0
14.667000,-61.643622,200726.807994,178.046525,199324.348559,58.184679,200491.029640,96.476888,628.524826,-23.968680,616.728948,-143.866169,624.144828,59.971115,0.000484,1,0
14.700000,-61.917116,198913.204124,178.030647,199422.638068,58.152339,199206.437877,95.919725,628.937399,-24.088548,619.771503,-143.969687,625.930347,59.969548,0.004759,1,0
14.733000,-61.841677,200057.675717,178.177295,199736.401506,58.182158,199346.952997,96.007558,622.467382,-23.716499,620.533351,-143.860921,624.368074,59.969480,-0.000731,1,0
14.767000,-61.787456,200187.956047,178.187697,198552.751761,58.324828,199510.471374,96.383224,621.832187,-24.194279,629.400641,-144.026561,622.534477,59.962170,-0.000408,1,0
14.800000,-61.848351,200458.624173,178.328613,198811.222700,58.172485,200238.237765,95.661283,619.595468,-23.660240,619.839795,-143.667161,620.140187,59.965854,-0.000028,1,0
14.833000,-61.925247,197971.325588,178.343611,198145.354486,58.372848,200275.932548,95.939086,618.937995,-23.832850,618.976900,-143.821784,617.455881,59.956891,0.005919,1,0
14.867000,-61.776153,198857.646652,178.366287,198713.464128,58.160722,199673.771962,96.303236,623.502757,-23.493296,617.517619,-143.798683,613.184175,59.969781,0.006227,1,0
14.900000,-61.624060,198996.254016,178.228447,199623.078356,58.183619,199727.192171,96.712734,616.246136,-23.736565,617.638883,-143.743032,625.882068,59.962737,-0.002874,1,0
14.933000,-61.850085,200476.296681,178.087159,202180.339175,58.257954,198500.202675,96.169354,619.277719,-24.061524,616.133687,-143.488228,619.690287,59.960738,0.014805,1,0
14.967000,-61.701380,198714.283439,178.299024,199363.913799,58.412103,199376.932838,96.252049,622.796342,-23.684039,619.449682,-143.480449,617.651098,59.966119,-0.010904,1,0
15.000000,-61.595776,198906.115044,178.155308,198167.397707,58.131007,200201.721255,96.115322,619.690559,-23.733676,614.058740,-143.766366,620.075740,59.960985,-0.009064,1,0
15.033000,-61.798037,199507.925207,178.214564,199465.733863,58.102245,199364.344500,96.401811,624.002333,-23.924477,619.079707,-143.920947,619.159381,59.964367,-0.006092,1,0
15.067000,-61.744352,198523.037635,178.261228,198637.316416,58.331180,199197.156710,96.308249,619.999002,-23.525094,622.085578,-143.510543,616.745901,59.967333,-0.005755,1,0
15.100000,-61.764782,198183.790758,178.160848,199676.769251,58.358544,198981.258186,96.521796,624.907325,-23.888412,623.807765,-143.606197,624.477673,59.964759,-0.007118,1,0
15.133000,-61.807493,199912.990508,178.150404,199265.132946,58.277608,199945.530073,96.252722,623.132328,-24.205357,616.066781,-143.613128,618.704856,59.961270,-0.002924,1,0
15.167000,-61.731311,198398.070622,178.264902,198111.347648,58.112742,200401.965000,96.444459,619.828582,-23.718504,624.609793,-143.990820,629.459431,59.965360,-0.001275,1,0
15.200000,-61.912549,199317.452166,178.177232,199958.056945,58.099353,198503.588705,95.920008,628.020813,-23.896693,624.555663,-143.835423,621.095622,59.965891,0.012460,1,0
15.233000,-61.917611,197166.856468,178.089722,198514.919289,58.230637,197867.397169,96.197804,618.585119,-23.636237,622.651010,-143.526726,623.197484,59.965904,0.005234,1,0
15.267000,-61.784327,199155.669643,178.179221,200162.314322,58.105693,197444.135739,96.198852,622.634190,-23.899078,625.376938,-143.749101,624.467315,59.964862,0.001931,1,0
15.300000,-61.826268,198376.855739,178.124023,200762.632708,58.216435,198592.000840,96.178460,618.958797,-24.042121,623.119507,-143.656571,618.681373,59.968900,-0.003323,1,0
15.333000,-61.754692,200828.755328,178.380000,199169.671610,58.314875,198421.922275,96.325453,620.828074,-23.603322,623.027928,-143.742595,621.418240,59.962403,0.002447,1,0
15.367000,-61.742261,200155.234362,178.349501,198847.684700,58.269363,200046.574939,96.388808,618.567318,-23.794930,619.592055,-143.938475,619.162495,59.956959,0.010833,1,0
15.400000,-61.822262,200882.344960,178.249017,199512.699961,58.434760,199003.307962,96.103619,625.980842,-23.715939,625.556018,-143.743486,621.720333,59.952816,0.000564,1,0
15.433000,-61.808105,201366.776763,178.313283,199708.180136,58.205026,199886.116296,96.224629,623.417274,-23.346922,619.338909,-143.659010,622.077827,59.959455,0.009547,1,0
15.467000,-61.605762,201034.184151,178.310435,197255.539586,58.364213,200857.556530,96.192662,614.369526,-23.664598,625.162677,-143.874842,612.683658,59.959643,0.002977,1,0
15.500000,-61.585320,200303.192753,178.250147,198730.462971,58.086611,198331.154672,96.441472,613.267869,-23.767560,621.842377,-143.791157,610.721006,59.956819,-0.006374,1,0
15.533000,-61.734290,198835.781417,178.451370,198632.411165,58.204047,198007.823816,96.392464,619.222729,-23.708098,623.681662,-143.807186,621.113649,59.953339,0.016341,1,0
15.567000,-61.752468,199005.390240,178.198349,201209.163720,58.247398,199421.317646,96.328332,622.342734,-24.229471,617.249982,-143.543703,623.494936,59.952232,0.001246,1,0
15.600000,-61.695513,199277.845110,178.168987,200899.011383,58.273164,198292.440671,96.643725,613.689653,-23.832184,617.618664,-143.709301,621.043412,59.961780,0.006726,1,0
15.633000,-61.759794,200720.225157,178.205460,199245.274294,58.184664,199711.372335,96.060392,626.074805,-23.904810,619.076651,-143.647982,616.780479,59.957508,0.007582,1,0
15.667000,-61.698230,200708.777610,178.256616,199632.104901,58.209663,197602.187331,96.334105,620.882022,-23.720034,615.425218,-143.820096,622.184535,59.953635,-0.005220,1,0
15.700000,-61.821664,197928.949936,178.237402,198286.177288,58.205710,199837.441268,96.335285,621.615804,-23.821021,621.553854,-143.846709,614.767586,59.957132,0.009448,1,0
15.733000,-61.747876,200348.275477,178.293150,199810.441472,58.187681,200076.681956,96.082886,617.416282,-23.447006,618.280088,-144.026259,617.142049,59.962787,0.006472,1,0
15.767000,-61.536170,200644.051272,178.186211,198633.590606,58.160151,199569.025514,96.640844,620.500926,-24.020506,621.951915,-143.812969,614.624069,59.961137,-0.002521,1,0
15.800000,-61.843790,201310.108214,178.176049,197146.925629,58.272347,198390.752846,96.271687,613.908342,-23.901146,613.392503,-143.651645,618.344182,59.970111,-0.009980,1,0
15.833000,-62.050949,199310.323410,178.244604,200534.513023,58.280619,199424.298048,95.741480,616.065853,-23.576866,618.480946,-143.787183,623.810215,59.958670,-0.003430,1,0
15.867000,-61.796298,199598.559085,178.130640,199738.294305,58.356919,200060.221936,96.198999,620.984479,-23.708547,613.866064,-143.526299,623.579468,59.960579,-0.004859,1,0
15.900000,-61.773317,199537.470021,178.266109,199370.438700,58.229646,199502.714501,96.202407,622.649474,-23.561653,622.749073,-144.022569,621.138674,59.961995,-0.003807,1,0
15.933000,-61.835635,199380.256340,178.258131,200019.857654,57.951950,199607.743654,96.165860,618.432326,-23.756120,627.193305,-143.979997,619.826694,59.958423,-0.002713,1,0
15.967000,-61.816871,200012.337990,178.319586,198908.984555,58.114253,199903.874610,96.261730,616.488094,-23.457644,619.348563,-144.015171,624.209273,59.965346,0.003707,1,0
16.000000,-61.704108,199529.751348,178.223625,199153.363761,58.199815,199607.352673,96.321032,618.625422,-23.980229,622.592051,-143.623516,615.173400,59.961955,-0.001995,1,0
16.033000,-61.719322,200488.390290,178.263535,199321.461359,58.377470,199803.472503,96.512507,620.216801,-23.633637,611.374771,-143.548880,617.418591,59.963225,0.004394,1,0
16.067000,-61.561959,198585.874932,178.327758,198792.901448,58.274363,198340.019499,96.606035,616.048255,-23.928575,612.674780,-143.697389,619.400509,59.964184,0.009230,1,0
16.100000,-61.751716,198057.920726,178.211433,198871.870491,58.193618,200258.507400,96.379640,614.446983,-23.611683,612.680198,-143.892323,617.874140,59.953529,-0.005143,1,0
16.133000,-61.596810,198516.003266,178.193025,198848.077592,58.353670,198274.063277,96.189835,616.607211,-23.963209,617.801952,-143.616142,618.349323,59.958935,-0.006774,1,0
16.167000,-61.659935,200838.603053,178.234887,199612.666086,58.222293,197349.828872,96.168200,613.872047,-23.582884,615.120993,-144.107268,613.229689,59.955523,-0.005308,1,0
16.200000,-61.655804,199125.265886,178.355529,197951.540570,58.284929,198615.376497,96.362261,620.295967,-23.724049,615.510865,-143.819785,625.447835,59.950139,-0.003434,1,0
16.233000,-61.482101,198025.283415,178.467056,198840.964078,58.365702,199508.044627,96.683380,613.750834,-23.517747,622.196128,-143.831488,615.609787,59.955783,0.004579,1,0
16.267000,-61.573108,199953.168630,178.196981,198697.897641,58.307518,199225.374710,96.391465,620.083667,-23.835888,622.600357,-143.802199,617.267038,59.957932,0.004824,1,0
16.300000,-61.551634,199951.997665,178.294099,200291.192629,58.265127,199715.130202,96.805842,618.865343,-23.782342,622.589701,-143.647815,620.490017,59.959779,0.007355,1,0
16.333000,-61.667436,197915.453894,178.435196,200010.139391,58.469157,200568.130480,96.534430,613.675251,-23.666693,619.004270,-143.508429,621.922335,59.953169,0.004729,1,0
16.367000,-61.468377,199270.837051,178.414528,198651.584165,58.183644,199039.176236,96.606870,610.928517,-23.583276,609.460292,-143.540372,610.008470,59.954869,0.001076,1,0
16.400000,-61.614262,199350.551611,178.391591,200106.366820,58.307888,199967.441837,96.506198,617.239433,-23.567799,618.718169,-144.050088,622.230823,59.962994,0.006149,1,0
16.433000,-61.535427,199292.441620,178.493182,200066.557975,58.562302,199288.829802,96.280118,619.090922,-23.610648,616.801142,-143.244761,611.905551,59.965582,0.001099,1,0
16.467000,-61.470632,201688.696089,178.340734,201103.053815,58.563215,201151.214972,96.202013,612.646890,-23.601761,617.469258,-143.413065,619.491042,59.960949,-0.006878,1,0
16.500000,-61.516345,199236.232807,178.348765,200528.770467,58.422063,199898.604563,96.311696,611.867682,-23.849377,612.710752,-143.722046,617.460662,59.958231,0.001448,1,0
16.533000,-61.442591,201158.979650,178.467725,200386.367991,58.372942,200053.394279,96.376342,620.364480,-23.477347,623.443505,-143.565313,618.551531,59.966363,-0.004318,1,0
16.567000,-61.405608,197510.177960,178.569856,200347.538250,58.669829,200013.931379,96.569341,613.352404,-23.249015,611.306862,-143.410714,615.980704,59.973096,0.015736,1,0
16.600000,-61.375121,199761.983836,178.683879,199777.826233,58.564488,200759.358297,96.224368,613.021634,-23.029070,614.362577,-143.485204,607.386130,59.961018,-0.002124,1,0
16.633000,-61.444543,200863.470851,178.475222,199954.293297,58.555908,201278.155449,96.450222,613.945217,-23.463198,613.937601,-143.249347,614.389781,59.963449,0.005898,1,0
16.667000,-61.700312,200847.610239,178.220350,199292.881871,58.342831,199728.753172,96.164539,616.190128,-23.691192,613.596768,-143.639699,620.929953,59.959436,0.002004,1,0
16.700000,-61.489283,199573.095327,178.480741,199708.503709,58.383696,199337.707283,96.600122,608.386571,-23.388568,618.984631,-143.667394,613.899826,59.953574,0.001660,1,0
16.733000,-61.647116,199824.177646,178.059192,199671.012750,58.187732,199310.238274,96.501238,612.762207,-24.194130,617.980570,-144.172852,616.967313,59.959573,0.006621,1,0
16.767000,-61.680521,199711.067945,178.209200,199388.449075,58.391887,200640.940965,96.303875,615.212766,-23.799575,613.626038,-143.655618,613.540650,59.957869,-0.004406,1,0
16.800000,-61.851685,198134.714530,178.459912,199494.110454,58.427477,199141.063357,96.164967,618.021452,-23.484061,620.634890,-143.575714,614.929591,59.960703,-0.005643,1,0
16.833000,-61.585738,199281.516852,178.174148,200021.073197,58.344622,200405.129466,96.418695,613.727569,-23.543336,618.153036,-143.798911,614.955765,59.961246,-0.003235,1,0
16.867000,-61.476074,198733.950095,178.382385,198548.758855,58.385240,198725.497926,96.677522,619.830032,-23.863597,620.318475,-143.782264,614.756298,59.960390,0.008984,1,0
16.900000,-61.683130,200034.255379,178.361949,197687.681995,58.380947,197783.396918,96.455738,615.897350,-23.781542,620.428280,-143.612628,620.302495,59.961997,-0.008519,1,0
16.933000,-61.829350,200922.747170,178.244354,197921.252188,58.369466,199005.497667,96.112146,615.094764,-23.708361,620.452468,-143.324242,616.773419,59.960858,-0.005032,1,0
16.967000,-61.447525,199702.348418,178.356803,200223.114405,58.370292,199672.584934,96.342832,612.664919,-23.519599,617.024685,-143.275535,618.551069,59.950478,-0.005677,1,0
17.000000,-61.711206,199642.863377,178.507007,199748.975326,58.288573,198286.835775,96.048188,618.266561,-23.421818,618.755901,-143.753101,617.343913,59.951365,0.002997,1,0
17.033000,-61.758462,198936.674699,178.484571,198577.872409,58.233296,198411.839494,96.098881,616.813951,-23.676071,626.452935,-143.908238,615.452353,59.956949,-0.004096,1,0
17.067000,-61.466528,199612.305877,178.369682,200299.367927,58.334274,197303.940877,96.512186,621.644858,-23.860805,615.296173,-143.909722,620.229917,59.958312,-0.007356,1,0
17.100000,-61.614628,199954.155139,178.403661,198670.669821,58.326411,197786.804850,96.496689,619.493518,-23.460597,616.632596,-143.631635,615.611845,59.949578,0.003203,1,0
17.133000,-61.648707,199264.403089,178.288139,200284.007656,58.518567,199915.314894,96.413984,617.652429,-23.841630,621.293760,-143.603472,623.843814,59.950017,0.003156,1,0
17.167000,-61.741295,200518.887354,178.376642,198708.281698,58.356932,197939.320594,96.098159,618.634705,-23.549931,614.894372,-143.627053,625.223831,59.953334,0.009860,1,0
17.200000,-61.519009,199058.616865,178.461294,198667.788982,58.460380,199280.784558,96.388960,614.958430,-23.488568,617.195528,-143.490318,617.512245,59.959650,-0.011969,1,0
17.233000,-61.596207,199613.098606,178.242346,197264.842850,58.425249,199188.530098,96.249964,622.972502,-23.966401,623.067914,-143.264844,616.219371,59.960786,0.002603,1,0
17.267000,-61.513583,199938.782311,178.148536,197691.413818,58.371959,197704.031477,96.472100,615.794479,-23.664530,613.779465,-143.518814,619.404787,59.958397,-0.001862,1,0
17.300000,-61.537808,199405.958521,178.300738,198405.212815,58.337349,199979.499845,96.092476,615.686311,-23.715953,614.756060,-143.747874,611.006299,59.963651,-0.004373,1,0
17.333000,-61.517349,199463.984676,178.341744,198800.331068,58.355931,198839.972575,96.412160,619.803007,-23.721377,616.313198,-143.633517,612.978993,59.959342,0.002475,1,0
17.367000,-61.588488,199129.252860,178.471347,197374.652612,58.501367,199048.100200,96.421526,615.860957,-23.478266,617.172666,-143.651458,618.263234,59.957704,-0.005112,1,0
17.400000,-61.498409,197683.047121,178.342408,199633.890325,58.375526,200398.768051,96.491573,621.617616,-23.644338,613.852216,-143.490788,614.921101,59.950201,0.007181,1,0
17.433000,-61.528417,197598.423091,178.568873,198741.776588,58.293137,199335.711959,96.768535,617.129329,-23.373534,615.444725,-143.589300,618.607802,59.963857,0.001262,1,0
17.467000,-61.518668,198618.325908,178.465509,199684.174660,58.502949,201148.307485,96.283763,619.574460,-23.391247,625.609851,-143.627507,616.480561,59.957387,0.008642,1,0
17.500000,-61.523090,199200.763202,178.487996,198775.004370,58.558646,199796.140232,96.392015,620.041031,-23.434306,620.906036,-143.651212,613.104019,59.959681,-0.004858,1,0
17.533000,-61.653200,200800.032087,178.477803,201834.927410,58.533901,199596.060926,95.749993,619.618582,-23.581750,618.694275,-143.394911,622.493434,59.960231,-0.013082,1,0
17.567000,-61.511611,200154.569893,178.596524,201492.859627,58.357140,200146.990400,96.860622,626.483030,-23.488897,622.878020,-143.582020,614.120346,59.961616,0.006277,1,0
17.600000,-61.755584,198932.274154,178.538496,198634.113775,58.326307,199902.245919,95.785831,619.708974,-23.161647,616.957337,-143.472417,625.082443,59.954315,-0.002815,1,0
17.633000,-61.580285,200688.160707,178.468569,201869.245530,58.520894,200515.585064,96.098363,622.523262,-23.550571,624.798608,-143.584878,627.399198,59.963696,0.003437,1,0
17.667000,-61.547886,202028.877224,178.368871,199793.674242,58.478112,200567.254860,96.645260,613.746459,-23.434689,623.351996,-143.762072,621.941429,59.965270,0.002451,1,0
17.700000,-61.516132,199470.595701,178.470447,199908.062400,58.494255,198549.083810,96.195548,624.882101,-23.431298,627.577875,-143.011322,623.140047,59.969816,0.002903,1,0
17.733000,-61.348351,200448.418231,178.558848,199247.002944,58.487722,198480.092342,96.909785,624.016232,-23.567565,620.222495,-143.788439,623.055708,59.963026,0.007572,1,0
17.767000,-61.511468,200607.586613,178.502094,199592.474610,58.455582,200671.475345,96.506689,630.925346,-23.763493,621.058114,-143.663226,618.519643,59.959617,-0.009802,1,0
17.800000,-61.465306,200315.700888,178.472229,200638.641146,58.634642,199427.195518,96.567289,618.597612,-23.314113,624.656355,-143.385096,617.345202,59.967092,-0.007108,1,0
17.833000,-61.441145,199759.242275,178.414646,201579.324888,58.468284,200741.169995,96.657400,618.580988,-23.562415,624.217651,-143.523642,617.179681,59.963659,0.011737,1,0
17.867000,-61.590992,200427.947364,178.584092,199417.880321,58.431836,198545.046767,96.174957,620.222490,-23.217723,617.590738,-143.644838,622.812553,59.970916,0.000068,1,0
17.900000,-61.535973,199730.405099,178.420994,200999.625895,58.644185,199513.085282,96.329741,617.064188,-24.037620,623.752401,-143.431722,621.012033,59.969466,-0.002123,1,0
17.933000,-61.378520,200031.930665,178.470072,199999.441666,58.522302,199786.423747,96.444467,622.130210,-23.360484,615.231070,-143.247223,613.981876,59.962793,0.013262,1,0
17.967000,-61.650475,200759.066950,178.591984,200787.106346,58.546032,201141.250590,96.328802,622.074032,-23.335525,619.362577,-143.424744,620.246999,59.967400,-0.001225,1,0
18.000000,-61.501508,200414.825244,178.448340,200179.845975,58.357702,200161.704416,96.720391,622.882467,-23.348305,618.181518,-143.557725,624.289958,59.963366,0.007416,1,0
18.033000,-61.555423,199821.358271,178.496421,200167.547986,58.463416,198861.895732,96.378185,617.258793,-23.428793,620.808466,-143.722563,626.580634,59.967900,-0.005440,1,0
18.067000,-61.435422,200242.492482,178.552897,201402.714876,58.492193,200527.680764,96.705443,628.191876,-23.561483,625.938850,-143.501637,627.356191,59.968723,0.002914,1,0
18.100000,-61.346610,202473.386429,178.497752,200733.452468,58.484393,200850.941992,96.509517,620.848609,-23.710635,618.407488,-143.595042,630.447816,59.967879,0.006745,1,0
18.133000,-61.554842,200216.912374,178.420391,201551.138636,58.500714,201064.629580,96.426581,628.481911,-23.571652,623.528590,-143.583858,629.791281,59.964971,0.005967,1,0
18.167000,-61.350186,200147.153349,178.301260,200893.111360,58.496785,199920.099796,96.655039,628.886672,-23.446565,621.089680,-143.396008,621.537215,59.966870,-0.011116,1,0
18.200000,-61.527049,200432.116454,178.447080,200236.457665,58.435781,199331.287519,96.228859,626.716427,-23.561046,622.830984,-143.478093,630.296699,59.965173,-0.014652,1,0
18.233000,-61.718125,200254.448932,178.495635,200833.989817,58.340648,203142.395253,96.356679,620.237072,-23.590067,615.931033,-143.324195,619.643573,59.973266,-0.008189,1,0
18.267000,-61.387435,202472.198912,178.462187,200213.920677,58.593077,201216.142951,96.606885,618.295984,-23.386128,621.148283,-143.506906,614.179039,59.964517,-0.005366,1,0
18.300000,-61.534821,201136.581615,178.484318,201353.947118,58.427880,201440.265465,96.581006,619.191195,-23.099575,616.244848,-143.540052,625.745941,59.980014,-0.005479,1,0
18.333000,-61.594628,201537.854903,178.467434,203097.946191,58.384908,201530.471674,96.388013,621.713988,-23.076034,614.240194,-143.404528,616.478743,59.974530,0.007770,1,0
18.367000,-61.504632,200201.227657,178.634007,201136.691451,58.408367,201494.755034,96.319814,620.639864,-23.312957,620.067997,-143.533981,619.302418,59.964783,0.002587,1,0
18.400000,-61.406906,199477.890860,178.634226,199304.783398,58.499905,199693.813855,96.571035,616.586162,-23.340776,621.013019,-143.215072,614.312337,59.975254,0.005502,1,0
18.433000,-61.500066,202722.855227,178.440845,200597.435180,58.605021,202175.076159,96.600512,613.808851,-23.336843,618.178441,-143.446282,615.006208,59.969834,-0.003770,1,0
18.467000,-61.677582,200405.406324,178.497218,203190.106290,58.423110,200433.073626,96.497435,619.218023,-23.665348,618.258799,-143.306545,618.342402,59.970107,0.006301,1,0
18.500000,-61.521362,202086.120348,178.520979,201095.299493,58.660143,202178.058512,96.781187,612.637411,-23.228663,616.126334,-143.140222,611.721252,59.971100,0.011055,1,0
18.533000,-61.435484,201232.002628,178.481938,201042.750992,58.477126,201152.993282,96.645593,616.631154,-23.466771,615.482711,-143.592950,613.904068,59.979645,-0.009318,1,0
18.567000,-61.456049,200338.199031,178.460384,200386.923995,58.477222,201862.687806,96.466092,612.686627,-23.596340,614.156596,-143.852340,613.101437,59.964213,-0.001643,1,0
18.600000,-61.468675,202925.794057,178.497342,201741.084009,58.468652,200902.974883,96.712967,617.672231,-23.236307,618.688687,-143.374722,619.024343,59.978958,-0.000246,1,0
18.633000,-61.476700,200756.664146,178.414461,201184.398279,58.552445,202843.874304,96.536500,615.456188,-23.351192,616.811916,-143.575155,614.848628,59.974060,0.003424,1,0
18.667000,-61.353243,201766.384144,178.373279,201262.384970,58.515149,202116.942581,96.724491,616.400419,-23.515705,612.418245,-143.327856,612.809412,59.972861,0.005230,1,0
18.700000,-61.354471,201698.202575,178.454084,200906.462870,58.338994,201054.335889,96.559450,620.664690,-23.733597,616.389791,-143.921447,613.860018,59.977938,-0.004548,1,0
18.733000,-61.313987,199297.656998,178.603570,202020.997673,58.418557,200511.248041,96.796049,621.216170,-23.222853,609.803667,-143.640511,616.696422,59.969736,-0.005853,1,0
18.767000,-61.494808,201949.046191,178.477900,200716.240251,58.470833,201212.164035,96.235230,613.563467,-23.433626,618.718199,-143.354584,615.703358,59.968722,-0.000374,1,0
18.800000,-61.217502,202297.240341,178.534694,201351.935666,58.536827,202009.943157,96.827840,615.283493,-23.314431,615.887762,-143.414660,618.417515,59.965938,0.011776,1,0
18.833000,-61.496014,201341.637797,178.516999,202113.556619,58.474780,201117.117981,96.184824,609.264682,-23.343472,614.820229,-143.261734,618.335453,59.972726,0.020160,1,0
18.867000,-61.429729,200669.568517,178.617339,200928.755800,58.640371,201152.581736,96.786167,616.394989,-23.334424,613.798981,-143.067431,613.117701,59.985355,-0.003956,1,0
18.900000,-61.544461,203183.091861,178.490356,202729.340851,58.551729,199640.477144,96.356752,617.570895,-23.625151,611.826049,-143.304178,621.151029,59.977220,-0.011325,1,0
18.933000,-61.502405,202120.046858,178.409071,201361.215501,58.573308,200573.554495,96.628393,615.750550,-23.629828,616.853096,-143.564672,616.616450,59.972778,-0.005634,1,0
18.967000,-61.486929,201574.683606,178.565535,201190.345985,58.468293,199494.252020,96.581488,622.097239,-23.333247,619.916111,-143.407865,621.926976,59.971425,0.003666,1,0
19.000000,-61.676986,201374.040897,178.582434,200881.071562,58.561558,201776.161687,96.546408,618.935226,-23.531451,619.013223,-143.513331,612.573381,59.975105,-0.000266,1,0
19.033000,-61.473239,200241.022611,178.657946,201192.263897,58.439840,199381.193798,96.381267,607.252967,-23.573727,615.852484,-143.426624,612.191453,59.968377,-0.009263,1,0
19.067000,-61.424182,201296.408965,178.522012,199537.850800,58.651680,201472.444824,96.765393,610.241632,-23.519307,608.702755,-143.381081,617.064365,59.968426,-0.009515,1,0
19.100000,-61.496270,201833.567995,178.590012,201596.871192,58.454590,201814.718274,96.609907,618.388875,-23.574778,617.765075,-143.716632,619.628972,59.978957,0.003107,1,0
19.133000,-61.671494,200880.079319,178.332028,202618.900491,58.520086,202187.169375,96.052960,612.917196,-23.667689,624.187392,-143.454910,617.248232,59.974210,-0.001510,1,0
19.167000,-61.642549,200828.804778,178.370699,202372.311786,58.276506,202619.922294,96.457253,617.288200,-23.433115,622.478634,-143.709868,613.304572,59.970721,-0.004052,1,0
19.200000,-61.402926,201765.634087,178.484424,201861.400069,58.481913,201141.188384,96.503563,619.632846,-23.235420,611.229071,-143.737087,615.515591,59.968496,-0.000650,1,0
19.233000,-61.606372,201473.532423,178.501216,201061.410759,58.362943,201543.086642,96.071884,618.646951,-23.112308,617.714853,-143.914070,621.246915,59.971254,0.009761,1,0
19.267000,-61.384046,202656.851543,178.445732,201372.172242,58.637159,202378.595561,96.634520,617.652303,-23.411332,609.140175,-143.515818,613.078186,59.972308,0.006139,1,0
19.300000,-61.292148,201013.311350,178.518817,204552.716162,58.776222,201338.656735,96.787067,612.376195,-23.184935,621.389406,-142.796309,625.653957,59.970535,0.001446,1,0
19.333000,-61.466149,201894.168087,178.592600,201944.691396,58.581223,201395.284240,96.520173,620.408472,-23.198794,619.376833,-143.475377,620.620350,59.975399,-0.003180,1,0
19.367000,-61.453596,203411.663997,178.590337,202562.742986,58.431132,202704.320439,96.370791,616.087874,-23.433750,610.391458,-143.791631,618.231090,59.978381,0.002468,1,0
19.400000,-61.432247,203694.739869,178.421522,202052.770567,58.560781,200450.618023,96.584323,622.849611,-23.452436,616.973072,-143.236692,613.812662,59.975223,0.007394,1,0
19.433000,-61.468540,202568.951339,178.495904,202941.547784,58.638189,202378.289309,96.747415,622.090521,-23.511409,620.445417,-143.463291,614.228668,59.972712,-0.008658,1,0
19.467000,-61.467531,202424.261550,178.476089,203490.581096,58.435250,202508.283968,96.635026,617.079118,-23.773874,624.272284,-143.300876,618.818723,59.971552,-0.002354,1,0
19.500000,-61.446998,202599.414226,178.680496,202663.796344,58.509170,202652.343751,96.703347,618.715377,-23.579992,620.780594,-143.260747,616.998239,59.970211,-0.004370,1,0
19.533000,-61.441822,203600.066589,178.598870,202971.779329,58.634441,203174.492667,96.719679,621.005944,-23.752920,614.110901,-143.131874,616.216224,59.976228,0.021036,1,0
19.567000,-61.555661,201260.497924,178.682683,202693.239984,58.352334,201598.097697,96.574474,617.195119,-23.400971,615.290940,-143.962432,620.955804,59.967334,-0.005620,1,0
19.600000,-61.332495,202667.340952,178.521994,201479.985226,58.543277,200950.369770,96.548242,623.896537,-23.481566,626.229890,-143.462955,618.524967,59.974328,0.001820,1,0
19.633000,-61.571730,203858.589484,178.461624,201963.848703,58.508281,200748.299576,96.392227,622.502694,-23.370733,626.094963,-143.521853,620.752879,59.976825,-0.008325,1,0
19.667000,-61.512156,202519.138812,178.545097,203422.495367,58.551690,204934.472853,96.357479,620.676771,-23.222128,621.456200,-143.477620,625.296264,59.972394,-0.000703,1,0
19.700000,-61.430327,202374.474625,178.457345,202316.785578,58.400852,203512.353723,96.573634,628.775070,-23.461870,624.995925,-143.416775,626.210099,59.967479,-0.006654,1,0
19.733000,-61.449035,203895.079540,178.588605,203105.769146,58.530704,202041.966637,96.361896,626.774541,-23.469162,617.244484,-143.608579,619.967307,59.970135,-0.007073,1,0
19.767000,-61.353371,203552.398699,178.537297,202949.206226,58.574292,203157.684684,96.835467,623.436334,-24.045983,625.191377,-143.578425,620.690212,59.965924,0.009979,1,0
19.800000,-61.531642,202807.784160,178.489535,202211.168890,58.487474,201447.997234,96.685783,621.590137,-23.442573,626.283320,-143.473488,623.647003,59.973118,0.013313,1,0
19.833000,-61.444747,202827.284509,178.409295,203127.608838,58.539762,201980.111948,96.648521,618.891745,-23.487969,625.186550,-143.454860,619.976905,59.970863,0.006558,1,0
19.867000,-61.359929,200666.269682,178.520366,202979.525664,58.434621,202793.720843,96.678907,635.402562,-23.617296,621.191178,-143.788236,620.720993,59.974017,-0.011250,1,0
19.900000,-61.620983,202076.516340,178.562812,201917.949466,58.616334,204779.375504,96.478746,619.767357,-23.556785,628.841213,-143.331501,623.743006,59.969770,-0.006211,1,0
19.933000,-61.617707,203475.514920,178.358311,203262.964792,58.481362,203118.446777,96.564313,621.791916,-23.451346,627.907197,-143.691569,624.870776,59.969539,0.001585,1,0
19.967000,-61.548757,202877.255254,178.601460,201651.115919,58.633973,200917.658209,96.545800,629.104847,-23.252349,622.275308,-143.361339,621.830597,59.966913,0.013812,1,0
20.000000,-61.488232,202314.704710,178.429576,202322.669084,58.554164,202570.970526,96.433184,623.001625,-23.625987,626.224905,-143.034025,622.635146,59.972110,0.003001,1,0
20.033000,-61.346263,202843.723810,178.723815,202727.658719,58.480485,204505.125760,96.660454,623.577187,-23.240814,625.150242,-143.399395,628.713614,59.970325,-0.000838,1,0
20.067000,-61.617725,201426.051448,178.564078,203031.066638,58.401128,204158.357363,96.599283,618.449895,-23.622457,634.897725,-143.464447,626.251392,59.968794,-0.010418,1,0
20.100000,-61.643283,202183.171868,178.594049,201884.158434,58.350171,201906.112585,96.491690,625.270938,-23.407121,625.910855,-143.568574,628.589177,59.966481,0.001102,1,0
20.133000,-61.399327,203427.344958,178.417914,203670.214171,58.400456,202628.520160,96.404076,620.081670,-23.683713,625.876486,-143.747656,623.942141,59.969442,-0.002307,1,0
20.167000,-61.573173,202882.156310,178.583910,203546.450883,58.506569,202511.545746,96.551574,628.714593,-23.489431,619.638002,-143.448527,624.515839,59.979466,0.008945,1,0
20.200000,-61.535498,204127.781273,178.371881,203772.109279,58.624644,203050.692136,96.637394,627.291457,-23.389309,621.159021,-143.606830,625.076682,59.966344,-0.002721,1,0
20.233000,-61.448981,203667.900963,178.464118,203487.503668,58.412266,203492.580211,96.712805,619.803537,-23.754656,624.080980,-143.382078,626.913626,59.967340,0.003978,1,0
20.267000,-61.431907,203461.689257,178.400280,202083.586936,58.352245,203500.279085,96.612113,621.068959,-23.494820,624.024200,-143.539901,621.270059,59.964384,0.004499,1,0
20.300000,-61.559103,201415.446041,178.403240,204294.364958,58.475506,203788.045040,96.708352,617.061927,-23.698020,618.800223,-143.377601,627.485449,59.966769,-0.003808,1,0
20.333000,-61.737946,202698.878915,178.331638,202236.587646,58.365109,202192.267919,96.351747,619.939235,-23.580999,625.374089,-143.376737,620.769404,59.968932,0.001159,1,0
20.367000,-61.853912,203874.339858,178.491303,203288.259264,58.331719,203019.972100,95.859799,616.797737,-23.152924,617.904490,-143.611424,621.035190,59.970453,-0.004715,1,0
20.400000,-61.606784,201797.220277,178.493197,201904.992488,58.242674,203353.584038,96.419882,618.637726,-23.606835,620.698187,-143.253437,616.227929,59.968172,0.001263,1,0
20.433000,-61.918903,203594.561010,178.296110,204519.465391,58.211961,203119.594835,96.424789,621.045033,-23.645455,616.830013,-143.872085,619.955243,59.963705,0.011088,1,0
20.467000,-61.486041,202033.461741,178.324341,203855.648307,58.569060,203210.774809,96.383701,616.559579,-23.745406,618.609321,-143.487166,614.720998,59.961360,0.005473,1,0
20.500000,-61.580719,203908.384728,178.408133,202910.844536,58.379206,201781.001860,96.524618,621.178175,-23.748537,613.443716,-143.457574,619.716462,59.967650,-0.008497,1,0
20.533000,-61.535150,203388.463478,178.144058,201493.984807,58.324933,203256.963466,96.558905,621.497659,-23.796466,615.991783,-143.830996,618.622126,59.969300,0.010132,1,0
20.567000,-61.636393,201552.889649,178.293207,203628.511241,58.350614,201283.445749,96.353180,618.907489,-23.413825,620.152472,-143.628655,617.843678,59.962502,0.004054,1,0
20.600000,-61.393609,202826.262654,178.356013,201367.162233,58.402727,202674.025887,96.626995,612.647380,-23.609652,620.096060,-143.441167,616.823978,59.966089,-0.004023,1,0
20.633000,-61.561587,203226.149613,178.308294,202954.685812,58.468305,201462.230435,96.497556,621.338595,-23.479911,612.972956,-143.418803,617.933430,59.977801,-0.000552,1,0
20.667000,-61.748685,203267.331804,178.554418,204358.608062,58.476204,203727.911377,96.450912,622.219789,-23.422436,619.343159,-143.485971,617.192096,59.961407,-0.000327,1,0
20.700000,-61.683083,204151.776810,178.390905,202948.948830,58.481018,203722.711776,95.861239,619.600034,-23.479663,622.365541,-143.855676,615.276005,59.959164,0.001318,1,0
20.733000,-61.591573,202901.683833,178.398521,203809.338627,58.138888,203367.339058,96.446324,611.422943,-23.839037,614.355351,-143.710904,618.580943,59.960879,-0.003023,1,0
20.767000,-61.536193,202793.209546,178.364520,203718.844650,58.450264,203526.534707,96.576238,612.492519,-23.625323,618.022576,-143.397359,607.196532,59.959577,0.003243,1,0
20.800000,-61.656745,204934.175349,178.332633,202782.442211,58.312649,202835.006186,96.188256,613.163170,-23.942209,613.491822,-143.665789,617.201896,59.962840,-0.009006,1,0
20.833000,-61.653591,203248.555666,178.264320,203106.763024,58.542763,202488.979303,96.065770,616.381966,-23.783154,614.754742,-143.615222,618.763405,59.967176,0.004570,1,0
20.867000,-61.809902,204188.099423,178.222514,203199.150787,58.229859,202601.636612,96.382044,622.464678,-23.838844,624.903574,-143.626399,612.300725,59.964367,0.004292,1,0
20.900000,-61.460027,203297.783798,178.405036,201092.318075,58.377476,202661.263519,96.448477,624.983928,-23.617842,625.457065,-143.421620,624.423211,59.970383,-0.002522,1,0
20.933000,-61.676152,204163.711275,178.339502,203758.517357,58.282970,204854.466000,96.015541,621.826519,-23.921139,618.175436,-143.829831,621.374845,59.968054,0.007445,1,0
20.967000,-61.622872,203529.815480,178.545218,203780.822693,58.181986,203309.120257,96.487673,621.084452,-23.783577,617.667246,-143.548316,622.244842,59.955742,-0.011147,1,0
21.000000,-61.709394,203574.768163,178.244010,202420.975986,58.451993,202953.313841,96.042973,615.235882,-23.974787,618.094790,-143.448073,620.864637,59.958401,0.008148,1,0
21.033000,-61.873594,203977.092159,178.157352,202901.942247,58.110648,203347.797873,96.202128,615.099309,-23.742535,614.576055,-143.828544,620.309935,59.967790,-0.003943,1,0
21.067000,-61.659763,203640.089011,178.405591,204589.603208,58.221815,203101.278071,96.021393,621.705188,-23.786851,621.135975,-143.562216,624.189511,59.957833,0.000618,1,0
21.100000,-61.771253,203511.142761,178.404766,204017.268120,58.084317,204604.409174,96.529918,623.365720,-23.747418,616.894794,-144.130743,633.553597,59.962478,-0.003548,1,0
21.133000,-61.753634,203994.092764,178.132783,204525.338200,58.232574,203559.577288,96.539166,616.987679,-23.584111,623.113589,-143.953879,624.950333,59.960512,-0.006886,1,0
21.167000,-61.709696,205014.393073,178.308879,204169.955699,58.229389,205834.654033,96.334171,623.843114,-23.571985,624.267566,-143.729815,623.747197,59.967242,0.000911,1,0
21.200000,-61.876261,202709.767714,178.159362,203753.591545,58.376408,205704.588327,96.093254,618.187951,-23.977937,619.788124,-143.203900,629.836696,59.965672,-0.014087,1,0
21.233000,-61.870120,205331.115727,178.141640,203492.702613,58.409991,203421.861219,95.862832,616.631948,-24.007267,612.627290,-143.854006,618.990416,59.961736,-0.007011,1,0
21.267000,-61.942103,204719.900311,178.236542,203257.467903,58.201465,202963.017596,96.249895,612.598432,-23.744973,619.690325,-143.584493,617.421757,59.960853,0.004384,1,0
21.300000,-61.976378,204266.373169,178.212625,204133.479259,58.079082,204389.295924,95.811919,619.796500,-23.893433,613.781417,-143.767656,615.781497,59.963703,-0.007029,1,0
21.333000,-61.768235,204704.415574,178.186942,203621.528358,58.049628,204672.224547,96.412033,619.783499,-23.805240,618.801170,-143.911332,616.644805,59.965084,0.003685,1,0
21.367000,-61.728413,204537.955527,178.247024,204146.331695,58.146261,203831.830756,96.365977,621.084868,-23.511910,619.647361,-143.613554,620.113465,59.964251,0.002991,1,0
21.400000,-61.814142,204426.294294,178.308379,204678.225836,58.363741,205414.321674,96.175585,621.378614,-23.741459,619.596752,-143.662200,621.217595,59.961061,-0.001113,1,0
21.433000,-61.775709,204547.811255,178.169742,203819.013721,58.275841,204605.805008,96.327652,614.469896,-23.603302,621.049278,-143.996489,613.800617,59.965523,-0.005446,1,0
21.467000,-61.834801,204425.124943,178.234127,204146.450133,58.250933,203821.793712,95.928910,624.902847,-23.861552,616.750297,-143.574061,616.090394,59.964120,-0.008775,1,0
21.500000,-61.862149,206144.522123,178.081232,201903.820560,58.317282,204835.700124,95.883026,621.624481,-23.962439,617.658004,-143.697183,617.301315,59.961367,0.010006,1,0
21.533000,-61.933502,204751.471923,178.266863,205881.330761,58.126648,202829.382153,95.715227,618.147715,-23.864194,618.627699,-143.712857,618.793960,59.960977,-0.007327,1,0
21.567000,-61.759263,205004.900386,178.176272,203654.910727,58.371299,203583.613328,96.327544,618.441921,-23.737141,614.131701,-144.037135,612.911597,59.969172,0.004181,1,0
21.600000,-61.666710,203685.169112,178.166122,203362.394059,58.313505,205357.493282,96.096941,609.699318,-23.884781,617.175673,-143.860170,615.609221,59.960335,-0.009622,1,0
21.633000,-61.766742,204071.649397,178.153983,204451.143997,58.206480,206586.657056,96.358829,619.030600,-23.885565,617.538970,-143.956196,614.279901,59.959193,-0.005529,1,0
21.667000,-61.916471,204861.931489,178.184856,205214.557543,57.985122,204614.654747,95.978008,615.359897,-23.782841,621.125131,-144.244625,617.590026,59.967502,-0.012170,1,0
21.700000,-61.956996,203414.783490,178.040691,203789.657369,58.242765,203758.588893,95.905299,621.553488,-23.998100,618.175298,-143.610682,609.031753,59.965082,-0.009649,1,0
21.733000,-61.687536,205139.043815,178.173521,204271.572533,57.931857,204560.286057,96.304268,617.265432,-23.929174,622.324604,-144.344966,625.158730,59.973711,-0.002080,1,0
21.767000,-61.880119,204491.256061,178.274710,203735.036556,58.161499,204278.730066,96.201217,617.707037,-23.725765,619.352788,-143.868344,616.081890,59.977283,-0.003719,1,0
21.800000,-61.882641,205116.673613,178.186913,204208.620272,58.315066,204862.454667,96.425358,616.965376,-23.742027,621.157928,-143.602813,623.508443,59.979850,-0.003630,1,0
21.833000,-61.898887,203558.549930,178.053350,203959.000392,58.168560,205502.155364,95.751698,621.135652,-23.936244,616.896844,-143.760306,619.624446,59.977117,-0.000547,1,0
21.867000,-61.897492,204556.510555,178.073064,204759.160382,58.203980,204393.621628,96.105132,620.112572,-24.057907,618.931164,-143.690885,624.601112,59.982146,0.005877,1,0
21.900000,-61.985729,202688.236791,178.078661,203548.314578,58.231347,204974.264768,95.796841,622.729561,-24.295672,624.954683,-143.800469,619.400874,59.979760,-0.000163,1,0
21.933000,-61.889456,203784.241166,178.223858,204870.081205,57.997033,202629.045947,95.777730,615.983028,-23.563885,621.662196,-144.228401,618.882520,59.979884,0.004687,1,0
21.967000,-61.913924,203636.990305,178.296084,205563.897961,58.155913,204033.443376,96.163203,629.618687,-23.462308,618.887773,-143.852320,619.163315,59.987241,0.001784,1,0
22.000000,-62.057083,205770.065542,178.261924,204016.248662,57.980021,205002.760669,96.334983,621.870962,-23.775761,619.406043,-143.901919,626.716079,59.971903,0.006602,1,0
22.033000,-61.858085,204227.392339,178.091813,203664.512214,57.857171,202193.676149,95.903685,620.817339,-24.063249,620.645025,-143.947744,625.938303,59.975989,-0.004663,1,0
22.067000,-61.759741,204868.642437,178.180691,203529.822140,58.030093,204050.331863,96.213682,627.212691,-23.863189,620.083989,-143.789062,620.462146,59.983775,-0.019016,1,0
22.100000,-61.915837,204884.097450,178.344392,204103.576523,57.936675,204479.692427,96.115079,621.212692,-23.497338,620.584049,-144.150303,625.478266,59.990251,-0.000750,1,0
22.133000,-61.887590,204989.927575,178.144447,204505.816224,58.122618,206045.067359,95.900937,619.765919,-23.999952,622.636793,-144.125981,622.068111,59.983757,-0.001372,1,0
22.167000,-61.937384,204858.043136,178.122222,204435.287968,58.119177,203940.519517,96.030805,621.367260,-23.936531,621.546659,-144.102853,622.077438,59.985237,-0.003252,1,0
22.200000,-61.977936,204420.101034,178.075955,205080.029368,58.157515,204909.069145,96.114011,630.267331,-23.898213,626.237838,-144.131840,626.554281,59.994873,-0.005594,1,0
22.233000,-61.942482,203734.490707,178.255339,204497.912097,58.130685,203743.470205,96.067051,624.894395,-23.937244,622.845537,-143.883526,619.198758,59.987824,0.002983,1,0
22.267000,-61.942206,203910.253097,178.012081,204531.401283,57.992695,205036.560146,95.725517,622.620659,-24.059470,629.111934,-143.693227,621.664255,59.983117,-0.004521,1,0
22.300000,-61.871079,203621.478636,178.109336,203703.735077,58.162548,203075.691520,96.084954,621.182709,-23.633812,628.261100,-143.670650,627.530738,59.983271,0.006765,1,0
22.333000,-61.955822,204299.977367,178.096270,202787.647088,58.081657,203521.114691,96.084264,626.480146,-24.066672,629.061091,-144.186732,624.294381,59.990786,-0.003183,1,0
22.367000,-61.705650,204134.216470,178.084066,204193.987491,58.265922,204442.198879,96.473627,630.889877,-24.021176,624.180700,-143.911081,627.499320,59.988590,0.006163,1,0
22.400000,-61.720950,205074.686022,178.180924,203973.317001,57.993160,204832.147632,96.063855,618.615401,-23.720020,627.590184,-144.017913,627.774510,59.991484,0.007393,1,0
22.433000,-61.966605,204973.498209,178.378157,203720.399532,58.077773,203645.047257,95.840871,624.248698,-23.577902,629.420730,-143.969350,627.637444,59.984882,0.004490,1,0
22.467000,-61.987734,204928.386103,177.934456,204888.590988,58.075231,203456.312172,95.915037,630.358879,-24.254480,623.583928,-143.935730,627.038961,59.985681,-0.008617,1,0
22.500000,-62.009313,205348.698598,177.966477,204318.947236,58.011342,205640.981696,95.903926,628.609824,-24.149448,627.139429,-143.926650,625.407765,59.981008,0.000395,1,0
22.533000,-61.948788,204555.661564,178.125742,204742.134704,57.973844,204522.286460,96.075216,627.957930,-24.089402,628.344376,-143.706127,627.047141,59.984160,0.003945,1,0
22.567000,-61.614815,204883.379432,178.050475,205616.788444,57.939660,204000.930499,96.436683,631.357921,-24.020968,629.422006,-143.964798,628.400381,59.985061,-0.009765,1,0
22.600000,-61.987899,204064.251761,177.992157,205973.687840,58.091338,206218.550424,95.917244,628.695223,-23.792091,629.720775,-144.066304,625.575878,59.985308,-0.002731,1,0
22.633000,-61.822144,206176.130627,178.155846,204472.711394,58.066411,205808.738968,96.030800,628.089915,-23.929174,621.507416,-143.826757,629.412424,59.989782,0.012108,1,0
22.667000,-61.943614,204868.248360,178.260478,204146.684575,58.011653,205784.701394,96.142707,617.814385,-23.597953,623.519096,-143.639393,623.815324,59.986563,0.002983,1,0
22.700000,-61.920259,206101.779948,178.130820,205722.488839,58.081623,206799.053026,95.998851,627.205360,-24.253389,627.389558,-143.798329,626.159530,59.985133,-0.000643,1,0
22.733000,-61.903755,204099.625939,178.067752,205533.096825,58.139311,204333.631632,96.076629,629.318121,-24.174439,627.542273,-143.803795,624.786764,59.981894,0.004100,1,0
22.767000,-62.037392,206365.933967,178.140461,205859.769960,58.015549,205461.127828,95.920359,628.146124,-23.984237,623.784334,-144.174266,629.167863,59.983665,-0.004577,1,0
22.800000,-61.970946,204833.713057,178.158778,205099.228648,58.144198,205879.462246,96.182157,624.433809,-23.593496,626.634141,-143.518502,624.327311,59.984594,0.005801,1,0
22.833000,-61.873556,207293.830800,178.224489,206375.768251,58.131119,205746.950179,95.869139,625.868497,-23.631579,626.913244,-144.034058,627.350084,59.983899,0.010518,1,0
22.867000,-61.867675,206617.233142,178.028695,203850.852696,58.063746,205821.469215,96.156421,630.978876,-23.957871,630.720405,-144.027173,626.519315,59.982725,-0.013824,1,0
22.900000,-61.958402,205940.685997,178.057214,206163.756724,57.973365,206253.635239,96.023165,631.265146,-23.940615,626.843347,-144.044963,627.412670,59.976348,0.006427,1,0
22.933000,-61.879112,207092.047663,178.022822,206798.951758,58.140744,207353.741003,96.232715,626.578013,-23.945988,618.834097,-143.852628,623.969963,59.980440,-0.015142,1,0
22.967000,-61.961512,206001.530442,177.961166,205473.864865,58.102396,204514.755614,96.047641,626.893179,-24.398710,623.329260,-144.179463,622.624549,59.988977,0.003795,1,0
23.000000,-62.025521,206610.532406,177.949378,205768.734114,58.171955,206926.527886,95.935365,627.818181,-24.064600,626.761530,-143.783635,624.782193,59.982641,-0.007376,1,0
23.033000,-61.884929,207590.161610,177.979665,206523.618035,58.023134,208138.303201,96.134617,631.122374,-24.053006,636.806752,-144.041187,626.430581,59.982887,-0.007812,1,0
23.067000,-61.997072,206961.291687,178.155211,206109.114192,58.085426,206256.901310,96.066550,631.016244,-23.876251,622.742412,-144.113811,629.058692,59.986772,-0.002092,1,0
23.100000,-61.829635,205349.433379,178.190860,205883.748257,58.225227,206297.156883,96.177133,630.686297,-24.017826,623.972356,-143.671486,628.349033,59.988509,0.005327,1,0
23.133000,-61.752495,206005.746572,177.976579,205566.077636,58.189524,207152.855572,96.620521,636.886527,-24.267739,633.039860,-143.994479,627.164250,59.982206,-0.022292,1,0
23.167000,-61.792544,206680.198455,178.214962,207028.284387,58.167397,206259.576517,96.170525,630.367948,-24.044158,634.163298,-143.679767,627.505838,59.976495,-0.001466,1,0
23.200000,-62.055884,205747.764784,178.031222,205763.685333,58.020392,207236.016747,96.062697,634.168875,-24.130450,624.680708,-143.919546,625.861584,59.982050,0.009861,1,0
23.233000,-61.835947,206711.491138,178.194083,206547.684255,58.043118,206422.445574,96.240876,622.788972,-23.426652,627.937316,-144.039994,632.893741,59.978318,0.012401,1,0
23.267000,-61.850022,204362.162313,178.279927,205214.365477,57.951901,206565.967481,96.172484,631.947993,-23.998678,633.665550,-144.091395,628.435739,59.976235,-0.015651,1,0
23.300000,-62.019054,204978.569629,177.943792,205072.598587,58.117280,203869.747792,96.382337,636.078688,-24.066364,626.468690,-143.736355,630.863003,59.980357,-0.001757,1,0
23.333000,-61.994847,207454.000115,178.115533,206136.084338,58.269073,205899.853057,96.105223,627.956414,-23.860100,631.945610,-143.619482,636.790859,59.985962,0.014076,1,0
23.367000,-61.752404,205442.335156,178.145906,206372.911921,58.271081,205937.249024,96.675713,629.712101,-24.047280,635.107632,-143.476402,632.267514,59.984236,0.005092,1,0
23.400000,-61.787780,205680.904702,177.991264,206574.165888,58.091480,206537.790986,96.035752,628.148005,-23.780673,632.099482,-144.334743,633.911991,59.969715,0.004255,1,0
23.433000,-61.884762,205172.487585,178.029936,205412.795797,58.144568,205416.068307,96.069924,638.366471,-23.946277,636.150976,-144.019339,635.271850,59.981643,-0.002848,1,0
23.467000,-61.799644,207664.160790,178.059497,205209.189122,58.251997,205460.372240,96.083883,629.472120,-23.693472,632.128802,-143.667946,637.595306,59.982797,-0.012398,1,0
23.500000,-62.029637,206773.590420,178.191419,206073.637211,58.228136,205833.843687,96.053488,634.789874,-24.057722,637.026596,-143.747526,630.852951,59.976394,0.016976,1,0
23.533000,-61.856059,205850.581454,178.116679,205928.148112,58.074491,206146.395339,96.142343,637.463508,-24.233828,635.516655,-144.048534,637.659915,59.974911,-0.001045,1,0
23.567000,-61.812552,205492.136730,178.037406,207979.478620,58.217291,205458.063683,96.123428,640.886357,-23.662501,632.026823,-143.984920,635.046448,59.975953,-0.003666,1,0
23.600000,-61.854139,205634.762545,178.130128,205596.792108,58.139656,204437.074192,96.200455,632.014855,-23.913867,641.894596,-143.564684,638.306828,59.981654,0.006117,1,0
23.633000,-61.851595,203294.867622,178.201406,204249.608564,58.124685,205232.449652,96.380228,644.426389,-23.869381,633.697713,-143.483182,642.103679,59.978190,-0.006504,1,0
23.667000,-61.822044,203944.523936,178.175513,205131.622271,58.236937,205429.847872,96.524434,640.684463,-23.907325,638.605810,-143.662568,640.093609,59.978031,-0.001529,1,0
23.700000,-61.818115,205260.405457,178.164709,205512.888084,58.272658,205395.810706,96.124178,640.933922,-24.077852,634.353390,-143.834076,632.386475,59.982055,-0.000672,1,0
23.733000,-61.910477,205053.638681,178.068934,204082.605826,58.121524,205287.423171,96.066695,630.891880,-23.928028,633.763151,-143.907400,631.936119,59.982809,0.003604,1,0
23.767000,-61.855191,203629.843913,178.226573,203692.271494,58.121939,206232.945844,96.420578,626.073606,-23.721355,630.939796,-144.112162,632.787389,59.976392,-0.004161,1,0
23.800000,-61.883123,202530.393780,178.071498,203916.345262,58.199337,203307.446122,96.122732,624.834540,-24.106664,627.600142,-143.697317,634.167026,59.979857,0.006650,1,0
23.833000,-62.009921,204075.409850,178.112224,205878.901981,58.136884,206408.209103,95.923023,628.239337,-23.835277,630.894910,-143.827349,635.399955,59.975647,-0.002923,1,0
23.867000,-61.835706,204796.348844,178.038792,206972.468002,58.082557,205618.513943,96.378632,635.425934,-23.781878,630.869974,-143.556038,636.282419,59.979160,-0.003386,1,0
23.900000,-61.741399,206995.608876,178.197289,204899.802202,57.920756,205397.679516,96.380237,638.865340,-24.018200,630.831774,-143.872804,635.417643,59.983623,0.000658,1,0
23.933000,-61.861205,205923.729763,178.041919,205430.666039,58.044231,206250.405792,95.886258,633.282955,-24.022617,640.379575,-144.041871,634.840849,59.971401,0.015174,1,0
23.967000,-61.838960,206124.664878,178.175474,205261.169333,58.252049,205159.497851,96.340526,631.664864,-23.810747,635.759790,-143.762336,638.294944,59.971897,0.004383,1,0
24.000000,-61.899117,206248.181210,178.131818,205418.600141,58.069506,205596.741145,96.153514,630.894030,-24.074520,627.341615,-143.723868,635.008298,59.984736,0.003718,1,0
24.033000,-61.689938,205661.194121,178.136813,205739.305948,58.131347,205421.691882,96.492472,632.215402,-23.485472,629.950025,-144.028898,632.874366,59.976045,0.012193,1,0
24.067000,-61.832883,205678.111710,178.075363,205690.192502,58.333132,205501.922606,96.063312,633.719727,-23.954448,627.503884,-143.628977,631.203091,59.971068,0.004566,1,0
24.100000,-61.876042,206911.818022,178.108059,205840.372684,58.110635,205302.654692,96.120380,630.814985,-23.878068,633.127016,-144.018469,632.717386,59.968135,0.013918,1,0
24.133000,-61.905075,206005.379453,178.156197,204556.400334,58.224505,205748.990914,96.248423,626.846537,-23.598707,630.072638,-143.658540,634.917156,59.968674,0.000414,1,0
24.167000,-61.831176,205997.531612,177.961326,207497.238259,58.203627,205814.604563,96.130930,639.501464,-24.123815,628.870388,-143.730567,643.570393,59.978198,-0.003383,1,0
24.200000,-62.004557,205350.292184,178.172263,205269.856797,58.237888,207000.003445,95.840703,634.071651,-23.685351,636.365651,-143.667082,643.181129,59.971336,0.008147,1,0
24.233000,-61.709785,204210.292146,178.190547,206647.875950,58.086812,206422.652573,96.147103,646.752786,-23.627560,634.432084,-143.847002,638.773951,59.979594,0.004828,1,0
24.267000,-61.710237,205838.387501,178.016909,206082.180472,58.164139,205572.035335,96.257820,637.894147,-23.933023,635.720967,-143.879961,641.456926,59.972225,0.003007,1,0
24.300000,-61.798983,204508.102497,178.174494,203715.010140,58.099896,206259.521671,96.222854,634.971145,-24.147221,640.780784,-143.940994,638.441106,59.971656,-0.007961,1,0
24.333000,-61.746256,205134.091931,177.961514,206445.705172,58.226494,205489.047150,96.512730,629.382762,-24.206424,638.524881,-143.747243,641.136688,59.969776,0.007045,1,0
24.367000,-61.825939,206331.389287,178.024321,205924.396286,58.130654,205859.795798,96.380914,637.889037,-24.089736,632.280523,-144.187681,629.908432,59.970195,0.004224,1,0
24.400000,-61.798358,206703.604281,178.199006,205356.180707,58.261104,205211.635345,96.058486,639.139626,-23.754762,630.970981,-143.814155,642.817705,59.950936,-0.004983,1,0
24.433000,-61.823122,207678.854079,178.152799,207064.509042,58.079104,204796.685555,96.267580,631.793807,-23.922093,640.688834,-143.709750,637.411298,59.962826,-0.001608,1,0
24.467000,-62.082920,206489.667817,178.233747,205716.523772,58.135450,206612.525662,95.878108,633.736288,-23.557085,637.426655,-143.972067,638.312458,59.961326,0.011044,1,0
24.500000,-61.678209,208057.953883,178.170264,206272.981504,58.088240,205976.610751,96.271029,638.343301,-23.651736,634.376004,-144.328115,649.109363,59.966789,0.003953,1,0
24.533000,-61.937136,206633.097261,178.076699,205814.981535,58.166146,205054.770285,95.940906,642.741179,-23.964758,644.946316,-143.865942,634.542706,59.959126,0.000629,1,0
24.567000,-61.803897,204803.570379,177.998318,207044.773845,58.262767,206133.624064,96.272399,641.377365,-24.063626,636.665517,-143.975888,632.298054,59.966948,0.011454,1,0
24.600000,-61.644743,205389.332693,178.260953,205995.591157,58.197794,205362.153298,96.335998,646.247383,-23.927518,636.841192,-143.576104,639.891387,59.963336,-0.008148,1,0
24.633000,-61.808320,204624.767846,178.205088,205168.159370,58.172408,205158.017949,96.528915,639.495225,-23.805756,640.636142,-143.915689,630.141966,59.962920,-0.001410,1,0
24.667000,-61.686477,204057.112626,178.238235,205117.657797,58.214036,205665.645509,96.639182,639.290276,-24.025366,639.800977,-143.925158,635.385518,59.949327,0.000896,1,0
24.700000,-61.767855,205713.984030,178.238510,205589.892616,58.240246,206405.598390,96.515327,639.768577,-24.075198,642.674491,-144.029314,642.355634,59.958559,-0.001931,1,0
24.733000,-61.848196,205415.775669,178.192061,205741.361927,58.242131,206605.674847,96.052039,646.058846,-23.603878,640.276753,-143.954822,641.337641,59.959293,0.014370,1,0
24.767000,-61.928422,204192.874363,178.232330,204327.506024,58.161122,206106.891148,96.294544,645.427918,-24.037842,642.741617,-143.582483,644.922080,59.953024,0.002127,1,0
24.800000,-61.653925,205807.352238,178.192226,205364.339890,58.154234,204055.825795,96.147878,641.348046,-23.861839,644.965584,-143.941048,640.657080,59.949993,-0.003227,1,0
24.833000,-61.765710,205632.308508,178.385494,204814.243906,58.278570,204864.362254,96.530910,638.534004,-23.799441,641.085279,-143.783629,636.145743,59.953868,-0.006475,1,0
24.867000,-61.641702,202778.000204,178.364184,206606.349798,58.120720,206220.994492,96.691714,635.718560,-23.708220,639.062829,-143.713841,641.235729,59.946724,-0.004684,1,0
24.900000,-61.593331,205173.061376,178.313141,205023.646968,58.269143,204827.919454,96.536303,640.101826,-23.467936,639.242057,-143.828423,639.262793,59.947586,0.006374,1,0
24.933000,-61.885296,207066.265906,178.256539,205133.465572,58.276221,203945.831220,96.297318,642.797454,-23.580358,638.595505,-143.528528,638.870226,59.950808,-0.007784,1,0
24.967000,-61.809369,206562.902911,178.346167,205075.921748,58.130546,205362.686957,95.970906,644.312296,-23.522187,632.935228,-143.928612,643.191772,59.953477,0.006110,1,0
25.000000,-61.812532,205311.595808,178.233083,206511.054529,58.370108,205367.287265,96.607024,649.313441,-23.722556,636.917926,-143.824252,645.324786,59.961499,0.004334,1,0
25.033000,-61.605452,204553.959704,178.450542,204631.528593,58.346456,204760.514743,96.809788,642.117000,-23.585360,645.736306,-143.514952,638.134301,59.952368,0.007584,1,0
25.067000,-61.626612,205904.783494,178.183594,204323.566079,58.277476,204891.494872,96.501683,649.040138,-23.895693,648.226007,-143.778895,645.653956,59.962756,-0.002831,1,0
25.100000,-61.760796,205426.630177,178.090069,206147.297307,58.224071,205113.210830,96.242780,640.572468,-23.888701,650.889226,-143.528911,644.967759,59.956159,0.000386,1,0
25.133000,-61.627657,206167.841462,178.193519,205121.015185,58.387457,206853.591458,95.954639,645.592310,-23.378234,655.636520,-143.650645,641.657255,59.951131,0.016936,1,0
25.167000,-61.798414,204446.098151,178.194535,206532.815433,58.234817,205358.041282,96.249883,650.018398,-24.014981,649.751047,-143.753154,650.076969,59.954019,-0.006062,1,0
25.200000,-61.928197,206867.571183,178.472103,205554.608258,58.108954,205670.989858,96.273443,651.575022,-23.202734,651.564177,-143.731604,643.935970,59.958769,-0.002428,1,0
25.233000,-61.745742,205239.051945,178.341791,205574.809644,58.339775,204493.385035,96.324984,653.962206,-24.097882,652.906240,-143.499291,651.502539,59.963875,0.001141,1,0
25.267000,-61.651196,205133.964064,178.206658,206333.977060,58.082493,205619.184324,96.442682,641.430349,-23.495537,647.114803,-143.999241,645.743721,59.955440,-0.006415,1,0
25.300000,-61.838959,204233.271188,178.131448,206807.913914,58.073288,204978.318961,96.154844,650.962682,-23.670933,650.240263,-143.858409,648.677336,59.964250,0.004056,1,0
25.333000,-61.670757,204126.411913,178.339574,205473.011416,58.184702,203524.225514,96.619252,649.284298,-23.964616,648.606307,-143.677271,651.951317,59.960112,0.005017,1,0
25.367000,-61.697947,203787.520937,178.624213,204152.831850,58.205984,203681.629481,95.835725,656.717079,-23.106519,653.855015,-143.657975,649.992575,59.967333,0.007700,1,0
25.400000,-61.680427,206151.069001,178.414774,206552.202958,58.440704,207010.552748,96.269613,653.545893,-23.801597,652.801440,-143.548727,652.964234,59.962845,0.012072,1,0
25.433000,-61.574676,205036.537080,178.329162,206021.240752,58.164509,204830.418132,96.430633,659.083627,-23.677740,652.722885,-143.616979,647.393136,59.964554,0.005723,1,0
25.467000,-61.809754,203820.496534,178.189769,204257.280394,58.295228,204791.404042,96.296126,657.907988,-23.650168,655.312337,-143.815552,658.174420,59.966475,-0.006800,1,0
25.500000,-61.732843,204922.821604,178.343900,204386.991689,58.304380,204855.005412,96.589861,658.935388,-23.711997,650.554993,-143.761766,649.983686,59.963157,0.002098,1,0
25.533000,-61.662935,206207.499807,178.263475,205350.568761,58.244171,206398.655652,96.281263,655.453660,-23.817485,653.179938,-143.920265,652.068598,59.965061,0.001729,1,0
25.567000,-61.737659,206153.640764,178.297682,204352.366663,58.262187,206406.808976,96.368386,652.182821,-24.017661,647.569717,-144.097340,645.397605,59.960632,0.009787,1,0
25.600000,-61.727854,205959.369839,178.391632,205800.764690,58.339540,205080.256378,96.212423,656.456316,-23.433516,650.325169,-143.651021,654.509364,59.959001,-0.007771,1,0
25.633000,-61.652133,203062.108198,178.306943,205464.537554,58.329086,205904.869199,96.419623,654.514986,-23.705060,648.088591,-143.691874,657.786692,59.958257,0.006591,1,0
25.667000,-61.662346,204403.753200,178.175880,205519.133610,58.255290,204559.320634,96.465604,645.058058,-23.775833,648.973497,-143.519092,652.325885,59.962053,-0.003536,1,0
25.700000,-61.802228,204477.326304,178.194537,204631.684614,58.224250,205788.553945,96.122873,650.537665,-23.415643,654.689325,-143.695391,645.940903,59.965777,-0.003681,1,0
25.733000,-61.790540,203660.463382,178.176933,205380.009407,58.141498,204645.697263,96.180305,658.093707,-23.765654,656.963462,-143.980388,647.187949,59.961990,-0.010159,1,0
25.767000,-61.670360,205331.162048,178.131988,205362.901951,58.264019,204841.837048,96.184413,650.039912,-24.124108,658.617514,-143.579797,656.881014,59.959087,0.009963,1,0
25.800000,-61.878896,204429.956025,178.205597,205125.386996,58.253735,205654.090354,96.107006,654.458248,-23.577476,653.745378,-143.654214,651.773103,59.969207,-0.002144,1,0
25.833000,-61.857600,205082.891400,178.090224,205462.023427,58.385241,204808.092527,96.348367,651.961636,-23.428488,658.421493,-143.656595,650.728443,59.966544,0.010277,1,0
25.867000,-61.678187,205768.822049,178.154453,204562.306671,58.241980,204417.172018,96.443593,656.554721,-23.782603,649.018043,-143.919187,655.536987,59.969528,0.000213,1,0
25.900000,-61.713202,206027.306153,178.136232,206015.935121,58.181809,204308.622282,95.939312,647.583677,-23.987378,647.069129,-143.960683,660.396344,59.959405,0.007017,1,0
25.933000,-61.710795,205428.185478,178.386879,204825.684633,58.089729,204827.197696,96.535034,648.923941,-23.733049,653.627575,-143.786812,650.856332,59.962736,-0.006855,1,0
25.967000,-61.654378,206378.682950,178.077674,205122.317012,58.235516,206051.113654,95.822867,658.962787,-24.093266,647.157340,-143.852879,654.118971,59.964182,-0.003225,1,0
26.000000,-61.707494,205011.085722,178.300910,204963.052102,58.103633,203383.314127,96.162276,656.752616,-23.729355,653.115640,-144.038498,654.809548,59.964732,0.006779,1,0
26.033000,-61.756984,204383.726361,178.252874,203290.237555,58.309591,205180.589799,96.315570,655.033432,-23.383650,655.080010,-143.652188,659.002677,59.970033,-0.013764,1,0
26.067000,-61.821397,203404.148751,178.128305,205868.829786,58.204448,205070.684197,96.179447,654.948716,-23.696531,652.934818,-143.738446,654.641395,59.971661,-0.002450,1,0
26.100000,-61.750668,206391.058688,178.102562,204435.429064,58.237577,205168.858564,96.090735,653.914811,-23.805812,654.411240,-144.073377,655.222260,59.975586,0.002959,1,0
26.133000,-61.903755,205120.511332,178.205380,205037.761104,58.232653,205366.706676,95.917297,659.820192,-23.846337,653.189319,-144.188004,658.801236,59.970980,-0.009927,1,0
26.167000,-61.840899,204262.520620,178.209587,204942.045245,58.160238,203900.909862,96.247415,646.431599,-23.838742,651.160787,-143.999555,660.356279,59.973512,0.000647,1,0
26.200000,-61.839009,206168.642365,178.092813,206056.922090,58.228043,204921.739405,96.208531,655.124166,-24.233435,649.100410,-143.807567,652.696369,59.965483,0.000521,1,0
26.233000,-61.976487,203729.259701,178.060641,204935.904527,58.099380,204199.315267,95.860598,653.971150,-23.775529,654.596138,-143.816579,652.403020,59.969662,0.001730,1,0
26.267000,-62.013631,205513.034337,178.173642,204990.170320,58.042108,203876.392420,96.090685,651.600394,-23.718809,654.760617,-144.030415,653.399655,59.958437,0.003738,1,0
26.300000,-61.647778,205601.903133,177.976822,204885.003324,58.108485,204261.882121,96.401609,649.198186,-24.163572,654.258979,-144.037791,656.439881,59.974595,-0.002922,1,0
26.333000,-61.891738,204928.073181,178.066114,205719.780736,58.008711,205634.660250,95.943383,656.234864,-24.116499,654.058078,-144.016983,651.573298,59.972500,0.000548,1,0
26.367000,-61.871942,204510.053204,178.310654,203961.017884,58.164260,204446.614896,96.247041,657.581958,-23.420618,652.288926,-143.872325,644.651128,59.965455,-0.006760,1,0
26.400000,-61.991879,203878.097210,178.059096,206015.328095,58.063811,204502.526113,96.168185,652.917302,-24.144355,650.281397,-143.798171,649.251236,59.974090,-0.005756,1,0
26.433000,-61.827805,205038.212839,178.153850,204512.872314,58.109775,204907.247283,96.646516,654.038398,-23.506055,648.304675,-143.963756,650.808260,59.974203,0.003517,1,0
26.467000,-61.766545,204746.713491,178.242340,204760.386783,58.133414,204353.449546,96.254528,649.667852,-24.001879,651.375198,-143.777828,647.794324,59.968378,0.006857,1,0
26.500000,-61.866224,206693.496018,178.263563,205240.332041,58.186513,203210.843986,96.313461,650.852650,-23.515791,648.153939,-143.729338,644.545445,59.972682,0.000791,1,0
26.533000,-61.912863,206921.621671,178.242811,203903.757834,58.162399,205023.942302,95.944849,649.888236,-23.859021,652.353484,-143.777252,649.014018,59.964083,-0.003858,1,0
26.567000,-61.646235,206438.551300,178.336316,205257.971432,58.288674,205441.524236,96.128522,653.733082,-23.681467,652.612673,-143.504814,653.284267,59.974056,-0.004300,1,0
26.600000,-61.890626,204167.366579,178.108349,207011.003983,58.008730,205890.054343,96.151815,652.570143,-24.147541,648.305510,-144.022018,655.078851,59.960230,0.007316,1,0
26.633000,-61.809546,204731.176584,178.165760,204696.937038,58.279757,206407.911878,96.350690,644.169229,-23.734466,647.410577,-143.454221,656.449234,59.967807,0.002322,1,0
26.667000,-61.748109,206188.357166,178.108374,205073.680103,58.182697,204161.846419,96.194797,649.313177,-23.918974,646.993360,-143.515092,647.955307,59.970508,0.007429,1,0
26.700000,-62.084552,203948.326663,178.158283,204194.855946,58.178302,204668.272269,95.942366,645.656002,-24.099976,650.670272,-143.570801,651.818462,59.970195,-0.014295,1,0
26.733000,-61.813284,204882.660134,178.254429,204088.011728,58.004020,204710.139860,96.222074,653.396608,-23.647699,658.048439,-144.079381,652.711463,59.962828,0.014581,1,0
26.767000,-61.820996,203971.423878,178.177063,203659.865678,58.127317,202806.593148,96.071336,650.722694,-23.896566,647.869744,-143.791908,649.763310,59.967883,0.009500,1,0
26.800000,-61.906568,203814.824603,178.185471,203574.053101,58.069845,205288.506813,95.977444,647.848083,-23.468904,649.171792,-143.770933,654.077670,59.970513,-0.011317,1,0
26.833000,-61.859788,205963.455758,178.074158,205742.787391,58.360418,204561.161882,96.329674,653.509459,-23.827513,648.368646,-143.642064,652.879841,59.971830,0.004275,1,0
26.867000,-62.025482,205958.229960,178.300315,204883.237524,58.079609,204007.488888,95.940477,652.338299,-23.942100,649.489163,-144.277992,654.297535,59.973647,-0.003011,1,0
26.900000,-62.068405,203534.134822,177.883558,205551.619213,58.057842,206110.445241,95.880423,653.319296,-23.983531,649.484783,-144.363109,654.631061,59.965784,-0.009210,1,0
26.933000,-61.817325,205630.751390,178.119231,206362.952751,57.991210,203788.783558,95.825068,647.005485,-24.035341,656.088462,-143.818773,649.122334,59.974930,0.009498,1,0
26.967000,-61.854603,203600.718802,178.117919,204568.185151,58.014894,205188.695152,95.801559,651.609112,-23.755401,658.433396,-143.855955,652.989212,59.978785,0.007506,1,0
27.000000,-61.921610,204288.096436,178.117100,204934.866914,58.097180,204005.833702,96.017528,653.295433,-23.901744,654.618356,-143.818013,652.468534,59.969253,0.000982,1,0
27.033000,-61.825684,205374.608006,177.913026,204849.496662,58.161186,204883.760239,96.473208,654.473818,-24.067555,643.261203,-143.952050,650.705354,59.974164,0.001073,1,0
27.067000,-61.782501,206304.914199,178.142109,204305.135326,58.079558,205676.130009,96.400619,648.899815,-23.982935,654.478149,-143.795125,652.751864,59.969130,0.000101,1,0
27.100000,-61.832622,206324.615709,177.895203,204397.606922,58.125750,205411.304739,96.416342,652.260555,-24.173049,654.493186,-144.019647,652.419062,59.969385,-0.006162,1,0
27.133000,-61.929417,204743.793903,178.182250,206574.191602,57.835712,207013.855345,96.057236,652.578266,-23.748885,648.007156,-144.164061,652.998372,59.980503,-0.012538,1,0
27.167000,-61.916329,204820.788625,178.230628,205768.282710,58.341425,204423.701732,96.311493,646.974192,-23.739231,653.564330,-143.965115,658.941953,59.960761,-0.001112,1,0
27.200000,-61.867677,204316.510693,178.042566,204985.676651,58.034498,205188.649284,96.207872,652.767185,-24.167522,651.191828,-144.030688,654.265706,59.974456,-0.001663,1,0
27.233000,-61.915764,204539.227889,178.008361,206143.997687,58.012476,205542.135744,96.076056,648.295081,-24.138530,656.631168,-143.871654,659.021193,59.971876,-0.000025,1,0
27.267000,-62.096537,205596.806328,178.126894,204758.935878,58.137384,205715.541643,95.916486,649.362129,-23.790845,649.441457,-144.012057,652.994940,59.971852,-0.001131,1,0
27.300000,-61.981520,203579.528455,178.031481,205259.739523,57.906710,203403.982990,96.203329,654.955592,-23.885489,656.007062,-144.207827,659.164967,59.964212,0.003665,1,0
27.333000,-61.792080,205754.876128,178.022384,203218.085979,58.239652,205536.755265,96.054187,653.763842,-23.837551,652.361140,-143.880019,658.398259,59.966914,-0.021992,1,0
27.367000,-61.775877,203842.996671,178.053435,206594.306305,57.979653,205261.845520,96.294257,649.393887,-23.928270,649.167741,-144.044469,657.612062,59.971955,-0.014349,1,0
27.400000,-61.847663,205509.063401,178.201743,203993.942751,58.011506,205748.475152,96.494931,653.330987,-23.990899,658.475755,-143.923494,654.461460,59.965011,0.011790,1,0
27.433000,-61.875991,203376.048839,178.236370,205083.434630,58.086350,205503.546124,96.171284,658.133257,-23.876068,658.159088,-144.172634,658.530661,59.965496,-0.011035,1,0
27.467000,-61.744914,203731.584545,178.129944,205839.886173,58.348366,206578.973975,96.242645,656.247866,-23.795574,653.654788,-143.486704,648.460117,59.961894,-0.003501,1,0
27.500000,-61.935257,203835.125075,178.153191,204795.007011,58.155812,204116.103180,96.236953,653.549665,-23.841716,646.266197,-143.749494,655.521148,59.965428,0.001724,1,0
27.533000,-61.941386,203940.373281,178.042980,205185.421908,58.013019,205507.243483,95.987169,663.461286,-24.134673,653.637153,-144.096287,654.162986,59.964787,-0.003192,1,0
27.567000,-61.996138,205142.090870,178.297631,203733.931778,58.188999,205039.275872,95.941742,657.343250,-23.834198,652.130484,-143.648502,654.874380,59.966335,-0.006658,1,0
27.600000,-61.825558,206733.404715,178.084236,203196.017900,58.202161,204250.877518,95.986691,664.979464,-23.858424,654.582871,-144.062659,659.276698,59.967846,-0.003407,1,0
27.633000,-61.929113,204099.192420,178.109404,207254.738791,57.928318,203906.132635,95.968806,661.054848,-23.731418,654.761547,-143.894332,664.975072,59.966356,-0.003653,1,0
27.667000,-61.863208,205076.174597,178.072024,203617.277703,58.154347,204703.586870,96.226224,657.281604,-24.025816,661.282337,-144.212627,661.299287,59.960211,-0.011436,1,0
27.700000,-61.842783,206338.058527,178.237863,204426.521682,57.981976,204882.228619,96.367051,666.901854,-23.458324,664.981841,-143.977167,669.657091,59.968896,0.002515,1,0
27.733000,-61.748087,204833.606133,178.168099,204712.392997,58.216137,205789.518422,96.438897,664.082065,-23.873303,664.464902,-143.928634,665.547208,59.971893,0.006711,1,0
27.767000,-61.860444,205745.936457,178.071454,205574.494737,58.167949,205891.945530,96.076808,663.285679,-24.020117,671.611180,-144.017840,659.936316,59.962027,-0.007517,1,0
27.800000,-61.818728,204567.265412,178.136799,204299.403573,58.134826,205564.604468,96.630327,659.507737,-24.261355,662.369098,-144.053246,663.573110,59.969253,-0.003990,1,0
27.833000,-61.817392,204589.801746,178.196728,205593.582067,58.082460,204904.023793,96.111337,666.097024,-23.809431,665.799115,-143.919366,664.228842,59.956555,-0.007571,1,0
27.867000,-61.858644,206502.209122,177.958462,203793.834317,58.013978,206075.584844,96.127699,658.878563,-24.086192,658.654046,-144.100095,657.109622,59.962555,-0.010721,1,0
27.900000,-61.856141,206109.495058,178.109270,205152.448390,58.076676,205226.669693,95.962543,664.440099,-23.965928,661.497170,-144.012261,658.773916,59.963023,0.008023,1,0
27.933000,-61.935239,206094.964125,177.986505,204116.117702,58.092953,205599.094941,96.099847,655.530073,-24.143699,661.288558,-143.893099,660.220381,59.952624,0.002782,1,0
27.967000,-61.830429,205926.142321,178.103737,205783.596086,57.901306,204097.952659,96.181005,661.182183,-23.747751,668.491869,-143.964228,658.922624,59.958992,0.004751,1,0
28.000000,-61.959763,204585.427667,178.000813,205077.089455,57.959554,204619.313942,95.948927,657.288610,-24.107634,661.164971,-144.261604,666.427050,59.956394,-0.002531,1,0
28.033000,-61.852691,204630.067112,178.147774,205095.388654,58.191415,206278.601622,96.077987,660.385633,-23.704427,662.394453,-143.854429,661.936501,59.951781,0.006656,1,0
28.067000,-61.890563,203925.221386,178.246619,206106.835085,58.277269,205372.883820,96.245006,663.536523,-23.633582,658.678589,-143.785885,660.351700,59.947404,-0.014230,1,0
28.100000,-61.896398,204735.033336,178.025097,202821.742552,58.085964,205662.669521,96.033472,658.915274,-24.045186,653.435939,-143.756779,654.582716,59.958838,-0.002456,1,0
28.133000,-61.724764,205169.598716,177.947963,205032.270048,58.173765,205380.996226,96.301227,659.812290,-24.511096,659.015873,-144.131790,653.969642,59.950662,-0.000471,1,0
28.167000,-62.047096,206668.816571,178.369016,204788.176574,58.079255,204918.121295,95.973333,654.858829,-23.624557,655.273507,-143.960687,661.354671,59.958895,0.002558,1,0
28.200000,-61.990700,204195.439829,178.271974,205624.805522,58.177968,205640.039316,96.103347,656.494496,-23.736396,662.161714,-143.695128,655.840959,59.956029,-0.006286,1,0
28.233000,-61.699199,206300.113097,178.041129,203867.633715,58.281365,205486.108612,96.133717,658.137123,-23.914308,661.284497,-143.965314,658.147802,59.953687,-0.013186,1,0
28.267000,-61.848830,206373.728712,178.334178,204295.782904,58.203756,205812.460299,95.957237,652.833650,-23.409259,656.614862,-143.996242,656.400725,59.949602,0.007857,1,0
28.300000,-61.814784,204437.785585,178.197962,203900.164903,58.164611,207470.869987,96.356865,656.230007,-23.930650,663.506669,-143.985265,655.849450,59.945162,-0.006310,1,0
28.333000,-61.737084,207240.481604,178.289927,204242.109685,58.313629,205894.127514,96.021032,658.736574,-23.465153,652.250106,-143.703111,647.253307,59.950400,-0.004687,1,0
28.367000,-61.695953,205674.360457,178.366650,206652.145665,58.148364,205145.440472,96.162620,655.926320,-23.476814,657.267889,-143.952185,660.926220,59.960296,-0.001972,1,0
28.400000,-61.961317,206789.376003,178.213862,205606.377052,58.121740,207417.096593,95.800282,652.159841,-23.688987,655.076861,-143.710017,653.099639,59.947536,-0.000411,1,0
28.433000,-61.644265,205329.074627,178.327803,205904.338698,58.187602,207467.507985,96.509075,659.710253,-23.786842,660.811128,-143.873370,661.577632,59.952389,0.008951,1,0
28.467000,-61.710216,207414.898613,178.273798,206557.338632,58.270063,206853.379806,95.844754,654.837434,-23.737038,659.595283,-143.709287,658.849855,59.946544,-0.012008,1,0
28.500000,-61.484412,205230.303548,178.234582,205690.920389,58.219670,206259.366380,96.612517,653.219613,-23.764314,651.759035,-144.009155,656.202221,59.950329,0.006724,1,0
28.533000,-61.752661,206976.860105,178.249085,206151.290725,58.429650,205666.075974,95.903435,655.184866,-23.843981,654.388846,-143.619526,665.194649,59.944344,-0.007971,1,0
28.567000,-61.721312,206492.037138,178.335737,206705.698527,58.262762,204825.094534,96.142120,657.783472,-23.959836,655.137569,-143.455904,659.549315,59.952670,-0.000442,1,0
28.600000,-61.654710,205925.252688,178.231379,208529.367410,58.339482,204921.145409,96.656892,656.805987,-23.713620,651.781967,-143.688338,660.372161,59.952391,-0.005637,1,0
28.633000,-61.761759,208057.847413,178.160583,204049.960987,58.258878,206480.223469,96.243152,658.803992,-23.623883,658.835012,-143.648814,653.140285,59.950183,-0.001052,1,0
28.667000,-61.635478,206610.685971,178.182385,205361.429081,58.390360,204904.275951,96.410244,664.079844,-23.884108,657.543775,-143.703008,657.155873,59.945414,-0.010176,1,0
28.700000,-61.771713,204442.717051,178.227201,205308.843438,58.280369,204056.522198,95.967164,663.469830,-24.013025,656.624163,-143.706451,659.920916,59.949009,0.000439,1,0
28.733000,-61.897989,204900.205920,178.168086,204787.236805,58.279288,206295.545422,95.979349,654.468241,-23.629522,656.707108,-143.683711,664.153143,59.946598,0.002145,1,0
28.767000,-61.835981,206543.994534,178.195755,205927.781998,58.396872,205857.457774,96.031388,662.938491,-23.620260,670.224601,-143.553274,661.318665,59.949877,0.004743,1,0
28.800000,-61.837916,205785.733037,178.220457,207877.371639,58.186504,208037.066864,96.012752,662.081609,-23.946573,660.151653,-143.874040,657.403267,59.944111,0.001780,1,0
28.833000,-61.755381,206200.622228,178.445683,207448.769093,58.112360,205458.847913,96.486950,669.214467,-23.686974,661.885929,-143.846190,660.789151,59.945885,0.000817,1,0
28.867000,-61.976711,206342.431782,178.194652,205754.480091,58.062434,207201.899054,96.166887,658.227304,-23.689450,661.147812,-143.854786,660.488504,59.945860,-0.017736,1,0
28.900000,-61.904305,207350.423253,178.235857,206090.237150,58.264142,207170.792704,95.996730,659.903379,-23.701171,667.703197,-143.846326,657.705235,59.935113,0.013463,1,0
28.933000,-61.945176,206786.057362,178.197628,206329.495782,58.199472,205726.593559,96.227070,659.169909,-23.631894,653.897432,-144.004551,662.029123,59.948014,0.000149,1,0
28.967000,-61.732771,205023.220840,178.170558,207115.712186,58.251961,207779.031577,96.243227,658.935639,-23.831814,657.610586,-143.701016,656.756015,59.943297,0.002807,1,0
29.000000,-61.831624,207006.754443,178.178808,204970.751315,58.149171,206793.101749,96.317622,664.432334,-23.818086,658.512974,-143.596724,658.989458,59.949037,-0.008836,1,0
29.033000,-61.667630,205622.396961,178.314612,206487.188849,58.266709,207958.709127,96.365467,665.892803,-23.692472,663.187910,-143.748117,666.691784,59.951531,-0.005806,1,0
29.067000,-61.646186,206507.833290,178.175550,206736.533401,58.195125,205273.952072,96.446786,665.562132,-23.777402,658.215571,-143.534801,662.277444,59.935867,0.001980,1,0
29.100000,-61.901510,206028.466762,178.192958,205371.549231,58.239730,206566.761060,95.714004,660.924979,-23.705338,661.338933,-143.620381,665.478102,59.945656,0.002424,1,0
29.133000,-61.772682,205385.490996,178.280210,206386.694741,58.162101,204708.496667,95.892040,663.166595,-23.875727,666.793011,-143.763558,666.386216,59.953089,0.004687,1,0
29.167000,-61.678386,205753.451340,178.324681,207734.868912,58.162867,206000.835593,96.358612,664.279238,-23.993039,667.164329,-143.899679,666.629096,59.947733,0.001586,1,0
29.200000,-61.792610,205206.696472,178.377593,205025.772817,58.223671,206146.031312,96.289618,663.009020,-23.723039,663.233952,-143.427096,662.737758,59.947446,0.001373,1,0
29.233000,-61.684945,205711.582475,178.220246,206648.045981,58.360558,206189.314451,96.261772,661.613271,-24.030675,663.754521,-143.838501,664.881286,59.944643,-0.005120,1,0
29.267000,-61.744768,206662.878495,178.146453,205218.602779,58.169024,205270.038604,96.473345,668.540799,-23.545267,670.697092,-143.963677,655.026646,59.937764,-0.002350,1,0
29.300000,-61.763259,205634.795504,178.376388,207155.177829,58.428098,206836.811786,96.126429,663.902777,-23.654645,660.840557,-143.704936,665.824885,59.937086,-0.004309,1,0
29.333000,-61.857424,204215.661841,178.358811,205005.487959,58.202199,205442.148385,96.058944,664.159461,-23.755387,666.893897,-143.815860,660.447991,59.939354,0.000656,1,0
29.367000,-61.683157,204247.245614,178.315945,205269.472770,58.410841,207290.757071,96.509021,660.004370,-23.513567,656.246290,-143.563429,658.220796,59.947530,-0.002438,1,0
29.400000,-61.917823,205696.470419,178.437031,204526.535664,58.348614,206357.390133,96.266264,655.709560,-23.617990,661.052070,-143.776320,661.870790,59.941128,0.001444,1,0
29.433000,-61.851101,206491.113656,178.230217,205507.397656,58.191053,207301.711630,96.289509,662.998910,-23.755053,654.773074,-143.553766,658.720367,59.941521,0.002523,1,0
29.467000,-61.658825,207948.704916,178.104315,205717.916857,58.066603,206035.361891,96.348745,658.533233,-24.050857,662.439354,-143.753150,654.596945,59.945169,0.000189,1,0
29.500000,-61.674712,205917.158418,178.111550,206236.864911,58.174014,205152.994974,96.289877,650.936483,-23.842566,650.870507,-143.480580,654.955779,59.946538,-0.007881,1,0
29.533000,-61.815715,206219.058760,178.282390,204396.156569,58.205125,204512.583742,96.248534,662.261663,-23.182439,662.476586,-143.441173,660.843242,59.947764,-0.004616,1,0
29.567000,-61.859985,206290.213892,178.149518,205752.256078,58.153065,207193.197005,96.249201,661.969265,-23.799544,660.164911,-143.726483,659.994960,59.951843,0.002805,1,0
29.600000,-61.774275,205312.163391,178.188426,206374.286839,58.137677,205016.377669,96.164460,660.671238,-23.735597,655.500028,-143.821403,660.562087,59.944819,-0.000635,1,0
29.633000,-61.777671,204765.224455,178.250937,205382.494993,58.185371,205536.938231,96.477604,659.783195,-23.670208,664.389254,-143.766276,654.226964,59.954747,-0.000301,1,0
29.667000,-61.840242,206550.490855,178.337016,204097.053945,58.274399,206761.867808,96.216905,650.535075,-23.264010,652.743921,-143.728675,661.657015,59.952928,0.000111,1,0
29.700000,-61.679607,206201.316911,178.422434,204241.281276,58.334039,205460.386658,96.632604,657.933162,-23.619904,655.231363,-143.738016,657.620242,59.943161,-0.004995,1,0
29.733000,-61.743038,205962.908048,178.365992,204528.256347,58.528197,207851.429772,96.109421,653.572500,-23.568478,655.355084,-143.265754,659.042512,59.955871,-0.005638,1,0
29.767000,-61.686873,206363.568215,178.377633,207144.714437,58.382131,204553.777594,96.183911,657.514873,-23.884175,655.393501,-143.597048,655.009184,59.943664,0.003575,1,0
29.800000,-61.811412,205116.170659,178.192524,205841.573753,58.390448,205312.399431,95.852641,651.252307,-23.816065,656.699971,-143.739899,651.667450,59.939044,0.002070,1,0
29.833000,-61.666028,205594.486410,178.347575,205353.999453,58.155849,205877.561664,95.956001,658.446892,-23.667853,663.937491,-144.185398,659.124744,59.940626,0.003945,1,0
29.867000,-62.001878,205774.562808,178.175174,205246.924895,58.366756,205039.277673,96.271301,662.008178,-23.820656,655.545098,-144.007377,656.648027,59.948579,0.000807,1,0
29.900000,-61.818977,204379.987953,178.322072,205257.982057,58.417415,204648.316662,95.882564,652.888958,-23.518621,657.407433,-143.543810,665.744806,59.950643,-0.012926,1,0
29.933000,-61.709022,205057.217210,178.099942,206348.825303,58.149412,204428.224553,96.162648,653.110751,-23.770446,658.418947,-144.047349,659.095680,59.941396,0.002634,1,0
29.967000,-61.625660,206246.253127,178.315557,205685.477303,58.180109,205328.121483,96.399513,650.988998,-23.616591,654.160355,-143.945220,658.661748,59.944313,0.003373,1,0
30.000000,-61.584574,204820.954433,178.361064,204490.946920,58.351698,206169.871491,96.089395,649.851272,-23.728839,654.447255,-143.511989,651.045110,59.948903,-0.005402,1,0
