TIMESTAMP,BUS20_VA_ANG,BUS20_VA_MAG,BUS20_VB_ANG,BUS20_VB_MAG,BUS20_VC_ANG,BUS20_VC_MAG,BUS20_IA_ANG,BUS20_IA_MAG,BUS20_IB_ANG,BUS20_IB_MAG,BUS20_IC_ANG,BUS20_IC_MAG,BUS20_Freq,BUS20_ROCOF,DATA_PRESENT,Event
0.000000,-57.068982,200966.091024,-176.915779,200317.603146,62.937934,200451.207805,101.126936,655.504653,-19.200908,651.082898,-139.048027,664.189217,59.972209,0.010226,1,0
0.033000,-57.066324,201753.270713,-177.126180,202843.116781,63.100246,200695.924455,100.891490,664.071933,-19.117699,660.619348,-138.958017,658.570235,59.977146,0.007061,1,0
0.067000,-56.997210,203744.786939,-176.834928,202109.775298,63.220914,202230.989821,101.064116,666.074912,-18.571809,661.537899,-139.061423,652.080776,59.965682,0.003171,1,0
0.100000,-57.067152,201717.588916,-176.913382,199331.140108,63.089901,202820.963877,101.037685,658.482420,-18.841098,659.001274,-138.971451,662.587587,59.971552,0.000657,1,0
0.133000,-56.959899,201718.766821,-176.934573,203613.402859,63.112533,202966.496534,100.640836,662.355312,-19.026626,662.366081,-138.912845,664.415735,59.967060,0.002561,1,0
0.167000,-57.016881,201693.316269,-177.040204,203245.615291,63.008550,200680.867724,101.102178,662.551970,-19.095706,657.107004,-139.003219,660.251523,59.966950,0.003533,1,0
0.200000,-56.867839,200622.877520,-176.881631,201270.969349,62.961956,202080.821067,100.942622,665.945482,-18.698101,668.698821,-139.148604,664.165293,59.968119,-0.007548,1,0
0.233000,-56.953762,200724.968552,-177.102207,201943.449614,63.066893,201963.320798,100.706752,662.571311,-19.055898,658.989940,-138.974988,655.160255,59.957531,0.002887,1,0
0.267000,-56.938416,200935.352757,-176.690037,202001.018733,62.896705,203027.666667,101.052563,662.910697,-18.770623,667.813924,-139.041483,658.065472,59.961443,-0.002057,1,0
0.300000,-57.076359,201590.974823,-177.138183,202959.504452,62.901540,202523.135779,100.904861,657.960560,-19.046599,658.432333,-139.094362,656.297976,59.965205,-0.003644,1,0
0.333000,-57.101678,202763.680933,-177.087719,201645.206979,63.001651,201987.482554,101.052358,663.988979,-19.085410,655.311101,-138.996746,660.564009,59.965472,0.001819,1,0
0.367000,-56.922314,202982.994710,-177.044123,202276.693880,62.867694,201845.405291,101.307368,660.977469,-19.149403,661.155705,-138.968322,667.244165,59.954625,-0.004371,1,0
0.400000,-57.172876,202213.295057,-177.089992,202412.565663,62.752851,202868.314031,101.004345,658.609081,-19.044371,660.495408,-139.306558,659.311132,59.958531,0.003728,1,0
0.433000,-57.009362,203715.616136,-177.062322,200673.425404,63.144685,200822.698360,100.877036,664.089535,-18.924913,677.510833,-139.145838,662.918939,59.959515,-0.008718,1,0
0.467000,-57.097512,203154.003262,-177.159804,203067.347529,63.007735,201831.815445,101.079573,663.630919,-19.055966,662.175736,-139.013024,658.677637,59.962912,0.006064,1,0
0.500000,-57.005823,204165.972095,-177.065304,202095.102312,62.887352,202496.105237,101.123473,665.221079,-18.855624,668.784042,-139.455115,663.098611,59.965790,0.008707,1,0
0.533000,-57.205028,202134.740596,-177.126820,204782.396671,62.913303,203778.275413,100.950143,667.110933,-19.056125,665.807965,-139.097689,665.783598,59.964161,0.011013,1,0
0.567000,-57.048145,202618.982960,-176.950714,201770.751372,62.837405,202237.528603,101.082157,659.346161,-19.090637,661.852990,-139.405245,665.248043,59.962443,0.004178,1,0
0.600000,-56.978493,203023.993124,-177.078094,203856.953873,63.006500,200614.443857,100.988211,662.504994,-19.133453,659.739571,-139.101736,667.562520,59.967453,-0.005962,1,0
0.633000,-57.206179,202612.316633,-176.988121,203128.176940,62.977550,201160.873002,100.423305,659.942945,-18.965277,663.949940,-138.815280,661.685309,59.957951,-0.005377,1,0
0.667000,-57.169059,202116.049724,-177.019623,200874.036782,62.882219,203097.828559,100.890625,659.813687,-19.099879,662.266002,-139.357734,658.358351,59.956123,0.004120,1,0
0.700000,-57.099083,202421.686249,-176.906247,203767.702536,63.149399,202401.874462,101.016642,667.689349,-18.678989,659.868000,-138.456076,664.181404,59.953992,-0.001227,1,0
0.733000,-57.030128,202416.230658,-177.114440,202120.903345,62.811893,204557.647360,100.916003,662.921589,-19.075305,656.037384,-139.350800,662.822083,59.964731,-0.003402,1,0
0.767000,-57.165465,204618.267872,-176.963399,201936.642559,62.943247,203075.455867,100.844995,657.425637,-19.160340,661.330942,-138.925708,661.785791,59.967634,0.000646,1,0
0.800000,-57.035915,202424.720113,-177.025148,202226.687009,62.854812,202789.180455,101.066516,661.678598,-19.437933,659.429078,-139.086274,655.627652,59.951890,0.004557,1,0
0.833000,-56.983321,202549.067414,-177.068365,201413.892121,62.961797,201377.226083,100.757926,661.478348,-18.968128,662.069814,-138.945251,659.705339,59.955773,-0.009303,1,0
0.867000,-57.254571,202708.774583,-177.001884,204074.058270,62.911599,201980.722300,100.776776,659.807537,-18.946592,662.486228,-138.939568,666.702332,59.953476,-0.002186,1,0
0.900000,-56.934799,202989.323920,-177.082725,201545.407339,62.971578,201942.094394,100.774487,664.116803,-18.835958,659.971584,-138.968475,653.629032,59.950653,-0.007863,1,0
0.933000,-56.903876,202582.338344,-176.928613,202708.949927,62.909249,204139.949018,101.197108,652.303857,-18.804005,659.162349,-139.160590,660.350630,59.958617,0.016848,1,0
0.967000,-57.188522,202727.357927,-177.123677,203029.466217,63.030249,201331.601330,100.533157,658.303865,-19.339419,663.649692,-139.026615,660.324229,59.959003,-0.002603,1,0
1.000000,-57.022906,203123.865723,-177.043502,202737.773490,62.854036,202773.765723,101.267496,655.393485,-18.908042,655.660803,-138.771728,652.944493,59.962111,0.003213,1,0
1.033000,-57.087713,201141.891592,-177.122555,201263.678535,62.984807,202039.317512,100.915824,656.980361,-19.147559,656.316964,-138.912436,650.417080,59.953756,0.000895,1,0
1.067000,-56.973453,203417.812122,-177.061020,202631.873355,62.899604,203132.477117,101.365710,662.030798,-18.531941,656.440580,-139.428429,658.165489,59.953797,-0.007666,1,0
1.100000,-56.988449,203870.491482,-176.915079,202134.510618,62.921768,201489.333028,101.160581,651.146998,-19.032878,659.329655,-139.199516,655.380659,59.954687,0.002403,1,0
1.133000,-56.847903,201938.275015,-176.914274,202150.095417,63.122569,202323.617988,101.095290,658.216224,-18.948310,661.312148,-138.916967,663.267717,59.952787,-0.008094,1,0
1.167000,-56.958385,203643.216916,-176.920177,201264.921719,62.912589,200502.170101,101.415979,652.529126,-18.982107,666.181742,-139.006566,660.797884,59.950103,-0.007444,1,0
1.200000,-56.941352,202236.108016,-177.029772,202139.762430,63.069327,202894.530847,101.179681,657.876456,-19.531138,659.913394,-138.766285,658.510192,59.957666,-0.000524,1,0
1.233000,-57.127907,200974.259310,-176.877130,204490.377924,63.112769,201641.104276,101.128972,662.458521,-18.775828,655.300994,-138.553947,658.800616,59.959067,0.004244,1,0
1.267000,-56.948221,201600.807227,-176.892292,202081.141641,63.049601,203038.084996,101.313786,655.545948,-19.190365,660.431703,-139.420601,656.722412,59.948192,0.007182,1,0
1.300000,-56.975475,202464.745860,-176.906259,202997.256473,62.856910,201795.600887,100.673995,659.083621,-18.797181,658.935821,-139.551687,660.282741,59.958020,0.004671,1,0
1.333000,-57.006194,202433.903563,-176.861662,203433.172517,63.135227,202083.275680,100.913158,656.705761,-18.918772,654.667012,-138.987914,661.434872,59.951851,-0.004226,1,0
1.367000,-56.798845,202553.304903,-176.886280,203072.910127,63.206282,203191.299191,101.382172,662.265029,-19.137029,657.265962,-138.903995,658.406673,59.950727,-0.001005,1,0
1.400000,-56.837918,203146.625682,-177.061629,202258.702568,62.936778,202001.677469,101.330791,658.837733,-18.964452,658.195368,-138.734415,664.782560,59.955743,0.001288,1,0
1.433000,-57.060074,200872.260519,-176.999164,203424.766374,62.874727,201839.034453,100.972784,657.055344,-18.631437,658.758261,-139.561945,664.729533,59.950129,0.003723,1,0
1.467000,-56.891807,203321.816754,-176.912311,202730.956207,63.097157,201369.561314,101.032665,654.950319,-18.656976,660.122159,-139.028123,659.809402,59.948939,-0.004250,1,0
1.500000,-56.960568,201463.480180,-176.911136,201694.315777,62.848072,201308.795899,100.973701,653.196609,-18.967978,653.536528,-139.231449,658.938907,59.954905,-0.002484,1,0
1.533000,-57.102022,201223.697565,-177.040187,201838.536813,63.073004,204236.250486,100.581443,658.201535,-18.729327,658.187938,-138.973721,658.179552,59.944098,-0.001586,1,0
1.567000,-57.000994,204145.702112,-177.079943,201712.809943,63.013650,200772.871853,101.244385,661.173375,-19.097729,656.777651,-139.271441,651.560368,59.953667,-0.003406,1,0
1.600000,-57.126477,200643.288091,-177.018593,201620.363346,62.919412,202518.483949,100.984628,659.352247,-19.029202,657.268178,-138.789761,660.680311,59.961531,0.010703,1,0
1.633000,-56.941233,201715.013558,-176.837750,202579.375530,62.987923,202525.747104,101.011506,659.992483,-18.570884,659.887125,-139.154943,660.661793,59.954392,-0.011539,1,0
1.667000,-57.005196,202078.309553,-177.100283,201247.594397,63.004685,201304.690459,101.043700,651.236261,-19.111929,654.057011,-138.738118,655.459424,59.956745,-0.007065,1,0
1.700000,-57.067258,202449.679620,-176.872292,200952.510288,63.055075,201660.774151,100.813506,660.860631,-18.797064,662.301190,-139.392361,661.836709,59.960827,0.009939,1,0
1.733000,-57.048908,202291.715515,-177.204655,202819.128791,62.904972,202601.163878,100.770936,655.891310,-19.385438,663.362811,-139.077688,660.824237,59.962906,0.001480,1,0
1.767000,-57.201990,204201.756382,-177.140744,201834.901360,62.862471,203485.788351,100.793850,665.022769,-19.236439,660.809026,-139.018544,652.576178,59.965040,-0.015564,1,0
1.800000,-56.972120,202487.479526,-176.936632,200913.189925,62.966627,201540.862493,100.735142,658.066637,-18.958881,658.113800,-138.860286,657.531717,59.956190,0.003075,1,0
1.833000,-57.013953,201757.470572,-176.969415,203054.491099,63.049384,202678.847784,101.314153,658.506463,-18.623666,665.015126,-138.885743,658.471541,59.956265,-0.005955,1,0
1.867000,-57.126529,203840.874186,-176.910664,201720.535521,62.869431,200823.914798,100.527565,661.417463,-18.822360,659.777701,-139.304898,664.098529,59.957051,-0.005710,1,0
1.900000,-56.747950,201376.411183,-176.999266,204000.639048,63.063181,203400.435000,100.981192,654.943778,-18.835862,653.976155,-138.905754,653.763493,59.962221,-0.002079,1,0
1.933000,-57.107554,202007.370216,-176.957402,204123.659761,63.127897,202765.225692,101.072160,661.006970,-18.722013,664.761065,-138.646581,658.250502,59.961638,-0.015695,1,0
1.967000,-57.106214,201488.383672,-176.948207,202022.357713,62.872591,200562.546939,101.035378,659.301472,-18.813015,663.752936,-138.789184,655.481782,59.967461,0.002124,1,0
2.000000,-57.045634,201607.839103,-177.005905,202923.505502,63.101767,201762.812292,100.888836,663.339536,-18.964266,663.175069,-139.042031,658.195611,59.956584,0.005905,1,0
2.033000,-57.020978,202608.660909,-176.910089,200788.930813,62.975245,203106.056476,101.016844,666.698641,-19.269395,667.222959,-139.183958,658.699997,59.964466,0.002924,1,0
2.067000,-57.066187,202595.753573,-177.013124,202125.252296,62.894736,202990.952729,101.274788,661.787774,-19.338306,652.827383,-139.342402,658.754443,59.965196,-0.012181,1,0
2.100000,-57.030552,202279.378456,-177.030916,202820.079831,62.860453,203388.171267,100.929164,662.637361,-19.176898,660.885030,-138.919250,661.181919,59.959682,0.006640,1,0
2.133000,-57.131852,202374.781514,-177.049373,200954.526099,62.870604,202163.751034,100.743213,656.506675,-19.064705,652.250316,-139.077213,660.859324,59.964722,-0.004521,1,0
2.167000,-57.029817,202740.735660,-177.033221,202626.191041,62.874564,200351.678868,101.142662,654.898934,-18.924978,659.161061,-139.339885,659.066984,59.965298,0.005507,1,0
2.200000,-57.066915,202013.277257,-176.973658,201434.185186,63.201559,201681.453253,101.151487,657.958155,-18.878746,654.744446,-138.768125,653.821269,59.964729,-0.015068,1,0
2.233000,-57.015295,203297.877354,-177.007971,203542.894584,63.001301,203543.600435,101.163991,660.484383,-18.904852,657.890108,-138.834075,652.691969,59.954338,0.005962,1,0
2.267000,-57.060635,200637.674052,-176.898265,202385.395008,63.134654,202107.069045,101.232089,661.021857,-19.140718,659.196139,-138.781544,659.239078,59.958732,0.011890,1,0
2.300000,-57.043422,201487.351233,-177.012210,203608.068229,62.998085,201513.360341,100.929831,662.211892,-19.061426,664.281343,-139.043932,654.977087,59.962034,-0.007825,1,0
2.333000,-57.156813,201519.107020,-176.994267,202905.370706,63.061917,203210.992333,100.854950,651.528121,-18.880987,657.309825,-139.100670,655.320783,59.962445,0.004875,1,0
2.367000,-57.084944,203583.446246,-177.047735,201120.607438,63.077437,202765.838596,101.010211,659.607226,-19.098835,669.046938,-138.946495,656.768776,59.958655,-0.008986,1,0
2.400000,-57.040369,203121.039206,-176.841014,202059.614585,63.029788,203768.091750,101.053489,656.719930,-18.681970,655.910000,-139.268760,653.017852,59.965178,0.003431,1,0
2.433000,-56.770454,202536.430904,-176.990756,202480.351139,62.896973,200517.255259,101.070436,666.572427,-18.850744,658.052556,-139.028608,661.737240,59.967384,0.003468,1,0
2.467000,-56.886569,204397.105422,-177.021186,203462.914439,63.081709,202639.514170,101.196852,666.054221,-19.050470,655.059315,-138.974985,662.471100,59.958750,0.008776,1,0
2.500000,-57.162662,201945.737512,-177.191696,202716.467899,63.111035,204310.788582,100.600922,658.473302,-19.313151,662.554826,-139.004477,661.305058,59.964166,0.001500,1,0
2.533000,-56.914225,199701.008308,-176.937494,203462.847427,62.966199,202387.104901,101.077738,658.482905,-18.784666,663.954707,-138.901541,658.162893,59.963199,-0.007568,1,0
2.567000,-56.697935,202361.368578,-176.869261,202288.691410,63.114061,202255.811799,101.260241,668.893516,-19.089698,659.714841,-138.756388,665.319241,59.958078,0.002069,1,0
2.600000,-57.130923,201507.268702,-177.029724,204932.776782,63.150060,201734.088160,100.857019,661.094493,-19.302765,664.308393,-138.903158,661.031988,59.959630,-0.000156,1,0
2.633000,-56.982415,204065.150106,-177.037601,202743.459722,63.026925,203079.232847,101.408300,667.072122,-19.111488,660.360016,-138.986494,665.510495,59.949919,0.006739,1,0
2.667000,-57.094548,201290.021682,-176.794231,203028.353705,63.014161,201317.918351,100.982390,660.475294,-18.690321,660.361872,-139.006633,662.961133,59.963530,-0.005472,1,0
2.700000,-56.956576,203332.921133,-176.845361,200679.531839,63.027100,202872.106711,101.059934,657.890977,-18.772869,655.417092,-138.985269,663.031109,59.947309,-0.001421,1,0
2.733000,-57.046807,202872.385340,-177.004357,203113.632469,63.104317,201307.209564,100.861079,658.986431,-18.989283,655.953988,-138.814047,666.207816,59.948964,0.003392,1,0
2.767000,-57.053184,202384.260128,-177.083225,203146.190099,63.110009,203706.908135,101.104380,654.969432,-19.215412,659.603804,-138.810255,658.651747,59.953266,-0.000907,1,0
2.800000,-57.025272,202926.819037,-177.113527,203287.860526,63.094290,200562.674928,101.175067,657.235961,-18.987806,655.927386,-138.858672,659.590651,59.954461,-0.008152,1,0
2.833000,-57.035962,202926.434574,-177.104720,203147.590660,63.073757,203676.893148,100.875843,658.210479,-19.199293,657.013079,-138.953181,651.536034,59.960986,0.002425,1,0
2.867000,-56.948489,204694.299911,-176.950870,202698.302882,63.044153,202951.896258,101.227193,656.022262,-18.711697,659.405402,-138.821228,663.225143,59.955205,-0.007860,1,0
2.900000,-56.977123,203076.757100,-176.896590,203690.758607,63.126339,202820.505577,100.866864,650.993192,-18.970493,655.994167,-138.663042,653.228006,59.948550,0.000788,1,0
2.933000,-56.847757,203554.409681,-177.004809,202420.639805,62.945574,203351.659372,100.705585,657.276133,-19.186133,650.769259,-138.853452,660.373495,59.954030,-0.001044,1,0
2.967000,-57.016237,201858.864624,-176.955568,202686.130531,63.118501,202118.732450,100.599045,661.871808,-18.953945,655.426336,-138.878474,654.103705,59.952784,-0.007556,1,0
3.000000,-56.986860,204785.736864,-176.936614,202612.432385,63.286773,202517.336104,100.891892,660.557222,-19.070945,661.063587,-138.707641,657.250954,59.947363,0.004134,1,0
3.033000,-57.159574,202544.024394,-176.832394,201476.625063,62.993176,202884.313823,100.516636,658.166403,-18.943579,663.979554,-139.234767,653.836226,59.952253,0.010345,1,0
3.067000,-57.048119,202467.988639,-177.005408,203625.393459,63.012931,204618.038428,100.665912,663.526994,-18.820335,665.892109,-138.957081,662.666333,59.952289,0.010871,1,0
3.100000,-57.114834,201801.929993,-176.956480,203066.039549,62.894068,202434.826950,100.962588,659.621705,-19.062100,661.054726,-139.465261,662.224907,59.952600,0.008020,1,0
3.133000,-57.028526,203803.650638,-176.875914,204233.953436,63.030715,203829.152237,100.954920,654.281021,-19.006017,662.625100,-138.872504,659.584488,59.949276,0.006043,1,0
3.167000,-57.123574,203633.725449,-176.709537,202885.748871,62.961116,200148.804394,101.021881,656.025062,-18.760486,654.588948,-139.405770,659.659371,59.949277,-0.002532,1,0
3.200000,-57.017561,203329.847679,-176.998720,203559.269246,63.018863,201829.169706,101.041011,658.810931,-19.089925,653.121275,-138.911008,656.749361,59.940241,0.009497,1,0
3.233000,-57.046967,202179.107920,-177.040217,203607.054008,63.025568,203690.933430,100.876730,659.032822,-19.448631,660.402964,-139.103240,657.229790,59.941870,0.001145,1,0
3.267000,-56.950498,203659.440214,-176.837142,202794.029856,63.024789,202675.356628,101.174468,656.071905,-18.653985,650.714656,-138.789148,652.721890,59.948202,-0.011258,1,0
3.300000,-56.897802,203964.539921,-177.008319,203372.796940,62.977799,203923.489383,100.987093,658.367252,-19.135507,661.899712,-139.121626,657.278151,59.947546,-0.011388,1,0
3.333000,-56.984432,202356.225550,-176.920811,203218.405545,63.030226,202682.198099,101.059836,651.197941,-18.907913,657.191022,-139.006898,649.445046,59.940314,0.000719,1,0
3.367000,-56.986169,202603.842867,-177.112204,202227.672195,63.127491,202948.968173,100.848171,657.794151,-18.914192,657.120300,-139.257728,656.107446,59.956600,-0.006789,1,0
3.400000,-56.843375,203936.132948,-176.946851,203530.036641,63.163862,204537.196639,100.924685,657.234408,-18.903018,660.234437,-138.685078,651.026561,59.942316,-0.009042,1,0
3.433000,-57.021150,202564.846053,-176.881009,202934.138346,63.002909,204755.920359,101.306973,658.903552,-19.259471,658.582276,-138.947962,656.118833,59.953349,-0.001869,1,0
3.467000,-57.021085,204440.706510,-176.989291,203212.442807,63.045400,203331.687249,100.927281,662.698912,-19.292610,659.303746,-139.039277,655.810022,59.950680,0.002724,1,0
3.500000,-57.164702,202625.214024,-177.124490,202638.570696,62.898209,202597.142238,100.832070,656.730600,-19.042600,657.796075,-138.969014,660.257881,59.947159,-0.009956,1,0
3.533000,-57.149416,202014.067299,-176.918348,203792.928467,62.828190,204328.758680,100.975659,659.427231,-18.600352,653.667409,-139.153670,661.243278,59.952920,0.003288,1,0
3.567000,-57.068133,202648.641330,-177.201263,203217.197891,62.855705,202788.574828,100.883253,661.626519,-19.528086,660.016571,-138.972799,664.028165,59.960439,0.006350,1,0
3.600000,-57.117995,203645.272569,-176.959785,202343.516995,62.848394,204970.299493,100.978362,652.310697,-18.938581,661.702956,-139.348456,654.763311,59.958014,-0.010224,1,0
3.633000,-57.029804,201128.337138,-176.987394,201582.031398,63.128163,204048.140608,100.799257,660.713879,-18.906992,662.118930,-138.975001,656.415548,59.950885,-0.006822,1,0
3.667000,-56.967425,204139.092809,-177.032386,202542.644112,62.841781,203351.746508,100.745218,661.022511,-19.204884,663.142586,-139.236876,663.672656,59.956083,-0.000903,1,0
3.700000,-56.891461,202743.152129,-177.068240,201987.125859,62.906299,201165.205022,101.419186,659.716077,-18.729754,663.460123,-138.913140,664.711875,59.948044,0.016352,1,0
3.733000,-57.033147,204370.541429,-176.985289,203680.858642,62.929318,202815.807436,101.010608,667.668483,-19.233301,659.956489,-139.201906,665.442863,59.953823,-0.005450,1,0
3.767000,-57.122218,203355.253106,-177.090602,204514.563290,63.079135,202113.214627,100.960370,664.290126,-18.897269,660.153946,-138.934809,661.727916,59.956241,-0.006785,1,0
3.800000,-57.110201,202738.008089,-176.980851,206032.452867,63.038238,204689.120318,101.002216,665.955087,-18.929437,656.906008,-138.922685,665.248663,59.956102,0.002864,1,0
3.833000,-57.119234,203414.532288,-177.218074,202829.626809,62.914542,203412.457318,100.829093,661.907048,-19.358630,655.244027,-139.303131,658.352505,59.951280,-0.001523,1,0
3.867000,-57.019462,204521.240418,-177.363013,202226.071072,62.823172,202930.220779,100.944723,663.564885,-19.439658,660.323494,-138.833607,658.472534,59.955084,-0.007439,1,0
3.900000,-57.144616,205020.159133,-177.014546,203825.950571,62.942983,201908.271574,100.787328,660.700478,-18.820564,654.927111,-139.263034,654.801347,59.957391,0.001254,1,0
3.933000,-57.252761,204939.698534,-177.071164,202726.880407,62.776838,203068.685952,100.737430,658.004923,-19.355107,658.669028,-139.586611,657.544312,59.960286,0.001753,1,0
3.967000,-56.987234,203361.563304,-177.039149,203406.278555,63.001943,203113.878358,100.799774,659.670670,-19.187449,657.121884,-139.120640,653.118231,59.953748,0.002058,1,0
4.000000,-56.800126,202725.079077,-177.058684,205064.054985,62.923025,203620.062462,101.332446,657.079828,-18.777303,656.168079,-138.899929,655.753183,59.954448,-0.004724,1,0
4.033000,-57.140678,203415.322725,-177.097228,203641.703532,62.908148,204777.283543,100.917100,656.230295,-19.156648,659.629519,-138.955205,654.777171,59.950332,-0.004684,1,0
4.067000,-57.118507,201569.649349,-177.082128,204791.749311,62.876811,201509.180264,100.906089,662.528931,-19.070414,659.997111,-138.997583,655.126830,59.956249,-0.000010,1,0
4.100000,-57.125501,203484.568290,-177.057261,205127.195780,63.062008,204409.427805,100.686187,654.660680,-18.680558,659.242759,-138.849785,660.616942,59.962211,-0.013338,1,0
4.133000,-57.164265,202374.581669,-176.943883,204277.184280,62.914448,204073.281349,100.778390,652.250446,-18.729157,655.125121,-139.087981,655.038463,59.958258,-0.008929,1,0
4.167000,-57.105982,203372.276956,-176.955664,203784.779695,63.030828,204107.108525,100.758466,661.127648,-19.104984,658.804227,-139.030267,657.295565,59.957928,0.001845,1,0
4.200000,-57.090460,204826.695288,-177.060780,204067.923235,62.836121,203288.841889,100.862658,650.026946,-18.974641,662.354247,-139.204595,657.000717,59.953678,-0.006972,1,0
4.233000,-57.127118,203940.444495,-176.946857,205236.662438,62.945430,205556.998947,100.749614,658.623872,-19.189418,661.516115,-138.962994,653.445064,59.950878,0.004345,1,0
4.267000,-57.149378,204082.374060,-177.030305,202828.654831,62.709148,204147.204752,100.892042,658.811129,-19.473260,656.322089,-139.414673,658.495616,59.949986,-0.009244,1,0
4.300000,-57.059243,203279.742038,-177.073190,201730.700761,62.771789,203449.303632,101.103694,656.446865,-19.366084,659.522980,-138.964890,655.870997,59.941775,0.003855,1,0
4.333000,-57.128723,203171.408541,-177.167024,202931.145678,62.834498,204664.538531,101.035593,654.916762,-19.409597,650.496865,-139.134927,652.782648,59.948081,-0.004795,1,0
4.367000,-56.987390,203046.780791,-177.166017,202056.164985,62.890759,202647.471143,100.704136,650.957251,-19.541862,657.725131,-139.189127,655.223617,59.945742,0.011083,1,0
4.400000,-57.246246,204893.355262,-177.387868,204055.675666,62.822185,202083.450627,100.729487,660.753603,-19.265730,663.740614,-139.207063,650.067516,59.940709,0.005214,1,0
4.433000,-57.099762,203894.895191,-177.187385,202613.271339,62.954743,202507.308453,100.639952,656.999501,-19.141723,655.042627,-139.318575,651.607269,59.939798,-0.004472,1,0
4.467000,-57.257235,203752.588524,-176.889123,202786.714960,62.853879,202447.508640,101.071552,658.235994,-18.921321,652.720791,-139.227633,658.686278,59.944058,-0.013343,1,0
4.500000,-57.075864,203699.510988,-177.128217,204246.323868,62.836559,201297.243340,100.987855,646.480116,-19.337425,663.301328,-139.126537,646.476255,59.947533,0.008941,1,0
4.533000,-56.964160,202827.626167,-177.036871,204729.856027,62.939249,204159.491263,100.885759,648.446876,-19.052245,652.773631,-139.010562,645.159395,59.947616,-0.001356,1,0
4.567000,-56.998330,204018.598787,-176.908770,201568.442116,62.983453,203769.009209,100.973384,651.017888,-18.695986,652.497150,-139.093757,649.891400,59.948586,0.010188,1,0
4.600000,-56.889499,203270.019827,-177.084712,203364.831244,62.967052,203412.641487,100.770553,655.616378,-19.129644,651.899270,-138.866049,649.995409,59.947547,0.005030,1,0
4.633000,-56.977990,202879.905852,-176.868969,204340.820128,62.748973,202820.652347,101.188978,656.742105,-18.695111,657.263659,-139.508354,655.639294,59.951363,0.001938,1,0
4.667000,-56.940640,202595.580373,-177.167856,202988.171426,63.048954,202441.479504,100.929595,652.559495,-19.030214,652.603920,-138.858810,653.180893,59.953123,0.006099,1,0
4.700000,-57.030121,202581.641183,-177.061241,202926.975401,63.131236,202848.512874,101.074900,654.927482,-18.932506,655.627528,-138.847325,656.211305,59.941813,0.002628,1,0
4.733000,-56.884019,204397.841739,-176.890894,203199.844264,63.113004,202466.446318,100.855195,654.285960,-19.054150,651.625491,-139.008232,660.069243,59.945873,-0.006663,1,0
4.767000,-56.925140,201149.812300,-176.931904,204075.908617,63.224592,201478.654012,100.692029,658.023518,-18.811340,654.081995,-138.485367,657.214473,59.936333,-0.009011,1,0
4.800000,-56.848070,202965.284415,-176.840529,203075.258637,62.949799,202744.771733,101.057025,661.687640,-19.078611,657.435487,-139.278266,657.260807,59.941434,0.005274,1,0
4.833000,-56.868193,203574.198385,-177.077451,203180.181331,62.982185,204750.798949,100.959885,658.945042,-18.924484,658.154257,-138.715113,656.547816,59.930132,-0.007937,1,0
4.867000,-56.915381,201832.305255,-176.987360,203572.300060,63.186035,203189.983704,101.230144,663.378943,-18.846642,663.664378,-138.621597,652.347132,59.941594,0.000432,1,0
4.900000,-56.928553,202611.750190,-177.086882,202170.692017,63.081706,203513.185207,101.238799,663.302697,-19.028962,662.628341,-139.129965,661.675145,59.950802,0.001036,1,0
4.933000,-56.836569,203681.862462,-176.751395,203495.379286,63.092905,203644.900885,101.066710,659.760727,-18.815941,656.356812,-139.058001,656.240704,59.951812,-0.007217,1,0
4.967000,-56.902080,204453.314642,-176.884705,202349.241057,63.031521,203094.359043,101.051549,658.879556,-18.951935,663.621526,-139.315995,661.163283,59.946256,-0.001116,1,0
5.000000,-56.937733,203927.045765,-176.904129,204848.403250,63.081810,203882.175428,101.174120,657.353966,-18.895908,662.821334,-138.541106,661.797668,59.952693,0.008765,1,0
5.033000,-56.764566,204969.658397,-176.860000,203891.305607,63.021375,204013.589863,101.405650,658.701534,-18.995685,659.736535,-138.842181,666.542351,59.943172,0.011690,1,0
5.067000,-56.776578,203384.328678,-176.742876,204582.530488,63.163590,204485.371345,101.018062,659.919151,-18.600784,654.229752,-138.911484,658.290791,59.956948,0.000456,1,0
5.100000,-56.685313,203965.672533,-176.868362,203515.187823,63.136726,204167.186075,101.362636,656.903994,-19.069578,654.301180,-138.897771,659.860322,59.955579,0.007391,1,0
5.133000,-56.940883,205405.134321,-176.838143,204054.802874,63.167845,201502.238585,100.992609,658.322857,-18.676205,660.240303,-138.654604,657.558270,59.957472,0.020319,1,0
5.167000,-56.775892,203689.308206,-176.882399,203069.339696,63.135840,202180.411516,101.278052,665.305198,-18.738610,656.813611,-139.203682,658.014166,59.954278,0.002351,1,0
5.200000,-56.928164,206127.707349,-176.855945,204598.224657,63.005020,203987.897280,101.176284,664.636237,-18.992510,663.621537,-138.939954,664.579899,59.951879,-0.003178,1,0
5.233000,-56.991360,204749.961481,-176.935232,203937.472618,63.061104,204518.263031,100.823060,661.016064,-19.237970,660.444441,-138.694557,662.146475,59.948667,-0.001230,1,0
5.267000,-56.926021,203992.910037,-176.921563,204826.244591,63.079329,203967.473600,101.131037,664.694134,-18.958047,658.727469,-139.000405,653.952293,59.945356,-0.003752,1,0
5.300000,-56.806739,204859.801607,-176.976593,204070.019349,63.132792,203767.735351,101.241861,664.113224,-19.117652,659.684936,-138.670182,663.447180,59.950812,0.000818,1,0
5.333000,-56.665716,206379.035529,-176.830218,203528.657845,63.055104,205055.298628,101.301361,652.454901,-18.862866,658.450891,-139.162379,662.206958,59.951467,0.002504,1,0
5.367000,-56.936625,203765.473795,-177.095506,204468.563324,62.801176,204717.641562,101.040807,653.642456,-19.089995,655.658295,-139.296197,653.573520,59.946896,-0.004512,1,0
5.400000,-57.128300,203743.519876,-176.965084,204774.626028,63.185230,204574.138470,100.955117,654.286239,-18.922301,655.880214,-138.856073,655.459101,59.947093,-0.017326,1,0
5.433000,-56.975737,204750.077009,-176.986822,203082.595587,62.972213,202323.691374,101.083425,656.626895,-19.037556,651.648346,-138.872422,652.622101,59.944264,-0.010313,1,0
5.467000,-56.903998,203023.127889,-177.030231,204537.742656,63.011446,202998.088322,100.935529,664.650755,-19.251559,658.475237,-139.125463,650.354194,59.941899,0.000577,1,0
5.500000,-57.019168,204232.555912,-176.981287,204264.924518,62.917304,204580.246276,100.888125,656.862072,-18.883040,660.213989,-139.092834,655.014369,59.940088,-0.005489,1,0
5.533000,-56.911200,204855.283103,-176.882577,206002.862371,63.055547,204886.312462,100.966207,653.993453,-18.596675,649.497957,-138.830559,660.532177,59.939087,0.008178,1,0
5.567000,-57.006150,204090.153618,-177.015635,205921.114442,63.091957,205298.278232,101.097470,664.687166,-19.120109,657.569854,-138.871679,651.722323,59.933712,-0.001979,1,0
5.600000,-56.874053,204632.290423,-176.987380,205256.410628,62.953173,204289.486680,101.388318,651.242547,-18.802155,659.833278,-139.168881,650.663325,59.947268,0.008488,1,0
5.633000,-57.006556,204571.821484,-176.869394,204768.381009,63.259269,204269.447437,101.133634,656.333922,-19.217679,661.387138,-138.643424,655.873236,59.940300,0.003287,1,0
5.667000,-56.949491,203818.201360,-176.760881,205989.825284,62.988109,203574.792768,100.993669,645.388417,-18.500706,652.092692,-139.162864,650.371766,59.936499,-0.008878,1,0
5.700000,-56.975361,203885.579717,-176.939300,204985.534068,63.103354,204840.976907,100.924745,653.280714,-18.864257,657.174752,-138.954563,647.411783,59.935192,0.001670,1,0
5.733000,-56.740069,206090.244449,-176.716384,203354.833234,63.220633,204488.986148,101.487094,661.496899,-18.846875,655.063726,-138.925649,654.049568,59.934828,0.001885,1,0
5.767000,-56.932904,204723.290294,-176.838088,204524.113387,63.261155,203727.601251,101.078996,648.487939,-18.772375,651.253261,-138.483547,649.350670,59.938065,-0.002658,1,0
5.800000,-56.905501,202664.615502,-176.769963,204182.863795,62.827312,203118.718664,101.148278,652.285467,-18.675940,654.204433,-138.977363,648.759785,59.936949,0.005863,1,0
5.833000,-56.740977,205130.179123,-176.860235,203741.383269,63.139715,203830.639195,101.628696,662.838073,-18.497244,655.745790,-138.859457,649.040548,59.939349,0.010316,1,0
5.867000,-56.910063,204075.988789,-176.903784,205834.142893,63.186865,204635.227692,101.352640,655.763897,-18.800045,652.898538,-138.679548,654.884033,59.934721,-0.004202,1,0
5.900000,-57.013860,205075.138919,-176.926368,202616.162600,63.103243,204328.385223,101.083429,653.586417,-18.970556,652.833607,-138.735778,653.843117,59.929874,-0.000661,1,0
5.933000,-56.767803,203252.479343,-176.903550,205397.930757,63.064840,203366.870837,101.301527,652.920790,-18.710307,656.327694,-138.797060,658.066072,59.930361,0.005647,1,0
5.967000,-56.768533,204192.678156,-176.839047,203587.934122,63.233573,205098.644129,101.066931,656.077238,-18.817237,651.807469,-138.635625,651.048045,59.928366,-0.010010,1,0
6.000000,-56.869272,205328.785825,-176.953779,204231.719889,63.048609,204202.465521,101.228569,649.569253,-19.105593,655.142730,-138.658726,646.516213,59.930356,-0.003370,1,0
6.033000,-56.978090,203161.062935,-176.875128,205422.956582,63.066878,203470.449225,101.167747,648.651257,-18.920143,649.620122,-138.706859,648.933971,59.931997,0.002568,1,0
6.067000,-56.963869,203983.884305,-176.960338,204002.769504,63.060049,204059.925092,100.863201,648.661229,-19.068677,646.398517,-138.868268,653.355170,59.923906,-0.014995,1,0
6.100000,-57.160726,204211.683935,-176.839600,202848.301361,62.994820,203437.956516,101.103846,641.088559,-18.895476,654.400427,-139.042022,645.932139,59.928285,0.002044,1,0
6.133000,-57.131122,203923.966345,-176.854917,202431.666663,63.061906,205928.126649,100.873296,649.425932,-18.938342,645.909408,-138.873758,644.572643,59.923084,0.003652,1,0
6.167000,-56.698666,205676.196550,-176.834527,205116.746382,63.153841,202054.160463,101.229281,649.781416,-18.717682,652.816087,-139.211040,652.101314,59.917423,-0.006856,1,0
6.200000,-56.890335,204799.686856,-176.931230,206378.530522,63.294627,204909.323242,101.135460,647.038683,-18.845522,645.457639,-138.799683,646.748141,59.926358,0.000044,1,0
6.233000,-56.701459,205610.101121,-176.757948,202810.116488,63.172481,204785.858544,101.117562,653.229679,-18.521788,650.454095,-138.585949,647.275531,59.933275,-0.008585,1,0
6.267000,-57.020637,203637.749138,-176.866998,204785.422948,63.303134,203524.936756,101.115437,642.693364,-18.543305,645.115086,-138.424865,651.837483,59.935888,-0.010619,1,0
6.300000,-57.007625,202833.694170,-176.833903,205821.398834,62.984112,205071.047617,101.017580,647.288117,-18.992071,645.266460,-139.000037,643.679311,59.924105,0.007874,1,0
6.333000,-56.925296,202612.956042,-177.023348,204401.673704,63.112862,205150.521890,101.349854,648.727828,-18.806422,647.067789,-138.799594,646.092044,59.929786,0.007846,1,0
6.367000,-56.787677,203805.282244,-176.887927,203667.191768,62.969413,204035.165748,100.925128,651.136089,-18.888920,655.143240,-139.123414,650.037489,59.932853,-0.005880,1,0
6.400000,-56.937350,204003.143128,-176.609836,205039.438583,62.834649,202803.776031,101.247126,646.714383,-18.702748,649.061856,-139.233363,642.785266,59.935598,-0.003666,1,0
6.433000,-57.113495,203226.933299,-177.101137,206624.785715,62.769718,203842.908644,101.119661,652.636426,-19.204651,646.809798,-139.270265,652.840020,59.941672,0.004039,1,0
6.467000,-57.108797,205348.930865,-176.993759,205896.462142,62.950043,205263.592374,100.953966,649.985915,-19.121938,653.952059,-138.929538,652.504715,59.935051,-0.002535,1,0
6.500000,-56.761408,202052.580164,-176.905308,203760.088929,63.043994,203887.872252,101.224183,650.840225,-18.971477,641.987200,-139.090237,655.843857,59.932561,0.006793,1,0
6.533000,-57.033132,203079.080504,-177.054653,204482.598208,62.926993,204853.650432,100.841029,651.276905,-19.118230,646.068764,-139.117719,649.920010,59.937086,-0.002319,1,0
6.567000,-57.148733,205430.693484,-176.952344,204204.841510,62.936923,202996.611537,100.783838,647.902991,-18.755412,650.314792,-138.875065,647.618643,59.936715,-0.005720,1,0
6.600000,-57.002065,204918.331604,-177.180129,206460.927380,62.972406,203075.424838,100.903558,649.773329,-19.514583,655.508445,-139.368295,655.729579,59.942534,0.006375,1,0
6.633000,-56.908239,201909.866649,-176.865361,205964.018394,63.003120,203746.303771,101.138691,649.672175,-18.749729,657.556430,-139.089363,650.826020,59.942444,-0.005340,1,0
6.667000,-56.961022,205992.906667,-176.812496,203084.474254,62.942262,205012.489826,100.977073,649.597533,-18.772333,653.825310,-139.041895,648.926598,59.936315,-0.003050,1,0
6.700000,-56.961526,203215.146153,-177.036688,205123.970121,63.048317,203558.419191,100.844684,655.906802,-19.078773,650.149035,-138.696804,650.376838,59.936288,0.004158,1,0
6.733000,-56.886828,204472.698932,-176.943170,203751.428693,62.918855,204536.704885,101.001787,658.627306,-18.819368,643.125031,-139.399208,648.165184,59.930273,-0.002614,1,0
6.767000,-57.005402,205661.664532,-177.056274,203634.099611,62.849559,204004.587915,101.131429,646.739493,-18.777448,652.593744,-138.869663,654.288403,59.934062,0.002109,1,0
6.800000,-56.952171,204856.835253,-176.992720,203549.382837,62.990345,204561.183962,101.280688,651.042137,-18.948764,646.963232,-138.457506,652.889234,59.945255,-0.003414,1,0
6.833000,-56.985123,205925.878015,-176.886653,205712.272708,63.002136,203828.714144,101.088753,653.392172,-18.472486,649.431413,-138.943235,654.409543,59.946183,0.003454,1,0
6.867000,-57.126938,202996.440348,-177.013637,203518.139436,63.046717,204013.678086,100.934501,655.011968,-18.810184,651.717820,-139.174288,653.118142,59.944820,0.005614,1,0
6.900000,-57.140667,205335.637043,-177.166435,204007.804349,62.869709,203685.144586,100.929815,651.423411,-19.508574,653.725152,-138.792077,648.232756,59.939433,0.001578,1,0
6.933000,-56.954328,205206.752613,-176.870023,204638.809130,63.032350,204400.538546,100.899479,654.970650,-18.942892,650.389917,-139.361388,651.216753,59.937389,-0.006235,1,0
6.967000,-57.083053,203477.960444,-176.939420,205299.073343,63.119483,204417.408503,100.991406,651.812651,-19.001269,653.764435,-138.892696,647.734814,59.946597,-0.000342,1,0
7.000000,-57.043089,204885.937434,-177.097790,203490.721471,62.892893,205080.442064,101.060902,649.419721,-18.841938,647.233312,-139.444420,653.544364,59.944698,-0.010781,1,0
7.033000,-57.017204,205486.619623,-176.997740,203272.874887,63.062317,203878.032593,100.975334,649.093491,-19.197267,659.982868,-138.897231,648.885459,59.947864,0.007232,1,0
7.067000,-56.962898,204478.483996,-177.082097,203774.392453,63.142243,203158.536944,101.279947,647.685562,-19.052521,654.364293,-139.302982,653.261677,59.935819,0.009922,1,0
7.100000,-57.124889,203189.187278,-176.964604,204091.430493,62.925352,203597.344947,100.839946,650.262035,-18.711432,654.344790,-138.983902,650.687722,59.938204,-0.011996,1,0
7.133000,-57.141177,204264.300957,-177.012998,205362.657807,63.138981,203887.433337,100.713321,650.744501,-19.274657,649.365725,-138.576342,651.372979,59.942482,-0.004482,1,0
7.167000,-57.027463,204343.050734,-176.860671,202749.708614,62.901383,203555.456944,100.923638,644.768968,-18.730793,651.698154,-139.133379,655.062602,59.942057,0.006306,1,0
7.200000,-56.953412,204400.470620,-177.072786,204891.286087,63.005015,204143.378691,101.005034,640.643627,-19.173701,645.196624,-138.727054,646.083158,59.950417,-0.006913,1,0
7.233000,-57.035268,203927.334298,-176.964524,203215.854442,63.026838,202308.125100,100.962662,652.843260,-19.036555,651.775576,-138.962939,650.255695,59.941502,-0.001121,1,0
7.267000,-57.200797,203479.730125,-177.065312,203407.800019,62.865912,203147.800158,100.690633,644.529119,-19.178638,653.614874,-139.638498,651.945055,59.949306,-0.011143,1,0
7.300000,-57.033154,203819.527845,-177.029385,201820.134447,62.718984,203274.317515,100.699364,645.615251,-19.139284,650.679765,-139.214946,646.309722,59.948423,0.001385,1,0
7.333000,-56.986858,203645.294300,-177.182230,204106.468940,62.732879,202395.174045,100.828022,643.708071,-19.219143,650.131674,-138.934641,646.530399,59.946988,0.008854,1,0
7.367000,-57.359300,204651.999351,-177.219360,204543.427379,62.851579,202804.973500,100.791741,647.557656,-19.298393,648.444637,-139.119675,644.323104,59.950926,0.008786,1,0
7.400000,-57.073141,203521.218466,-177.248433,203465.432265,63.047775,202572.802465,100.897533,648.703412,-19.191653,644.222148,-139.055072,649.748228,59.946018,0.005948,1,0
7.433000,-57.156194,203605.942782,-177.296431,202956.867064,62.802091,204079.289436,100.841624,645.060430,-19.072389,645.813136,-138.779509,647.684620,59.949407,0.004515,1,0
7.467000,-57.239429,203051.292628,-177.316546,203152.366024,62.928367,203536.581125,100.738370,651.668645,-19.013798,641.381189,-139.043576,651.084563,59.946869,0.001451,1,0
7.500000,-57.188816,202717.319833,-177.272899,204142.091020,62.744297,203220.837933,100.751355,648.180120,-19.137506,646.310048,-139.578073,648.788894,59.948918,0.007905,1,0
7.533000,-57.155309,203306.182480,-177.280604,204401.321984,62.755301,202183.988883,100.867724,643.154280,-19.427648,647.399851,-139.312286,641.119249,59.943054,-0.007801,1,0
7.567000,-57.089427,201953.586530,-177.356968,203634.723251,62.814767,203774.101276,100.744345,649.752309,-19.546789,655.754385,-138.931264,647.148572,59.947415,-0.000299,1,0
7.600000,-57.203555,202943.249929,-177.081969,206412.787244,62.930259,203448.915491,100.989150,647.615866,-19.152062,649.434620,-138.993695,652.584917,59.945434,0.005963,1,0
7.633000,-57.235221,203272.479923,-177.233501,202955.305843,62.907354,204860.938004,100.648047,642.807029,-19.439961,645.357020,-139.196301,648.968558,59.950948,0.000817,1,0
7.667000,-57.228551,204674.884336,-177.240255,203697.726523,62.842488,204182.445749,100.884485,649.075801,-19.298671,647.777346,-139.255175,647.935792,59.955505,0.013986,1,0
7.700000,-57.324092,203347.792733,-177.134807,205241.572885,62.725953,203739.793064,100.968175,650.301586,-19.196961,644.954454,-139.064919,649.682290,59.961079,-0.006486,1,0
7.733000,-57.124212,202324.839069,-177.223618,203337.843466,62.836105,204214.858183,101.046571,648.092135,-19.189041,651.279249,-139.175887,651.190225,59.948828,0.000916,1,0
7.767000,-57.245357,203885.307754,-177.529238,203596.561887,62.741913,202463.274190,100.940006,652.401060,-19.217499,659.145033,-139.024898,646.752462,59.961829,0.003032,1,0
7.800000,-57.218436,204284.925125,-177.278030,202974.340270,62.715303,202869.834451,100.478703,654.128489,-19.290285,650.781520,-139.288218,653.761034,59.959148,-0.000424,1,0
7.833000,-57.296919,202222.326225,-177.221984,203024.744999,62.700455,202540.163727,100.911988,652.701136,-18.916345,650.602242,-139.259412,650.295817,59.956550,0.005685,1,0
7.867000,-57.442321,202932.580291,-177.270642,202727.236223,62.703705,203294.086267,100.268978,649.058212,-19.272196,650.065411,-138.872382,652.173099,59.958295,0.002272,1,0
7.900000,-57.042246,202024.347047,-177.332836,204068.105816,62.707641,202162.487882,100.970401,643.130470,-19.402515,645.878392,-139.315545,652.870799,59.952673,-0.008830,1,0
7.933000,-57.262788,203850.674175,-177.368622,205212.033859,62.727638,202757.356793,100.971762,647.453692,-18.939055,652.862413,-139.605655,646.515686,59.956254,-0.004162,1,0
7.967000,-57.352756,203067.991681,-177.142379,203827.822227,62.638616,202355.213581,100.337450,642.638519,-19.107622,646.690461,-139.246730,642.537851,59.954148,0.004545,1,0
8.000000,-57.264527,202948.627576,-177.258599,203192.640274,62.657287,202309.779299,100.733265,650.062220,-19.519404,641.832789,-139.410361,645.561750,59.965145,0.000571,1,0
8.033000,-57.204228,202216.311284,-177.283839,204376.674326,62.802913,203161.779306,100.946692,650.148189,-19.320111,651.947654,-138.990848,643.213905,59.964438,0.001872,1,0
8.067000,-57.174737,204921.744157,-177.287105,202619.857627,62.723028,204680.662469,101.002326,648.226390,-19.217762,647.661903,-139.646400,654.036292,59.955814,-0.009325,1,0
8.100000,-57.100518,202745.719382,-177.301175,203210.353154,62.750067,202830.649849,101.045899,653.409291,-19.344618,654.289728,-139.381178,646.621396,59.955184,-0.003101,1,0
8.133000,-57.345719,203601.045893,-177.226484,203714.170657,62.716256,201131.756735,100.449677,648.143474,-19.259542,648.059444,-139.370269,650.279240,59.961390,0.003067,1,0
8.167000,-57.394747,202875.330659,-177.346583,202834.123681,62.532378,203415.288256,100.461951,654.266528,-19.404606,651.576989,-139.488712,659.494587,59.960605,-0.004952,1,0
8.200000,-57.445535,202808.828681,-177.545542,202841.620949,62.599153,202478.173629,100.309691,660.731051,-19.810028,646.739559,-139.054654,645.122398,59.961375,-0.002124,1,0
8.233000,-57.487967,203401.199926,-177.334368,203168.294398,62.740351,202769.407821,100.780770,653.175722,-19.297650,644.107781,-139.492529,647.894199,59.963681,0.002949,1,0
8.267000,-57.282027,202574.870204,-177.369882,203498.620057,62.654000,203014.133246,100.584032,654.511658,-19.495282,649.121114,-139.379169,651.815770,59.963762,0.000717,1,0
8.300000,-57.174541,205232.244167,-177.419825,201573.598433,62.901283,203580.157643,100.967916,651.024835,-19.759895,650.163149,-139.014865,652.726529,59.954832,-0.000246,1,0
8.333000,-57.225836,202797.992292,-177.382708,203568.507017,62.788213,204300.561241,100.837993,646.897314,-19.341338,642.227214,-138.985853,654.206109,59.957585,-0.008189,1,0
8.367000,-57.286830,203926.170942,-177.183362,202144.437239,62.933131,202908.496478,100.638748,648.101421,-19.078751,649.066819,-139.035152,648.178912,59.955778,-0.001900,1,0
8.400000,-57.285324,200555.169842,-177.202709,201644.076036,62.637395,202879.685054,100.988722,648.755382,-19.260942,650.796201,-139.317579,643.672348,59.955027,0.000279,1,0
8.433000,-57.227883,204010.407944,-177.133071,202578.948407,62.691394,203182.202746,100.659233,651.234036,-19.233234,642.699196,-139.311894,652.660282,59.954248,-0.005685,1,0
8.467000,-57.184564,202665.086374,-177.365404,202282.607163,62.728445,205544.711967,100.690891,650.844481,-19.308204,646.189830,-139.300503,645.932356,59.950761,0.001813,1,0
8.500000,-57.156429,203612.869272,-177.364029,201828.733530,62.681800,201906.066224,100.959528,643.375880,-19.359292,644.280524,-139.083079,649.695089,59.957008,0.006961,1,0
8.533000,-57.203452,204552.670246,-177.482507,203988.754203,62.767054,203021.845393,100.771492,648.324835,-19.368152,649.283281,-139.200482,643.925492,59.956806,-0.001043,1,0
8.567000,-57.297523,204181.040706,-177.258855,203169.259626,62.668677,201458.356095,100.924630,652.512699,-19.121407,638.606123,-139.535481,648.247643,59.959691,0.009102,1,0
8.600000,-57.220866,203176.454028,-177.622075,201194.282480,62.774046,203169.968489,100.405237,640.409364,-19.521908,638.521388,-139.172918,637.080711,59.966289,0.000418,1,0
8.633000,-57.157231,204709.712137,-177.395781,204030.449066,62.754806,202502.511493,100.878307,637.315981,-19.462566,644.762254,-139.342076,644.710673,59.955650,-0.009137,1,0
8.667000,-57.218307,201637.483695,-177.144374,203626.032563,62.592560,204399.718800,101.037227,635.653732,-19.064056,645.027296,-139.401783,644.076199,59.949601,0.000923,1,0
8.700000,-57.342087,202867.318807,-177.483545,203447.035449,62.666132,202521.846176,100.709915,646.574993,-19.620338,643.376730,-139.166575,648.447472,59.952933,0.011533,1,0
8.733000,-57.138488,203294.498868,-177.317497,202645.407312,62.744589,202985.441492,100.714116,641.914185,-19.073111,641.264031,-139.117034,650.231770,59.950843,0.017003,1,0
8.767000,-57.455600,203755.517495,-177.347744,202560.484881,62.798758,203132.236772,100.535361,642.020849,-19.434060,647.483325,-139.458399,646.323226,59.958071,0.003716,1,0
8.800000,-57.198063,203072.209700,-177.314279,202862.369330,62.731985,203342.730646,100.748808,644.046012,-19.375121,645.809302,-139.220992,647.850614,59.951771,-0.003765,1,0
8.833000,-57.348903,203906.571100,-177.282100,202522.680921,62.642183,203389.792012,100.566832,644.891723,-19.297654,647.841021,-139.217455,646.759123,59.955712,0.002884,1,0
8.867000,-57.249190,203263.904466,-177.298516,204045.320203,62.763808,203849.374331,100.985862,646.962655,-19.255772,654.557494,-139.264375,653.824536,59.953482,-0.005321,1,0
8.900000,-57.212097,204157.585111,-177.408923,204452.092879,62.631327,203337.110073,100.896734,650.608358,-19.913354,652.189699,-139.068191,655.282385,59.952491,-0.002821,1,0
8.933000,-57.388767,202561.253560,-177.158280,202385.243641,62.666660,203736.035353,100.558680,646.994793,-18.949469,652.008805,-139.422978,651.533250,59.948978,0.005657,1,0
8.967000,-57.368387,202858.405079,-177.386655,202602.346878,62.619658,203638.726130,100.685567,646.138313,-19.398198,647.060255,-139.387616,646.675365,59.942515,-0.004529,1,0
9.000000,-57.237267,201643.442528,-177.293597,204789.389361,62.655337,203266.678399,100.550714,644.908999,-19.420022,643.585088,-139.033266,644.962490,59.949621,0.004908,1,0
9.033000,-57.366102,203467.431723,-177.231510,203972.729141,62.793271,201590.558781,100.701875,650.267897,-19.217537,648.684941,-139.343852,645.094819,59.959295,0.003320,1,0
9.067000,-57.369225,202955.133089,-177.422845,203798.150008,62.662625,203195.494076,100.538396,650.939700,-19.640007,640.046997,-139.277274,645.652608,59.954495,-0.004045,1,0
9.100000,-57.287388,202272.828008,-177.372300,203085.117254,62.769655,202653.233024,100.640498,647.040776,-19.337970,651.855057,-138.975350,644.185068,59.949272,0.001575,1,0
9.133000,-57.474634,203061.944399,-177.280593,202862.302783,62.809859,202228.377485,100.487857,648.429938,-19.417501,646.495065,-139.170324,651.073107,59.946034,0.001974,1,0
9.167000,-57.319455,203059.634426,-177.257067,202484.376111,62.915365,202728.504992,100.888928,650.269251,-18.897066,644.421021,-139.192849,645.810604,59.949476,-0.000773,1,0
9.200000,-57.230606,201554.322804,-177.181660,202514.128431,62.976756,201600.374717,100.457532,652.587545,-19.179857,640.328102,-138.899544,639.246592,59.947465,-0.006414,1,0
9.233000,-57.305024,203335.933120,-177.404873,201400.620896,62.791273,202979.483185,100.355070,656.746618,-19.325294,652.598319,-139.219337,655.948873,59.956483,0.007907,1,0
9.267000,-57.194349,201050.291302,-177.205581,202748.525811,62.805150,204528.685185,100.898048,652.856282,-19.287699,660.531547,-139.244201,652.356954,59.946999,0.002009,1,0
9.300000,-57.159041,203641.602377,-177.177712,200794.057440,62.805521,201015.652011,101.016005,652.945427,-19.287966,648.817153,-139.065035,649.818895,59.949247,-0.002465,1,0
9.333000,-57.270712,202390.627436,-177.196234,201480.966923,62.567890,203565.233995,100.926317,654.256476,-19.164524,652.522518,-139.645548,652.427301,59.955852,-0.001343,1,0
9.367000,-57.303287,203037.950190,-177.020898,202449.349990,62.726866,203124.264836,100.385141,650.405695,-19.181180,655.288183,-138.944975,654.402209,59.946781,0.008481,1,0
9.400000,-57.229581,201746.790116,-177.250628,200781.247680,62.730101,203042.049505,100.869587,653.179942,-19.216004,650.747251,-139.134756,645.323152,59.945576,0.000012,1,0
9.433000,-57.251833,201742.955169,-177.284707,200449.427231,62.669339,203016.236547,100.655148,650.953285,-19.168739,647.056924,-139.263207,648.385618,59.945578,-0.014112,1,0
9.467000,-57.279787,201548.004173,-177.415454,202684.380828,62.851229,203405.626450,100.643136,649.283832,-19.376150,649.419479,-139.180616,647.039224,59.947517,0.002939,1,0
9.500000,-57.258068,201231.306485,-177.370898,203428.056439,62.714560,202002.841072,100.886787,648.853488,-19.513209,650.259162,-139.319930,647.406898,59.950770,0.010955,1,0
9.533000,-57.303139,203590.492739,-177.560350,201928.921089,62.783219,202500.143182,100.771989,650.895282,-19.545873,647.969947,-139.101121,653.447089,59.946808,0.002181,1,0
9.567000,-57.404439,201766.172923,-177.435097,202886.695067,62.732103,202355.770895,100.538827,650.930455,-19.594179,649.476291,-139.069550,647.256008,59.949423,-0.001537,1,0
9.600000,-57.180670,203229.403908,-177.461121,202335.493595,62.695168,202129.875676,100.936761,648.719646,-19.436181,649.415946,-139.452234,645.752514,59.947291,0.026441,1,0
9.633000,-57.305689,203442.564814,-177.333271,202889.653609,62.537951,203015.186365,100.919762,647.517747,-19.396777,650.727605,-139.559002,645.512950,59.947466,-0.009795,1,0
9.667000,-57.222316,203793.233997,-177.407851,201901.929316,62.666421,203524.191586,100.698170,652.764114,-19.359718,645.994825,-139.283388,645.552215,59.948322,-0.001029,1,0
9.700000,-57.296194,203444.592077,-177.419561,203809.890804,62.472701,200837.252962,100.599458,638.482361,-19.233266,641.302564,-139.233430,640.996769,59.946376,0.006056,1,0
9.733000,-57.466862,204774.099319,-177.345488,201549.745247,62.809931,201374.122998,100.632144,644.521516,-19.140849,636.972091,-138.935432,638.822494,59.951972,-0.009839,1,0
9.767000,-57.164208,202584.608712,-177.245092,204184.034456,62.618325,202475.902562,101.052782,634.697307,-19.112603,648.477858,-139.282688,640.851751,59.951933,-0.017480,1,0
9.800000,-57.383002,202759.889124,-177.267793,201972.106406,62.587743,201475.977556,100.754154,645.920916,-19.224462,637.081995,-139.580458,642.688326,59.949101,-0.006159,1,0
9.833000,-57.227898,201532.446214,-177.441149,201584.108689,62.644722,203183.101377,100.573269,637.521698,-19.094978,640.640661,-139.417514,643.061297,59.948327,0.003909,1,0
9.867000,-57.186792,203458.892845,-177.458784,201866.408586,62.690843,201654.183677,100.697262,645.386414,-19.524583,635.375322,-139.312235,642.322475,59.937681,-0.017287,1,0
9.900000,-57.099726,202403.871655,-177.303105,202825.659172,62.825236,203449.957677,101.045558,638.908677,-19.355723,643.634215,-139.216290,639.941766,59.940755,0.009467,1,0
9.933000,-57.414107,201992.423205,-177.441199,199439.812456,62.694325,201087.699218,100.203773,642.668065,-19.465147,636.604235,-139.158698,639.696237,59.941535,-0.004917,1,0
9.967000,-57.355507,202005.024335,-177.276600,201418.494499,62.812526,202941.549809,100.664071,639.512083,-19.329896,637.016307,-139.136964,640.555336,59.935232,-0.000178,1,0
10.000000,-57.188766,202747.070483,-177.386826,204004.347744,62.725984,203034.596754,100.969349,636.203168,-19.501350,637.447491,-139.410884,638.569928,59.943155,-0.003227,1,0
10.033000,-57.292554,201571.684180,-177.486013,202741.196446,62.918743,202098.508360,100.707879,640.422838,-19.291803,635.400219,-139.003234,645.428894,59.946596,-0.003774,1,0
10.067000,-57.385334,203471.030730,-177.382035,203049.386568,62.753796,202563.766407,100.859270,635.536464,-19.243742,636.866339,-139.251703,640.932191,59.945309,-0.005771,1,0
10.100000,-57.431548,202628.006040,-177.153174,204136.561036,62.559228,201548.634146,100.691698,638.486257,-19.051063,640.274859,-139.214242,641.533911,59.940845,-0.002250,1,0
10.133000,-57.259764,204151.562410,-177.273669,202131.322470,62.826244,203463.528235,100.826383,634.296085,-19.420965,642.616621,-139.298398,635.156339,59.936808,-0.004868,1,0
10.167000,-57.266697,202918.155243,-177.446468,201789.981354,62.737072,203589.418333,100.755458,643.578620,-19.441488,640.479063,-139.081618,647.096141,59.941776,0.000470,1,0
10.200000,-57.382705,202700.881953,-177.258279,202292.550197,62.652507,201411.941629,100.692423,636.431305,-19.432053,639.304760,-139.241658,637.058445,59.935315,0.006887,1,0
10.233000,-57.328469,202433.480900,-177.314927,203400.193859,62.784990,202360.548476,100.820633,638.914684,-19.667127,637.524683,-139.053309,641.195711,59.935641,-0.009662,1,0
10.267000,-57.300296,202940.863480,-177.017251,201357.516167,62.647493,202400.002550,100.683313,642.869433,-18.950669,644.589726,-139.351877,631.265368,59.943801,0.006908,1,0
10.300000,-57.221944,202426.593224,-177.394234,202031.705287,62.794051,202755.049386,100.927068,641.618131,-19.479473,647.493528,-139.141931,638.068586,59.948647,-0.012553,1,0
10.333000,-57.389210,203362.025942,-177.308942,202344.689081,62.871646,201178.867598,100.316251,638.189765,-19.472097,646.016048,-138.970807,645.932081,59.944018,0.003151,1,0
10.367000,-57.186215,201761.750435,-177.195034,203587.185770,62.714692,203102.907496,101.269634,642.332264,-19.337327,641.782192,-139.148151,638.857869,59.941066,0.003493,1,0
10.400000,-57.219937,201911.412122,-177.292048,202582.635171,62.577896,202842.731783,101.054040,643.232821,-19.161624,634.822351,-139.574787,636.821447,59.936838,-0.006477,1,0
10.433000,-57.380516,201525.439245,-177.548079,202080.145671,62.533875,201835.084533,100.601664,638.588976,-19.672847,645.898928,-139.621410,641.082820,59.941793,0.001137,1,0
10.467000,-57.256033,202109.657677,-177.456609,203382.763845,62.610003,202050.274797,100.840277,638.194635,-19.574249,635.204401,-139.570804,643.461534,59.942827,-0.000519,1,0
10.500000,-57.328986,202583.434118,-177.472104,202724.316567,62.856993,201981.909153,100.622328,633.959401,-19.342289,643.992289,-138.544120,642.949517,59.940189,-0.005429,1,0
10.533000,-57.302806,202981.337845,-177.485233,202595.037983,62.570719,202955.787367,100.581107,641.167476,-19.355116,642.169980,-139.391045,640.268587,59.944401,0.011490,1,0
10.567000,-57.444753,203716.593413,-177.499739,201819.181738,62.532448,201922.447343,100.395583,644.070202,-19.522167,646.612233,-139.555973,643.052526,59.939791,0.001661,1,0
10.600000,-57.298378,202561.660830,-177.346707,203581.066552,62.620170,201009.649806,100.682688,639.911535,-19.173610,630.450212,-139.120996,643.594300,59.940593,-0.005648,1,0
10.633000,-57.460587,202263.315588,-177.312559,202262.686710,62.249970,201190.232635,100.399385,642.685121,-19.341380,638.987541,-140.049338,641.977134,59.939871,0.001327,1,0
10.667000,-57.456998,202761.422743,-177.335591,203370.513780,62.669588,202944.707753,100.504985,640.771444,-19.358329,635.456926,-139.318667,631.347693,59.950077,0.002990,1,0
10.700000,-57.393888,203585.170729,-177.302201,202376.163294,62.760760,202075.196793,100.476548,642.023557,-19.498164,634.918521,-139.377120,635.401247,59.952406,-0.005365,1,0
10.733000,-57.509822,203257.290261,-177.414932,204097.655765,62.664255,202388.333370,100.373971,630.977152,-19.682757,629.552607,-139.311599,633.087899,59.948135,0.012938,1,0
10.767000,-57.452519,202650.626326,-177.375756,203390.556385,62.456394,201640.122671,100.699701,631.017609,-19.256579,630.761666,-139.196640,629.105617,59.944113,0.006781,1,0
10.800000,-57.379803,203650.037126,-177.271380,201452.846531,62.481626,201739.461241,100.610030,630.565086,-19.375945,634.539657,-139.272022,635.606268,59.947851,-0.006519,1,0
10.833000,-57.268557,202314.295585,-177.468824,202849.351970,62.627237,201878.957436,100.500483,631.046626,-19.796599,633.709754,-139.484066,632.986731,59.956927,0.002909,1,0
10.867000,-57.304742,201942.738741,-177.441848,201493.747106,62.532280,202391.076969,100.836137,635.962657,-19.779328,639.531724,-139.071849,641.690251,59.951539,0.005872,1,0
10.900000,-57.531560,204630.223759,-177.422397,204254.927644,62.486489,203367.397731,100.779765,633.919825,-19.419988,632.318483,-139.536143,636.217816,59.955383,-0.002653,1,0
10.933000,-57.383767,202279.994899,-177.570018,202337.726569,62.680695,203773.157573,100.530283,636.931040,-19.474901,632.043580,-139.044509,632.668446,59.951533,0.010386,1,0
10.967000,-57.544574,203316.968838,-177.409177,201908.419205,62.592595,203977.976395,100.593600,634.194330,-19.615298,631.049564,-139.416271,626.872113,59.956965,0.005480,1,0
11.000000,-57.305281,202487.398884,-177.556666,201114.405972,62.621377,201964.163861,100.939052,634.508260,-19.629798,635.653431,-139.386464,624.488492,59.959049,-0.013170,1,0
11.033000,-57.631894,200690.557550,-177.528676,203537.198461,62.698912,202886.335212,100.565220,628.655581,-19.489287,636.147094,-139.447444,635.746653,59.957888,-0.004163,1,0
11.067000,-57.403048,202653.166299,-177.452586,201342.105888,62.564806,202805.439689,100.722499,628.376493,-19.085094,633.185975,-139.596579,634.201484,59.951018,-0.002186,1,0
11.100000,-57.443223,201029.443959,-177.287895,201280.264564,62.508845,205065.359753,100.446912,623.160310,-19.173100,630.599212,-139.250484,636.482927,59.956813,-0.005855,1,0
11.133000,-57.481548,202178.450529,-177.345956,200556.220312,62.610241,200368.654513,100.647706,636.257007,-19.509286,634.634393,-139.198059,634.810742,59.956104,0.001257,1,0
11.167000,-57.432036,202114.685845,-177.316188,202038.274739,62.369902,202848.259741,100.530911,635.166234,-19.193311,631.662874,-139.660440,638.035867,59.950015,0.001904,1,0
11.200000,-57.569842,200778.159130,-177.689142,202345.863575,62.657795,201967.220281,100.797955,631.165661,-19.858627,629.544893,-139.545718,636.163220,59.959324,0.005431,1,0
11.233000,-57.510679,202879.300805,-177.345354,202314.024171,62.685591,201696.330275,100.584596,633.252715,-19.334003,634.335792,-139.607225,631.646431,59.967974,-0.000281,1,0
11.267000,-57.617900,201970.903180,-177.472557,201484.761140,62.538110,202576.878305,100.528998,630.009973,-19.809040,626.173152,-139.643911,633.118269,59.957294,0.005158,1,0
11.300000,-57.389792,202731.274806,-177.473174,201755.998448,62.639248,201001.813398,100.899486,632.668044,-19.890057,636.586928,-139.293959,637.533346,59.958619,-0.007584,1,0
11.333000,-57.413178,201854.394585,-177.342063,203456.816977,62.403497,201509.972867,100.646082,633.095365,-19.539633,634.444582,-139.404716,628.204671,59.959582,0.004693,1,0
11.367000,-57.425167,201160.374978,-177.416179,201092.329047,62.485644,201174.808371,100.429528,627.621653,-19.474970,633.533113,-139.405517,634.878902,59.956092,-0.000126,1,0
11.400000,-57.443904,201711.148007,-177.578687,202512.334031,62.465233,201094.554753,100.546080,628.668109,-19.683100,635.509209,-139.612414,633.781269,59.961142,-0.000574,1,0
11.433000,-57.519198,201479.100153,-177.440886,203016.987919,62.623301,202028.399352,100.510500,628.729643,-19.129848,636.168050,-139.465756,631.293160,59.950856,0.004240,1,0
11.467000,-57.786182,200820.880238,-177.353109,201002.225568,62.542596,199967.194621,99.938216,638.395479,-19.326396,636.187379,-139.329756,634.838001,59.953649,0.013293,1,0
11.500000,-57.498878,201790.909064,-177.573986,201040.700107,62.543647,202048.929526,100.458417,634.314840,-19.407520,635.821630,-139.558139,632.663705,59.957961,-0.012441,1,0
11.533000,-57.500352,202957.350598,-177.488792,201192.341735,62.450822,201773.800443,100.766686,636.718548,-19.464103,637.974991,-139.749261,635.651228,59.957283,0.013132,1,0
11.567000,-57.384295,202915.265038,-177.447375,202521.069004,62.440591,201421.106655,100.551268,633.130998,-19.544714,637.177295,-139.266472,638.895503,59.956458,0.005269,1,0
11.600000,-57.371546,201950.721657,-177.436780,201104.762720,62.606959,203630.148029,100.731367,635.983840,-19.338776,632.147304,-139.926526,636.079971,59.962534,0.004407,1,0
11.633000,-57.430722,201097.238392,-177.571880,203615.189782,62.629095,202133.360351,100.490785,627.463256,-19.781527,642.050720,-139.531128,632.124811,59.962999,0.001107,1,0
11.667000,-57.604230,200644.635057,-177.524276,201745.459617,62.616815,201283.670951,99.999587,626.923359,-19.665759,634.346394,-139.102458,640.315585,59.962264,-0.004709,1,0
11.700000,-57.499552,199693.617170,-177.581851,202716.354226,62.642940,203553.186162,100.614549,633.445788,-19.445377,633.733721,-139.307470,637.765087,59.961411,0.008895,1,0
11.733000,-57.475571,202115.333373,-177.408302,203369.366430,62.562750,203410.568564,100.480541,627.692546,-19.227893,628.478240,-139.424307,627.369170,59.960021,0.000151,1,0
11.767000,-57.327039,200946.751961,-177.402419,201278.734986,62.684392,200105.987362,100.768971,636.223927,-19.536376,629.761441,-139.293600,633.667448,59.964866,0.006122,1,0
11.800000,-57.131595,204245.291324,-177.519898,202327.991100,62.690666,203761.366660,100.839174,633.081798,-19.400611,634.408127,-139.488758,633.191939,59.962241,-0.000272,1,0
11.833000,-57.513706,203036.195711,-177.204618,201491.372777,62.676545,202246.281400,100.512507,632.327257,-18.986761,639.161904,-139.527869,633.431073,59.955517,-0.002828,1,0
11.867000,-57.489069,201454.935872,-177.344584,202848.599614,62.633553,202581.722659,100.621148,637.504223,-19.479356,628.806616,-139.247835,630.784484,59.963624,-0.002015,1,0
11.900000,-57.404793,201582.225071,-177.440714,201645.133791,62.615887,199788.588894,100.602498,636.096824,-19.456863,633.882683,-139.352952,630.703173,59.959904,-0.007404,1,0
11.933000,-57.574813,202554.823181,-177.495355,202491.122783,62.397625,202384.352382,100.496091,631.327665,-19.635149,633.352788,-139.926755,635.616169,59.960214,0.010138,1,0
11.967000,-57.381558,201994.292685,-177.467540,202505.666273,62.625697,201429.476488,100.691439,629.836088,-19.604928,629.528423,-139.241726,632.291265,59.954843,0.003472,1,0
12.000000,-57.473104,201734.302315,-177.381270,201128.839970,62.581493,201054.582574,100.512557,632.054342,-19.447707,634.077702,-139.292624,621.371169,59.955325,-0.002264,1,0
12.033000,-57.408624,201854.349297,-177.402921,200688.058894,62.508977,204180.726269,100.303284,632.802427,-19.592361,637.008988,-139.798184,630.905687,59.961092,-0.008038,1,0
12.067000,-57.467511,201653.603669,-177.586786,201282.162625,62.654813,200669.720051,100.590422,629.781869,-19.550233,638.815913,-139.367062,627.440179,59.959264,0.003963,1,0
12.100000,-57.288643,202635.552109,-177.209120,201725.344635,62.559957,199968.208880,100.767154,631.854909,-19.249033,631.947923,-139.652133,628.221998,59.958124,-0.003304,1,0
12.133000,-57.446068,201768.688264,-177.373519,201733.022723,62.517549,201588.387490,100.458997,634.572612,-19.488377,637.910405,-139.770507,635.977322,59.961663,-0.006688,1,0
12.167000,-57.456707,202786.717958,-177.321573,201628.586582,62.517132,201375.123720,100.698341,628.980222,-19.304445,635.978612,-139.699282,638.883076,59.971805,-0.007164,1,0
12.200000,-57.354439,201911.661843,-177.347989,200343.783311,62.654192,200751.767590,100.803126,624.530961,-19.449440,628.646728,-139.453425,625.965227,59.962353,-0.010434,1,0
12.233000,-57.246056,202272.159152,-177.284068,202352.009847,62.582866,201226.815837,100.754914,628.889413,-19.399312,628.986125,-139.520033,628.966360,59.959934,-0.004660,1,0
12.267000,-57.083928,201763.420471,-177.222093,202279.034117,62.757909,201621.526939,100.653276,636.517662,-19.366371,630.334314,-139.148995,628.147580,59.968247,-0.002661,1,0
12.300000,-57.386673,202441.027632,-177.447410,204050.694030,62.586032,201051.674195,100.696295,620.303947,-19.560079,628.561447,-139.582196,636.713638,59.967273,-0.009625,1,0
12.333000,-57.250057,200342.300723,-177.330673,201591.262569,62.692264,202175.583635,100.667957,630.573256,-19.168227,632.282975,-139.154947,631.095797,59.969887,0.012304,1,0
12.367000,-57.198549,201178.921850,-177.320762,200175.475835,62.482697,201624.047018,100.791267,626.654471,-19.520644,629.027725,-139.537364,640.315754,59.964060,-0.010500,1,0
12.400000,-57.383170,202639.712401,-177.112439,203045.431057,62.718385,203964.916105,100.556158,628.689824,-18.931594,627.848560,-139.227982,629.677141,59.958385,-0.006949,1,0
12.433000,-57.337119,203391.910390,-177.457799,201067.674573,62.737158,202645.304128,100.490273,630.332371,-19.340961,632.192310,-139.127662,630.758190,59.970322,0.002983,1,0
12.467000,-57.097579,203302.968478,-177.147315,200488.007158,62.734950,202407.065638,100.951811,628.732223,-19.113921,635.662851,-139.425449,629.531791,59.973281,-0.007621,1,0
12.500000,-57.275006,200925.279186,-177.322942,201541.335843,62.927228,203266.018310,100.643072,627.902861,-19.124247,630.387090,-139.002152,629.496907,59.972986,0.006241,1,0
12.533000,-57.242109,203182.945817,-177.307555,201742.710573,62.859138,201201.321390,100.757233,621.790053,-19.142976,632.017277,-139.527050,624.828702,59.969838,0.006345,1,0
12.567000,-57.217126,201498.017633,-177.417543,201970.242734,62.776549,202698.056156,100.912830,630.636032,-19.586621,625.914361,-139.376050,629.004996,59.963519,0.017058,1,0
12.600000,-57.380078,199599.485917,-177.338743,200974.000104,62.844369,202269.849761,100.326310,631.095582,-19.095052,636.110340,-139.166658,630.967224,59.962633,0.013678,1,0
12.633000,-57.257929,200571.290663,-177.476842,202651.754199,62.438759,201881.813597,101.088887,628.621484,-19.564285,629.045921,-139.814357,631.273795,59.974669,-0.002554,1,0
12.667000,-57.198388,201292.461692,-177.292068,203496.128474,62.714865,202289.880526,101.018358,629.085017,-19.083684,625.964026,-139.370760,629.524220,59.969867,0.015990,1,0
12.700000,-57.257899,201837.404164,-177.424351,202199.740651,62.734363,200012.298353,100.774855,628.473130,-19.459631,634.540173,-139.187988,629.013530,59.961260,0.001884,1,0
12.733000,-57.388620,201396.454031,-177.132991,202798.100133,62.628817,201401.787858,100.489961,632.307325,-19.085395,618.119560,-139.391318,630.593006,59.963944,0.007710,1,0
12.767000,-57.517373,201224.480788,-177.234085,201657.616249,62.714102,200901.697026,100.713261,629.608529,-19.200729,628.059961,-139.265338,627.409691,59.965752,0.005285,1,0
12.800000,-57.222453,200632.978949,-177.145871,201276.180895,62.793539,201508.403276,100.905610,628.767037,-19.147724,630.404861,-139.035847,627.107136,59.969387,-0.000009,1,0
12.833000,-57.379653,201668.916211,-177.214897,201776.612387,62.699636,200590.535096,100.806290,626.700826,-19.184497,627.916097,-139.749315,630.839008,59.968519,-0.004239,1,0
12.867000,-57.173891,200411.538532,-177.322339,200518.552938,62.723578,201643.793485,101.070808,629.334192,-19.198905,630.069343,-139.474531,626.683181,59.978501,-0.001961,1,0
12.900000,-57.220080,201459.330860,-177.174338,201812.823924,62.570944,203404.682065,101.054695,633.132060,-19.113608,635.174000,-139.214461,631.949722,59.970260,0.006167,1,0
12.933000,-57.380485,201516.500308,-177.260509,203042.058935,62.838000,201622.913326,100.721297,631.377588,-19.059076,630.596745,-139.218579,629.687748,59.967757,0.001900,1,0
12.967000,-57.252341,200632.016628,-177.096615,200062.671743,62.889509,202152.832800,100.485920,629.578033,-19.162972,631.176501,-138.997052,625.777631,59.966270,-0.001799,1,0
13.000000,-57.230966,201670.674673,-177.176517,202040.341554,62.873782,202525.971894,100.810420,629.966036,-19.328699,635.302319,-139.121878,624.379005,59.961873,-0.001157,1,0
13.033000,-57.264003,201246.877321,-177.296505,202012.657856,62.783951,202379.594570,100.564912,626.809716,-19.232223,631.472990,-139.576522,625.773113,59.960501,-0.001672,1,0
13.067000,-57.260599,202361.681089,-177.181870,203106.366041,62.551363,201147.016451,100.682359,637.030377,-18.956473,626.758212,-139.296313,624.165984,59.961183,0.007888,1,0
13.100000,-57.311030,202243.919049,-177.229860,203420.776764,62.677148,201811.056643,100.574436,624.678916,-18.889458,623.170625,-139.394611,627.990761,59.965198,-0.004177,1,0
13.133000,-57.188973,202669.116446,-177.482049,202288.524386,62.700736,201273.740624,100.605583,634.022416,-19.482262,629.649182,-139.399293,624.647354,59.955096,0.009777,1,0
13.167000,-57.379938,200697.966522,-177.313928,201042.351748,62.677404,202234.199469,100.879144,622.722457,-19.070947,626.994986,-139.176624,620.678655,59.964315,0.003406,1,0
13.200000,-57.421110,200891.874325,-177.269293,200519.095994,62.810360,201794.667565,100.732269,623.412992,-19.271049,628.129978,-139.299742,622.409472,59.959523,0.010127,1,0
13.233000,-57.513289,201057.828567,-177.472591,200693.892070,62.783334,203684.628533,100.631012,625.151833,-19.617220,625.681224,-139.123373,625.622009,59.951177,0.006181,1,0
13.267000,-57.479104,201285.052935,-177.237516,202404.683619,62.590355,203899.140047,100.414073,630.046780,-19.028115,629.020666,-139.215729,625.280456,59.961902,0.005110,1,0
13.300000,-57.358346,203147.185944,-177.310797,204707.089935,62.735973,201513.930863,100.449610,624.082320,-19.164574,637.373795,-139.309407,623.911718,59.954497,-0.011603,1,0
13.333000,-57.209117,201764.996649,-177.288055,201829.568509,62.706855,202834.404660,100.954813,627.625235,-19.115414,629.099681,-139.117945,626.456061,59.958875,0.007577,1,0
13.367000,-57.313126,200428.064935,-177.272382,202190.820166,62.685783,201465.746604,100.604543,621.795428,-19.536874,632.256079,-139.577019,630.195366,59.965018,-0.001732,1,0
13.400000,-57.313386,203502.951558,-177.434928,201817.994118,62.680526,202152.616593,100.707827,629.022730,-19.862789,627.236877,-139.471911,627.854489,59.969124,-0.009111,1,0
13.433000,-57.325696,202970.146452,-177.284457,202395.867675,62.607940,203962.389566,100.501167,629.121684,-19.346155,622.756188,-139.075115,625.151750,59.972564,0.007662,1,0
13.467000,-57.319676,204108.723036,-177.403117,202624.956327,62.690881,203549.175550,100.898893,624.504634,-19.411831,626.943378,-139.326290,631.391977,59.958862,-0.001166,1,0
13.500000,-57.150557,201651.821093,-177.280430,201796.137129,62.715065,203478.110663,100.988531,626.118673,-19.311913,625.416155,-139.267666,624.841451,59.965437,0.010716,1,0
13.533000,-57.317146,200874.396987,-177.455189,200874.404960,62.714910,203750.546422,100.740579,632.969875,-19.524427,632.683217,-139.399761,625.531944,59.967991,-0.000900,1,0
13.567000,-57.346818,201385.125772,-177.405290,203443.952654,62.607731,201862.132554,100.761959,628.786732,-19.722465,627.957140,-139.327040,625.203732,59.961799,0.006757,1,0
13.600000,-57.517449,202705.165600,-177.428979,203917.869604,62.491106,202502.502163,100.553158,631.356992,-19.435809,626.414017,-139.747327,627.768829,59.959023,-0.004562,1,0
13.633000,-57.361887,202569.877962,-177.416097,203309.440396,62.555730,203227.814221,100.554475,629.953068,-19.666396,630.440595,-139.386380,626.043586,59.955557,-0.001834,1,0
13.667000,-57.326641,202291.217043,-177.400590,202898.184466,62.736519,200430.436939,100.858236,615.165191,-19.299846,619.871382,-139.233607,627.761132,59.953618,0.002789,1,0
13.700000,-57.336415,203366.255230,-177.309570,202251.057372,62.555463,202000.249697,100.708341,627.234075,-19.382424,631.909042,-139.717986,626.274896,59.966552,-0.014144,1,0
13.733000,-57.317449,203682.174183,-177.475336,203558.127678,62.597092,201230.237028,100.880993,625.625052,-19.381075,631.933980,-139.336508,628.245041,59.956414,0.000777,1,0
13.767000,-57.191368,202138.971207,-177.528675,202364.662849,62.737918,202593.522971,100.725208,625.867265,-19.730323,628.722645,-139.358558,624.187412,59.967339,-0.000510,1,0
13.800000,-57.317662,201832.674654,-177.436722,202787.944252,62.665670,202195.335719,100.724978,629.940002,-19.475334,625.392899,-139.424101,627.053849,59.970636,0.007871,1,0
13.833000,-57.427219,203657.475747,-177.466793,203154.025152,62.389292,200674.065182,100.797813,626.160542,-19.823018,626.172310,-139.515378,632.881973,59.962821,-0.006094,1,0
13.867000,-57.243973,204730.918459,-177.229014,203894.121819,62.813857,202767.947581,100.681267,623.873767,-19.282272,629.212055,-139.384282,624.261984,59.960195,0.008966,1,0
13.900000,-57.511500,201788.348737,-177.482416,202095.706798,62.552360,202574.228084,100.484883,632.910894,-19.567456,626.430142,-139.304467,631.554921,59.962264,-0.008381,1,0
13.933000,-57.471672,203884.355624,-177.324888,201295.605907,62.723968,201786.546641,100.310539,628.296030,-19.839866,626.327019,-139.106150,624.388229,59.955924,0.013343,1,0
13.967000,-57.431274,201594.381144,-177.390713,202600.428311,62.633909,201890.914063,100.556371,625.406623,-19.235336,630.035624,-139.239703,627.559890,59.964582,0.001980,1,0
14.000000,-57.417855,201926.603885,-177.287652,202626.916353,62.778140,202464.087318,100.611456,630.281470,-19.466719,629.800829,-139.170761,630.577071,59.959498,0.003732,1,0
14.033000,-57.424651,201891.449139,-177.528342,200118.217634,62.750594,201862.319543,100.825041,635.795168,-19.801289,632.874605,-139.322560,631.430848,59.953197,0.016307,1,0
14.067000,-57.353308,201654.894300,-177.295760,203497.246312,62.442622,202168.752275,100.353933,632.389014,-19.251692,627.390353,-139.599580,634.174883,59.959809,-0.001472,1,0
14.100000,-57.251037,202033.820314,-177.473198,203366.351171,62.708823,201638.873881,100.803480,629.170548,-19.279139,632.389806,-139.634375,627.584585,59.955766,-0.008249,1,0
14.133000,-57.293803,202158.134260,-177.293418,202911.348592,62.520378,203138.811370,100.880068,630.587691,-19.550919,630.472243,-139.354765,628.171185,59.965131,-0.001466,1,0
14.167000,-57.400639,202297.196512,-177.344072,201413.786228,62.670387,201501.410361,100.644224,636.343475,-19.371398,630.264698,-139.454832,632.802229,59.961528,-0.012649,1,0
14.200000,-57.398403,202448.746257,-177.483835,204557.347676,62.619579,203042.384776,100.309705,626.735827,-19.681815,637.471686,-139.518639,630.509628,59.951307,-0.000547,1,0
14.233000,-57.378186,201738.400843,-177.528856,203084.911761,62.613573,201906.360758,100.720388,629.597739,-19.597633,629.742902,-139.428798,635.170389,59.955708,0.005429,1,0
14.267000,-57.454534,201446.023268,-177.410008,201479.640790,62.671715,203128.789608,100.439405,629.129248,-19.476666,628.042994,-139.265637,631.909388,59.960555,0.006628,1,0
14.300000,-57.218548,200906.631464,-177.452369,202523.254648,62.680243,203825.986295,100.856391,631.288528,-19.498683,631.038303,-139.185006,625.465642,59.965296,0.001922,1,0
14.333000,-57.332088,201862.941340,-177.205339,202812.307509,62.643935,203379.405395,100.849406,624.386440,-19.414518,622.526190,-139.202409,627.431889,59.956266,0.002568,1,0
14.367000,-57.149578,200726.945036,-177.623944,202930.195408,62.649278,201261.843628,100.794322,625.228233,-19.732775,630.796857,-139.304229,627.330687,59.950754,-0.001012,1,0
14.400000,-57.448301,202690.996592,-177.193742,200821.044204,62.704388,203648.762277,100.462917,631.999958,-19.262290,625.585885,-139.402982,625.457188,59.966950,0.000988,1,0
14.433000,-57.288611,200746.772529,-177.339879,202389.275118,62.885223,201549.227886,100.678794,629.413981,-19.215104,626.955338,-139.119577,626.857745,59.958274,0.003294,1,0
14.467000,-57.364223,203150.610756,-177.494285,203811.381996,62.675759,203007.791484,100.271481,625.690639,-19.599737,624.038728,-139.370273,624.113885,59.959258,-0.003620,1,0
14.500000,-57.429939,201524.580440,-177.320381,202522.870893,62.670162,201851.745622,100.135040,626.031255,-19.490596,624.393878,-139.350018,624.071882,59.957235,-0.001518,1,0
14.533000,-57.284479,201795.864056,-177.476737,202376.995132,62.820711,202442.469076,100.380362,625.656710,-19.514088,625.804001,-138.890475,627.981733,59.955414,-0.003354,1,0
14.567000,-57.344210,201977.379410,-177.434342,202874.090624,62.709191,202049.501666,100.318994,628.771478,-19.130242,627.423764,-139.007771,622.973415,59.959235,-0.004886,1,0
14.600000,-57.424858,203370.958827,-177.360329,201767.036268,62.750909,202760.739682,100.728880,627.741063,-19.932228,625.988253,-139.115840,619.942668,59.959805,0.012130,1,0
14.633000,-57.483879,201050.252226,-177.432512,201837.454285,62.601176,201724.221545,100.769241,628.753127,-19.747786,627.398629,-139.173425,623.650464,59.955344,-0.001413,1,0
14.667000,-57.396023,202815.492187,-177.366542,201815.635763,62.700730,200884.277551,100.301098,625.939389,-19.142701,621.766698,-139.161041,629.384964,59.959147,-0.005419,1,0
14.700000,-57.387924,201304.682609,-177.406815,201608.781666,62.593276,201642.336855,100.571634,623.167429,-19.442297,621.008570,-139.455390,626.731679,59.956906,0.013834,1,0
14.733000,-57.421067,201482.153408,-177.484105,201650.006804,62.583939,200576.241764,100.466961,627.080920,-19.175139,619.711552,-139.505501,626.444546,59.946288,-0.005777,1,0
14.767000,-57.323110,201256.117099,-177.445354,202297.324644,62.591721,201616.305759,100.674323,624.374966,-19.739272,624.294079,-139.518525,624.975469,59.956999,-0.003659,1,0
14.800000,-57.416388,201509.980963,-177.377251,203703.371633,62.708542,201167.678976,100.799154,633.231545,-19.520754,622.692218,-139.255844,622.774095,59.962491,0.007420,1,0
14.833000,-57.351188,203101.638683,-177.404758,201751.456275,62.698581,201440.925016,100.715213,625.897263,-19.620698,623.274965,-139.135191,627.278772,59.960253,-0.000673,1,0
14.867000,-57.409072,202491.515899,-177.248688,200962.181921,62.706838,201023.648684,100.574798,628.019932,-19.446910,629.703456,-139.082360,623.347314,59.954642,-0.010973,1,0
14.900000,-57.414363,201245.169230,-177.427838,201796.743378,62.821150,200764.924433,100.702903,624.622867,-19.085190,624.949332,-139.216089,626.463773,59.957378,-0.003205,1,0
14.933000,-57.022680,201488.363700,-177.292722,201564.335317,62.681677,201365.261011,100.879021,625.443126,-19.362783,621.309700,-139.589679,620.009563,59.951576,0.004374,1,0
14.967000,-57.271060,202310.925775,-177.311528,201020.349559,62.650866,201777.005060,100.794327,627.607752,-19.267112,631.870940,-139.151718,624.496059,59.955712,-0.006324,1,0
15.000000,-57.276129,200211.220170,-177.432566,200588.728653,62.710591,200467.422609,100.437803,621.956077,-18.891189,639.558277,-139.331506,630.629800,59.959132,-0.007515,1,0
15.033000,-57.192181,201579.609586,-177.275138,199628.794483,62.642311,201393.345252,100.817171,631.122162,-19.075592,629.401728,-139.388521,630.020821,59.949567,0.006859,1,0
15.067000,-57.508160,200505.845784,-177.417259,200048.762468,62.558335,202663.465871,100.446350,633.722407,-19.400873,629.244749,-138.997081,624.289636,59.955525,0.002677,1,0
15.100000,-57.500525,202153.642205,-177.632400,200179.158094,62.725782,200714.154015,100.217145,630.545549,-19.381570,629.805260,-139.068152,626.145818,59.962422,-0.003894,1,0
15.133000,-57.375452,200734.095414,-177.461324,202462.915751,62.455280,202686.626675,100.192883,625.923636,-19.215522,629.768779,-139.394464,633.564153,59.957228,0.007188,1,0
15.167000,-57.526280,201241.159834,-177.350093,202543.876597,62.765227,201489.297320,100.284310,627.059103,-19.641376,629.186729,-139.001453,630.216600,59.966199,0.013355,1,0
15.200000,-57.302630,200536.495925,-177.469885,202339.509671,62.460941,201186.377333,100.813737,628.675982,-19.549719,623.918884,-139.746374,625.505080,59.959457,-0.003387,1,0
15.233000,-57.527736,201064.782720,-177.642521,200069.053380,62.435843,199881.693503,100.447246,626.462235,-19.839001,631.287480,-139.591947,626.069972,59.954896,-0.006542,1,0
15.267000,-57.516874,201713.251511,-177.579937,200247.019736,62.370207,201384.560206,100.239058,618.179525,-19.398351,627.555849,-139.475469,631.949542,59.965333,0.007793,1,0
15.300000,-57.421693,201406.274506,-177.525371,201794.550881,62.528480,201007.177141,100.539197,634.258919,-19.779275,628.470242,-139.456971,631.556694,59.956428,-0.005567,1,0
15.333000,-57.460924,198258.086197,-177.416307,201090.399522,62.627445,199723.188053,100.654156,625.806709,-19.499776,629.546661,-139.395077,626.744589,59.960884,-0.006348,1,0
15.367000,-57.480441,202716.399946,-177.500490,201625.967518,62.516087,200452.776508,100.336334,633.091848,-19.310531,626.047705,-139.621188,630.231624,59.961061,0.009386,1,0
15.400000,-57.442960,201317.830824,-177.584905,201452.310879,62.481256,199909.402222,100.290950,618.229219,-19.585188,624.958118,-139.560448,627.354345,59.958094,0.005420,1,0
15.433000,-57.339039,199880.743069,-177.573575,199447.344577,62.600585,199908.685669,100.392887,630.787221,-19.961726,627.543840,-139.012735,629.593557,59.959790,0.009441,1,0
15.467000,-57.558299,200427.330584,-177.440720,201979.890823,62.541341,201113.763044,100.292754,618.049774,-19.718178,630.050316,-139.590480,631.779363,59.958562,0.010948,1,0
15.500000,-57.249829,199906.057009,-177.440643,201713.845316,62.433904,201489.818517,100.938148,621.212236,-19.423463,621.576317,-139.834910,620.517471,59.968733,-0.006739,1,0
15.533000,-57.394829,202259.485948,-177.545334,200471.914902,62.509393,200170.932623,100.442067,612.303685,-19.442388,623.073990,-139.143014,618.768345,59.961271,0.013308,1,0
15.567000,-57.278643,200788.712903,-177.443746,200777.121740,62.558109,200551.740925,100.856659,619.648112,-19.304340,623.305910,-139.852914,621.576830,59.959858,0.000156,1,0
15.600000,-57.478973,200595.808442,-177.510590,200356.471470,62.498236,202108.214364,100.608529,617.622114,-19.648219,618.833619,-139.514161,617.618129,59.967963,-0.010153,1,0
15.633000,-57.430461,200440.790352,-177.421577,202262.277669,62.474735,201110.039711,100.595034,617.473579,-19.267480,612.093319,-139.555191,621.130904,59.959082,0.006509,1,0
15.667000,-57.516504,198791.606404,-177.504086,199823.775708,62.450478,201385.035619,100.274473,621.834663,-19.849101,614.504374,-139.543232,619.183779,59.964831,0.006092,1,0
15.700000,-57.390437,200677.159940,-177.573289,201500.071208,62.431332,199555.000201,100.799438,621.230477,-19.401974,614.072744,-139.795253,616.362054,59.965272,0.004015,1,0
15.733000,-57.500207,201066.713776,-177.531239,199728.350269,62.635251,200034.752550,100.740423,612.471803,-19.407525,610.597622,-139.545850,619.422254,59.972313,-0.003164,1,0
15.767000,-57.590063,199193.277549,-177.290904,200231.332223,62.588359,199625.421614,100.084421,620.120107,-19.149887,619.751316,-139.271918,616.068503,59.964803,0.011284,1,0
15.800000,-57.497604,200172.372062,-177.516537,199595.977623,62.616078,201386.562880,100.634439,613.144912,-19.396919,614.459923,-139.344960,613.945490,59.968020,0.005053,1,0
15.833000,-57.579054,199872.567815,-177.517333,200784.341922,62.476863,200658.054038,100.685403,621.158276,-19.807722,622.090406,-139.433198,614.217955,59.968704,0.004703,1,0
15.867000,-57.259838,200272.431575,-177.574635,200110.478714,62.648651,200056.524798,101.069451,621.504554,-19.330824,614.108449,-139.570475,614.345494,59.966605,0.002834,1,0
15.900000,-57.577316,199853.737310,-177.505340,200362.379572,62.405684,199417.342435,100.306827,612.297753,-19.297931,612.591317,-139.468758,615.937323,59.963736,0.011756,1,0
15.933000,-57.597845,200118.286820,-177.527649,199594.620663,62.712926,200607.734373,100.222094,621.601828,-19.543673,624.322031,-139.227502,627.077710,59.965410,0.005874,1,0
15.967000,-57.447427,200507.766580,-177.263079,201099.190938,62.549311,200553.532108,100.625176,617.864678,-19.693648,614.089058,-139.347778,626.123857,59.960715,0.004176,1,0
16.000000,-57.465275,202207.779770,-177.311836,200229.993756,62.741854,201764.859212,100.558769,618.490488,-19.126386,618.763396,-138.972780,625.684134,59.969161,-0.002727,1,0
16.033000,-57.458799,200246.532463,-177.452058,200736.039686,62.612325,199279.002549,100.527355,618.967833,-19.322086,619.346201,-139.447655,625.123624,59.975563,-0.012589,1,0
16.067000,-57.547441,202734.388810,-177.323205,200296.982443,62.767360,198135.324990,100.207017,617.183007,-19.607454,613.546926,-139.511045,613.937535,59.961426,-0.021809,1,0
16.100000,-57.416150,201174.328543,-177.375011,200770.870988,62.533244,201154.144593,100.247890,612.939888,-19.531141,614.012423,-139.604047,615.736579,59.971393,-0.004724,1,0
16.133000,-57.553874,199156.154109,-177.276261,201992.097374,62.742246,200212.734176,100.451813,613.672749,-19.052038,623.535391,-139.333621,619.649826,59.965733,0.000678,1,0
16.167000,-57.440522,200845.816322,-177.382478,199261.411920,62.904141,200799.500222,100.386479,618.931273,-19.358162,622.872083,-139.037162,620.797629,59.971998,0.008275,1,0
16.200000,-57.364041,200569.303980,-177.295154,200922.072972,62.590539,199365.413225,100.722450,622.889880,-19.460022,620.318584,-139.399952,618.925182,59.965996,-0.009805,1,0
16.233000,-57.353240,200798.204987,-177.488552,200687.451636,62.703332,200599.331112,101.030121,619.518572,-19.523978,621.483226,-139.314374,616.253418,59.967773,0.000511,1,0
16.267000,-57.338900,200803.848739,-177.394241,201648.388164,62.586990,200695.275673,100.661663,613.895873,-19.243299,616.614712,-139.423658,618.086217,59.962634,-0.001183,1,0
16.300000,-57.424208,200473.462424,-177.335519,199384.707462,62.617240,200007.376368,100.725214,625.163278,-19.409613,619.587049,-139.451923,616.350082,59.971696,0.003958,1,0
16.333000,-57.499911,200144.456220,-177.377700,200131.085508,62.467576,202180.491835,100.154223,620.748884,-19.191541,617.420698,-139.425261,621.216735,59.968009,0.003456,1,0
16.367000,-57.393151,199891.951689,-177.389188,200547.611004,62.351373,202058.186034,100.440717,622.061722,-19.421827,623.216178,-139.603401,617.966513,59.973439,-0.004673,1,0
16.400000,-57.446436,201533.306765,-177.430156,200627.072050,62.497283,200634.071055,100.683884,623.912316,-19.472669,619.168839,-139.565959,620.322369,59.970834,-0.002370,1,0
16.433000,-57.465804,199481.336521,-177.589194,201578.600065,62.742654,200519.486438,100.621590,617.667595,-19.367891,620.861326,-139.252940,618.149852,59.970162,0.000084,1,0
16.467000,-57.481135,201215.931135,-177.343513,201555.965065,62.489851,201082.356794,100.741932,614.000235,-19.516233,617.362044,-139.408745,621.648205,59.970821,-0.000375,1,0
16.500000,-57.613967,201585.795736,-177.485033,201570.686255,62.493164,202574.934808,100.208124,621.750608,-19.670180,619.942146,-139.412473,621.577828,59.964899,-0.004319,1,0
16.533000,-57.300928,200792.768343,-177.424361,201267.486590,62.437289,199213.212798,100.455028,618.584403,-19.415064,627.803476,-139.089475,622.313380,59.966644,-0.011715,1,0
16.567000,-57.381515,201194.554204,-177.484127,201420.991391,62.380045,200647.764718,100.500460,626.127437,-19.303758,624.321004,-139.360359,622.153348,59.966294,-0.002892,1,0
16.600000,-57.447925,199108.240124,-177.582013,201476.939158,62.432313,202084.079465,100.508247,626.435043,-19.575632,625.964037,-139.871969,615.724407,59.958933,-0.007502,1,0
16.633000,-57.454092,200081.767872,-177.525792,200613.334945,62.439101,200161.030945,100.353255,612.564132,-19.623031,621.685348,-139.536109,618.170618,59.961431,0.008681,1,0
16.667000,-57.328331,200597.244399,-177.508645,202269.764886,62.499445,199813.221894,100.503388,617.071611,-19.500207,620.504067,-139.735892,622.880630,59.952978,0.002867,1,0
16.700000,-57.534643,201069.297868,-177.590263,200779.001443,62.656597,201960.244502,100.374997,623.738719,-19.774696,624.081106,-139.574866,616.480341,59.964681,0.002488,1,0
16.733000,-57.573370,201191.948637,-177.477900,202167.670380,62.602543,200185.535621,100.474691,620.947768,-19.454631,620.988935,-139.475637,616.024782,59.962889,-0.001228,1,0
16.767000,-57.678298,201168.788311,-177.576799,201555.911588,62.660435,201602.048590,100.409813,620.698651,-19.636407,619.502430,-139.244136,614.681572,59.956682,-0.015846,1,0
16.800000,-57.681757,200043.971194,-177.440001,201257.056269,62.596095,200789.010528,100.621339,625.354246,-19.783200,621.801346,-139.455802,624.259698,59.963349,0.000320,1,0
16.833000,-57.402797,201937.530821,-177.536291,203501.675697,62.422091,201230.620044,100.691000,618.499462,-19.519162,625.980456,-139.613153,614.311920,59.961561,0.010487,1,0
16.867000,-57.435796,204329.407855,-177.429174,200673.252141,62.486068,201722.958396,100.798433,616.178342,-19.597988,622.851013,-139.439919,620.655078,59.954672,0.001261,1,0
16.900000,-57.451142,200441.777807,-177.507280,202673.755962,62.676317,201798.947010,100.297942,621.443541,-19.463710,614.214358,-139.359188,618.016804,59.964668,0.002650,1,0
16.933000,-57.380340,200340.178378,-177.442165,202682.001038,62.839125,202044.371407,100.762224,618.328384,-19.156292,620.015260,-139.203331,623.219218,59.968101,0.007549,1,0
16.967000,-57.346390,199991.489039,-177.618279,201995.863080,62.449999,201363.696684,100.481937,614.439925,-19.685896,614.973881,-139.385504,620.490527,59.957619,0.006591,1,0
17.000000,-57.313574,201682.843833,-177.457848,201858.954627,62.708110,200200.737499,101.004298,617.784527,-19.653142,620.095447,-139.142815,619.155329,59.950338,0.006732,1,0
17.033000,-57.345963,201081.402122,-177.421791,203060.103520,62.751045,200902.606710,100.965671,620.287799,-19.982178,617.402672,-139.290448,618.316052,59.954974,-0.005377,1,0
17.067000,-57.426222,200635.931875,-177.310472,201037.877368,62.517007,200561.505402,100.401691,618.803266,-19.326283,611.289536,-139.546820,617.525665,59.959728,0.002108,1,0
17.100000,-57.374978,200813.053112,-177.318197,201147.641278,62.604247,203358.539534,100.607454,615.477669,-19.365334,615.344571,-139.496715,618.389687,59.958277,0.008565,1,0
17.133000,-57.298634,202972.730403,-177.531942,202022.222382,62.798111,202060.542288,100.508325,620.410836,-19.449146,623.549045,-139.592598,618.979453,59.966829,0.008598,1,0
17.167000,-57.541460,201505.292207,-177.423161,200779.369917,62.526599,200999.116648,100.586122,617.881805,-19.080625,621.669179,-139.982480,619.519806,59.958482,-0.004404,1,0
17.200000,-57.261189,200719.687283,-177.323976,200875.439272,62.601780,200202.484077,100.386911,614.527702,-19.484218,619.142725,-139.150147,617.410938,59.961342,-0.000738,1,0
17.233000,-56.984901,201188.365162,-177.213060,200173.828015,62.526786,200563.437414,101.438743,619.623263,-19.232113,614.055784,-139.555032,626.960393,59.961054,-0.014799,1,0
17.267000,-57.447880,202708.410716,-177.455296,203096.938460,62.709442,201819.428961,100.789322,623.931942,-19.260201,615.839954,-139.304776,624.304880,59.963362,-0.002726,1,0
17.300000,-57.395522,199547.970289,-177.341277,201496.057511,62.515104,202449.993579,100.490450,619.619349,-19.208786,619.902153,-139.400800,613.662353,59.966665,-0.004761,1,0
17.333000,-57.290857,201856.617217,-177.460915,201604.942846,62.713345,199900.207791,100.702329,618.386823,-19.643047,617.110653,-139.281042,620.721967,59.960463,-0.005722,1,0
17.367000,-57.258301,201442.808159,-177.463031,199264.846757,62.657860,201704.659932,100.720384,617.207150,-19.308428,618.053257,-139.366554,618.105101,59.959504,0.003246,1,0
17.400000,-57.364663,200405.623447,-177.474021,202071.025463,62.601609,201224.306828,100.577881,624.698511,-19.382777,622.518748,-139.570025,622.340378,59.952635,-0.005881,1,0
17.433000,-57.402859,201781.244987,-177.547163,201587.232301,62.713576,201511.902265,100.573172,621.600498,-19.256888,623.564222,-139.242028,619.136246,59.956936,0.002580,1,0
17.467000,-57.236846,201390.352427,-177.347885,200978.111457,62.799373,201635.286053,100.929292,618.387048,-19.561803,618.201529,-139.243679,626.734533,59.950884,-0.010477,1,0
17.500000,-57.383589,200665.731065,-177.334875,202129.303767,62.727217,200781.301092,100.758486,622.064756,-19.535983,622.063628,-139.171843,619.058729,59.949501,0.000584,1,0
17.533000,-57.369998,202241.707466,-177.394996,203775.262880,62.683606,202124.951952,100.552549,624.877354,-19.402745,625.604121,-139.597099,629.789846,59.956969,-0.001626,1,0
17.567000,-57.190954,201667.007794,-177.357059,201119.129228,62.773109,199757.279415,100.618267,622.120627,-19.409665,622.674718,-139.246437,623.951112,59.951820,-0.003789,1,0
17.600000,-57.378180,200876.269873,-177.083476,200742.496144,62.567893,200598.245233,100.680873,624.274413,-19.099858,626.111942,-139.629670,624.026939,59.957401,-0.001448,1,0
17.633000,-57.435699,200582.658869,-177.340668,202838.979380,62.431787,200835.736345,100.530336,629.606153,-19.218595,625.943500,-139.478332,626.541150,59.955090,0.005926,1,0
17.667000,-57.407060,201530.075754,-177.408532,200878.860480,62.523532,201540.817746,100.675400,627.408855,-19.432516,627.825309,-139.699990,629.345924,59.949771,0.001766,1,0
17.700000,-57.404814,201790.383028,-177.285062,203144.437146,62.525497,199553.518741,100.618265,619.354593,-19.075874,623.742213,-139.315709,617.754851,59.945900,0.006877,1,0
17.733000,-57.373304,202284.306426,-177.438465,201752.232595,62.587267,202834.344901,100.650901,621.250845,-19.464059,621.260650,-139.329681,627.148826,59.949706,0.006448,1,0
17.767000,-57.360521,201262.425315,-177.323424,201434.654680,62.615598,201514.978088,100.843418,623.875809,-19.225394,618.999987,-139.290594,619.714908,59.952030,0.012767,1,0
17.800000,-57.340263,201603.638263,-177.179590,199725.111108,62.734649,201104.849923,100.397312,623.134541,-19.276200,621.492647,-139.344051,616.197736,59.956514,0.002699,1,0
17.833000,-57.130063,201255.956667,-177.190303,202504.631927,62.748219,201994.504895,100.871825,628.860744,-19.188581,622.200917,-139.240578,625.997823,59.958666,0.009208,1,0
17.867000,-57.136544,199501.387890,-177.222113,200594.304947,62.731648,200198.119873,100.765003,620.398340,-19.228782,623.462493,-139.051261,622.002196,59.957370,-0.000287,1,0
17.900000,-57.488020,201060.437084,-177.195933,200098.320271,62.659276,201675.390740,100.735287,618.763751,-19.127798,620.486477,-139.267073,625.025649,59.964144,-0.002302,1,0
17.933000,-57.057438,201398.955493,-177.437881,201160.824973,62.680615,201858.462640,101.074057,622.710883,-19.390282,620.547583,-139.356409,626.305478,59.966448,-0.005291,1,0
17.967000,-57.113864,201759.434121,-177.315552,200373.852380,62.627848,201217.407333,100.734643,621.585041,-19.298261,620.872719,-139.726699,620.370595,59.966491,0.001744,1,0
18.000000,-57.371215,201350.145707,-177.183479,202077.358125,62.725366,201183.221742,100.605353,625.479629,-19.168849,619.784129,-139.111269,621.452579,59.958624,-0.009588,1,0
18.033000,-57.237553,200210.688306,-177.234352,201192.577428,62.663261,200829.756907,100.605891,621.741534,-19.169120,625.086816,-139.422027,620.428901,59.962893,-0.009687,1,0
18.067000,-57.256754,200999.859713,-177.168589,200870.613350,62.777119,199404.416070,100.858752,623.869523,-19.219227,620.098314,-139.016596,620.640244,59.967103,0.007795,1,0
18.100000,-57.057724,200645.563152,-177.434349,200465.309035,62.709065,201309.628959,101.041012,621.130220,-19.324709,621.931676,-139.149325,626.623442,59.966419,-0.002855,1,0
18.133000,-57.310732,201528.242598,-177.127774,200554.115480,62.756441,199985.189303,100.707386,629.234149,-19.013540,619.109367,-139.488213,618.959829,59.965353,0.002913,1,0
18.167000,-57.232173,200788.699766,-177.175183,200975.302556,62.725825,202243.493994,100.764642,619.506532,-19.327178,617.895305,-139.304185,622.651960,59.961176,0.005062,1,0
18.200000,-57.393655,201247.088079,-177.315089,201872.023563,62.837049,201036.602832,100.419783,620.258748,-18.886706,617.703154,-139.098450,617.769492,59.952211,0.002756,1,0
18.233000,-57.300097,200684.451865,-177.101597,200473.639636,62.647187,200918.869781,100.712174,618.252971,-19.249873,621.416127,-139.287564,617.763758,59.961564,-0.008954,1,0
18.267000,-57.151919,200346.869724,-177.213942,200532.840992,62.747862,201826.496348,100.507041,625.211133,-19.266020,612.198392,-139.222854,617.813929,59.960159,-0.005354,1,0
18.300000,-57.253159,202402.191440,-177.207200,200377.758506,62.763829,200241.703602,100.960923,622.444793,-19.097953,617.781322,-139.467970,621.586526,59.953394,-0.011542,1,0
18.333000,-56.944073,202205.696666,-177.307331,200398.234616,62.746484,200775.210888,101.022862,617.622065,-19.149942,624.242169,-139.199484,619.109048,59.951374,0.004837,1,0
18.367000,-57.368082,201844.270219,-177.176044,201948.064829,62.713178,200522.008937,100.652234,616.052026,-19.288450,630.514486,-139.304820,613.189274,59.958549,-0.010963,1,0
18.400000,-57.190114,199929.490680,-177.124087,200407.872888,62.594091,200781.386871,100.859161,615.970171,-19.045796,621.306208,-139.495020,617.144966,59.957435,-0.006703,1,0
18.433000,-57.287371,199959.869532,-177.308259,200190.189390,62.804100,200735.103347,100.666440,614.863047,-19.464879,615.951809,-139.171458,623.395585,59.963724,-0.001020,1,0
18.467000,-57.366463,200032.706284,-177.346220,200082.030363,62.743779,200458.513952,100.675337,627.674919,-19.034959,619.262358,-139.333116,620.574820,59.960509,-0.018639,1,0
18.500000,-57.427915,201598.179422,-177.182437,199543.177343,62.847961,199696.863533,100.428741,632.830313,-19.372516,622.302021,-139.130404,621.933989,59.960425,-0.000533,1,0
18.533000,-57.199672,199181.217683,-177.386855,200165.471546,62.805491,201444.392616,100.906945,627.546285,-19.865099,621.277149,-139.420284,624.371032,59.964838,-0.012549,1,0
18.567000,-57.414385,201031.283668,-177.543476,199489.843937,62.611215,201471.228058,100.743760,623.066622,-19.306911,626.129990,-139.424881,628.646457,59.963449,-0.001064,1,0
18.600000,-57.367557,201247.375241,-177.228363,200235.118998,62.715239,201012.004150,100.767745,617.680551,-19.391696,623.706815,-139.280505,621.630058,59.965963,0.004182,1,0
18.633000,-57.358504,201653.487311,-177.208414,200324.507379,62.670543,200322.311174,100.737844,624.248523,-19.151678,619.745004,-139.179189,624.625962,59.962017,0.005544,1,0
18.667000,-57.353735,200316.216621,-177.306857,198646.051138,62.656419,201007.356765,100.658794,616.969679,-19.187848,623.229701,-139.576313,622.126913,59.966649,-0.004374,1,0
18.700000,-57.261814,201573.085231,-177.193364,201040.834459,62.836374,201549.222401,100.445902,623.195265,-19.332154,621.506040,-139.278701,626.450409,59.964610,-0.009229,1,0
18.733000,-57.226861,202035.011852,-177.259370,199614.196599,62.797920,200646.329226,100.814408,621.808723,-19.362071,622.294077,-139.057289,621.322067,59.963056,-0.001637,1,0
18.767000,-57.367144,201120.881700,-177.311274,200930.845967,62.859692,202008.542300,100.556900,621.888531,-19.108471,623.512291,-138.786011,623.930603,59.966459,-0.001902,1,0
18.800000,-57.328943,202455.211088,-177.469013,202310.540782,62.785198,202229.510867,100.635374,621.878574,-19.331706,627.094899,-139.228626,625.284151,59.961522,-0.013043,1,0
18.833000,-57.232998,201198.083141,-177.447240,202047.153064,62.590754,201100.189646,100.911224,617.255886,-19.289074,623.394171,-139.486579,621.388703,59.958449,-0.002313,1,0
18.867000,-57.236886,202799.219032,-177.397759,202285.598956,62.506042,201720.398722,101.067614,622.504876,-19.518916,616.485410,-139.102725,618.329702,59.957838,-0.003755,1,0
18.900000,-57.528280,202251.438716,-177.400144,200662.722836,62.557565,201900.146889,100.735753,620.794985,-19.577618,614.778585,-139.220622,624.623476,59.958100,0.003979,1,0
18.933000,-57.268422,201864.261169,-177.294041,204330.650924,62.241477,200963.461202,100.679537,616.245762,-19.645385,619.565092,-139.875312,626.943750,59.954465,0.011643,1,0
18.967000,-57.294157,201423.676809,-177.295513,203520.767821,62.615773,201656.190220,100.583816,623.165720,-19.089903,625.765678,-139.377560,619.138051,59.959251,-0.005449,1,0
19.000000,-57.436593,202540.909414,-177.113007,203745.580972,62.591907,203247.733247,100.657498,624.967400,-18.727240,623.109120,-139.473838,622.941689,59.962772,-0.000299,1,0
19.033000,-57.325745,202086.668880,-177.405745,200572.063578,62.698887,198603.101816,100.785224,624.532293,-19.385596,624.712442,-139.187881,626.237768,59.968289,0.000416,1,0
19.067000,-57.457432,201914.800419,-177.388835,204030.362004,62.613145,202490.302201,100.468063,627.029447,-19.447750,624.956427,-139.180318,623.705936,59.964690,0.000400,1,0
19.100000,-57.370102,202842.595230,-177.218034,201286.731862,62.400365,202652.583775,100.382558,622.954330,-19.263070,623.427640,-139.741315,627.114238,59.964933,-0.006288,1,0
19.133000,-57.426701,201367.138357,-177.416379,201032.386399,62.622528,201657.036489,100.912695,627.412630,-19.544079,623.475317,-139.579170,624.625804,59.951682,-0.004670,1,0
19.167000,-57.298736,202166.590753,-177.240467,201440.147619,62.439986,202343.774508,100.373911,625.940333,-19.438643,626.524203,-139.534632,625.524158,59.950744,0.010537,1,0
19.200000,-57.382363,203453.132378,-177.374349,202586.144270,62.511523,204350.077473,100.777544,623.198022,-19.547323,630.264352,-139.727834,622.980443,59.959407,0.001868,1,0
19.233000,-57.458261,201338.742147,-177.416332,201833.397802,62.533107,203413.956873,100.543363,624.788031,-19.038272,629.348640,-139.462136,625.061635,59.966086,0.011008,1,0
19.267000,-57.239163,203469.366538,-177.334542,204122.300183,62.485200,203053.801859,100.911680,618.922534,-19.370539,613.318448,-139.498972,621.846302,59.960809,0.001142,1,0
19.300000,-57.378384,202836.135190,-177.153723,203720.187345,62.626498,203259.022542,100.508737,622.831010,-19.175248,629.779277,-139.377384,626.224202,59.966405,0.001383,1,0
19.333000,-57.241756,202444.665064,-177.358182,202075.854932,62.638554,203155.778461,100.751559,623.375366,-19.303256,633.459710,-139.663881,624.843059,59.960379,-0.011482,1,0
19.367000,-57.357447,203253.356481,-177.361010,203817.995430,62.616616,200758.316674,100.691906,622.670415,-19.422078,627.592288,-139.601176,627.176867,59.958010,-0.002101,1,0
19.400000,-57.348452,200557.057345,-177.379406,201138.065135,62.729235,204007.282761,100.544925,626.479016,-19.140842,630.973129,-139.327585,630.762714,59.957511,-0.016348,1,0
19.433000,-57.518428,202715.276911,-177.362199,205331.087367,62.639367,202402.219326,100.539156,623.736772,-18.912843,628.815290,-139.189027,629.004379,59.962560,-0.003675,1,0
19.467000,-57.373049,202416.820028,-177.342897,202776.208098,62.771835,203628.956790,100.105858,627.085407,-19.009076,628.671428,-138.945940,629.057223,59.968064,0.011809,1,0
19.500000,-57.343753,202976.796183,-177.292709,204259.986848,62.497173,203977.746074,100.749734,626.524076,-19.235480,635.676082,-139.776128,633.692777,59.959946,-0.002940,1,0
19.533000,-57.272452,201772.831292,-177.135642,201914.042070,62.576597,203379.010261,100.822092,630.221576,-19.229453,619.093263,-139.277955,630.605687,59.963732,0.002433,1,0
19.567000,-57.289984,202828.204407,-177.365407,201797.166139,62.700737,204427.067437,100.697480,628.782524,-19.204119,631.215570,-139.014444,623.792709,59.969382,0.002553,1,0
19.600000,-57.295115,201925.511775,-177.224816,202517.887424,62.727640,202221.887374,100.606514,630.811342,-19.165961,625.821858,-139.384404,623.699295,59.972861,-0.002682,1,0
19.633000,-57.328948,202113.482402,-177.312374,202616.724593,62.659099,203217.648719,100.549631,625.924342,-18.971768,625.486926,-139.511557,625.020343,59.968007,-0.008203,1,0
19.667000,-57.269826,203589.444793,-177.314057,202675.945000,62.803477,202798.428712,100.421237,629.527632,-19.442822,630.660823,-139.294479,634.628772,59.963740,-0.005471,1,0
19.700000,-57.156022,203149.385771,-177.283109,202485.221265,62.756803,202521.436374,100.756169,631.318219,-19.488448,633.965478,-139.307442,633.864291,59.962760,-0.004356,1,0
19.733000,-57.396604,204353.086869,-177.329591,200944.506004,62.749735,201283.130481,100.353510,638.027254,-19.486231,630.767512,-139.198791,636.505934,59.965463,0.001412,1,0
19.767000,-57.162643,202655.860371,-177.268224,202985.125795,62.732717,202410.859967,100.811259,629.139277,-19.321196,638.345101,-139.367145,632.019024,59.974567,0.007575,1,0
19.800000,-57.173370,202735.690962,-177.282352,205041.373699,62.760189,203836.024548,100.985037,636.609690,-19.039178,631.788033,-139.096834,638.298150,59.967835,0.006338,1,0
19.833000,-57.103210,202758.490132,-177.248519,205709.699431,62.850901,201203.071257,101.227812,637.740023,-19.123421,634.572808,-138.893458,635.678626,59.966772,-0.001459,1,0
19.867000,-57.110935,204583.644895,-177.205762,203573.377236,62.927632,202583.830191,100.734763,637.880350,-19.345095,633.068764,-138.772470,633.618655,59.970367,-0.000929,1,0
19.900000,-57.291124,202608.445805,-177.277946,203225.350076,62.808692,202080.933691,100.690371,639.339433,-19.334332,629.550357,-139.203210,637.440498,59.962161,0.010344,1,0
19.933000,-57.240317,201854.322397,-177.214586,204843.435139,62.860531,203108.632563,100.662582,643.556218,-19.649209,633.544915,-138.872282,643.857094,59.965682,-0.007280,1,0
19.967000,-57.274966,203713.523980,-176.958198,203061.887666,62.725029,201595.179430,100.578141,636.368583,-19.186258,638.061111,-139.326821,630.674568,59.965666,0.009146,1,0
20.000000,-57.042826,202877.614603,-177.243665,203945.553508,62.958193,204540.194876,101.077830,635.030721,-19.434106,635.470451,-138.903646,641.427480,59.956954,0.000231,1,0
20.033000,-57.328417,203633.388234,-177.014192,203456.647174,62.747881,203123.087147,100.646897,637.082288,-18.957374,636.083291,-139.216422,638.155483,59.954797,0.007015,1,0
20.067000,-57.031200,203714.560208,-177.185970,204376.150777,62.912485,202625.769124,100.887232,635.621367,-19.233431,637.891230,-139.365268,633.509677,59.958164,0.000989,1,0
20.100000,-57.282832,204069.722829,-177.131617,204307.810576,62.903410,203731.865792,100.673486,634.112002,-19.240689,634.883543,-139.014679,639.592080,59.955772,-0.000903,1,0
20.133000,-57.060126,203927.275340,-177.242084,202598.592335,63.007835,204244.375842,100.945657,638.902062,-19.314793,642.047861,-139.023251,632.959702,59.955736,-0.008404,1,0
20.167000,-57.056484,204178.074812,-177.239594,202561.798641,62.854834,202477.869623,100.841182,636.944888,-19.324126,637.817464,-139.286268,633.464456,59.957034,-0.003370,1,0
20.200000,-57.068343,204158.103551,-177.107875,204635.967007,62.893002,203278.547106,101.219486,634.723285,-18.628408,631.694767,-139.456827,631.278591,59.958552,0.004264,1,0
20.233000,-57.072192,204013.385057,-177.152610,203872.359332,62.987951,203292.187348,100.941324,632.626401,-19.314824,639.259367,-139.054947,641.506554,59.957584,0.003079,1,0
20.267000,-57.173807,204878.389587,-177.040519,204630.917858,62.961660,205198.848011,100.979676,637.053820,-18.801147,631.777860,-139.006678,633.705126,59.952980,0.003539,1,0
20.300000,-57.053985,205494.452390,-176.939587,203181.627375,63.020610,203876.285218,101.387740,635.361632,-19.113723,637.297503,-138.906758,635.537363,59.951726,-0.009958,1,0
20.333000,-57.072540,203963.255878,-177.103524,204759.065742,62.832741,202880.952247,101.109379,639.734030,-19.363660,636.276669,-139.469085,636.325452,59.954673,0.001336,1,0
20.367000,-57.028037,203672.120947,-177.024187,204098.345189,62.779113,204341.711846,100.746643,640.123837,-19.201434,638.408598,-139.086395,638.304925,59.954696,-0.006859,1,0
20.400000,-57.188471,203679.429090,-177.195702,203572.811050,62.924566,202601.571082,101.021036,634.922351,-18.884104,634.491554,-139.211679,636.479302,59.955704,0.001438,1,0
20.433000,-57.033234,204882.754694,-177.112110,204803.559184,62.866709,203869.933195,100.722536,642.027902,-19.127369,635.447892,-139.183605,641.098612,59.956848,0.003122,1,0
20.467000,-57.099874,203471.512252,-177.014360,203949.781988,62.876289,202261.842614,101.125467,632.105400,-19.118255,634.014015,-139.225758,635.811063,59.948075,0.010856,1,0
20.500000,-57.221066,204413.353212,-176.938496,203832.379157,62.964553,203520.780874,100.917165,635.089187,-19.175638,631.386310,-138.868117,639.626129,59.955520,-0.009557,1,0
20.533000,-56.993879,202783.154599,-177.074492,204586.284260,63.041209,202737.181563,101.189317,634.816645,-19.003215,631.919202,-138.897642,632.502703,59.952777,-0.001358,1,0
20.567000,-56.977527,203999.504299,-176.999600,204517.981383,63.063511,206264.046276,101.038422,637.036242,-18.845395,631.600871,-139.043640,635.671805,59.947421,-0.002516,1,0
20.600000,-57.236971,203049.093388,-177.014808,202111.600044,62.934509,203476.930173,101.038667,632.043884,-19.005170,631.518523,-139.011339,626.341525,59.940008,-0.004077,1,0
20.633000,-57.136240,205329.584563,-177.195184,204537.347906,62.859114,205144.227283,100.886128,632.475699,-18.965116,640.054049,-139.182835,635.712037,59.944028,-0.004040,1,0
20.667000,-57.002365,205823.416947,-177.003931,203335.920592,63.191674,202167.413624,100.923828,636.703519,-18.840788,632.756269,-139.055227,638.095300,59.949154,-0.003962,1,0
20.700000,-56.861954,202987.908510,-176.976666,203929.086494,63.088462,203075.470975,101.117945,635.316323,-18.822542,640.808552,-138.754558,635.275096,59.945766,-0.001012,1,0
20.733000,-57.098085,203326.931075,-177.288563,203489.163517,62.992564,205806.720645,100.753694,631.220479,-19.129014,635.378348,-139.003451,634.417734,59.949132,0.007721,1,0
20.767000,-57.013824,205082.685641,-177.027816,203802.631228,63.142582,204288.514949,101.043269,628.386390,-18.957243,631.550872,-138.947738,629.590165,59.948842,0.002060,1,0
20.800000,-57.053234,203337.086023,-177.057173,203596.594043,63.137461,201901.215811,100.786262,634.331576,-19.050606,622.971114,-138.798956,634.990282,59.948628,0.005843,1,0
20.833000,-57.048074,204960.425806,-176.983290,202044.752818,63.112354,203116.895785,100.726216,631.090553,-18.920919,636.028596,-138.740566,632.768152,59.948596,0.000167,1,0
20.867000,-56.928983,203443.836334,-176.974170,203750.851559,62.891062,203944.739843,100.963189,638.946178,-19.129025,631.609140,-139.084883,638.545146,59.946351,0.008069,1,0
20.900000,-57.089597,203197.564627,-177.042934,202450.851005,62.913223,203357.500819,100.791875,636.854799,-18.955808,641.623258,-139.033946,638.106784,59.943729,0.000203,1,0
20.933000,-57.148313,200568.169688,-177.083061,203178.410428,62.930180,202317.720395,100.868988,632.900499,-19.066828,637.660501,-138.935745,638.717090,59.944044,0.007875,1,0
20.967000,-56.888746,201229.796612,-177.243510,202532.740787,62.709070,202110.430691,101.364676,643.880909,-19.338167,639.571824,-139.081705,630.311127,59.942478,0.010581,1,0
21.000000,-57.093899,201372.716011,-177.184163,202948.560973,62.959026,201874.593709,101.025078,631.654098,-19.088468,636.543352,-138.901975,626.833298,59.942373,-0.003693,1,0
21.033000,-57.055701,202985.251225,-177.167852,202292.849831,62.964400,201420.760964,100.655766,635.250623,-19.437614,631.300177,-139.133555,633.822445,59.947360,0.004267,1,0
21.067000,-57.193534,202219.652499,-177.285564,202115.739828,62.916931,201497.620052,100.903142,634.443376,-18.825497,629.632418,-139.097941,634.249055,59.949411,0.002694,1,0
21.100000,-57.140136,203297.886029,-177.199540,202453.487897,62.867676,203883.262848,101.256675,641.045254,-19.006201,637.535769,-139.138559,633.981129,59.956033,-0.002554,1,0
21.133000,-57.197868,201618.857732,-176.995753,203789.096754,63.045515,203289.552632,100.587134,630.871627,-18.935629,634.064198,-139.045760,640.826437,59.946923,-0.000981,1,0
21.167000,-57.097035,202571.392807,-177.097481,204266.579360,62.786484,201332.556351,100.968719,630.799376,-18.765623,640.268707,-139.156407,632.059782,59.949084,0.011212,1,0
21.200000,-56.870019,202179.414352,-177.027071,202820.766347,63.017792,202728.453507,101.467205,632.655550,-19.353775,632.770130,-138.859477,633.994095,59.951385,0.000524,1,0
21.233000,-57.146219,204749.964653,-177.194881,203502.227585,62.912059,202427.354526,101.132062,639.192588,-19.224671,642.279230,-139.016853,637.521058,59.950000,0.002565,1,0
21.267000,-57.257843,201837.026493,-177.045293,201482.203322,62.883906,199866.277018,100.658426,631.309177,-19.072974,638.755317,-138.904197,636.405451,59.952158,0.004418,1,0
21.300000,-57.333069,201970.104388,-177.008532,203433.772910,62.892790,201489.441450,100.981745,642.985060,-19.109063,636.387417,-139.200703,636.120331,59.946375,-0.005956,1,0
21.333000,-57.067808,202890.737993,-176.929101,201227.941641,62.806364,203068.869252,100.905107,643.199454,-19.063156,639.648005,-139.007195,642.853491,59.950962,-0.006536,1,0
21.367000,-57.074269,204210.734709,-177.027977,203522.359469,63.001783,202244.495060,101.096102,637.839067,-18.948685,637.639514,-139.098270,641.456994,59.954031,-0.003781,1,0
21.400000,-57.049599,202793.211733,-177.145924,202686.059433,62.936461,201712.791556,100.517070,641.862725,-18.723653,635.173907,-139.059956,636.314897,59.948876,-0.003219,1,0
21.433000,-57.132551,203871.500040,-176.962716,202753.365838,62.781178,201569.671846,100.778081,636.832345,-18.917338,646.235610,-139.332748,645.768369,59.953839,0.004371,1,0
21.467000,-56.936599,201147.700927,-176.994493,201747.656877,63.055246,202385.189247,101.349256,635.046929,-19.090869,638.219595,-138.794355,636.505028,59.960174,-0.002748,1,0
21.500000,-57.052528,202842.036687,-176.979999,203731.534359,63.175039,202249.431106,101.029105,637.263093,-18.818584,649.226577,-138.795095,642.584308,59.953569,-0.021331,1,0
21.533000,-56.976234,202472.406239,-177.183889,202750.723968,63.029469,202027.665887,100.753175,641.698046,-19.100176,636.203957,-138.950192,644.516020,59.959361,-0.008368,1,0
21.567000,-56.900326,204213.638508,-177.006499,203589.988389,63.198024,201215.511029,101.210165,638.302229,-19.100616,639.943159,-138.909333,638.830130,59.962507,-0.008343,1,0
21.600000,-57.126655,201562.781964,-177.198919,204288.445804,62.916392,202013.706178,101.170195,638.010673,-19.304153,650.677171,-139.390330,634.515813,59.952006,-0.008846,1,0
21.633000,-56.906962,203143.659045,-177.101690,203050.922682,62.771899,203676.109127,101.311829,640.223346,-19.070569,635.830889,-139.548016,645.882311,59.956489,-0.011019,1,0
21.667000,-57.170850,202317.302874,-176.862653,203787.010346,63.035056,202426.576645,100.692302,645.922063,-19.009662,639.800697,-139.072324,642.915429,59.954556,-0.002377,1,0
21.700000,-57.302780,201642.433673,-177.084426,202918.694470,62.725663,203130.501243,100.545288,649.085384,-19.141008,637.670492,-138.831371,641.439326,59.954394,-0.001734,1,0
21.733000,-57.176328,203075.796174,-177.161763,201903.806288,62.879363,203200.133679,100.747959,640.323932,-19.210470,637.325557,-139.166318,647.986238,59.956839,-0.002823,1,0
21.767000,-56.968307,201636.564929,-177.009588,203321.336133,62.762972,202987.301835,101.090091,643.221054,-19.130841,644.299278,-139.137424,639.913909,59.961538,0.004853,1,0
21.800000,-57.075826,203016.669493,-177.220005,203639.619450,62.982065,204340.748916,100.907067,643.284758,-19.083744,646.114494,-138.954911,644.873255,59.958603,-0.007849,1,0
21.833000,-56.944452,203041.306589,-176.927135,202888.153300,62.985158,202863.224547,101.036536,638.947239,-19.056215,645.647371,-139.247189,645.960593,59.955346,-0.009752,1,0
21.867000,-56.988884,202501.721321,-176.920364,203185.643725,63.138266,203285.141834,101.266585,645.703306,-19.132228,643.151124,-138.969866,649.280314,59.952785,-0.010960,1,0
21.900000,-57.019727,204188.814583,-177.048695,202637.898235,62.938312,202111.231700,100.920395,642.806764,-19.215476,643.056923,-139.126504,644.214354,59.950122,-0.002923,1,0
21.933000,-57.067663,202966.915236,-177.128614,201432.024442,62.949969,202531.962892,100.731649,642.309353,-19.044664,642.982259,-138.995272,644.809782,59.957923,0.006273,1,0
21.967000,-56.916415,203660.433568,-177.091489,203204.965717,63.089662,202431.346798,101.221432,643.783923,-19.481250,643.260052,-139.094357,645.632266,59.961597,0.004078,1,0
22.000000,-57.000256,204438.796974,-176.993927,203726.489072,62.996760,203686.956641,100.971645,643.784029,-19.108257,641.814146,-138.826489,644.629744,59.949950,-0.005963,1,0
22.033000,-57.050644,203652.089198,-177.166525,203419.381779,63.009539,204563.431840,100.804297,648.342256,-19.360489,641.343909,-139.069930,647.888737,59.951756,-0.008091,1,0
22.067000,-56.899635,202308.128509,-177.129183,203973.811790,63.138136,201716.977439,100.980334,642.354635,-19.501592,640.611992,-139.020385,641.895798,59.958657,-0.005297,1,0
22.100000,-56.882259,203765.447254,-176.921874,203710.702464,62.996359,202932.027289,101.114565,643.577406,-19.037988,644.924931,-139.001517,644.423069,59.957987,-0.005185,1,0
22.133000,-56.969604,202188.746078,-177.182737,203175.827819,63.067359,204421.635737,101.090003,644.541244,-19.339459,643.521294,-139.327200,642.880121,59.960669,0.001883,1,0
22.167000,-56.994868,203749.326175,-176.880087,203398.688077,63.134812,203436.806763,101.046942,632.724818,-19.105615,636.620723,-138.750235,640.746177,59.960576,0.004065,1,0
22.200000,-57.041994,201119.408222,-176.962262,202748.231875,62.913140,203020.664410,100.970352,637.724626,-19.046707,639.649614,-138.933340,645.637474,59.955569,0.004222,1,0
22.233000,-56.978900,202505.921900,-176.777195,205247.403249,62.996226,202440.254640,100.881258,642.461726,-18.783910,641.057552,-139.026005,640.952967,59.952616,-0.002527,1,0
22.267000,-56.708231,204166.475971,-176.838459,201891.956008,62.956436,202719.652572,101.376649,644.507737,-18.762065,643.108735,-138.782018,638.986623,59.949115,-0.003229,1,0
22.300000,-56.668961,201951.239563,-176.817903,201793.183182,63.128278,203059.724014,101.144974,641.680581,-18.720814,644.157867,-138.886542,641.977943,59.955309,-0.005297,1,0
22.333000,-56.873177,201696.059563,-176.956090,201970.682519,63.207281,201567.779287,101.439145,637.048518,-19.054886,638.826248,-138.861383,637.422263,59.953655,0.004616,1,0
22.367000,-56.873294,201090.615281,-176.908326,203210.300016,62.856272,202295.913013,100.990920,635.848439,-19.420150,643.797579,-139.098891,640.448479,59.949236,-0.003006,1,0
22.400000,-56.892791,202260.393254,-177.097484,202672.884480,62.949164,202011.985626,101.176190,636.991885,-19.035418,643.166380,-139.078338,643.689279,59.947846,0.005176,1,0
22.433000,-56.927197,200825.488161,-176.888877,202809.401312,62.924384,204226.128776,100.990691,639.255532,-18.987703,640.223812,-139.399631,644.610564,59.954865,-0.004829,1,0
22.467000,-56.928952,203744.523621,-176.851693,201848.627592,63.320943,202547.863473,101.458561,635.127347,-18.722989,636.685203,-138.407352,647.589969,59.954640,-0.009426,1,0
22.500000,-56.966401,202232.971651,-177.014968,201549.234610,63.123359,202884.147946,100.680548,639.465602,-18.909015,642.229438,-139.052862,635.252202,59.949914,0.015380,1,0
22.533000,-57.043236,201988.305645,-176.985351,202114.012973,63.011565,202692.275537,100.926957,637.475614,-18.914829,632.986713,-138.601893,642.906677,59.955389,0.001197,1,0
22.567000,-57.129706,202755.194222,-176.737988,201384.735538,62.999730,202169.532357,101.086999,643.199681,-18.697749,641.294321,-138.779811,642.914028,59.952100,-0.000914,1,0
22.600000,-56.814827,201828.873899,-177.018752,203560.354600,62.940118,202800.470943,100.927497,641.836488,-19.165114,641.359038,-139.138798,638.433537,59.956173,-0.010261,1,0
22.633000,-57.013241,202437.157030,-176.898119,202454.231803,62.989540,201662.737683,100.936141,636.560379,-19.162177,635.338380,-138.703539,634.318653,59.956071,0.013127,1,0
22.667000,-56.964873,202135.592087,-177.057402,202221.254538,63.104932,202511.934414,101.000809,634.221920,-19.266772,631.244703,-138.835325,642.201444,59.950548,0.003331,1,0
22.700000,-56.917463,203021.514902,-177.160219,202939.533992,63.296183,201529.769917,101.321959,635.074790,-19.288446,635.870542,-138.670967,647.255140,59.951689,0.003030,1,0
22.733000,-57.138924,202199.243225,-176.989192,201283.619169,62.782830,202795.487845,100.682568,637.149879,-18.940787,644.203228,-139.096781,630.704839,59.955191,0.000249,1,0
22.767000,-56.860858,200438.607787,-177.076822,201786.299357,63.268249,203055.473806,101.116325,634.179045,-19.117529,638.781594,-138.563899,635.862410,59.948193,-0.007713,1,0
22.800000,-56.996891,202123.592615,-176.955921,202882.297081,63.124453,204059.773744,101.112968,632.559072,-19.006239,641.241671,-138.784344,640.851156,59.939707,0.003407,1,0
22.833000,-57.086865,202298.748514,-177.121702,201803.002489,63.100690,203060.005076,101.378424,638.716392,-19.457150,639.460168,-138.864886,636.645753,59.941327,0.002222,1,0
22.867000,-56.950432,201814.889256,-176.898509,201902.225543,62.794088,202091.917055,101.276448,635.660904,-18.817278,640.378056,-139.421621,630.048363,59.941712,0.003828,1,0
22.900000,-56.922719,202919.452683,-177.053451,201943.276868,62.943005,202477.355266,100.976026,639.192063,-18.915015,635.875943,-139.236524,635.084968,59.961099,0.011536,1,0
22.933000,-57.119420,202110.252175,-177.013390,202446.882251,62.783576,201614.120860,100.882264,642.524727,-19.000547,642.226929,-139.260755,638.443939,59.937958,-0.006621,1,0
22.967000,-57.134848,202061.320577,-177.107897,202635.772052,62.933153,201518.244146,100.977770,640.439190,-19.058373,632.139610,-139.218614,639.143867,59.940851,0.011458,1,0
23.000000,-57.049548,203164.812858,-177.027021,203321.293737,62.953075,203696.449456,100.954775,640.781854,-18.801629,636.555030,-139.124803,639.351813,59.945404,0.003996,1,0
23.033000,-56.981920,201965.476345,-176.972458,202933.838474,62.942165,202880.688220,101.094804,640.430051,-18.847477,634.080570,-139.079289,638.085812,59.948282,0.015255,1,0
23.067000,-56.882593,201393.389754,-177.049386,199304.650405,63.100141,202635.256144,101.286264,643.431353,-19.101463,642.115351,-138.974419,642.603866,59.944549,0.012757,1,0
23.100000,-56.865043,203568.196682,-176.738997,202512.759604,63.168544,201003.671438,100.827615,651.114897,-18.837171,642.255648,-138.805200,645.531319,59.948515,0.012066,1,0
23.133000,-56.848383,203060.112880,-176.842298,202685.909431,62.972911,202660.454017,101.289598,648.238538,-18.842178,646.440159,-138.892435,651.827791,59.954759,0.000090,1,0
23.167000,-56.920889,201049.591206,-177.029749,201478.465294,63.062766,203719.340288,100.822300,648.445582,-19.004363,638.221475,-138.990383,644.061814,59.946538,-0.003840,1,0
23.200000,-56.898714,203536.829190,-176.781259,201209.461996,63.202535,202629.393852,101.033703,643.582111,-18.623015,642.762240,-138.952899,644.992940,59.939530,-0.012338,1,0
23.233000,-56.877324,201960.344539,-177.025760,203351.079156,63.148833,201560.974010,101.267248,637.806096,-18.916112,642.649762,-138.841702,638.650504,59.946272,-0.003994,1,0
23.267000,-56.704718,202156.224902,-176.973058,203069.861053,63.145183,202822.214456,101.134292,651.801941,-18.789130,644.523092,-138.659992,647.948823,59.947942,-0.003460,1,0
23.300000,-57.061486,201378.394156,-176.956651,202255.639540,62.997617,201650.671252,101.128615,645.345625,-19.076629,638.876051,-139.034694,642.513254,59.952715,0.005110,1,0
23.333000,-56.982366,202230.707607,-176.875238,202896.549448,63.029181,201438.722593,101.117661,635.714469,-19.053299,640.889029,-138.798789,645.534515,59.939789,0.009946,1,0
23.367000,-56.983703,202913.355003,-176.910420,201592.607498,62.921597,202826.084928,100.954655,644.360644,-19.141484,646.013634,-139.132276,634.855592,59.941594,0.008706,1,0
23.400000,-56.767740,202872.334518,-176.888156,203200.441002,63.005325,202313.633202,101.140087,639.711414,-18.646499,638.434634,-139.252493,642.560880,59.940729,0.010788,1,0
23.433000,-57.136653,201702.400689,-177.067885,201418.097368,62.936969,202525.244982,100.804622,647.389568,-19.402340,642.262303,-138.888500,638.709189,59.952137,-0.008842,1,0
23.467000,-57.100128,201387.284651,-176.997607,202738.390441,62.947119,199234.185712,100.955417,634.698159,-19.208397,644.767184,-139.004666,644.706777,59.946882,-0.000459,1,0
23.500000,-56.937974,202740.936668,-177.159097,201457.329847,63.063936,203592.657948,101.136319,650.340154,-19.018777,643.237978,-138.864993,644.541569,59.947621,0.003201,1,0
23.533000,-56.936685,201180.935228,-176.929091,201740.642550,63.183859,201866.027150,101.038935,640.978599,-19.044454,644.785427,-138.901259,644.583917,59.942282,-0.000865,1,0
23.567000,-56.895408,202642.729246,-176.837807,202299.594074,63.048546,203360.537218,101.412135,641.105837,-18.957063,646.027635,-139.189271,648.699177,59.949760,-0.015455,1,0
23.600000,-57.027537,202303.316046,-177.073814,202819.846534,63.008590,203237.392666,101.096919,642.344667,-19.005467,641.861861,-139.119783,650.127193,59.951317,-0.006363,1,0
23.633000,-56.831561,202396.631268,-176.958703,201322.283174,62.916476,201761.616569,101.539181,647.204668,-18.988096,646.229132,-138.916202,652.106530,59.940076,-0.003420,1,0
23.667000,-57.068859,202957.200652,-176.878341,203224.470357,63.253537,201498.186708,100.894186,643.837821,-18.812048,641.929513,-138.894017,647.012204,59.942525,0.001517,1,0
23.700000,-56.911956,201893.364154,-176.792701,203551.535961,63.059680,201409.000455,100.881783,641.251852,-19.031419,649.932467,-139.141426,645.811436,59.940907,-0.005219,1,0
23.733000,-56.998648,203226.522352,-177.053969,203921.181157,63.016667,199301.292491,100.629624,646.363804,-19.229611,644.504053,-139.120425,641.222898,59.931036,-0.013249,1,0
23.767000,-57.024562,202450.298095,-176.977978,201356.504062,63.238051,201571.875351,100.883707,642.664902,-18.852724,640.697791,-138.909832,642.858595,59.935096,-0.000755,1,0
23.800000,-57.014093,203632.405472,-176.865807,202911.558428,63.053940,201423.861368,100.925773,645.891223,-18.831164,640.482715,-139.298199,640.616337,59.932957,-0.000129,1,0
23.833000,-56.884968,201899.746510,-176.967931,202450.738853,63.058438,201258.547166,101.231088,649.831762,-18.863790,644.194242,-138.970458,643.768741,59.937284,-0.005173,1,0
23.867000,-56.832075,201392.812852,-176.921761,203676.929468,63.142624,203100.308064,101.159404,648.451283,-18.788203,650.962161,-138.944551,641.612127,59.938782,-0.005272,1,0
23.900000,-56.958781,202360.993720,-176.914992,201867.031938,63.128537,200983.561327,100.828497,648.041320,-18.978010,643.722510,-138.971315,646.767506,59.934141,0.000642,1,0
23.933000,-57.051346,202099.421145,-176.920009,201568.971588,63.040577,201780.077403,100.846795,647.834247,-18.982794,640.877395,-139.024057,645.146358,59.933446,0.007485,1,0
23.967000,-56.942105,202207.830365,-176.967310,203472.147202,63.006315,203387.508483,101.205042,652.046764,-18.978120,657.900631,-138.819615,649.531652,59.935997,-0.008380,1,0
24.000000,-57.143456,202928.593876,-176.996729,201806.796881,62.965828,202466.685650,100.593901,650.075805,-19.147836,659.210246,-139.178750,652.253397,59.932989,-0.002680,1,0
24.033000,-56.955332,202945.530897,-177.068530,202752.794277,63.035939,203058.718413,100.963738,653.122526,-18.821297,651.611454,-138.738562,661.087491,59.935052,-0.011268,1,0
24.067000,-57.021550,200606.340839,-176.969083,204232.015906,62.937706,202365.304030,101.041192,658.385896,-19.298896,657.194952,-139.229697,653.190073,59.921268,-0.001306,1,0
24.100000,-57.268830,204124.086433,-177.187204,201942.612464,63.073102,203414.943332,100.518890,656.690501,-19.161437,654.752883,-139.428929,642.477068,59.939336,-0.004559,1,0
24.133000,-57.092791,201790.486679,-177.034366,202425.415861,62.943680,201072.806390,101.167585,652.270090,-19.050650,648.382293,-138.935413,654.324029,59.941150,-0.002571,1,0
24.167000,-57.044457,202136.247965,-176.972772,202298.588571,62.723657,201108.148683,100.798533,653.727261,-19.017735,654.804519,-139.304789,653.043387,59.924761,-0.009383,1,0
24.200000,-57.123746,202120.624344,-176.874477,201284.093224,62.783655,202545.141297,100.859507,654.005475,-18.838028,657.307218,-139.091329,655.514726,59.931806,-0.001712,1,0
24.233000,-56.914634,202375.711302,-177.227115,203541.076105,62.815088,201623.510006,101.161187,661.401252,-19.178769,655.757621,-139.003588,660.285103,59.937759,0.000862,1,0
24.267000,-57.183154,202275.743551,-177.147706,204008.000311,62.828758,201331.177470,100.708724,653.429028,-19.328952,655.959845,-139.025192,661.008570,59.941824,0.000042,1,0
24.300000,-57.101216,201818.351952,-177.146482,203110.721992,62.821002,203194.014467,100.917545,655.209932,-18.989504,655.133435,-139.105367,652.877549,59.930315,-0.000036,1,0
24.333000,-57.038159,202937.094333,-177.176540,201698.031505,62.846076,201587.959410,100.822564,657.679892,-19.123928,655.090406,-139.360570,653.426582,59.942395,0.000343,1,0
24.367000,-57.338027,202644.803419,-177.213442,201388.722925,62.677949,202593.834511,100.388137,652.877500,-19.161679,653.581615,-139.168500,654.872574,59.946800,-0.002716,1,0
24.400000,-57.327438,203846.626583,-177.088977,203140.369697,62.665005,204330.969490,101.136986,663.120935,-19.123258,655.238544,-139.602166,658.897423,59.937619,0.007826,1,0
24.433000,-57.239649,205475.164126,-177.159873,202311.244259,62.895351,203728.081996,101.162561,657.426772,-18.774605,660.049262,-139.069875,652.237864,59.938941,-0.000178,1,0
24.467000,-57.359584,201827.866037,-177.198472,202460.642233,62.791521,201690.714619,100.490695,663.765131,-19.324933,662.156092,-139.267327,656.263495,59.931868,-0.002165,1,0
24.500000,-57.253542,202365.109587,-177.219666,203145.557496,62.793020,202727.387687,100.928335,659.045673,-19.035710,656.382947,-138.980506,656.170216,59.934685,0.005748,1,0
24.533000,-57.157547,200899.984405,-177.062941,202104.364432,62.926939,203590.488264,100.855030,651.726649,-19.269990,648.644480,-138.871649,654.722612,59.938310,0.006138,1,0
24.567000,-57.221154,202397.001710,-177.145790,202856.764543,62.843863,202791.479025,100.571827,659.073096,-19.290811,647.312431,-139.118624,654.700870,59.942114,-0.008484,1,0
24.600000,-57.099731,203769.739722,-177.276457,201258.030983,62.718846,202684.593360,101.243833,655.235368,-19.703693,650.024947,-139.213320,654.763752,59.938252,0.015996,1,0
24.633000,-57.013594,202891.842253,-177.290109,202609.547420,62.840717,202878.338607,101.009313,660.111900,-19.537939,658.897881,-139.223231,661.341979,59.941736,-0.010035,1,0
24.667000,-57.078672,203385.343212,-177.285786,202359.046195,62.879209,203516.602209,100.628407,652.362660,-19.188360,658.633201,-139.181294,652.394952,59.946515,0.015475,1,0
24.700000,-57.120293,201365.524015,-177.300837,202710.675081,62.987783,204181.228389,100.877631,658.965995,-19.042553,658.258579,-139.045310,657.366422,59.949723,0.006140,1,0
24.733000,-57.171370,202249.062038,-176.983790,204508.585170,62.886261,203310.019940,100.747085,656.874509,-19.052405,663.217597,-139.011959,654.662244,59.952030,0.014317,1,0
24.767000,-56.976166,202579.317878,-177.077390,203422.254405,62.659161,201738.194913,101.136369,655.848850,-19.309049,658.754505,-139.056826,659.829766,59.943852,-0.003777,1,0
24.800000,-57.156371,203448.353857,-177.210325,204292.842006,62.753803,202995.475386,101.057098,664.840726,-19.460967,659.052399,-139.490486,662.421316,59.950200,0.005444,1,0
24.833000,-57.218808,203706.115799,-177.196381,204393.726840,62.844859,204386.012032,100.653804,655.730652,-18.978357,658.548113,-139.276984,654.932842,59.942709,0.008256,1,0
24.867000,-57.240300,203180.784386,-177.181864,203039.879034,62.760410,204267.975564,100.494201,653.314989,-18.845861,652.515654,-139.106107,653.277688,59.936804,0.016277,1,0
24.900000,-57.215601,204632.600086,-177.237001,202996.978355,62.968097,204554.967310,100.972587,657.707660,-19.363489,654.562720,-138.943673,652.633091,59.939076,0.007578,1,0
24.933000,-57.159739,205284.049192,-177.141700,202984.726179,62.866715,202975.604980,101.309637,656.089039,-19.332173,658.510308,-139.172108,660.867097,59.937042,0.009090,1,0
24.967000,-56.992771,205673.397436,-176.999324,203370.856742,62.687360,203418.280930,101.174345,654.212976,-19.117810,653.445982,-139.157146,657.673590,59.939381,0.003049,1,0
25.000000,-57.056450,203517.563027,-177.132845,204205.138266,62.904244,204026.775326,100.933831,651.000876,-18.990684,662.507215,-139.315463,661.939305,59.936916,-0.004470,1,0
25.033000,-57.135426,202433.036490,-177.100960,202846.260753,62.874584,204851.215615,100.806128,652.670625,-18.980168,650.880857,-139.159731,657.214012,59.938888,-0.011391,1,0
25.067000,-57.001503,205250.982015,-176.935330,203276.770693,62.963073,204462.270991,100.802364,658.613823,-19.102704,662.839526,-138.921934,657.412301,59.930796,0.007082,1,0
25.100000,-57.142750,203143.464150,-177.037226,202755.177144,62.969440,202731.687517,100.932021,658.239671,-19.136531,658.696403,-138.967194,658.350681,59.930309,-0.008460,1,0
25.133000,-56.930000,204766.146382,-177.258017,203306.945844,62.771044,202749.747170,101.145529,656.905951,-19.140605,659.252196,-139.047213,657.095738,59.926250,0.011140,1,0
25.167000,-57.207642,202637.076239,-177.071747,203563.042483,62.910987,202022.203109,100.770296,658.902414,-18.706720,667.721504,-139.119984,661.588669,59.933800,0.006114,1,0
25.200000,-56.912011,203340.438107,-177.133621,202614.398336,62.990733,205004.485817,101.079012,654.306597,-19.151200,658.229322,-138.925536,657.182689,59.938955,-0.004038,1,0
25.233000,-56.925698,204039.213415,-177.204083,203123.298788,63.062045,202582.523390,101.188439,654.703976,-19.448426,652.176061,-139.009141,660.505758,59.943852,-0.008468,1,0
25.267000,-57.105191,202890.966354,-176.993288,202256.299628,62.854799,203192.955290,100.802027,653.889710,-19.358134,656.687754,-139.068808,658.588706,59.939308,0.010706,1,0
25.300000,-57.261033,201967.937630,-177.166883,204226.179504,62.785535,203060.578640,100.818669,656.186551,-18.799416,656.145295,-139.170662,657.948229,59.937388,-0.003367,1,0
25.333000,-56.974608,203563.663366,-177.256961,202716.477874,62.966343,203268.620771,100.818889,659.523252,-19.126656,656.227723,-139.466951,657.388530,59.945998,-0.008722,1,0
25.367000,-57.253366,204610.052432,-177.025277,203911.377446,62.971773,203102.741332,100.857724,654.277684,-18.710978,657.350474,-139.014021,660.057413,59.940804,0.002740,1,0
25.400000,-57.189483,203324.927909,-177.336233,201886.847299,62.663205,201594.171165,100.887386,661.659823,-19.659462,656.075604,-139.693346,652.010572,59.947035,-0.013620,1,0
25.433000,-56.894771,203153.724004,-177.254976,201067.467542,63.001011,203264.589612,101.023807,664.554638,-19.354626,657.620175,-139.243496,656.781803,59.937485,-0.014458,1,0
25.467000,-57.115740,203277.400841,-176.952506,203318.030772,62.853789,202467.654240,100.979669,655.356810,-18.911350,659.622280,-139.076969,659.456687,59.936111,-0.002962,1,0
25.500000,-56.922353,203205.158500,-176.990957,203247.241183,63.201800,203097.975222,101.269483,659.469758,-19.167248,656.481369,-139.088893,653.653165,59.945465,0.010095,1,0
25.533000,-56.918321,202311.071510,-176.884229,204857.360061,63.011358,203108.534466,101.178932,657.511862,-19.053610,654.796406,-139.038079,655.484532,59.936269,0.000951,1,0
25.567000,-56.887949,203190.514493,-177.069749,204293.899102,62.826460,203518.744142,101.031295,657.835942,-18.757082,657.636250,-139.328405,647.874113,59.945029,0.005222,1,0
25.600000,-56.883080,202603.471437,-176.993696,204062.748583,62.948846,203729.757275,101.367313,655.886038,-18.949134,653.242059,-138.862314,654.253932,59.940568,-0.011405,1,0
25.633000,-56.988977,203760.277676,-177.004035,204823.916660,62.779765,204522.284683,101.233199,656.574868,-19.172623,660.478366,-139.579865,664.105388,59.945732,-0.017090,1,0
25.667000,-57.120656,204722.645583,-176.984426,204011.121117,63.060952,203941.096661,101.158509,666.600699,-19.041833,665.016666,-139.231913,650.799133,59.941916,-0.004993,1,0
25.700000,-57.124783,202351.189969,-177.042568,204280.948030,62.955541,204494.321645,100.722280,655.084169,-18.870120,655.888682,-139.109149,658.724975,59.953376,-0.000676,1,0
25.733000,-57.109989,205090.564175,-177.113013,203694.825994,62.843461,203210.388997,101.248088,657.131261,-19.013528,660.644528,-139.214033,656.869164,59.944931,-0.005565,1,0
25.767000,-56.929603,203929.742216,-177.040130,203475.677496,62.981340,203810.518237,101.261535,655.706982,-19.190335,661.771065,-138.748892,662.151304,59.951237,-0.007413,1,0
25.800000,-56.935046,203792.269907,-177.051586,204967.187656,62.969946,204459.397327,101.204170,658.318856,-19.307185,659.153421,-139.479444,662.940799,59.954710,-0.002086,1,0
25.833000,-56.773856,203511.907394,-176.839339,203223.415598,62.866097,203676.183058,100.814015,652.676937,-18.588848,652.183264,-139.032593,654.610047,59.955395,-0.002336,1,0
25.867000,-56.964786,203951.585028,-176.796505,203920.507432,62.961770,204440.911694,100.900971,663.245107,-18.678740,655.542660,-139.033486,658.086510,59.951497,-0.003050,1,0
25.900000,-56.869555,203251.765175,-177.083375,204130.591613,63.041891,202715.009403,101.065689,663.007706,-19.549609,659.975031,-139.000796,657.622825,59.948980,-0.001200,1,0
25.933000,-56.933098,205190.929551,-176.973758,204095.059897,62.944214,203296.252164,101.447989,657.839477,-18.681656,644.898445,-138.683014,659.402942,59.954361,0.002128,1,0
25.967000,-57.039396,204110.295030,-177.015011,203964.268514,62.982281,205417.380461,101.179896,655.464596,-19.371177,654.199219,-138.890572,659.420636,59.954371,0.003912,1,0
26.000000,-57.130464,204344.716730,-177.037007,203678.813108,62.982254,203297.736896,101.119140,654.803561,-18.964896,657.446992,-138.824153,662.537136,59.950372,-0.004039,1,0
26.033000,-57.210674,203500.467271,-177.149397,201230.432167,62.972214,202872.885433,100.933374,656.727953,-19.130291,661.078761,-139.095160,660.045624,59.953869,-0.008588,1,0
26.067000,-57.050344,203576.829396,-176.941827,203258.388575,62.884876,203422.609483,100.688270,662.618220,-18.845918,662.463700,-138.938440,656.100901,59.944560,0.008449,1,0
26.100000,-56.818457,203738.920016,-177.007545,202648.985543,63.038078,205766.411526,101.015496,655.362301,-18.859537,655.218697,-138.806690,658.064707,59.944921,-0.002515,1,0
26.133000,-57.145784,203961.402667,-176.721860,203866.481830,62.850272,203621.772969,100.914293,660.049851,-18.664248,655.737532,-139.124730,658.439067,59.949074,-0.001116,1,0
26.167000,-56.755381,204190.785982,-177.018796,203466.673837,63.115816,203761.999151,100.968406,661.757534,-18.845736,654.296438,-138.960243,652.028986,59.951113,0.007023,1,0
26.200000,-57.216172,205466.426739,-177.120909,203376.281883,62.802784,204900.054099,100.705745,653.411389,-19.232628,658.462388,-139.029316,653.405692,59.941803,0.006190,1,0
26.233000,-57.109816,204409.094936,-177.110746,203433.018742,62.862270,204247.574055,100.614394,651.530805,-19.348567,653.953657,-139.153074,656.257104,59.949768,0.001241,1,0
26.267000,-57.011604,202910.889133,-177.119417,204236.134012,63.033526,204782.358607,101.024855,655.564138,-19.417167,653.463045,-138.848919,652.235754,59.940887,-0.004420,1,0
26.300000,-57.063237,205376.506925,-177.060893,205495.769368,62.844367,205605.452550,100.367355,652.323127,-19.201921,652.279328,-139.106799,649.366398,59.941551,0.009840,1,0
26.333000,-57.100303,205032.792946,-177.133571,206694.970259,62.972553,203833.649166,100.918003,648.669303,-19.489720,648.912439,-138.918081,654.083826,59.941747,-0.004983,1,0
26.367000,-57.271597,204202.498384,-176.977737,204729.765049,62.977942,204303.908065,100.877868,654.676386,-19.011881,650.817503,-138.652209,645.423654,59.945107,-0.014914,1,0
26.400000,-56.774834,204743.268990,-177.042222,203796.103445,62.796636,203309.283678,101.372800,649.096780,-19.303949,646.083653,-139.111593,646.184628,59.945332,0.008654,1,0
26.433000,-57.061307,206039.256593,-177.050494,203780.598471,62.897422,205260.964866,100.966989,653.796452,-19.017862,649.432568,-138.750226,649.474732,59.947514,0.000913,1,0
26.467000,-56.855673,204256.022994,-177.065674,205763.349459,62.900667,205762.948654,101.158279,653.066490,-19.312078,646.242698,-138.967581,648.653540,59.950836,0.008639,1,0
26.500000,-56.939315,205172.240388,-177.026215,205759.616859,62.972338,204794.160612,101.434300,651.601623,-18.931760,648.655951,-138.842876,650.059454,59.943514,-0.004892,1,0
26.533000,-57.064884,204550.140739,-177.044912,203600.549060,62.939335,202502.350870,100.976484,649.115191,-19.040165,648.635730,-138.834447,646.395762,59.945113,-0.000296,1,0
26.567000,-56.806166,202953.640783,-177.120143,202945.724780,62.992871,204302.323644,101.182586,644.696065,-19.381183,648.559504,-139.037402,649.271759,59.950158,-0.001128,1,0
26.600000,-56.989306,204200.638119,-176.961947,203999.927097,63.060033,204853.644855,101.269302,647.684852,-18.991091,650.850566,-139.013214,637.417706,59.950639,-0.004790,1,0
26.633000,-56.861503,203497.186136,-177.065749,201728.486651,62.929700,203659.428555,101.419229,645.595164,-19.118815,641.171239,-139.266878,645.773624,59.946073,0.008473,1,0
26.667000,-57.005188,204211.548559,-177.088009,203359.937572,63.008874,204529.561014,101.092285,641.018572,-19.196319,645.322349,-139.110031,644.236483,59.942158,0.020747,1,0
26.700000,-56.999873,204154.654486,-177.200692,204202.024270,62.997595,202471.612652,100.985789,648.046554,-19.217355,643.375398,-138.983091,649.952383,59.943123,0.006895,1,0
26.733000,-57.135751,204097.393572,-177.313349,202735.253422,62.873610,205498.542444,100.971008,639.998522,-19.380949,645.524819,-138.942542,641.030781,59.936437,-0.009716,1,0
26.767000,-57.028826,204363.295503,-177.110720,206144.067299,62.969240,205249.900763,100.988455,645.098392,-19.079653,654.037076,-139.246528,647.877828,59.939266,-0.005547,1,0
26.800000,-57.021520,204302.705921,-177.084902,204228.506147,63.040618,205502.646381,101.048870,656.318008,-18.731580,654.024960,-138.854241,639.164242,59.938901,-0.004656,1,0
26.833000,-57.256814,205007.413493,-177.169915,203413.974175,62.743886,204663.030425,100.657451,649.654210,-19.091840,651.703592,-139.488084,647.359691,59.944694,0.003042,1,0
26.867000,-57.099202,203447.184026,-177.064096,203867.148466,62.872582,202577.542639,100.919494,642.507206,-19.051532,652.609879,-139.298787,653.510291,59.947145,0.004779,1,0
26.900000,-57.042258,204749.867326,-177.129084,204393.027176,62.859629,203826.277448,100.841806,644.944545,-19.175302,645.708283,-139.367114,646.499274,59.941697,-0.002825,1,0
26.933000,-57.079399,206161.530151,-177.159662,204991.061139,62.967137,203034.811536,100.714380,650.936190,-19.271873,650.965318,-139.002438,646.771719,59.950026,-0.000442,1,0
26.967000,-57.272595,204507.550632,-177.040702,204653.420836,62.620599,203538.640950,100.400103,645.608578,-18.762305,645.918088,-139.421615,654.064276,59.940649,-0.000137,1,0
27.000000,-57.224784,205058.509379,-177.051371,204954.468364,62.849942,203827.251222,100.807471,653.234062,-19.037884,652.161835,-139.244950,648.968009,59.946702,-0.000017,1,0
27.033000,-57.319780,203645.892695,-177.258882,203265.714241,63.015687,204446.669736,100.894403,651.507000,-19.126384,654.348737,-138.730252,648.895969,59.949615,-0.011803,1,0
27.067000,-57.086248,202771.377162,-177.095616,205367.418371,63.017053,203432.907528,101.017674,648.930833,-19.139692,646.978499,-139.021813,652.393426,59.936782,0.007728,1,0
27.100000,-57.330177,205006.250678,-177.201626,202324.203242,62.957945,204694.363835,100.622501,650.260198,-19.314311,650.213891,-139.097885,652.857277,59.937466,-0.000453,1,0
27.133000,-57.174609,204495.098912,-177.191820,203203.415048,62.923426,203037.579119,100.688990,651.805877,-19.245261,643.464134,-139.146988,647.361849,59.942834,0.004299,1,0
27.167000,-57.095900,203856.233160,-177.191752,203990.815324,62.782547,204557.680202,100.735863,647.475506,-19.380229,651.977858,-139.497518,651.704639,59.945731,0.004096,1,0
27.200000,-57.264484,203255.199490,-176.956269,204747.255585,62.855740,204215.643301,100.829351,641.064904,-19.056525,653.251842,-139.364449,654.088780,59.941325,0.004538,1,0
27.233000,-57.487566,203825.724706,-177.217117,205070.109738,62.926478,202917.998761,100.145858,655.456891,-19.494718,645.272715,-139.080550,649.938199,59.945586,-0.001678,1,0
27.267000,-57.209341,203571.114335,-177.160467,203884.350206,62.710988,204156.508987,100.607433,648.332298,-19.140937,644.604577,-139.446217,651.248012,59.946657,0.004294,1,0
27.300000,-57.180175,203063.723354,-177.267410,204118.080012,62.757622,202473.054610,100.830709,647.508052,-19.383616,656.461390,-139.078572,656.570912,59.943346,0.003847,1,0
27.333000,-57.228376,204227.047197,-177.187370,204651.363739,62.656999,203708.665750,100.900188,654.077122,-19.066018,645.560903,-139.577446,656.148074,59.939164,0.010586,1,0
27.367000,-57.084233,203508.010709,-176.997953,204668.993584,62.642025,204540.468746,100.903369,642.974690,-18.815280,645.903918,-139.279989,651.708254,59.942145,-0.011754,1,0
27.400000,-57.272142,203779.993110,-177.227665,204584.793403,62.662941,203432.985596,100.800346,644.335194,-19.072114,645.331501,-139.480614,646.140623,59.946218,0.000865,1,0
27.433000,-57.251188,204190.909645,-177.164555,204373.717469,62.791048,205035.164240,100.615700,654.711508,-18.664452,645.103944,-139.125418,645.283018,59.941351,0.001823,1,0
27.467000,-57.220480,203316.660595,-177.270040,203517.804684,62.671297,205330.917425,100.986907,651.442165,-19.719709,644.754434,-139.631524,652.077838,59.944069,0.001439,1,0
27.500000,-57.270009,203737.470447,-177.146669,204499.755815,62.999998,203606.602090,100.765871,647.568525,-19.103076,649.649656,-138.655557,649.134749,59.942936,-0.001357,1,0
27.533000,-57.303901,203386.557963,-177.103384,203800.247461,62.916179,203664.379380,100.774000,651.280731,-19.027962,648.978249,-139.305160,655.808641,59.935053,0.004244,1,0
27.567000,-57.061683,203795.751281,-177.106460,201519.304586,62.927328,204451.608300,101.100282,650.672946,-19.292149,649.631634,-138.654206,653.403172,59.947809,-0.014311,1,0
27.600000,-57.229737,204993.280837,-177.451517,203131.643799,62.727726,204627.496087,100.876821,656.355713,-19.461598,653.104378,-139.289729,652.748192,59.939418,0.001480,1,0
27.633000,-57.323866,203815.033763,-177.318143,204123.582700,62.439465,204387.331214,100.545200,650.693863,-19.193492,651.900377,-139.552272,650.111297,59.945886,0.001145,1,0
27.667000,-57.496787,203768.451347,-177.268406,204479.220109,62.715330,203625.422995,100.222848,657.732821,-19.299762,657.119552,-139.262325,653.203062,59.947965,0.011394,1,0
27.700000,-57.293301,202707.229976,-177.437179,203971.123019,62.694032,201784.677089,100.418612,646.308308,-19.651311,653.560218,-139.532205,649.266279,59.947552,0.015601,1,0
27.733000,-57.347526,203887.679365,-177.540614,203107.502774,62.722632,203666.547276,100.699515,650.695017,-19.558140,653.309943,-139.507296,651.675409,59.937625,-0.006849,1,0
27.767000,-57.386871,203234.439899,-177.302788,202756.003878,62.883051,202423.627854,100.275521,647.159421,-19.342203,654.412438,-138.955179,648.472572,59.951977,0.004309,1,0
27.800000,-57.211896,204579.300280,-177.276126,203451.092667,62.736208,203739.274629,101.029356,652.783138,-19.269241,655.947483,-139.173356,647.541917,59.938465,-0.002482,1,0
27.833000,-57.508421,203671.044040,-177.524186,202684.438702,62.589182,202856.241562,100.296921,649.102997,-19.635779,652.003744,-139.577400,646.391987,59.937082,-0.003178,1,0
27.867000,-57.231123,204031.213267,-177.340481,201534.935397,62.673125,203502.981975,100.706350,646.391042,-19.504549,651.526203,-139.214450,646.702276,59.942594,0.002893,1,0
27.900000,-57.387009,202727.611656,-177.317518,204513.895544,62.821775,203775.797682,100.815306,651.090333,-19.319556,647.609243,-139.050360,648.589194,59.937017,-0.009344,1,0
27.933000,-57.355606,204031.800531,-177.297840,203475.569692,62.736043,203573.538532,100.760983,648.054356,-19.441069,643.569860,-139.158622,645.498781,59.936689,-0.007227,1,0
27.967000,-57.348236,204180.480715,-177.158122,204829.632957,62.621029,202957.548086,100.524853,647.533854,-18.937239,637.822351,-139.190777,652.932493,59.946574,0.006866,1,0
28.000000,-57.499562,204036.390561,-177.310686,203950.574594,62.665419,203150.028686,100.606355,647.612784,-19.121660,649.462616,-139.222155,648.313928,59.946720,-0.005843,1,0
28.033000,-57.475434,203313.728512,-177.243120,204605.703557,62.597919,203315.958219,100.557506,646.300191,-19.353347,643.755184,-139.403762,658.129857,59.944205,-0.002217,1,0
28.067000,-57.284517,205312.376968,-177.482284,203141.047274,62.707309,204520.619795,100.710294,643.744429,-19.282313,637.178047,-139.108498,649.066243,59.935839,0.001075,1,0
28.100000,-57.441349,204563.192476,-177.522772,204516.387121,62.617091,204253.743112,100.823621,642.827765,-19.543944,644.653887,-139.547595,651.492156,59.925573,0.007378,1,0
28.133000,-57.434911,204481.536296,-177.260605,203023.690719,62.581748,204178.951123,100.554558,649.816962,-19.022842,647.486035,-139.686990,649.638502,59.934748,-0.007895,1,0
28.167000,-57.430937,203421.242361,-177.415566,203926.749385,62.219779,205141.063192,100.513602,649.877523,-19.598189,642.338702,-139.562841,643.935196,59.922370,-0.013937,1,0
28.200000,-57.462979,204173.046215,-177.493355,205472.225149,62.370852,204433.384631,100.521319,649.447046,-19.102221,652.331692,-139.803187,654.846200,59.926865,-0.002980,1,0
28.233000,-57.357259,203527.857056,-177.450013,204429.849355,62.429324,204352.340501,100.403168,651.087458,-19.439506,645.775315,-139.675302,647.163902,59.923646,-0.001546,1,0
28.267000,-57.577617,204226.938922,-177.541927,204781.721462,62.647849,205406.284751,100.554515,649.696276,-19.276109,646.909451,-139.359243,649.093858,59.927281,-0.005463,1,0
28.300000,-57.342182,203982.194078,-177.490789,203033.350865,62.510150,203006.953508,100.624646,654.261002,-19.380854,650.529148,-139.439940,640.626451,59.922912,-0.003492,1,0
28.333000,-57.415243,205479.017179,-177.436501,203618.398275,62.471236,204997.705676,100.885625,646.444836,-19.688056,645.053501,-139.614323,651.105913,59.925846,-0.000478,1,0
28.367000,-57.325758,205047.599041,-177.461467,205191.421444,62.616484,204239.906081,100.790756,651.519035,-19.526203,648.793667,-139.338505,652.774984,59.925628,0.002674,1,0
28.400000,-57.312088,203440.338555,-177.314192,205182.173150,62.625398,204271.446738,100.454326,645.332093,-19.130380,655.516325,-139.222326,648.034788,59.927868,-0.000136,1,0
28.433000,-57.525970,203331.563305,-177.424180,202947.399160,62.791527,203297.977121,100.357380,654.831772,-19.673093,651.681717,-139.504401,645.186308,59.931254,0.012204,1,0
28.467000,-57.291973,203436.340514,-177.387340,203605.354125,62.753142,203209.143239,100.674924,654.846442,-19.716151,647.377864,-139.390929,650.578517,59.926566,0.000750,1,0
28.500000,-57.323788,203674.676986,-177.434932,205376.336439,62.550033,203210.422838,100.993566,646.297558,-19.547006,649.237363,-139.448238,648.653075,59.937266,0.004446,1,0
28.533000,-57.486975,204425.568935,-177.247495,203883.186242,62.723720,204616.030194,100.430629,648.751399,-19.138473,648.990177,-139.201122,655.271913,59.937010,-0.008916,1,0
28.567000,-57.311424,205308.180620,-177.294006,205129.613249,62.518177,204692.510287,100.713469,651.147603,-19.246681,653.904897,-139.611531,648.466912,59.931797,-0.012942,1,0
28.600000,-57.468243,202179.818130,-177.483133,203672.223426,62.555223,204577.724749,100.332303,654.007093,-19.397200,650.446844,-139.116201,646.125240,59.941732,-0.006630,1,0
28.633000,-57.257866,205141.472612,-177.406136,203979.812120,62.497585,204210.972960,100.442405,655.252183,-19.421485,655.415216,-139.568939,658.536027,59.935320,0.003315,1,0
28.667000,-57.338477,205548.511127,-177.317204,206290.826890,62.625394,203658.954651,100.854796,653.299257,-19.472046,654.403483,-139.346151,653.841483,59.939661,0.004237,1,0
28.700000,-57.307279,203508.818467,-177.260102,205670.870733,62.582591,203687.045798,100.535667,644.850614,-19.309427,645.861593,-139.358760,647.000489,59.936219,0.001377,1,0
28.733000,-57.298185,204721.805730,-177.062854,204072.108872,62.689417,204587.192449,100.644121,651.839958,-19.127896,645.955891,-139.486470,646.186019,59.943374,0.003793,1,0
28.767000,-57.086245,203720.768781,-177.324771,205037.850298,62.744834,205005.923730,101.082847,647.531009,-19.195298,647.240507,-139.351972,643.937481,59.933719,0.002794,1,0
28.800000,-57.243353,204773.885333,-177.374398,203379.579857,62.723679,203048.399056,100.995214,636.564349,-19.717098,645.117196,-139.393228,641.472038,59.949029,-0.001467,1,0
28.833000,-57.104941,206040.487822,-177.106508,203218.432098,62.529647,203920.140959,101.103543,632.200052,-19.161149,641.555560,-139.309568,643.588210,59.940907,0.008826,1,0
28.867000,-57.264245,205266.748757,-177.208048,203669.068177,62.842775,204836.533410,100.726523,643.391747,-19.216632,642.625687,-139.198407,641.309668,59.942923,-0.002257,1,0
28.900000,-57.142511,205113.798279,-177.189111,204600.454769,62.875333,205156.493224,100.876304,632.905974,-19.332779,639.224016,-139.212727,639.129878,59.934466,-0.002273,1,0
28.933000,-57.182647,206007.608738,-177.129775,204838.865543,62.729622,203155.133269,100.792773,636.956299,-19.260733,642.000530,-139.139339,642.246480,59.936969,0.007923,1,0
28.967000,-57.081215,204907.782281,-177.047863,204983.496422,63.004216,205015.159045,100.797133,639.198302,-18.991637,649.836741,-139.013259,635.846020,59.943021,0.002545,1,0
29.000000,-57.121272,204922.456793,-177.263196,203195.303252,63.075951,202910.323237,101.155644,640.345427,-19.363366,646.026562,-138.922922,634.993940,59.928731,-0.007356,1,0
29.033000,-57.404883,204979.855064,-177.209064,204116.076553,63.020855,204144.018477,100.932661,633.540993,-19.194030,647.977415,-138.908539,633.989840,59.939202,0.013078,1,0
29.067000,-57.084605,202887.017552,-177.147694,205094.237928,62.814814,204060.403699,100.998135,635.380290,-19.361451,636.222350,-139.084259,639.778884,59.934259,-0.015334,1,0
29.100000,-57.140118,204953.386623,-177.115494,203680.324859,62.826749,204868.520612,100.831276,635.276537,-19.050422,637.288783,-139.030108,644.439998,59.933210,0.008662,1,0
29.133000,-57.134884,206351.167728,-177.136660,203251.137951,62.849875,204814.470261,100.633169,635.554618,-19.276858,637.002676,-139.266004,640.417317,59.933221,0.006078,1,0
29.167000,-57.298238,205832.190093,-177.094506,204126.204845,63.145659,205851.963321,100.717753,633.524330,-19.162261,639.330384,-138.897658,630.630135,59.945780,0.002893,1,0
29.200000,-57.089805,205618.358756,-177.062098,204899.629419,63.024166,204841.070970,100.795925,640.943912,-19.248987,640.819582,-138.963711,635.008388,59.942304,0.000067,1,0
29.233000,-57.188269,204506.368842,-177.140512,204978.292603,62.679579,207371.124286,100.830555,633.089889,-19.194415,634.373579,-139.329771,627.988206,59.946476,0.001695,1,0
29.267000,-57.065003,203819.586255,-177.166612,206150.883690,62.653211,206413.160423,100.581319,636.480468,-19.111025,627.284374,-139.672584,631.117226,59.949338,0.012488,1,0
29.300000,-57.264934,205231.570808,-177.229641,204896.427814,62.892769,203192.179748,100.761015,637.631214,-19.196455,632.768981,-139.442186,638.132175,59.955759,-0.004775,1,0
29.333000,-57.298556,206482.211068,-177.180847,206949.645872,62.780932,204706.975113,100.923101,633.783539,-18.868997,634.870775,-138.930068,633.157930,59.948417,-0.008375,1,0
29.367000,-56.986649,205327.697593,-177.040223,206669.427597,63.005135,204691.624062,101.514214,628.848546,-19.016330,628.965082,-138.894246,631.086314,59.950244,-0.005759,1,0
29.400000,-57.150875,204241.286140,-177.154558,205735.697706,62.767542,205866.072691,100.618664,635.650913,-19.179855,625.282579,-139.444921,630.969135,59.944104,0.001145,1,0
29.433000,-57.297310,205704.087047,-177.132200,205956.525408,62.822488,204667.068117,100.678456,631.523162,-19.167922,637.228028,-139.259189,628.619223,59.943639,-0.005182,1,0
29.467000,-57.132706,205531.589970,-177.268152,205624.756203,62.752370,203683.822367,100.564354,630.137413,-19.426917,629.713425,-139.340011,631.955563,59.948639,0.005510,1,0
29.500000,-57.360573,206255.363097,-177.276897,205451.351101,62.671690,204408.446817,100.591679,636.488815,-19.286344,622.828788,-139.210541,633.223426,59.945639,0.007600,1,0
29.533000,-57.401488,205122.253118,-177.279144,206606.838994,62.904022,206898.031944,100.337354,632.382320,-19.152235,627.263580,-138.963514,629.165242,59.945248,0.002066,1,0
29.567000,-57.191079,204419.752301,-177.060514,205455.576899,62.890881,205460.083368,100.560751,624.720859,-19.207606,622.889872,-139.473744,625.835205,59.944480,0.001431,1,0
29.600000,-57.187180,206538.320727,-177.275695,205035.802672,62.824278,205714.327951,100.740168,627.911949,-19.230989,626.469461,-138.601737,622.739013,59.947862,-0.007109,1,0
29.633000,-57.129864,204603.738404,-177.194050,204791.393699,62.893265,205127.908794,100.777069,620.995144,-19.328482,626.336419,-139.461072,628.986706,59.945082,-0.006710,1,0
29.667000,-57.210784,205017.487436,-177.120915,205950.577466,62.821119,207480.329135,100.961300,618.647361,-19.385841,626.912007,-139.108208,622.372493,59.950086,-0.004593,1,0
29.700000,-57.136515,205689.123251,-177.183673,206658.635341,62.788353,204757.190808,100.882401,623.180053,-19.063450,621.394045,-139.138657,616.837681,59.941395,-0.009989,1,0
29.733000,-57.398328,205196.361808,-177.233763,206021.095391,62.752991,204176.514018,100.647673,621.184916,-19.578935,619.255934,-139.339435,620.010979,59.942431,-0.020394,1,0
29.767000,-57.235844,203318.162145,-177.362676,204488.931353,62.887961,205755.779062,100.694821,610.735943,-19.661585,614.438692,-139.117294,620.179615,59.949859,0.005320,1,0
29.800000,-57.184824,205086.002191,-177.201188,207616.907391,62.849052,205690.879789,100.914745,612.568103,-19.384558,625.218698,-138.776088,615.554934,59.954265,0.011600,1,0
29.833000,-57.265944,205895.874514,-177.141326,204449.726240,62.620825,206943.619065,100.722752,611.602711,-19.447498,618.536632,-139.547656,616.201859,59.948818,-0.009871,1,0
29.867000,-57.363335,204344.969740,-177.224491,204656.401382,62.816318,204933.481311,100.555386,616.537163,-19.268418,616.406962,-139.182844,617.599151,59.956392,0.001991,1,0
29.900000,-57.104709,205926.893272,-177.142744,205339.866930,62.901396,204973.057620,101.088156,614.162052,-19.165022,619.425961,-138.918349,620.533029,59.948016,0.006671,1,0
29.933000,-57.261764,205705.339235,-177.118737,204666.298151,62.861958,205694.193810,100.570857,616.537115,-19.109401,614.625449,-139.246729,613.851346,59.945820,0.001847,1,0
29.967000,-57.197774,204979.728367,-177.102483,204184.442990,62.855541,205223.271801,100.718712,616.841474,-19.039474,616.563163,-139.217166,625.827197,59.947731,-0.001001,1,0
30.000000,-57.061123,206816.127574,-177.360965,207063.685786,62.930594,204608.975874,100.929553,620.104616,-19.555055,619.333853,-139.042674,619.799952,59.951112,-0.015417,1,0
