TIMESTAMP,BUS16_VA_ANG,BUS16_VA_MAG,BUS16_VB_ANG,BUS16_VB_MAG,BUS16_VC_ANG,BUS16_VC_MAG,BUS16_IA_ANG,BUS16_IA_MAG,BUS16_IB_ANG,BUS16_IB_MAG,BUS16_IC_ANG,BUS16_IC_MAG,BUS16_Freq,BUS16_ROCOF,DATA_PRESENT,Event
0.000000,-61.064873,204831.557860,178.899197,205825.068772,58.885125,206216.245906,97.123259,666.863980,-23.100917,673.489289,-143.025155,674.084222,59.964414,0.017395,1,0
0.033000,-61.066726,204420.711203,179.022117,204528.024218,59.013576,206511.476971,96.997289,670.401646,-22.786572,672.999339,-142.819631,672.049157,59.968058,0.016573,1,0
0.067000,-61.034713,207127.558664,178.844652,204449.741248,58.952168,204886.646468,97.068782,680.216237,-23.327266,675.972020,-142.855630,670.414491,59.970511,0.011333,1,0
0.100000,-60.935390,206842.611491,178.706532,205813.962064,58.721693,205946.193215,96.949881,668.545509,-23.262488,668.005734,-143.207460,663.213115,59.968356,0.010633,1,0
0.133000,-61.091286,204848.333180,178.698432,206003.075427,58.738847,203084.002329,97.172685,664.869891,-23.284173,668.410737,-143.230339,669.878687,59.954523,-0.013059,1,0
0.167000,-61.127597,204332.881227,179.202329,206042.051388,58.845949,203757.095390,96.525514,665.916814,-23.049961,667.038036,-143.149656,665.716038,59.956705,0.008814,1,0
0.200000,-61.136542,204654.715714,178.792803,205111.253584,58.911933,205425.692692,96.370966,669.309886,-23.518751,664.423842,-143.271677,665.159678,59.951427,0.001579,1,0
0.233000,-61.134611,206278.301133,178.828323,203554.992453,58.779778,204423.665143,96.664102,662.815285,-23.142513,667.928439,-143.112880,672.339952,59.960889,-0.001642,1,0
0.267000,-61.337914,204613.151378,178.823206,206034.742464,58.957593,205100.919992,96.832115,665.653676,-23.355043,663.280535,-143.204421,666.488078,59.963110,0.009849,1,0
0.300000,-61.257899,203714.155328,178.786324,204548.756010,59.033833,206208.817744,96.924399,660.047933,-23.582917,658.037868,-143.084976,665.971823,59.963617,-0.005702,1,0
0.333000,-61.154608,204504.658494,178.849812,205870.725627,58.804818,204765.382887,96.804583,662.306664,-23.545995,668.740597,-142.768938,666.960840,59.954233,-0.004628,1,0
0.367000,-61.004648,203743.255165,178.872398,205338.287593,58.856567,204781.793796,97.035936,664.444510,-23.363468,662.469552,-143.150624,665.225611,59.959020,-0.008606,1,0
0.400000,-61.133568,204508.095802,179.017875,204271.879912,58.896745,205660.361685,96.766482,667.155756,-22.844015,663.441794,-143.252187,659.878683,59.963485,-0.002748,1,0
0.433000,-61.123478,204220.387727,179.036193,206337.878601,58.997445,204536.932317,96.960436,665.545748,-23.047276,664.364366,-143.132396,671.999181,59.960013,-0.011376,1,0
0.467000,-61.025785,203891.113459,178.680646,206212.035779,58.988312,205549.975008,97.140222,669.337840,-23.281338,663.997108,-143.006817,658.859783,59.965200,-0.006679,1,0
0.500000,-61.160591,205184.556414,178.776049,203404.456744,58.769909,205121.798909,96.741699,667.914996,-23.234338,662.384066,-143.158685,664.011451,59.972349,0.000464,1,0
0.533000,-61.186101,205472.855193,178.903265,204945.724430,59.003643,206229.469500,96.949599,664.126133,-22.975877,660.686832,-142.949418,668.257329,59.964985,0.013888,1,0
0.567000,-61.166888,204960.052097,179.022854,206323.479677,58.708107,205623.871520,97.089526,662.915779,-22.883317,669.574244,-142.964518,663.265346,59.957019,-0.016326,1,0
0.600000,-61.132996,206495.918928,178.990179,206349.891392,58.980850,204856.395684,96.539811,662.491633,-22.757842,670.288773,-143.190563,665.178746,59.967896,0.006060,1,0
0.633000,-60.921153,205484.821705,179.025096,204653.041718,58.915875,204908.107238,97.458397,668.137774,-23.004613,665.913566,-142.959399,663.890121,59.964919,-0.010655,1,0
0.667000,-61.045907,203218.509816,178.997479,204093.461703,59.128835,205246.585142,97.140973,667.685539,-23.141559,661.864995,-143.129389,669.352953,59.965497,-0.002228,1,0
0.700000,-61.094050,204673.080027,178.907890,206430.316531,58.834635,204705.967013,96.932978,665.966395,-22.981687,670.394260,-142.986613,665.044349,59.956681,0.014582,1,0
0.733000,-60.992513,204963.394287,178.791929,205266.234998,58.960272,204309.959891,97.145308,662.918866,-23.287343,665.562914,-143.013609,672.121815,59.952292,-0.001701,1,0
0.767000,-61.078746,205698.231242,179.072850,206755.074888,58.941743,204820.447417,96.814965,667.517983,-22.751875,665.151394,-142.902125,669.272400,59.956379,-0.000619,1,0
0.800000,-60.922119,205207.624712,179.051155,205690.851862,58.893297,205018.706580,97.189082,672.117351,-23.018282,659.842545,-143.308136,661.636639,59.965602,-0.009627,1,0
0.833000,-61.055241,205554.273912,178.965327,204962.688478,58.827818,205805.424878,96.858661,665.270288,-23.002984,666.075362,-143.226822,667.765072,59.964415,0.010455,1,0
0.867000,-61.003919,205578.443305,178.958800,206136.678448,58.940050,204634.517329,96.907889,665.097132,-22.974574,677.684957,-142.882335,670.666065,59.963311,0.003930,1,0
0.900000,-61.035674,205558.224789,179.125172,207380.901855,58.960936,205239.871015,96.927374,667.072092,-22.981186,669.835400,-142.846205,665.799261,59.961229,0.010609,1,0
0.933000,-60.943779,204811.938615,179.067380,205615.848512,59.030274,204408.754450,97.108101,667.607801,-22.890976,667.429453,-143.008501,665.327131,59.962846,-0.009297,1,0
0.967000,-60.949564,207250.007378,179.212754,205709.574680,59.007972,205429.295228,97.013292,664.803322,-22.627859,669.480634,-142.624256,666.697843,59.954869,-0.005167,1,0
1.000000,-61.002153,204868.809163,179.269442,205733.401309,59.182993,204890.089501,97.148390,660.763421,-22.571988,674.360259,-143.117185,665.246672,59.965281,0.016889,1,0
1.033000,-61.029371,205347.736714,179.295582,205059.074507,59.282321,206112.539015,96.943174,666.979384,-22.756420,670.742147,-142.687399,665.382623,59.971464,0.000550,1,0
1.067000,-60.828014,205125.424869,179.096979,205312.367770,59.059260,206892.444986,97.156893,668.473643,-23.075376,665.356374,-142.662407,671.013151,59.965186,0.008961,1,0
1.100000,-60.901828,205315.584031,179.202015,204156.718576,59.138907,205090.864486,97.130079,661.812382,-22.798055,671.550104,-142.780007,664.816943,59.966989,0.000122,1,0
1.133000,-61.029158,205939.121361,178.913479,204557.564265,58.895040,205170.141319,96.753169,666.651272,-22.947077,665.471592,-143.217645,664.447452,59.961200,-0.001069,1,0
1.167000,-60.933974,204650.692867,179.008739,205714.186010,59.188403,204873.030691,97.028924,666.515482,-22.775880,665.727646,-142.439401,670.542180,59.962757,-0.008565,1,0
1.200000,-60.861168,207556.841069,179.267624,205500.325697,59.056412,205412.935558,96.852561,661.901680,-22.976201,661.358018,-142.981093,664.697316,59.973186,0.006983,1,0
1.233000,-60.833277,205052.947571,179.178662,206261.484412,59.144098,206280.274262,97.309474,658.978322,-22.786637,672.222535,-142.510740,662.837534,59.973702,-0.001461,1,0
1.267000,-60.934678,207178.897822,179.191416,204987.338598,59.093248,204358.819550,96.998912,664.539699,-22.758099,665.248051,-142.948782,669.846740,59.965746,0.012086,1,0
1.300000,-60.957330,206439.602112,179.188681,203858.756463,59.198273,205839.205451,97.018154,660.736183,-22.779146,669.210994,-142.717835,665.403264,59.970335,-0.000212,1,0
1.333000,-60.951364,205690.859129,179.048485,204814.605619,59.298732,207575.059189,97.108268,663.361143,-22.994532,671.145470,-142.788981,669.411281,59.975845,0.000314,1,0
1.367000,-60.856939,204292.250036,179.092471,204227.588782,59.198216,204437.570156,97.721165,667.742209,-23.272893,664.856505,-142.865120,669.156927,59.970029,0.006419,1,0
1.400000,-60.939746,204391.609907,179.112501,204692.979251,59.196509,204288.719799,96.960714,657.521090,-22.832506,666.594751,-143.077833,668.321752,59.964643,-0.015038,1,0
1.433000,-60.905668,205488.910769,179.092761,206758.373949,59.138969,205380.202142,97.095143,663.479092,-22.712648,671.167928,-142.529876,666.486824,59.969911,0.003526,1,0
1.467000,-61.049527,204875.372953,178.941737,204960.480379,59.165484,205504.727490,96.957877,662.730398,-23.133952,664.356977,-142.447193,662.054720,59.966060,0.003708,1,0
1.500000,-60.976464,204760.187896,179.192122,204375.381225,59.127974,204928.453906,96.843339,668.416723,-22.833455,672.227936,-143.110150,666.416060,59.966106,0.002885,1,0
1.533000,-61.083185,204920.223929,178.901050,204366.275363,59.014245,205999.932072,97.119406,660.532086,-23.208756,669.623987,-142.805871,661.678735,59.967076,-0.006198,1,0
1.567000,-61.020227,204330.724976,179.059546,205494.772332,59.292691,204232.932699,97.115102,665.330587,-22.764000,666.701071,-142.741951,661.003732,59.965883,0.005539,1,0
1.600000,-60.806312,205182.084048,179.074694,203236.382321,58.995811,202943.537630,97.509741,671.628230,-23.070362,664.571822,-143.129920,672.297168,59.959460,0.006925,1,0
1.633000,-60.983696,204937.044333,179.151190,202975.132577,59.005101,203349.562905,96.859128,668.567299,-22.995830,663.575117,-143.136282,662.646307,59.967993,-0.003591,1,0
1.667000,-60.917218,202922.825088,179.154456,204995.712591,58.995536,203464.088806,97.357162,663.769999,-22.989756,669.888448,-142.894199,664.519660,59.964328,0.004297,1,0
1.700000,-61.028756,206048.044845,178.850730,204901.790099,59.063583,204236.705069,96.398005,669.240353,-23.026379,671.018803,-142.759907,670.768874,59.962298,-0.001075,1,0
1.733000,-60.884574,204599.178669,178.781065,205695.292364,58.814876,204296.300539,97.098967,670.177933,-23.216605,671.421350,-143.285516,675.143248,59.962956,-0.011441,1,0
1.767000,-60.959225,204796.932957,179.070822,203032.251668,58.816472,205905.463193,96.981173,672.713806,-23.084209,671.768171,-143.645502,670.081632,59.956024,0.017670,1,0
1.800000,-60.881288,204136.398189,179.098764,204091.987879,59.015556,205021.072508,97.234575,671.518096,-22.959853,668.465443,-142.973887,672.973537,59.959384,0.009904,1,0
1.833000,-61.017720,204603.107757,179.063104,205580.516932,59.241980,205315.505553,96.636047,666.340457,-22.777663,670.942755,-142.617485,668.036329,59.958148,-0.004274,1,0
1.867000,-61.048767,205441.830960,179.010266,203655.330809,59.003147,204613.699072,97.026525,674.203807,-23.118740,669.771745,-142.955848,662.580673,59.962135,-0.006595,1,0
1.900000,-61.087308,204822.370112,178.876427,205204.511663,58.952395,203250.952597,97.008586,670.543381,-22.686700,670.351155,-142.928148,664.433793,59.967517,0.003904,1,0
1.933000,-61.051705,206050.781276,178.979436,205122.107008,58.995549,203072.433640,96.925699,664.250770,-22.948202,670.215115,-142.971297,671.864354,59.963405,0.004365,1,0
1.967000,-61.105073,205368.971554,178.964574,204740.639056,58.970932,205301.196217,96.810797,675.884777,-22.562857,670.444886,-142.982159,673.799855,59.961924,-0.000743,1,0
2.000000,-61.039978,204458.066287,178.762732,204213.592478,58.777969,203775.125596,96.736610,671.183430,-23.254109,669.655750,-143.186808,666.941934,59.959316,0.006417,1,0
2.033000,-61.038817,204849.459996,179.032490,205124.973096,59.038217,203523.025520,96.798350,669.174183,-23.201168,673.126136,-142.997767,673.662531,59.961923,0.006614,1,0
2.067000,-60.982402,206088.238161,178.984261,205262.631016,59.076450,206157.451260,96.848650,669.520873,-23.085557,672.406943,-143.231233,667.625677,59.965585,-0.010856,1,0
2.100000,-60.890881,203416.219130,178.950070,204063.091380,58.952894,205151.372575,96.789531,670.244721,-23.017086,665.126336,-142.783476,662.347290,59.965410,-0.001694,1,0
2.133000,-61.028054,205038.861144,179.139914,205414.410137,59.189382,205027.502421,97.125602,668.889186,-22.885897,661.363070,-142.784330,664.637532,59.964600,-0.002181,1,0
2.167000,-60.910785,205196.924873,179.040291,204011.102002,58.936297,203849.259452,97.154388,664.044749,-22.992982,665.785826,-142.964095,664.706198,59.959805,0.012026,1,0
2.200000,-60.906862,205513.300883,179.055086,205290.636857,59.126493,204762.866596,97.039456,656.864129,-23.162468,672.974735,-143.285641,671.448251,59.959894,-0.007454,1,0
2.233000,-60.935486,204009.866392,178.947885,203968.011456,58.911484,205002.334594,96.863979,664.941565,-23.101658,658.778713,-143.107373,665.476655,59.969816,0.006713,1,0
2.267000,-60.915066,204784.832576,178.947197,203657.125607,58.901200,203480.465584,97.243684,662.083364,-22.747439,663.557845,-143.150973,664.002286,59.962518,0.004169,1,0
2.300000,-61.043160,202340.150950,178.898069,204239.488655,58.907879,203545.624608,96.938841,668.163883,-23.281637,658.383702,-143.113969,660.193457,59.951779,-0.004973,1,0
2.333000,-60.997879,203849.549207,178.986751,204793.499835,58.832444,202022.568094,96.671114,662.154353,-22.972828,656.629279,-143.079579,656.180999,59.952963,-0.001712,1,0
2.367000,-61.029825,204716.748159,178.884543,204992.596454,58.809115,204828.186060,96.955275,664.206445,-23.062743,666.798783,-143.157583,665.195462,59.966001,0.009450,1,0
2.400000,-61.058499,202142.677830,178.825575,202725.485357,59.099861,203738.501284,96.979680,665.219312,-23.142086,659.561278,-143.030215,666.558136,59.956083,0.001084,1,0
2.433000,-60.955703,203980.703530,178.946543,203845.822042,58.977568,203695.596253,97.181206,659.415261,-22.834722,656.400041,-142.895672,658.957912,59.967352,0.000757,1,0
2.467000,-61.020279,203396.433989,178.983900,202865.431401,59.034070,204178.574558,96.720174,659.695772,-23.045147,656.491362,-142.920817,663.069655,59.965279,-0.002535,1,0
2.500000,-60.919611,203944.019410,179.038043,202972.987693,58.913796,203272.520865,97.199050,655.591089,-22.848206,656.422797,-143.291009,651.431823,59.964067,0.000805,1,0
2.533000,-60.984424,204064.647089,179.037771,202473.806685,59.035470,202356.540241,96.873389,661.762605,-22.974046,657.029516,-142.745280,653.041223,59.964015,-0.005458,1,0
2.567000,-61.230475,203033.296497,178.957766,202555.624155,59.297054,203758.132904,96.872837,660.177773,-22.346354,655.293771,-142.463504,656.212431,59.970001,-0.000981,1,0
2.600000,-61.025750,202923.004241,178.957689,204077.786595,58.938500,204595.399762,97.053626,654.497524,-23.016022,654.981986,-143.059929,655.091749,59.962166,-0.002427,1,0
2.633000,-60.975149,206258.229760,179.171508,204769.563148,59.084472,202630.844753,97.198665,651.507354,-23.037770,658.277028,-143.047702,651.839786,59.962261,0.009892,1,0
2.667000,-61.039082,201994.927817,179.034830,204233.355105,59.115036,204372.180158,97.026811,655.358080,-22.962162,648.467828,-142.718584,659.455008,59.970658,0.008903,1,0
2.700000,-60.952217,204282.325790,179.054386,204495.152711,59.105995,204211.338705,96.995996,655.564003,-22.827384,658.430465,-142.421480,660.134090,59.969124,0.000758,1,0
2.733000,-60.596069,202644.450626,179.041899,203096.261192,59.120363,204703.495142,97.222270,650.456809,-22.626980,657.025285,-143.057791,649.579752,59.961635,-0.003645,1,0
2.767000,-60.730889,204492.759816,178.984466,203542.968502,59.088503,203208.514713,97.482005,651.979465,-22.811060,662.893933,-143.174859,653.351329,59.964356,0.000838,1,0
2.800000,-60.952886,203007.667466,178.943362,203388.045963,59.122053,203806.301361,96.678856,657.864257,-23.194819,650.754573,-142.901709,646.497436,59.967801,0.007524,1,0
2.833000,-60.883145,204309.492386,179.017683,202881.072081,59.017790,202426.754000,97.247882,653.440543,-23.230055,654.416433,-143.011674,657.757375,59.962912,0.008809,1,0
2.867000,-61.032273,202691.586365,179.104711,204278.834764,59.001598,203115.027821,96.991476,646.837919,-23.204325,650.895491,-142.568442,649.168972,59.963484,0.002041,1,0
2.900000,-60.795634,203286.855831,179.063239,202581.202334,59.178268,202793.944119,97.062626,649.364419,-22.999375,652.695501,-143.139150,647.796416,59.960724,0.006037,1,0
2.933000,-60.915600,203664.202955,179.251161,203924.916329,59.202427,205140.930396,97.406808,654.386633,-22.829394,650.979617,-142.731459,647.978265,59.961801,-0.011869,1,0
2.967000,-60.799579,204367.174059,179.048574,204687.191295,58.934255,203544.990536,97.295340,650.732266,-22.688813,649.416436,-143.235476,654.973351,59.955802,-0.000444,1,0
3.000000,-60.957649,204440.709365,178.985876,203385.306228,59.274497,202879.050559,96.957571,656.218441,-22.930541,645.294279,-142.969966,652.515026,59.957023,0.007142,1,0
3.033000,-60.849036,204474.177143,179.385234,204225.230312,59.159915,202471.338636,97.188232,645.883353,-22.670102,648.852329,-143.243075,646.652003,59.970461,-0.010583,1,0
3.067000,-60.883056,203714.433609,178.901933,202969.360717,59.135621,202145.024093,97.228260,647.603296,-23.306123,652.744518,-143.152063,647.721803,59.970552,0.008294,1,0
3.100000,-61.041303,204536.666492,179.210851,202799.267829,59.280129,202296.634921,97.561613,647.499425,-22.687297,646.345449,-142.964701,643.306125,59.964293,0.001215,1,0
3.133000,-60.940366,203513.579015,179.206748,203569.004776,59.051489,203406.310845,97.346547,645.245425,-22.876656,648.129950,-142.808652,648.267930,59.975092,0.002412,1,0
3.167000,-60.806091,203849.690079,179.183942,203779.818592,59.047438,202368.303911,97.094726,640.272060,-22.913648,640.067718,-142.994294,642.891438,59.970277,-0.009013,1,0
3.200000,-60.832562,202446.211649,179.197800,202381.527255,59.250918,201979.292932,97.256469,646.100346,-22.574853,652.694068,-142.768191,646.589865,59.966913,0.005548,1,0
3.233000,-60.825878,203212.196764,179.244136,204851.017384,59.251111,203980.707488,97.322062,643.193025,-22.748568,641.233700,-142.583237,643.002951,59.959987,-0.002158,1,0
3.267000,-60.684704,201285.033096,179.153721,203745.821194,59.156764,204486.539479,97.521860,647.888910,-23.050918,643.116603,-142.689649,640.583416,59.960492,0.001081,1,0
3.300000,-60.955041,203028.954973,179.320179,203793.287909,59.192484,203511.838311,97.095204,639.291206,-22.526582,641.154740,-142.754817,648.222645,59.962906,0.011236,1,0
3.333000,-60.842119,204416.483741,179.195398,204621.587362,59.217923,201835.769353,97.146172,645.127473,-22.828828,640.633972,-142.998922,645.228067,59.964509,-0.009273,1,0
3.367000,-60.837782,202666.084935,179.307070,204254.797637,59.207862,204290.054321,96.886081,649.533395,-22.672828,643.223513,-142.675431,642.140866,59.963351,-0.008802,1,0
3.400000,-60.718830,205017.941911,179.160994,203859.185288,59.298622,202702.824296,97.211647,647.383840,-22.994869,650.356415,-142.815450,649.861161,59.971498,0.002330,1,0
3.433000,-60.637069,201657.679133,179.304652,203552.457406,59.152688,204319.872275,97.539884,647.221542,-22.617086,646.220330,-142.855600,651.564107,59.966637,-0.007358,1,0
3.467000,-60.821720,204022.351765,179.224200,203903.517882,59.232685,204718.499808,97.197494,637.731924,-22.823881,647.554338,-142.733555,646.953227,59.963519,0.001755,1,0
3.500000,-60.751216,203949.190244,179.042063,203624.668097,59.367680,203148.774877,97.522651,650.803767,-22.847724,647.184018,-142.850331,648.827722,59.967798,-0.002141,1,0
3.533000,-60.736852,203304.233372,179.212124,203609.399927,59.046087,202610.733661,97.446864,650.515733,-22.691402,651.650831,-143.060902,649.462905,59.972434,0.000465,1,0
3.567000,-60.757230,202631.850028,179.338726,203558.461773,59.219962,202933.517675,97.231104,655.882883,-22.823514,648.461710,-142.861362,647.355792,59.979024,-0.002775,1,0
3.600000,-60.855719,202786.869247,179.242716,202834.937518,59.050997,204088.146553,96.913919,650.266695,-22.825264,656.128652,-142.949277,642.617835,59.966753,-0.002088,1,0
3.633000,-60.793742,203706.924151,179.209092,203859.789610,59.114729,203592.536206,97.115304,653.294564,-23.007002,646.971192,-142.793554,647.958308,59.974804,-0.010044,1,0
3.667000,-60.948900,202974.240855,178.932081,205537.803392,59.002701,202451.739085,97.157514,649.801615,-23.030883,655.262900,-142.812258,655.732565,59.966552,-0.002422,1,0
3.700000,-60.719154,203536.976395,179.229962,204587.970666,59.157118,203766.164091,97.300546,649.413207,-22.642694,652.939996,-142.970878,648.866024,59.973272,-0.005342,1,0
3.733000,-60.739659,202951.055682,179.335807,202540.495479,59.076108,202954.304383,97.524991,652.354525,-22.536765,650.584763,-142.876643,653.659925,59.976250,-0.007182,1,0
3.767000,-60.971663,201357.437297,179.283245,201798.628461,59.173274,201022.329957,97.216285,650.261909,-22.449662,647.739403,-143.184812,651.216914,59.973999,0.003904,1,0
3.800000,-60.916300,203278.489014,179.000358,204468.065970,59.225736,201621.018967,97.032610,650.912157,-23.220115,646.726090,-142.889239,652.409627,59.973273,-0.005976,1,0
3.833000,-60.549906,203830.847202,179.083815,202888.802977,59.083976,201687.575424,97.438809,654.260998,-23.181841,649.042414,-143.086625,654.391439,59.978184,-0.005106,1,0
3.867000,-60.976857,203050.456758,179.312056,204119.173144,59.116616,202308.379077,96.988349,646.517465,-22.506435,653.499889,-142.665787,646.827904,59.969942,-0.001207,1,0
3.900000,-60.657659,202504.842102,178.823094,203910.559032,59.181736,202820.697142,97.485610,651.877746,-23.268782,653.318695,-142.875464,646.982886,59.976295,0.000475,1,0
3.933000,-60.661606,202448.682363,179.293748,203907.393413,59.114039,202240.603080,97.348283,650.441413,-22.470718,651.762098,-142.807294,653.204333,59.981070,0.004291,1,0
3.967000,-60.754353,203908.949327,179.161754,202061.878564,59.273858,201705.123914,97.234274,646.142981,-22.833777,646.752967,-142.966587,648.025644,59.977706,-0.005851,1,0
4.000000,-60.866230,202703.272818,179.024406,203203.392649,59.103111,202233.518025,96.975335,642.916179,-22.849718,649.462950,-142.723678,656.284583,59.982066,0.011523,1,0
4.033000,-60.728862,204853.390828,179.025693,202804.734234,58.985326,202432.935704,97.528435,649.825148,-22.874236,647.361982,-142.840787,650.906571,59.983010,-0.005966,1,0
4.067000,-60.867600,202694.914354,179.229828,201731.872212,59.283251,201363.169373,97.027487,648.817905,-22.554107,651.180331,-142.762231,647.942623,59.970464,0.004879,1,0
4.100000,-60.705244,202539.130660,179.155906,202849.125030,59.053567,204627.098042,97.102118,654.231855,-22.792903,647.645157,-142.967225,649.098547,59.973032,-0.013675,1,0
4.133000,-60.853244,201476.278258,179.084586,200682.560121,59.246052,201964.663977,97.217946,656.388411,-22.501839,649.125354,-142.550614,650.634655,59.980771,-0.009796,1,0
4.167000,-60.869891,202752.423299,179.150396,201517.112126,59.183754,204722.923692,96.876782,647.405384,-22.925220,652.844156,-142.764774,650.056190,59.970868,-0.014491,1,0
4.200000,-60.872472,200291.125896,179.056646,203318.295541,58.960156,201084.317357,97.473422,649.321024,-22.916849,645.522574,-143.209466,647.973223,59.979304,-0.014996,1,0
4.233000,-60.927273,202317.390630,179.038199,202412.041418,59.167867,202894.104853,97.400821,649.677045,-23.105199,646.103228,-142.517806,641.241759,59.978506,0.001712,1,0
4.267000,-60.729211,203567.405385,179.181680,202414.513890,59.175378,202978.318104,97.579378,645.192297,-22.759805,650.476769,-142.904741,647.728941,59.975643,0.000340,1,0
4.300000,-60.722884,203871.081898,179.143975,204972.814259,59.274309,203037.672859,96.943799,645.713436,-22.914907,644.632125,-142.978015,652.293752,59.981244,-0.000705,1,0
4.333000,-61.117501,202500.116610,179.177985,201980.929064,59.064384,202943.058107,96.703261,654.055552,-22.703335,655.414583,-143.130530,652.059147,59.972737,0.005382,1,0
4.367000,-60.780279,204149.374256,178.977281,202230.012938,59.022984,203285.204133,97.459443,645.149461,-22.771720,652.754921,-143.097283,651.871737,59.979247,-0.021700,1,0
4.400000,-60.894179,201647.381938,179.027688,202173.790583,59.012160,204148.411838,96.950873,648.497814,-23.364961,645.851332,-142.984052,644.366870,59.976343,0.000585,1,0
4.433000,-60.899368,202895.753888,179.124729,202567.826366,59.040941,202116.395448,97.462244,647.046081,-22.784849,645.765179,-143.024602,651.279332,59.980616,0.001714,1,0
4.467000,-60.868261,203019.925992,179.064649,203963.420561,59.286180,204401.999450,96.626860,647.157268,-22.794671,650.031818,-142.683072,644.214761,59.977480,0.012045,1,0
4.500000,-60.854227,203566.218943,179.128473,203454.861716,59.233063,202213.356823,97.046147,650.749168,-22.889948,648.516885,-142.671849,643.956418,59.970012,-0.001471,1,0
4.533000,-60.477873,201806.592982,179.185248,204830.894825,59.113686,203356.156120,97.345372,641.769238,-22.667157,645.073263,-142.875867,647.631508,59.977192,-0.002049,1,0
4.567000,-60.868814,202707.082679,179.174335,203993.366431,59.112309,202857.131408,97.079382,647.329363,-22.754659,642.834940,-142.783129,646.600750,59.976062,-0.001469,1,0
4.600000,-60.828988,202736.876265,179.098570,203453.312559,59.107297,203399.478000,96.908715,643.027225,-23.073408,642.649240,-143.065859,644.029574,59.976445,0.016524,1,0
4.633000,-60.959271,203230.571253,179.057081,205264.468713,59.044824,201237.071531,97.008304,638.857735,-22.628696,632.935934,-143.157809,637.677305,59.975801,-0.007295,1,0
4.667000,-60.883201,201402.142652,178.991179,202524.802014,59.126484,202859.965804,96.907083,648.630869,-22.521398,632.891638,-142.855842,642.971051,59.974494,0.000185,1,0
4.700000,-60.964506,203356.545912,179.261763,202330.381849,59.097847,203940.708738,97.201212,635.039065,-22.829927,638.710522,-143.108747,643.987409,59.984540,0.001393,1,0
4.733000,-60.843652,203117.197346,179.434084,201646.619992,59.271700,203796.976562,97.460496,630.887058,-22.570339,631.717897,-142.651886,640.914747,59.979302,-0.001731,1,0
4.767000,-60.828026,202201.353395,179.219966,203540.639494,59.103705,201772.090495,97.135675,637.074339,-23.038555,638.098036,-142.580499,634.268541,59.977911,-0.004859,1,0
4.800000,-60.889503,203783.493910,179.109793,203272.858459,59.058281,201626.471228,97.369061,638.247329,-22.714376,644.835466,-142.712662,641.793566,59.978231,0.008042,1,0
4.833000,-60.755506,203090.805706,179.242035,203586.781893,58.913029,202656.803250,97.210319,640.874517,-22.904739,634.834883,-143.176339,642.420190,59.976222,0.008683,1,0
4.867000,-60.957457,202045.726288,179.109041,201536.292994,59.079194,202575.609587,97.203548,631.157113,-23.041699,641.116586,-142.774019,636.409662,59.983672,0.019866,1,0
4.900000,-60.767168,203541.928050,179.011903,202854.566895,59.083011,202758.084380,97.451583,633.609699,-22.713372,637.645010,-142.790664,645.439462,59.976903,-0.002539,1,0
4.933000,-60.896286,203206.969071,179.089844,202861.379341,59.159279,202942.588694,96.973913,629.033070,-23.039613,637.589864,-142.599614,636.410819,59.978918,0.007011,1,0
4.967000,-60.996604,202889.137787,178.975145,203454.608787,59.138257,203065.740009,97.008146,639.649130,-22.975877,633.331717,-142.798939,637.048068,59.982714,0.008912,1,0
5.000000,-60.899483,206242.765249,179.280116,202409.999782,59.026092,202860.299095,96.681990,630.287424,-23.008208,641.844289,-142.850119,638.654520,59.986118,-0.010575,1,0
5.033000,-61.021814,203082.719333,178.919578,202552.851194,59.113978,203271.329916,96.791864,636.020757,-23.379023,634.507431,-142.782503,642.506839,59.985548,-0.000976,1,0
5.067000,-61.064673,203369.630385,179.020329,203029.310805,59.197719,201840.934296,96.645103,637.389781,-22.829908,639.927333,-143.077520,636.555313,59.981561,0.007714,1,0
5.100000,-60.837975,202090.133043,179.266643,202580.611046,59.200249,203589.765523,97.241646,633.950367,-23.069224,638.348836,-143.180971,638.680544,59.977799,-0.008412,1,0
5.133000,-60.742991,200594.275540,179.167005,203469.562025,59.157344,202505.116718,97.177120,638.018407,-22.577466,641.819236,-142.876894,640.261537,59.981285,0.006841,1,0
5.167000,-60.866993,202373.428569,178.929939,202620.030458,59.224595,203898.758765,97.209116,640.077301,-22.911918,637.846457,-142.953701,632.916216,59.972391,0.003073,1,0
5.200000,-60.906490,201669.353915,179.119322,203625.900343,59.059694,202426.812360,97.092128,638.587760,-23.140432,640.211315,-142.809243,643.272148,59.979956,0.004634,1,0
5.233000,-60.917718,205336.689427,178.907287,203722.707626,59.150356,201664.320790,97.340373,637.266857,-23.281794,638.191930,-142.989607,642.754084,59.977486,0.002055,1,0
5.267000,-60.869644,204473.466292,178.994702,203291.043734,59.227319,203809.498164,97.101424,633.521542,-22.823761,627.998433,-142.690331,637.357863,59.976086,0.009655,1,0
5.300000,-61.039286,203341.713888,179.002124,204770.222907,59.125248,202513.744390,97.066454,636.919898,-23.298586,628.736382,-142.959945,638.553183,59.980159,-0.008042,1,0
5.333000,-60.950306,205405.053131,179.090760,205000.632873,59.193362,205244.914556,97.063986,637.338162,-22.974748,632.155837,-142.590181,638.724169,59.977261,-0.011735,1,0
5.367000,-60.953172,202907.316792,179.101195,203809.816532,59.051029,202401.599672,96.915430,632.089993,-23.028725,633.157149,-142.809376,636.805490,59.972521,0.001979,1,0
5.400000,-61.184307,203556.946114,178.904579,203083.892064,59.107406,203711.738023,96.875468,635.166508,-23.311332,635.314490,-142.882168,635.257285,59.969822,0.012226,1,0
5.433000,-61.001954,203084.984369,179.184755,203391.185525,59.229147,204585.067608,96.897988,635.703389,-22.854778,636.871068,-142.849714,634.865518,59.968723,0.000823,1,0
5.467000,-60.813531,201604.318739,179.085875,203688.415585,59.035340,203841.171839,96.863423,632.896485,-23.166596,634.362211,-142.624815,638.606192,59.968854,0.004104,1,0
5.500000,-60.972152,201915.328639,179.058372,202630.520679,59.307444,203642.445167,97.068993,633.146509,-23.000169,642.365748,-142.826943,634.614187,59.974289,0.003272,1,0
5.533000,-60.975463,202852.439175,179.121321,204099.515329,59.072694,203519.638975,97.049500,642.727506,-22.759322,633.471806,-142.722664,642.925493,59.965402,-0.011685,1,0
5.567000,-60.923907,203523.334771,178.941299,203715.290084,59.160354,204985.001264,97.233074,645.211039,-23.119057,646.902538,-143.041823,637.379930,59.965678,-0.005903,1,0
5.600000,-60.806258,202977.157401,179.191362,204025.646398,59.215831,203998.627575,97.107298,640.590830,-22.756434,631.902746,-142.823482,644.914706,59.970903,-0.006082,1,0
5.633000,-60.775895,201601.942667,179.077132,203557.225875,59.182982,201797.322260,97.171284,643.009880,-23.088184,642.474374,-142.495941,640.885552,59.960958,-0.006595,1,0
5.667000,-60.829177,203382.013208,178.958286,202825.057881,59.209891,203619.305332,97.324519,641.735867,-23.188289,641.206269,-142.688023,635.973696,59.961404,-0.004028,1,0
5.700000,-60.948099,202593.169794,179.233776,202908.477157,59.228724,202924.229323,96.586065,630.947042,-22.835818,636.909233,-142.652975,638.051281,59.970551,-0.000286,1,0
5.733000,-60.817211,204742.522971,179.412008,204054.968125,59.270746,202587.001623,97.095386,642.895192,-22.430711,635.152004,-142.455565,634.348417,59.967649,0.003416,1,0
5.767000,-60.817935,203305.563011,179.160596,203300.999218,59.074730,203584.373148,97.482580,632.937913,-22.907711,634.866131,-142.842888,639.733361,59.970249,0.011627,1,0
5.800000,-60.942208,203700.016027,179.121540,203552.225675,59.097107,203044.669110,96.919905,633.674310,-22.679754,640.330485,-142.885193,642.093645,59.968421,0.015698,1,0
5.833000,-60.921372,203078.975434,179.000707,203387.814567,59.082444,202982.766346,96.974032,637.520388,-23.105874,639.616231,-142.955194,644.748355,59.960304,0.001334,1,0
5.867000,-60.955409,203666.007016,179.086386,204132.089329,58.950548,203742.930056,97.030872,635.591881,-22.979205,637.037139,-142.998385,635.408426,59.960848,0.003042,1,0
5.900000,-60.921786,203267.672200,179.083492,204515.526443,58.924972,205622.701931,97.204912,639.712626,-22.719925,635.633680,-142.769143,635.814520,59.955943,-0.004792,1,0
5.933000,-60.832945,204366.749047,178.910911,205530.778938,59.056244,202912.222392,97.229060,642.138180,-22.927423,639.270938,-142.892417,641.114983,59.968902,0.001562,1,0
5.967000,-60.932380,204338.512718,179.032688,205341.353179,59.045343,203161.264704,97.409497,641.107671,-22.834423,639.491804,-142.681202,642.910894,59.961758,-0.002412,1,0
6.000000,-61.162765,202942.110400,178.998004,205772.869418,58.896551,204771.331295,96.583345,636.322140,-23.203257,648.998001,-143.188294,636.838876,59.959477,0.002404,1,0
6.033000,-61.005413,205580.647331,179.050739,203353.028472,59.005126,204100.225918,97.039549,643.175206,-22.769218,632.325304,-142.935542,639.003492,59.956640,0.009077,1,0
6.067000,-60.968182,204624.406748,179.040048,204055.243429,59.073221,204310.713273,97.018155,639.652878,-23.163170,650.839774,-142.985643,648.726218,59.953446,0.012574,1,0
6.100000,-61.032818,204482.449563,178.964138,203719.437716,58.927354,203204.802732,97.132315,644.488344,-22.979628,632.382539,-143.140115,637.726414,59.958838,0.005587,1,0
6.133000,-60.898300,203438.488858,178.937726,201424.153302,59.054927,204975.817864,96.925509,642.309372,-22.950313,639.331430,-142.948441,646.905332,59.958597,-0.005295,1,0
6.167000,-61.055168,202226.887795,179.058321,203394.272801,58.905234,204342.986212,96.852999,639.877111,-23.189945,639.230257,-143.026833,640.016512,59.954489,0.004485,1,0
6.200000,-61.061667,205390.370846,179.148072,205025.493078,59.005063,203549.944473,97.307295,631.541622,-22.766058,639.531569,-142.944858,636.308552,59.953620,-0.000293,1,0
6.233000,-60.911919,204167.524040,179.103453,204066.862364,58.866743,203276.894798,97.108831,642.418796,-22.832557,649.152405,-143.316468,641.597110,59.958448,0.001839,1,0
6.267000,-61.293152,201894.329620,179.035431,204637.696454,58.906979,201926.359412,96.850282,646.334446,-22.741513,634.304583,-143.065688,641.380424,59.954299,0.001024,1,0
6.300000,-60.922161,203583.125686,178.863273,204475.298271,59.018213,204115.371167,97.344734,635.037080,-23.066678,640.540125,-143.252285,645.136242,59.950938,-0.001116,1,0
6.333000,-61.081551,205212.665009,178.968641,203785.667666,59.074592,203897.081787,97.184266,641.833921,-23.113154,640.670020,-143.141811,634.869860,59.954234,0.018130,1,0
6.367000,-60.998089,204296.484176,178.955746,205800.674038,58.935591,203903.219925,96.977456,634.282527,-23.027151,643.438143,-143.327968,636.435735,59.961105,0.003751,1,0
6.400000,-60.931304,204129.519336,179.080401,204143.275278,59.053816,203512.250752,97.233425,632.395863,-22.948213,631.580859,-142.663482,635.891556,59.955088,-0.000998,1,0
6.433000,-61.148422,203735.944475,178.964257,204676.605022,58.953161,204281.394588,96.846355,634.004840,-23.171249,634.891898,-143.038469,633.537308,59.948067,-0.003778,1,0
6.467000,-60.992636,204170.827938,178.758928,203261.014263,59.026072,204466.099145,97.070422,634.618146,-23.338584,636.486492,-142.866441,634.851852,59.947962,-0.008079,1,0
6.500000,-60.928035,204546.969130,178.904520,205440.838401,58.958464,202866.014300,97.056950,626.336589,-22.814796,630.822147,-142.881493,636.835900,59.956921,0.003802,1,0
6.533000,-61.074891,204545.551050,179.090988,204862.626719,58.921026,204271.369432,96.924922,631.248004,-22.953434,627.010539,-143.274212,632.329055,59.945089,-0.001223,1,0
6.567000,-61.092254,204464.999267,178.971257,205564.991933,59.106907,203082.528495,97.055226,634.104563,-23.156434,628.587717,-142.542175,634.384330,59.952979,-0.002408,1,0
6.600000,-60.860062,203942.126529,179.154169,202692.281003,58.946278,204509.433430,97.104475,632.545639,-22.702195,632.756641,-143.028007,637.868248,59.959537,0.004593,1,0
6.633000,-60.733548,202308.143253,179.134207,205334.038018,59.101534,202729.865831,97.664347,633.039784,-22.737440,640.095034,-142.871881,639.131155,59.952347,-0.006593,1,0
6.667000,-61.012412,206008.394487,179.017610,203526.146920,58.857816,204628.684376,97.049607,637.376839,-23.100667,638.009432,-142.973921,633.289168,59.952929,-0.005674,1,0
6.700000,-60.752774,205292.812844,178.961253,204859.645556,58.856709,203416.921346,97.331358,638.090030,-22.892363,641.522410,-143.146583,643.108300,59.953607,0.007214,1,0
6.733000,-61.004371,203695.075201,179.120607,203579.906613,59.030872,204327.174372,97.221314,638.396179,-22.841212,641.213850,-142.962260,638.000044,59.952756,0.006988,1,0
6.767000,-60.998939,204437.163527,179.004033,204311.076818,58.954866,203806.746011,97.041641,649.881180,-22.885145,638.449781,-142.728412,634.493881,59.951190,0.004411,1,0
6.800000,-61.110932,204696.031230,179.062420,203450.507963,59.077083,204528.014152,96.900117,642.750387,-22.950183,642.560995,-142.891007,641.114661,59.959748,0.011966,1,0
6.833000,-60.966343,202892.976474,178.920337,203961.926441,58.913982,204048.237372,97.165478,639.711685,-23.007897,641.979988,-143.221167,639.099663,59.962972,0.010018,1,0
6.867000,-61.088265,203814.488854,178.812607,205181.082208,59.071586,204304.803783,96.874844,639.537569,-22.747443,640.494467,-142.657868,641.817962,59.954938,-0.012100,1,0
6.900000,-61.112409,202649.113165,178.959238,202434.918022,58.965351,203962.840609,96.971361,642.566536,-23.130167,641.817769,-142.842084,639.763510,59.965793,0.010459,1,0
6.933000,-60.983989,205232.540562,178.993989,203443.862250,58.972608,204168.697352,97.223643,646.892978,-23.019394,640.460812,-143.168534,641.290994,59.960128,0.011027,1,0
6.967000,-61.005330,205064.430361,178.890399,202912.714618,58.870809,204710.484089,96.435984,653.101310,-22.852487,644.490043,-143.201732,639.832593,59.962366,0.000804,1,0
7.000000,-61.173579,202592.311510,178.873337,204201.769109,58.823616,204798.489858,96.976087,647.411050,-22.779629,639.745052,-142.958540,643.952382,59.956886,0.005997,1,0
7.033000,-61.254984,202940.817414,178.993699,202999.905970,58.941388,204035.324327,96.827767,646.616760,-23.068857,642.322232,-142.878415,649.721822,59.966887,-0.003537,1,0
7.067000,-61.076448,202376.289209,178.918585,202131.146535,59.103856,203833.966127,96.973827,647.556116,-22.805260,642.890117,-142.662505,645.894185,59.962235,-0.006380,1,0
7.100000,-61.107197,204337.035194,178.775586,205302.623142,58.727392,204090.769758,96.992617,647.787632,-23.335480,647.414418,-143.302683,640.100319,59.964113,-0.000042,1,0
7.133000,-61.100848,202918.512809,179.115240,204223.874017,58.929649,203420.843089,96.843042,651.301755,-22.619502,640.633283,-143.358427,644.139114,59.964585,0.009049,1,0
7.167000,-61.051689,204565.588324,178.903983,203847.045319,58.822191,204335.918045,96.952525,646.123003,-22.868118,646.591860,-143.275731,644.590338,59.963944,-0.007238,1,0
7.200000,-61.257607,203142.145887,179.082304,205019.292782,59.035169,203413.561623,96.697805,644.332939,-22.903062,653.786791,-143.482111,643.932505,59.960395,0.000851,1,0
7.233000,-61.071377,204228.967008,178.881237,204255.834042,58.866559,204592.748855,97.098141,640.745221,-23.204979,649.425070,-143.424243,641.586308,59.964737,0.006540,1,0
7.267000,-61.000448,203894.738328,178.819909,205748.349587,59.071566,203887.038123,97.074312,644.255581,-23.220664,647.307387,-142.757672,641.831288,59.960619,-0.002838,1,0
7.300000,-61.239917,203272.825122,179.081531,204322.305468,58.789643,205277.486312,97.143142,639.680099,-22.819696,639.971499,-143.103819,640.461983,59.968225,0.012059,1,0
7.333000,-61.301425,203445.059725,179.171242,204402.225420,58.853204,203880.154838,96.548767,636.731424,-22.605528,643.792448,-143.274087,639.627275,59.962442,-0.002078,1,0
7.367000,-61.056213,204333.210135,178.831234,205177.911651,58.787309,204637.178130,96.698084,640.085927,-23.224605,637.533905,-143.361164,638.917068,59.960169,0.003695,1,0
7.400000,-61.014977,205145.741140,178.837951,204333.754543,59.023535,204510.771797,96.756463,634.842211,-22.646734,643.841456,-142.934130,636.028910,59.959838,0.000679,1,0
7.433000,-61.183580,204360.627605,178.922020,205256.609891,58.799083,202918.687579,96.612657,642.204328,-22.934916,639.780675,-143.359091,637.474166,59.961298,-0.001433,1,0
7.467000,-61.168051,204410.359725,178.878934,203786.174146,58.868377,203959.204205,96.637838,641.506316,-23.443185,639.023377,-143.199612,637.402098,59.964996,0.000652,1,0
7.500000,-61.280961,204643.141746,178.794027,203817.604530,58.862591,204389.779486,96.761188,641.969273,-23.222629,637.097438,-143.026461,644.971549,59.960021,0.013746,1,0
7.533000,-61.173994,203062.432765,179.033377,204377.388137,58.761204,205245.639971,96.963470,649.472669,-22.578886,639.259348,-143.570533,645.829803,59.959392,-0.006860,1,0
7.567000,-61.175886,203916.626499,179.014709,204534.779108,59.029663,205548.052905,96.897837,636.338472,-22.935439,638.622026,-142.809426,629.632214,59.964773,-0.001415,1,0
7.600000,-61.109957,202957.075904,178.888733,204013.842609,58.969111,204941.863613,96.933248,638.754272,-23.005020,638.341337,-143.192121,643.290774,59.954038,0.002381,1,0
7.633000,-61.027820,203693.879911,178.976093,203647.757707,58.888024,203130.343506,96.541747,640.028104,-23.196860,644.219185,-143.033787,641.792260,59.960640,-0.004848,1,0
7.667000,-61.036688,204665.734020,179.009627,203686.678462,59.063541,203593.200552,96.686209,639.447260,-23.054250,641.728695,-142.944762,643.029307,59.951222,-0.001324,1,0
7.700000,-61.060815,205724.457032,179.080730,204721.290303,58.861442,205946.136850,97.206717,641.227106,-22.828496,642.261007,-142.861824,647.577087,59.957099,-0.007272,1,0
7.733000,-61.138279,203478.799042,179.050618,203386.587069,59.142004,204718.575394,96.814678,646.033802,-22.879866,638.527109,-142.916835,635.499632,59.952080,-0.000395,1,0
7.767000,-61.181110,204524.066364,178.988359,201893.966879,58.959623,202289.426174,96.836616,641.322746,-23.025256,637.453352,-143.096723,641.143424,59.953451,0.002037,1,0
7.800000,-61.123441,203234.413022,178.989212,205110.745876,58.792028,203267.327494,97.044600,640.103348,-22.901038,635.296788,-143.533597,646.005469,59.949751,0.003874,1,0
7.833000,-61.073230,202728.878504,178.982914,205010.282370,58.997000,203151.453331,97.077356,637.248256,-23.069288,645.263782,-142.837823,637.388912,59.958980,0.001829,1,0
7.867000,-61.097724,203501.711168,178.958773,202508.289992,58.818877,203431.349926,96.786519,641.204260,-23.265691,641.078045,-142.984750,644.966188,59.952660,-0.007674,1,0
7.900000,-61.110105,205015.843318,179.048934,205616.315868,58.980930,202735.760583,96.987407,640.342379,-23.159248,637.471558,-143.142342,636.694220,59.952558,-0.008375,1,0
7.933000,-61.122790,204580.057503,178.885359,203550.298099,58.873857,204221.221189,96.651838,644.660230,-23.493987,633.704066,-143.005648,639.607838,59.953731,-0.008059,1,0
7.967000,-60.868761,203369.761054,178.712339,204074.663771,58.781315,206058.264921,97.352420,639.816354,-23.297903,637.289000,-143.103437,640.221727,59.949807,0.001481,1,0
8.000000,-60.951756,203140.551583,178.717598,203537.670208,58.820040,204018.919922,97.190003,638.567550,-23.119424,636.620823,-142.932256,638.045024,59.959869,-0.001032,1,0
8.033000,-61.185787,203551.791394,178.915543,204004.700545,58.634010,204395.917784,96.907213,649.819473,-22.868001,641.159778,-143.237671,647.027448,59.951407,-0.004565,1,0
8.067000,-61.242020,203035.394423,178.945067,203204.524542,58.961709,203379.294554,96.680176,643.717045,-23.660038,644.875756,-143.006692,641.057404,59.961013,0.005972,1,0
8.100000,-61.122029,203383.512385,179.030990,204419.911907,58.809667,202419.893728,96.861032,650.447371,-22.831693,635.832488,-143.016417,641.416915,59.963209,0.001942,1,0
8.133000,-60.952916,204480.949457,179.034972,201537.416365,58.765896,201995.630799,97.045680,646.097985,-22.982456,635.923036,-143.381318,640.847284,59.966534,-0.016953,1,0
8.167000,-60.937309,202485.087326,178.879823,202200.620384,58.985059,201385.298842,97.281770,645.503499,-22.995687,641.087711,-142.937201,632.762993,59.963171,0.000841,1,0
8.200000,-61.110784,203433.929163,178.877410,202908.852573,59.059047,203766.530004,97.037495,642.683069,-22.529629,638.665899,-142.665594,638.006979,59.960730,0.008650,1,0
8.233000,-61.193652,201434.776532,178.994556,202160.358016,58.901950,202723.189776,96.967091,641.526375,-22.787374,636.383811,-143.053007,645.206087,59.958929,0.003220,1,0
8.267000,-61.109408,200547.764616,178.963905,203451.252076,58.822178,202802.375583,96.948468,643.634229,-23.251847,639.355001,-143.160170,640.181744,59.971356,0.013587,1,0
8.300000,-61.002690,204225.751996,178.948008,203046.341285,58.895704,203318.468263,96.804374,643.613877,-23.326097,636.131086,-143.088690,640.101431,59.969083,0.014742,1,0
8.333000,-61.165498,202701.829292,178.929972,203950.722329,58.870887,203168.212481,96.581618,634.706039,-23.010318,638.473670,-143.168162,640.849736,59.970215,0.011609,1,0
8.367000,-61.180672,204302.116133,178.904826,203177.724709,58.853477,200962.170004,96.926691,636.956996,-22.997247,638.226273,-143.123469,642.370541,59.968031,-0.014087,1,0
8.400000,-61.078145,203969.258996,178.931294,203507.050791,58.910321,202906.765499,96.899002,645.534317,-23.071066,643.586753,-143.142301,645.767540,59.966149,0.004062,1,0
8.433000,-61.174149,205172.371371,178.997789,203039.670935,58.844528,204128.993122,96.688170,645.318660,-22.606580,640.597478,-143.130402,639.908055,59.970488,-0.007589,1,0
8.467000,-61.157675,203367.594600,178.756691,202098.983298,58.927816,203241.861823,96.776505,639.351076,-23.452110,629.584887,-143.113661,641.263061,59.966382,0.011513,1,0
8.500000,-61.199742,202376.294073,178.899731,204288.737924,58.765969,204047.456460,96.671742,640.797479,-23.339106,644.639653,-142.980383,640.204482,59.958222,-0.003468,1,0
8.533000,-61.016252,205109.260346,178.845114,203862.083560,58.844274,204945.175508,96.830101,644.622029,-23.133247,650.882009,-143.067835,646.035901,59.960952,-0.008552,1,0
8.567000,-61.015553,203160.002164,178.842062,203438.744574,58.835414,203261.134522,97.021694,643.487473,-23.221586,639.554223,-143.175282,642.062656,59.968326,-0.009463,1,0
8.600000,-61.157417,203970.885295,178.848412,203383.048258,58.942902,203668.871216,96.876888,643.983583,-23.278573,647.212295,-143.259482,650.254442,59.964141,-0.016760,1,0
8.633000,-61.106121,202781.131302,178.868678,204391.555938,58.822672,203831.418404,96.847174,646.972171,-23.086860,645.713418,-142.925279,647.559477,59.966020,-0.009551,1,0
8.667000,-61.184529,204346.222998,178.578059,202692.325181,58.833492,203562.900439,96.783626,647.145889,-23.583001,645.310193,-143.077509,641.070935,59.963428,-0.007190,1,0
8.700000,-61.222585,204564.390396,178.749516,203781.379845,58.813913,204082.886254,96.903018,643.185511,-23.521729,649.640929,-143.335358,640.263170,59.961644,0.002152,1,0
8.733000,-61.219583,205300.055741,178.826715,203009.253870,58.712888,204275.148272,96.864337,641.435806,-23.160612,642.712085,-143.092014,632.389400,59.967966,-0.009628,1,0
8.767000,-61.232622,203904.398151,178.649781,203158.114143,58.521577,204094.868697,96.487885,640.583871,-23.366297,640.030349,-143.313326,642.624801,59.971976,0.007801,1,0
8.800000,-61.317893,202938.098444,178.813932,203889.163518,58.678551,204587.780419,96.804404,639.903064,-23.357146,639.827934,-143.396445,642.125041,59.962229,0.011800,1,0
8.833000,-61.211735,205138.418672,178.786713,203330.393080,58.592118,204940.122122,96.956253,639.613296,-23.348026,643.466434,-143.427260,645.459946,59.972177,0.001191,1,0
8.867000,-61.192446,205877.697242,178.798130,203562.496241,58.614274,205194.482718,96.856285,645.408621,-23.576348,641.724313,-143.152770,639.201983,59.976588,-0.009478,1,0
8.900000,-61.424991,205730.289668,178.769078,202793.708787,58.811108,203020.968734,96.242102,639.895435,-23.419735,639.460725,-143.082688,645.795454,59.968426,-0.005028,1,0
8.933000,-61.179188,202154.113113,178.743210,202140.008545,58.782210,203834.531267,96.639188,643.771736,-23.131440,648.944650,-143.191608,641.641563,59.971514,0.004438,1,0
8.967000,-61.141238,204400.460316,178.778333,203434.534508,58.831490,205276.419504,96.603617,641.912984,-23.208684,640.125402,-143.411299,649.375380,59.972011,0.001309,1,0
9.000000,-61.418142,203031.568997,178.661400,204478.651078,58.923221,202663.524574,96.345634,643.943609,-23.413823,644.233311,-142.898720,643.111625,59.971984,0.013359,1,0
9.033000,-61.178694,205746.205636,178.753894,202021.694364,58.685375,203504.342634,96.946515,639.419422,-22.962004,645.524694,-143.234771,645.717539,59.977157,-0.010103,1,0
9.067000,-61.255904,203686.305950,178.659232,204043.676270,58.459463,205899.674728,96.807308,640.957074,-23.404617,642.305248,-143.188354,639.756570,59.970091,-0.010300,1,0
9.100000,-61.429329,204399.102229,178.619872,204848.789771,58.881119,203087.948192,96.401414,640.738201,-23.550881,635.164436,-142.946500,637.404878,59.976903,0.010733,1,0
9.133000,-61.335752,204223.900033,178.694646,203229.699939,58.630594,201668.807053,96.766925,644.529633,-23.135773,640.952893,-143.249243,636.971468,59.972188,-0.005614,1,0
9.167000,-61.219212,204047.033640,178.820788,204402.167615,58.807090,204856.579382,96.817745,632.189053,-23.310848,636.566594,-143.280952,636.736830,59.973603,-0.010344,1,0
9.200000,-61.054865,203160.022547,178.792231,202578.338602,58.747704,202700.051506,96.807514,630.241760,-23.504969,638.380993,-143.245428,639.896299,59.979240,-0.011344,1,0
9.233000,-61.140257,200839.917909,178.514721,203258.486778,58.849579,204392.672466,96.686746,630.782680,-23.315084,635.655605,-143.213564,632.408252,59.968969,0.004041,1,0
9.267000,-61.210167,204907.600943,178.598287,204485.307616,58.916228,203490.945813,96.713303,632.775763,-23.671675,638.016040,-142.958227,638.491265,59.977839,0.002556,1,0
9.300000,-61.230747,201469.479591,178.789748,203647.310521,58.586554,202628.156128,96.429607,638.977706,-23.308680,634.173120,-143.113632,643.973274,59.971656,0.001237,1,0
9.333000,-61.112866,202656.214620,178.749651,204465.802635,58.632508,203969.301619,96.595450,641.030837,-23.384349,644.305339,-143.319412,636.702188,59.972975,0.008347,1,0
9.367000,-61.195515,204478.551180,178.679875,202757.157288,58.649882,204736.953236,97.000922,633.372043,-23.399448,629.501376,-143.705101,640.106414,59.972239,-0.009072,1,0
9.400000,-61.186697,204179.321900,178.757886,203443.271093,58.646739,204731.048962,96.955653,630.365930,-23.034148,635.363014,-143.496997,641.243891,59.973183,0.021356,1,0
9.433000,-60.924481,202881.993766,178.815611,203103.421044,58.879464,203155.182264,97.358157,642.049349,-23.130072,634.172186,-143.012799,643.196278,59.975378,0.000729,1,0
9.467000,-61.193175,202817.046971,178.527430,204473.394779,58.743148,202264.005097,96.862501,634.359727,-23.434798,636.921753,-143.140919,638.670944,59.970624,0.010376,1,0
9.500000,-61.359299,203629.725858,178.726448,202163.996909,58.800090,203242.598735,97.005261,627.498339,-23.114011,635.052321,-143.252242,636.689554,59.977867,-0.001572,1,0
9.533000,-61.275316,203536.045280,178.545407,204195.548173,58.657914,205372.044849,96.919067,636.966426,-23.330578,645.998137,-143.245666,637.056851,59.975043,-0.001217,1,0
9.567000,-61.322398,202721.423062,178.864373,204206.593962,58.724403,203323.318423,96.467309,639.733992,-23.328227,638.573363,-143.099007,640.658346,59.985505,-0.010585,1,0
9.600000,-60.976512,204922.446959,178.841478,202822.306177,58.594808,204028.709555,97.058444,629.693580,-23.218149,643.178743,-143.000401,635.176598,59.972643,-0.005450,1,0
9.633000,-61.185412,203058.369157,178.884974,202783.118057,58.757412,203942.384335,96.624752,632.890626,-22.972681,625.447088,-143.050621,633.973423,59.975586,0.002761,1,0
9.667000,-61.255678,203295.916128,178.876688,203106.444352,58.688245,202983.961179,96.711304,632.710131,-22.972370,633.286111,-143.445488,637.331619,59.972690,0.010409,1,0
9.700000,-61.181258,202772.775640,178.872716,202834.841781,58.731131,202941.054365,97.077680,636.695371,-23.277986,627.417646,-143.391964,633.903504,59.972962,-0.007344,1,0
9.733000,-61.486286,204555.254594,178.590275,203974.999471,58.630029,204086.325525,96.256794,632.890313,-23.299793,634.084059,-143.146538,633.728913,59.977574,-0.005222,1,0
9.767000,-61.290492,203946.710577,178.813678,203063.325210,58.599819,202622.593405,96.873069,644.025024,-23.266706,638.889400,-143.277897,637.263901,59.974149,0.006138,1,0
9.800000,-61.260966,204023.667321,178.784528,202795.201167,58.780411,203402.926771,96.468574,645.620109,-23.395083,636.690700,-143.264540,640.304566,59.978003,-0.002310,1,0
9.833000,-61.119904,205321.207245,178.739839,203367.524614,58.893966,203974.607533,96.666988,633.164926,-23.214419,638.275376,-142.868713,638.650011,59.983806,0.008212,1,0
9.867000,-61.232478,203004.417548,178.592683,203931.027456,58.631123,204015.813329,96.712260,639.957501,-23.382712,636.369678,-143.458372,643.122685,59.976624,-0.004438,1,0
9.900000,-61.214732,202493.287898,178.899393,203367.374091,58.940980,202191.444156,96.833782,648.918672,-23.290291,635.145397,-143.408393,633.461094,59.977691,0.008911,1,0
9.933000,-61.182596,204078.588815,178.899865,204640.448959,58.930397,203659.583073,96.903755,639.597914,-22.939274,628.995346,-143.285780,637.720399,59.984204,-0.000764,1,0
9.967000,-61.224597,204767.892523,178.818902,203527.300346,58.848406,203652.932750,96.974685,635.409276,-23.044393,638.210892,-142.980808,635.327642,59.973418,-0.000862,1,0
10.000000,-61.237947,203420.130297,178.908145,205031.382726,58.931199,202900.313810,96.822242,637.967434,-23.101406,637.855716,-143.214453,633.920760,59.980962,-0.005116,1,0
10.033000,-61.166070,204142.470631,178.844825,204290.822381,58.755786,204413.788184,97.037362,638.261145,-23.302170,634.290191,-143.089029,637.498738,59.984532,0.001503,1,0
10.067000,-60.958724,204870.206870,178.890850,203361.394301,58.992387,204740.886318,97.482931,640.177100,-22.989879,642.393382,-143.350945,641.748680,59.977782,0.003638,1,0
10.100000,-61.044017,203903.762619,178.921206,204214.936385,58.917609,201769.008622,96.907144,636.005683,-23.334446,640.550533,-143.351941,638.927923,59.973051,-0.007618,1,0
10.133000,-61.038172,203019.768341,178.987942,204740.077610,58.867905,203233.967702,97.065971,635.595951,-22.945368,637.664191,-143.002318,630.871614,59.972538,0.000838,1,0
10.167000,-61.155411,203037.437385,178.929188,203302.454988,58.819534,201963.315195,97.101571,642.016031,-22.971380,634.441394,-143.118516,637.947369,59.977296,-0.004249,1,0
10.200000,-61.096892,203220.850897,178.836015,204172.116492,58.918284,202461.576442,97.105211,632.315424,-22.706620,632.012541,-142.665389,636.319147,59.972411,0.000428,1,0
10.233000,-60.982055,202773.795305,179.197900,202936.531880,59.061814,203854.097052,96.872810,624.359661,-23.003974,635.373510,-142.921391,630.206724,59.973465,-0.008332,1,0
10.267000,-60.857048,203058.312102,179.168858,201894.275736,58.962706,202768.222494,97.318076,631.071559,-22.935379,631.861718,-142.924160,632.735948,59.976341,-0.003892,1,0
10.300000,-60.948433,202180.572598,179.021396,203122.927366,58.910515,203516.679895,96.935678,629.786434,-23.032136,628.702054,-143.110617,627.269365,59.967558,0.000121,1,0
10.333000,-61.111286,203700.993562,178.987304,201393.910785,58.853760,204090.414367,96.803230,627.508118,-23.042689,632.110871,-143.346484,631.052169,59.962397,-0.002711,1,0
10.367000,-61.109284,203007.106936,178.836592,202530.759100,58.917632,203274.260190,96.846987,633.394604,-23.278964,626.750844,-142.962320,634.976946,59.965149,0.005746,1,0
10.400000,-61.014541,202618.704756,179.091553,203875.397431,58.812257,203921.119378,96.909722,632.784465,-22.912644,624.833361,-143.243828,635.679186,59.959703,0.004560,1,0
10.433000,-61.093656,203435.902435,178.968961,203386.865705,58.885113,202472.112739,96.818185,628.930379,-22.947438,629.842819,-143.224765,628.216533,59.964973,-0.016583,1,0
10.467000,-60.850345,203377.757285,178.802136,202661.211837,58.778221,203626.706159,96.981055,631.549805,-23.582671,629.524029,-142.935793,625.893159,59.965910,-0.000006,1,0
10.500000,-60.880365,202595.238770,179.057040,204058.695257,58.979765,202273.452576,96.964678,627.461049,-22.905364,630.613284,-143.189017,627.965591,59.960725,0.001835,1,0
10.533000,-61.166420,202110.830839,179.043538,202511.497374,59.059428,202749.840944,97.212337,623.908318,-22.808091,627.582619,-142.906558,626.465627,59.961450,-0.005832,1,0
10.567000,-60.943671,203641.841651,178.888841,203156.040560,58.805495,203544.639479,97.382595,625.476097,-22.929398,628.978103,-143.127891,628.057549,59.961555,0.007200,1,0
10.600000,-61.084413,204897.554325,178.687768,204061.862771,59.136922,202417.172471,96.919591,630.501521,-22.991581,633.027450,-143.169390,630.526119,59.969721,-0.006437,1,0
10.633000,-60.874549,205421.381872,179.116745,202357.799242,58.956159,203803.595524,97.188093,627.005773,-23.102998,628.154906,-143.260631,629.082443,59.972022,0.009016,1,0
10.667000,-61.053100,204902.884063,179.042282,202669.546775,58.934072,203131.461289,96.779096,623.028367,-22.683754,629.030441,-142.843799,623.697995,59.963006,0.005996,1,0
10.700000,-60.981606,202795.542457,178.954415,204655.237528,58.804879,202912.969494,96.898239,632.497713,-23.228847,632.924070,-143.315966,630.365878,59.965970,0.002639,1,0
10.733000,-61.204273,203545.321860,179.050908,203595.752721,58.886681,203236.014536,96.978690,628.822104,-22.749935,628.931773,-143.012203,631.181693,59.972588,0.005420,1,0
10.767000,-61.101706,202976.951354,178.981350,203211.254861,59.043708,203133.960042,96.798805,626.999163,-23.381695,628.240757,-142.814516,620.411526,59.981853,-0.005792,1,0
10.800000,-61.281901,202944.354055,178.953639,201920.578788,58.943538,204106.966882,96.335580,620.034349,-23.086898,625.146934,-142.993528,622.901137,59.970823,-0.005220,1,0
10.833000,-60.970948,203055.592079,178.883492,203067.064081,58.828152,203100.500483,96.848486,632.293237,-23.342605,625.454743,-143.558957,632.136543,59.973227,-0.005825,1,0
10.867000,-61.001299,201199.260613,179.067656,200597.616047,58.951820,201836.552157,96.569053,632.914644,-23.073571,629.981849,-143.007649,629.108837,59.966375,0.008736,1,0
10.900000,-61.021914,202586.976147,179.036749,203911.391102,58.962635,202286.540570,97.397938,628.598050,-22.802107,630.081201,-143.017939,628.784779,59.968915,-0.011935,1,0
10.933000,-61.007836,200684.486129,178.881457,203209.418168,58.917099,201347.795890,96.965690,622.655892,-22.935104,626.144508,-142.947735,627.255338,59.963935,0.000054,1,0
10.967000,-61.109055,203588.741757,178.933531,201677.080904,59.259591,200599.201832,96.784135,632.079457,-23.071085,630.605450,-142.434658,628.296012,59.964108,0.000493,1,0
11.000000,-60.865530,203047.922051,179.158672,202987.552820,58.971271,203723.124470,97.332868,631.486201,-22.892333,628.848409,-143.062687,631.368555,59.964790,-0.002562,1,0
11.033000,-60.804980,201858.747473,179.063247,201764.004786,58.765204,201150.688799,97.189118,619.853548,-22.846259,620.487391,-143.204424,627.544877,59.964943,-0.003480,1,0
11.067000,-60.954654,202689.241205,179.148450,202171.007706,59.055811,201516.887077,96.991688,627.632288,-22.866260,630.922304,-142.933836,627.199983,59.967733,0.003870,1,0
11.100000,-60.969502,203647.212069,179.040707,203196.690863,58.998625,202708.003313,97.009300,624.990301,-22.965485,630.737497,-142.964938,622.510086,59.970524,0.006950,1,0
11.133000,-60.946115,202796.567907,179.088972,202081.760214,59.021052,204287.679752,97.063915,622.109353,-22.751806,631.805901,-143.368356,622.604411,59.980588,-0.012692,1,0
11.167000,-60.946664,203292.254586,178.975767,203636.495007,58.959879,204273.257358,97.019175,628.337486,-23.244133,623.326071,-143.016912,622.684974,59.974005,0.009845,1,0
11.200000,-61.190237,201923.704117,178.892495,201988.032203,59.045514,202441.080109,96.640608,626.219946,-22.955681,631.560625,-142.820768,631.540520,59.971485,0.003433,1,0
11.233000,-61.000429,202837.539191,178.863231,202458.744003,58.966047,203204.140440,96.974854,625.420589,-23.034858,626.956067,-143.382827,626.170606,59.971449,0.004090,1,0
11.267000,-61.093772,203091.349201,179.031083,201400.956210,58.973747,202261.232951,97.078392,618.642060,-22.731122,626.161251,-142.961756,626.027198,59.962796,-0.001364,1,0
11.300000,-61.106894,202295.300016,179.006138,202606.443650,59.077914,201711.674963,97.016662,629.844862,-22.965974,623.060942,-142.835022,622.934995,59.970593,0.006544,1,0
11.333000,-61.132381,204601.586643,178.977318,201730.966969,58.833230,202460.114506,97.104010,635.138704,-23.049318,627.437044,-143.366684,626.027062,59.966056,0.022315,1,0
11.367000,-61.197702,202530.561096,178.860849,203454.587122,58.945013,201755.697353,96.628346,630.642389,-22.707764,635.835026,-142.903800,628.834363,59.969293,0.006094,1,0
11.400000,-61.033525,204242.563255,178.981895,204485.033796,58.991352,202627.115417,97.051083,630.261699,-22.783560,627.602452,-142.994921,624.903563,59.972927,0.012455,1,0
11.433000,-60.954697,202198.838953,178.929400,202009.098922,58.967040,201960.415740,97.391110,626.449087,-23.040653,629.917779,-143.226527,626.069265,59.971671,0.004720,1,0
11.467000,-61.259969,203426.400422,178.853195,202218.168102,58.925241,201201.878311,96.580679,627.488095,-23.249587,627.164149,-142.843332,623.468261,59.974697,-0.007555,1,0
11.500000,-60.865243,203068.572295,179.106312,203396.751634,58.744504,202242.280333,97.034428,632.514353,-22.546397,625.088750,-143.432790,629.373042,59.975551,-0.000782,1,0
11.533000,-61.186289,202718.174389,178.609081,201359.872089,58.926948,201454.091253,96.771808,625.759737,-23.438271,626.996247,-143.038608,625.713761,59.974896,0.007788,1,0
11.567000,-61.161023,203416.107084,178.983973,202983.616941,58.899240,202507.514599,96.885020,619.634615,-23.090321,629.934714,-143.060821,624.625235,59.979193,0.003977,1,0
11.600000,-61.196621,203656.336330,178.791040,204085.069962,59.027198,203148.090606,96.887579,625.934259,-23.221916,630.428794,-142.649637,634.682188,59.972333,0.000071,1,0
11.633000,-61.177831,201645.953156,178.795365,201888.083738,58.943070,203666.065415,96.918603,628.363159,-23.122684,631.379145,-142.923398,624.036345,59.977074,0.009774,1,0
11.667000,-61.065108,202119.322232,178.731321,203741.119105,58.831747,202743.771764,97.356319,630.486310,-23.202801,630.746309,-143.378028,630.696050,59.966733,0.007737,1,0
11.700000,-61.095355,202906.386296,178.827652,202779.299607,58.967181,202784.466564,96.572120,633.081989,-23.124191,628.949998,-143.322564,633.871355,59.965343,0.005314,1,0
11.733000,-61.043108,202342.720418,178.833275,203127.536158,58.838836,204072.042375,96.688109,628.698195,-23.193727,634.556776,-143.181057,634.151286,59.972706,-0.010144,1,0
11.767000,-61.147578,203134.006684,178.963334,204521.548573,59.058485,202437.434598,96.949449,628.719635,-22.842681,630.594131,-142.939872,631.099531,59.969220,-0.005730,1,0
11.800000,-61.036972,202333.997463,178.839193,203224.316704,58.923099,204595.796262,97.211896,627.795497,-22.788168,633.343798,-143.207208,632.127449,59.960354,-0.000411,1,0
11.833000,-61.109518,203029.487288,178.989396,205280.055883,58.787758,203306.024350,96.706638,640.293761,-22.861572,635.047225,-143.423861,630.875234,59.974814,0.002430,1,0
11.867000,-61.066004,203053.293468,178.859974,203336.192452,58.801402,202000.655294,96.826086,639.050288,-23.214631,633.627900,-143.456623,633.161174,59.975262,0.006522,1,0
11.900000,-61.234950,204404.193092,179.086870,201690.147839,58.656811,202509.545143,96.827874,633.639826,-22.888401,635.464150,-143.319623,640.706238,59.965820,-0.008448,1,0
11.933000,-61.049202,204059.914638,178.791748,203627.452609,59.001264,203142.791262,96.963054,628.322397,-22.906269,645.388018,-142.806774,641.261464,59.963906,-0.003137,1,0
11.967000,-61.107110,202380.326286,178.901536,203072.531834,58.850276,202198.301810,96.977702,639.320934,-23.292365,633.892208,-143.384793,636.543032,59.963607,-0.003551,1,0
12.000000,-61.216386,202923.301410,179.000126,203941.306166,58.794304,201988.163501,97.057280,641.813733,-22.846305,635.332074,-143.395145,644.259245,59.965821,0.001582,1,0
12.033000,-61.073172,204040.421253,178.880308,201420.605398,58.759185,202560.512950,96.751210,641.582028,-23.001159,635.424676,-143.195627,638.869518,59.971422,0.001459,1,0
12.067000,-61.072863,203094.593979,178.964970,203295.458550,58.914908,201907.959610,97.227463,634.605549,-23.149110,635.890368,-143.191040,644.760867,59.967857,-0.004448,1,0
12.100000,-61.088553,204431.503700,179.122279,204276.319011,58.928465,202831.429465,97.015951,637.520341,-22.683483,636.454159,-143.240975,642.199109,59.968142,-0.002854,1,0
12.133000,-61.070838,203454.859276,178.967997,202718.237367,59.026209,202602.790583,96.854120,639.953526,-22.886024,640.698024,-142.725124,637.582830,59.976129,0.000907,1,0
12.167000,-61.073251,203905.732768,178.920336,203378.352712,58.998875,201211.057654,96.891086,634.972621,-22.997030,632.888976,-143.024177,642.960811,59.975833,-0.007506,1,0
12.200000,-60.913386,203544.049703,179.084804,203445.704197,59.265666,203722.837118,97.283721,637.647958,-22.981878,639.837205,-142.988887,635.040628,59.972432,0.008714,1,0
12.233000,-61.069903,202191.580326,179.081798,201607.627052,59.007342,203229.077009,96.975843,649.077312,-23.049698,641.487494,-142.908539,637.106486,59.971977,0.002411,1,0
12.267000,-61.090426,203109.299937,179.109764,202313.782857,58.996826,203161.929063,97.094357,644.413151,-22.979544,642.103489,-143.026017,642.429324,59.972965,-0.004119,1,0
12.300000,-60.974159,201871.765832,179.050161,204375.884747,59.038109,202936.900497,97.296467,650.740608,-22.686009,647.031987,-142.819628,647.647801,59.969457,0.011337,1,0
12.333000,-61.107812,202245.526526,178.950841,201421.824996,59.076995,203566.167639,96.711816,647.743452,-23.201171,643.496650,-142.826333,645.465283,59.965631,0.005685,1,0
12.367000,-61.030597,203113.546147,178.973795,202170.263609,58.920121,202041.788006,97.103152,655.855524,-22.850729,644.077824,-143.254510,645.348312,59.974576,-0.003438,1,0
12.400000,-61.049301,204087.483146,178.877042,203061.765861,59.060028,202409.236723,96.618721,644.488478,-22.883375,651.411455,-143.018839,646.503159,59.968839,-0.006273,1,0
12.433000,-60.997313,203769.433730,179.088229,202403.387468,58.851325,202448.629427,96.848593,649.881066,-22.785808,648.583618,-143.231248,644.548721,59.971452,0.010799,1,0
12.467000,-60.895257,203435.040457,179.041986,204488.436858,58.958590,202030.149959,97.172642,643.345458,-22.875731,647.318339,-142.952168,647.342258,59.971912,-0.003236,1,0
12.500000,-61.148563,202542.039670,178.998627,203399.553845,59.009423,201898.203592,97.026756,645.043444,-23.284231,646.132569,-143.118110,646.316265,59.982412,0.013402,1,0
12.533000,-61.191628,203776.450992,178.909660,201789.503549,58.990245,201619.922392,96.955305,652.855028,-22.809141,645.513245,-143.033508,650.818861,59.980788,0.005224,1,0
12.567000,-61.168910,202888.483371,179.124213,202938.725505,58.896820,202136.285909,96.532980,653.750194,-22.642197,640.485668,-143.061209,647.786141,59.978935,-0.010832,1,0
12.600000,-61.145659,203406.094768,178.959852,202805.246672,59.028852,201118.882302,96.823025,649.563325,-22.925955,647.050375,-143.084684,649.122994,59.975139,0.000217,1,0
12.633000,-61.103114,202457.803069,178.977153,204167.749203,58.871640,202186.066218,96.948173,649.889501,-23.034975,652.803681,-143.043367,653.809187,59.974636,0.005371,1,0
12.667000,-61.163720,202495.383457,178.756862,201530.238751,59.002729,203509.615940,96.888097,647.609141,-23.108108,643.798994,-142.948971,648.272795,59.979943,-0.005863,1,0
12.700000,-61.072581,204474.355621,178.831409,201272.877799,59.029586,203600.556317,96.614458,648.442544,-23.201691,654.571530,-143.301769,649.379453,59.976898,0.005513,1,0
12.733000,-60.992560,202083.521916,178.677763,200352.406153,59.040754,201862.551996,97.249735,644.377520,-23.488165,648.924993,-142.964718,645.129971,59.973119,0.001337,1,0
12.767000,-61.096257,201143.466148,179.076798,202496.206135,58.909698,203708.758653,96.862913,645.354936,-23.072134,643.502355,-143.321682,652.488631,59.965604,0.002070,1,0
12.800000,-60.937256,200506.301581,178.970861,201448.863106,58.882254,203519.676434,97.020065,653.751845,-22.896492,648.708337,-142.914249,654.897263,59.980998,0.001893,1,0
12.833000,-60.880975,200827.229276,178.830862,201604.391963,58.670546,201392.734092,97.198620,646.797648,-22.900288,644.190689,-143.269464,646.817598,59.967302,-0.011029,1,0
12.867000,-61.224934,202832.213225,178.946491,203090.077053,58.932634,201664.520131,97.002118,648.094078,-23.482642,643.965897,-143.036184,648.178287,59.968679,0.000444,1,0
12.900000,-61.174675,202773.321686,178.831423,202285.468860,58.926688,201823.713784,96.773212,639.439231,-23.276937,645.297305,-143.104427,640.669058,59.973617,-0.004768,1,0
12.933000,-61.219012,201717.879487,178.858783,203225.044585,58.895419,202380.990642,96.914334,647.617532,-22.949865,643.519581,-142.954955,638.767877,59.971195,0.005014,1,0
12.967000,-61.045584,203749.383225,178.850975,202041.641922,58.953695,204298.618345,96.910052,643.931060,-23.309998,644.084932,-143.001301,646.394796,59.969031,-0.004546,1,0
13.000000,-61.098515,201929.649407,178.797141,202159.253809,58.820266,202612.346056,97.048688,649.594691,-22.924758,648.378651,-142.966607,640.280501,59.963638,0.003768,1,0
13.033000,-61.279965,202436.052143,178.759065,202235.231678,59.100797,202195.200362,96.785577,648.299059,-23.312491,651.435761,-142.770243,643.975217,59.965479,0.001634,1,0
13.067000,-61.185123,201548.655878,178.928168,202795.494827,58.641169,202195.051084,96.784798,643.821440,-23.043099,650.284531,-143.152514,638.353491,59.969928,0.002057,1,0
13.100000,-61.211370,202245.450197,178.909342,201857.373205,58.830463,200185.913374,96.733772,645.298658,-23.053856,640.625767,-143.292531,645.758525,59.965245,0.006345,1,0
13.133000,-61.239038,201407.503736,178.989582,201940.442916,58.809255,202380.808721,96.823350,642.493398,-22.722724,644.946204,-143.071558,637.070905,59.972679,-0.001009,1,0
13.167000,-61.211294,201511.105092,178.841077,202337.861526,58.691073,201767.094454,96.907073,647.424754,-23.164817,644.382527,-143.512850,646.460512,59.974290,0.006664,1,0
13.200000,-61.260128,201698.850310,178.840633,200663.820140,58.879290,201922.568373,96.962281,651.361905,-23.247754,653.635106,-143.043184,650.497427,59.968040,0.004315,1,0
13.233000,-61.197393,202315.374952,178.995402,202110.780678,58.910242,203652.932805,96.866699,646.017761,-22.939496,649.975220,-142.812082,644.739545,59.967554,0.000331,1,0
13.267000,-61.159533,202875.970089,178.760452,201287.009491,58.635031,202304.212384,97.079374,648.167221,-23.173607,639.734882,-143.226627,644.587185,59.968157,0.013127,1,0
13.300000,-61.095687,202823.614741,178.885998,202770.547018,58.954721,201535.295587,97.213115,645.157723,-23.264153,643.725518,-143.009963,651.426648,59.959942,-0.008758,1,0
13.333000,-60.991669,203638.346280,178.797231,202486.788447,58.894111,202063.020604,97.138534,652.494984,-23.548151,642.479884,-143.254033,647.925710,59.967502,-0.014233,1,0
13.367000,-61.227963,203592.449285,178.995039,203555.663331,58.894194,201736.467809,96.778377,653.923471,-22.951382,653.795931,-143.216808,652.854972,59.965398,0.004288,1,0
13.400000,-61.165092,203299.631910,179.002152,202187.672678,58.859752,202966.345028,96.744419,648.942788,-22.887927,653.802564,-143.264985,654.478379,59.967147,-0.000602,1,0
13.433000,-61.271660,202199.598890,178.856523,204149.342299,59.057845,201244.203247,96.718435,652.354993,-23.398778,651.920950,-142.927368,655.790641,59.969891,-0.008064,1,0
13.467000,-61.173563,201923.617187,178.988438,202857.105019,58.876103,201813.647231,96.922894,653.783944,-23.086327,652.033989,-143.172370,658.690755,59.974301,0.003260,1,0
13.500000,-61.058230,201809.866789,178.872066,200057.405437,58.767503,200456.163376,96.718873,663.066827,-23.280368,652.696673,-143.162591,661.432746,59.979439,0.001791,1,0
13.533000,-61.309974,203177.847368,178.897675,201161.166889,58.815676,201249.038122,96.808769,656.478375,-22.836217,655.416226,-143.626347,650.448983,59.968560,-0.009410,1,0
13.567000,-61.185583,201451.353372,178.777460,201136.397792,58.857234,200349.600960,97.031109,660.881612,-23.411700,653.173317,-143.307314,658.638135,59.967420,-0.024120,1,0
13.600000,-61.058340,203467.907150,178.558844,202706.917638,58.879350,202917.232493,96.881818,664.138440,-23.651669,661.946402,-143.379020,660.062070,59.969907,-0.008531,1,0
13.633000,-61.157907,203819.504507,178.773380,202966.199136,58.885968,202603.292026,97.025735,659.005583,-23.064554,659.640862,-143.324143,660.298267,59.971427,-0.009479,1,0
13.667000,-61.012413,203325.467382,178.835981,202902.394089,58.948810,202783.801558,97.097491,658.848055,-23.212098,665.121329,-143.200849,658.900804,59.964466,-0.012354,1,0
13.700000,-61.143365,203389.281059,178.839759,203350.742147,58.982896,200961.391252,96.534419,659.191862,-23.183711,655.494129,-142.912220,662.515532,59.971258,-0.000846,1,0
13.733000,-61.144823,202030.730260,178.822706,202161.748272,58.874083,202308.754806,96.960730,651.825252,-23.168772,663.179217,-143.041048,659.555817,59.974804,0.011060,1,0
13.767000,-61.122073,202251.743162,178.917060,202275.599400,58.884640,201718.808704,97.015847,663.472765,-23.376165,662.060273,-143.006894,662.435400,59.968989,0.008468,1,0
13.800000,-61.320552,202843.203113,178.903389,201343.374453,58.768499,199860.080198,96.993313,656.967301,-23.295794,656.181544,-143.439721,665.427330,59.970464,0.001349,1,0
13.833000,-61.234018,202836.278163,178.863124,202053.427162,58.724563,204097.924478,96.797664,657.358574,-22.831234,663.864081,-143.451294,660.869370,59.967991,-0.008107,1,0
13.867000,-61.248912,201313.931062,178.887519,200120.433130,58.675538,201069.869195,96.701640,659.791661,-22.839785,660.170141,-143.230206,665.362248,59.965703,0.007616,1,0
13.900000,-61.310394,201856.381161,178.615473,202651.280349,58.783503,202525.139178,96.947254,658.788819,-23.461739,661.692217,-143.322668,659.033351,59.965969,0.006223,1,0
13.933000,-61.315781,203034.718878,178.846456,202667.747009,58.786778,201419.811284,96.617698,659.408219,-23.248769,654.732760,-143.196320,655.956501,59.973820,0.001624,1,0
13.967000,-61.351567,202196.623592,178.738996,202991.997109,58.702290,202226.203109,96.423462,663.187028,-23.530901,657.700430,-143.145973,653.717088,59.964919,0.000520,1,0
14.000000,-61.192406,203929.654330,178.728499,202612.159665,58.588106,200374.758301,96.623157,656.462577,-23.140928,661.569025,-143.161650,657.631895,59.968650,0.016736,1,0
14.033000,-61.242850,200568.364852,178.775484,201457.266224,59.022761,202436.088546,96.458586,660.599884,-22.956539,658.733346,-143.150617,662.018451,59.968718,0.013629,1,0
14.067000,-61.199177,202187.588639,178.659229,201264.220869,58.886896,202553.199952,96.806605,657.121921,-23.393613,659.442346,-143.249992,653.418836,59.968103,0.002465,1,0
14.100000,-61.115275,203131.819284,178.693643,202122.012634,58.638607,203559.337029,96.795474,655.202939,-23.266908,655.158130,-143.544521,654.612982,59.967697,0.010365,1,0
14.133000,-61.397454,203636.727414,178.610987,202405.666666,58.959713,201074.225514,96.615095,658.500561,-23.511047,659.885593,-143.293326,657.402304,59.964950,0.006551,1,0
14.167000,-61.175843,201637.190219,178.927604,202203.503120,58.697179,203469.081699,96.747364,650.848137,-22.656766,656.605132,-143.212453,650.562101,59.968384,-0.001182,1,0
14.200000,-61.403273,201007.425894,178.863816,201390.526047,58.726158,202622.987754,96.602334,654.374223,-23.157699,661.042695,-142.996422,659.723295,59.963181,0.000644,1,0
14.233000,-61.219131,201877.794802,178.680450,204325.922783,58.921690,201715.980551,96.602105,659.409638,-23.266323,655.220782,-142.913701,658.064526,59.963963,-0.006042,1,0
14.267000,-61.298905,201942.601345,178.725862,200583.660332,58.944715,202024.157200,96.592055,653.888976,-23.858912,656.570812,-142.664623,655.712362,59.973280,0.005347,1,0
14.300000,-61.367063,201781.879070,178.844081,201926.086678,58.774543,201508.512075,96.436830,661.634369,-22.533886,656.062073,-143.342221,657.423668,59.968234,0.004122,1,0
14.333000,-61.397450,202482.870456,178.768862,201513.846383,59.010982,201069.675875,96.916597,657.661194,-23.120910,657.309910,-143.158371,660.876119,59.956992,-0.009047,1,0
14.367000,-61.253470,200984.512299,178.972343,202097.149094,58.653667,200977.866968,96.819960,658.837113,-22.958492,657.725762,-143.392002,663.984016,59.963574,0.005289,1,0
14.400000,-61.353227,202287.745753,178.824270,201841.997860,58.606667,202403.466909,96.873055,660.300959,-23.279469,659.260742,-143.128801,660.516589,59.967157,-0.004313,1,0
14.433000,-61.315822,201727.949610,179.033285,200581.863535,58.816649,200812.461857,97.004976,656.705224,-23.162637,658.207480,-143.324275,658.836120,59.958687,0.000723,1,0
14.467000,-61.397969,200363.927799,178.550842,202179.240973,58.652259,202535.361976,96.240385,657.649595,-23.375436,657.002564,-143.087355,656.395324,59.964291,0.001520,1,0
14.500000,-61.213472,202633.702511,178.713169,202738.071476,58.761717,201111.703497,96.427976,662.536041,-23.304808,657.997647,-143.482164,663.611485,59.961272,0.008810,1,0
14.533000,-61.391206,204589.497737,178.848471,201395.038901,58.548473,202444.092224,96.714462,662.752925,-23.029942,661.817073,-143.520472,659.956497,59.955510,0.004314,1,0
14.567000,-61.382045,202845.091794,178.902618,200904.018910,58.662483,200563.149280,96.777908,656.829793,-23.143793,667.928125,-143.099374,661.424834,59.956909,0.006412,1,0
14.600000,-61.352477,201660.541422,178.564711,200531.801120,58.548189,201538.650275,96.590080,656.344635,-23.564193,660.341960,-143.581065,666.195165,59.963571,0.006029,1,0
14.633000,-61.437437,201305.082898,178.543397,201128.092990,58.548979,202406.272120,96.614545,657.718519,-23.578723,659.288113,-143.841450,660.126171,59.963015,0.006612,1,0
14.667000,-61.341941,201997.344084,178.593777,201629.728094,58.795377,202475.446877,96.682943,658.307724,-23.382143,663.471993,-143.350959,665.072230,59.953953,0.002023,1,0
14.700000,-61.459804,202167.440047,178.675439,201969.208355,58.548261,204481.411651,96.533689,657.870584,-23.322369,658.204553,-143.924865,662.130464,59.956949,-0.000524,1,0
14.733000,-61.346219,202295.633017,178.775300,203217.801615,58.582292,202141.342599,96.507467,661.026516,-23.273233,662.996962,-143.341213,656.392715,59.956126,0.019641,1,0
14.767000,-61.328290,201901.337398,178.823805,201218.740678,58.619270,202070.604309,96.698751,668.017581,-23.126717,660.684852,-143.394473,664.107865,59.954648,0.001956,1,0
14.800000,-61.367440,203986.814713,178.754300,201206.425219,58.615862,201549.317873,96.972675,660.879289,-23.301853,657.091746,-143.383239,662.239398,59.957661,0.000103,1,0
14.833000,-61.098206,202584.388411,178.788851,201771.701329,58.418105,200091.444126,96.809384,659.670817,-23.159222,666.032859,-143.664822,659.611829,59.950748,0.010820,1,0
14.867000,-61.232703,201744.806584,178.760810,202177.443295,58.607252,201033.449091,96.647971,661.504262,-23.376259,664.550005,-143.665146,663.797793,59.957416,-0.011259,1,0
14.900000,-61.468584,202731.604922,178.785100,204201.823543,58.645259,201196.705123,96.560082,657.740493,-23.310982,663.113906,-143.688496,666.640444,59.954217,-0.002875,1,0
14.933000,-61.276305,202614.604823,178.673463,201002.828447,58.730591,203011.042471,96.672552,663.056162,-23.429848,662.975660,-143.259636,660.638509,59.952226,-0.011499,1,0
14.967000,-61.195841,202497.832346,178.928768,200066.421472,58.515606,201243.209232,97.141263,663.934166,-22.819869,666.974404,-143.186223,666.583221,59.951208,-0.010339,1,0
15.000000,-61.303416,202608.420466,178.713488,201858.607868,58.679849,200726.568361,96.763151,662.301941,-23.143556,663.963168,-142.851675,660.382872,59.951322,0.007919,1,0
15.033000,-61.053691,202626.070821,178.703764,202334.301202,58.811905,201456.723880,96.852443,662.636062,-23.445230,657.369812,-143.372180,671.525565,59.957242,-0.002987,1,0
15.067000,-61.288227,201178.698746,178.723501,201670.773568,58.639046,200258.449277,96.727377,659.572354,-23.309703,663.126241,-143.251320,667.474716,59.960224,-0.007601,1,0
15.100000,-61.271958,201857.215317,178.751612,201763.638974,58.693465,202099.153647,96.929027,672.676118,-23.417474,657.741267,-143.012573,664.951250,59.957024,-0.005956,1,0
15.133000,-61.337892,201995.086815,178.832340,202343.708102,58.732826,199459.705962,96.666086,658.727016,-22.962710,657.671247,-143.242038,667.244062,59.956296,-0.001250,1,0
15.167000,-61.166926,202562.871452,178.740927,202370.695676,58.771962,202853.707096,96.632712,664.903502,-23.348389,663.646922,-143.014620,659.794824,59.963034,0.013844,1,0
15.200000,-61.196738,202511.435591,178.716878,201935.843134,58.708091,200403.840323,97.024152,664.902455,-23.171180,669.752230,-143.295646,664.174283,59.959748,-0.001392,1,0
15.233000,-61.054000,201628.533625,178.751186,204213.175573,58.842304,201807.257405,96.725767,666.985673,-23.042352,666.192448,-143.173129,662.821193,59.954441,0.000736,1,0
15.267000,-61.164648,200083.892784,178.849725,202310.155519,58.867662,200871.596453,97.061989,674.323910,-23.038529,668.117401,-142.890032,665.922592,59.957146,0.009555,1,0
15.300000,-61.306051,201037.095695,178.630431,203152.503401,58.937808,202534.007451,96.480811,668.660076,-23.359934,655.926608,-142.911927,663.566332,59.963374,0.008497,1,0
15.333000,-61.415760,200282.520214,178.717891,203238.334841,59.019938,201934.126245,96.430326,662.014985,-23.378812,665.999405,-143.070225,667.436580,59.963068,0.002163,1,0
15.367000,-61.394786,202659.225975,178.722313,202138.691608,58.782682,201652.725585,96.832079,664.484865,-23.305818,670.684351,-143.524262,667.445289,59.955258,0.001277,1,0
15.400000,-61.267306,200974.217831,178.902480,201790.873798,58.891934,201688.926585,96.624702,662.743062,-23.030863,667.386450,-142.992264,667.770147,59.965029,-0.004714,1,0
15.433000,-61.268713,201758.537362,178.878154,199455.732873,58.738798,201185.694886,97.123287,665.613577,-22.985356,670.950269,-143.507568,662.838894,59.973544,0.004462,1,0
15.467000,-61.264352,203098.807347,178.668844,200368.753160,58.748965,202071.854814,97.015911,663.818679,-23.424060,666.016230,-143.111840,670.205248,59.961954,0.003564,1,0
15.500000,-61.343904,202689.509933,178.636194,202706.788795,58.715798,201756.466591,96.737539,672.437990,-23.191862,666.539862,-143.174260,667.493797,59.955417,0.000946,1,0
15.533000,-61.319894,202026.002526,178.756093,202395.920285,58.918362,201864.326716,96.513563,674.127440,-23.349142,666.248817,-142.833473,666.304176,59.966004,0.013193,1,0
15.567000,-61.335207,200793.937729,178.616280,202727.768364,58.736531,200325.036452,96.529118,666.025957,-23.159723,664.446462,-143.151877,669.936037,59.961919,-0.009663,1,0
15.600000,-61.344315,204444.021298,178.805050,202591.338636,58.755991,202826.375058,96.430213,669.239585,-23.379456,669.545980,-143.064492,673.159393,59.973161,-0.002238,1,0
15.633000,-61.215282,200962.854626,178.693409,201497.082658,58.862500,202775.079436,96.780771,671.974483,-22.987830,664.937779,-143.003991,672.044805,59.965923,0.005073,1,0
15.667000,-61.416751,202835.482471,178.945544,200706.759827,58.725508,202439.590593,96.846162,667.609196,-22.881405,669.543489,-143.457414,659.607949,59.969237,0.003571,1,0
15.700000,-61.189113,202762.817388,178.988034,202194.829213,58.824212,202638.187270,96.744842,665.298087,-23.027809,671.277345,-143.290343,668.043385,59.970580,0.004008,1,0
15.733000,-61.247859,203027.243711,179.045338,201738.971675,58.702144,200407.830169,96.859735,660.127459,-23.050790,667.834928,-143.421714,664.599491,59.977110,-0.000425,1,0
15.767000,-61.362604,201660.416975,178.676322,201285.502061,58.951427,203721.389490,96.629700,663.114049,-23.331666,665.448212,-143.181285,665.759596,59.965183,-0.006746,1,0
15.800000,-61.261091,201764.927949,178.751379,202083.839424,58.695076,202263.991080,97.076590,662.400268,-23.263109,658.706268,-143.390363,656.393282,59.967732,-0.006961,1,0
15.833000,-61.235624,200618.123318,178.549426,200316.392114,58.782014,202455.599429,96.498458,654.935686,-23.263891,658.434965,-143.032452,662.419523,59.980084,-0.001308,1,0
15.867000,-61.168812,201204.566578,178.785625,201699.810393,58.765792,201830.061164,97.019653,657.293352,-23.096406,660.573210,-143.133656,659.490392,59.971609,-0.001310,1,0
15.900000,-61.438089,201923.202686,178.676722,200932.116718,58.835746,201101.846283,96.464903,658.007050,-23.302598,657.058363,-143.077004,652.799897,59.979269,-0.000088,1,0
15.933000,-61.172014,201615.997750,178.618350,200915.148782,58.840973,200887.901091,96.628861,657.154425,-23.359871,657.295328,-143.054547,659.578678,59.978465,-0.006008,1,0
15.967000,-61.259847,202016.917474,178.834270,201098.961993,58.779350,201769.427291,97.036261,656.924370,-22.761828,665.138002,-143.093942,658.264428,59.978170,0.005471,1,0
16.000000,-61.436934,201828.645339,178.754171,200869.120076,58.610516,200986.821070,96.500460,653.320502,-23.425449,657.435893,-143.235328,658.716694,59.983165,0.002800,1,0
16.033000,-61.348322,201928.136336,178.873068,200333.807366,58.820505,202372.923735,96.247086,653.710101,-22.977861,655.575122,-143.225850,653.436428,59.978409,-0.002577,1,0
16.067000,-61.343658,200965.857312,178.595908,201750.980628,58.694505,201284.986042,96.809764,656.239160,-23.431882,658.139626,-143.205748,652.488598,59.981684,0.009779,1,0
16.100000,-61.257430,201934.319532,178.946251,202279.028443,58.695229,201853.020745,96.639950,658.076461,-22.947281,659.250706,-143.488360,660.872441,59.963763,0.008388,1,0
16.133000,-61.344076,198829.659945,178.872633,202651.266002,58.924242,201133.610570,96.673978,656.358356,-23.176705,657.840761,-143.231808,658.123442,59.984581,0.004261,1,0
16.167000,-61.386871,201184.091917,178.817788,202372.460150,58.806086,202356.097237,96.235838,662.320209,-23.261168,660.255057,-142.994884,656.193385,59.978649,-0.002989,1,0
16.200000,-61.239533,202325.287893,178.733550,201688.749938,58.813876,201619.974289,96.616064,656.419730,-23.087096,659.413972,-143.005394,657.556733,59.981666,0.013638,1,0
16.233000,-61.259905,202629.777921,178.656459,202535.452729,58.879481,200562.903420,96.820096,658.320260,-23.206027,663.536116,-143.371956,656.815387,59.969884,-0.005023,1,0
16.267000,-61.426371,201121.769518,178.832890,201241.064578,58.901763,202289.648566,96.369385,660.042678,-23.062518,656.999626,-143.088157,657.098314,59.979890,-0.009227,1,0
16.300000,-61.023508,202191.679988,178.826029,202123.532550,58.725054,200253.693718,97.076656,658.849737,-23.046032,660.187020,-143.144529,663.786232,59.980917,0.003954,1,0
16.333000,-61.200444,201842.458827,178.812713,201753.208975,58.802917,202309.691812,96.666076,658.990115,-22.945738,657.694913,-143.186863,655.797209,59.977488,-0.005715,1,0
16.367000,-61.276870,202517.209811,178.863803,201755.235076,58.739070,202763.754922,96.522636,656.907527,-23.166026,661.743197,-143.229620,659.381068,59.977474,0.001542,1,0
16.400000,-61.118049,200978.008003,178.826608,203003.407505,58.849654,202943.525776,96.872764,660.571103,-22.776410,659.496000,-143.331341,660.780572,59.978567,-0.001718,1,0
16.433000,-61.095128,201399.752642,178.745114,203317.260146,58.608123,201264.297269,97.152662,664.901544,-23.437936,656.411648,-143.168890,657.417013,59.973830,0.000070,1,0
16.467000,-61.440309,201769.844274,178.740831,201734.894371,58.618068,201700.769002,96.513087,653.625891,-23.644531,661.955952,-143.135825,656.551685,59.978725,0.015302,1,0
16.500000,-61.286911,201304.701557,178.647360,202650.827002,58.650261,199756.437784,96.583612,657.339441,-23.245231,654.113824,-143.340797,652.924950,59.976478,-0.000085,1,0
16.533000,-61.258288,201839.780889,178.786577,202438.509044,58.667399,201044.589188,96.661242,659.857846,-23.336378,651.323119,-143.668826,656.824770,59.977380,-0.008981,1,0
16.567000,-61.242285,201512.484518,178.787156,202053.138062,58.674462,201649.478549,96.774401,659.836240,-23.435226,654.115486,-143.284485,658.643645,59.986291,0.004316,1,0
16.600000,-61.175543,200871.171489,178.812515,201338.849952,58.897866,201912.120156,96.888619,659.506525,-23.130328,652.885769,-143.069378,651.957699,59.975641,0.007471,1,0
16.633000,-61.424468,201939.658782,178.704783,202881.574534,58.662253,201470.393059,96.707333,657.859872,-23.364090,646.603401,-143.419166,655.432954,59.973258,0.014817,1,0
16.667000,-61.208784,202301.026710,178.703332,201571.162921,58.846156,202004.775556,96.320400,653.535616,-23.209626,651.978352,-143.070859,653.178019,59.983464,-0.012588,1,0
16.700000,-61.215733,202611.720580,178.845809,201367.295296,58.785743,201747.125939,96.523203,651.753711,-23.124711,655.346544,-143.339827,652.860070,59.981180,0.006091,1,0
16.733000,-61.213803,200835.558175,178.701735,201345.716010,58.932237,201210.458246,96.524459,652.338964,-23.270429,648.800872,-142.893457,653.355207,59.977919,-0.000020,1,0
16.767000,-61.199949,202375.833125,178.873576,202802.574381,58.923757,201454.581125,96.853984,649.133402,-23.360860,648.984647,-143.185944,651.042229,59.978654,0.018840,1,0
16.800000,-61.229201,202564.632904,179.007716,201930.017473,58.897748,203231.687289,96.763772,648.810145,-22.962603,655.135931,-143.044000,652.852095,59.984411,0.013591,1,0
16.833000,-61.046814,202281.517484,178.931931,202145.967603,58.887779,201737.298151,96.780734,648.581508,-23.210680,647.351142,-143.291686,647.693332,59.980081,-0.017267,1,0
16.867000,-60.998851,202277.866163,178.660979,202293.636714,58.833131,202025.159641,96.926431,648.011742,-23.432277,648.187565,-142.997571,647.290989,59.974379,-0.009184,1,0
16.900000,-61.293171,203325.552049,178.735767,201243.461803,58.917034,201569.618087,96.753450,650.029340,-23.146769,650.503889,-142.841501,649.860183,59.980529,-0.011103,1,0
16.933000,-61.359002,200067.207755,178.917897,202953.794092,58.768242,201951.657012,96.514058,647.033218,-23.252313,656.662213,-142.910436,648.982285,59.980061,-0.000907,1,0
16.967000,-61.228626,202851.140762,178.760766,201587.629049,58.834890,201710.018996,96.936111,652.061812,-23.044175,644.920777,-142.812797,653.151813,59.979005,-0.002068,1,0
17.000000,-61.215214,201621.106741,178.777691,203508.407803,58.981218,203457.081249,97.041237,644.809789,-23.495425,651.414475,-142.895038,643.692237,59.971376,-0.003263,1,0
17.033000,-61.252623,202526.323037,178.822419,203887.530297,58.923837,202815.289999,96.734312,641.195794,-23.177805,653.446730,-143.378168,646.453017,59.973046,0.005617,1,0
17.067000,-61.284122,201994.225178,178.849614,200762.756934,59.001316,201664.060370,96.898797,649.488376,-23.265282,644.284215,-142.906286,640.732526,59.967961,-0.003151,1,0
17.100000,-61.047613,201438.968268,178.753303,202488.023571,58.786014,202843.983115,97.076372,647.247988,-23.340446,653.915996,-143.100476,650.713389,59.966776,0.000159,1,0
17.133000,-61.249659,202907.827615,178.781677,202801.411906,58.724932,203565.186240,96.678557,653.399691,-23.161290,646.874036,-143.445045,647.704045,59.966988,0.002359,1,0
17.167000,-61.258125,201238.392741,178.764303,202951.254488,58.819392,202404.037369,96.795122,652.163086,-23.287292,648.070934,-143.387650,651.557050,59.966357,-0.006360,1,0
17.200000,-61.081691,200642.078331,178.524203,200870.335638,58.524735,200354.488742,96.994378,654.551680,-23.857218,643.838361,-143.382917,644.678670,59.971317,0.006861,1,0
17.233000,-61.345266,201928.809362,178.851849,201736.040066,59.023810,201482.017466,96.605659,655.895515,-23.275119,653.507975,-142.956724,645.236525,59.974026,0.002875,1,0
17.267000,-61.192231,202548.152050,178.813879,202043.420802,58.891695,201229.904590,96.915194,651.344808,-23.211725,649.246270,-143.132273,652.623092,59.977288,-0.007982,1,0
17.300000,-61.154957,203315.975422,178.817934,200326.851095,58.784123,202066.046512,96.866525,653.197998,-22.670208,649.251641,-143.725297,653.474834,59.965905,0.000630,1,0
17.333000,-61.248960,202955.730857,178.817483,203516.157453,58.917907,203912.298773,96.760570,653.088998,-23.189892,654.088733,-142.867845,659.488547,59.975017,0.005258,1,0
17.367000,-61.059249,202978.868328,178.809813,201996.958474,58.934431,203390.335269,96.804983,652.334241,-23.015671,652.078400,-142.777775,651.256749,59.959955,-0.007404,1,0
17.400000,-61.196469,203520.190746,178.696964,202132.895635,58.786785,202237.440925,96.616549,654.729875,-23.488792,652.756500,-143.339870,655.711685,59.970642,0.004905,1,0
17.433000,-61.268049,202103.906794,178.889054,202189.944708,58.816273,203227.512890,96.735861,655.842031,-23.467283,649.115656,-143.165202,656.323243,59.970712,-0.002925,1,0
17.467000,-61.205107,202496.100964,178.840888,202185.284028,58.690608,202279.932607,96.603248,646.445477,-23.125114,652.624544,-143.561227,655.605218,59.968392,-0.000244,1,0
17.500000,-61.128319,202221.050453,178.617101,204109.371816,58.749898,201194.125306,96.895864,652.316388,-23.516057,646.248780,-143.514792,652.833608,59.965505,-0.014027,1,0
17.533000,-61.301507,202637.163949,178.710229,202031.599360,58.697847,203095.904195,96.882571,654.695648,-23.432143,648.827912,-143.502818,654.191265,59.964339,0.002934,1,0
17.567000,-61.291555,202588.020345,178.599839,204574.855149,58.661848,203225.226037,96.401203,646.411064,-23.272917,654.278624,-143.295230,654.038446,59.957368,0.003240,1,0
17.600000,-61.161921,201661.275013,178.848720,203277.233720,58.729361,202102.892009,97.168077,652.825205,-23.260539,648.292559,-143.013017,657.333509,59.959340,0.007541,1,0
17.633000,-61.418498,202385.839626,178.897568,203290.878619,58.891414,201498.688223,96.801215,653.978471,-23.273515,659.831815,-142.911052,663.018404,59.957671,0.005251,1,0
17.667000,-61.284902,203143.006370,178.976139,202940.068069,58.714916,202142.502618,96.823938,652.869820,-22.940947,653.699599,-143.320875,654.599928,59.959185,0.000333,1,0
17.700000,-61.189511,202982.041070,178.822776,202988.770823,58.709112,202120.106951,96.725863,648.143544,-22.770846,654.661026,-143.312081,657.036109,59.956290,-0.007728,1,0
17.733000,-61.344873,203119.108716,178.695821,204625.701475,58.613449,202618.703551,96.727457,653.521703,-23.068808,648.726059,-143.398866,656.667368,59.965561,0.005093,1,0
17.767000,-61.174231,202287.658635,178.676182,201060.277276,58.653275,202443.822068,96.833263,651.726541,-23.303941,652.180865,-143.251452,652.881449,59.958586,-0.000129,1,0
17.800000,-61.325820,203610.907129,178.736376,202113.832353,58.645913,202275.069657,96.511840,654.129046,-23.296706,658.686044,-143.393660,649.665361,59.959701,0.004356,1,0
17.833000,-61.503830,204821.764083,178.741174,203651.316712,58.633667,204091.557143,96.330669,648.637873,-23.474336,649.706690,-143.174982,653.372852,59.951518,-0.002434,1,0
17.867000,-61.379219,202784.765859,178.568554,202335.024197,58.489517,202796.904071,96.836722,649.753865,-23.583592,645.186762,-143.150630,647.895655,59.952024,0.003440,1,0
17.900000,-61.462199,202524.801416,178.571378,201194.447305,58.591789,202810.576345,96.297286,651.610911,-23.833154,647.451184,-143.337658,647.155358,59.955495,-0.003480,1,0
17.933000,-61.426065,202329.603588,178.567047,204718.145782,58.756313,202020.985287,96.454225,644.737592,-23.489179,653.951404,-143.566431,645.807528,59.958074,-0.001549,1,0
17.967000,-61.364976,201733.838955,178.840742,202278.372632,58.548395,202989.956377,96.761654,649.964551,-23.474630,653.427755,-143.610069,648.402420,59.962138,0.003005,1,0
18.000000,-61.357960,203835.184661,178.675940,202725.769465,58.557721,201731.557467,96.322836,645.780823,-23.471688,647.367170,-142.950277,642.951057,59.960738,-0.001323,1,0
18.033000,-61.285462,201978.089955,178.566532,204719.783039,58.726609,201444.718448,96.763688,650.123143,-23.391310,644.209264,-143.052350,648.192542,59.959709,0.001546,1,0
18.067000,-61.343332,204692.218254,178.689641,202658.986871,58.574839,203172.203998,96.642771,643.622407,-23.282520,649.108053,-143.244516,654.202507,59.957276,0.004122,1,0
18.100000,-61.250740,204230.828986,178.532734,203006.641955,58.629107,202443.489255,96.730837,653.116025,-23.204961,647.385691,-143.566375,649.419260,59.960198,-0.001491,1,0
18.133000,-61.395932,202725.139690,178.584707,204169.464347,58.592685,203568.236543,96.817186,643.568843,-23.232352,648.079621,-143.634138,645.098777,59.965502,0.003413,1,0
18.167000,-61.289576,203380.302506,178.553106,205005.289032,58.548446,202189.274854,96.472412,647.915553,-23.558191,649.462398,-143.030711,647.324090,59.963990,-0.014092,1,0
18.200000,-61.366538,205079.265876,178.595228,203805.849595,58.601602,201361.286353,96.836390,650.350542,-23.242325,645.951040,-143.722510,647.536301,59.964588,0.005349,1,0
18.233000,-61.200916,202147.875113,178.680269,203774.792817,58.620596,202463.871418,97.115538,643.566369,-23.281140,640.375388,-143.359746,652.127104,59.960473,-0.010030,1,0
18.267000,-61.391060,201412.663556,178.722169,202514.700621,58.565112,203493.449693,96.632663,641.717992,-23.128967,637.900505,-143.309219,642.545623,59.970234,-0.003924,1,0
18.300000,-61.217974,203599.401767,178.660496,203678.294380,58.752759,203564.751050,96.493869,639.720222,-23.429316,644.230737,-143.274824,639.045967,59.966839,0.006369,1,0
18.333000,-61.208564,202065.812604,178.550661,202213.691220,58.679787,204091.942233,96.974060,641.423062,-23.219937,639.342774,-143.219767,634.281901,59.971483,-0.004198,1,0
18.367000,-61.249479,201482.128427,178.660264,203474.609801,58.702167,203244.994850,96.790406,643.450786,-23.205158,642.140231,-143.110423,642.596985,59.971621,0.006880,1,0
18.400000,-61.329274,202521.171427,178.646163,202735.550964,58.794952,203877.468974,96.467634,645.401112,-23.057478,638.333371,-143.147910,635.728905,59.974616,0.010380,1,0
18.433000,-61.177853,204012.812383,178.634214,203483.710874,58.705948,204510.946325,96.756338,633.653365,-23.370097,641.405743,-143.126355,638.896947,59.963882,0.001166,1,0
18.467000,-61.272355,202516.558259,178.649745,203128.078482,58.695654,201482.614727,96.794817,640.784091,-23.163710,639.209288,-143.338455,638.968586,59.973873,-0.010399,1,0
18.500000,-61.076697,202619.697268,178.680861,203206.536365,58.765589,203789.659924,96.840730,637.744645,-23.280092,639.983109,-143.657490,639.925632,59.976204,-0.001730,1,0
18.533000,-61.266902,203112.443036,178.660046,205318.851800,58.632445,203100.884730,96.731122,636.174533,-23.536027,638.682043,-143.521258,633.876593,59.972666,-0.005513,1,0
18.567000,-61.302737,203654.543321,178.755024,203460.939903,58.538697,204671.903538,96.470415,639.782342,-23.314728,635.751118,-143.323013,638.845584,59.966991,-0.001220,1,0
18.600000,-61.337124,202265.284524,178.831879,205576.440178,58.713928,201192.212503,96.655486,638.815428,-22.976158,646.852441,-143.348515,643.693584,59.975361,0.000727,1,0
18.633000,-61.386837,202714.547949,178.590323,203989.354276,58.748850,203476.766632,96.529441,646.467776,-23.520192,647.362194,-143.141241,647.816012,59.969811,0.012165,1,0
18.667000,-61.101487,204593.027552,178.496469,204360.874213,58.772158,202878.898146,96.986216,641.511864,-23.417738,634.037489,-143.039023,643.207292,59.974441,0.010462,1,0
18.700000,-61.296852,204803.550442,178.521396,203978.937921,58.770511,203079.346980,96.685515,642.669163,-23.517224,638.225804,-143.220822,647.664541,59.966126,0.010488,1,0
18.733000,-61.298473,205505.063233,178.333375,203285.086545,58.720836,203535.542372,96.753411,642.551721,-23.724347,645.503176,-143.471490,650.592921,59.965016,-0.006138,1,0
18.767000,-61.298397,203487.234809,178.362645,202665.176501,58.644305,203191.238084,96.749967,640.270304,-23.678568,644.511088,-143.502116,637.842630,59.965860,-0.004875,1,0
18.800000,-61.116870,203239.841884,178.588438,203465.134031,58.807220,202862.706217,96.949127,640.108402,-23.551740,637.266002,-143.225003,647.435546,59.973310,-0.000567,1,0
18.833000,-61.380748,203795.976539,178.595814,203546.580341,58.722431,203273.180181,96.537286,641.930422,-23.590670,636.702771,-143.382261,641.948077,59.978409,-0.010229,1,0
18.867000,-61.279270,203246.028631,178.656782,204589.038381,58.663102,202850.454939,96.566581,641.306689,-23.346786,638.483046,-143.209637,642.024354,59.967611,-0.000993,1,0
18.900000,-61.457222,203790.563644,178.767651,204562.448381,58.703708,204544.957569,96.640300,648.162577,-23.522002,642.407739,-143.323680,641.719514,59.966801,0.000130,1,0
18.933000,-61.264691,204592.974379,178.672593,205351.855812,58.785962,203473.860149,96.812929,640.011185,-23.295890,643.336322,-143.043108,641.342297,59.974237,0.008405,1,0
18.967000,-61.371726,204140.914750,178.739318,204232.015752,58.728198,204040.365622,96.808413,643.080923,-23.608954,638.124481,-143.101037,639.381619,59.973872,0.004825,1,0
19.000000,-61.434777,203279.191458,178.686562,203495.940136,58.703371,203551.428307,96.906443,643.334554,-23.519489,643.479516,-143.542425,643.509303,59.977005,-0.002689,1,0
19.033000,-61.326031,205227.662884,178.783062,204744.663100,58.840534,204109.568543,96.777964,644.935775,-23.426939,641.854697,-142.896833,647.688504,59.977830,-0.004937,1,0
19.067000,-61.382631,203734.285183,178.631689,205247.436770,58.602653,203411.602503,96.551886,640.848171,-23.401833,642.833832,-143.668372,635.063008,59.972670,-0.001764,1,0
19.100000,-61.075654,204494.702838,178.888923,206085.320400,58.671207,203240.765749,96.904243,639.748462,-23.225156,643.921447,-143.587487,642.282709,59.971391,0.018926,1,0
19.133000,-61.301030,205189.915995,178.844516,206074.746778,58.895740,205860.964405,96.499512,640.895231,-23.180056,642.398424,-142.977752,641.657116,59.975764,0.004108,1,0
19.167000,-61.362197,203600.513154,178.777014,203989.227465,58.741955,205864.676982,96.750917,643.811892,-23.141140,647.627295,-143.102442,644.470849,59.978008,-0.000320,1,0
19.200000,-61.276061,205249.331277,178.616130,205307.453952,58.575485,205127.455602,96.917737,645.660085,-23.261738,645.669294,-143.399571,637.781379,59.972573,-0.000339,1,0
19.233000,-61.332189,203036.292732,178.684612,205536.465074,58.623527,204008.859645,96.024693,643.354754,-23.543587,643.781229,-143.320559,643.492854,59.971378,-0.003122,1,0
19.267000,-61.142047,203436.921550,178.654002,203418.132429,58.684294,202650.943508,97.155566,649.087856,-23.132339,645.474134,-143.566316,642.777023,59.976577,0.001875,1,0
19.300000,-61.312973,201915.802748,178.693132,205726.817823,58.698373,204161.278926,96.818895,641.746421,-23.299826,635.536639,-143.214700,642.454798,59.971858,-0.000403,1,0
19.333000,-61.148301,205230.194285,178.741870,202603.407571,58.868467,203520.881388,97.341543,648.363856,-23.283442,641.461325,-143.375228,650.032021,59.965163,-0.003839,1,0
19.367000,-61.352556,205576.085860,178.862433,203351.840034,58.744651,202934.655214,96.721360,648.445341,-23.264627,650.367896,-143.664079,648.543684,59.961640,0.003694,1,0
19.400000,-61.173354,203722.460291,178.727023,203298.285255,58.601426,204059.831443,96.432647,643.382220,-23.180333,643.139179,-143.263258,647.078043,59.967577,-0.009455,1,0
19.433000,-61.077801,204322.681889,178.516405,203956.735364,58.794813,201982.638409,96.751090,646.563526,-23.539791,640.506611,-143.501001,652.340460,59.974822,-0.007449,1,0
19.467000,-61.093089,205654.094397,178.814426,204264.894598,58.882455,203920.896773,96.997372,643.609895,-23.190388,639.341641,-143.152539,637.179229,59.968579,0.002598,1,0
19.500000,-61.257755,204608.043249,178.664873,204641.691920,58.606125,204085.518232,96.985180,635.744947,-23.390509,639.715405,-143.479433,647.320765,59.969731,-0.003619,1,0
19.533000,-61.377722,203659.218759,178.694811,204477.494076,58.711234,204963.463413,96.717263,639.827725,-23.673850,635.750124,-143.368484,633.489777,59.977168,0.000810,1,0
19.567000,-61.258933,202764.713198,178.630390,203779.818008,58.725801,203637.891364,96.607511,643.709649,-23.077698,631.845276,-143.001533,635.122909,59.968532,0.010166,1,0
19.600000,-61.093858,202428.241094,178.642115,204960.012320,58.718599,202695.321028,96.935159,636.176574,-23.493040,637.748831,-143.127879,632.344905,59.965477,0.012039,1,0
19.633000,-61.159286,202752.924271,178.608604,204192.291325,58.670962,202693.879128,97.057162,636.478650,-23.132024,636.430514,-143.518764,635.968903,59.974160,0.010653,1,0
19.667000,-61.417966,203311.582916,178.645614,202889.034126,58.709229,202953.697699,96.752599,639.111574,-23.533369,642.600028,-143.146751,634.004812,59.964471,-0.001293,1,0
19.700000,-61.334644,203257.030328,178.682204,204276.988007,58.887185,202884.887061,96.703521,637.666019,-23.352093,636.022983,-143.064148,635.698402,59.980897,0.008476,1,0
19.733000,-61.223439,205428.608930,178.627825,204552.544523,58.629447,201939.053805,96.515651,634.528586,-23.100204,633.606730,-143.516701,638.567700,59.959985,0.006778,1,0
19.767000,-61.077298,203367.408298,178.681224,205298.326291,58.713279,203714.157440,96.890196,631.306496,-23.132661,647.699313,-143.522492,642.111516,59.972087,0.012987,1,0
19.800000,-61.375427,204671.846538,178.799166,204922.453801,58.665384,203752.964744,96.524126,637.099682,-22.779316,642.385548,-143.454797,639.503048,59.967772,0.017518,1,0
19.833000,-61.430846,205242.060451,178.732479,203090.858831,58.789676,204897.702133,96.561470,633.236834,-23.059848,639.952103,-143.090600,643.715185,59.967664,-0.004478,1,0
19.867000,-61.173107,203536.819356,178.723050,203953.223970,58.725156,203362.861058,97.143363,635.820876,-23.235171,641.441340,-143.216607,637.285055,59.965140,0.002168,1,0
19.900000,-61.238384,202751.793127,178.617038,204095.455654,58.674875,203401.338899,96.450532,630.979057,-23.374341,635.954120,-143.480437,639.699402,59.965410,-0.007332,1,0
19.933000,-61.270527,203584.468656,178.939630,203619.393262,58.780310,203179.177718,96.523785,638.814441,-23.179381,635.380336,-143.420787,634.069045,59.959939,-0.009472,1,0
19.967000,-61.457125,204971.684667,178.890369,204968.257551,58.485515,204877.855918,96.523821,637.020769,-23.091353,632.084903,-143.393414,639.606411,59.960976,-0.000176,1,0
20.000000,-61.330603,203538.865727,178.553246,204460.992683,58.655309,202925.916034,96.705206,635.313320,-23.764158,640.467026,-143.430147,637.577146,59.962280,-0.001278,1,0
20.033000,-61.222811,202967.291343,178.690682,204129.721931,58.665618,203099.833047,96.579668,642.302761,-23.410151,634.442139,-143.607412,628.153844,59.961088,-0.003258,1,0
20.067000,-61.260071,203731.721316,178.654853,203729.967531,58.741673,204497.491548,96.577308,631.827772,-23.325707,646.083794,-143.360225,638.876820,59.963613,0.003762,1,0
20.100000,-61.306319,205505.984986,178.581323,203176.340630,58.682394,202744.187587,96.496178,638.463259,-23.897852,641.640871,-143.501019,635.599235,59.970300,0.004338,1,0
20.133000,-61.333488,206118.551431,178.521095,205133.919426,58.803501,204484.545067,96.491026,638.082102,-23.538918,634.585816,-143.141697,638.344170,59.961370,0.004568,1,0
20.167000,-61.176543,205029.200140,178.673604,203535.471731,58.705884,204604.167227,96.985555,640.447424,-23.237041,639.466006,-143.046467,635.082907,59.956255,-0.009686,1,0
20.200000,-61.235157,205502.201718,178.641522,204620.147729,58.648341,205945.518226,96.744783,640.539008,-23.682786,639.581164,-143.385268,638.934664,59.970558,-0.002706,1,0
20.233000,-61.340136,203924.960680,178.765375,204504.285216,58.732978,203974.290356,97.028293,638.563233,-23.254896,638.931206,-143.119245,644.489208,59.967791,0.005966,1,0
20.267000,-61.290636,204062.280253,178.620429,204160.388923,58.657560,205295.095994,96.879512,641.507705,-23.279220,634.269276,-143.402048,639.249515,59.961205,0.008076,1,0
20.300000,-61.092288,204550.148009,178.805695,203942.069438,58.847737,205211.116964,97.073381,641.866048,-23.059094,638.018537,-142.985232,642.222750,59.969511,0.011020,1,0
20.333000,-61.286494,203124.698873,178.785882,205366.667175,58.746475,204460.820027,96.635359,637.521368,-22.996609,647.296659,-143.295416,636.233913,59.965419,0.004046,1,0
20.367000,-61.261899,204533.206726,178.859918,205207.951374,58.826294,205381.257237,96.611596,637.914140,-23.281399,639.015651,-143.217047,638.260696,59.962762,0.001532,1,0
20.400000,-61.388865,203288.822816,178.798098,205359.313721,58.770046,205479.318435,96.492655,639.080676,-23.248728,640.430191,-143.187273,635.309225,59.968451,-0.002705,1,0
20.433000,-61.320289,205269.875726,178.843848,204854.726545,58.734793,204789.156213,96.590274,636.077280,-23.200646,643.438086,-143.369319,644.436814,59.966532,0.002632,1,0
20.467000,-61.179344,206280.110602,178.834213,203797.288481,58.669689,203972.655326,96.821318,642.515638,-23.454649,640.894246,-143.572474,642.039766,59.971568,0.007073,1,0
20.500000,-61.224406,205364.082211,178.852545,207646.405462,58.939004,205073.581785,96.876046,641.971246,-23.325416,639.568379,-143.286883,636.785551,59.961097,-0.002139,1,0
20.533000,-61.429606,205285.538524,178.649644,206272.862281,58.779558,204638.629075,96.494884,636.583248,-23.349745,647.348225,-143.120691,638.034119,59.964835,0.001247,1,0
20.567000,-61.330798,204225.929006,178.706731,205346.619193,58.705856,206296.608420,96.894559,641.892626,-23.475153,646.952547,-142.920028,644.869803,59.975692,0.010220,1,0
20.600000,-61.392245,204480.079334,178.685148,206209.015683,58.545757,205330.343205,96.805495,638.730656,-23.263009,644.263557,-143.505827,641.929089,59.974395,-0.010217,1,0
20.633000,-61.391183,204056.809492,178.623520,205601.111388,58.606279,203497.984416,96.675573,635.376473,-23.419969,640.005993,-143.268612,636.357824,59.962639,-0.003622,1,0
20.667000,-61.406800,205553.581456,178.602443,207750.048166,58.653521,204938.101945,96.695421,638.922284,-23.300123,631.640018,-143.339668,635.411746,59.975439,0.011505,1,0
20.700000,-61.371575,204145.252970,178.683454,205801.059038,58.681441,204612.408281,96.335453,632.758920,-23.226465,637.730866,-143.541968,634.762006,59.964463,-0.000269,1,0
20.733000,-61.399462,205220.738439,178.579627,206036.964840,58.674969,203628.587430,96.622028,634.811843,-23.637020,637.924481,-143.226028,637.688716,59.964858,-0.005624,1,0
20.767000,-61.647650,206806.066190,178.585222,205172.389745,58.661055,206241.440418,96.302477,637.439343,-23.190282,640.467225,-143.341319,639.740838,59.963878,-0.000570,1,0
20.800000,-61.341575,204234.537812,178.822945,204757.780181,58.657619,205322.538315,96.797507,635.398672,-23.450474,636.849770,-143.530751,633.308697,59.960360,-0.006631,1,0
20.833000,-61.158439,205287.846766,178.548059,203963.779270,58.731084,205921.342964,97.025767,643.440106,-23.470345,636.630286,-143.182782,640.672741,59.960576,0.012333,1,0
20.867000,-61.530056,204292.790903,178.719587,204427.940556,58.525812,204080.596936,96.449356,641.120728,-23.276238,638.895583,-143.565775,642.494333,59.963755,0.004618,1,0
20.900000,-61.336735,204937.281905,178.666053,206040.982542,58.536505,205290.468162,96.709018,634.435733,-23.287245,644.457563,-143.444667,640.851736,59.955986,0.008552,1,0
20.933000,-61.484917,203651.396447,178.503304,206337.091560,58.482609,204458.210265,96.692307,636.334477,-23.557217,644.494895,-143.360268,644.130423,59.950443,0.010257,1,0
20.967000,-61.592594,205462.896419,178.697915,206842.349607,58.704752,204425.839869,96.224845,636.656617,-23.253152,643.258474,-143.185737,633.224196,59.950598,0.013155,1,0
21.000000,-61.192228,205390.546958,178.609629,206198.311366,58.642288,204980.414488,96.795478,638.061410,-23.552534,644.349583,-143.334890,633.183613,59.951818,-0.016490,1,0
21.033000,-61.282447,205471.164793,178.799350,205869.858907,58.789560,204717.793062,96.773677,643.900806,-23.015053,644.570508,-143.134326,640.233706,59.954080,-0.004300,1,0
21.067000,-61.294411,204857.216451,178.623966,204442.101841,58.696673,206008.145619,97.028974,636.814599,-23.428584,637.112874,-143.644003,636.796719,59.954140,0.005073,1,0
21.100000,-61.189889,204858.123367,178.701777,203565.759961,58.570070,204471.073855,96.962402,634.299373,-23.037111,637.270773,-143.331099,641.582224,59.957470,0.005394,1,0
21.133000,-61.511132,204923.780964,178.705304,206611.905724,58.656552,204642.038607,96.458045,645.413562,-23.456625,648.138056,-143.216105,642.710492,59.961101,-0.006032,1,0
21.167000,-61.380313,203888.399200,178.778303,205904.537966,58.604757,204013.362982,97.005726,643.275383,-22.821463,642.052911,-143.108067,642.914842,59.962548,-0.009654,1,0
21.200000,-61.496114,204344.545490,178.654746,203638.789775,58.754331,204322.483306,96.468422,639.263243,-23.282345,641.853546,-142.863012,634.941705,59.960595,0.000802,1,0
21.233000,-61.277625,204726.186947,178.591271,204600.368158,58.746982,206440.278770,96.644114,645.904804,-23.282386,645.444997,-143.111732,635.772087,59.961021,-0.008333,1,0
21.267000,-61.301810,205817.691338,178.731694,205178.935266,58.678309,204357.883496,96.667177,641.250489,-23.350279,642.442436,-143.242917,647.660727,59.966144,0.017621,1,0
21.300000,-61.267687,204511.680769,178.670642,203941.231421,58.722011,205724.939668,96.881196,639.551024,-23.162245,643.469243,-143.219677,644.570873,59.970725,-0.013294,1,0
21.333000,-61.332170,204335.931901,178.587705,205501.025714,58.612731,203912.935265,96.501077,637.619057,-23.219042,644.413931,-143.221088,636.328141,59.970972,0.011432,1,0
21.367000,-61.392412,204499.445245,178.667048,205221.296922,58.843987,203091.324607,96.456690,642.131772,-23.374112,641.584106,-142.953757,638.336577,59.964441,0.011320,1,0
21.400000,-61.255301,205644.260933,178.558891,204091.329733,58.426575,205570.625754,96.731402,645.091056,-23.587954,643.508765,-143.447352,641.788269,59.977540,0.004473,1,0
21.433000,-61.311265,204261.567499,178.563178,205605.223815,58.755037,205071.556132,96.561375,647.998198,-23.444485,641.881168,-143.150154,636.381137,59.969343,0.013564,1,0
21.467000,-61.535366,205480.954674,178.681368,204693.626003,58.628398,203449.801045,96.441666,643.684653,-23.334695,644.543601,-143.182722,641.873229,59.972221,-0.006572,1,0
21.500000,-61.506973,204613.099509,178.815878,203048.191455,58.616028,205093.244993,96.543203,637.781773,-23.213081,648.390436,-143.669696,644.540655,59.967567,-0.000680,1,0
21.533000,-61.284944,202982.218200,178.500087,203610.059706,58.550013,204301.745009,96.754077,645.965077,-23.605004,642.570885,-143.727226,646.505211,59.971003,-0.005413,1,0
21.567000,-61.503429,203026.167512,178.579593,203715.670244,58.406975,201453.564215,96.566594,644.851011,-23.509828,646.412474,-143.492059,644.951084,59.969072,-0.002074,1,0
21.600000,-61.372726,203917.622884,178.388815,202779.948494,58.871722,204807.514412,96.652393,636.109346,-23.717452,642.924411,-142.863651,648.556923,59.970170,-0.003492,1,0
21.633000,-61.662284,203390.541542,178.423124,203461.166293,58.550331,203927.250502,96.235903,642.310088,-23.717985,644.707551,-143.566803,641.778313,59.973623,0.000358,1,0
21.667000,-61.476756,204413.664625,178.518464,204841.724494,58.326612,204206.436708,96.501241,643.383853,-23.420284,639.553853,-143.600501,640.438977,59.966882,0.003273,1,0
21.700000,-61.509008,203207.553273,178.550907,202818.264237,58.517696,204245.055844,96.441669,645.712537,-23.482338,649.072721,-143.390694,645.350930,59.969049,0.005734,1,0
21.733000,-61.564230,203803.744378,178.613257,203003.996506,58.546767,204481.515772,96.534013,648.331650,-23.477537,649.461972,-143.578270,644.871718,59.969264,0.011032,1,0
21.767000,-61.491618,206012.293822,178.458121,204291.656083,58.620827,204343.592909,96.313707,653.641209,-23.365994,644.617875,-143.345370,650.786330,59.965546,0.003016,1,0
21.800000,-61.699192,205184.374996,178.342286,205198.014296,58.599897,205076.830319,96.556672,644.056544,-23.885370,641.478564,-143.349409,640.649323,59.975697,0.017245,1,0
21.833000,-61.293457,203723.251577,178.647326,204888.288117,58.422583,203756.633155,96.724645,643.847068,-23.488746,638.510304,-143.723527,644.491727,59.978189,-0.000272,1,0
21.867000,-61.392290,205907.209738,178.363540,203768.949138,58.422875,204892.216325,96.677983,643.219125,-23.786952,632.280943,-143.908180,640.953562,59.961618,0.002425,1,0
21.900000,-61.559243,205328.760691,178.405238,203875.449901,58.625654,203373.211678,96.598329,638.173844,-23.407453,635.546244,-143.346018,638.257682,59.971848,0.004879,1,0
21.933000,-61.569738,204451.042826,178.472430,206579.221646,58.591982,204407.364690,96.394526,633.845627,-23.380198,638.035380,-143.600493,644.965505,59.966314,-0.002403,1,0
21.967000,-61.457261,205440.614408,178.686616,207429.677397,58.607889,204726.059952,96.446950,638.360298,-23.367146,643.776540,-143.361771,645.430517,59.973569,-0.002148,1,0
22.000000,-61.508608,206628.539821,178.566051,204723.814881,58.538486,204580.070794,96.532035,645.614336,-23.753152,643.776790,-143.338715,640.294913,59.979395,0.007584,1,0
22.033000,-61.521919,204671.217283,178.545062,205246.775936,58.571999,205575.436461,96.499442,645.536106,-23.477125,640.518515,-143.292230,646.693243,59.977836,-0.000639,1,0
22.067000,-61.590129,205852.999112,178.505132,204947.248188,58.317750,204944.148858,96.493975,637.488386,-23.309696,646.275871,-143.741468,649.959662,59.978009,0.003583,1,0
22.100000,-61.450721,204365.227111,178.570393,206367.199196,58.553319,204610.543694,96.896423,647.129032,-23.174936,641.386208,-143.785629,643.816734,59.976290,0.000314,1,0
22.133000,-61.494691,206593.790206,178.610145,205381.623646,58.541233,205743.037581,96.385936,647.487872,-23.705378,643.900028,-143.514610,640.381939,59.980013,0.000790,1,0
22.167000,-61.496646,205150.243374,178.493060,204243.962891,58.516651,205312.787115,96.217853,640.907560,-23.475546,645.271317,-143.272957,636.618856,59.984673,0.010682,1,0
22.200000,-61.473259,206023.726470,178.537848,205589.352020,58.403835,204439.512405,96.751858,645.343113,-23.572802,638.708602,-143.380260,643.361839,59.983094,0.005419,1,0
22.233000,-61.646736,204739.952098,178.539062,205817.284946,58.455456,205050.974966,96.051014,639.499789,-23.171168,639.819736,-143.559912,648.652138,59.983119,0.000616,1,0
22.267000,-61.414600,205053.875917,178.407742,207007.604014,58.518471,205535.561496,96.626325,641.353197,-23.413445,645.326805,-143.533688,643.741391,59.987164,0.010906,1,0
22.300000,-61.413264,206835.217542,178.615781,204366.755324,58.430488,205520.363284,96.639824,643.145373,-23.532462,643.206627,-143.583370,643.705856,59.986050,0.011170,1,0
22.333000,-61.287391,205928.992071,178.402428,204506.006580,58.664643,205245.018853,96.662999,646.303635,-23.388220,643.930623,-143.543527,643.023360,59.986012,0.005700,1,0
22.367000,-61.424345,204689.797103,178.562780,208432.527411,58.635093,204751.800591,96.571243,633.472583,-23.310706,644.805188,-143.424810,644.219847,59.982860,0.004479,1,0
22.400000,-61.593789,204910.982663,178.471005,204998.614108,58.558801,206835.473407,96.451162,641.845106,-23.488393,640.355761,-143.468532,639.908053,59.990921,-0.000576,1,0
22.433000,-61.454254,204589.950990,178.574505,205699.481763,58.589814,204041.363293,96.529772,646.556164,-23.598469,640.959668,-143.236943,643.862150,59.986962,0.009339,1,0
22.467000,-61.435048,205118.065285,178.397077,204958.895743,58.375238,204402.477609,96.380156,642.552618,-23.491642,652.370508,-143.316458,637.689438,59.992102,-0.006841,1,0
22.500000,-61.450723,203277.950055,178.304658,204344.189140,58.508465,206299.186469,96.327965,643.428216,-23.838793,650.570405,-143.609461,642.152703,59.984814,0.002687,1,0
22.533000,-61.394140,205520.188687,178.419543,204890.903027,58.412627,202838.120248,96.386009,643.277101,-23.469205,636.946815,-143.482349,648.650916,59.984028,0.002963,1,0
22.567000,-61.483720,205570.195413,178.539261,205005.886705,58.481466,204720.639130,96.645850,640.333984,-23.669212,643.489637,-143.457563,645.576498,59.973992,0.003985,1,0
22.600000,-61.454761,204673.792379,178.304994,206042.473079,58.624549,205905.817901,96.415498,638.250045,-23.853228,646.779965,-143.267264,646.456831,59.982998,-0.002446,1,0
22.633000,-61.463989,206036.430194,178.541765,205319.918474,58.481603,204096.572651,96.472995,638.929189,-23.310056,638.336294,-143.155339,639.860459,59.983901,0.003962,1,0
22.667000,-61.623772,204817.576091,178.601256,205988.329111,58.363127,203250.873307,96.598054,634.140617,-23.350017,636.958839,-143.403296,637.978847,59.974020,-0.002294,1,0
22.700000,-61.460604,204916.391445,178.482144,205121.518817,58.405523,206159.205937,96.167067,630.650525,-23.094662,637.845219,-143.411369,638.944077,59.984710,-0.006549,1,0
22.733000,-61.373869,204681.155574,178.427703,206705.911732,58.479738,204082.652319,96.516991,639.073442,-23.757326,642.374806,-143.409481,634.649317,59.985243,-0.001407,1,0
22.767000,-61.363294,207769.870190,178.555759,203918.353707,58.510319,205997.164270,96.787690,633.251058,-23.480889,640.934707,-143.458324,639.157862,59.978372,0.003884,1,0
22.800000,-61.349730,206324.718428,178.545264,205221.618039,58.487526,203724.057001,96.735040,635.814523,-23.417022,635.040567,-143.904118,636.781072,59.987596,-0.001453,1,0
22.833000,-61.485858,204968.054759,178.628452,206256.249399,58.537820,207326.904919,95.998369,631.091949,-23.433543,640.121869,-143.182783,636.626132,59.982855,-0.000931,1,0
22.867000,-61.460061,206757.439029,178.417338,205833.307414,58.472829,204730.522702,96.642496,636.527450,-23.551275,644.642612,-143.359564,639.643441,59.994070,0.004908,1,0
22.900000,-61.657462,204254.470780,178.484816,204395.172494,58.530085,203829.084395,96.188302,642.443019,-23.384165,638.638486,-143.659746,642.573442,59.980765,0.003144,1,0
22.933000,-61.542881,205068.143160,178.423252,204296.999718,58.545467,205586.505483,96.510506,639.838143,-23.788006,643.215379,-143.171755,639.164163,59.986084,-0.008355,1,0
22.967000,-61.707728,206270.677007,178.329998,206573.397750,58.392000,206522.579096,96.266728,644.312917,-23.443563,639.123829,-143.641566,638.784981,59.987664,0.003861,1,0
23.000000,-61.746530,205791.332989,178.477796,206507.913651,58.401056,205428.529991,96.140508,638.090588,-23.692006,640.804696,-143.388079,639.564796,59.985393,-0.004459,1,0
23.033000,-61.548194,203346.962015,178.401839,206975.207456,58.453083,204309.767838,96.409460,636.676555,-23.478789,638.167650,-143.906587,631.849930,59.985610,0.000963,1,0
23.067000,-61.727680,204496.219447,178.364956,205803.250485,58.435431,206994.724040,96.082566,641.869379,-23.817992,644.067553,-143.264654,640.153551,59.982769,-0.005617,1,0
23.100000,-61.384755,204898.549214,178.503933,207131.952656,58.493635,204941.085214,96.640200,635.242993,-23.647842,643.130150,-143.554999,638.234233,59.975460,-0.010868,1,0
23.133000,-61.605644,205433.843238,178.423262,204381.553863,58.393572,205333.505603,96.280545,644.308135,-23.494782,634.991393,-143.636301,643.005964,59.979473,0.004140,1,0
23.167000,-61.484560,205383.250878,178.348736,203789.764958,58.300882,206379.182833,96.664280,640.371074,-23.610286,634.580526,-143.594227,643.712726,59.984851,0.002439,1,0
23.200000,-61.372375,205182.985370,178.695618,204572.608040,58.481264,205508.030985,96.691318,643.379918,-23.367241,639.897920,-143.783006,633.877152,59.979986,0.006557,1,0
23.233000,-61.405384,204424.506270,178.438305,203767.971926,58.398499,204594.349116,96.590992,643.646777,-23.280921,638.989117,-143.507878,639.178486,59.979300,-0.013936,1,0
23.267000,-61.245861,206822.715021,178.469119,206835.010096,58.379931,205325.734237,96.978596,642.862761,-23.442076,643.033697,-143.572454,640.565406,59.981923,-0.001204,1,0
23.300000,-61.552661,205017.295605,178.513217,205678.090748,58.534485,205350.282375,96.484786,643.842987,-23.779127,644.275324,-143.347319,641.887736,59.976776,-0.011328,1,0
23.333000,-61.755132,205333.257596,178.371889,204934.571354,58.287931,205211.158479,96.419953,636.617037,-23.237497,645.285545,-143.997281,648.639395,59.984544,-0.000873,1,0
23.367000,-61.757940,205110.543163,178.415262,205846.900582,58.465451,205919.587002,96.335135,636.233918,-23.971993,647.440545,-143.598311,640.403397,59.982109,0.011577,1,0
23.400000,-61.489048,207235.278600,178.469830,207238.306523,58.351164,205312.737083,96.598891,645.355897,-23.477474,637.715546,-143.571809,641.305421,59.984762,-0.006187,1,0
23.433000,-61.623242,205274.886806,178.401806,205426.684184,58.289829,203729.476286,96.102133,648.216180,-23.459822,648.371735,-143.773183,643.316298,59.985519,-0.000597,1,0
23.467000,-61.579465,206362.667002,178.345392,204736.258182,58.379429,205813.245936,96.403185,642.331639,-23.570752,648.278694,-143.325853,648.695378,59.980908,-0.002439,1,0
23.500000,-61.651162,204917.290473,178.508509,204235.123706,58.524776,203742.618151,96.163723,645.308646,-23.282256,647.416043,-143.434069,644.096347,59.989497,0.015715,1,0
23.533000,-61.618078,204948.893902,178.393751,205944.283724,58.354893,205142.901947,96.217155,640.256461,-23.508931,645.913572,-143.354864,640.395702,59.980416,-0.008790,1,0
23.567000,-61.394928,205987.560372,178.667530,204470.733386,58.407864,204237.383527,96.657074,640.233601,-23.457080,643.801561,-143.915695,643.968997,59.979140,-0.002666,1,0
23.600000,-61.479655,204756.516773,178.632221,206021.619068,58.489064,205951.944489,96.630595,646.421906,-22.958417,642.078458,-143.296157,645.211004,59.984080,-0.000292,1,0
23.633000,-61.608361,205289.363963,178.501026,205164.171899,58.571397,204257.558315,96.069650,646.419882,-23.572211,647.972309,-143.425508,650.266607,59.980482,0.017005,1,0
23.667000,-61.400913,206150.837571,178.203326,205336.008140,58.432726,204642.291978,96.552766,642.662359,-23.887897,645.354318,-143.801363,641.718762,59.986077,-0.010218,1,0
23.700000,-61.682837,205691.093314,178.386967,205476.774938,58.326244,204419.839837,96.624036,638.456375,-23.465596,643.530220,-144.243016,641.495352,59.981416,0.006516,1,0
23.733000,-61.585361,204867.647825,178.279269,204915.650833,58.347520,203794.582903,96.255412,643.877520,-23.674703,642.674624,-143.644677,645.499815,59.977443,-0.006685,1,0
23.767000,-61.521139,202918.038364,178.471823,204958.085279,58.456671,205837.026347,96.403366,631.819702,-23.400415,652.231347,-143.505350,633.958138,59.986431,0.011011,1,0
23.800000,-61.498478,204972.314490,178.378833,205094.872817,58.526805,205311.964344,96.183622,641.845725,-23.717182,646.710956,-143.566501,643.199911,59.989509,-0.006640,1,0
23.833000,-61.594364,203401.541879,178.285361,205848.716449,58.341444,203669.665937,96.372768,639.834030,-23.663167,642.593761,-143.802901,638.707403,59.991448,0.014775,1,0
23.867000,-61.622631,206108.919516,178.660680,206265.304706,58.402425,204549.341030,96.211921,646.175804,-23.337966,642.644703,-143.791968,644.752694,59.989556,-0.010797,1,0
23.900000,-61.537646,205460.882343,178.635904,205392.017802,58.489544,205204.655510,96.525187,636.590434,-23.587278,640.166788,-143.474590,638.886163,59.987901,0.004958,1,0
23.933000,-61.528513,204805.570979,178.478672,205473.779976,58.494732,203930.394546,96.604386,639.304982,-23.588291,636.198739,-143.459961,648.098583,59.984012,-0.012668,1,0
23.967000,-61.586819,205082.783962,178.433038,204103.926061,58.354908,205588.290856,96.460605,642.674254,-23.859288,642.061233,-143.605970,644.278683,59.987178,0.013417,1,0
24.000000,-61.774121,205147.060984,178.368997,203776.580475,58.552571,205337.600992,96.071987,643.022720,-23.494374,641.074584,-143.738931,641.167719,59.982790,-0.000483,1,0
24.033000,-61.519698,206075.449102,178.596056,205551.809900,58.486306,204155.623219,96.361148,650.614312,-23.311813,646.794090,-143.464945,643.758948,59.987428,-0.002686,1,0
24.067000,-61.522881,205331.790166,178.504365,205931.865456,58.566717,204257.447603,96.453093,643.520018,-23.477929,654.148801,-143.480259,645.021857,59.983906,-0.001490,1,0
24.100000,-61.429367,205100.671851,178.535812,204589.300159,58.448910,205315.772634,96.535696,636.948440,-23.833729,648.986149,-143.427223,646.724431,59.981426,0.015050,1,0
24.133000,-61.529396,203978.495142,178.484001,204353.561337,58.463288,204808.174112,96.443582,647.712474,-23.642897,654.072066,-143.556570,650.098091,59.984782,0.002328,1,0
24.167000,-61.520079,203516.287145,178.747962,206285.086866,58.485547,206124.572937,96.256663,651.127116,-22.947742,647.570316,-143.517142,651.221830,59.984661,0.013114,1,0
24.200000,-61.587155,204222.381502,178.572421,206808.687963,58.465226,204382.516879,96.462091,644.670331,-23.513681,647.852785,-143.816474,645.689697,59.988523,0.000363,1,0
24.233000,-61.446962,204524.720376,178.605800,205007.132127,58.634396,202911.364307,96.416332,647.445130,-23.261947,643.840240,-143.529416,649.434417,59.991493,0.015782,1,0
24.267000,-61.309599,205575.721569,178.443515,203214.261280,58.702232,205502.777365,96.741571,649.783629,-23.582064,647.391041,-142.986657,644.120308,59.988453,0.007967,1,0
24.300000,-61.391591,205235.683000,178.429745,206740.809082,58.740442,205472.841715,96.775696,655.049252,-23.407401,643.828102,-143.333114,652.847028,59.982882,-0.001423,1,0
24.333000,-61.281353,203937.996808,178.634774,203138.100416,58.623684,203901.875089,96.958435,648.149775,-23.405789,643.380061,-143.556543,655.886613,59.987093,-0.005102,1,0
24.367000,-61.478998,205738.833006,178.606556,205505.747532,58.667586,204429.899825,97.001486,649.275362,-23.193775,648.688154,-143.532464,655.325111,59.992852,-0.008649,1,0
24.400000,-61.493438,205844.498663,178.580170,205635.680542,58.555678,203856.110559,96.690207,657.628044,-23.667969,650.073071,-143.419298,646.304379,59.980282,-0.003927,1,0
24.433000,-61.525642,206842.026620,178.671113,205357.040814,58.437300,205319.304562,96.733435,654.331049,-23.227255,647.863603,-143.291220,648.176605,59.986258,0.006238,1,0
24.467000,-61.422315,205949.814042,178.287363,205446.679975,58.321626,204141.403076,96.473223,647.317153,-23.610862,644.938840,-143.854430,651.110841,59.987617,0.002681,1,0
24.500000,-61.576222,205026.063790,178.393738,204552.977657,58.716525,204439.398016,96.248813,658.696602,-23.380997,650.008814,-143.132704,655.523504,59.986899,0.005235,1,0
24.533000,-61.470989,204415.584067,178.471326,203918.883730,58.524004,205955.517779,96.771569,650.883208,-23.705032,646.194462,-143.659775,647.359705,59.980117,0.001512,1,0
24.567000,-61.642743,203212.186873,178.505481,205962.355227,58.331079,203260.697330,96.531800,654.591027,-23.493297,654.621183,-143.475104,647.791204,59.983118,0.003507,1,0
24.600000,-61.414029,203618.485282,178.382223,205243.161687,58.310689,202585.353220,96.680930,656.852457,-23.631316,657.545601,-143.383117,656.493217,59.985878,0.008513,1,0
24.633000,-61.541129,203670.470699,178.426450,204642.745373,58.397598,205692.811177,96.664089,650.838652,-23.566145,651.298394,-143.759549,652.655955,59.979772,-0.007058,1,0
24.667000,-61.518200,204630.630219,178.505535,206942.054370,58.394205,205398.141539,96.207515,654.818359,-23.330262,654.954400,-143.457337,660.565774,59.975209,0.004799,1,0
24.700000,-61.484858,204493.364904,178.512472,204926.031905,58.542163,204139.678819,96.094384,656.175086,-23.293075,654.110036,-143.344004,651.662107,59.981923,0.006913,1,0
24.733000,-61.561333,202730.784180,178.603645,204181.802493,58.398906,206258.696942,96.495176,655.894313,-23.643434,656.311409,-143.604063,654.647379,59.970178,-0.011522,1,0
24.767000,-61.503561,207033.093374,178.539983,205833.748715,58.344944,206294.858675,96.015385,656.595300,-23.491301,644.369017,-143.540138,646.632511,59.977976,0.007937,1,0
24.800000,-61.359194,204207.634142,178.453922,206532.749760,58.421344,203971.073559,96.705574,646.143028,-23.333630,646.629791,-143.741616,649.835951,59.984678,-0.000583,1,0
24.833000,-61.506968,203351.940320,178.609977,204210.471809,58.516846,205759.066364,96.480894,648.462053,-23.255805,649.620792,-143.341963,651.996519,59.977715,0.015844,1,0
24.867000,-61.745719,204756.454263,178.380821,203182.243813,58.530761,205042.767965,96.060549,652.353191,-23.514303,645.064152,-143.281219,646.295466,59.977427,0.001611,1,0
24.900000,-61.469500,204567.580849,178.523790,205264.708901,58.501081,206562.971016,96.427328,648.343568,-23.757224,652.856603,-143.353520,651.672672,59.969852,0.004580,1,0
24.933000,-61.346104,205917.797531,178.432285,206813.358000,58.536209,204537.369862,96.555471,659.713332,-23.335801,652.140486,-143.713452,646.587442,59.979530,-0.009999,1,0
24.967000,-61.521400,205011.741273,178.563097,206574.912663,58.585463,204121.298075,96.374064,653.482377,-23.585530,654.995726,-143.550025,652.711250,59.968437,-0.000792,1,0
25.000000,-61.433452,204448.241504,178.442639,202477.723389,58.564061,205069.021964,96.743661,648.910619,-24.020726,652.443918,-143.708621,649.241839,59.965133,-0.005728,1,0
25.033000,-61.610297,204817.055782,178.470691,205052.284214,58.441994,204321.557906,96.686142,649.626702,-23.402006,656.287134,-143.705539,650.885177,59.973306,-0.000040,1,0
25.067000,-61.559394,205137.707371,178.503129,205233.277372,58.561216,203943.895580,96.555445,648.256796,-23.703065,644.040180,-143.516345,644.325897,59.967067,0.010983,1,0
25.100000,-61.484295,204930.779797,178.530018,205319.750842,58.544113,206116.115907,96.788902,644.563731,-23.524074,646.645826,-143.519870,646.975311,59.973670,0.003253,1,0
25.133000,-61.380905,204914.861077,178.644496,205489.524692,58.665967,204442.662083,96.855038,645.907017,-23.522025,651.020585,-143.207469,651.158211,59.977109,-0.004010,1,0
25.167000,-61.313790,204079.274990,178.685284,204934.770037,58.841706,205375.256466,96.711477,645.440388,-23.563014,644.286341,-143.158418,646.769624,59.966434,0.005824,1,0
25.200000,-61.533763,205615.673050,178.609726,205217.807999,58.668533,205751.557099,96.475349,646.432909,-23.405898,643.607722,-143.595848,645.822711,59.965918,0.016518,1,0
25.233000,-61.323756,205381.092145,178.628765,205179.297278,58.591255,204714.978016,96.609726,642.329061,-23.342703,647.616844,-143.403486,655.091195,59.970373,-0.000562,1,0
25.267000,-61.640189,205026.834613,178.387230,205463.603831,58.535593,203866.034166,96.375430,644.077059,-23.547508,645.626711,-143.385008,651.417612,59.970898,-0.000491,1,0
25.300000,-61.652949,204528.027787,178.607160,204286.006159,58.577750,206065.138607,96.357481,643.729610,-23.529964,648.115157,-143.225615,643.271246,59.975400,0.002036,1,0
25.333000,-61.561257,205423.755568,178.682491,203080.759240,58.440210,205848.855196,96.823770,644.544185,-23.377068,646.017565,-143.667752,641.130402,59.976349,-0.004621,1,0
25.367000,-61.506015,205406.309590,178.364075,204859.278644,58.445421,204657.705952,96.596171,650.709717,-23.743275,650.932348,-143.476274,639.187147,59.981455,-0.005422,1,0
25.400000,-61.449090,203266.254185,178.759572,205300.650154,58.455783,203111.012255,96.893266,641.996761,-23.095747,649.138692,-143.640150,645.545350,59.975339,0.002661,1,0
25.433000,-61.581914,205501.055457,178.540132,203929.869823,58.726433,205334.701806,96.170026,649.965432,-23.240478,653.435812,-143.111604,645.883867,59.974439,-0.003603,1,0
25.467000,-61.336148,205407.577247,178.473914,204630.060706,58.658231,204253.829028,96.573402,648.047888,-23.496932,643.658117,-143.234738,647.647523,59.974376,0.009288,1,0
25.500000,-61.423170,205488.044180,178.506760,205420.827142,58.686769,204378.031339,96.722019,654.019485,-23.600724,647.132070,-143.100747,646.451788,59.983059,-0.005260,1,0
25.533000,-61.475989,204424.252264,178.795332,203220.144089,58.514721,204160.914756,96.680277,645.058866,-23.158941,641.617494,-143.600138,646.408062,59.980123,-0.009402,1,0
25.567000,-61.399884,203134.501858,178.554547,204254.001005,58.580274,203704.268276,96.796049,645.038516,-23.534678,646.466272,-143.505382,653.091532,59.974560,0.002533,1,0
25.600000,-61.255086,201818.050073,178.424055,203768.829027,58.573383,202891.092653,96.553396,654.053102,-23.454573,649.157032,-143.323291,650.711996,59.978968,-0.014937,1,0
25.633000,-61.486225,204171.094600,178.618720,205081.059300,58.779371,203123.856354,96.678944,655.052136,-23.797248,653.645960,-143.281977,648.054088,59.977698,-0.022754,1,0
25.667000,-61.535578,203925.254985,178.618070,204618.006254,58.487829,203379.515575,96.704586,655.945279,-23.233730,652.546772,-143.661931,654.966546,59.982220,0.006672,1,0
25.700000,-61.558083,203555.206175,178.485392,203213.172295,58.371042,203397.313848,96.224942,650.455171,-23.707681,659.462596,-143.817064,652.803901,59.979301,0.016366,1,0
25.733000,-61.369855,203471.484088,178.527500,202305.885573,58.669517,204922.810871,96.779961,658.388511,-23.556938,658.197070,-143.126818,657.951244,59.973991,0.000114,1,0
25.767000,-61.468727,205211.241391,178.639703,204177.852524,58.467644,202815.914163,96.819157,656.671027,-23.507371,660.901831,-143.553424,659.106906,59.980299,-0.009426,1,0
25.800000,-61.398147,204689.448521,178.426938,203651.582682,58.464611,203686.360487,96.528656,654.180214,-23.892373,660.975463,-143.708561,654.685446,59.975808,-0.007481,1,0
25.833000,-61.507060,204667.112960,178.703681,202735.188770,58.531075,203342.253715,96.185705,648.890086,-23.202643,655.209119,-143.262954,651.974028,59.987555,0.000519,1,0
25.867000,-61.522220,204016.690673,178.529604,204641.226481,58.321426,202122.696001,96.556116,658.142922,-23.357701,650.093986,-143.758318,653.177690,59.980322,0.015495,1,0
25.900000,-61.398130,203902.151158,178.537898,203535.124970,58.621242,203021.227666,96.873588,648.090768,-23.461413,657.484906,-143.250972,654.071800,59.977998,0.001307,1,0
25.933000,-61.434850,202960.762406,178.640156,202463.085444,58.591389,203883.401011,96.515296,655.717013,-23.283078,651.532689,-143.538649,648.717889,59.971996,0.013561,1,0
25.967000,-61.481179,204790.523369,178.554674,205156.167814,58.356702,202657.140239,96.558497,653.443559,-23.660487,660.733891,-143.752458,651.531821,59.974600,0.000558,1,0
26.000000,-61.392336,203157.099410,178.521700,201365.828652,58.345149,204139.046669,96.675493,655.888210,-23.418239,658.715519,-143.607191,655.240225,59.964997,-0.002889,1,0
26.033000,-61.374594,205056.297893,178.442398,202784.545146,58.365740,203398.080727,96.729355,658.118071,-23.737076,649.867637,-143.730967,653.651963,59.972214,-0.001577,1,0
26.067000,-61.381188,204550.798193,178.540106,203341.950684,58.582135,202869.498063,96.902670,643.967714,-23.236400,647.892717,-143.328432,654.490460,59.967677,0.001078,1,0
26.100000,-61.517866,202953.260044,178.451045,204192.744276,58.534176,202549.260736,96.939313,647.656050,-23.717305,649.459404,-143.345928,655.099886,59.969370,-0.004836,1,0
26.133000,-61.460161,203160.351374,178.585428,203899.691538,58.412783,202923.378867,96.882374,653.397052,-23.430938,652.407378,-143.482079,656.288009,59.970697,0.013205,1,0
26.167000,-61.573048,206071.016606,178.476199,204475.062549,58.642516,202257.105726,96.388438,654.237325,-23.335053,653.764491,-143.385089,655.911160,59.973058,0.004050,1,0
26.200000,-61.537474,203703.431648,178.545888,202506.828974,58.361911,204507.210988,96.677732,653.709138,-23.442555,648.982601,-143.736278,657.204041,59.961188,0.004957,1,0
26.233000,-61.556962,203592.625156,178.445659,205425.658979,58.538969,205841.223563,96.594301,654.661004,-23.672966,658.464287,-143.530969,653.167863,59.967845,0.007977,1,0
26.267000,-61.382350,203997.413721,178.368830,201627.726101,58.574977,202274.732178,96.653644,647.340136,-23.971906,653.097340,-143.672667,654.797592,59.967698,-0.008951,1,0
26.300000,-61.383798,204116.751601,178.459142,204345.263458,58.494201,203377.143161,96.730771,648.680739,-23.704662,650.333324,-143.619456,650.043020,59.968508,-0.000772,1,0
26.333000,-61.430902,202875.914791,178.521544,204114.538606,58.749091,201710.950744,96.652668,650.284603,-23.276488,643.175622,-143.506320,654.894815,59.966734,-0.012291,1,0
26.367000,-61.260933,204529.195211,178.599175,202586.620690,58.638206,203660.528271,96.922580,652.414677,-23.508820,648.210272,-143.242797,648.751761,59.971738,-0.006224,1,0
26.400000,-61.373648,204308.479167,178.566241,202577.172584,58.605578,202380.050736,96.564455,652.834055,-22.903795,652.433706,-143.419848,652.294271,59.971122,-0.003799,1,0
26.433000,-61.368700,203365.889705,178.512292,203899.900336,58.668504,202573.146463,96.741216,647.760445,-23.798901,650.200211,-143.166599,647.405980,59.971335,-0.001281,1,0
26.467000,-61.404099,202517.942688,178.797055,204049.855874,58.490579,202900.432618,96.524615,646.218148,-23.339880,642.547479,-143.702921,644.550846,59.978078,-0.003558,1,0
26.500000,-61.402517,203556.452294,178.567411,204958.029179,58.655163,203522.590087,96.397803,647.896108,-23.199176,644.850946,-143.498945,644.118609,59.979046,-0.006526,1,0
26.533000,-61.439580,203979.578784,178.583961,202895.210618,58.570881,203308.832737,96.508020,645.164633,-23.294667,642.768314,-143.684933,650.832309,59.972286,-0.005769,1,0
26.567000,-61.407204,204291.671345,178.759270,203453.360039,58.542332,202960.026451,96.721155,646.702499,-23.423566,652.725834,-143.300859,641.510994,59.966050,-0.005499,1,0
26.600000,-61.351925,202696.461817,178.690362,203642.514956,58.501967,203195.268942,96.235247,644.627361,-23.470088,645.365884,-143.300452,640.495857,59.978140,-0.004740,1,0
26.633000,-61.425947,202254.963786,178.744588,204224.632536,58.675233,204200.141744,96.687527,651.181881,-23.129095,651.145454,-143.192626,648.086323,59.976423,-0.004375,1,0
26.667000,-61.333008,202849.083839,178.716199,205641.377638,58.533848,202183.032870,96.755893,641.157573,-23.633360,645.432610,-143.457297,646.740925,59.977009,0.009522,1,0
26.700000,-61.263821,202579.159284,178.633527,202389.787716,58.650601,204564.680121,97.250890,648.825219,-23.317751,644.088387,-143.546506,654.079428,59.977033,0.003894,1,0
26.733000,-61.204359,203024.294697,178.688379,204096.762830,58.667203,205071.857536,96.976281,645.811071,-23.002327,644.589812,-143.311620,646.859074,59.974340,-0.004260,1,0
26.767000,-61.262750,205032.354446,178.724317,205707.808930,58.630716,204754.742558,96.632739,650.503549,-23.358775,652.985113,-143.495082,645.679093,59.981523,-0.005341,1,0
26.800000,-61.343115,204211.287121,178.878020,202280.808599,58.612159,203672.799617,96.758763,654.899422,-23.281461,645.198646,-143.565451,647.973587,59.973580,-0.007921,1,0
26.833000,-61.332041,204133.993633,178.573260,203568.160875,58.725324,205956.918069,96.626341,647.358800,-23.302429,652.557402,-143.059447,653.523923,59.977866,-0.008706,1,0
26.867000,-61.357383,204329.571897,178.677150,203637.022339,58.627189,202300.483713,96.964591,649.135124,-23.477226,654.439343,-143.151752,653.488617,59.966989,-0.008340,1,0
26.900000,-61.164470,203641.614626,178.527289,204067.717436,58.603015,203409.850080,97.094922,649.191024,-23.726639,651.253828,-143.629933,650.816470,59.977089,0.003157,1,0
26.933000,-61.203688,205806.221983,178.564416,202144.928909,58.689585,202797.545980,96.685562,646.621462,-23.714456,650.557462,-142.937243,647.534517,59.975225,-0.016564,1,0
26.967000,-61.560725,202715.121658,178.588601,203414.520696,58.718337,203937.306532,96.149293,651.009625,-23.596283,653.986896,-143.424052,647.650160,59.973329,0.000020,1,0
27.000000,-61.296676,203692.874994,178.753227,203133.381961,58.526375,203873.407516,96.748591,653.594335,-23.419724,647.965520,-143.084576,650.226603,59.978554,0.008228,1,0
27.033000,-61.487930,202966.486389,178.806941,201181.353463,58.488194,202475.240063,96.491740,649.626106,-23.139144,650.792181,-143.720847,648.929988,59.976683,-0.000044,1,0
27.067000,-61.515312,203116.604884,178.550722,204228.232067,58.749332,202276.744980,96.409878,642.176374,-23.642540,650.270206,-143.451355,642.446985,59.977833,0.002794,1,0
27.100000,-61.354815,203039.952359,178.771309,203211.144478,58.659782,203909.379422,96.660258,646.362934,-22.994247,647.196623,-143.100071,640.483651,59.969420,-0.015581,1,0
27.133000,-61.303466,201522.472509,178.541221,205031.872514,58.668277,203902.093899,96.543338,650.269209,-23.572622,648.442776,-143.288951,651.257987,59.966649,0.004817,1,0
27.167000,-61.459883,203635.623278,178.682176,203853.240754,58.619706,204010.431414,96.244608,643.500980,-23.348477,646.838144,-143.134047,638.928877,59.982772,0.013185,1,0
27.200000,-61.328166,203101.654218,178.809545,202181.423192,58.558504,202189.314539,96.558189,643.420099,-23.339048,650.810973,-143.427359,647.616913,59.970342,0.000552,1,0
27.233000,-61.174256,201569.488288,178.783808,203403.942616,58.742749,202759.656756,96.754801,653.771959,-23.236907,655.921907,-143.324316,643.854246,59.971534,-0.001836,1,0
27.267000,-61.439460,201818.025057,178.735224,201325.109784,58.645697,203233.371219,96.837382,648.200875,-23.412892,644.849317,-143.178439,643.022971,59.970849,-0.002517,1,0
27.300000,-61.107377,201920.970251,178.759673,202502.923115,58.732337,200948.100856,96.631260,646.238518,-23.345038,648.979794,-143.149398,643.959062,59.973091,-0.004216,1,0
27.333000,-61.347466,202105.551509,178.706521,202060.345188,58.690128,203509.224557,96.917501,650.517754,-23.348924,645.518696,-143.471948,640.657894,59.966333,-0.003662,1,0
27.367000,-61.329322,202543.777194,178.517131,201974.215761,58.680846,202877.572655,96.425237,645.436614,-23.632796,648.003770,-143.219911,644.783260,59.975102,-0.007101,1,0
27.400000,-61.086511,202540.920813,178.830881,202644.087338,58.843224,202475.573421,96.943342,644.294668,-22.962001,650.672621,-143.264376,640.993299,59.969861,-0.002324,1,0
27.433000,-61.285731,202175.343055,178.813524,203512.576279,58.823559,203255.398164,96.547563,645.732624,-23.203582,645.433107,-142.893517,648.145973,59.964942,-0.004616,1,0
27.467000,-61.320420,201928.974235,178.749902,202871.524291,58.777641,202286.802755,96.634814,649.069704,-23.109776,652.509123,-143.818591,647.863532,59.968102,0.003495,1,0
27.500000,-61.165217,202411.690201,178.770692,202399.006896,58.724310,202628.933933,97.178030,647.331763,-23.143294,647.328242,-143.207810,648.420173,59.966858,-0.000491,1,0
27.533000,-61.343214,203260.900119,178.734605,203258.615221,58.729724,203776.421026,96.428386,652.575080,-23.197318,647.297946,-143.280011,648.184617,59.971818,0.008018,1,0
27.567000,-61.339605,201560.901368,178.818067,201491.153658,58.690106,202297.290372,96.779156,656.010481,-23.062987,650.190073,-143.572044,657.463416,59.965249,-0.002127,1,0
27.600000,-61.257099,203577.638546,178.877989,202886.088178,58.789960,202550.669217,97.026763,646.314305,-23.136138,642.691885,-143.355502,658.086428,59.961201,0.013959,1,0
27.633000,-61.119322,201334.073832,178.729358,202671.860141,58.623337,203699.696052,96.951154,651.881001,-23.428699,648.519021,-143.309359,659.802154,59.970238,0.010731,1,0
27.667000,-61.250877,203506.310248,178.669343,203670.882348,58.656105,202440.728747,96.559997,649.156830,-23.252608,652.284763,-143.104921,647.611011,59.975482,-0.008195,1,0
27.700000,-61.416554,202833.974412,178.755190,203061.739440,58.807258,201220.158356,96.646492,649.859455,-23.514017,649.831793,-142.987725,658.206992,59.971536,0.003129,1,0
27.733000,-61.140854,201627.476261,178.910667,201951.516014,58.731567,201889.701613,96.919295,648.225771,-22.942025,650.733047,-143.360652,654.384485,59.966298,-0.008038,1,0
27.767000,-61.234061,202975.570939,178.649883,202438.565090,58.615723,202826.157506,97.151091,653.714472,-23.180701,660.574259,-143.595297,653.287252,59.964145,0.006687,1,0
27.800000,-61.185656,203385.196343,178.789841,203280.083970,58.856393,203251.454364,96.821585,652.856545,-23.031455,644.292779,-143.246300,646.966180,59.965138,0.000977,1,0
27.833000,-61.269985,203028.701040,178.836028,201890.649946,58.693605,202097.636764,96.755541,643.754067,-23.339150,650.301604,-143.284842,647.815662,59.963447,0.005878,1,0
27.867000,-61.185874,201510.453264,178.777804,202915.648222,58.880707,202425.380457,96.978754,646.596108,-23.603968,647.919303,-143.187475,648.495122,59.968093,-0.004094,1,0
27.900000,-61.184739,201668.870990,178.770356,202527.155796,58.747259,200763.132450,97.162381,651.871480,-23.385636,650.347386,-143.454063,645.422661,59.954173,0.000005,1,0
27.933000,-61.252084,202836.770539,178.888303,202440.597742,58.746013,202644.875693,96.793074,654.372742,-22.841559,643.481741,-143.118745,646.490614,59.963273,0.000892,1,0
27.967000,-61.176713,201446.368420,178.778288,202658.683128,58.777922,201430.963012,96.967915,648.403425,-23.146054,647.216601,-142.954682,644.602317,59.965298,-0.007559,1,0
28.000000,-61.185713,204163.488910,178.624897,202541.850851,58.851557,202043.358823,96.919902,651.521245,-23.341890,651.652395,-143.223151,652.567284,59.964883,-0.014912,1,0
28.033000,-61.110441,202430.153908,178.916486,202969.570269,58.732270,202693.352080,96.939862,643.723250,-23.210384,651.084983,-143.370999,652.738884,59.963892,-0.006892,1,0
28.067000,-61.265364,202098.283870,178.832104,202899.243810,58.973524,202217.012822,96.669320,650.899056,-22.999439,648.209872,-142.667389,643.287543,59.966772,-0.003829,1,0
28.100000,-61.328860,202754.659524,178.761217,203031.021227,58.860698,200182.648383,96.816133,646.686998,-23.208309,645.854945,-143.329755,645.954668,59.972436,0.001443,1,0
28.133000,-61.145156,204101.104169,178.881359,202254.229436,58.882309,202277.044485,96.722250,646.358349,-23.016745,651.079515,-143.095751,640.655144,59.969266,0.004016,1,0
28.167000,-61.286659,203122.598931,178.929413,202679.682247,58.886635,202519.092912,96.767395,647.127959,-22.928642,641.668233,-143.249911,640.573525,59.972471,0.003413,1,0
28.200000,-61.214436,201611.491223,178.863703,203881.689595,58.806769,202341.945326,96.306627,644.729190,-22.942871,644.946435,-143.414638,644.238586,59.967453,0.007174,1,0
28.233000,-61.284760,203088.645570,178.710618,202015.307230,58.625831,203748.876801,96.843104,647.120870,-23.045754,644.997011,-143.251462,649.212665,59.973440,-0.008163,1,0
28.267000,-61.083933,201806.647856,178.831743,202070.002552,58.887283,202560.283755,96.568014,640.562184,-23.184568,641.496150,-143.242453,651.133497,59.974739,-0.001907,1,0
28.300000,-61.048680,204544.420473,178.734775,203575.755936,58.788145,202767.422207,96.993194,650.930614,-22.972203,643.722938,-143.319309,648.271136,59.973237,-0.000650,1,0
28.333000,-61.208410,202861.525224,178.762848,202154.605601,59.063216,202009.815765,96.955076,645.666129,-23.543727,640.962604,-143.020947,649.359632,59.971261,-0.002326,1,0
28.367000,-61.105358,202428.925156,179.095077,203866.146431,58.815805,201670.672986,97.179459,637.547759,-22.880493,644.376909,-143.276426,642.329023,59.970679,0.006173,1,0
28.400000,-61.049622,203721.417110,178.981914,202759.578492,58.885009,201303.088747,96.978935,645.679769,-22.862844,651.686255,-143.436947,647.391146,59.969546,-0.003405,1,0
28.433000,-61.288850,202709.033572,178.894084,205135.726451,58.818587,202860.514588,96.565198,651.306293,-23.367738,651.979078,-143.373674,647.387632,59.975842,-0.006507,1,0
28.467000,-61.018109,202713.619900,178.729890,203496.460275,59.041324,202248.341062,97.178577,654.281273,-23.250540,647.766626,-143.136497,644.779862,59.977598,0.001790,1,0
28.500000,-61.263001,202956.155219,178.904723,202996.047775,58.840888,203817.701975,96.647396,640.863940,-23.228952,645.285124,-143.225642,646.769569,59.971284,-0.010550,1,0
28.533000,-61.028916,202735.516619,178.620398,202772.302063,58.875098,202999.082878,97.277691,644.226949,-23.570045,647.493834,-143.112618,638.768082,59.975592,-0.011972,1,0
28.567000,-61.099369,203127.818026,178.888300,202015.841921,58.715476,202087.897727,96.632918,646.904080,-22.864717,640.390472,-143.499847,644.504629,59.967434,-0.000755,1,0
28.600000,-61.148827,203798.752920,178.654335,204032.006885,58.909955,203978.785143,96.960235,640.260982,-23.135118,636.112583,-143.053110,643.009485,59.969357,-0.012496,1,0
28.633000,-61.309908,202018.016550,178.667785,202384.428571,58.894907,202239.713683,96.990338,645.174943,-23.312057,639.843213,-143.125903,644.010377,59.966185,-0.001062,1,0
28.667000,-61.198990,202962.737498,178.839732,202854.789502,58.874848,202648.552578,97.041216,646.605417,-23.316848,644.364537,-143.077519,644.183298,59.962253,0.004108,1,0
28.700000,-61.005866,204099.795054,178.696405,202285.747786,59.041871,201541.865001,96.944999,645.804977,-23.381092,644.632498,-143.119870,647.184795,59.963365,0.001894,1,0
28.733000,-61.210044,204146.715077,178.766941,204032.841990,58.637317,202226.766599,96.550385,650.564902,-23.060456,644.409362,-143.387508,648.683561,59.960889,-0.015633,1,0
28.767000,-61.028138,201112.455324,178.733281,201672.919632,58.827184,204180.419866,96.995771,652.526456,-23.522971,643.047118,-143.338245,650.297532,59.966850,-0.000278,1,0
28.800000,-61.202409,205038.467362,178.911222,204554.875510,58.919026,201723.036527,96.852995,653.693184,-23.206487,650.643289,-143.083213,646.500253,59.967532,0.007694,1,0
28.833000,-61.235915,203061.848349,178.853264,203417.407874,58.907595,202050.229673,96.883762,652.824406,-22.994285,645.260765,-143.080805,652.920502,59.967952,-0.005470,1,0
28.867000,-61.081083,202771.042502,178.909775,203044.709104,58.934793,203507.051277,97.218510,657.124954,-23.205624,650.644976,-143.004503,651.102688,59.973148,0.007271,1,0
28.900000,-61.087926,202588.827997,178.814248,204131.554015,58.737990,201392.836542,96.951701,648.439190,-23.102696,651.187919,-143.185630,647.377227,59.958186,-0.013807,1,0
28.933000,-61.123652,202661.037108,179.063836,204435.984036,58.911053,203795.030073,97.043253,647.506015,-22.851778,656.865099,-142.877918,646.834655,59.967825,0.003591,1,0
28.967000,-61.140610,205067.609230,178.989000,204073.379193,58.978132,203728.914689,96.712300,656.246263,-23.092755,647.728888,-143.024075,650.750005,59.965729,0.007772,1,0
29.000000,-61.097944,202290.216459,179.193230,204150.029609,58.778240,202275.664368,97.037159,651.184667,-22.628959,651.977789,-143.118717,652.908495,59.978747,0.002003,1,0
29.033000,-61.022697,203217.100081,179.057038,203404.331130,58.879594,204863.796587,96.957780,653.737384,-22.744611,651.311498,-143.369428,652.956743,59.968339,-0.010091,1,0
29.067000,-61.016228,201831.174571,178.879400,203633.118504,58.863674,202911.190337,96.640415,649.204055,-23.070968,652.369577,-143.041179,649.452589,59.971560,0.012461,1,0
29.100000,-61.050898,203357.062932,178.823430,204384.981796,58.800474,204120.864846,96.989028,651.425463,-23.291192,645.741626,-143.337475,652.104367,59.976652,0.005866,1,0
29.133000,-61.218814,202741.543276,179.051623,202509.252549,58.777699,203531.437370,96.518270,645.821947,-22.616005,649.426572,-143.107444,648.406333,59.978604,0.004348,1,0
29.167000,-61.127703,202687.181031,178.807829,202811.339904,58.760992,204186.064522,96.961786,654.354736,-23.012128,642.865382,-143.119178,640.865487,59.971795,0.001985,1,0
29.200000,-61.107140,202115.354468,178.894106,203482.762989,58.919336,204757.219508,97.021657,639.753984,-23.169876,651.083917,-143.245885,643.077144,59.977229,-0.002306,1,0
29.233000,-61.202950,204672.474300,178.978160,203448.687315,58.839791,203182.484953,96.527128,648.557264,-23.358839,648.505927,-143.124271,648.348040,59.961891,-0.003597,1,0
29.267000,-61.224941,203037.506875,178.771556,203280.741995,58.902388,200985.076415,96.884666,655.513273,-23.641965,648.661409,-143.395973,646.375336,59.969802,0.004190,1,0
29.300000,-61.145455,203051.812825,178.836618,202240.566020,58.637788,202407.636412,97.050585,644.375983,-22.935954,645.702703,-143.442695,650.475959,59.976346,-0.002297,1,0
29.333000,-61.095699,203535.608158,178.814431,204220.574684,58.890600,202218.487400,96.901509,651.592877,-23.308547,643.430302,-143.058571,643.607980,59.971328,-0.001132,1,0
29.367000,-61.243932,203921.612001,178.796758,203211.759957,58.798545,203070.755514,96.805822,642.375193,-23.068247,647.458844,-143.267362,647.795021,59.976025,-0.004002,1,0
29.400000,-61.182448,204545.453716,178.790984,202914.786890,58.878216,202618.349163,96.980100,654.515485,-23.408646,649.071523,-143.313218,648.895495,59.974967,-0.000500,1,0
29.433000,-61.222321,201191.553254,178.997316,204439.159059,58.822948,202666.565794,96.811559,644.660396,-22.781932,650.854185,-143.136147,647.037196,59.976987,0.001678,1,0
29.467000,-61.091152,202735.382024,178.858796,203929.948011,58.936615,203170.566148,97.149419,645.153813,-23.106240,644.588566,-143.206332,648.447019,59.975555,0.005518,1,0
29.500000,-60.794879,203112.329191,178.841112,200348.961414,58.902838,203612.017484,97.294320,649.359785,-23.424892,652.859799,-143.234768,650.582198,59.983670,0.009613,1,0
29.533000,-61.071906,202361.816720,178.944764,201419.288553,58.865299,202406.033479,97.050440,647.172446,-22.966683,645.541342,-143.510668,651.279317,59.979351,0.000255,1,0
29.567000,-61.124080,203708.340532,178.692200,203771.317437,58.944919,203723.938912,96.934120,653.707952,-23.479134,650.282155,-142.943764,645.799343,59.984575,0.000376,1,0
29.600000,-61.229060,203046.414833,178.785135,204154.307559,58.690390,201552.787084,96.808564,646.183211,-23.318443,647.934864,-143.277902,641.272492,59.984000,-0.007628,1,0
29.633000,-61.228934,203324.618308,178.918231,202392.512160,58.906525,204861.762306,96.882230,645.516766,-23.186356,646.029262,-142.944335,649.212006,59.975958,-0.000068,1,0
29.667000,-61.297644,203293.730512,178.921134,202934.955001,58.823829,203304.060928,96.421597,653.108442,-23.496382,656.590620,-143.213419,652.792510,59.984076,0.002416,1,0
29.700000,-61.077664,203789.546662,178.859711,204175.693784,58.985229,201842.469607,97.072015,644.573604,-23.074373,648.928802,-142.904891,652.793330,59.980800,-0.011450,1,0
29.733000,-61.127593,203258.863435,178.840253,204270.274923,58.962084,204687.124865,96.782533,654.787798,-23.044017,652.510742,-142.867774,643.845299,59.972787,0.004236,1,0
29.767000,-61.057299,202531.874953,178.919376,204356.352098,58.824888,203228.433361,96.870435,649.767085,-22.771305,648.951835,-143.329971,647.586806,59.979051,-0.004815,1,0
29.800000,-61.131961,204748.861509,179.012636,202343.702658,58.781949,203200.343926,96.781872,642.825512,-22.890936,645.744982,-143.192805,651.398113,59.975971,0.016896,1,0
29.833000,-61.082610,203036.791862,178.873612,203381.954894,58.905092,203663.922153,96.938360,653.780399,-23.111988,651.582399,-143.052443,649.517483,59.970964,-0.000707,1,0
29.867000,-61.338341,203455.149633,178.878257,203681.519282,58.853403,203418.414397,96.558696,645.305742,-23.105795,641.505883,-143.380029,651.996026,59.968271,-0.005460,1,0
29.900000,-61.260096,202909.582088,178.712774,203300.831187,58.836514,203563.917750,96.596829,642.013624,-22.933895,646.865712,-143.196229,650.565520,59.965106,-0.004873,1,0
29.933000,-61.063104,203331.824983,178.952167,202604.078637,58.838749,203136.525876,96.932192,643.283868,-23.139594,645.606832,-143.385915,642.404624,59.966806,0.000060,1,0
29.967000,-61.162387,203138.289633,178.889416,203376.202721,58.790878,203346.325565,96.730629,652.375792,-23.074250,644.437522,-143.090594,646.804322,59.968478,0.013935,1,0
30.000000,-61.329973,202598.627265,179.076297,205173.095727,59.029149,202471.127472,96.924932,652.080743,-23.120867,643.282498,-142.775454,652.100197,59.971472,-0.009529,1,0
