TIMESTAMP,BUS7_VA_ANG,BUS7_VA_MAG,BUS7_VB_ANG,BUS7_VB_MAG,BUS7_VC_ANG,BUS7_VC_MAG,BUS7_IA_ANG,BUS7_IA_MAG,BUS7_IB_ANG,BUS7_IB_MAG,BUS7_IC_ANG,BUS7_IC_MAG,BUS7_Freq,BUS7_ROCOF,DATA_PRESENT,Event
0.000000,-62.930263,208757.077119,177.328061,208483.015417,57.185333,207663.896444,94.967523,652.518570,-24.684458,654.791244,-144.623700,652.430685,59.954626,-0.013773,1,0
0.033000,-62.771295,208773.773184,177.134944,208854.825348,57.115783,208177.681254,95.395462,661.144271,-24.779112,653.573898,-144.806940,654.657942,59.956405,0.004215,1,0
0.067000,-62.701580,206755.822538,177.151971,208624.208141,57.367481,206754.598082,95.260578,663.582757,-24.841434,662.946829,-144.402418,659.224375,59.951236,0.000477,1,0
0.100000,-62.699443,208077.772279,177.151372,207062.710789,57.238245,207924.656965,95.334920,663.109171,-24.883599,664.489970,-144.910078,658.516473,59.959357,-0.008826,1,0
0.133000,-62.630722,208745.067063,177.281144,207041.631098,57.213751,207267.753428,95.526839,662.162919,-24.938396,657.335194,-144.569249,662.242335,59.950808,-0.001959,1,0
0.167000,-62.853928,207785.250013,177.099929,206476.496985,57.355810,207555.483591,95.258553,660.699862,-25.125656,658.192653,-144.616009,655.899657,59.953662,0.005133,1,0
0.200000,-62.768935,208043.812587,177.212802,207515.702517,57.451443,205907.189978,95.234954,654.597969,-24.762289,658.835078,-144.382676,653.747528,59.966123,-0.004658,1,0
0.233000,-62.782332,208181.704420,177.364531,208183.989568,57.343264,206986.608322,94.987772,656.898426,-24.577588,651.613860,-144.148888,658.225586,59.949343,0.012146,1,0
0.267000,-62.479973,207436.237142,177.289389,205644.868763,57.214425,207108.921425,95.366633,664.498322,-24.837380,666.160308,-144.893615,649.357125,59.958623,-0.014307,1,0
0.300000,-62.744221,207506.521801,177.260682,208211.308736,57.223401,208072.874252,95.506244,658.023865,-24.788030,655.154552,-144.619994,650.269313,59.949034,-0.006063,1,0
0.333000,-62.590485,207195.527919,177.238369,208254.706167,57.339859,208103.509373,95.355160,652.380106,-24.876818,664.226817,-144.559712,655.497111,59.946350,-0.004670,1,0
0.367000,-62.701438,205069.679210,177.226088,207427.434447,57.500701,208360.137616,95.441589,658.090651,-24.763034,653.801854,-144.559784,653.662537,59.953142,0.002097,1,0
0.400000,-62.681528,208909.117574,177.284224,206473.118032,57.431198,205597.156527,95.510600,655.245296,-24.732848,658.695254,-144.715055,653.337728,59.947021,0.008289,1,0
0.433000,-62.952976,208637.282967,177.236699,207840.849626,57.234233,207296.884678,95.033286,650.508087,-24.827026,657.084095,-144.709503,650.283469,59.948463,-0.004496,1,0
0.467000,-62.601310,207873.420764,177.317837,209152.446518,57.630231,206848.136306,95.586531,658.601478,-24.542719,653.246365,-144.062757,652.372559,59.956170,-0.005058,1,0
0.500000,-62.663427,208059.984148,177.445323,207059.101096,57.249610,207184.441419,95.148659,654.944699,-24.720902,650.661832,-144.594116,652.098689,59.954180,0.008768,1,0
0.533000,-62.594891,208495.241550,177.344961,206727.516435,57.435686,207120.897258,95.160143,650.792207,-24.493605,647.233456,-144.531363,654.746101,59.962232,0.003205,1,0
0.567000,-62.715876,208884.695767,177.267957,208970.975589,57.441842,206565.624425,95.337170,650.304429,-24.586479,652.380843,-144.862219,645.584986,59.947118,0.009985,1,0
0.600000,-62.630320,208216.494383,177.380511,209651.887087,57.543081,208261.694677,95.532278,646.225827,-24.700047,655.975701,-144.514789,645.263052,59.948506,0.002672,1,0
0.633000,-62.500315,207270.894534,177.512314,208508.987778,57.359485,207722.318150,95.569662,651.432525,-24.691067,654.737538,-144.492822,654.745824,59.953138,-0.000512,1,0
0.667000,-62.475073,207346.369032,177.550182,207021.537142,57.458919,207179.082836,95.846759,655.839367,-24.477674,644.998477,-144.706855,651.446234,59.956887,0.000614,1,0
0.700000,-62.641574,208517.050041,177.426587,207014.111457,57.538702,208265.244093,95.519005,654.206316,-24.762499,650.740978,-144.610457,647.646008,59.956299,0.006923,1,0
0.733000,-62.516141,206086.380841,177.479020,208597.434759,57.280328,207467.558747,95.134637,646.953650,-24.389828,649.172047,-144.790898,645.040628,59.955504,0.005978,1,0
0.767000,-62.490443,209247.470654,177.458861,207493.642010,57.271134,205992.385646,95.476268,645.715374,-24.425431,650.029442,-144.765910,647.670213,59.952147,0.003906,1,0
0.800000,-62.854612,206271.747457,177.407516,205266.540802,57.568808,206745.340359,95.345116,651.951975,-24.831508,645.693520,-144.832993,647.943832,59.959239,0.002009,1,0
0.833000,-62.660026,207729.629480,177.417024,208313.307060,57.334280,205145.525133,95.439295,653.066462,-24.751928,650.040459,-144.760218,655.282865,59.953904,0.008202,1,0
0.867000,-62.537290,207816.737808,177.547942,208142.830517,57.490355,207426.075553,95.116207,645.706994,-24.228562,652.595522,-144.404653,651.044309,59.951382,0.005518,1,0
0.900000,-62.567160,207473.742209,177.212783,207761.167327,57.368132,207692.547461,95.414204,655.151589,-24.468547,653.394677,-144.530314,646.819497,59.958641,0.002046,1,0
0.933000,-62.565808,206109.904727,177.416415,208057.173176,57.410890,207797.808163,95.370897,653.469995,-24.320584,650.663385,-144.387098,650.495335,59.949211,-0.010677,1,0
0.967000,-62.669114,206901.141879,177.531979,206833.906549,57.605327,206453.200981,95.674642,659.045436,-24.207691,657.654874,-144.154073,649.630156,59.958650,-0.003154,1,0
1.000000,-62.396275,207160.735370,177.381837,206706.202394,57.523281,206059.703633,95.483822,650.460826,-24.319623,650.302575,-144.330314,657.731127,59.954878,-0.015686,1,0
1.033000,-62.312459,205633.223970,177.572851,208210.894231,57.502496,206003.533940,96.022019,649.883750,-24.401906,657.962259,-144.466634,653.534766,59.958279,0.000177,1,0
1.067000,-62.426893,208358.395613,177.530706,206733.998472,57.460650,206516.906955,95.401818,645.540485,-24.916817,646.895558,-144.524555,643.960498,59.946313,0.007029,1,0
1.100000,-62.604268,205720.550960,177.426104,208231.764809,57.458648,207339.386523,95.179775,651.825807,-24.672135,660.384860,-144.029900,651.371078,59.955486,-0.002477,1,0
1.133000,-62.598879,206954.756484,177.564997,206628.340852,57.463805,206650.761326,95.280881,651.146615,-24.703421,650.687593,-144.460601,648.101177,59.956434,0.004820,1,0
1.167000,-62.561872,207760.189077,177.521955,207211.730410,57.310514,205367.664497,95.500886,655.690606,-24.404092,650.919024,-144.561247,651.043217,59.955313,0.010909,1,0
1.200000,-62.513199,207381.574717,177.542090,206719.321503,57.416089,206526.947217,95.267845,647.670312,-24.314381,646.579019,-144.589184,652.798057,59.958426,0.007720,1,0
1.233000,-62.578462,207306.458355,177.442271,206068.839025,57.502418,208188.494929,95.383223,648.670152,-24.582107,648.297299,-144.387278,651.086875,59.962557,0.001563,1,0
1.267000,-62.596129,208181.038598,177.541272,208009.200000,57.641448,206935.051677,95.429284,648.732049,-24.491790,651.521686,-144.193316,642.766259,59.952630,-0.010768,1,0
1.300000,-62.658520,206751.603614,177.598742,207970.085704,57.609701,206218.555358,95.182894,651.861943,-24.524910,646.872100,-144.538372,648.659595,59.961225,-0.007522,1,0
1.333000,-62.413726,207867.192969,177.425634,207755.234252,57.509011,207500.541959,95.854614,645.391857,-24.288464,650.255916,-144.281946,644.001955,59.955991,0.010653,1,0
1.367000,-62.507244,207883.917026,177.485246,206478.348328,57.745810,206900.237582,95.345202,647.605935,-24.465438,648.715663,-144.399504,647.300858,59.967768,0.000558,1,0
1.400000,-62.419231,208241.404141,177.624174,207154.375660,57.491964,206812.642187,95.593852,642.897607,-24.572705,641.560234,-144.376742,647.931139,59.965925,0.000725,1,0
1.433000,-62.532408,206322.056610,177.556851,207263.458532,57.376880,208172.397018,95.256293,646.313614,-24.667681,645.543784,-144.672659,646.954044,59.964692,-0.011871,1,0
1.467000,-62.398174,205924.811283,177.686985,207003.272502,57.644206,207832.984169,95.303252,650.664271,-24.335543,648.927322,-144.226433,650.938135,59.963424,-0.000687,1,0
1.500000,-62.382098,208207.909891,177.620312,206600.889603,57.735630,208127.161246,95.784961,651.110664,-24.361697,649.307443,-144.164031,649.853190,59.959703,-0.007506,1,0
1.533000,-62.442539,208709.428747,177.585613,205059.703046,57.461706,207705.627519,95.799317,646.690202,-24.167987,653.336237,-144.209825,651.345132,59.959855,-0.008988,1,0
1.567000,-62.409259,207420.483531,177.734047,207528.994260,57.687784,207462.451717,95.543309,645.445734,-24.211738,652.802904,-144.188877,644.753403,59.962355,-0.002200,1,0
1.600000,-62.475382,207523.840851,177.594357,207999.781317,57.723111,207552.321768,95.604110,650.867708,-24.412435,640.120905,-144.437316,647.570560,59.958245,-0.004466,1,0
1.633000,-62.339580,207244.038719,177.611036,208030.307257,57.683775,207906.044204,95.908951,643.337641,-24.400095,639.885754,-144.115263,641.538590,59.959538,-0.004464,1,0
1.667000,-62.508126,207522.522831,177.699750,207741.767154,57.641384,206932.753921,95.345522,642.326712,-24.392968,641.585921,-144.421239,640.232445,59.959403,0.012640,1,0
1.700000,-62.388003,206757.527864,177.684561,206188.872726,57.525916,208349.622971,95.508730,637.220753,-24.410914,649.219958,-144.472333,642.522321,59.954088,-0.001344,1,0
1.733000,-62.367079,207061.975704,177.468014,206079.802810,57.444585,206179.053613,95.835269,647.230511,-24.477727,648.311342,-144.651309,648.599159,59.951442,-0.024606,1,0
1.767000,-62.482009,208220.494663,177.468900,206784.150021,57.503799,205655.754039,95.533910,638.864302,-24.523285,646.445236,-144.516441,638.239383,59.957648,0.004064,1,0
1.800000,-62.468465,209217.413661,177.477187,208789.669772,57.505930,206155.843821,95.389302,643.455716,-24.566894,649.916360,-144.215840,645.959081,59.953814,-0.015651,1,0
1.833000,-62.320359,206735.990725,177.738189,208205.080766,57.501947,206983.435315,95.614012,645.145784,-23.987204,644.199810,-144.820214,642.982498,59.957601,-0.000334,1,0
1.867000,-62.257371,207382.991417,177.468792,207572.616847,57.665377,205455.176163,95.923700,641.202465,-24.630074,649.376308,-144.587737,651.411803,59.953311,-0.004754,1,0
1.900000,-62.485097,207858.446054,177.500202,207648.928822,57.642282,207198.436272,95.586211,644.427114,-24.616572,645.547592,-144.625393,641.482042,59.956489,-0.006161,1,0
1.933000,-62.313979,208016.691214,177.616497,207324.640310,57.611266,207372.579931,96.017695,645.274798,-24.235375,644.683286,-144.732894,644.027369,59.953450,0.000785,1,0
1.967000,-62.511573,208332.483889,177.747626,209129.926862,57.597902,208017.820242,95.336218,649.267863,-24.280229,639.248063,-144.344801,649.459273,59.961740,-0.009301,1,0
2.000000,-62.460943,207537.116819,177.701471,206494.742779,57.584504,207438.658953,95.772944,647.176917,-24.465030,644.596632,-144.134817,649.203581,59.956510,-0.009580,1,0
2.033000,-62.350042,208267.970513,177.660134,208560.327845,57.780615,206565.380262,95.573612,645.663403,-24.451575,635.032446,-144.303590,643.526803,59.960466,-0.001234,1,0
2.067000,-62.316336,208481.599413,177.642432,207325.477751,57.689359,208860.492107,95.709141,644.509318,-24.370627,647.940507,-144.149988,638.228111,59.954559,-0.006323,1,0
2.100000,-62.437781,208877.671417,177.761396,209181.878552,57.504612,207990.841100,95.476734,644.594719,-24.313566,648.122689,-144.592541,645.996267,59.957832,0.003577,1,0
2.133000,-62.314854,208358.552061,177.583651,207172.453753,57.661039,208527.245063,95.729665,642.665269,-24.396867,642.232417,-144.410476,639.896330,59.958314,-0.004790,1,0
2.167000,-62.289506,209766.974474,177.439544,207449.895730,57.666777,207256.682599,95.581303,640.180880,-24.782889,635.391705,-144.314752,643.025035,59.952822,-0.016739,1,0
2.200000,-62.269678,207805.257855,177.627587,207872.670329,57.673416,206560.981696,95.350767,645.056448,-24.462986,633.297226,-144.188438,639.792681,59.963111,-0.008774,1,0
2.233000,-62.304932,209322.301786,177.725405,207414.899311,57.603797,207834.067227,95.886917,643.743710,-24.391176,638.441905,-144.575549,638.294182,59.960361,0.003174,1,0
2.267000,-62.404657,208576.736995,177.755106,208893.545025,57.619768,207783.515038,95.249713,645.985480,-24.190537,642.000149,-144.552941,640.763596,59.959685,-0.011282,1,0
2.300000,-62.266479,209329.759098,177.574130,208043.189447,57.592998,208601.604697,95.861441,647.283871,-24.749931,640.612671,-144.198672,638.017029,59.961922,0.011796,1,0
2.333000,-62.231551,207130.041036,177.737279,206943.939156,57.664803,207308.002627,96.155297,647.287423,-24.353725,643.948413,-144.343497,640.366153,59.953728,-0.004711,1,0
2.367000,-62.301634,207912.753462,177.823557,206918.675367,57.623444,206983.419743,95.866311,647.291616,-24.140173,641.246970,-144.034706,647.664387,59.955572,0.008326,1,0
2.400000,-62.327626,208158.727783,177.607874,207367.022563,57.558678,206981.051548,95.456905,641.301372,-24.316189,638.314453,-144.660686,647.074652,59.949726,0.008280,1,0
2.433000,-62.632865,207320.964564,177.655398,209569.867324,57.638415,207260.217591,95.048304,648.223272,-24.286180,640.564264,-144.697500,639.834590,59.948424,-0.002865,1,0
2.467000,-62.419793,206820.673870,177.744784,208147.780506,57.593476,208414.156779,95.371568,644.783155,-24.040274,646.662587,-144.611710,641.827300,59.954158,-0.003418,1,0
2.500000,-62.298411,209040.077776,177.629652,207241.222163,57.641604,207825.367720,96.045377,643.301829,-24.494108,650.958694,-144.713127,644.103223,59.949021,0.005524,1,0
2.533000,-62.578391,208837.945716,177.436449,208877.992353,57.689752,208391.624218,95.507031,648.054650,-24.435712,652.095041,-144.388248,645.348755,59.957416,0.015485,1,0
2.567000,-62.516138,207656.543401,177.585841,208141.097896,57.641704,207381.630716,95.191426,648.557592,-24.211536,641.915261,-144.172591,643.159784,59.958054,-0.003295,1,0
2.600000,-62.391139,208737.149838,177.547013,208577.498601,57.600005,206636.842792,95.458928,645.031430,-24.328901,645.617444,-144.385926,643.642646,59.959164,-0.003281,1,0
2.633000,-62.365150,208272.827683,177.485161,207348.239426,57.664899,207242.449410,95.290239,640.627696,-24.569209,645.331051,-144.128814,646.059056,59.952729,0.005762,1,0
2.667000,-62.464004,209179.797044,177.726542,208282.596461,57.548730,209060.275151,95.288267,643.457485,-24.409339,647.377276,-144.626374,652.856692,59.956282,0.000839,1,0
2.700000,-62.353156,207718.813970,177.590366,208758.315740,57.693093,207250.462594,95.492258,650.145424,-24.285166,644.458891,-144.162146,649.763110,59.954228,-0.002606,1,0
2.733000,-62.513819,209176.291473,177.438488,208238.381725,57.478348,207926.669600,95.852377,647.805867,-24.465333,641.813220,-144.779500,643.417989,59.956646,-0.004228,1,0
2.767000,-62.451205,208542.894855,177.606897,208504.004429,57.749596,208652.998526,95.484417,644.774763,-24.223837,646.262638,-144.137305,647.059779,59.963108,-0.005460,1,0
2.800000,-62.514326,209616.010874,177.760955,207821.774852,57.714665,208548.145083,95.640688,646.219825,-24.225375,645.376856,-144.386059,642.152262,59.959441,0.007540,1,0
2.833000,-62.339576,207914.162175,177.382414,210086.909313,57.535517,207350.815897,95.815472,640.075467,-24.904756,639.305086,-144.146554,631.927828,59.961964,0.006165,1,0
2.867000,-62.325188,206775.155500,177.702262,207677.878826,57.731379,209645.276342,96.026799,639.408682,-24.309092,640.665181,-144.293933,638.257445,59.962369,-0.015368,1,0
2.900000,-62.293792,208227.914248,177.623731,209586.655592,57.659039,208554.539434,95.552520,640.032227,-24.764795,642.186610,-144.099362,631.811514,59.965170,-0.003857,1,0
2.933000,-62.191175,210131.904190,177.691843,207876.935136,57.782814,209018.582343,95.641564,643.634853,-24.560384,646.664923,-144.347706,642.057022,59.961320,0.003063,1,0
2.967000,-62.473587,208360.368779,177.559920,208108.054020,57.768763,208693.430228,95.302911,639.971169,-24.505426,635.839924,-144.132429,639.894995,59.959874,-0.010810,1,0
3.000000,-62.346786,207995.761878,177.518452,209737.527923,57.625390,209240.801092,95.574791,634.592469,-24.420666,635.342433,-144.364711,640.178789,59.963691,-0.002757,1,0
3.033000,-62.365554,205969.106489,177.524385,208398.966157,57.542566,208099.651643,95.733327,638.409212,-24.457647,636.344498,-144.151422,639.516657,59.962917,-0.001467,1,0
3.067000,-62.383352,208500.566141,177.678308,207560.145735,57.647848,208664.471821,95.591275,644.181750,-24.186236,633.555254,-145.035416,645.370139,59.952817,0.007035,1,0
3.100000,-62.258749,208252.015419,177.547151,208458.086469,57.554868,208040.271333,95.790244,635.706473,-24.396074,640.788802,-144.429374,631.966707,59.955444,0.014277,1,0
3.133000,-62.306177,208591.090105,177.654975,207605.588076,57.586057,207990.804320,95.612741,643.633781,-24.555260,636.402631,-144.451665,636.608079,59.958159,-0.000376,1,0
3.167000,-62.437964,206753.860829,177.650882,206067.905133,57.540886,209035.955608,95.567292,642.331878,-24.620314,640.271018,-144.429625,645.846978,59.960742,-0.016879,1,0
3.200000,-62.410481,207916.636770,177.595835,207456.174456,57.835918,207267.043950,95.797623,644.950388,-24.544054,644.502744,-144.375916,639.497055,59.968871,-0.003149,1,0
3.233000,-62.313971,207860.835714,177.766186,208753.247041,57.460786,208295.698678,95.910534,634.123473,-24.117815,638.162786,-144.457383,641.845679,59.968442,0.003848,1,0
3.267000,-62.286429,208069.524432,177.377227,207960.538044,57.645745,209249.134323,95.963978,640.355352,-24.697577,636.591669,-144.489998,635.879782,59.961742,-0.007200,1,0
3.300000,-62.376969,207168.348847,177.480961,207151.612474,57.567195,207904.741689,95.626489,641.784260,-24.494602,630.520475,-144.752319,642.990906,59.963553,-0.003316,1,0
3.333000,-62.606487,209840.564601,177.503939,206921.788731,57.521295,209541.461102,95.270936,632.381807,-24.398900,642.106664,-144.340836,638.535255,59.967092,-0.002733,1,0
3.367000,-62.519652,208895.469223,177.557740,209006.860556,57.457545,206696.063218,95.372041,631.750701,-24.197986,636.265502,-144.569367,642.581647,59.972286,0.003472,1,0
3.400000,-62.294719,209279.316386,177.550929,209317.335303,57.538252,208962.644510,95.852210,639.897307,-24.311923,637.915614,-144.367126,629.080814,59.960964,0.000911,1,0
3.433000,-62.413620,207761.355050,177.741357,207438.623428,57.704399,207403.835384,95.590517,635.711344,-24.083284,643.375338,-144.560773,634.725070,59.951640,0.001349,1,0
3.467000,-62.343187,208895.063363,177.730546,208123.702837,57.686189,207340.016496,95.477538,643.002270,-24.408572,637.653321,-144.189234,637.193058,59.956603,-0.000289,1,0
3.500000,-62.460591,207941.174601,177.613689,208247.389120,57.665439,207102.777642,95.165314,636.596396,-24.287656,642.453824,-144.453212,639.857589,59.954926,0.010381,1,0
3.533000,-62.505336,208982.963452,177.478904,207991.379455,57.516708,207228.643298,95.431365,641.235502,-24.443480,641.507972,-144.640711,636.087887,59.956431,-0.003532,1,0
3.567000,-62.513074,208015.227208,177.644998,208599.255978,57.694571,207559.992177,95.526363,636.919580,-24.356298,637.883209,-144.317337,636.297870,59.957227,0.008988,1,0
3.600000,-62.403909,208888.423787,177.745548,209496.858717,57.517032,205749.274275,95.712165,640.280557,-24.146021,639.487377,-144.602345,635.639059,59.957903,-0.000866,1,0
3.633000,-62.648829,206073.910325,177.635619,208217.637155,57.652201,207169.118504,95.189504,647.489694,-24.454148,635.314419,-144.084498,644.561349,59.959461,0.002006,1,0
3.667000,-62.570287,207952.099726,177.489511,207893.875516,57.499962,207865.734250,95.475294,639.332116,-24.909843,636.458768,-144.558762,634.900267,59.964567,0.001492,1,0
3.700000,-62.495851,207144.744645,177.468448,208845.672653,57.540448,207656.793899,95.476827,643.237075,-24.426378,636.978856,-144.436863,642.670106,59.955517,0.000173,1,0
3.733000,-62.488626,206847.518932,177.507565,205612.883336,57.543631,208309.530469,95.540076,641.111702,-24.740966,645.262343,-144.437091,642.070542,59.960812,-0.001432,1,0
3.767000,-62.579389,207578.292380,177.484804,206717.080929,57.513164,207576.544934,95.438057,641.211209,-24.192730,640.139250,-144.445360,639.732797,59.958279,0.000393,1,0
3.800000,-62.418657,208795.561457,177.503349,206301.310098,57.459139,210364.219085,95.515857,637.798211,-24.488643,645.950927,-144.137985,636.476634,59.954275,0.004842,1,0
3.833000,-62.545866,208756.023367,177.537083,206752.668196,57.480228,208475.796049,95.630370,639.689106,-24.437594,640.729013,-144.830466,639.595729,59.959506,-0.005632,1,0
3.867000,-62.302284,206654.996349,177.454650,207763.037519,57.327057,206202.750087,96.057796,639.466918,-24.738033,642.481874,-144.645385,634.914108,59.971109,-0.011190,1,0
3.900000,-62.567367,209016.307042,177.576340,207733.358565,57.621117,209999.111477,95.784124,644.874340,-24.310088,643.885885,-144.498898,644.644600,59.961308,0.008986,1,0
3.933000,-62.526084,208997.138665,177.642864,207980.486072,57.594012,209005.289327,95.477844,644.311247,-24.380508,646.016943,-144.518332,640.835605,59.961851,0.001913,1,0
3.967000,-62.379237,209001.141226,177.335901,207068.470584,57.629181,207596.919911,95.677751,641.518134,-24.719771,643.793398,-144.384888,643.085178,59.969413,0.019428,1,0
4.000000,-62.377888,207323.051508,177.622008,208192.501067,57.395333,207676.555821,95.525956,644.266604,-24.386909,634.939290,-144.725362,639.528225,59.964602,0.003740,1,0
4.033000,-62.678361,208249.603373,177.503346,208653.988122,57.485714,208260.906538,95.306827,641.612386,-24.363027,648.269895,-144.212060,643.934974,59.963784,-0.004224,1,0
4.067000,-62.624767,209543.721450,177.488570,207962.318746,57.353884,208981.631337,95.486104,643.534933,-24.522983,653.666703,-144.718794,638.422600,59.963808,-0.002097,1,0
4.100000,-62.694550,208520.531919,177.482369,208614.304321,57.584996,206599.077925,95.297915,650.108573,-24.390838,651.684738,-144.391897,643.860817,59.962597,0.006801,1,0
4.133000,-62.476736,206560.174804,177.644668,206397.408232,57.288920,208393.673462,95.588506,644.262003,-24.190346,645.842615,-144.914434,646.263934,59.962744,-0.010554,1,0
4.167000,-62.425389,208956.328480,177.552524,208512.112140,57.520225,207837.369405,95.399988,648.725993,-24.621139,643.969775,-144.330861,648.187971,59.955887,-0.002175,1,0
4.200000,-62.570750,208318.741055,177.495650,208661.098878,57.343817,208958.952884,95.275682,648.352555,-24.534959,640.585538,-144.681116,638.982853,59.959087,-0.000589,1,0
4.233000,-62.390052,207433.335871,177.424629,207086.320222,57.620470,207721.445825,95.808273,638.634412,-24.849424,644.984169,-143.941968,646.082452,59.962766,0.007742,1,0
4.267000,-62.382749,207909.368287,177.431782,207954.167969,57.495558,207842.157086,95.764275,640.858876,-24.747381,651.722635,-144.588819,649.562830,59.964432,0.000713,1,0
4.300000,-62.520418,210014.388417,177.580333,207969.297526,57.484114,207407.128004,95.529123,645.047720,-24.439247,636.264768,-144.618863,652.398874,59.958926,-0.006993,1,0
4.333000,-62.460494,206403.494640,177.508749,206541.308287,57.477719,208756.791982,95.810307,643.319295,-24.570073,647.841430,-144.584793,645.907681,59.964858,-0.003512,1,0
4.367000,-62.478745,207903.453333,177.504300,207710.198031,57.534450,209147.245157,95.261166,644.587925,-24.432229,647.406271,-144.531366,642.735232,59.965647,0.006075,1,0
4.400000,-62.601690,209152.477914,177.449892,208517.612967,57.312317,207415.113209,95.501136,652.429039,-24.498858,645.752541,-144.673938,650.691695,59.965699,-0.010641,1,0
4.433000,-62.497415,208273.573931,177.433319,208728.362826,57.511127,207717.411120,95.565039,648.980097,-24.631441,647.914870,-144.330669,649.668747,59.971209,-0.000785,1,0
4.467000,-62.586755,208330.888285,177.486276,207811.965515,57.475329,209148.592136,95.443419,643.098824,-24.711615,653.915385,-144.487857,649.040280,59.965356,0.000111,1,0
4.500000,-62.486062,205804.933695,177.417385,208553.617530,57.233177,207259.235199,95.591036,650.958363,-24.320661,652.018039,-145.149246,651.484613,59.967032,0.006366,1,0
4.533000,-62.467758,206966.992964,177.403640,209179.961559,57.562133,207648.383577,95.798936,649.181186,-24.483949,649.250017,-144.467795,646.155383,59.965609,0.003242,1,0
4.567000,-62.663048,208002.779443,177.412135,208239.396897,57.454179,205065.983793,95.552237,650.152607,-24.817923,656.776838,-144.502683,653.041922,59.959062,0.010744,1,0
4.600000,-62.380809,207418.760601,177.128823,207367.271116,57.467110,207765.410524,95.366957,651.139918,-24.736129,652.399339,-144.547968,648.458968,59.972964,0.008701,1,0
4.633000,-62.570829,207499.923014,177.334250,208073.504840,57.210671,208206.850173,95.443180,653.526581,-24.530406,656.655875,-144.405850,653.083579,59.956604,-0.003166,1,0
4.667000,-62.537926,208003.952510,177.511672,207424.624038,57.357400,207427.165228,95.489055,649.795889,-24.587592,644.171884,-144.495579,653.930619,59.968852,-0.000047,1,0
4.700000,-62.592408,208281.905026,177.373417,208354.387217,57.317411,205791.543380,95.231278,658.174915,-24.299644,656.149182,-144.592311,652.260508,59.966439,-0.003973,1,0
4.733000,-62.510217,207231.048888,177.390371,206221.054147,57.447001,208832.226967,95.346909,656.466471,-24.366399,654.448725,-144.844014,658.164129,59.967895,-0.002191,1,0
4.767000,-62.508956,207435.893974,177.412963,207494.621111,57.394548,208798.290865,95.398206,653.241971,-24.573356,651.916751,-144.382735,655.159865,59.964003,0.000829,1,0
4.800000,-62.661215,207631.820196,177.422578,207805.797373,57.461803,207646.711998,95.093469,650.752792,-24.325628,655.117500,-144.561459,653.838353,59.965364,-0.000415,1,0
4.833000,-62.737565,207901.734241,177.475147,207619.869541,57.471797,208794.621650,95.458604,654.507570,-24.443241,653.654804,-144.569580,651.140943,59.963725,-0.011793,1,0
4.867000,-62.541984,208426.399805,177.471446,206144.535315,57.455835,208722.721391,95.590160,652.282226,-24.507155,649.986197,-144.485899,658.318063,59.956307,-0.007751,1,0
4.900000,-62.513914,207703.200769,177.551810,208363.362779,57.356048,208935.085808,95.432842,661.184632,-24.416237,656.318993,-144.640667,659.297518,59.954835,0.001023,1,0
4.933000,-62.518706,207806.116537,177.477412,207624.865065,57.507903,206839.131552,95.122625,652.342683,-24.620729,658.817610,-144.761877,661.613788,59.954056,0.008621,1,0
4.967000,-62.467193,208079.598108,177.444297,207322.449950,57.601608,208223.131249,95.380255,656.457933,-24.384616,653.943881,-144.736061,655.873989,59.961187,-0.006298,1,0
5.000000,-62.449348,208436.998660,177.559550,210885.965325,57.546534,209991.843849,95.252685,661.140794,-24.385265,672.893838,-144.721058,652.629661,59.959397,0.006396,1,0
5.033000,-62.552476,209028.847663,177.480839,207717.399263,57.626424,205409.473590,95.184362,664.533974,-24.460394,658.908539,-144.168868,651.286238,59.959023,0.003961,1,0
5.067000,-62.412254,207347.305186,177.880589,206863.704736,57.474746,209921.892119,95.259777,653.450259,-24.001112,650.211052,-144.289676,662.542384,59.968566,0.010263,1,0
5.100000,-62.489178,209147.451398,177.326405,207373.778420,57.610764,207224.642553,95.322791,661.433227,-24.779017,650.567743,-144.087349,657.800471,59.964507,-0.008307,1,0
5.133000,-62.500414,206823.173987,177.551375,207972.631590,57.581537,206574.543557,95.488718,649.993134,-24.397815,663.896353,-144.252508,651.454367,59.961854,-0.002270,1,0
5.167000,-62.425803,208338.262660,177.463142,208332.734753,57.755739,208137.081354,95.410293,654.773267,-24.374253,655.405899,-144.178231,650.997382,59.965462,0.013595,1,0
5.200000,-62.513770,206648.311459,177.565923,208306.214983,57.414823,206731.804026,95.532565,662.101558,-24.795027,651.680842,-144.415054,664.839439,59.963762,0.000227,1,0
5.233000,-62.469571,207573.530421,177.614567,206703.505694,57.547247,205774.344487,95.611104,663.056900,-24.434023,656.874073,-144.422657,657.358774,59.954549,-0.010323,1,0
5.267000,-62.426912,207596.199467,177.524715,207569.041580,57.488466,208470.266764,95.913141,658.277318,-24.350594,658.353334,-144.567868,657.511564,59.965504,-0.006354,1,0
5.300000,-62.234725,207757.108466,177.679217,206497.148603,57.583147,204729.778044,95.503106,654.603109,-24.449363,660.394123,-144.520933,659.056799,59.962303,0.000653,1,0
5.333000,-62.530346,207464.705892,177.655092,206767.323111,57.534459,207278.674074,95.286721,661.174007,-24.302277,656.684123,-144.227410,659.755132,59.967909,-0.001331,1,0
5.367000,-62.370794,208785.059075,177.602034,206912.379018,57.662903,207009.494758,95.579123,660.173728,-24.279043,659.655694,-144.444427,656.618427,59.960168,-0.000073,1,0
5.400000,-62.458996,208812.156613,177.595611,206615.391254,57.893483,206713.041765,95.365796,661.747898,-24.649539,657.780001,-144.347368,657.566696,59.964521,0.006501,1,0
5.433000,-62.301992,206950.961462,177.431092,206054.688175,57.612904,207389.091778,95.606159,663.051078,-24.599276,657.977176,-144.658447,661.859419,59.970593,-0.005289,1,0
5.467000,-62.642507,209019.810694,177.666742,209636.981067,57.613444,206669.535882,95.247418,660.210715,-24.165795,662.991053,-144.247375,659.068322,59.967852,0.004627,1,0
5.500000,-62.593020,208587.459602,177.477728,206410.514443,57.496841,207894.379807,95.433872,663.402033,-24.468556,662.994584,-144.674483,663.959233,59.954534,0.002311,1,0
5.533000,-62.476331,206989.985403,177.799571,206818.882285,57.547183,208776.743065,95.628626,658.237515,-24.092645,655.279187,-144.411960,660.709576,59.968469,0.000777,1,0
5.567000,-62.324088,206903.242196,177.552672,207015.824206,57.695073,207492.908927,95.723792,665.556426,-24.562349,658.271656,-144.106155,667.097671,59.968701,0.013612,1,0
5.600000,-62.313457,207610.604445,177.447912,207789.777600,57.548666,208037.536881,95.714738,662.659504,-24.657278,653.958238,-144.459316,659.831209,59.960603,-0.001642,1,0
5.633000,-62.412254,206671.990764,177.664504,208885.827239,57.461206,207084.872050,95.455388,664.722064,-24.392532,666.586672,-144.457436,664.640930,59.951983,-0.004405,1,0
5.667000,-62.348472,207791.718088,177.771072,208658.024024,57.645440,207326.351071,95.409976,667.997959,-24.126043,668.889383,-144.236513,669.358371,59.958461,0.000137,1,0
5.700000,-62.418700,206840.478081,177.541562,209391.651165,57.707111,207882.671098,95.658836,659.307335,-24.408351,665.919811,-144.222600,663.780635,59.960300,0.004929,1,0
5.733000,-62.445059,208441.986803,177.875164,210503.941863,57.650743,208195.173029,95.596826,664.468107,-24.314324,665.904632,-144.316649,667.594437,59.951112,0.005410,1,0
5.767000,-62.429775,210164.741229,177.573460,208623.102938,57.585697,209458.346990,95.577693,667.657736,-24.451317,663.857439,-144.166046,661.366142,59.950486,0.002202,1,0
5.800000,-62.370430,208699.888189,177.622118,208115.824716,57.497762,207503.816885,95.382431,661.897575,-24.274572,659.585132,-144.148376,661.468335,59.952615,0.007773,1,0
5.833000,-62.338300,208028.130616,177.677838,210480.427180,57.435976,208070.817448,95.447925,658.758863,-24.428390,661.433539,-144.900847,662.859195,59.954116,-0.004125,1,0
5.867000,-62.440652,209262.269143,177.654311,209095.768396,57.774037,207267.973534,95.487573,666.206426,-24.096944,652.134654,-144.390417,660.354797,59.946727,-0.001927,1,0
5.900000,-62.321252,208661.121646,177.538797,208773.084679,57.500418,206106.479405,95.513456,655.099779,-24.599040,663.775201,-144.436710,662.415263,59.946446,-0.001950,1,0
5.933000,-62.408852,206943.042692,177.630798,208351.111356,57.568453,206498.256387,95.797432,668.288347,-24.422564,653.433882,-144.062304,661.167163,59.947659,-0.002259,1,0
5.967000,-62.492930,208579.839666,177.496579,208867.517744,57.655281,207886.550528,95.303227,661.786937,-24.801000,657.708622,-144.575861,660.024044,59.950682,-0.007874,1,0
6.000000,-62.243142,207916.230531,177.606719,207925.032921,57.553836,208505.558912,95.467200,654.110140,-24.322324,655.235016,-144.471714,660.785214,59.954541,-0.009682,1,0
6.033000,-62.464831,207963.146499,177.708391,209189.358010,57.576037,208523.152298,95.710791,653.290308,-23.946422,656.438899,-144.592536,657.741194,59.951993,0.007580,1,0
6.067000,-62.240037,208514.760387,177.432275,208953.886990,57.480066,207842.967092,95.754654,664.387393,-24.609547,649.989908,-144.588877,657.122611,59.943187,-0.003742,1,0
6.100000,-62.408493,208439.446708,177.671316,209322.459051,57.628670,209067.196071,95.382985,653.424775,-24.222180,655.027228,-144.667923,654.371411,59.950972,0.004443,1,0
6.133000,-62.275053,208786.418887,177.580297,209740.658312,57.519850,209427.164183,95.945235,656.773751,-24.579547,651.663839,-144.517085,657.411153,59.947085,0.001003,1,0
6.167000,-62.646726,208030.207479,177.661958,207410.204354,57.581153,208458.211261,95.465521,653.367131,-24.375257,657.431137,-144.459343,658.325028,59.953099,-0.017226,1,0
6.200000,-62.349381,208992.052961,177.722877,208402.360961,57.781020,207511.197226,95.563698,660.719532,-24.309264,658.266909,-144.393293,654.090582,59.958187,0.000221,1,0
6.233000,-62.216483,208717.574615,177.433298,209500.395186,57.632366,209163.674361,95.870762,652.617488,-24.866067,654.208936,-144.648929,655.291757,59.954892,-0.003468,1,0
6.267000,-62.312005,209438.356321,177.589329,209405.470422,57.637152,208690.361695,95.758936,662.206247,-24.433770,659.585196,-144.633303,662.397209,59.952641,-0.001502,1,0
6.300000,-62.404240,208675.515369,177.633246,209064.863079,57.800957,208305.522860,95.782861,657.735283,-24.215254,652.574337,-144.413177,658.556058,59.948796,-0.007321,1,0
6.333000,-62.348109,210543.114579,177.625483,209623.963753,57.687442,209118.957481,95.834302,657.425288,-24.497063,652.605030,-144.126559,648.295065,59.949712,-0.009813,1,0
6.367000,-62.195230,207078.896145,177.589145,208350.187075,57.534837,210198.699269,95.847242,663.154208,-24.121934,658.394992,-144.694858,660.080336,59.957966,0.010990,1,0
6.400000,-62.509300,209900.008390,177.586501,209283.050503,57.696504,209599.761988,95.286122,662.018496,-24.451374,655.535729,-144.095702,658.640262,59.955577,-0.005373,1,0
6.433000,-62.342628,210411.671873,177.693612,208263.754853,57.501977,208800.704646,95.644859,649.172693,-24.650738,665.033630,-144.369999,653.416780,59.953351,0.002204,1,0
6.467000,-62.371278,207613.395064,177.645906,208037.137200,57.726754,207293.862299,95.232855,655.712795,-24.046263,657.244114,-144.377505,661.391570,59.960914,0.014087,1,0
6.500000,-62.355280,208451.714694,177.519743,208448.821582,57.497745,208814.137120,95.714160,656.532251,-24.664959,653.129068,-144.387091,650.526356,59.958084,-0.015746,1,0
6.533000,-62.345307,207687.777626,177.553976,210548.576980,57.658090,209579.426918,95.412500,655.302627,-24.382672,657.704333,-144.393407,657.494350,59.958327,-0.010164,1,0
6.567000,-62.223271,208041.655989,177.635703,208467.906287,57.707511,209229.411738,95.900661,652.178119,-24.556799,652.546645,-144.521613,653.901355,59.964553,-0.005500,1,0
6.600000,-62.203840,208483.389989,177.708334,209502.674798,57.605960,207619.746123,95.750911,651.919408,-23.685959,655.720223,-144.409010,651.290821,59.968057,-0.002790,1,0
6.633000,-62.299448,209686.702768,177.773224,208801.274873,57.668931,209226.836288,95.610775,648.340372,-24.308740,656.803252,-144.178829,659.628388,59.951599,-0.005421,1,0
6.667000,-62.473587,209139.355491,177.811118,208746.632679,57.764359,209187.576542,95.674404,651.451414,-24.012836,651.837910,-144.423497,654.707394,59.954280,-0.010778,1,0
6.700000,-62.420758,210352.655427,177.535347,209568.736034,57.723147,208034.652911,95.484645,656.656251,-24.408590,652.159790,-144.167893,658.918526,59.964576,0.000575,1,0
6.733000,-62.262739,208008.295605,177.722232,209471.597995,58.021786,207137.155115,95.926127,650.593232,-24.330662,644.976730,-143.988698,652.321662,59.960064,0.001525,1,0
6.767000,-62.345726,208736.183474,177.517948,208371.284839,57.540810,208278.061025,95.507477,649.646614,-24.454677,653.087022,-144.318974,652.238304,59.964804,-0.011627,1,0
6.800000,-62.244158,209459.127237,177.812620,209068.429371,57.782273,209355.277943,95.724590,652.072756,-24.387325,657.689155,-144.179613,652.933703,59.956315,0.001257,1,0
6.833000,-62.273288,206717.569985,177.943842,208775.104087,57.689490,206689.501805,95.673841,649.116433,-23.659683,644.095606,-144.005316,648.457957,59.963445,-0.010487,1,0
6.867000,-62.348792,208747.022393,177.821648,210935.582481,57.880384,208852.526137,95.797311,639.973816,-24.145706,648.912158,-143.934165,651.533471,59.964861,-0.006108,1,0
6.900000,-62.247400,209613.065385,177.780410,208862.470986,57.777167,208228.533526,95.921356,654.270172,-24.252049,648.390325,-144.212482,646.757223,59.958678,0.001223,1,0
6.933000,-62.283058,209310.979880,177.763330,210161.541382,57.813872,208878.371086,95.717295,645.819815,-24.252576,648.801992,-144.656113,643.228896,59.956420,-0.003560,1,0
6.967000,-62.325349,208417.512882,177.821310,209409.757218,57.695981,207617.034878,95.531991,656.489118,-24.277134,647.736675,-144.375945,655.181790,59.958852,-0.001366,1,0
7.000000,-62.200256,208873.188004,177.670162,207749.270926,57.854983,207333.596939,95.596190,647.648037,-24.597320,651.948576,-144.361001,648.509536,59.950766,0.005421,1,0
7.033000,-62.313350,208348.894878,177.547158,207580.866324,57.616031,206526.818494,95.645913,648.541128,-24.754125,646.867962,-144.620439,644.206811,59.948654,0.001170,1,0
7.067000,-62.211614,207818.640623,177.803369,209038.306787,57.911816,207981.292474,95.722299,649.525406,-24.259134,649.384641,-143.913789,654.160078,59.960170,0.002685,1,0
7.100000,-62.286571,208752.226513,177.948562,207492.762858,57.688508,208985.172498,95.560480,644.328101,-23.903381,652.173080,-144.065843,656.863182,59.958580,-0.011349,1,0
7.133000,-62.381898,207133.675341,177.716647,207950.610190,57.568609,207493.787756,95.260069,649.910972,-24.112838,649.343690,-144.559975,653.069001,59.962777,0.018552,1,0
7.167000,-62.265591,207787.965477,177.756690,206598.434696,57.634030,206997.345450,95.531995,650.616203,-24.373333,644.696570,-144.224939,650.276953,59.954389,-0.002865,1,0
7.200000,-62.193398,207558.056895,177.787452,208605.594322,57.586959,209074.796638,95.580945,639.287073,-23.833776,659.591419,-144.485101,649.285969,59.955598,-0.001797,1,0
7.233000,-62.278915,208480.822807,177.660952,209851.825874,57.825477,207753.117353,95.692886,646.848112,-24.366812,649.280663,-144.210358,649.572227,59.961861,-0.013169,1,0
7.267000,-62.315010,208412.248492,177.725266,208453.738079,57.722198,207746.226992,95.521900,645.556378,-24.499356,644.529705,-144.502015,645.713407,59.961046,-0.013232,1,0
7.300000,-62.246749,207336.234946,177.549549,209445.586899,57.671834,208531.847919,95.601210,644.321465,-24.488472,649.368919,-144.269334,647.134399,59.954365,0.010625,1,0
7.333000,-62.360103,208760.216616,177.707503,208957.401206,57.848156,206848.608391,95.707634,645.854730,-24.155779,647.257167,-144.141964,645.996524,59.948102,-0.008684,1,0
7.367000,-62.212230,209650.196824,177.700611,208366.031331,57.664302,208424.763076,95.610868,643.535774,-24.286001,653.495135,-144.093726,644.125253,59.957893,-0.007094,1,0
7.400000,-62.476516,208820.452821,177.580983,207225.251261,57.567573,209003.099105,95.888218,649.867536,-24.239066,644.899474,-144.234094,643.087193,59.954208,-0.006697,1,0
7.433000,-62.439984,209317.052129,177.682843,208539.793238,57.844829,209360.534114,95.269212,649.994446,-24.186233,648.258916,-143.826227,647.076123,59.961085,0.002386,1,0
7.467000,-62.238423,208903.394771,177.787266,207854.119582,57.685075,208042.083288,96.018019,652.508131,-24.123549,652.887770,-144.107196,656.745415,59.947882,0.009415,1,0
7.500000,-62.411002,209878.177364,177.498505,209696.314895,57.644640,209185.226181,95.366441,643.245955,-24.286522,653.249934,-144.232808,646.052976,59.961303,-0.010073,1,0
7.533000,-62.251866,209632.266363,177.595646,209573.279955,57.822864,208108.060266,95.903274,649.590851,-24.397058,646.905749,-143.943583,656.409424,59.959851,0.002433,1,0
7.567000,-62.409820,210069.616836,177.629085,209349.936768,57.629322,208106.579271,95.854820,654.003304,-24.580714,651.088414,-144.637565,652.812758,59.951002,0.008156,1,0
7.600000,-62.197138,208781.025872,177.482540,209499.021551,57.578771,210714.557402,95.818870,655.676161,-24.408762,657.696644,-144.522611,656.532935,59.956191,0.003803,1,0
7.633000,-62.320029,208940.885855,177.537864,210996.323075,57.549776,208777.907872,95.844153,660.261944,-24.360957,652.101128,-144.663574,651.923433,59.949471,0.006125,1,0
7.667000,-62.401377,209734.970185,177.728004,207786.978284,57.450207,209570.396968,95.433027,657.479474,-24.162760,647.956006,-144.589054,647.139694,59.949433,0.001773,1,0
7.700000,-62.564279,207429.662872,177.515438,209806.950662,57.579168,207634.966162,95.496525,651.368611,-24.388684,648.437173,-144.414596,654.766932,59.952871,-0.002750,1,0
7.733000,-62.461844,207421.262455,177.494315,209389.230132,57.651506,209118.905168,95.465806,653.610268,-24.691082,653.006997,-144.971953,659.638906,59.955296,0.003870,1,0
7.767000,-62.367256,209219.458940,177.468416,207977.756711,57.590695,208593.197293,95.568883,656.288423,-24.445771,655.527431,-144.278564,655.624017,59.941704,-0.004491,1,0
7.800000,-62.317012,208526.672252,177.546654,208837.624870,57.714052,210744.379631,95.585389,650.246342,-24.597295,653.993925,-144.389302,655.252602,59.950079,-0.006492,1,0
7.833000,-62.407142,208598.441499,177.770469,210360.119994,57.519762,208746.756965,95.775745,656.406634,-24.123018,650.012974,-144.502424,655.288247,59.954313,-0.008852,1,0
7.867000,-62.464785,211848.552885,177.679745,209093.438922,57.629180,208452.956683,95.555186,647.422501,-24.422590,647.476745,-144.190566,651.529442,59.950842,0.011336,1,0
7.900000,-62.489668,209914.758181,177.503592,211806.350199,57.624052,210087.905638,95.504428,651.030724,-24.324586,657.671720,-144.490673,651.193003,59.954220,-0.006128,1,0
7.933000,-62.464037,208106.332198,177.477316,211296.651054,57.556251,209959.640615,95.231511,653.458314,-24.528419,651.915987,-144.584514,655.539102,59.945846,0.006186,1,0
7.967000,-62.503361,210764.664439,177.614614,209601.335567,57.653349,209736.502444,95.539351,648.132211,-24.588715,644.403681,-144.344049,654.051450,59.950232,0.018287,1,0
8.000000,-62.346469,209587.917495,177.689888,209071.987632,57.598725,210707.912136,95.773338,652.165747,-24.570020,657.880122,-144.453388,648.531827,59.944861,-0.001683,1,0
8.033000,-62.157134,210368.871866,177.535087,210083.065723,57.665732,209389.073587,95.945448,654.626700,-24.614764,652.949460,-144.690222,652.372004,59.943358,0.000667,1,0
8.067000,-62.356058,212076.843515,177.578072,211355.925042,57.471765,210983.490629,95.407002,652.387100,-24.338548,654.666339,-144.891587,655.568274,59.947296,-0.000237,1,0
8.100000,-62.555801,210153.488552,177.553228,212927.949289,57.500170,209701.624102,95.341217,648.829607,-24.893376,646.675759,-144.228565,654.017666,59.949197,0.001296,1,0
8.133000,-62.420913,208879.040093,177.503389,210823.825120,57.416421,209953.149449,95.551669,655.051200,-24.844752,649.227819,-144.595805,649.145907,59.952262,-0.003065,1,0
8.167000,-62.343087,209405.391504,177.491173,209650.945127,57.729047,210041.832540,95.655343,653.062882,-24.411247,654.249388,-144.461600,654.327663,59.947446,-0.010040,1,0
8.200000,-62.436555,210912.328958,177.602774,210680.818335,57.733255,208892.595606,95.930405,651.154589,-24.153003,651.078756,-144.388509,655.588040,59.946484,0.000280,1,0
8.233000,-62.296751,210017.228319,177.575608,210136.469503,57.672406,207776.566442,95.825520,657.278367,-24.333828,660.206346,-144.559800,657.942430,59.953162,0.000779,1,0
8.267000,-62.348859,209035.964567,177.616831,209464.123804,57.784687,206587.775032,95.750652,657.094823,-24.369714,657.244156,-144.418248,652.283916,59.947027,0.001445,1,0
8.300000,-62.184731,208790.020100,177.575706,209013.336521,57.577237,211318.153782,95.551018,654.239073,-24.243648,654.401963,-144.691360,656.276620,59.942807,0.002507,1,0
8.333000,-62.240952,210512.870311,177.609762,208854.251967,57.448389,208742.874848,95.824619,651.065484,-24.239103,656.216891,-144.550535,656.910328,59.944793,0.004560,1,0
8.367000,-62.177429,210190.791027,177.494640,209376.810357,57.530869,209306.358034,95.661263,655.917689,-24.062601,652.455193,-144.324643,648.832221,59.942844,0.005970,1,0
8.400000,-62.337262,208831.607563,177.601631,209603.788814,57.484931,209980.371239,95.641042,653.593801,-24.569013,655.896610,-144.822190,657.453928,59.937160,0.000969,1,0
8.433000,-62.343945,210456.215921,177.474932,211472.921188,57.615110,212391.694835,95.683742,654.872641,-24.620918,655.527153,-144.493567,655.214831,59.947273,-0.011339,1,0
8.467000,-62.555507,210015.731533,177.554749,209324.097988,57.499798,208530.403506,95.670055,653.833490,-24.748485,649.935802,-144.386228,659.039461,59.947232,-0.000846,1,0
8.500000,-62.720832,210467.805904,177.572569,210762.488807,57.530501,209323.915363,95.514571,659.544575,-24.148634,651.165069,-144.654474,654.996267,59.949215,-0.000517,1,0
8.533000,-62.567693,210221.040688,177.397772,210051.731662,57.545173,210214.749938,95.586642,653.860594,-24.907311,651.425968,-144.517281,652.050066,59.950277,-0.009835,1,0
8.567000,-62.567420,209306.369521,177.401668,211171.926712,57.291415,210254.665022,95.272578,651.610493,-24.560673,656.156685,-144.600539,656.748877,59.945683,-0.001964,1,0
8.600000,-62.560699,211633.750263,177.396333,210265.162553,57.581256,209252.792736,95.653576,655.516933,-24.327962,648.959188,-144.530697,648.752666,59.944174,0.000546,1,0
8.633000,-62.432263,209676.445737,177.396577,210628.787722,57.650278,208684.915155,95.597160,652.018117,-24.507285,655.320457,-144.204229,653.003964,59.949757,-0.008695,1,0
8.667000,-62.433814,211103.333881,177.478508,211836.820982,57.529374,208788.323877,95.419650,652.308221,-24.807483,655.914614,-144.381529,663.527246,59.941174,0.007977,1,0
8.700000,-62.321338,210859.504269,177.508709,209729.050740,57.647932,210067.495996,95.594020,661.025451,-24.557230,668.028771,-144.293075,659.361061,59.945837,-0.006544,1,0
8.733000,-62.535876,208900.249812,177.545348,209754.396915,57.451899,210816.241479,95.261720,655.487080,-24.633293,656.513527,-144.523410,654.351212,59.950243,0.005154,1,0
8.767000,-62.647586,211299.520497,177.430166,209271.083687,57.627078,211279.317318,95.581581,659.753004,-24.460792,659.899025,-144.194511,655.405535,59.948204,-0.005113,1,0
8.800000,-62.591718,209915.259915,177.667129,210705.318137,57.490882,209007.685560,95.434748,655.164027,-24.812997,659.286827,-144.536220,655.967052,59.946987,-0.006915,1,0
8.833000,-62.606918,211051.932702,177.490320,210842.322882,57.537909,210155.287168,95.610409,657.034801,-24.547177,656.541228,-144.568215,646.685674,59.955341,-0.006163,1,0
8.867000,-62.502426,209398.967826,177.654068,211177.430274,57.652352,210026.810982,95.703849,656.854982,-24.236747,656.291836,-144.312067,655.782108,59.941813,0.004041,1,0
8.900000,-62.404428,210436.937098,177.536373,210398.848442,57.396668,208138.594612,95.290282,660.593255,-24.474150,655.541865,-144.513125,655.031671,59.950307,0.003312,1,0
8.933000,-62.525675,209481.157531,177.321410,210617.528135,57.467662,209307.448778,94.911527,657.757376,-24.540883,655.895920,-144.634544,654.490056,59.962445,-0.004559,1,0
8.967000,-62.531180,210147.739445,177.392668,208936.470647,57.473131,208910.402861,95.524161,649.782267,-24.470104,649.262854,-144.665812,658.363435,59.952045,-0.000160,1,0
9.000000,-62.410373,209968.664060,177.326788,210246.710317,57.521897,208547.132395,95.613898,653.666383,-24.987813,656.735595,-144.538086,663.568040,59.947578,-0.002923,1,0
9.033000,-62.288733,211260.690729,177.673237,210656.193797,57.559876,209445.597493,95.686983,656.209263,-24.074123,652.757847,-144.320395,661.695567,59.948727,0.000043,1,0
9.067000,-62.490511,209061.418600,177.516718,210214.088856,57.659409,208496.890913,95.405985,654.593362,-24.691394,656.563080,-144.362109,653.849441,59.947470,0.000576,1,0
9.100000,-62.424254,210909.864386,177.458640,210344.749031,57.517991,210055.546505,95.328159,653.147190,-24.299567,656.620421,-144.389460,653.629524,59.942878,-0.005656,1,0
9.133000,-62.412691,210999.313792,177.690597,210055.062852,57.553016,209057.153780,95.733715,660.251175,-24.149625,656.172494,-144.597236,658.368805,59.948667,0.000677,1,0
9.167000,-62.508311,207370.654878,177.670396,211212.057548,57.635995,211242.195629,95.548478,662.979890,-24.575142,655.823062,-144.466449,653.392367,59.952834,-0.004100,1,0
9.200000,-62.347421,211119.689059,177.486469,210303.519889,57.676605,208495.899613,95.420750,660.366053,-24.737419,657.126349,-144.250061,654.810305,59.954113,0.006785,1,0
9.233000,-62.524893,209558.776213,177.513681,211837.978285,57.319460,210140.471027,95.580213,659.807284,-24.192704,660.117869,-144.736468,658.162262,59.939480,-0.007970,1,0
9.267000,-62.372562,209864.929118,177.476568,208778.437530,57.582604,209733.330160,95.562430,655.853643,-24.147585,651.183929,-144.367524,659.287117,59.950239,-0.006822,1,0
9.300000,-62.259871,210483.182561,177.523686,209124.243534,57.412567,210862.373672,95.766173,656.461774,-24.348728,655.663408,-144.613423,652.233316,59.942959,-0.009477,1,0
9.333000,-62.528733,210942.723943,177.527235,208575.794268,57.559461,209588.759462,95.641091,663.166086,-24.173301,657.555663,-144.446613,655.052071,59.935360,-0.000220,1,0
9.367000,-62.535001,208701.156305,177.513953,210052.203571,57.492689,208603.377184,95.372235,657.767097,-24.322684,657.092740,-144.305012,664.216362,59.947672,-0.000626,1,0
9.400000,-62.493215,210534.547957,177.540558,208324.750627,57.670462,208041.109626,95.829986,656.087746,-24.412727,661.101057,-144.300219,663.004619,59.947597,-0.003249,1,0
9.433000,-62.471712,209558.145035,177.469766,209434.561010,57.556198,210040.115761,95.458290,661.805297,-24.700788,666.983050,-144.646524,661.441304,59.942848,0.002120,1,0
9.467000,-62.459782,209274.697149,177.517628,210576.860742,57.363489,210925.026269,95.431420,662.883910,-24.299184,655.489944,-144.645097,660.617804,59.952740,-0.000855,1,0
9.500000,-62.376235,210623.902308,177.484353,208968.831742,57.588137,211098.321428,95.803022,664.689214,-24.643549,659.090174,-144.225502,656.499531,59.949458,0.008920,1,0
9.533000,-62.599767,210150.488943,177.764697,210589.423852,57.583762,210407.568060,95.775636,655.147670,-24.244204,659.931253,-144.428678,661.821525,59.945792,0.007485,1,0
9.567000,-62.589342,211370.007747,177.577192,208723.958220,57.436723,208935.746851,95.209613,661.722482,-24.139020,661.018986,-144.699840,661.471596,59.946718,-0.004511,1,0
9.600000,-62.437073,210914.490895,177.532736,209964.594417,57.609441,209734.224865,95.574168,657.663450,-24.508065,657.402590,-144.291389,656.836360,59.942571,0.000448,1,0
9.633000,-62.285573,209771.545774,177.563046,210501.088248,57.621004,209929.885291,95.424869,657.077844,-24.885453,649.519176,-144.304336,658.591768,59.944135,0.004332,1,0
9.667000,-62.233248,210202.779824,177.492514,210518.482478,57.749938,210568.472545,95.636833,655.302232,-24.378846,659.628028,-144.151316,652.959424,59.939843,-0.000920,1,0
9.700000,-62.367424,210236.802204,177.738045,210397.865296,57.526990,210517.697248,95.644274,653.371937,-24.441189,664.075819,-144.400016,660.602430,59.953831,-0.000179,1,0
9.733000,-62.483591,210346.641255,177.371955,210469.936457,57.662363,211409.813175,95.463493,666.982370,-24.592062,658.405422,-144.251700,660.927563,59.947595,-0.001838,1,0
9.767000,-62.399682,208733.677203,177.495003,210384.170991,57.704480,209187.114468,96.025122,663.252653,-24.340322,660.945214,-144.327481,668.575607,59.941130,-0.007515,1,0
9.800000,-62.630476,211002.546017,177.592327,210761.608121,57.481219,210800.145611,95.338661,661.872657,-24.322657,665.038060,-144.434162,656.678891,59.945304,0.011290,1,0
9.833000,-62.679069,210213.209762,177.475610,209616.679692,57.401340,209401.330067,95.238020,665.502155,-24.449062,668.702367,-144.552525,656.729318,59.949484,0.006170,1,0
9.867000,-62.884344,209510.331788,177.355794,209075.683496,57.312708,210225.967021,94.989524,667.593273,-24.800593,667.337655,-144.535149,662.317858,59.949837,-0.009371,1,0
9.900000,-62.516858,209738.829351,177.428930,210241.962032,57.339134,209357.774998,95.655863,661.065088,-24.761107,666.311442,-144.709965,667.660195,59.954548,0.007525,1,0
9.933000,-62.485018,211296.637074,177.311409,208504.875443,57.458104,210141.018730,95.697516,660.934847,-24.367205,664.986050,-144.484922,657.622483,59.949634,0.011982,1,0
9.967000,-62.650119,209742.832394,177.449380,210128.766687,57.437800,209440.993990,95.340352,660.271344,-24.248387,662.891825,-144.838237,662.675371,59.942978,0.005606,1,0
10.000000,-62.661290,211137.264586,177.428913,209747.813837,57.307631,210613.801460,95.119029,663.625188,-24.596533,665.695126,-144.713242,662.841366,59.946868,-0.005523,1,0
10.033000,-62.654401,210617.259925,177.411921,211814.718563,57.535784,210582.692136,95.672659,665.660825,-24.081770,665.816887,-144.673723,665.526440,59.938015,0.008228,1,0
10.067000,-62.675258,210097.894004,177.390859,210557.073842,57.310756,207294.885669,95.565616,665.777264,-24.756262,660.255050,-144.911659,663.807503,59.942061,0.013841,1,0
10.100000,-62.673921,209536.757159,177.339605,210128.356797,57.492175,209564.595552,95.173289,664.253582,-24.575948,668.212191,-144.303545,668.477943,59.947717,0.002175,1,0
10.133000,-62.597799,208951.652890,177.425571,210235.601310,57.300606,208460.905330,95.208677,672.430379,-24.838325,670.595787,-144.653874,663.204741,59.943213,0.003583,1,0
10.167000,-62.621902,209717.440560,177.435038,210455.423601,57.306460,209438.984907,95.655886,664.839785,-24.375412,667.126393,-144.807827,671.238547,59.946896,0.003009,1,0
10.200000,-62.738354,210421.498016,177.523731,209639.334219,57.388820,210116.487304,94.922275,674.413676,-24.140216,670.149277,-144.502572,673.822045,59.954746,0.007294,1,0
10.233000,-62.423362,209505.656509,177.530271,209746.855099,57.353228,208320.799734,95.605410,663.909160,-24.550661,669.707982,-144.593345,669.788334,59.950396,-0.004264,1,0
10.267000,-62.614084,208978.029485,177.504814,208406.687074,57.443265,208992.720193,95.260431,666.233837,-24.530268,669.495981,-144.726609,669.882329,59.958229,0.000304,1,0
10.300000,-62.740142,208151.096429,177.402406,209322.441396,57.553887,209181.768411,95.280013,664.919191,-24.676364,666.227771,-144.496954,667.248039,59.955382,-0.000135,1,0
10.333000,-62.452944,209780.760088,177.312079,208909.198086,57.412206,210034.208718,95.831111,668.808382,-24.612638,663.220033,-144.785888,665.053846,59.952488,0.015401,1,0
10.367000,-62.386808,209205.722248,177.428247,208829.371321,57.419608,208856.765037,95.856336,671.322538,-24.350919,665.227574,-144.318619,665.566757,59.954184,-0.000508,1,0
10.400000,-62.614760,208676.853209,177.584328,208959.538286,57.471610,209018.200392,95.321162,667.877846,-24.711897,659.854770,-144.340056,664.998539,59.951441,-0.012051,1,0
10.433000,-62.408704,208685.880420,177.483317,207238.079921,57.570088,208438.134069,95.505846,666.700584,-24.710072,663.388434,-144.540940,666.741687,59.947454,0.003558,1,0
10.467000,-62.446113,209813.585323,177.453095,208849.541117,57.367849,208872.926273,95.291293,661.483884,-24.253713,665.822704,-144.482651,663.370272,59.947435,0.004379,1,0
10.500000,-62.577647,209067.259190,177.416635,207571.101915,57.404245,208899.510433,95.225343,665.441781,-24.939307,667.533374,-144.657825,675.323417,59.951416,0.008840,1,0
10.533000,-62.497652,209580.048937,177.239103,209552.691095,57.393260,209235.413428,95.266774,665.899321,-24.461931,672.208281,-144.595136,667.285616,59.941926,-0.004340,1,0
10.567000,-62.836124,209054.187058,177.372896,209951.427842,57.491672,209359.377765,94.962207,669.151525,-24.620033,667.660907,-144.360251,668.089836,59.948606,0.006761,1,0
10.600000,-62.800745,209354.433861,177.410217,208096.557051,57.417790,208360.379646,95.320335,667.965228,-24.863540,677.462465,-144.525058,665.443290,59.952648,-0.003058,1,0
10.633000,-62.657297,207734.786609,177.364860,210363.352910,57.349691,209423.925097,95.378876,672.976968,-24.706151,675.006777,-144.583712,672.388892,59.961936,-0.005312,1,0
10.667000,-62.802040,209169.998301,177.381117,209463.561325,57.471361,208988.321742,95.492717,664.154867,-24.728582,667.075029,-144.367473,665.312523,59.955811,0.014989,1,0
10.700000,-62.672257,208077.596670,177.345964,208917.092395,57.153468,209768.228542,95.104173,665.756769,-24.847538,666.987491,-144.351887,665.752600,59.960476,0.002492,1,0
10.733000,-62.535439,210632.980801,177.362269,207772.805035,57.237174,209615.148020,95.727166,672.821762,-24.649700,660.355865,-144.455155,675.154524,59.960324,-0.002660,1,0
10.767000,-62.599655,208839.987968,177.183676,210673.536587,57.302940,208789.857989,95.600545,676.166038,-24.800548,669.486604,-144.641609,670.937672,59.957687,-0.006023,1,0
10.800000,-62.623475,209860.047966,177.080243,209936.676989,57.053875,209899.194433,95.677937,667.862207,-24.960405,670.126885,-144.995842,672.379152,59.961827,-0.016039,1,0
10.833000,-62.587978,208243.734923,177.320143,209986.495661,57.270537,210712.775667,94.966218,668.852265,-25.216040,670.710996,-144.532503,670.615577,59.956836,0.006876,1,0
10.867000,-62.714989,208213.179092,177.239243,208397.344859,57.284468,208358.072083,95.416743,666.081808,-24.560494,657.621210,-144.742549,664.391548,59.960429,0.010393,1,0
10.900000,-62.780681,209301.870352,177.485626,210342.888644,57.356044,207831.961818,95.181985,663.546104,-24.534704,669.016418,-144.484724,669.655880,59.958449,0.007569,1,0
10.933000,-62.664103,209418.346434,177.179051,208331.424040,57.356499,207981.056708,95.324052,676.854651,-24.743819,671.800294,-144.677319,670.567170,59.960365,-0.001454,1,0
10.967000,-62.677093,209095.018210,177.278597,210061.912463,57.367301,209853.346860,95.097411,670.442070,-24.752043,671.988063,-144.647124,668.733283,59.968552,-0.009502,1,0
11.000000,-62.645074,209304.156516,177.309564,208271.722121,57.281774,209276.751650,95.192053,666.468097,-24.552987,671.025794,-144.765524,665.230529,59.968481,0.002863,1,0
11.033000,-62.711235,208973.660672,177.351843,207956.857191,57.144958,207295.244140,95.312309,669.421178,-25.014715,670.130637,-144.839017,672.502751,59.962246,-0.006059,1,0
11.067000,-62.589837,209519.540612,177.531806,209238.227140,57.369090,208792.839355,95.536596,668.393783,-24.570523,671.129500,-144.481432,667.287229,59.959341,-0.010032,1,0
11.100000,-62.669208,208737.039888,177.490726,207208.349311,57.394632,209617.424457,95.515138,668.989413,-24.597610,665.171824,-144.675139,665.367595,59.958754,-0.011684,1,0
11.133000,-62.757618,209934.814580,177.374129,209915.603767,57.211930,209141.837407,95.375704,667.334196,-24.634854,667.023529,-144.908033,668.498569,59.965500,-0.007798,1,0
11.167000,-62.514031,208481.798676,177.417515,209864.423512,57.433944,209470.630043,95.594415,674.645082,-24.512722,669.274876,-144.586653,667.735608,59.957991,0.000727,1,0
11.200000,-62.564544,210942.278937,177.429508,209378.021386,57.235533,208894.296423,95.359471,666.824956,-24.803537,665.005189,-144.771425,668.665538,59.959024,0.007367,1,0
11.233000,-62.526486,209364.824011,177.395991,209060.441175,57.241681,208769.223630,95.381109,673.397180,-24.906427,667.234553,-144.520089,663.247585,59.971205,0.008331,1,0
11.267000,-62.717764,209007.353400,177.133820,208664.219648,57.284833,209163.541104,95.089586,669.193164,-24.669765,670.885307,-144.732909,666.198051,59.967596,0.010289,1,0
11.300000,-62.788240,209399.560176,177.416750,209791.748603,57.320866,208292.378165,95.347941,664.175054,-24.552054,671.332327,-144.811822,666.231651,59.967756,0.004253,1,0
11.333000,-62.699131,208891.677162,177.282161,207353.627534,57.415755,209043.940484,95.574611,664.511986,-24.647062,663.617443,-144.613252,660.411569,59.959378,0.004176,1,0
11.367000,-62.587351,208509.793161,177.358982,209963.240938,57.428280,209080.773021,95.319829,666.767786,-24.621795,669.653694,-144.565113,674.026917,59.957454,0.008086,1,0
11.400000,-62.638972,210365.020528,177.480875,209274.160716,57.330624,210053.478331,95.202828,663.884335,-24.565169,666.548282,-144.807480,664.448885,59.960158,-0.007341,1,0
11.433000,-62.657977,210797.525186,177.305624,209323.668597,57.289915,210455.019080,95.145380,660.740155,-24.558609,668.940723,-144.662383,664.148129,59.956003,0.003823,1,0
11.467000,-62.553772,210352.109815,177.374370,209706.544909,57.410847,209678.881316,95.497473,667.004443,-24.564332,670.827768,-144.736091,661.127177,59.960893,0.008533,1,0
11.500000,-62.621912,209348.540061,177.553753,208291.531542,57.220353,209498.415718,95.182927,663.488352,-24.128987,663.148093,-144.638767,663.166890,59.947459,0.009995,1,0
11.533000,-62.705966,209887.071082,177.329526,209087.470719,57.286392,207626.784985,95.033915,668.810050,-24.320031,666.409689,-144.888140,669.084584,59.946244,-0.005063,1,0
11.567000,-62.635841,208877.970918,177.250230,209233.574123,57.351070,209533.604682,95.364249,664.837825,-24.968251,662.373090,-144.396814,665.129967,59.951501,0.001005,1,0
11.600000,-62.718884,208378.570682,177.335729,208158.557712,57.368218,209715.122120,95.522748,665.982339,-24.632246,668.147225,-145.057008,665.694526,59.954309,-0.004917,1,0
11.633000,-62.520291,207868.081988,177.696719,208729.614136,57.315524,207810.414029,95.781304,669.466911,-24.073681,666.664030,-144.786710,673.335762,59.946525,-0.001414,1,0
11.667000,-62.579458,208700.798334,177.296214,209671.134319,57.419559,208987.065745,95.444707,662.845107,-24.635666,663.316461,-144.585195,668.149992,59.949672,-0.000214,1,0
11.700000,-62.594369,209115.220598,177.384730,209359.772517,57.296663,206802.131731,95.437757,661.059467,-24.564345,665.504103,-144.432601,664.642453,59.946777,-0.000794,1,0
11.733000,-62.682620,208846.076626,177.274659,208755.196737,57.321266,209344.561683,95.100339,669.906799,-24.666194,668.579045,-144.779696,664.606120,59.943878,0.009995,1,0
11.767000,-62.665541,208622.514675,177.382652,209981.749727,57.500065,209855.338314,95.703180,663.977247,-24.646422,659.900358,-144.227412,657.425939,59.942781,-0.000331,1,0
11.800000,-62.644316,210612.712929,177.290285,207626.516227,57.339803,209381.891603,95.243427,662.150402,-24.457958,667.211096,-144.619668,666.622683,59.946649,-0.006244,1,0
11.833000,-62.743095,208808.011103,177.241318,207940.722008,57.444554,207684.690644,94.873343,663.452235,-24.996941,667.591616,-144.609913,665.705619,59.945834,-0.000079,1,0
11.867000,-62.757977,208814.864788,177.334786,208088.582144,57.271529,209017.174903,95.125767,667.234167,-25.199844,668.681635,-144.857554,669.250409,59.946672,-0.007759,1,0
11.900000,-62.695617,209072.514454,177.342369,210072.293731,57.230376,208536.149168,95.117339,668.159560,-24.849075,665.164354,-144.588430,665.154731,59.941141,0.001751,1,0
11.933000,-62.652414,208374.708038,177.170581,208950.559529,57.209709,206964.461415,95.124183,662.638882,-24.786500,664.914588,-144.849571,663.846021,59.943472,0.002503,1,0
11.967000,-62.540354,208224.484741,177.324885,208580.371235,57.458139,208541.457444,95.381371,660.415305,-24.961669,659.865551,-144.492295,660.835012,59.938031,0.002875,1,0
12.000000,-62.799641,209498.972261,177.326276,209002.634836,57.277347,206754.830149,95.014392,661.334044,-24.822259,664.432642,-144.934549,668.507468,59.940175,0.000765,1,0
12.033000,-62.669421,209443.562432,177.055286,210180.880426,57.222454,210105.983340,95.111191,664.901434,-25.023526,664.682356,-144.713321,660.509050,59.947465,0.002895,1,0
12.067000,-62.717991,209504.677451,177.269846,208039.246840,57.145976,208663.009513,95.507286,663.616073,-24.665527,663.581450,-144.862247,664.381432,59.948662,-0.001799,1,0
12.100000,-62.795153,209247.562801,177.104904,208694.802219,57.140570,207963.542436,95.035086,673.865641,-25.021197,668.793029,-144.908465,673.316037,59.948670,-0.009409,1,0
12.133000,-62.717325,208963.703113,177.165815,207770.161829,57.265270,209310.493599,95.434890,663.289231,-25.044840,670.427456,-144.628255,660.814258,59.939410,-0.005824,1,0
12.167000,-62.781935,207344.400665,176.937721,208120.354025,57.038576,208872.260036,95.227463,667.830615,-25.156335,674.694953,-145.019331,674.882115,59.941370,-0.003315,1,0
12.200000,-62.821516,209280.156969,177.160100,207707.018013,57.170644,208458.323731,94.897518,669.840822,-25.102147,667.488310,-144.931623,662.311189,59.937524,0.006731,1,0
12.233000,-62.597567,207187.730836,177.125146,210415.545662,57.087399,207947.150456,95.258067,659.855457,-24.858515,667.910101,-144.737679,673.672376,59.939985,0.006059,1,0
12.267000,-62.710213,208092.936467,177.204098,206388.880644,57.322654,208642.469186,95.304072,667.458683,-24.574097,665.276683,-144.695783,671.569898,59.941635,0.001708,1,0
12.300000,-62.655806,209276.352544,177.268520,208038.904254,57.250377,208490.217729,95.186708,660.728331,-24.725940,668.590504,-144.566050,663.930268,59.949447,0.000043,1,0
12.333000,-62.672404,209414.074825,177.271757,207381.312336,57.190756,207507.367367,95.181578,673.495118,-24.503935,666.128189,-145.066477,672.861940,59.940218,-0.014599,1,0
12.367000,-62.677878,208496.514353,177.223815,208178.872533,57.165388,207978.963681,95.413033,672.554719,-24.831254,666.139912,-144.867940,671.571779,59.935407,0.007612,1,0
12.400000,-62.863492,206915.758704,177.139568,206591.369702,57.143953,208744.518380,95.168456,671.882147,-24.831859,668.630323,-144.615787,665.311576,59.938664,-0.001576,1,0
12.433000,-62.784183,208153.778326,177.166256,208501.911986,57.315247,208477.089316,95.165549,669.808020,-24.688461,665.149337,-144.597676,666.790521,59.941413,0.001492,1,0
12.467000,-62.784743,209455.320536,177.260849,207972.694775,57.152905,208610.517165,95.275927,670.075387,-24.931507,669.813051,-144.753815,675.393309,59.929062,-0.007101,1,0
12.500000,-62.631297,208656.138365,177.251142,208256.150879,57.405226,208016.927356,95.469738,671.380648,-24.516876,673.129334,-144.590361,671.466171,59.943888,-0.005903,1,0
12.533000,-62.629444,209254.109107,177.441758,210383.476119,57.213108,208157.244905,95.333410,673.357023,-24.437327,669.058364,-144.659616,672.519812,59.947449,-0.004086,1,0
12.567000,-62.709879,207683.501028,177.286773,208771.221964,57.391409,209796.805183,95.450309,672.999439,-24.713826,679.943187,-144.668652,667.264403,59.944229,-0.005823,1,0
12.600000,-62.646629,207990.839334,177.253246,208051.823894,57.418599,206982.509030,95.656686,668.986415,-24.703805,662.254441,-144.410554,671.638774,59.942578,-0.007978,1,0
12.633000,-62.654974,207390.275836,177.255080,208830.473050,57.324318,206811.832034,95.524949,670.145414,-24.843593,672.043472,-144.586140,668.956845,59.942217,-0.003111,1,0
12.667000,-62.728167,208945.603386,177.232214,206993.480943,57.466204,207510.108100,95.308459,674.229289,-24.737932,669.309895,-144.449802,671.257724,59.942009,0.005772,1,0
12.700000,-62.445016,208798.035413,177.370151,208025.329501,57.373124,208624.956131,95.394908,674.736705,-24.705676,676.707639,-144.866015,670.208354,59.940790,0.003425,1,0
12.733000,-62.669555,207633.282497,177.308755,208210.121781,57.328556,207442.038656,95.257720,671.981814,-24.658269,675.309139,-144.662581,670.978628,59.941104,-0.006986,1,0
12.767000,-62.567219,207654.363135,177.477913,210027.830186,57.405255,207021.470708,95.122628,671.139134,-24.672558,668.911664,-144.580706,667.880439,59.946543,-0.004077,1,0
12.800000,-62.576361,209858.420107,177.345098,207963.752754,57.252049,208519.937799,95.505277,667.919031,-24.487041,666.740909,-144.957386,667.230930,59.936643,0.001854,1,0
12.833000,-62.524912,207915.779078,177.434099,209515.015393,57.314820,208588.310487,95.222446,668.908360,-24.487623,669.413644,-144.680909,669.352856,59.939478,-0.004670,1,0
12.867000,-62.328875,209220.270824,177.420158,209027.771343,57.481993,209168.212836,95.575221,669.814708,-24.615274,670.632414,-144.728557,667.752536,59.949812,-0.007742,1,0
12.900000,-62.752601,209367.005601,177.392279,208865.751943,57.479109,209073.001878,95.278218,659.027638,-24.635645,661.153944,-144.542474,668.517840,59.940070,0.001414,1,0
12.933000,-62.419866,210002.791812,177.377719,208764.521323,57.375794,208053.384633,95.872129,672.062348,-24.787455,665.318155,-144.714785,667.192332,59.947628,0.000407,1,0
12.967000,-62.533926,208750.618211,177.555156,209191.039722,57.365207,207553.922667,95.307137,663.968320,-24.557136,671.577752,-144.656166,664.457444,59.942137,0.006222,1,0
13.000000,-62.657729,209278.996628,177.338029,209137.665614,57.397937,208365.621748,95.066539,673.871143,-24.757273,655.026949,-144.639494,668.736934,59.947106,0.002905,1,0
13.033000,-62.547422,208378.163137,177.379243,209512.728863,57.404829,208582.117472,95.629663,674.542758,-24.443520,667.862779,-144.578713,672.377816,59.949617,0.001038,1,0
13.067000,-62.621994,208650.043998,177.594277,210667.758728,57.486954,211823.994512,95.339370,670.147685,-24.091193,665.963413,-144.821747,664.395693,59.949728,-0.002052,1,0
13.100000,-62.548611,210068.033421,177.367624,209689.564236,57.598911,209317.819184,95.517798,665.233655,-24.896480,665.335332,-144.251439,664.083035,59.952099,0.002454,1,0
13.133000,-62.439159,208705.925092,177.297311,208004.516967,57.545114,209682.130769,95.551634,664.593527,-24.641325,672.766668,-144.854328,667.844128,59.953145,0.018770,1,0
13.167000,-62.318466,208788.293414,177.296118,209161.913578,57.250016,210100.207477,95.443472,675.604296,-24.880976,670.322527,-144.507932,671.456485,59.944491,0.006801,1,0
13.200000,-62.677831,209107.358862,177.518206,210487.148419,57.528178,209095.561406,95.213589,675.494969,-24.450901,669.150519,-144.501403,669.112340,59.941110,0.002005,1,0
13.233000,-62.541251,210531.946490,177.395526,210025.882435,57.376009,209365.054578,95.603781,665.984407,-25.002322,669.691129,-144.630220,669.874481,59.943408,-0.001664,1,0
13.267000,-62.671776,209649.504963,177.586699,209395.705901,57.419577,207572.787169,94.868166,665.283075,-24.492389,666.786890,-144.598867,669.328930,59.950442,0.007492,1,0
13.300000,-62.574469,210284.514432,177.240082,209238.790362,57.372379,211678.489600,95.175231,667.836210,-24.658754,668.739412,-144.537321,664.081132,59.940680,0.005336,1,0
13.333000,-62.631141,209121.299326,177.141898,207264.401406,57.298522,209676.951775,95.257004,667.774849,-24.777586,658.609328,-145.130054,668.310554,59.944498,0.000472,1,0
13.367000,-62.704904,210499.714918,177.396539,210677.361826,57.404822,208668.243086,95.464832,661.353907,-24.720732,660.752305,-144.413550,660.738915,59.941662,0.003477,1,0
13.400000,-62.597147,208980.406652,177.298106,208026.605845,57.446563,209107.144198,95.377750,662.015201,-24.599440,664.699198,-144.796768,659.957840,59.946933,-0.003750,1,0
13.433000,-62.615056,210863.209828,177.536498,209841.541652,57.435477,209260.141121,95.149158,665.084052,-24.272411,667.737008,-144.870639,661.764492,59.949959,-0.002484,1,0
13.467000,-62.609893,208478.292151,177.249613,208343.303340,57.362870,210660.372301,95.501584,658.751986,-24.360541,666.253834,-144.610149,667.102076,59.945166,-0.006536,1,0
13.500000,-62.580499,210002.279653,177.339735,209115.076980,57.384712,209461.475555,95.791773,673.155190,-24.780390,660.302991,-144.413952,667.869777,59.943670,-0.004214,1,0
13.533000,-62.610869,209289.122353,177.364962,208505.497775,57.471682,209756.745960,95.737305,662.554894,-24.780465,655.439430,-144.694443,661.905903,59.945174,0.010710,1,0
13.567000,-62.647411,210200.059059,177.321080,208142.174280,57.247491,207786.413356,95.666761,655.123592,-24.514044,658.038036,-144.630663,661.776930,59.937508,-0.014835,1,0
13.600000,-62.410713,209391.682154,177.275763,207397.624791,57.334733,209316.975431,95.240803,669.157544,-24.766613,661.415022,-144.380429,661.331768,59.943347,-0.002754,1,0
13.633000,-62.626450,208784.023578,177.420001,208692.180388,57.477296,208451.229032,95.497305,662.214449,-24.511886,664.486250,-144.311471,664.440411,59.940486,-0.009384,1,0
13.667000,-62.615615,209362.953645,177.450794,208637.792350,57.214700,208375.776763,95.423119,664.358951,-24.573013,662.308866,-144.799161,666.382384,59.944574,-0.003987,1,0
13.700000,-62.576531,208270.800754,177.279609,207931.553180,57.454895,207813.379117,95.549085,667.981750,-24.531397,666.805101,-144.524070,661.230311,59.942864,-0.004279,1,0
13.733000,-62.745170,208598.249388,177.176344,208335.067338,57.517241,207607.527868,95.317874,657.651202,-25.073628,658.964267,-144.633968,669.702041,59.948593,-0.002972,1,0
13.767000,-62.720066,208483.690020,177.519802,207068.972981,57.397035,208036.826341,95.308873,663.995931,-24.800666,662.053853,-144.688019,665.783167,59.947366,0.003477,1,0
13.800000,-62.306482,209165.162134,177.431656,208090.073757,57.341858,207761.400539,95.574211,661.874066,-25.110558,664.374127,-144.507754,660.398822,59.956022,-0.004918,1,0
13.833000,-62.627781,207479.258672,177.310827,207977.798494,57.298612,207561.422292,95.370958,656.903822,-24.665130,663.989611,-144.688262,659.196386,59.944871,0.003166,1,0
13.867000,-62.390900,208329.640502,177.294342,208357.965019,57.447130,207172.441142,95.708364,659.738078,-24.637936,659.152580,-144.702268,659.953818,59.947085,0.005638,1,0
13.900000,-62.724249,208603.514494,177.306290,207922.787457,57.399614,208823.415850,95.143903,657.858553,-24.398638,658.490432,-144.713888,657.783434,59.948362,0.002087,1,0
13.933000,-62.452705,208056.328066,177.456257,208267.120829,57.387828,208671.654312,95.440866,657.885392,-24.558783,662.802165,-144.734492,658.546997,59.944850,0.001294,1,0
13.967000,-62.741824,208440.296958,177.363858,209239.964588,57.368926,209058.036638,95.723442,657.956546,-24.729669,661.883966,-144.561300,662.771480,59.940675,0.014744,1,0
14.000000,-62.669698,208287.177774,177.354685,207521.525340,57.363471,209167.387249,95.619138,662.708325,-24.481002,657.393897,-144.597876,663.557158,59.946697,0.007857,1,0
14.033000,-62.400471,206651.765292,177.242733,207113.907552,57.484204,207441.459841,95.406249,657.386493,-24.610922,658.069488,-144.494388,657.468965,59.945050,-0.010245,1,0
14.067000,-62.531901,208567.359148,177.492878,207416.188644,57.424366,207356.318227,95.594926,651.840276,-24.599369,657.109258,-144.886587,650.992417,59.941534,0.013087,1,0
14.100000,-62.463800,207649.819398,177.454780,207429.408653,57.185495,207392.315978,95.560386,654.406056,-24.572766,652.516190,-144.817242,649.981153,59.939687,-0.002609,1,0
14.133000,-62.514680,204180.102375,177.298626,205896.806909,57.418101,207324.756641,95.497103,659.930601,-24.481263,651.738132,-144.329418,655.403014,59.947922,0.000435,1,0
14.167000,-62.724249,207088.071613,177.245047,207983.256518,57.229992,206136.574978,95.194608,658.455056,-24.604596,654.090767,-144.688026,652.157209,59.940774,-0.006438,1,0
14.200000,-62.710476,206800.126529,177.496442,207287.714533,57.362860,207724.831732,95.349388,655.054451,-24.331801,655.202975,-144.943084,656.708244,59.939541,-0.007088,1,0
14.233000,-62.607880,209551.726985,177.359839,208432.280822,57.304974,207890.960003,95.162361,655.481767,-24.711551,653.712104,-145.072668,660.090734,59.944128,0.002062,1,0
14.267000,-62.639910,207062.004334,177.288897,208242.014904,57.302068,207152.843422,95.136008,657.558574,-24.802715,660.567375,-144.646461,659.180809,59.931240,0.005056,1,0
14.300000,-62.838202,206358.028326,177.429470,205891.541171,57.325584,207128.930947,95.430789,655.759968,-24.676451,661.404239,-144.688281,660.176100,59.927534,-0.006088,1,0
14.333000,-62.600214,207360.122681,177.347715,207651.489245,57.187617,206521.649533,95.550758,656.581592,-24.815625,654.647965,-144.949233,653.005471,59.938402,-0.005194,1,0
14.367000,-62.673684,206807.007582,177.135574,207064.303595,57.199835,207763.346775,95.435030,668.127357,-24.913892,660.947251,-145.170704,653.629887,59.930986,-0.008747,1,0
14.400000,-62.681455,205882.345652,177.505204,207820.125089,57.403681,206181.424302,95.363964,664.228525,-24.574979,659.213078,-144.673103,661.397148,59.933430,-0.006738,1,0
14.433000,-62.844044,207901.195737,177.425497,206750.300801,57.308065,206676.296447,95.368679,662.224147,-24.432147,656.889614,-144.457283,660.474541,59.934997,0.002001,1,0
14.467000,-62.813898,208034.729710,177.171696,207161.959893,57.336138,206278.339980,95.154989,654.514516,-24.986871,658.533222,-144.735434,657.076094,59.934420,-0.000510,1,0
14.500000,-62.720662,206080.962340,177.251861,207534.462309,57.178548,206890.785017,94.973059,662.436160,-24.698047,655.780729,-145.055784,662.778060,59.938718,-0.011644,1,0
14.533000,-62.822875,206872.844038,177.314191,207815.029936,57.144602,206372.364345,95.030132,667.630755,-24.604960,655.507328,-144.798775,658.249616,59.932840,-0.004809,1,0
14.567000,-62.631539,208204.305102,177.261881,207577.792943,57.153877,207759.512906,95.479455,661.718307,-24.870884,653.491564,-144.557375,665.682414,59.932645,-0.000132,1,0
14.600000,-62.609875,206645.001577,177.181836,207475.400092,57.290203,207302.830599,95.191319,652.144866,-24.756652,658.705161,-144.698031,661.246164,59.929196,0.007321,1,0
14.633000,-62.894908,208397.572423,177.220021,209178.104030,57.235949,208184.757397,95.233936,660.014561,-25.022345,656.360168,-144.610123,653.082272,59.936002,0.015814,1,0
14.667000,-62.612964,207940.108220,177.396165,207310.899618,57.321739,206347.265975,95.607067,661.051023,-24.761065,660.647334,-144.360884,662.669733,59.928712,-0.008653,1,0
14.700000,-62.721021,207911.968444,177.374229,206396.908568,57.063755,205731.949772,95.135907,664.094896,-24.999608,664.001583,-144.779507,659.216652,59.934843,-0.003057,1,0
14.733000,-62.908234,206663.102391,177.225219,206887.408098,57.257958,208036.317077,94.986911,667.002388,-24.786043,661.595074,-144.859339,663.900722,59.934732,-0.008256,1,0
14.767000,-62.754360,206205.780841,177.102215,205936.600406,57.255305,207810.062530,95.047544,667.753117,-25.051989,658.765782,-144.765203,662.981499,59.936699,0.002086,1,0
14.800000,-62.694114,208612.616557,177.251967,206335.285944,57.239101,206157.062741,95.405326,662.221785,-24.760840,667.599169,-144.773217,661.728631,59.929533,-0.007050,1,0
14.833000,-62.648933,208630.644511,177.299091,206749.898074,57.392001,208246.282443,95.411334,665.285453,-24.701776,666.299509,-144.538184,668.742430,59.935856,0.000870,1,0
14.867000,-62.597722,208380.861513,177.441801,209607.162671,57.367071,207818.096127,95.325240,666.183580,-24.478216,669.154672,-144.701581,666.283368,59.934618,-0.006661,1,0
14.900000,-62.615536,208150.315333,177.312025,209507.550930,57.479558,206744.531041,95.058778,670.740272,-24.515871,658.099831,-144.858248,664.780049,59.931694,0.008612,1,0
14.933000,-62.711960,206986.293267,177.344332,208077.939446,57.277012,207854.479216,95.279426,668.507920,-24.657550,657.611478,-144.520363,662.748936,59.942343,-0.000295,1,0
14.967000,-62.810796,207660.760641,177.333205,207856.393903,57.335392,205149.811861,95.517272,665.876546,-24.416587,666.640608,-144.624296,667.917803,59.945240,0.007509,1,0
15.000000,-62.759836,207096.528574,177.312214,208559.565138,57.220367,207912.031773,95.283749,657.711175,-24.598497,667.605161,-145.029417,659.541471,59.942982,0.000155,1,0
15.033000,-62.691546,208398.868195,177.323803,207867.201990,57.351069,207536.856035,94.997355,660.530311,-24.852970,663.917908,-144.366928,661.590953,59.947046,0.002731,1,0
15.067000,-62.674846,207594.109022,177.239527,209363.196829,57.343518,208650.855288,95.337920,658.023840,-24.877929,654.879241,-144.258096,659.902113,59.940082,0.004414,1,0
15.100000,-62.788312,207791.822887,177.256403,208473.844120,57.352596,207006.381964,95.013345,659.417683,-24.941657,654.361400,-144.414949,654.149871,59.946933,0.003306,1,0
15.133000,-62.742338,208561.944487,177.247687,209746.257390,57.264272,206863.056645,94.853249,652.034276,-24.903774,651.903106,-144.727415,656.197259,59.947214,-0.013572,1,0
15.167000,-62.715604,208144.572918,177.403775,207804.760186,57.609684,208173.364292,95.132637,655.406472,-24.706943,663.005061,-144.424383,649.143747,59.945045,-0.002548,1,0
15.200000,-62.862137,207601.499512,177.059299,207460.841235,57.159437,207288.487668,95.210169,662.433080,-25.065746,652.099883,-144.823332,657.191840,59.949966,0.006035,1,0
15.233000,-62.869717,210053.063373,177.319897,208592.092709,57.326691,208910.148063,95.541335,659.313871,-24.488775,657.803221,-144.640950,655.892606,59.954043,-0.000552,1,0
15.267000,-62.619989,209491.135806,177.157992,208564.796262,57.199417,206164.587359,95.417798,664.655579,-24.850857,656.955061,-144.624535,655.901181,59.952960,0.010080,1,0
15.300000,-62.817372,206543.891720,177.325227,207477.988530,57.354914,207590.515844,95.164721,661.960072,-24.264880,664.494748,-144.543608,660.843187,59.956799,0.004805,1,0
15.333000,-62.674018,208678.703165,177.276729,208799.554187,57.408832,206724.184093,95.311662,661.639145,-24.693745,657.170570,-144.587747,665.271281,59.956533,0.005925,1,0
15.367000,-62.578917,207980.651737,177.118615,207004.521911,57.422443,207901.546985,95.353272,661.420565,-24.879034,665.816502,-144.490587,660.088924,59.957752,0.001005,1,0
15.400000,-62.656344,209239.915927,177.257491,207781.542999,57.428159,207673.278779,95.340003,665.126891,-24.546705,664.571066,-144.889423,661.692884,59.955240,-0.005289,1,0
15.433000,-62.598057,206448.285162,177.241206,208821.910607,57.256019,208415.429378,95.266295,668.625748,-24.738324,660.362823,-144.665107,665.667638,59.951210,0.010136,1,0
15.467000,-62.569524,206917.585283,177.503430,208092.144090,57.383365,207847.630404,95.434052,671.450893,-24.788262,663.230522,-144.611641,668.864705,59.956607,-0.000587,1,0
15.500000,-62.584127,205616.386040,177.385659,206691.059988,57.243065,206783.569974,95.495907,665.491900,-24.019847,670.874092,-144.624079,665.995812,59.955116,-0.002671,1,0
15.533000,-62.730195,206118.525777,177.302086,208217.933951,57.390532,207320.415623,95.334940,665.079330,-24.662656,671.514496,-144.584089,669.478701,59.957869,-0.004902,1,0
15.567000,-62.687114,208113.062891,177.094524,209121.195583,57.365274,207655.162953,95.153609,664.722356,-25.072542,671.253688,-144.744259,663.272297,59.956731,-0.000946,1,0
15.600000,-62.741512,208896.634869,177.210137,206393.630740,57.415981,208311.508352,95.292501,674.262661,-24.684384,661.945772,-144.609515,670.120472,59.952370,-0.007067,1,0
15.633000,-62.631205,208409.173393,177.236401,206682.300893,57.373677,207200.985559,95.165988,671.129111,-24.567822,666.264171,-144.673654,662.948307,59.944824,-0.005231,1,0
15.667000,-62.562991,207569.853533,177.382441,207837.597712,57.392954,206887.380382,95.307849,671.312941,-24.309298,672.088191,-144.443891,669.263830,59.949540,-0.000881,1,0
15.700000,-62.709989,207148.930336,177.533978,208015.811728,57.422399,206156.793210,95.401191,678.555559,-24.278200,668.070013,-144.685962,660.842790,59.952945,0.008199,1,0
15.733000,-62.708799,207945.555726,177.233819,206630.959871,57.512013,208459.401983,95.424698,666.437806,-24.850416,666.583522,-144.368029,672.103851,59.948749,-0.003194,1,0
15.767000,-62.557597,207107.293817,177.395390,208592.859081,57.392961,209171.332263,95.424238,669.950745,-24.578181,673.864356,-144.675772,675.736268,59.940720,0.004542,1,0
15.800000,-62.695976,207354.713752,177.364197,206874.124608,57.328303,207136.577820,95.406880,667.683402,-24.456706,673.600740,-144.529068,667.872641,59.945953,-0.012839,1,0
15.833000,-62.609904,208155.843502,177.348983,208267.666105,57.319638,208612.547292,95.287120,665.611197,-24.489593,671.250900,-144.706978,674.398503,59.942658,0.006351,1,0
15.867000,-62.593028,207357.840514,177.436514,207158.820091,57.443917,208821.929420,95.589157,677.259003,-24.237071,669.336099,-144.710527,674.082377,59.949072,0.006204,1,0
15.900000,-62.247721,208697.142440,177.640106,208438.803594,57.490060,208121.253875,95.687875,670.404564,-24.365529,670.873258,-144.347287,661.916442,59.950986,-0.008613,1,0
15.933000,-62.466942,207842.455576,177.390222,208480.527390,57.398066,205496.218115,95.632228,669.904102,-24.505305,671.324447,-144.173922,672.843633,59.949777,0.004664,1,0
15.967000,-62.741551,207824.558229,177.407598,207789.930552,57.267555,208329.262342,95.341994,674.876306,-24.539208,667.717756,-144.715102,665.551175,59.949013,-0.008635,1,0
16.000000,-62.469055,210051.685637,177.511318,207629.435957,57.576048,207418.605651,95.851859,670.897712,-24.743324,668.937604,-144.315514,661.617801,59.943071,0.003305,1,0
16.033000,-62.581854,206922.742069,177.617126,207573.101728,57.349458,206805.830203,95.615415,664.523958,-24.511295,669.649289,-144.282105,664.876313,59.943421,0.000504,1,0
16.067000,-62.678548,208871.810682,177.340334,207666.389448,57.286763,205726.299314,94.981356,669.989877,-24.740264,665.527227,-144.710132,668.358301,59.952949,0.003652,1,0
16.100000,-62.619712,207657.628121,177.292404,206276.020693,57.286820,208420.035484,95.621956,663.845867,-24.512899,672.164387,-144.610094,669.588979,59.943803,0.007846,1,0
16.133000,-62.685610,206511.238163,177.236985,207660.314040,57.351166,208378.505060,95.395382,664.166115,-24.492370,665.273877,-144.467616,665.986089,59.944462,-0.004315,1,0
16.167000,-62.727676,206965.995604,177.310530,206708.571412,57.569520,207994.255424,95.160122,665.654215,-24.555198,660.244598,-144.453957,660.383287,59.951170,-0.009581,1,0
16.200000,-62.584124,207228.525382,177.410732,206738.106103,57.403279,206032.048823,95.257477,662.904275,-24.670983,669.336183,-144.740172,665.942176,59.956248,0.007782,1,0
16.233000,-62.576276,208012.962955,177.478002,208404.982652,57.431427,208104.450573,95.604872,660.794576,-24.351021,663.126556,-144.607921,665.088469,59.954400,0.003623,1,0
16.267000,-62.649341,207503.557557,177.350439,207870.885177,57.455254,208397.609602,95.457503,661.315980,-24.486128,672.763663,-144.466379,668.572156,59.949067,0.003789,1,0
16.300000,-62.489886,209057.906563,177.332877,206949.791283,57.504527,208047.620894,95.428600,667.296723,-24.862735,672.124648,-144.604167,665.194065,59.949848,0.005178,1,0
16.333000,-62.411378,207394.508645,177.576151,207348.970295,57.327430,207895.886716,95.520606,663.916591,-24.625320,666.719786,-144.673080,666.813497,59.959112,0.000477,1,0
16.367000,-62.513275,208227.134790,177.457437,206946.764439,57.032647,206908.929293,95.502811,663.141100,-24.696292,666.523548,-144.944138,658.800221,59.950956,-0.001581,1,0
16.400000,-62.493575,207061.725927,177.405974,206955.158658,57.545222,209003.452437,96.083859,668.790229,-24.441014,671.908415,-144.385977,674.735532,59.961213,-0.010113,1,0
16.433000,-62.710242,207423.105503,177.508435,208130.611968,57.477430,207162.949589,95.118218,668.819109,-24.695079,666.736531,-144.220877,668.930590,59.951838,0.001852,1,0
16.467000,-62.615176,208734.330041,177.551390,207954.602698,57.262617,206824.713376,94.961460,676.822019,-24.248776,669.784834,-144.824904,671.481416,59.954110,-0.001286,1,0
16.500000,-62.559701,207724.770032,177.470220,206947.747042,57.506429,208468.390601,95.472268,669.191317,-24.598238,673.276350,-144.564805,668.126301,59.952603,0.008800,1,0
16.533000,-62.580202,208777.193762,177.462882,206007.466051,57.702267,207390.769018,95.158342,669.439196,-24.917071,663.157778,-144.491100,670.583488,59.952562,0.003805,1,0
16.567000,-62.461319,206555.863309,177.366015,207375.004470,57.331695,207364.400205,95.513180,674.449770,-24.537888,680.917549,-144.678778,666.801780,59.943424,0.002634,1,0
16.600000,-62.657616,209252.114643,177.410370,207377.366342,57.488818,206423.580166,95.191777,671.962138,-24.700431,671.317185,-144.461340,664.271120,59.949497,-0.001911,1,0
16.633000,-62.470889,207076.477610,177.361696,206939.862806,57.384189,206216.767687,95.283254,676.636788,-24.664654,672.557763,-144.360153,670.162555,59.946659,-0.000408,1,0
16.667000,-62.519800,205254.157513,177.403055,206260.702891,57.339022,206480.750994,95.477934,670.284355,-24.428166,671.625844,-144.580870,678.312326,59.952059,-0.017611,1,0
16.700000,-62.509099,206552.959021,177.381976,208023.037629,57.283595,205307.743525,95.517784,673.822412,-24.442259,666.889655,-144.504412,673.385699,59.961331,0.009147,1,0
16.733000,-62.537224,207486.368438,177.359711,206132.591245,57.319354,206945.475908,95.334311,673.736641,-24.780113,673.990874,-144.807278,676.685033,59.954088,-0.012797,1,0
16.767000,-62.650299,207087.388281,177.362257,206619.306237,57.451538,207991.750224,95.192536,682.260155,-25.065123,671.531023,-144.772137,678.349199,59.955316,-0.002806,1,0
16.800000,-62.667195,205886.159811,177.327348,206697.309605,57.431987,205621.483303,95.146170,669.506954,-24.876782,675.090796,-144.476094,672.932875,59.956979,0.007675,1,0
16.833000,-62.647633,205988.521639,177.271096,206995.859504,57.565796,206743.562864,95.427137,675.481033,-24.583320,664.638483,-144.327519,672.851134,59.960659,0.005561,1,0
16.867000,-62.747080,208321.993279,177.445910,207944.506124,57.475300,205380.957868,95.408168,676.756162,-24.524955,673.013268,-144.491680,667.914663,59.957899,-0.000071,1,0
16.900000,-62.546242,207384.368375,177.358637,206529.361991,57.232084,207933.577741,95.470772,670.500989,-24.670170,674.213747,-144.685619,676.262528,59.951900,-0.005099,1,0
16.933000,-62.590574,207238.040483,177.324795,207428.629873,57.497478,206378.340513,95.429336,672.354226,-24.640110,670.467031,-144.567737,666.635140,59.961486,0.000565,1,0
16.967000,-62.747930,207456.421304,177.333111,207214.035242,57.297170,208717.644662,95.348238,665.444303,-24.715288,669.492608,-144.762397,669.010336,59.958770,-0.010553,1,0
17.000000,-62.815133,206365.970029,177.197421,205429.940686,57.350701,206152.447397,95.304597,667.398544,-24.929577,673.487587,-144.516970,671.171640,59.956644,0.000473,1,0
17.033000,-62.492955,207717.216771,177.398579,207147.627808,57.404672,205457.112643,95.512088,670.302038,-24.663469,664.447904,-144.532375,668.149119,59.955311,-0.000318,1,0
17.067000,-62.590231,204589.970854,177.221429,205940.036166,57.321503,206986.197296,95.446723,669.629515,-24.610944,665.219432,-144.599752,676.589017,59.958750,-0.009604,1,0
17.100000,-62.635098,205445.765564,177.543655,206002.775753,57.296593,206066.658993,95.401384,670.922674,-24.610804,671.760618,-144.660643,673.534384,59.950996,0.000333,1,0
17.133000,-62.690348,206629.233785,177.309583,208097.781738,57.383547,206678.740691,95.480544,672.496373,-24.788746,670.428544,-144.404535,672.958537,59.959269,0.000373,1,0
17.167000,-62.598089,206161.652561,177.429280,206736.411264,57.380483,208272.153270,95.870712,672.571458,-24.520844,670.635369,-144.673905,670.821763,59.954767,0.005203,1,0
17.200000,-62.674649,206404.329107,177.484000,207528.361105,57.257000,206011.874766,95.668713,669.154358,-24.500619,669.185442,-144.803627,671.308042,59.951904,-0.009494,1,0
17.233000,-62.606546,205438.778009,177.428210,206573.524283,57.358043,205942.473696,95.369719,675.669497,-24.851861,666.887348,-144.831789,676.256775,59.959796,-0.005045,1,0
17.267000,-62.646702,208616.049480,177.534815,208324.308013,57.175879,208041.312578,95.393046,670.057238,-24.310490,671.816264,-145.219113,662.530433,59.954749,0.001085,1,0
17.300000,-62.627104,207828.570550,177.365540,206008.772436,57.698341,205975.582597,95.470931,666.375102,-24.693352,669.257736,-144.642765,668.415354,59.957089,0.006288,1,0
17.333000,-62.807742,208626.093948,177.327304,207200.784562,57.417765,206003.148422,95.226255,667.580944,-24.734617,668.197739,-144.481751,665.025677,59.956964,-0.008367,1,0
17.367000,-62.345294,206936.930838,177.268243,207168.645380,57.455979,206406.728702,95.411876,669.844579,-24.864596,665.617248,-144.416499,670.555942,59.961760,-0.000626,1,0
17.400000,-62.670473,206364.015989,177.211457,207017.989870,57.267322,207903.584627,95.059775,665.534179,-24.866727,665.032544,-144.830596,662.208647,59.955122,0.005219,1,0
17.433000,-62.619412,207572.745235,177.140620,208848.470486,57.282921,206873.383004,95.328282,663.706436,-24.885446,671.300796,-144.589793,665.513515,59.959522,0.009337,1,0
17.467000,-62.631077,207547.004007,177.286654,205828.410422,57.281299,208402.280036,95.478756,667.722210,-24.800429,667.830269,-144.697742,672.958860,59.965141,-0.001395,1,0
17.500000,-62.831001,208454.821138,177.411143,207952.995731,57.472396,206691.405267,95.422099,664.004326,-24.826903,667.772717,-144.333240,672.178322,59.972914,-0.012238,1,0
17.533000,-62.677387,208499.084453,177.172960,208196.459624,57.538933,206728.238069,95.382156,674.530809,-24.909182,666.296062,-144.628034,669.771558,59.960835,-0.007535,1,0
17.567000,-62.740846,206497.978425,177.360181,206865.144146,57.429954,208122.670284,95.369796,664.615931,-24.516694,670.217491,-144.454796,673.136612,59.964916,0.002286,1,0
17.600000,-62.738139,206765.463472,177.319721,208449.604672,57.222751,205761.874525,95.137272,665.745184,-24.920913,667.797155,-144.615448,673.914336,59.961556,-0.000025,1,0
17.633000,-62.711300,207623.951233,177.191314,208007.651293,57.335412,207568.352071,95.247620,676.135776,-24.848890,674.678591,-144.753814,673.002067,59.960487,0.008078,1,0
17.667000,-62.853305,206310.576459,177.321340,206738.003069,57.400290,206017.489882,95.116183,676.305763,-24.461968,667.201688,-144.427099,664.487315,59.954538,0.009026,1,0
17.700000,-62.965268,207403.820493,177.404876,207539.424640,57.222636,205972.686702,95.103699,667.661240,-24.684234,664.627232,-145.046167,665.928599,59.954787,-0.003793,1,0
17.733000,-62.804185,207234.538089,177.395324,207544.407761,57.136343,206145.531092,95.265737,666.252545,-24.295424,671.395230,-144.735285,664.385364,59.964283,0.014787,1,0
17.767000,-62.780291,206547.979093,177.519242,206674.371015,57.394281,206894.997654,95.302754,668.828862,-24.499483,670.132161,-144.284287,669.537531,59.961920,-0.003297,1,0
17.800000,-62.545181,206876.531917,177.164449,208593.339297,57.326200,207223.643734,95.556710,669.019816,-24.785181,668.643089,-144.795051,664.764523,59.966703,0.004228,1,0
17.833000,-62.812887,208037.571494,177.393449,207263.094847,57.401719,207446.153127,94.967897,670.702332,-24.659295,673.953469,-144.403924,670.992471,59.957202,0.002894,1,0
17.867000,-62.665603,205424.874133,177.346818,206080.939064,57.466895,207480.818503,95.355261,670.508193,-24.876249,671.060190,-144.510330,674.914161,59.959261,0.000156,1,0
17.900000,-62.709312,207042.022002,177.409610,207039.518379,57.410020,207317.938238,95.466237,665.040557,-24.833928,668.373879,-144.720444,673.510690,59.967764,0.003257,1,0
17.933000,-62.707315,207755.933725,177.256368,207170.452348,57.395683,208104.275011,95.349015,670.568584,-24.511434,664.876122,-143.994993,671.180527,59.965052,-0.005366,1,0
17.967000,-62.716933,206152.652195,177.307341,204835.002423,57.114318,206734.802988,95.332128,672.638123,-24.554580,666.589481,-144.786975,672.868581,59.960837,-0.009986,1,0
18.000000,-62.819112,207459.199647,177.139870,205952.123858,57.458729,206554.268353,95.158050,674.055071,-24.925794,669.455899,-144.611859,667.595234,59.963930,-0.002467,1,0
18.033000,-62.636812,208227.578469,177.213373,209650.402147,57.172708,207159.566039,95.326818,668.797525,-24.751932,674.106691,-144.687147,665.780720,59.956319,0.006088,1,0
18.067000,-62.781201,207761.556037,177.339549,208811.370108,57.090654,206379.161944,94.955412,670.693789,-24.653756,667.600041,-145.013932,669.211659,59.960406,-0.011764,1,0
18.100000,-62.768374,206933.066083,177.143372,207438.219287,57.458964,206567.299925,95.237363,671.819156,-25.070995,672.054738,-144.435474,675.227871,59.961230,0.002657,1,0
18.133000,-62.868468,207327.255417,177.158306,208081.939453,57.222932,205717.932106,95.073920,681.226171,-24.982449,673.096056,-144.741219,677.046972,59.964099,0.003439,1,0
18.167000,-62.727306,206038.275641,177.317033,206140.884744,57.178532,206504.306769,95.330823,670.073378,-24.432998,667.318792,-144.945748,675.385133,59.960440,-0.004706,1,0
18.200000,-62.598766,207279.993728,177.347436,206404.919622,57.225287,207898.191264,95.289032,668.484165,-24.799654,675.732930,-144.630313,678.509006,59.966634,-0.006178,1,0
18.233000,-62.786035,205911.110292,177.424205,207428.718154,57.361970,208385.588317,95.230558,680.857340,-24.468870,675.975977,-144.785116,671.341816,59.959128,0.009738,1,0
18.267000,-62.832959,208718.452772,177.090247,205552.361546,57.352070,208109.755591,94.999743,673.267108,-24.841004,676.219675,-144.820506,674.139429,59.961893,0.005274,1,0
18.300000,-62.512587,207472.141124,177.344907,206600.920466,57.273216,207993.425432,95.151582,670.469742,-24.575102,675.614811,-144.610229,670.426948,59.956160,0.013750,1,0
18.333000,-62.640391,206243.152917,177.342697,207925.065327,57.466784,207005.793861,95.843725,671.723932,-24.736313,679.090545,-144.836636,668.826996,59.967241,-0.014917,1,0
18.367000,-62.747309,206940.621766,177.329161,208402.517428,57.384678,206708.637033,95.129968,676.302206,-24.512979,670.846112,-145.105168,673.193021,59.963657,-0.002512,1,0
18.400000,-62.660103,206495.598910,177.419785,206350.874327,57.435881,206362.825682,95.434864,670.406368,-24.736546,670.395142,-144.313672,669.229591,59.958660,-0.004871,1,0
18.433000,-62.704039,208278.897947,177.526658,207441.940234,57.329481,205124.379420,95.555435,677.194668,-24.678187,669.830736,-144.559755,671.543487,59.958070,-0.008605,1,0
18.467000,-62.522492,208452.787730,177.386630,206872.178205,57.456020,208309.895660,94.932983,676.749377,-24.737648,676.727457,-144.519137,673.548745,59.955691,-0.007807,1,0
18.500000,-62.712841,206353.032127,177.383702,209186.708398,57.273652,206790.727841,95.337683,672.609494,-24.491607,675.010152,-144.858820,666.599573,59.951045,-0.003668,1,0
18.533000,-62.630265,206942.350117,177.357556,208895.763657,57.282829,210046.200194,95.566824,678.314894,-24.579197,677.768211,-144.980306,678.022570,59.952947,-0.002467,1,0
18.567000,-62.603102,208912.372574,177.286391,208757.799679,57.326995,207520.015090,95.489419,669.388202,-24.879300,672.714471,-144.750705,674.880877,59.956810,-0.004744,1,0
18.600000,-62.706500,207723.107671,177.266387,208370.240049,57.315378,207681.706700,95.366565,672.108975,-24.626879,678.237837,-144.655977,677.517035,59.955194,-0.004517,1,0
18.633000,-62.876376,209355.716332,177.231879,209004.858269,57.390812,207527.228677,94.970416,681.236449,-24.450093,678.511737,-144.589254,677.921883,59.949234,0.003637,1,0
18.667000,-62.929303,208901.517971,177.336599,208789.699164,57.176391,206830.500661,94.867695,679.684027,-24.786797,673.955923,-145.043907,682.500965,59.956270,0.009791,1,0
18.700000,-62.794272,209258.485188,177.353445,209085.520856,57.285754,207119.491943,95.330477,672.241399,-24.598012,674.596183,-144.775618,676.064060,59.954060,0.009380,1,0
18.733000,-62.645891,208311.497723,177.101430,211041.052755,57.084932,208502.418704,95.691517,678.380729,-24.953282,674.831279,-144.912792,676.543428,59.956607,-0.008290,1,0
18.767000,-62.519001,208541.815822,177.327851,207242.782905,57.400364,209014.346370,95.339045,676.454412,-24.692758,677.006413,-144.478388,677.812393,59.946725,-0.000797,1,0
18.800000,-62.704517,208963.631727,177.176394,208858.641606,57.350145,207730.896256,95.479075,678.334894,-24.861850,676.340135,-144.413101,673.027557,59.949817,0.002303,1,0
18.833000,-62.778513,209249.277808,177.266838,208808.783323,57.145514,208071.021415,94.953478,679.542451,-24.843777,674.019886,-145.053479,673.509603,59.944592,-0.006985,1,0
18.867000,-62.855395,210021.091065,177.328887,208854.009684,57.255658,207409.304605,95.239036,671.111896,-24.809386,673.664731,-144.706219,678.275177,59.944014,0.003623,1,0
18.900000,-62.820400,207473.602529,177.205777,208939.496616,57.215397,208528.769007,95.601938,668.037302,-24.282626,668.196840,-144.862118,670.869852,59.948997,-0.006709,1,0
18.933000,-62.677426,208906.068989,177.074954,209135.857370,57.201256,207983.277883,95.215718,676.544921,-24.986841,680.268955,-144.832381,674.010817,59.949494,0.011779,1,0
18.967000,-62.910589,208685.139499,177.127313,206578.162841,57.322141,206994.293937,94.809496,671.189019,-25.059653,675.863671,-144.774921,673.450087,59.946099,0.000116,1,0
19.000000,-62.746060,208093.595623,177.069810,208043.724185,57.111018,208779.002812,95.218073,665.423225,-24.842960,672.237016,-144.792413,673.377552,59.953914,-0.004239,1,0
19.033000,-62.828793,207439.643821,177.107393,210088.299765,57.072546,208156.889214,95.076490,673.542520,-24.900850,671.167823,-144.903318,682.457065,59.946130,0.017294,1,0
19.067000,-62.859069,208714.959267,177.159970,209110.764332,57.101350,209372.147583,95.104313,671.790040,-25.085457,670.622250,-144.496103,679.604213,59.957164,0.007982,1,0
19.100000,-62.848001,208256.681404,176.904591,210082.781508,57.047181,208267.740829,95.281747,672.359949,-24.707637,672.204542,-144.965557,671.836205,59.952972,0.003408,1,0
19.133000,-62.886838,208210.068986,176.939002,207833.891199,57.208310,208657.809592,94.996025,672.984351,-25.040534,671.549622,-144.543326,677.640843,59.956990,0.004613,1,0
19.167000,-62.692899,208306.669881,177.036069,208714.591022,57.180554,208886.768103,95.519648,669.323283,-25.094540,676.259450,-144.814934,670.720979,59.949468,-0.001404,1,0
19.200000,-62.779665,209173.217214,177.166475,207761.726037,57.036630,207777.010898,95.153218,673.474317,-24.960036,669.925749,-145.186692,666.036886,59.952421,0.000134,1,0
19.233000,-62.984342,206797.277834,177.099709,208565.654052,57.083581,207836.555111,94.917839,669.375681,-25.110419,671.859057,-144.787690,675.511647,59.960193,0.007371,1,0
19.267000,-62.918253,209376.693360,176.940997,208651.798078,57.045705,208556.487272,95.169822,666.457367,-25.037688,669.448446,-145.007511,666.079268,59.951986,0.000012,1,0
19.300000,-63.068193,207907.706114,177.141609,208315.957433,56.931717,209199.731749,95.035944,670.874642,-24.241649,665.305035,-145.159587,668.207359,59.952485,-0.001769,1,0
19.333000,-62.897700,207995.231206,177.079747,207035.431795,56.882543,208573.296464,94.894263,659.338115,-25.027113,662.036804,-144.807769,662.825147,59.950808,-0.005395,1,0
19.367000,-62.935410,208508.733895,177.205098,208625.110031,57.017949,209105.636307,95.127540,656.599986,-24.794951,662.346216,-145.126071,663.967135,59.947809,-0.013950,1,0
19.400000,-62.927530,209171.705176,176.948144,208625.437558,57.074977,207852.155642,95.170124,663.298940,-25.193154,663.677868,-144.920039,666.165425,59.947639,-0.004832,1,0
19.433000,-62.714448,208807.167569,177.213503,210217.888165,57.129854,208746.018628,95.463145,663.172506,-25.176222,654.489097,-145.168078,655.532831,59.952972,0.013662,1,0
19.467000,-62.613110,207816.739290,177.129921,208750.411731,57.152041,209158.780629,95.299671,661.637513,-25.172111,651.738496,-145.248236,663.609505,59.951484,-0.002927,1,0
19.500000,-62.985876,209464.736534,177.158554,208994.770649,57.122494,209388.482916,95.080883,658.964434,-24.650684,656.025454,-144.808099,660.868907,59.947755,-0.010735,1,0
19.533000,-62.703715,209318.812842,177.095803,209297.506206,56.973535,208751.067759,95.206364,651.813356,-24.942274,657.379915,-144.915499,656.430223,59.951158,-0.004219,1,0
19.567000,-62.848817,208944.232405,177.131192,209144.802779,57.205803,208692.013825,95.076037,661.296210,-24.864809,653.058693,-144.978766,653.345826,59.951454,-0.007282,1,0
19.600000,-62.858823,209426.420406,177.168156,210117.901804,57.324190,209501.214142,95.114229,656.995309,-24.981973,654.691737,-144.393169,657.455427,59.952007,0.003030,1,0
19.633000,-62.858360,209949.168838,177.157936,209218.288902,57.110535,210827.627483,95.140503,655.062947,-24.775307,660.929194,-144.929235,658.656018,59.941370,-0.013981,1,0
19.667000,-62.691353,208476.309959,177.307673,209260.073461,57.502646,210189.341041,95.210554,655.752663,-24.828135,651.561658,-144.275781,658.397460,59.955376,-0.015023,1,0
19.700000,-62.788908,209075.373749,177.128620,208007.676908,57.338550,209224.264116,95.477617,658.942649,-24.700146,651.025043,-144.658518,658.919209,59.955683,-0.011458,1,0
19.733000,-62.700920,209002.880381,177.263777,208401.196704,57.289567,208494.078991,94.772696,660.725615,-24.598993,653.920869,-144.628963,655.846123,59.957861,-0.002210,1,0
19.767000,-62.835131,209991.648954,177.420805,208529.929701,57.096471,209325.249767,95.141455,660.029932,-24.892014,656.069235,-144.559978,660.116338,59.956464,0.001779,1,0
19.800000,-62.714320,210626.666155,177.386116,207871.758808,57.196565,208825.048971,95.178548,653.289806,-24.594169,659.441488,-144.673650,645.459958,59.953860,-0.002911,1,0
19.833000,-62.827785,210225.417817,177.306581,211782.458342,57.321185,208643.772586,95.303720,655.183886,-24.909476,646.283818,-144.613830,655.905362,59.948117,-0.005730,1,0
19.867000,-62.786036,208971.054748,177.184977,209924.976492,57.489332,208598.106783,95.643590,646.698638,-24.985515,658.502662,-144.561643,648.347382,59.950756,0.006997,1,0
19.900000,-62.673955,209121.006131,177.190481,208966.288816,57.311604,210476.945311,95.122559,647.287223,-24.913459,658.904815,-144.484596,647.816122,59.947519,-0.003057,1,0
19.933000,-62.661142,208126.231324,177.084448,209181.734509,57.461721,209350.773368,95.406029,651.004308,-24.883417,652.384623,-144.615273,649.855682,59.939851,0.005650,1,0
19.967000,-62.760465,209580.542327,177.331068,209593.961047,57.312272,208041.334241,95.001971,652.261594,-24.591242,642.088044,-144.869272,655.217409,59.952373,0.001395,1,0
20.000000,-62.575538,209435.182858,177.188323,209938.896006,57.218527,209204.691559,95.141314,648.669913,-24.859518,656.319527,-144.723845,647.494870,59.948982,-0.002542,1,0
20.033000,-62.674382,209417.216354,177.212952,210204.753086,57.357632,208951.036576,95.499932,648.052197,-24.654914,650.070076,-144.523617,653.040626,59.949954,-0.016836,1,0
20.067000,-62.720771,210615.437714,177.273481,208677.308582,57.253778,208364.191902,95.132322,653.549129,-24.743427,649.600357,-144.819994,654.367297,59.960101,0.001143,1,0
20.100000,-62.426683,208470.551346,177.520088,208418.247716,57.324996,210343.431811,95.725240,644.697923,-24.261182,654.143163,-144.552293,655.291103,59.963534,-0.001250,1,0
20.133000,-62.454160,210204.671667,177.292479,209558.454824,57.414661,209274.987203,94.999692,656.696982,-24.664701,655.543263,-144.504302,654.270654,59.955871,-0.001706,1,0
20.167000,-62.635014,208938.912787,177.497483,209578.989570,57.352162,209552.846519,95.589305,650.322674,-24.537741,644.087393,-144.419439,647.263715,59.962497,0.008205,1,0
20.200000,-62.730106,208468.294318,177.313312,207803.540061,57.644674,209097.325504,95.043516,648.690591,-24.873345,651.833451,-144.534367,657.399573,59.959610,-0.000366,1,0
20.233000,-62.390481,210576.334379,177.467897,210050.113199,57.438542,208567.364457,95.499795,653.075222,-24.395664,652.536973,-144.779441,649.970828,59.955467,0.005557,1,0
20.267000,-62.451244,207742.933722,177.425956,210085.494906,57.454401,207965.901684,95.725677,649.000403,-24.426445,651.239850,-144.936401,645.708782,59.961128,-0.010147,1,0
20.300000,-62.708595,209377.190049,177.492933,209675.941513,57.446317,211118.106455,95.645339,648.905028,-24.697318,654.211659,-144.621085,651.866221,59.964942,-0.007023,1,0
20.333000,-62.442982,210344.475575,177.445672,209373.575718,57.648228,209772.743571,95.601354,643.687084,-24.444324,649.898612,-144.294177,650.268920,59.964050,0.008229,1,0
20.367000,-62.499934,209576.880140,177.290025,210930.283442,57.497849,209051.774520,95.596746,648.236137,-24.664453,642.984299,-144.330999,649.038442,59.951190,-0.000249,1,0
20.400000,-62.548951,210097.314485,177.437306,208624.419797,57.498512,208721.455637,95.418687,645.683858,-24.931664,649.776019,-144.418479,649.545814,59.951854,-0.002301,1,0
20.433000,-62.497274,209535.002903,177.411069,209026.187463,57.426054,209800.202252,95.394230,651.001351,-24.433045,649.226108,-144.510740,644.347576,59.955740,-0.000102,1,0
20.467000,-62.509559,210998.367885,177.655108,209256.457460,57.748074,210180.381062,95.458098,645.395621,-24.149241,645.326413,-144.255583,648.538163,59.953235,0.010729,1,0
20.500000,-62.543048,210124.291274,177.400050,208166.522578,57.391291,208963.301923,95.661629,647.971790,-24.444963,650.986009,-144.185333,653.472930,59.960963,-0.000240,1,0
20.533000,-62.422384,210250.667863,177.332357,210275.191934,57.549235,209759.892924,95.737590,641.964989,-24.709885,646.863856,-144.677897,649.389183,59.955359,-0.005178,1,0
20.567000,-62.604718,209077.728840,177.302768,207837.737777,57.532847,209168.967271,95.448727,648.376333,-24.701882,644.988145,-144.360857,646.153661,59.960553,-0.005795,1,0
20.600000,-62.397129,210456.729491,177.524485,211042.750778,57.160274,209592.962864,95.106205,649.859222,-24.713492,637.984400,-144.863273,650.228866,59.950392,-0.000745,1,0
20.633000,-62.714560,210068.733780,177.287439,210307.513143,57.459149,208723.740204,95.289922,645.715819,-24.873762,641.173804,-144.695714,640.169095,59.951087,-0.001192,1,0
20.667000,-62.721328,210726.096799,177.237399,209645.921648,57.315978,208111.631684,95.228754,634.617993,-24.821412,643.871625,-144.569245,641.373060,59.961489,-0.004844,1,0
20.700000,-62.681780,209910.005922,177.335837,207357.627546,57.270244,209884.067289,95.175100,641.935928,-24.738691,644.587084,-144.693861,643.009620,59.959798,-0.006334,1,0
20.733000,-62.728958,209465.776313,177.195975,209761.435245,57.429115,209829.476597,95.045163,636.387844,-24.912567,641.093241,-144.567150,638.897659,59.960845,0.001606,1,0
20.767000,-62.650376,210232.900087,177.448383,209944.404604,57.345204,210084.128661,95.372195,640.658115,-24.601339,649.014126,-144.668447,640.744846,59.959635,0.005722,1,0
20.800000,-62.540903,209763.258945,177.400615,209866.430147,57.283581,210181.585143,95.560948,642.290767,-24.296254,640.045493,-144.914983,652.941737,59.956221,-0.007349,1,0
20.833000,-62.680686,210650.101327,177.270397,209264.557470,57.450570,211316.703573,95.689491,642.411131,-24.617935,648.410668,-144.556657,639.362878,59.965433,-0.000915,1,0
20.867000,-62.850877,210232.157561,177.482270,210314.093382,57.419135,209765.939205,95.316359,649.155562,-24.565308,646.283402,-144.912751,644.407060,59.967611,0.000366,1,0
20.900000,-62.664854,211357.097085,177.214677,209204.701004,57.243091,209029.023284,95.441132,645.815896,-24.831987,647.217187,-144.702489,647.088975,59.961611,0.003674,1,0
20.933000,-62.677803,210140.609612,177.296013,210627.740185,57.398771,211178.793090,95.347147,638.688888,-24.778719,642.870178,-144.161137,637.521147,59.959321,0.005180,1,0
20.967000,-62.640251,211055.261683,177.357284,211031.611265,57.405396,211079.872632,95.650930,641.225637,-24.532365,645.155179,-144.710618,643.896280,59.957130,0.000838,1,0
21.000000,-62.477918,210546.225864,177.264448,209469.039628,57.335276,209405.278058,95.512614,647.672046,-24.972668,645.692599,-144.755735,645.415007,59.956986,-0.001232,1,0
21.033000,-62.554214,212054.082360,177.508675,209755.517284,57.377130,211079.451483,95.469589,644.098397,-24.337532,640.544008,-144.587322,642.418784,59.959084,-0.014233,1,0
21.067000,-62.502101,208800.765393,177.392951,208540.797905,57.292327,210800.854472,95.419960,643.670876,-24.457024,639.946785,-144.737082,645.371273,59.957815,-0.003441,1,0
21.100000,-62.609180,211052.279650,177.687344,211488.897417,57.399660,208922.611665,95.311727,642.789431,-24.533718,641.555419,-144.554888,642.012552,59.960782,0.002639,1,0
21.133000,-62.498759,210425.229020,177.378561,210625.652520,57.392103,211585.135609,95.603119,648.432423,-24.382387,644.947879,-144.782998,640.029927,59.961122,-0.002677,1,0
21.167000,-62.413859,209477.322823,177.451245,210831.508948,57.305858,210889.787551,95.410821,642.199582,-24.666705,640.512740,-144.884866,643.212226,59.958318,0.001151,1,0
21.200000,-62.759887,210532.374671,177.329237,209649.664605,57.475601,209510.170371,95.011973,639.886725,-24.686559,648.727791,-144.511537,644.161890,59.956685,0.005256,1,0
21.233000,-62.528360,209961.020911,177.482742,211385.939232,57.408735,211166.953634,95.315818,641.250177,-24.708302,645.083052,-144.109780,641.648607,59.952234,-0.013214,1,0
21.267000,-62.559131,210579.903741,177.546515,211308.230257,57.256812,210614.189971,95.302444,645.472658,-24.472013,637.288319,-144.497593,638.023797,59.948976,-0.007110,1,0
21.300000,-62.740932,208937.324694,177.323594,209483.260445,57.266551,210250.929934,95.439800,643.999980,-24.758428,644.433965,-144.845909,641.360433,59.958453,0.018615,1,0
21.333000,-62.757916,211177.466482,177.507070,210261.059311,57.424268,211913.420717,94.983532,647.098707,-24.316968,640.587518,-144.554917,645.499248,59.959017,-0.001925,1,0
21.367000,-62.527341,208924.585867,177.394928,210462.654419,57.397014,208557.498380,95.294678,644.580900,-24.409544,644.587003,-144.625368,641.666346,59.960649,-0.000294,1,0
21.400000,-62.714249,210145.399833,177.300747,207756.609385,57.351963,210381.689490,95.524749,642.408230,-24.519405,643.900404,-144.641391,642.991272,59.958818,-0.005777,1,0
21.433000,-62.614352,210352.377439,177.420939,210395.436196,57.279508,208169.537885,95.392535,643.026849,-24.532564,641.319547,-144.858711,640.530842,59.959872,0.008741,1,0
21.467000,-62.705416,210792.162740,177.273580,208899.128153,57.545758,210814.609034,95.156458,641.129421,-24.998562,643.747076,-144.782657,654.402165,59.950807,-0.005903,1,0
21.500000,-62.615260,210101.707404,177.357669,209279.014216,57.575246,210425.844635,95.150043,634.826271,-24.938940,642.620584,-144.585056,646.158517,59.959960,0.000343,1,0
21.533000,-62.703135,209186.973873,177.300813,209112.373074,57.370417,209430.992998,95.469902,639.008725,-24.872911,651.237519,-144.691446,643.207677,59.956844,-0.003686,1,0
21.567000,-62.595923,209831.327441,177.176879,209508.747768,57.279815,209206.867426,95.601528,642.983579,-25.062082,640.891843,-144.753007,645.139179,59.950581,-0.000426,1,0
21.600000,-62.590506,209433.028335,177.288197,211049.396708,57.275294,210032.759868,95.578354,648.001414,-24.826687,641.613690,-144.689695,647.421432,59.948962,0.007136,1,0
21.633000,-62.525219,210731.831459,177.432048,209443.040458,57.467327,209680.630408,95.642729,641.684663,-24.451475,640.014308,-144.518134,644.253708,59.953829,-0.006641,1,0
21.667000,-62.544266,209600.929768,177.349143,210727.863624,57.436489,210601.698336,95.343545,639.829391,-24.587497,645.704671,-144.509010,637.837386,59.956142,-0.005487,1,0
21.700000,-62.545856,209642.437267,177.375726,209654.982925,57.407766,207706.559927,95.469981,644.518729,-24.656650,640.319149,-144.533381,638.666012,59.955503,-0.015351,1,0
21.733000,-62.420839,209425.460357,177.451031,211290.977193,57.495673,209366.119547,95.703662,639.866307,-24.660231,648.325184,-144.303986,640.892138,59.955173,0.001009,1,0
21.767000,-62.710700,208836.871723,177.275635,209311.833979,57.338315,210731.118854,95.277156,646.285479,-24.598959,641.919356,-144.570351,639.765517,59.946712,-0.001770,1,0
21.800000,-62.479600,210827.590383,177.499575,209396.073141,57.326802,209575.176208,95.489277,633.732085,-24.410242,643.638686,-144.710632,638.049403,59.949630,-0.005640,1,0
21.833000,-62.452813,210551.810235,177.275664,211127.888870,57.363404,209235.849177,95.487415,643.291987,-24.692168,639.738461,-144.829356,640.985217,59.949158,-0.010470,1,0
21.867000,-62.840567,209109.915529,177.478871,209762.032078,57.559279,210119.633704,95.484393,634.449197,-24.449558,642.462326,-144.354863,638.245514,59.948163,-0.002114,1,0
21.900000,-62.646117,209762.612221,177.245543,210982.477971,57.165238,210633.662366,95.299903,648.955734,-24.956890,636.075491,-145.039033,635.565952,59.956829,-0.006404,1,0
21.933000,-62.605480,209209.014452,177.270551,210381.573352,57.396192,209183.749845,95.321353,638.383568,-24.388142,637.137299,-144.525911,640.969213,59.945492,0.007594,1,0
21.967000,-62.677436,209941.989905,177.548977,210375.847062,57.345301,210322.711042,95.480583,641.472254,-24.612344,635.386791,-144.808397,638.130024,59.940122,0.011230,1,0
22.000000,-62.593990,209151.947272,177.467428,209992.469947,57.381115,209372.893021,95.209150,634.430659,-24.807555,634.751928,-144.612324,637.181795,59.959069,0.004158,1,0
22.033000,-62.595187,210501.683610,177.539973,209724.401985,57.484695,209061.206876,95.506439,635.902060,-24.338104,637.942790,-144.513416,634.648182,59.958325,-0.009457,1,0
22.067000,-62.429723,212147.670232,177.451283,208173.107551,57.290535,209617.612903,95.775254,636.280899,-24.623720,636.323550,-144.757392,639.763554,59.954586,-0.001870,1,0
22.100000,-62.635960,208730.962966,177.475260,210969.354540,57.603652,210577.715657,95.315086,636.730439,-24.436970,629.740176,-144.350537,635.955182,59.949822,-0.004937,1,0
22.133000,-62.610953,210010.307806,177.485586,209471.774667,57.445522,210549.150656,95.330853,635.968478,-24.618398,635.388564,-144.369153,633.839767,59.955383,0.003577,1,0
22.167000,-62.627924,208965.115651,177.369617,208510.415915,57.607308,210289.093034,95.520639,636.211400,-24.682070,641.627888,-144.656967,640.628062,59.953517,0.011877,1,0
22.200000,-62.424362,209479.040155,177.318377,208951.711018,57.599468,209348.199732,95.499866,636.437405,-24.589193,632.346273,-144.580847,637.494276,59.945462,-0.004342,1,0
22.233000,-62.688801,210553.651714,177.408008,209662.763290,57.310191,208668.941058,95.096327,635.834569,-24.520811,635.750762,-144.596958,633.118305,59.948426,0.008331,1,0
22.267000,-62.418400,209404.151999,177.356731,209606.674619,57.501991,209085.265850,95.535817,640.674934,-24.716114,634.380394,-144.504365,631.803419,59.950460,0.004002,1,0
22.300000,-62.590996,208399.516631,177.390047,211078.479779,57.385028,208803.514437,95.682387,630.062631,-24.441053,630.115778,-144.617911,633.676443,59.954598,0.003041,1,0
22.333000,-62.351038,210796.205040,177.491120,208950.756937,57.495504,208934.368058,95.890300,633.618668,-24.239321,632.014000,-144.418076,633.381267,59.957816,0.000493,1,0
22.367000,-62.513013,209646.033499,177.516543,209919.807140,57.482279,210102.728396,95.423288,630.607837,-24.449101,629.876918,-144.597595,629.908153,59.948310,-0.012081,1,0
22.400000,-62.533371,210260.846630,177.451020,210371.965817,57.530859,210879.297960,95.467402,636.852936,-24.606594,626.572030,-144.331841,632.228933,59.950339,0.000058,1,0
22.433000,-62.576999,211022.426394,177.577755,210839.285751,57.694878,210807.326965,95.238507,635.443902,-24.420412,640.343230,-144.252192,635.447210,59.946276,0.025247,1,0
22.467000,-62.431782,208917.380950,177.445270,210956.692303,57.500803,209867.410753,95.526579,633.379992,-24.617826,631.929361,-144.208495,637.836348,59.948080,0.002739,1,0
22.500000,-62.506905,209696.529916,177.456191,209438.351443,57.464803,210959.764927,95.656484,634.438160,-24.381395,636.782250,-144.503113,630.648512,59.948768,0.005432,1,0
22.533000,-62.389139,210152.539177,177.472991,209877.111445,57.448344,210670.465819,95.468394,640.125097,-24.662346,642.576276,-144.308620,640.335408,59.956548,0.003602,1,0
22.567000,-62.475154,209207.692650,177.533243,210686.803269,57.559782,209211.070330,95.651737,638.400025,-24.411033,646.371429,-144.466184,639.682525,59.955544,-0.009301,1,0
22.600000,-62.509601,210731.484948,177.601883,210441.279394,57.495486,210684.503632,95.333954,639.925731,-24.398283,636.843225,-144.638857,635.338851,59.948680,-0.008597,1,0
22.633000,-62.493686,210021.981342,177.544225,210416.680231,57.527397,209747.642615,95.647993,643.570558,-24.545050,643.837811,-144.487921,639.567757,59.946332,0.004245,1,0
22.667000,-62.545201,211159.138700,177.697824,212062.276094,57.518472,210958.556100,95.575006,643.431829,-24.297238,637.939795,-144.263925,636.284205,59.949372,0.002231,1,0
22.700000,-62.500947,209738.278091,177.520379,209537.204243,57.532919,210248.137731,95.173965,639.976970,-24.329338,644.307782,-144.504972,636.240255,59.950269,-0.003269,1,0
22.733000,-62.346802,210611.868877,177.362467,209630.019664,57.373174,208725.969703,95.404337,639.133865,-24.253057,644.034261,-144.560783,641.404720,59.942241,-0.004952,1,0
22.767000,-62.398398,210022.499095,177.603730,210574.805659,57.523442,210929.161191,95.816993,643.918043,-24.377943,644.656482,-144.341712,639.916750,59.946144,0.005007,1,0
22.800000,-62.413652,211356.096581,177.327866,211590.185900,57.532608,209689.802217,95.480037,643.950306,-24.472542,642.123496,-144.652525,643.956491,59.945458,0.009628,1,0
22.833000,-62.416208,209937.643902,177.527337,211540.105402,57.540849,210551.647963,95.673925,640.813892,-24.428128,646.178022,-144.603578,641.605523,59.945639,0.008262,1,0
22.867000,-62.486439,210320.991356,177.607810,210082.294346,57.520972,209647.880590,95.523148,636.233948,-24.338159,643.532339,-144.290807,637.403103,59.949809,-0.006067,1,0
22.900000,-62.255459,211329.416781,177.502561,210338.543401,57.487484,211082.535221,95.872756,641.252811,-24.614585,644.383625,-144.625379,639.955514,59.951171,0.006893,1,0
22.933000,-62.394329,212234.325961,177.643220,210065.379818,57.411838,210494.418020,95.658384,639.424474,-24.268178,631.402551,-144.746605,635.305489,59.943685,-0.003635,1,0
22.967000,-62.505016,211510.800751,177.506093,212982.774459,57.572298,208252.448252,95.574561,636.948597,-23.983365,637.809211,-144.569691,640.488464,59.947624,-0.004491,1,0
23.000000,-62.396448,212111.172404,177.654205,212775.412453,57.627626,210135.858164,95.550768,641.560545,-24.628849,643.283637,-144.058532,638.419725,59.945221,0.002830,1,0
23.033000,-62.234917,211972.292799,177.535890,211410.767528,57.582511,209309.067712,95.914559,638.559605,-24.355256,634.222820,-144.611455,646.754217,59.952556,-0.007017,1,0
23.067000,-62.392450,209076.199956,177.482772,209157.892748,57.638517,211142.138930,95.543807,639.929439,-24.946442,634.529142,-144.328229,635.284208,59.936180,-0.010782,1,0
23.100000,-62.660842,209442.831603,177.551875,211198.453281,57.467575,210219.833529,95.102935,637.240733,-24.574662,638.462988,-144.550306,641.527377,59.946397,0.007338,1,0
23.133000,-62.537258,211371.779952,177.334711,210804.961062,57.339630,209369.363248,95.568114,632.622393,-24.688982,637.409277,-144.682937,634.032344,59.953351,-0.007889,1,0
23.167000,-62.583523,211318.030628,177.423643,210971.713897,57.537839,210307.198874,95.465209,633.010075,-24.485118,642.481403,-144.542239,638.736957,59.951299,0.006827,1,0
23.200000,-62.365099,208910.914615,177.536096,209279.878444,57.710666,209710.489107,95.732412,639.573609,-24.599799,636.328959,-144.635852,632.570037,59.952372,-0.000169,1,0
23.233000,-62.524218,210941.155896,177.365058,212124.090422,57.686201,210038.401221,95.357589,639.113552,-24.647012,638.860318,-144.258367,644.048550,59.943514,0.006782,1,0
23.267000,-62.465500,210710.637211,177.372199,209675.124937,57.442615,209368.497116,95.290946,634.454300,-24.739836,643.424749,-144.499182,639.685801,59.956809,-0.011744,1,0
23.300000,-62.706801,210212.503377,177.491850,209485.476260,57.294160,210110.964254,95.325101,634.320033,-24.602815,635.612399,-144.453053,640.682581,59.953540,0.003082,1,0
23.333000,-62.585381,211784.171941,177.600298,211349.031911,57.212728,208980.160000,95.589571,642.551088,-24.235553,639.159970,-144.866318,638.850885,59.942531,0.004122,1,0
23.367000,-62.397642,209790.179087,177.430023,212265.881123,57.576801,209171.966500,95.630940,644.031054,-24.227710,640.449681,-144.542012,635.877575,59.957701,-0.003784,1,0
23.400000,-62.921641,209785.876503,177.457389,210589.438173,57.243036,211053.326958,95.082070,640.968221,-24.515477,646.649889,-144.865721,637.223484,59.955628,-0.007541,1,0
23.433000,-62.539848,208567.795582,177.507821,208830.842722,57.327099,209134.442624,95.453926,643.494911,-24.264247,637.354719,-145.048260,642.316788,59.942746,-0.002541,1,0
23.467000,-62.759983,211215.412634,177.338120,210985.833296,57.295057,209084.612339,95.216343,639.801033,-24.556555,637.976690,-144.710637,643.264516,59.952802,-0.000477,1,0
23.500000,-62.647427,209818.931784,177.342724,211423.329603,57.577991,208964.889457,95.317613,635.874365,-24.543038,647.424135,-144.365070,636.904101,59.957246,0.008188,1,0
23.533000,-62.401748,210107.554495,177.417118,210339.726153,57.485004,210031.552666,95.479088,640.566659,-24.764239,636.355276,-144.301079,644.440670,59.950435,-0.004315,1,0
23.567000,-62.794359,209624.217724,177.445095,210385.016108,57.421172,209301.674391,95.167747,646.599911,-24.385665,636.619366,-144.768885,644.622675,59.948993,-0.005788,1,0
23.600000,-62.577458,209433.111207,177.437055,210945.921397,57.512314,210211.849441,95.527427,635.166888,-24.406876,633.432523,-144.438837,644.484396,59.952582,0.004517,1,0
23.633000,-62.635519,210395.844927,177.278801,208638.782067,57.460776,210007.595502,95.385559,642.296138,-24.687742,636.306313,-144.549972,638.637791,59.953776,0.005535,1,0
23.667000,-62.558448,211396.743600,177.288508,209899.123885,57.611580,209615.769841,95.177481,637.051505,-24.490197,637.149526,-144.337018,634.583499,59.960182,0.005170,1,0
23.700000,-62.717189,208592.368182,177.572949,210155.097978,57.127874,210516.271123,95.117658,635.576770,-24.479384,638.934398,-144.800864,633.926802,59.961212,-0.005253,1,0
23.733000,-62.551333,210935.015363,177.510031,208404.141227,57.311047,209678.208042,95.417060,636.349174,-24.148707,635.479760,-144.840586,636.217399,59.956992,0.000638,1,0
23.767000,-62.638231,210195.285376,177.389925,210136.625561,57.168787,210671.883696,95.109700,629.209518,-24.607771,633.307135,-144.981292,642.253473,59.955077,-0.012056,1,0
23.800000,-62.519294,210715.995922,177.290143,209312.785466,57.252359,209610.702627,95.425624,632.723798,-24.475188,634.733098,-144.861233,637.912572,59.955017,0.001619,1,0
23.833000,-62.618406,210696.417348,177.349813,206973.373362,57.192373,209727.449158,95.579037,632.610699,-24.414356,636.995107,-144.314665,633.857101,59.946700,-0.008170,1,0
23.867000,-62.673141,209182.960011,177.439725,210512.407734,57.237988,210901.300129,95.142535,635.149830,-24.521320,637.167382,-144.656707,634.888312,59.953677,-0.002563,1,0
23.900000,-62.680982,209892.853870,177.276612,210470.683507,57.210627,210417.582780,95.508590,640.311455,-24.586845,640.976083,-144.987876,636.293415,59.952635,0.005755,1,0
23.933000,-62.605013,209851.158791,177.302091,210562.865166,57.500033,210596.644824,95.007004,632.847492,-24.501636,634.861418,-144.545417,632.469013,59.949828,0.007656,1,0
23.967000,-62.641489,207857.600829,177.320476,209862.019864,57.192845,209119.602344,95.412449,636.593018,-24.955205,633.261505,-144.935402,635.482789,59.954245,-0.010607,1,0
24.000000,-62.792652,210921.929424,177.148088,210343.925958,57.270899,210395.181538,95.320304,635.416908,-24.958552,633.504349,-144.583472,635.285564,59.956631,0.007960,1,0
24.033000,-62.544319,209316.753271,177.301125,211753.399540,57.255377,209349.737162,95.254139,635.241239,-24.864823,628.495676,-144.957718,635.415663,59.957714,-0.005600,1,0
24.067000,-62.657767,209473.334812,177.254573,207980.311533,57.387338,210234.098954,95.262579,636.293077,-24.972391,637.165420,-144.686106,638.043250,59.950181,-0.004357,1,0
24.100000,-62.560099,211002.165431,177.473006,210407.906055,57.334868,209850.630766,95.613003,636.597172,-24.713131,635.180682,-144.709382,635.204663,59.958782,0.005392,1,0
24.133000,-62.659853,208948.765200,177.420120,211242.240820,57.463323,209950.775175,95.460106,633.147806,-24.578697,632.853040,-144.546953,634.908223,59.950950,-0.006316,1,0
24.167000,-62.375169,210894.999980,177.554128,209737.711260,57.453662,209996.270807,95.400396,631.535023,-24.256749,638.895369,-144.563091,637.047886,59.962450,-0.004650,1,0
24.200000,-62.808351,211157.873287,177.418549,209835.900405,57.635343,210540.021957,95.116341,634.305141,-24.796568,637.890861,-144.609127,624.127683,59.951343,-0.009743,1,0
24.233000,-62.765598,209284.663176,177.452698,208781.380195,57.498387,209100.853026,95.323875,636.118655,-24.687656,638.476542,-144.487984,637.563157,59.959238,-0.008929,1,0
24.267000,-62.611523,212000.064536,177.368819,209147.382461,57.564640,210465.907120,95.409047,633.582779,-24.637691,636.127349,-144.322013,639.715319,59.959246,0.005672,1,0
24.300000,-62.611331,211177.457566,177.543461,209177.379786,57.509224,211520.800393,95.423978,636.296398,-24.549792,639.957469,-144.466643,643.593315,59.959708,-0.000291,1,0
24.333000,-62.262275,210308.707407,177.571296,210619.695347,57.506137,208665.919866,95.830927,639.987187,-24.521605,645.841964,-144.531224,639.066104,59.958956,-0.005356,1,0
24.367000,-62.488088,210133.507055,177.456150,211907.319147,57.541466,209606.167682,95.527985,635.854595,-24.662155,633.895887,-144.498451,633.677701,59.955647,-0.005208,1,0
24.400000,-62.476421,211190.760169,177.462307,209713.563199,57.312958,210421.688173,95.617358,635.634045,-24.639833,641.154188,-144.906590,637.714400,59.963062,-0.007088,1,0
24.433000,-62.602005,208564.004971,177.444595,209679.176551,57.491025,209339.924312,95.693360,639.392966,-24.211442,641.094461,-144.568023,639.188518,59.964274,-0.003117,1,0
24.467000,-62.481946,209362.139215,177.477405,210939.362566,57.462361,210867.145808,95.854817,636.375259,-24.641986,639.169642,-144.454853,634.360249,59.970668,0.011878,1,0
24.500000,-62.664856,209377.718131,177.364379,208740.307207,57.661480,209569.124042,95.632723,635.518526,-24.879383,634.102759,-144.445795,627.366104,59.964656,-0.007754,1,0
24.533000,-62.550860,210559.896538,177.660157,209859.094441,57.452198,210339.914658,95.611862,636.062277,-24.302677,633.922642,-144.817430,639.224192,59.968944,0.005461,1,0
24.567000,-62.428523,210381.387619,177.532427,210944.168078,57.510093,208841.136057,95.604570,630.393080,-24.251373,640.754609,-144.453101,636.456970,59.974790,-0.003153,1,0
24.600000,-62.623121,210130.064172,177.371051,207059.624349,57.510660,209231.345578,95.395941,639.013807,-24.760203,639.817227,-144.225178,635.195706,59.971015,0.014987,1,0
24.633000,-62.488580,209026.615423,177.747387,209398.277945,57.491090,209300.747347,95.368682,641.195181,-24.629708,636.805378,-144.302525,630.572216,59.954453,-0.003913,1,0
24.667000,-62.640142,209963.181780,177.475956,208413.449339,57.569511,210215.478083,95.418875,635.481621,-24.341954,635.890142,-144.613117,635.804395,59.964685,0.001089,1,0
24.700000,-62.346803,210456.506006,177.743790,209808.176907,57.552540,208847.272408,95.599766,637.296762,-24.399358,633.535729,-144.622807,638.600936,59.957133,-0.000659,1,0
24.733000,-62.435397,209799.610488,177.604991,207813.198318,57.279084,208609.251540,95.579424,635.566539,-24.373531,635.495073,-144.774397,633.665545,59.961740,-0.009071,1,0
24.767000,-62.358591,208560.588101,177.381948,210269.424290,57.457369,208567.626620,95.630086,629.034378,-24.746578,630.138217,-144.284904,629.836992,59.958861,0.006068,1,0
24.800000,-62.582943,209290.759388,177.463449,210131.814463,57.666929,209668.606606,95.318705,625.269427,-24.583654,626.284330,-144.308158,629.684022,59.962391,0.013523,1,0
24.833000,-62.476196,208873.831408,177.485820,209234.219513,57.601975,209366.139330,95.385085,631.122663,-24.360973,627.568594,-144.705107,630.629351,59.962305,0.000432,1,0
24.867000,-62.684506,208785.090675,177.379568,208950.098180,57.343062,209969.528094,95.349257,629.090695,-24.443274,621.382502,-144.582775,624.614478,59.954698,0.001692,1,0
24.900000,-62.629494,208979.725295,177.426613,208334.455089,57.447719,207645.061994,95.305896,626.252397,-24.770301,627.898423,-144.706974,629.750470,59.952244,-0.008002,1,0
24.933000,-62.863765,209041.426580,177.582943,211016.692980,57.285244,211592.354290,94.984628,632.028454,-25.061908,631.956129,-144.909424,629.597383,59.949856,0.004767,1,0
24.967000,-62.625184,209583.255676,177.398177,207141.439059,57.453390,209178.464891,95.248218,637.051092,-24.574137,633.044594,-144.431380,629.635478,59.951325,-0.002485,1,0
25.000000,-62.452520,210231.762701,177.477759,210421.170281,57.445476,209712.109483,95.449914,631.292787,-24.599088,635.580647,-144.878082,631.721685,59.958903,0.007919,1,0
25.033000,-62.564241,210389.929205,177.353607,210083.009906,57.394664,209362.583272,95.723942,635.186975,-24.493126,633.592654,-144.475498,636.183285,59.953491,-0.002291,1,0
25.067000,-62.744439,209600.753504,177.456849,209083.186981,57.363634,209424.675461,95.167760,641.641929,-24.206282,641.398729,-144.535940,627.865487,59.951958,0.014934,1,0
25.100000,-62.639695,207528.067022,177.500056,209555.776590,57.355010,208055.400022,95.816596,634.812757,-24.745985,637.123713,-144.961950,632.539211,59.941511,-0.000944,1,0
25.133000,-62.424722,207179.851973,177.695173,209672.696867,57.400869,210282.034341,95.525504,633.054931,-24.150041,631.675595,-144.679158,629.906739,59.955142,-0.000981,1,0
25.167000,-62.550727,208074.240807,177.287666,209610.379682,57.445793,208247.868674,95.509741,634.122211,-24.560149,632.876455,-144.664198,632.266891,59.951527,0.001555,1,0
25.200000,-62.566218,209316.307660,177.443588,209331.143802,57.505202,210574.257104,95.530253,636.735639,-24.508177,634.606068,-144.384124,630.042464,59.955806,0.008011,1,0
25.233000,-62.586727,208159.843440,177.523928,209054.073245,57.379680,207635.845387,95.512630,627.746253,-24.559488,630.854227,-145.029163,632.110631,59.957556,-0.009409,1,0
25.267000,-62.490019,209238.205590,177.574464,209269.899597,57.606735,209275.968496,95.784808,636.277640,-24.307302,632.890991,-144.622391,631.984085,59.952616,-0.008976,1,0
25.300000,-62.379569,208659.081337,177.566250,208587.426552,57.307202,207745.612276,95.753305,630.044647,-24.621325,629.629155,-144.659190,624.917645,59.963498,0.001425,1,0
25.333000,-62.605976,209212.138977,177.350323,210111.919727,57.442124,207655.476994,95.206883,629.733088,-24.538158,627.901740,-144.156209,634.947158,59.966837,-0.010022,1,0
25.367000,-62.482982,209716.068609,177.532732,209186.974731,57.483593,208700.346861,95.633753,627.239283,-24.520301,624.688470,-144.257926,629.999272,59.961433,0.016724,1,0
25.400000,-62.590978,209629.192589,177.362412,208213.053870,57.532953,208622.573381,95.419326,621.104370,-24.517811,622.534754,-144.315604,632.538347,59.961112,0.008551,1,0
25.433000,-62.484251,210400.616822,177.399833,208702.342009,57.315882,209432.514550,95.450311,628.102138,-24.832351,618.893615,-144.626151,629.229541,59.958173,-0.000483,1,0
25.467000,-62.642066,209204.707703,177.639562,209451.842941,57.347929,210012.527300,95.434604,629.748324,-24.524837,627.654754,-144.858050,635.461246,59.968061,-0.003554,1,0
25.500000,-62.460526,207592.055580,177.517623,208783.777194,57.546132,209315.939450,95.674447,630.454566,-24.431063,630.502573,-144.538303,622.492541,59.964462,-0.005456,1,0
25.533000,-62.390932,209139.501994,177.480882,210370.919358,57.510867,208746.241851,95.767614,630.592978,-24.362091,622.254101,-144.587835,627.114440,59.966785,-0.003050,1,0
25.567000,-62.604751,210365.163157,177.406518,207231.289048,57.257541,208761.986892,95.331445,625.971637,-24.539458,624.133507,-144.410056,616.991226,59.950016,0.015303,1,0
25.600000,-62.618352,209944.896171,177.390952,208272.866341,57.704979,207705.737848,95.549675,627.790923,-24.754967,624.670297,-144.374193,622.440970,59.960364,0.010194,1,0
25.633000,-62.461958,209072.372478,177.448292,208937.976651,57.279250,209437.988870,95.499639,627.860354,-24.045928,626.270610,-144.330079,626.289142,59.954826,-0.007504,1,0
25.667000,-62.523028,208948.036050,177.500408,209717.933849,57.579440,209957.245277,95.508757,622.758458,-24.784644,627.233196,-144.235349,621.893344,59.960686,-0.002107,1,0
25.700000,-62.384228,209431.830074,177.561493,210206.725079,57.510602,208751.912935,95.691410,614.527472,-24.314292,627.489554,-144.112340,619.328748,59.953623,0.007417,1,0
25.733000,-62.427967,209915.675828,177.504923,209810.877581,57.499852,206355.699921,95.735433,624.879624,-24.132067,626.505296,-144.668575,621.942208,59.961741,0.003518,1,0
25.767000,-62.515769,207294.137209,177.443479,208179.889866,57.514414,209017.892500,95.368172,621.654145,-24.418217,622.446507,-144.554337,620.485746,59.961539,0.003678,1,0
25.800000,-62.477513,208813.520358,177.595240,207009.415511,57.380387,208380.237287,95.537093,628.608516,-24.372642,624.442513,-144.638706,619.093534,59.965175,0.007792,1,0
25.833000,-62.434282,208810.280894,177.377891,207769.629005,57.475898,207439.677137,95.889101,621.166159,-24.244471,621.800572,-144.428366,627.486496,59.964092,0.003238,1,0
25.867000,-62.579456,209083.858386,177.604422,208908.404894,57.368991,208735.206483,95.543305,627.552934,-24.342893,627.753216,-144.608280,629.049940,59.959001,0.002161,1,0
25.900000,-62.457471,207784.292000,177.448749,209654.558872,57.404228,208431.625236,95.349810,622.036635,-24.289582,625.677257,-144.790367,626.485661,59.953822,0.012847,1,0
25.933000,-62.576299,207999.184590,177.568769,206105.756494,57.590813,207502.016175,95.661291,617.846563,-24.337778,622.134097,-144.451330,629.690784,59.966417,0.000152,1,0
25.967000,-62.699302,209396.519418,177.510496,208989.666470,57.472250,207922.873013,95.218486,620.105386,-24.485222,629.161987,-144.160258,618.483044,59.962901,-0.004829,1,0
26.000000,-62.542405,206182.443595,177.513191,207826.119037,57.646195,207859.751301,95.484946,620.494957,-24.609554,622.659551,-144.415996,620.139243,59.964774,0.000973,1,0
26.033000,-62.484009,208611.187753,177.555165,210184.355313,57.519552,206582.798303,95.730629,614.869677,-24.645770,617.669469,-144.543517,623.413108,59.965110,0.002867,1,0
26.067000,-62.418437,208391.567607,177.447381,206774.882203,57.420198,207858.001246,95.532937,625.857054,-24.624152,627.298952,-144.437497,625.128158,59.962452,-0.005427,1,0
26.100000,-62.488597,206494.153615,177.493402,208498.116522,57.172912,207813.288115,95.679320,617.638398,-24.471271,624.130709,-145.119676,623.030777,59.972600,0.001615,1,0
26.133000,-62.380926,208204.161393,177.621953,207485.316771,57.401545,207239.697699,95.710900,616.607068,-24.211990,619.017641,-144.599535,616.920280,59.970460,0.015620,1,0
26.167000,-62.525155,206632.582557,177.427330,208661.690320,57.484975,208729.386180,95.461620,621.895396,-24.477662,624.022878,-144.353117,622.397326,59.969947,0.006632,1,0
26.200000,-62.514556,209314.126325,177.445701,208507.922332,57.493346,207374.619980,95.539550,618.315826,-24.664280,617.593985,-144.743004,618.295518,59.968941,0.001410,1,0
26.233000,-62.722649,206043.786944,177.434843,209535.188675,57.377274,209506.856002,95.405019,624.125151,-24.684129,623.726039,-144.474279,622.725655,59.963875,-0.012945,1,0
26.267000,-62.698679,209466.436818,177.386064,207924.635848,57.406130,207097.303438,95.592416,623.369971,-24.656179,620.475009,-144.696066,620.447017,59.964448,0.006197,1,0
26.300000,-62.535047,209245.007756,177.471411,208720.175043,57.506664,207541.937122,95.621806,618.092306,-24.534715,623.309029,-144.284634,620.685434,59.967911,-0.002052,1,0
26.333000,-62.401781,209020.411670,177.539231,207060.647160,57.516128,209768.986865,95.614872,618.793625,-24.498555,617.038296,-144.413817,620.330254,59.967286,-0.016598,1,0
26.367000,-62.604621,207441.499651,177.325064,209274.105632,57.457004,207647.858206,95.507323,623.892258,-24.866908,618.140433,-144.275601,614.516003,59.976675,-0.022318,1,0
26.400000,-62.493994,208292.197899,177.469610,208990.801362,57.357564,208358.833743,95.549146,617.386508,-24.450694,620.860414,-144.553415,616.256892,59.969340,-0.000279,1,0
26.433000,-62.421192,208246.036922,177.307244,207918.114250,57.456145,208616.959116,95.559262,616.916739,-24.544187,613.691974,-144.310544,621.535272,59.966633,-0.000241,1,0
26.467000,-62.557186,208587.706851,177.576978,208163.975195,57.636499,209585.124901,95.735565,621.275436,-24.342283,617.705386,-144.463526,616.488635,59.968961,0.008719,1,0
26.500000,-62.581871,210037.073392,177.219858,208725.708299,57.369782,208717.875827,95.292727,620.224957,-25.138844,614.466443,-144.655470,621.955476,59.970950,-0.009262,1,0
26.533000,-62.462694,208099.151417,177.325540,207857.297931,57.489002,206431.103682,95.564886,612.409183,-24.519753,627.578941,-144.565672,612.887593,59.976647,-0.008508,1,0
26.567000,-62.537828,209534.600833,177.501487,209679.777944,57.621882,209077.414147,95.553114,623.593157,-24.489197,620.514740,-144.406793,618.352119,59.971703,0.009447,1,0
26.600000,-62.489605,208712.561005,177.652513,208379.770179,57.494777,206490.297062,95.619455,621.212334,-24.530739,618.905257,-144.556863,625.058641,59.974302,-0.003842,1,0
26.633000,-62.427695,207648.539794,177.638707,207857.879293,57.317527,209438.914845,95.322449,618.641059,-24.757000,621.667093,-144.502671,620.638077,59.975081,0.003078,1,0
26.667000,-62.566177,208747.990411,177.577510,208248.611372,57.565544,207148.011665,95.531168,615.237017,-24.298065,615.991976,-144.622345,618.627798,59.972199,0.004957,1,0
26.700000,-62.656941,206993.110836,177.465663,207104.989992,57.677642,206965.151028,95.642550,618.974437,-24.137503,620.073920,-144.610624,619.002503,59.983443,-0.007751,1,0
26.733000,-62.643847,208077.920248,177.362877,207113.040124,57.538524,207099.920015,95.522678,619.339706,-24.751415,619.974957,-144.225723,623.864896,59.976915,0.002669,1,0
26.767000,-62.460125,208537.132612,177.420417,207484.148988,57.518497,208117.338997,95.498580,618.526975,-24.387274,620.304757,-144.039272,621.435062,59.970503,-0.012590,1,0
26.800000,-62.521290,207530.989551,177.381668,207686.463233,57.437330,208987.475401,95.469619,621.879871,-24.918090,620.825643,-144.370756,613.491529,59.963029,0.008027,1,0
26.833000,-62.565905,206825.576786,177.321770,206977.092325,57.563445,208709.529133,95.637827,623.042196,-24.531987,623.058637,-144.478535,622.487747,59.967960,-0.002396,1,0
26.867000,-62.732646,209567.002493,177.503860,208630.726032,57.451547,208300.751909,95.310146,621.214397,-24.480866,618.855600,-144.661395,622.413376,59.971664,0.009675,1,0
26.900000,-62.710362,208182.756530,177.349249,207558.726267,57.559411,206926.570372,95.016294,619.625395,-24.530496,614.965870,-144.586382,620.973077,59.967727,0.005407,1,0
26.933000,-62.618222,207547.602318,177.497578,207261.586181,57.392191,208995.981472,95.189460,623.709141,-24.560425,619.340503,-144.793285,618.568060,59.973245,-0.000648,1,0
26.967000,-62.471844,207452.859723,177.517697,208580.677812,57.518829,207803.059641,95.958001,620.952650,-24.202344,625.908719,-144.115059,619.844578,59.974683,0.001994,1,0
27.000000,-62.496769,210058.253688,177.475315,208362.272302,57.478560,207298.866205,95.492330,621.972980,-24.359517,624.978123,-144.522086,622.149854,59.973274,-0.001850,1,0
27.033000,-62.413173,207039.513008,177.519948,208238.245549,57.484920,207880.808970,95.649939,614.943173,-24.506704,623.990298,-144.654139,622.755185,59.968802,-0.002976,1,0
27.067000,-62.601310,208615.212319,177.461860,206565.528793,57.537687,206456.592486,95.481063,613.977284,-24.739425,619.588892,-144.499464,617.785825,59.975353,0.005010,1,0
27.100000,-62.340371,206387.534372,177.285737,208495.280413,57.480221,208408.602271,95.679830,610.753484,-24.725447,622.148791,-144.212448,619.848055,59.957433,0.001191,1,0
27.133000,-62.590175,207191.205955,177.438359,207485.179418,57.470049,206838.687601,95.671553,616.501508,-24.543768,614.369962,-144.607466,621.906779,59.968790,0.007882,1,0
27.167000,-62.567512,208499.433895,177.455655,208251.235262,57.385984,207168.285590,95.570834,621.555219,-24.515566,618.292540,-144.468909,619.264849,59.960102,-0.009379,1,0
27.200000,-62.651618,207994.223144,177.348093,206485.563985,57.437303,207846.867758,95.597498,622.841317,-24.632736,624.580408,-144.687481,616.216552,59.965114,-0.004683,1,0
27.233000,-62.424849,208366.764885,177.672049,206279.141648,57.485089,207895.393322,95.679214,611.375528,-24.533834,618.139219,-144.331571,608.111458,59.964049,0.009893,1,0
27.267000,-62.586665,208415.432110,177.530095,207865.724587,57.481223,205435.823845,95.264193,617.028233,-24.384795,614.806632,-144.619698,615.491253,59.968110,-0.008492,1,0
27.300000,-62.454427,207489.834295,177.397261,208069.173740,57.371212,209604.594255,95.602203,615.270957,-24.760523,624.100310,-144.404859,614.168241,59.970756,0.004595,1,0
27.333000,-62.664138,210419.540458,177.528278,207784.819043,57.428682,209563.055241,95.657360,620.201833,-24.383490,613.923259,-144.538465,616.310685,59.975543,-0.001022,1,0
27.367000,-62.603397,207099.520230,177.522669,208850.812972,57.480481,207614.174347,95.161558,611.572001,-24.704208,611.751693,-144.397232,615.800531,59.978777,-0.011398,1,0
27.400000,-62.610729,205939.190948,177.294968,209357.628449,57.567586,207707.882906,95.143092,610.622684,-24.856885,610.165470,-144.647421,611.151053,59.966336,0.004774,1,0
27.433000,-62.529639,206358.244669,177.372884,206633.702651,57.324994,207417.471624,95.333277,602.411223,-24.891203,609.338777,-144.637469,612.934723,59.970324,-0.000645,1,0
27.467000,-62.667021,207436.032505,177.471387,207168.376155,57.501930,207613.061301,95.554245,610.171161,-24.446867,608.231234,-144.449289,610.854074,59.972297,-0.002918,1,0
27.500000,-62.762778,205700.015785,177.514066,209250.759888,57.465362,204916.388806,95.417187,610.172191,-24.547936,614.365356,-144.747095,602.687629,59.971933,0.005133,1,0
27.533000,-62.576589,206460.421032,177.599145,206025.908276,57.483056,207356.744959,95.362755,604.904982,-24.548534,606.696198,-144.419624,603.293674,59.974510,-0.003490,1,0
27.567000,-62.524206,208386.548161,177.506448,206072.543807,57.539873,207173.167188,95.167181,611.187515,-24.694736,608.165800,-144.343871,607.780134,59.967401,-0.002244,1,0
27.600000,-62.588174,207554.653014,177.732151,208840.976135,57.616248,206172.128991,95.468679,606.183890,-24.515164,608.091065,-143.991203,609.294547,59.973230,-0.014273,1,0
27.633000,-62.525445,206004.895010,177.345014,206588.968763,57.528598,206112.460826,95.520975,615.117010,-24.746621,609.256895,-144.197686,612.801902,59.957255,0.009734,1,0
27.667000,-62.634113,206016.728124,177.402445,207441.222665,57.398672,207404.208326,95.054980,611.745207,-24.750386,604.334274,-144.626280,605.279982,59.955406,0.007727,1,0
27.700000,-62.527421,208020.196794,177.281328,207555.385317,57.525414,206544.599991,95.322080,603.692252,-24.533207,608.082561,-144.590990,612.196912,59.969779,0.002256,1,0
27.733000,-62.489460,207901.525320,177.397665,207759.303502,57.424694,208020.714034,95.346104,613.590105,-24.294055,607.974216,-144.237246,608.535404,59.966781,0.000268,1,0
27.767000,-62.725273,206493.690191,177.456316,207215.835418,57.458606,206595.240904,95.650853,610.738377,-24.673697,616.763618,-144.375533,615.424611,59.963740,-0.010194,1,0
27.800000,-62.581031,207604.008438,177.340837,208098.729420,57.370960,205456.059032,95.422441,610.414481,-24.436205,611.745977,-144.445238,613.720115,59.965657,-0.001161,1,0
27.833000,-62.596901,206964.340264,177.462129,206271.092416,57.474029,206606.007614,95.178808,615.434137,-24.630901,610.891285,-144.735609,614.394424,59.964974,0.001586,1,0
27.867000,-62.571929,210442.036493,177.540655,206782.472928,57.256953,206830.793174,95.571512,612.010421,-24.561312,621.109697,-144.822202,613.720302,59.965977,-0.006327,1,0
27.900000,-62.523094,206036.203776,177.543422,207162.015453,57.452627,205461.205074,95.366697,611.836050,-24.365526,612.770431,-144.562847,612.686577,59.962213,0.002131,1,0
27.933000,-62.703066,207183.096245,177.240400,206326.302232,57.398878,205557.596197,95.415757,612.381005,-24.864220,608.862473,-144.521262,613.193182,59.956835,-0.000192,1,0
27.967000,-62.448338,206036.943260,177.261631,206233.851192,57.520302,207275.921745,95.505969,606.735604,-24.790315,611.386909,-144.448960,608.025308,59.962263,-0.010376,1,0
28.000000,-62.632129,205349.332964,177.144418,204962.941492,57.552236,204058.800899,95.211270,605.581335,-24.703089,612.133799,-144.822783,610.751486,59.965708,-0.013366,1,0
28.033000,-62.509105,206660.390350,177.590422,207623.816771,57.444406,207452.994094,95.274707,616.243378,-24.381779,609.551114,-144.703571,606.944060,59.969428,-0.005489,1,0
28.067000,-62.442649,207442.190310,177.386404,206099.180455,57.411157,206640.967188,95.154518,612.315884,-24.741001,606.462688,-144.586594,614.575361,59.959993,-0.000455,1,0
28.100000,-62.635462,207052.969062,177.365271,205748.440005,57.418424,207774.529937,95.255092,613.107107,-24.391520,610.261045,-144.397639,615.103866,59.962721,-0.006336,1,0
28.133000,-62.727449,206570.952944,177.338460,207122.784221,57.299346,205249.688687,95.209931,606.540465,-24.711094,608.932276,-144.670279,606.629305,59.965382,-0.001293,1,0
28.167000,-62.656614,205425.141899,177.299566,206403.777325,57.415418,206068.074892,95.137984,607.121716,-24.877281,611.872240,-144.422610,613.342495,59.966425,0.006186,1,0
28.200000,-62.577175,207019.915406,177.403277,206870.878728,57.210021,204259.348642,95.533327,611.881090,-24.599784,615.470604,-144.511467,616.308956,59.965409,-0.002017,1,0
28.233000,-62.725102,205552.830575,177.250137,206241.355139,57.297832,205816.502836,95.205599,604.795693,-24.849166,611.226841,-144.830308,612.751364,59.970141,-0.004897,1,0
28.267000,-62.675647,207050.668602,177.185211,206465.006718,57.282819,205366.083181,95.251762,612.500559,-24.597817,613.073617,-144.713704,610.291073,59.969391,-0.004941,1,0
28.300000,-62.714823,206542.315423,177.245300,207245.430057,57.183769,205809.512158,95.453652,607.142862,-24.901084,610.022647,-144.963302,614.940436,59.973212,-0.005635,1,0
28.333000,-62.560408,206165.617307,177.083293,207122.732455,57.209371,205474.559553,95.200927,616.874742,-24.947188,615.452956,-144.714928,609.609327,59.969669,-0.011853,1,0
28.367000,-62.556338,206919.078776,177.354129,206674.560190,57.236166,207352.391541,95.282220,608.216525,-24.852678,611.362080,-145.224975,605.828005,59.965576,0.001818,1,0
28.400000,-62.588963,205537.761841,177.261097,206264.440379,57.150574,205078.938174,95.295194,609.648072,-24.676462,612.162110,-144.477947,609.543759,59.976988,0.003768,1,0
28.433000,-62.740476,205442.088517,177.164918,207687.040664,57.088562,205525.763892,95.211799,608.595713,-24.775352,607.676865,-144.672115,600.996832,59.975200,0.004033,1,0
28.467000,-62.822758,206891.460468,177.095118,206614.923686,57.153345,206698.110898,95.208007,612.781984,-25.008560,619.448396,-144.562570,620.259923,59.973241,-0.009179,1,0
28.500000,-62.653212,206316.891284,177.341620,206420.199225,57.091770,207175.048133,95.207226,616.607080,-24.666540,607.974589,-144.624777,614.384806,59.977639,0.002881,1,0
28.533000,-63.003713,206261.338921,177.093689,205625.907396,57.270898,206248.841169,95.340157,613.194650,-24.937709,610.362533,-144.630995,614.635018,59.974461,0.009270,1,0
28.567000,-62.706027,205040.196363,177.091609,205232.179661,57.017445,205638.481143,95.126384,610.204879,-24.720008,606.766384,-144.732074,611.665117,59.976340,-0.000011,1,0
28.600000,-62.801222,204755.990202,177.270991,205690.322343,56.955335,206333.644020,95.015661,616.869475,-24.832593,609.440981,-145.062432,615.095310,59.973517,-0.002860,1,0
28.633000,-62.791974,206878.360816,177.136998,206134.015007,57.224447,207257.016812,95.044946,617.335952,-25.165461,611.014004,-144.392207,609.343908,59.970522,-0.006156,1,0
28.667000,-62.717125,205866.203013,177.187869,205230.355596,57.184744,205088.134017,95.238236,618.156318,-24.952546,612.317306,-145.016496,610.899497,59.969912,0.001410,1,0
28.700000,-63.014058,205797.257126,177.075162,204827.915810,57.275752,207428.421146,95.129146,615.621726,-25.060261,619.176480,-144.577342,617.712307,59.973636,0.017631,1,0
28.733000,-62.790151,206578.381293,177.241284,205720.184861,57.204189,204925.224512,95.322848,612.856764,-24.823828,620.977104,-144.686754,614.442688,59.970522,0.014506,1,0
28.767000,-62.897781,208752.134214,177.039751,206605.707394,57.463668,205962.013381,95.186596,614.669680,-25.165635,614.425300,-144.705878,612.821778,59.976868,0.005816,1,0
28.800000,-62.653253,206239.298046,177.265426,207225.397541,57.370986,206232.427918,95.242529,613.099325,-24.590357,616.118113,-144.696431,612.343731,59.973553,-0.000998,1,0
28.833000,-62.649804,205720.647956,177.116611,206625.193443,57.053612,204918.166902,95.328972,611.183360,-24.581589,608.862637,-144.850451,616.215725,59.983035,0.006994,1,0
28.867000,-62.751209,205075.754349,177.292746,204982.522263,57.277273,206718.682120,95.365927,617.449452,-24.817652,609.883721,-144.859500,614.214826,59.980634,-0.001152,1,0
28.900000,-62.932549,206143.186006,177.108821,207824.761708,57.268444,206793.274060,94.994838,609.082149,-24.791601,614.659786,-144.661498,611.692983,59.971008,-0.000301,1,0
28.933000,-62.744046,204006.482018,177.181375,206521.022594,57.375663,206633.347959,95.416158,607.436458,-24.812531,613.924864,-144.574374,608.920161,59.972865,0.004143,1,0
28.967000,-63.052759,209438.468861,177.311870,206368.704257,57.116383,205126.696086,94.827194,610.467290,-24.277181,609.930848,-144.986268,607.572531,59.964959,-0.011492,1,0
29.000000,-62.901364,206709.258992,177.369785,207029.340825,57.208721,205847.272936,95.243958,617.193997,-24.665057,614.467547,-144.920624,619.854555,59.973599,-0.003697,1,0
29.033000,-62.806817,207506.189823,177.133133,206363.962756,57.243203,205841.311127,95.015108,610.017479,-25.191094,621.525999,-145.108480,621.040373,59.974167,0.001579,1,0
29.067000,-62.847634,206196.961467,177.261595,205843.654556,57.327810,206175.125902,95.250054,607.292796,-24.724557,617.356627,-144.952734,616.613345,59.971724,0.003825,1,0
29.100000,-62.684474,205377.167150,177.117988,206906.445776,57.242011,206382.711364,95.138218,617.144813,-25.015387,617.101855,-144.843742,612.590801,59.974549,0.003817,1,0
29.133000,-62.854404,206730.427699,177.107141,205858.304195,57.189716,206147.646430,95.258599,617.332133,-24.839126,620.632648,-144.910169,619.091501,59.975059,-0.007522,1,0
29.167000,-62.799636,207518.696921,177.382593,206306.314129,57.193912,205676.082076,95.425467,615.391425,-24.654854,614.054411,-144.860164,615.160235,59.972970,0.011116,1,0
29.200000,-62.834962,206942.431800,177.334883,206639.155752,57.156256,207050.166152,95.353212,613.897646,-24.619207,615.239092,-144.810092,615.782891,59.977646,0.003242,1,0
29.233000,-62.992455,207203.118909,177.285298,208440.448750,57.257532,206443.815775,95.008433,611.910260,-24.854813,617.462498,-144.758447,615.147899,59.971348,0.003531,1,0
29.267000,-62.934028,206978.131504,177.362884,206949.847824,57.376779,205847.044686,95.299600,613.809768,-24.275533,618.269124,-144.883239,613.817415,59.974340,-0.000405,1,0
29.300000,-62.861769,206631.980527,177.123723,206854.363227,57.256781,207614.354594,95.260861,611.752265,-25.057592,615.783213,-144.549158,609.451187,59.976584,0.001834,1,0
29.333000,-62.867279,206574.885815,177.291724,205397.215975,57.258618,206710.815766,95.011606,612.759587,-24.560484,610.700648,-144.713329,616.676435,59.964832,0.015125,1,0
29.367000,-62.918996,207709.429134,177.254853,207031.552852,56.990827,206690.356545,95.132686,610.119937,-24.652194,617.360039,-145.030320,613.050947,59.972132,0.002806,1,0
29.400000,-62.750479,207276.737788,177.312988,206650.790930,57.224278,206064.765644,95.236696,611.192983,-24.800258,616.027414,-144.943690,615.137656,59.963777,0.009185,1,0
29.433000,-62.933530,206375.698405,177.171248,206718.479623,57.310694,206309.373277,94.996116,612.015343,-24.917024,610.707572,-144.386118,610.103612,59.966235,0.008015,1,0
29.467000,-62.679289,208152.804161,177.260701,205888.429530,57.084426,206537.975101,95.441450,616.245739,-24.617836,614.134722,-145.126285,618.640678,59.964825,-0.005918,1,0
29.500000,-62.673335,207104.603896,177.275607,206689.538540,57.203411,206545.233742,95.368095,617.984351,-24.420204,619.228331,-144.980566,616.468473,59.961739,-0.004639,1,0
29.533000,-62.695313,206641.009064,177.225455,205412.411506,57.170984,205628.162875,95.351151,614.985797,-24.629271,609.961489,-144.888846,614.467086,59.967382,0.002966,1,0
29.567000,-62.903310,210403.894825,177.287202,206643.461059,57.374155,206033.667332,94.747082,614.398805,-24.753635,617.595675,-144.658009,613.509465,59.963435,-0.009080,1,0
29.600000,-62.895663,205269.623969,177.403271,208308.878619,57.473679,207276.331520,95.129001,615.269639,-24.480285,618.416998,-144.413678,614.577482,59.958904,0.009710,1,0
29.633000,-62.793804,206648.990039,177.347498,206761.891198,57.055834,206982.359455,95.243880,615.968515,-24.662138,612.900560,-144.592836,612.959529,59.968204,0.007158,1,0
29.667000,-62.687400,207420.868724,177.204316,205987.921490,57.373640,206592.941536,95.355771,613.125202,-24.693645,619.988821,-144.400708,616.574805,59.962443,-0.002219,1,0
29.700000,-62.662468,207992.749360,177.184758,207143.528912,57.251582,207372.018235,95.531538,620.091809,-24.703114,615.618368,-144.733584,618.076308,59.957845,0.006163,1,0
29.733000,-62.765685,207840.495797,177.225237,208170.298450,57.380833,207091.615859,95.157316,614.403805,-24.789429,613.920071,-144.685527,611.074113,59.968390,0.000720,1,0
29.767000,-62.809381,206985.120346,177.321482,206569.572726,57.190201,206800.028903,95.043577,619.163066,-24.573602,622.807685,-144.661999,613.280802,59.968851,0.005918,1,0
29.800000,-62.927482,207828.932485,177.188254,207600.645021,57.225518,206297.107317,95.187457,614.568018,-24.600030,614.543890,-144.269867,614.787128,59.959246,0.002643,1,0
29.833000,-62.783552,207108.366757,177.179034,207941.415045,57.239884,205386.243652,95.475101,615.182223,-25.120573,613.935023,-145.001620,619.424499,59.966532,-0.008829,1,0
29.867000,-62.691312,205863.389011,177.182444,206256.484191,57.083567,205722.427400,94.977202,616.045602,-24.715006,616.953933,-144.844765,621.063540,59.966460,0.003666,1,0
29.900000,-62.711538,207898.589315,177.214219,207875.149620,57.169416,208763.592847,95.210093,610.986332,-24.504057,622.022093,-144.662814,622.605002,59.959961,-0.003695,1,0
29.933000,-63.069045,208159.195832,177.237709,206296.341203,57.271355,206549.998834,94.927351,614.642752,-25.025893,624.468050,-144.171260,615.984769,59.952830,-0.016601,1,0
29.967000,-62.831722,208907.390287,177.162193,207712.544456,57.147409,206920.012851,95.240497,621.159257,-24.661148,616.818413,-144.942518,622.559949,59.960485,-0.011212,1,0
30.000000,-62.782977,208614.909502,177.171895,207624.070698,57.315966,206533.181400,94.952971,626.109196,-24.902263,624.261402,-144.592074,622.727892,59.960157,-0.001818,1,0
