TIMESTAMP,BUS22_VA_ANG,BUS22_VA_MAG,BUS22_VB_ANG,BUS22_VB_MAG,BUS22_VC_ANG,BUS22_VC_MAG,BUS22_IA_ANG,BUS22_IA_MAG,BUS22_IB_ANG,BUS22_IB_MAG,BUS22_IC_ANG,BUS22_IC_MAG,BUS22_Freq,BUS22_ROCOF,DATA_PRESENT,Event
0.000000,-56.558707,209924.613766,-176.359246,210810.582195,63.438795,207824.027424,101.209441,1012.470026,-18.511937,1012.318405,-138.907997,1027.156151,59.959371,0.002840,1,0
0.033000,-56.579401,208679.390447,-176.743234,208579.945766,63.340731,209389.628788,101.222973,1019.214831,-18.669131,1003.799364,-138.606331,1022.347556,59.953528,0.002134,1,0
0.067000,-56.617025,207752.050030,-176.608885,208855.822696,63.429982,208854.506613,101.215274,1020.904684,-18.366775,1015.745043,-138.770484,1019.253472,59.958131,0.004550,1,0
0.100000,-56.614073,208841.981242,-176.631190,209103.006219,63.503382,209420.845385,101.433678,1021.491655,-18.393807,1023.267500,-138.352118,1009.099101,59.957450,0.011374,1,0
0.133000,-56.525135,208929.746424,-176.525817,209097.987562,63.400900,211059.939453,101.789144,1016.996043,-18.782713,1026.428401,-138.416450,1017.346306,59.957416,-0.006125,1,0
0.167000,-56.563242,207726.918261,-176.581026,208620.532613,63.450919,209715.807730,101.275206,1022.991973,-18.464050,1027.218455,-138.331470,1014.552511,59.954607,-0.005425,1,0
0.200000,-56.343274,210413.961797,-176.657191,213285.211456,63.437465,209287.691170,101.653254,1024.631773,-18.685596,1021.063008,-138.378362,1013.602647,59.952184,-0.003935,1,0
0.233000,-56.666305,209586.670918,-176.684370,208663.716103,63.330646,209119.575681,101.411656,1029.075123,-18.861421,1014.449359,-138.635527,1021.761553,59.949301,0.006820,1,0
0.267000,-56.938355,207213.469253,-176.835762,208271.127148,63.258682,209730.618573,100.989744,1021.118795,-18.865017,1019.926957,-138.626721,1012.291905,59.963112,0.003392,1,0
0.300000,-56.487833,208866.600084,-176.623796,206945.856446,63.465567,210662.381873,101.809471,1035.777468,-18.457700,1021.912905,-138.826712,1021.237227,59.947800,0.003792,1,0
0.333000,-56.762568,207560.471409,-176.675888,209602.023601,63.343437,209224.657871,101.368162,1020.559765,-18.418695,1010.943821,-138.678219,1010.307934,59.952296,0.000470,1,0
0.367000,-56.657128,209885.558513,-176.650196,206780.402075,63.370464,210122.332326,101.460099,1009.717140,-18.692372,1026.936562,-138.581272,1011.613309,59.956119,0.000079,1,0
0.400000,-56.825424,208864.890206,-176.651908,210394.742572,63.267270,208942.985578,101.057940,1007.508024,-18.979074,1022.974195,-138.678466,1014.864300,59.953147,0.002259,1,0
0.433000,-56.593366,208824.841833,-176.666531,207513.922272,63.228226,210241.388825,101.702957,1016.553965,-18.655861,1019.852380,-139.057531,1012.303286,59.944883,0.007478,1,0
0.467000,-56.585289,206914.882337,-176.572930,208395.243471,63.424976,208983.566233,101.234581,1020.803627,-18.720561,1024.830937,-138.732343,1015.259299,59.945830,-0.008532,1,0
0.500000,-56.705482,207958.585214,-176.411625,206622.703542,63.247030,208860.126038,101.241790,1022.865413,-18.475838,1023.776436,-138.450504,1014.123611,59.946268,0.000021,1,0
0.533000,-56.661353,209200.508632,-176.855285,209586.071045,63.309386,209522.589536,101.111223,1016.247472,-18.568386,1002.117303,-138.244939,1008.684290,59.944082,-0.001187,1,0
0.567000,-56.666123,208744.979478,-176.793822,208859.242951,63.398084,209149.438723,101.455343,1013.060730,-18.633324,1012.494504,-138.629874,1022.631478,59.946902,0.005259,1,0
0.600000,-56.829893,209385.682736,-176.666074,207505.665312,63.341649,208601.799216,101.385820,1003.081587,-18.788798,1004.317021,-138.486258,1031.924562,59.948671,0.001811,1,0
0.633000,-56.833602,207293.869019,-176.776065,208286.311388,63.382922,208982.143457,101.388271,1006.425595,-19.052419,1012.790288,-138.452168,1016.378162,59.959499,-0.014764,1,0
0.667000,-56.867837,207408.935647,-176.598874,208017.694935,63.330844,207785.057802,101.386013,1018.327535,-18.798124,1025.041408,-138.984070,1024.817634,59.947491,-0.012255,1,0
0.700000,-56.564271,206659.241562,-176.567979,208131.975797,63.555214,207251.346120,101.465683,1016.333557,-18.738260,1019.663220,-138.645556,1024.181839,59.947834,0.001606,1,0
0.733000,-56.742420,207460.453581,-176.720636,209530.782968,63.327202,208228.420631,101.381401,1009.764093,-18.678669,1023.110570,-138.850902,1018.221771,59.955462,0.005631,1,0
0.767000,-56.735498,208810.393419,-176.529059,209202.675258,63.446156,207964.836482,101.490751,1011.485970,-18.314817,1020.397431,-138.469899,1019.686541,59.943482,-0.005787,1,0
0.800000,-56.501680,206689.533900,-176.625796,207687.238924,63.436512,208762.452872,101.477533,1017.226803,-18.656832,1014.590147,-138.544111,1005.176903,59.950895,-0.002482,1,0
0.833000,-56.736644,206922.178786,-176.561161,206639.032259,63.319227,207371.202337,101.268383,1023.597248,-18.393151,1028.708656,-138.454063,1029.851810,59.945352,0.011830,1,0
0.867000,-56.473336,207935.351649,-176.582333,208683.108725,63.526750,209790.162424,101.564801,1027.042369,-18.555791,1020.657625,-138.502000,1026.250054,59.948058,0.005493,1,0
0.900000,-56.691355,207075.585367,-176.513905,208125.335234,63.234314,206438.654887,101.183284,1024.751408,-18.620407,1027.965140,-138.905697,1024.072248,59.941567,0.003912,1,0
0.933000,-56.447743,206021.348875,-176.572024,207559.899408,63.356714,207950.128234,101.582544,1011.754861,-18.450884,1028.766474,-138.608401,1022.161524,59.940373,0.001615,1,0
0.967000,-56.566534,207568.309741,-176.588262,207471.096675,63.341796,207417.930089,101.481877,1034.136857,-18.435316,1031.498991,-138.848425,1034.118405,59.953545,-0.004226,1,0
1.000000,-56.538677,208319.152738,-176.536570,208546.890217,63.508557,206568.036863,101.252442,1034.037732,-18.312814,1025.040363,-138.399832,1021.430995,59.960149,0.007216,1,0
1.033000,-56.542091,206534.014965,-176.466030,209693.033705,63.620143,208955.713398,101.434686,1034.870425,-18.427199,1037.686978,-138.393760,1041.529973,59.947228,-0.011742,1,0
1.067000,-56.583772,209624.904611,-176.382376,207128.958749,63.507384,206598.057559,101.365137,1037.473581,-18.218996,1034.001254,-138.411461,1030.517849,59.958483,-0.008756,1,0
1.100000,-56.494516,207751.388540,-176.629201,206246.428591,63.528218,209322.324247,101.425226,1018.874067,-18.511771,1028.241242,-138.378202,1024.291892,59.948700,0.000237,1,0
1.133000,-56.514980,209964.524976,-176.668877,207493.505299,63.526464,207914.542162,101.571600,1035.750534,-18.511139,1022.812456,-138.950624,1028.372316,59.952538,0.003357,1,0
1.167000,-56.369477,206453.063955,-176.547587,207752.397508,63.614694,208964.608750,101.497870,1019.061706,-18.363824,1025.659056,-138.097460,1028.641563,59.954730,0.000826,1,0
1.200000,-56.446506,208076.073396,-176.481973,207476.684730,63.366353,207884.172756,101.547027,1031.017713,-18.618499,1028.845674,-138.747787,1027.942046,59.958238,0.007075,1,0
1.233000,-56.491776,208333.812454,-176.474125,208284.314116,63.319895,206418.473398,101.576367,1024.210283,-18.332742,1029.394208,-138.695021,1028.758905,59.964009,-0.004901,1,0
1.267000,-56.701464,207903.926686,-176.505358,208871.324094,63.287266,207905.832434,101.390195,1026.044553,-18.551188,1025.732578,-138.790562,1023.761447,59.952162,-0.002308,1,0
1.300000,-56.533074,208846.621482,-176.680061,208171.353221,63.480884,209597.942140,101.389808,1026.156737,-18.382154,1026.217524,-138.484025,1032.456799,59.958595,0.003605,1,0
1.333000,-56.543539,205439.616065,-176.427697,207929.332284,63.413404,207965.071040,101.307946,1028.165708,-18.588232,1021.342061,-138.526684,1025.658090,59.959939,-0.001013,1,0
1.367000,-56.334643,206465.406248,-176.538946,206524.589506,63.522824,209198.875091,101.839107,1034.232297,-18.230120,1031.922649,-138.783813,1038.253349,59.959973,0.000901,1,0
1.400000,-56.361948,207987.808629,-176.352249,209334.518947,63.598723,208678.602098,101.573707,1030.178694,-18.289378,1024.931910,-138.701967,1024.816504,59.963394,-0.009512,1,0
1.433000,-56.554461,206936.542648,-176.525103,208198.602946,63.592268,208636.387626,101.588500,1032.427859,-18.638123,1025.118915,-138.430156,1030.006377,59.951423,-0.009365,1,0
1.467000,-56.430275,206451.908600,-176.702809,209057.495271,63.433541,207128.741401,101.430941,1025.443517,-18.746339,1031.846508,-138.724399,1021.072539,59.949266,-0.004473,1,0
1.500000,-56.473674,207466.515883,-176.417895,207811.477302,63.388852,207811.664029,101.357033,1016.691842,-18.155007,1028.026798,-138.437745,1024.261456,59.963872,0.010403,1,0
1.533000,-56.345574,208407.961769,-176.403901,208577.189165,63.571034,207711.178691,101.542224,1023.442837,-18.634892,1026.458878,-138.517468,1030.369968,59.960780,0.000509,1,0
1.567000,-56.444689,209222.187574,-176.432078,207394.978026,63.434607,208803.933730,101.498613,1020.940566,-18.361161,1020.041942,-138.533575,1016.260723,59.960867,-0.005203,1,0
1.600000,-56.387412,208565.324176,-176.442853,208449.926999,63.813756,209494.646460,101.689590,1023.700445,-18.147637,1009.037297,-138.376187,1020.879389,59.959491,0.008240,1,0
1.633000,-56.280688,206553.553643,-176.331055,208353.205462,63.634828,207612.124522,101.676309,1025.332982,-18.082037,1029.796912,-138.573714,1019.383754,59.969411,-0.010123,1,0
1.667000,-56.492519,208076.976535,-176.577426,208460.354488,63.700210,207730.463776,101.413581,1023.936159,-18.413867,1028.302767,-138.505538,1020.230782,59.963575,0.008568,1,0
1.700000,-56.432387,207541.781740,-176.365108,208324.661912,63.402640,207164.571142,101.509172,1015.224302,-18.455798,1032.150453,-138.725070,1024.402735,59.965068,-0.002511,1,0
1.733000,-56.224645,206023.101458,-176.421876,207277.752890,63.878812,207372.973415,101.751110,1026.170486,-18.284415,1018.439019,-138.147515,1025.333643,59.966910,-0.007407,1,0
1.767000,-56.506882,208387.224722,-176.328946,208728.586483,63.543932,207261.152766,101.560852,1027.712967,-18.174939,1033.415254,-137.883441,1023.356145,59.960840,-0.001352,1,0
1.800000,-56.530632,208002.244679,-176.341489,207012.217540,63.783732,206593.356614,101.648828,1023.008851,-18.442880,1028.662433,-138.207490,1029.289127,59.954463,0.003455,1,0
1.833000,-56.409453,207861.168567,-176.365043,206960.924510,63.699241,209617.872765,101.484846,1029.087214,-18.124751,1019.361141,-138.253192,1030.724306,59.957434,-0.008818,1,0
1.867000,-56.298835,208707.627063,-176.305655,207990.571904,63.650571,209037.351611,101.663262,1015.836120,-18.546462,1025.192149,-138.529815,1022.426167,59.968193,-0.003759,1,0
1.900000,-56.276630,210307.917185,-176.389217,208080.865196,63.575311,209167.278682,101.929652,1017.484586,-18.225965,1024.488559,-138.247390,1033.558542,59.966787,0.004782,1,0
1.933000,-56.414510,207121.693345,-176.399000,208455.122683,63.694415,208319.514702,101.483533,1030.184895,-18.431620,1025.270909,-138.276116,1028.419945,59.962796,0.002776,1,0
1.967000,-56.452197,207594.501635,-176.400433,208364.918027,63.704006,207617.859376,101.505272,1034.338594,-18.308565,1021.285819,-138.151411,1022.442416,59.960203,-0.000114,1,0
2.000000,-56.608233,208292.019014,-176.409820,208550.723014,63.654664,208590.680357,101.067898,1036.196905,-18.178608,1021.180855,-138.390929,1038.172586,59.963131,-0.007171,1,0
2.033000,-56.417464,206484.172056,-176.399525,207012.016443,63.369086,207016.136428,101.432466,1032.681170,-18.025386,1025.840777,-138.722596,1026.101239,59.962741,0.011244,1,0
2.067000,-56.375969,208008.630851,-176.417432,207671.603171,63.707719,207411.789818,101.733319,1040.191929,-18.504584,1025.604335,-138.382410,1023.436630,59.968253,-0.003292,1,0
2.100000,-56.465343,205945.120584,-176.174358,206810.027498,63.476438,207800.533831,101.380883,1032.797993,-18.025197,1036.275191,-138.277185,1027.213362,59.966190,0.004972,1,0
2.133000,-56.506600,208515.720337,-176.432401,207361.936868,63.427240,207373.811029,101.647643,1031.639968,-18.406512,1035.563600,-138.562764,1023.806557,59.965256,-0.002342,1,0
2.167000,-56.349382,208105.262130,-176.344886,207371.344360,63.608229,206917.289071,101.412569,1032.587700,-17.958784,1010.418912,-138.252909,1030.026423,59.957143,-0.003583,1,0
2.200000,-56.382415,206893.701367,-176.289426,206805.432337,63.721809,207678.153400,101.473378,1033.207227,-18.637640,1027.260735,-138.196490,1025.402728,59.962346,-0.017797,1,0
2.233000,-56.366091,207379.086327,-176.599119,207760.646842,63.461317,206386.379549,101.619875,1029.452921,-18.347448,1023.089184,-138.546385,1019.320932,59.968381,-0.001970,1,0
2.267000,-56.430033,208634.339616,-176.533753,208752.286392,63.340221,208564.107271,101.376508,1029.917911,-18.511297,1015.816565,-138.735037,1018.301130,59.958053,0.013240,1,0
2.300000,-56.248438,206659.417849,-176.584472,207015.947407,63.553598,207899.872208,101.627843,1026.970815,-18.906924,1031.978713,-138.713945,1023.735557,59.965599,-0.004304,1,0
2.333000,-56.530957,208162.956534,-176.590713,207012.548595,63.523078,207654.518294,101.375483,1033.133658,-18.838840,1018.326945,-138.689764,1019.623067,59.960056,-0.008693,1,0
2.367000,-56.570715,208325.258530,-176.635064,207272.544699,63.453976,205915.181085,101.673782,1023.539281,-18.554509,1025.966941,-138.924826,1017.435777,59.962072,0.004036,1,0
2.400000,-56.510722,206931.883767,-176.517025,206521.730603,63.472056,208863.892957,101.863741,1027.228409,-18.434770,1015.316949,-138.437809,1022.665666,59.955771,0.020783,1,0
2.433000,-56.441071,207267.434552,-176.381328,206417.981606,63.563042,209179.606010,101.509350,1019.129842,-18.469935,1021.430056,-138.567859,1025.538273,59.966047,0.012656,1,0
2.467000,-56.349239,205971.984447,-176.627336,207116.369705,63.718988,207727.553992,101.640270,1026.677275,-18.492387,1029.308871,-138.298454,1020.539842,59.968038,-0.008560,1,0
2.500000,-56.356925,206895.377021,-176.509097,207766.805574,63.539428,207966.801772,101.564312,1025.214891,-18.743680,1029.379533,-138.371025,1022.416161,59.966092,-0.007521,1,0
2.533000,-56.415692,205633.037206,-176.498022,206711.930943,63.555259,208009.840589,101.597388,1018.475658,-18.305861,1014.274518,-138.807838,1025.268284,59.960832,-0.003119,1,0
2.567000,-56.406344,205390.545931,-176.468561,206374.968988,63.735940,208490.572614,101.737216,1025.555157,-18.401437,1023.611897,-138.309674,1020.526246,59.964248,-0.005724,1,0
2.600000,-56.568448,206270.018721,-176.591183,208397.710518,63.305072,208681.718651,101.194682,1022.489497,-18.503581,1029.230504,-138.560968,1021.283232,59.969836,0.002692,1,0
2.633000,-56.491459,205895.402438,-176.490323,206056.004546,63.531566,209114.726843,101.632594,1033.003918,-18.755715,1028.637148,-138.782556,1025.565222,59.963123,0.006322,1,0
2.667000,-56.525272,206762.139939,-176.754384,207151.043705,63.540390,206604.707934,101.281314,1016.387329,-18.910974,1027.086260,-137.921951,1027.113201,59.961880,-0.007149,1,0
2.700000,-56.645264,205829.734734,-176.563908,206457.070957,63.601408,205493.611610,101.431642,1033.627165,-18.302312,1036.824264,-138.324133,1025.000878,59.965592,0.001849,1,0
2.733000,-56.448974,207258.581456,-176.638584,206966.068416,63.501635,208128.971026,101.626746,1025.432425,-18.526969,1020.793030,-138.517856,1031.278999,59.955928,0.000941,1,0
2.767000,-56.414677,206603.076336,-176.458220,208111.324704,63.528660,206595.673841,101.503448,1046.571811,-18.078637,1033.874448,-138.686619,1027.715883,59.961706,0.001303,1,0
2.800000,-56.479030,205867.169181,-176.453287,205815.675105,63.669658,207670.471988,101.618813,1026.914978,-18.706766,1037.120297,-138.471950,1034.434820,59.957103,0.014240,1,0
2.833000,-56.509146,205288.147096,-176.520673,205556.355097,63.605862,206314.141577,101.269920,1022.034907,-18.444838,1036.771356,-138.330238,1032.676603,59.962864,0.007406,1,0
2.867000,-56.419623,207440.951691,-176.595756,206496.014990,63.557621,206914.835420,101.531725,1033.020630,-18.524524,1043.143255,-138.438268,1034.442395,59.955165,-0.001532,1,0
2.900000,-56.431547,207819.198382,-176.444342,207700.908845,63.582360,205837.232616,101.541154,1032.009483,-18.294299,1023.815446,-138.188883,1036.050540,59.964332,-0.015595,1,0
2.933000,-56.333763,206345.051130,-176.504162,207983.866350,63.602509,207924.149613,101.751374,1032.582914,-18.242353,1031.402325,-138.579148,1034.171212,59.950594,-0.002646,1,0
2.967000,-56.455912,207226.239268,-176.353713,206393.674610,63.520809,207770.994959,101.644902,1019.715739,-18.021673,1029.852901,-138.829787,1031.933672,59.950462,0.001904,1,0
3.000000,-56.460323,206895.885591,-176.343468,208196.958523,63.747674,207002.123473,101.735089,1026.216283,-18.221260,1019.181864,-138.495520,1027.553344,59.946452,-0.005103,1,0
3.033000,-56.331837,207273.784352,-176.664210,205964.381695,63.611834,207043.404947,101.720998,1032.422407,-18.639478,1025.767442,-138.490494,1019.851546,59.954739,-0.002759,1,0
3.067000,-56.267302,207023.722096,-176.517399,206535.519962,63.665639,207596.074375,101.741032,1030.381626,-18.329507,1029.953254,-138.538654,1028.346705,59.955344,-0.007820,1,0
3.100000,-56.473288,207197.930905,-176.484841,205874.909681,63.626976,205665.500903,101.391441,1037.153031,-18.377158,1027.483179,-138.675182,1024.870998,59.956205,-0.000250,1,0
3.133000,-56.312964,208634.595291,-176.684572,207195.767451,63.663792,207269.642151,101.721940,1022.210910,-18.455658,1032.100817,-138.293547,1027.943305,59.948225,-0.002690,1,0
3.167000,-56.474297,206095.413357,-176.378418,206294.228157,63.583192,206024.766943,101.813002,1012.011615,-18.594284,1029.340573,-138.941551,1025.808213,59.955172,0.009234,1,0
3.200000,-56.426513,206640.722225,-176.295577,206480.013848,63.576702,207377.933327,101.668923,1027.651313,-18.598666,1031.202425,-138.545104,1031.543077,59.956581,-0.000338,1,0
3.233000,-56.341524,206433.767833,-176.330193,206168.980163,63.636058,207396.622394,101.756941,1018.080496,-18.422087,1030.102644,-138.332084,1022.825017,59.955859,-0.002118,1,0
3.267000,-56.458819,206111.473110,-176.534205,207057.104920,63.524490,207423.482641,101.269248,1027.203103,-18.496881,1023.714072,-138.652715,1028.039867,59.960619,0.014065,1,0
3.300000,-56.676459,205058.403849,-176.471491,207108.857645,63.411599,207284.995773,101.255249,1031.859268,-18.474656,1029.652387,-138.703361,1022.375118,59.958385,-0.003881,1,0
3.333000,-56.559218,206341.644321,-176.466485,207208.642210,63.721995,206890.905703,101.575055,1020.321031,-18.596693,1038.200038,-138.224442,1028.953498,59.952562,-0.014702,1,0
3.367000,-56.450461,208697.837368,-176.243739,206267.440342,63.795028,208455.234769,102.132482,1030.960555,-18.084360,1019.770929,-137.914509,1018.616237,59.961862,-0.007427,1,0
3.400000,-56.415692,207006.190676,-176.394771,207819.040264,63.499077,207688.895083,101.613452,1026.735150,-18.356563,1029.773570,-138.196559,1021.663899,59.953923,-0.001128,1,0
3.433000,-56.349903,205496.290724,-176.445251,205781.118338,63.517908,207079.323237,101.780610,1015.028759,-18.088319,1021.116552,-138.663718,1026.740236,59.963655,-0.006747,1,0
3.467000,-56.261976,207842.404788,-176.390208,205006.695802,63.559546,208545.156837,101.613193,1024.388204,-18.255049,1027.138083,-138.425541,1021.763813,59.950829,-0.010944,1,0
3.500000,-56.396850,207462.974861,-176.542209,206372.364249,63.656788,207780.632854,101.663965,1027.423397,-18.634710,1030.810362,-138.456121,1032.026872,59.962853,0.015072,1,0
3.533000,-56.241343,206425.157049,-176.432694,206914.222074,63.495698,207976.195696,101.790218,1038.943478,-18.517296,1032.641955,-138.395906,1038.575700,59.962619,0.012129,1,0
3.567000,-56.148263,209060.366219,-176.384660,206855.010596,63.604760,207324.828976,101.724021,1026.357759,-18.318170,1035.364901,-138.628702,1028.971960,59.959524,0.006717,1,0
3.600000,-56.405390,208157.064907,-176.397821,206104.848466,63.613344,206414.066722,101.408680,1041.646018,-18.556759,1035.659961,-138.434428,1027.334527,59.953033,0.001041,1,0
3.633000,-56.345963,207277.229355,-176.665438,205682.464803,63.708387,206413.437743,101.813522,1033.459836,-18.657777,1039.275659,-138.512720,1042.016748,59.955114,0.004867,1,0
3.667000,-56.303826,207328.036553,-176.287381,206218.211736,63.663176,206595.363915,101.729422,1028.458770,-18.345861,1029.743609,-138.299765,1028.547611,59.967632,0.006716,1,0
3.700000,-56.483736,207375.994215,-176.405530,205929.450103,63.521184,207858.362580,101.277492,1027.128572,-18.466482,1037.560536,-138.396965,1031.210831,59.960520,-0.004270,1,0
3.733000,-56.351002,206188.399526,-176.180072,206865.301364,63.681164,205883.807943,101.504318,1032.686172,-18.517424,1026.437323,-137.743520,1033.148034,59.967232,0.004789,1,0
3.767000,-56.556754,207220.239887,-176.502752,204878.595443,63.386547,207736.954439,101.769793,1021.761174,-18.146679,1028.254611,-138.657624,1031.384747,59.969023,0.012033,1,0
3.800000,-56.602293,207934.286610,-176.546565,206432.115422,63.445551,208473.342690,101.444374,1026.798147,-18.554995,1032.844873,-138.419403,1026.284516,59.966423,0.000922,1,0
3.833000,-56.389782,206517.498348,-176.562684,207442.345291,63.366752,205299.493479,101.661695,1028.301116,-18.488051,1031.510499,-138.499481,1023.212911,59.977975,0.002643,1,0
3.867000,-56.322324,207784.665394,-176.616537,206578.101345,63.477357,208015.205011,101.504970,1025.645667,-18.227076,1022.379641,-138.514666,1017.252189,59.976087,-0.003385,1,0
3.900000,-56.602410,209275.168450,-176.610760,207253.864223,63.627450,208825.905322,101.353921,1017.664303,-18.387754,1023.602330,-137.960710,1012.738069,59.973248,0.005301,1,0
3.933000,-56.454404,205814.029433,-176.491422,207069.014608,63.785487,208129.073389,101.409672,1022.939257,-18.732566,1020.102953,-138.385474,1021.383162,59.969393,0.018067,1,0
3.967000,-56.572431,206761.964364,-176.477931,204856.405538,63.358672,207200.497949,101.364172,1011.999518,-18.459316,1017.049831,-138.656745,1027.771500,59.964462,-0.001777,1,0
4.000000,-56.460588,207165.603202,-176.461358,207615.660358,63.500172,207410.700001,101.217616,1018.026432,-18.812833,1008.721895,-138.236489,1028.060874,59.967554,-0.007170,1,0
4.033000,-56.541680,205465.609426,-176.708603,207220.169912,63.487539,208366.756605,101.307258,1027.259095,-18.668873,1013.153608,-138.321356,1011.726265,59.973078,0.002296,1,0
4.067000,-56.684822,206921.618829,-176.416594,206062.615238,63.325655,207012.788232,101.199483,1023.080027,-18.239976,1020.203190,-138.764619,1017.179939,59.984007,-0.010285,1,0
4.100000,-56.616506,206958.175085,-176.434905,207863.078296,63.635544,206106.157174,101.543268,1017.966441,-18.477825,1028.108070,-138.169953,1016.438072,59.983937,0.009896,1,0
4.133000,-56.809219,209110.921987,-176.507773,207148.672595,63.524480,206977.412222,101.170080,1024.403335,-18.438467,1020.954412,-138.260368,1015.503759,59.973775,0.009306,1,0
4.167000,-56.407126,208030.219561,-176.451745,208139.583872,63.539335,207151.831239,102.045257,1019.443858,-18.479415,1030.194736,-138.772553,1024.204112,59.979922,0.005507,1,0
4.200000,-56.534435,206904.217935,-176.586071,207224.206692,63.549961,208043.220688,101.330901,1005.634129,-18.820806,1019.707390,-138.492245,1022.703979,59.982757,0.002814,1,0
4.233000,-56.457544,208090.969892,-176.678655,205207.326732,63.443528,207626.532373,101.498759,1013.368033,-19.109779,1028.135571,-138.359106,1010.708393,59.977965,0.004167,1,0
4.267000,-56.620782,205518.652997,-176.517651,208181.479994,63.366501,208663.360160,101.111976,1010.511979,-18.459796,1013.002153,-138.777901,1010.231262,59.985413,-0.010221,1,0
4.300000,-56.686784,208251.847292,-176.435343,205369.548743,63.467791,205866.937720,101.482762,1018.897875,-18.411329,1026.714414,-138.670541,1022.458905,59.989780,0.003804,1,0
4.333000,-56.473891,208065.498469,-176.672999,208043.015047,63.456354,206288.072149,101.350933,1009.190827,-18.850726,1018.456652,-138.724212,1011.705104,59.985121,0.009242,1,0
4.367000,-56.591346,208133.092459,-176.535661,207894.097568,63.669833,208487.004878,101.645145,1013.284097,-18.465715,1010.544098,-138.486971,1021.634513,59.990208,-0.007923,1,0
4.400000,-56.673205,205809.467924,-176.563563,206771.317235,63.484832,208539.371760,101.179269,1026.688391,-18.769525,1005.334448,-138.666657,1001.883560,59.990524,0.002022,1,0
4.433000,-56.570090,207099.962242,-176.789029,207300.774401,63.426698,206207.358789,101.483734,1016.424650,-18.878252,1026.501328,-138.533291,1020.885504,59.990613,0.004517,1,0
4.467000,-56.475214,207315.867130,-176.441583,208033.184915,63.263796,207826.590448,101.543090,1019.625262,-18.606674,1026.078112,-138.599503,1009.662220,59.980809,0.003653,1,0
4.500000,-56.672239,208991.665701,-176.611202,206560.985257,63.372990,207028.309008,101.481786,1025.935353,-18.465630,1021.877888,-138.700229,1015.940144,59.977717,0.003214,1,0
4.533000,-56.578262,206812.511326,-176.621531,206849.159834,63.278168,206714.365238,101.492216,1019.818118,-18.419445,1025.260746,-138.867865,1014.794247,59.974127,-0.009743,1,0
4.567000,-56.498299,207928.925483,-176.585857,206531.578106,63.470920,206777.520500,101.448579,1022.850061,-18.738214,1015.399972,-138.326659,1021.036932,59.972540,0.003410,1,0
4.600000,-56.643303,208611.183082,-176.480347,208116.074987,63.530262,208839.833118,101.710754,1018.521323,-18.348721,1020.181372,-138.352210,1027.648191,59.979023,0.007458,1,0
4.633000,-56.473723,208651.519571,-176.570980,206391.440970,63.453421,209123.462921,101.282852,1019.379365,-18.670953,1023.916178,-138.475091,1021.993500,59.983561,-0.002831,1,0
4.667000,-56.755005,207157.852482,-176.682106,207659.786565,63.192057,208090.151737,100.953887,1032.793086,-18.751747,1019.229323,-138.963274,1032.150288,59.977744,0.006439,1,0
4.700000,-56.815264,207345.291731,-176.612458,207800.163802,63.388046,207169.388333,101.322620,1025.213913,-18.633535,1024.935630,-138.574571,1029.281558,59.975553,-0.002135,1,0
4.733000,-56.559868,207026.086233,-176.535526,209877.148977,63.454057,207982.792536,101.115016,1017.652028,-18.416789,1016.920371,-138.529423,1017.243200,59.972211,-0.009015,1,0
4.767000,-56.417916,208657.318797,-176.642738,208392.311154,63.330456,209083.835409,101.639851,1025.876116,-18.459440,1019.022802,-138.847115,1023.525637,59.964489,0.000593,1,0
4.800000,-56.562234,207733.314122,-176.481823,207975.240970,63.458705,206927.074614,101.989120,1020.169476,-18.664437,1022.208791,-138.778500,1021.459508,59.976883,-0.001765,1,0
4.833000,-56.542994,208770.586995,-176.656240,206290.218692,63.371542,207903.367161,101.398576,1017.929787,-18.675542,1017.036358,-138.461784,1023.846684,59.970781,-0.005200,1,0
4.867000,-56.648623,209403.488482,-176.502780,207449.144863,63.530930,207020.904591,101.469056,1017.565536,-18.257373,1015.639227,-138.723602,1012.056021,59.972599,0.007560,1,0
4.900000,-56.503019,208406.807776,-176.723148,209147.928258,63.525900,208979.586965,101.260027,1022.299812,-18.667252,1017.053791,-138.126388,1018.309712,59.973707,-0.002271,1,0
4.933000,-56.421208,206318.166488,-176.531888,207654.430541,63.513784,209525.766699,101.595332,1018.600511,-18.379837,1011.213895,-138.853284,1020.681876,59.973886,0.009150,1,0
4.967000,-56.683018,206546.121143,-176.553704,208462.331723,63.322742,206720.373289,101.344916,1004.049323,-18.353087,1020.398380,-138.507287,1017.781559,59.982822,-0.000017,1,0
5.000000,-56.502325,208090.133267,-176.541578,207743.335550,63.473894,207460.877164,101.730107,1022.226007,-18.408370,1021.698794,-138.620891,1017.163251,59.977374,-0.006423,1,0
5.033000,-56.641414,207831.064669,-176.620209,208063.321421,63.233106,208330.751160,101.240138,1019.665376,-18.708686,1014.599300,-138.991723,1022.629971,59.984718,0.013890,1,0
5.067000,-56.491123,206403.923280,-176.754768,208078.158831,63.454004,207016.010414,101.602085,1023.793000,-19.050053,1017.907667,-138.414943,1014.815661,59.980592,-0.011375,1,0
5.100000,-56.828621,206095.364291,-176.686477,205861.766366,63.461688,207053.902030,101.177671,1011.448535,-18.582434,1017.217595,-138.750458,1014.381282,59.988098,0.005497,1,0
5.133000,-56.519459,207620.714501,-176.811324,207419.657202,63.393890,207528.329541,101.521023,1015.320153,-18.973037,1018.476017,-138.959182,1032.388183,59.979241,-0.008816,1,0
5.167000,-56.621476,206612.142648,-176.760859,208022.761867,63.212281,208163.812942,101.609809,1022.703257,-18.873136,1013.475966,-138.623753,1016.406767,59.978623,-0.006255,1,0
5.200000,-56.806578,207252.615101,-176.696834,207621.691503,63.365116,207051.809082,101.104248,1022.010180,-18.587041,1016.115397,-138.416851,1016.171914,59.979240,0.003469,1,0
5.233000,-56.662596,206209.980081,-176.643423,207632.736897,63.324989,206085.276040,101.326778,1018.483549,-18.947869,1009.295841,-138.693026,1014.529894,59.975343,0.009843,1,0
5.267000,-56.709860,207656.391601,-176.650598,206149.565652,63.295910,207996.030791,101.212685,1008.888090,-18.283410,1014.497605,-138.907057,1014.268829,59.977411,-0.002522,1,0
5.300000,-56.667372,208355.043465,-176.693889,206887.947694,63.402051,207712.009728,101.492098,1014.509968,-19.013242,1014.468245,-138.719297,1000.656581,59.977468,-0.002472,1,0
5.333000,-56.733074,206015.019867,-176.708602,207023.279810,63.086517,209575.475936,101.191687,1011.955633,-18.886264,1009.957566,-138.989573,1008.302968,59.978087,-0.019619,1,0
5.367000,-56.765400,206222.167273,-176.800750,208273.924216,63.317656,208112.091460,100.937579,1020.691034,-18.791283,1002.056980,-138.489896,1009.968709,59.971984,0.011774,1,0
5.400000,-56.775106,205796.661472,-176.733517,206468.702529,63.358179,207248.683366,101.182270,1024.619330,-18.840334,1003.039820,-138.646867,1010.739669,59.975852,-0.003035,1,0
5.433000,-56.735670,207376.161058,-176.598082,208718.533639,63.383892,208299.429952,101.044280,1016.442717,-18.668698,1014.753025,-138.684092,1004.141438,59.964625,0.009892,1,0
5.467000,-56.530980,208663.947283,-176.448146,207217.680584,63.229973,208130.367703,101.645846,1000.801489,-18.287390,1012.910798,-138.453188,1009.921211,59.966198,-0.001283,1,0
5.500000,-56.878438,206830.673408,-176.953216,206910.129873,63.259161,206721.040480,101.246092,1016.548798,-19.002184,1010.848273,-138.528533,1006.830416,59.969132,0.002313,1,0
5.533000,-56.820398,208166.031411,-176.834095,206910.652218,63.344972,206031.606922,101.334477,1017.515517,-18.837848,1003.888832,-138.484656,1007.886838,59.968551,0.002262,1,0
5.567000,-56.844264,205336.678449,-176.615769,206477.514814,63.260995,207177.881534,101.174424,1008.749264,-18.360459,999.701360,-139.079468,1014.248979,59.974838,-0.002036,1,0
5.600000,-56.807664,206363.404786,-176.795889,207865.642327,63.086893,207869.099442,101.101450,1009.702940,-19.230399,1015.622978,-138.965931,1016.623893,59.968314,0.003221,1,0
5.633000,-56.790351,206662.935503,-176.688127,206494.005739,63.052193,207472.723386,101.272975,1004.772856,-18.770211,1008.999610,-138.868563,1009.695588,59.976480,0.002511,1,0
5.667000,-56.732856,207759.039619,-176.656239,208774.104278,63.265929,207332.968005,101.574108,1012.890499,-18.768748,1009.836782,-138.687704,1014.623821,59.970476,-0.001845,1,0
5.700000,-56.686147,205314.577978,-176.545214,207654.120885,63.135759,206258.418995,101.481001,1017.244619,-18.597453,1004.312173,-138.977263,1020.176074,59.971793,0.005624,1,0
5.733000,-56.732130,207582.910391,-176.649763,207439.234767,63.245560,208491.211805,101.061144,1017.714076,-18.599632,1017.657201,-138.844646,1018.582822,59.972638,-0.005155,1,0
5.767000,-56.629426,206700.174439,-176.775847,206597.304959,63.278353,207601.009508,101.552903,1015.882811,-18.582751,1020.265859,-138.743700,1024.276725,59.979123,-0.003262,1,0
5.800000,-56.823206,207875.428225,-176.694109,207559.768491,63.234767,208110.395138,101.180326,1020.722133,-18.446946,1022.949056,-138.928101,1015.006393,59.972700,0.001102,1,0
5.833000,-56.656623,209499.289189,-176.748410,207502.662832,63.424294,208823.908490,101.370715,1019.196973,-18.877917,1009.270081,-138.715212,1011.190239,59.975088,-0.006768,1,0
5.867000,-56.532438,207799.345206,-176.713881,208464.347423,63.444208,209290.647227,101.510325,1019.750706,-18.728497,1015.175498,-138.230195,1022.680284,59.972924,0.007396,1,0
5.900000,-56.737129,206892.658959,-176.685529,207387.083972,63.352088,206263.737648,101.344815,1011.938247,-18.713656,1006.816349,-138.710567,1013.493559,59.979568,0.004536,1,0
5.933000,-56.740375,206267.244659,-176.787817,208267.349869,63.249568,207802.446416,101.400380,1021.426982,-18.644192,1021.041685,-139.133130,1020.495346,59.979075,-0.011122,1,0
5.967000,-56.838720,207469.916345,-176.823612,206835.107813,63.191926,207199.455066,101.039567,1019.323441,-18.524394,1035.126608,-138.698665,1016.009206,59.977538,-0.007296,1,0
6.000000,-56.870367,207514.848000,-176.851547,206504.604752,63.346640,208084.863229,101.006835,1024.870390,-18.863793,1011.062669,-138.879889,1017.522465,59.982112,-0.008235,1,0
6.033000,-56.876469,207070.585134,-176.680972,207330.599486,63.293781,205246.196970,101.408426,1026.355414,-18.727618,1022.443821,-138.719887,1030.692298,59.974874,-0.003664,1,0
6.067000,-56.857694,207979.885003,-176.618762,208392.376934,63.282285,207365.903386,101.220215,1020.254028,-18.432698,1028.067500,-138.801626,1013.539722,59.978959,-0.006072,1,0
6.100000,-56.865111,207465.169999,-176.763850,208764.084615,63.318297,210529.754903,101.451617,1019.913150,-19.031977,1016.983713,-138.768532,1013.610395,59.968572,-0.009369,1,0
6.133000,-56.642884,206236.131334,-176.930034,207013.511903,63.253334,206433.072982,101.575562,1023.569988,-18.964089,1022.342581,-138.887882,1015.162088,59.974853,-0.001195,1,0
6.167000,-56.817558,208478.462245,-176.846517,206121.826167,63.142610,206913.026558,100.968323,1025.945453,-18.853267,1025.088101,-138.600279,1025.864607,59.971289,-0.005209,1,0
6.200000,-56.670642,207193.355293,-176.769019,206585.690652,63.118362,207592.621776,101.274269,1025.776646,-18.834507,1021.529985,-138.662461,1035.346377,59.967713,-0.003329,1,0
6.233000,-56.907243,206919.107082,-176.671694,207982.082434,63.237862,205967.394408,100.856989,1022.965189,-18.755727,1028.977396,-138.763461,1024.685927,59.968956,0.014883,1,0
6.267000,-56.871136,206959.751245,-176.809522,206608.952868,63.172687,207415.770985,101.183827,1023.784979,-18.914217,1025.514547,-138.646322,1023.513785,59.969462,-0.001405,1,0
6.300000,-56.921243,207961.951733,-176.583248,206461.925435,63.339209,205598.653633,101.185268,1029.858662,-18.862556,1022.167526,-138.883808,1025.233363,59.963368,-0.009218,1,0
6.333000,-56.728559,206269.451655,-176.892718,206766.302821,63.117727,207845.561514,100.995115,1036.770408,-18.928627,1035.489550,-138.899640,1022.386797,59.956349,0.016451,1,0
6.367000,-56.707703,208359.484971,-176.684699,207546.228471,63.193915,207121.206768,101.520412,1034.098553,-18.803717,1035.262050,-138.805580,1026.899341,59.960379,-0.002760,1,0
6.400000,-56.669022,206156.096701,-176.745335,206724.685934,63.487627,207139.758551,101.477686,1028.866972,-18.652005,1027.071005,-138.722365,1031.230652,59.965286,-0.003356,1,0
6.433000,-56.835984,208055.162996,-176.736103,206720.600275,63.381144,207842.696831,100.728663,1034.702056,-18.454085,1029.477735,-138.914046,1029.649435,59.969926,0.009379,1,0
6.467000,-56.548067,208383.213373,-176.872993,205347.394473,63.114175,207432.703834,101.106699,1025.203283,-19.027322,1035.860388,-139.257199,1031.098487,59.959863,0.017584,1,0
6.500000,-56.746246,208444.124345,-176.659148,207219.534238,63.259644,207397.926801,101.277759,1022.843696,-18.601104,1028.839669,-138.584107,1031.770679,59.978749,0.000462,1,0
6.533000,-56.765440,206769.963356,-176.621076,205424.466962,63.240472,207143.145273,101.174171,1028.703558,-18.968059,1033.047568,-138.908370,1029.442720,59.972735,-0.003047,1,0
6.567000,-56.705447,207839.652343,-176.955485,207792.927456,63.137029,208219.417456,101.353289,1022.096836,-18.979901,1029.857984,-138.806641,1015.583612,59.970861,-0.001359,1,0
6.600000,-56.493222,206194.185344,-176.763405,205635.246111,63.314728,206753.651098,101.755085,1019.623275,-18.831358,1021.754018,-138.571029,1027.619494,59.963319,-0.000025,1,0
6.633000,-56.745765,206176.468831,-176.889442,206458.024401,63.248675,207570.066901,101.129469,1026.782564,-19.004021,1015.870913,-138.764648,1015.516936,59.967986,-0.003885,1,0
6.667000,-56.756793,205869.969152,-176.781965,206263.480968,63.157888,208440.503478,101.363331,1026.813120,-18.848026,1025.640911,-138.577829,1019.022324,59.967251,-0.007954,1,0
6.700000,-56.766516,205806.521606,-176.743437,206456.069500,63.248703,207627.697426,101.057859,1025.114256,-18.825860,1016.822545,-138.521139,1020.067035,59.961552,-0.009014,1,0
6.733000,-56.804071,206293.307072,-176.751921,206196.459636,62.990774,207014.276888,101.100739,1013.126564,-18.776026,1031.526127,-139.142900,1013.163771,59.969988,0.009583,1,0
6.767000,-56.880631,207702.978551,-176.624676,207129.385713,63.051044,206925.101341,100.644134,1015.803555,-18.526344,1023.555927,-138.643309,1009.191034,59.967231,-0.004666,1,0
6.800000,-56.738803,207414.023792,-176.805837,205932.949853,63.263975,208259.380104,101.243921,1025.136856,-18.442669,1026.037009,-138.688168,1015.469269,59.963278,-0.002588,1,0
6.833000,-56.703995,206830.028251,-176.827573,207952.852905,63.235205,208231.757251,101.099201,1027.782693,-18.612692,1023.216861,-138.929062,1027.144917,59.971621,-0.009673,1,0
6.867000,-57.001429,208716.568408,-176.748958,206190.904780,63.111530,207189.395942,100.806374,1016.299102,-18.710234,1018.628041,-138.635645,1013.199020,59.969800,-0.006272,1,0
6.900000,-56.782074,208035.239636,-176.833533,206348.658445,63.172008,209308.451849,100.982121,1010.199664,-19.376751,1013.236651,-138.984310,1022.797874,59.975610,0.010277,1,0
6.933000,-56.757649,207991.590696,-176.685517,205100.731236,63.187145,206788.789042,101.386980,1018.097212,-18.956008,1008.483090,-139.064830,1020.924353,59.973689,0.005458,1,0
6.967000,-56.782620,207032.285634,-176.924797,205039.780635,63.227598,206867.096332,101.108239,1012.621493,-18.674466,1014.270925,-138.740037,1029.257557,59.974430,0.010981,1,0
7.000000,-56.915297,207564.686718,-176.842014,204273.694712,63.176988,206344.027759,101.318398,1027.425640,-18.605872,1017.556873,-138.995477,1025.474055,59.969737,0.007574,1,0
7.033000,-56.954841,207022.384680,-176.877702,206989.171035,63.259985,205490.845734,101.096353,1010.325098,-18.910298,1011.657154,-138.564036,1019.393300,59.963550,-0.016289,1,0
7.067000,-56.896060,204942.780317,-176.886900,206848.223290,63.024425,205737.244983,100.860852,1021.809411,-18.799745,1021.318287,-138.661991,1010.262266,59.967022,0.004602,1,0
7.100000,-57.026620,206774.546843,-176.940249,207638.060591,63.158603,207719.519954,100.817295,1008.767156,-18.592862,1010.423284,-138.728006,1015.752609,59.970679,-0.005919,1,0
7.133000,-56.806478,206398.573178,-177.111310,207934.541271,62.913923,207141.194384,101.436680,1012.894848,-18.852529,1006.408208,-139.092853,1032.567227,59.966633,0.002981,1,0
7.167000,-56.852115,206551.692477,-176.669051,207692.444241,63.241347,208009.409982,101.145489,1002.189819,-18.655827,1019.013499,-138.642826,1020.764388,59.961837,-0.001311,1,0
7.200000,-56.959322,207716.209194,-177.125094,206739.699020,62.986373,205794.588265,100.899988,1010.324890,-19.622384,1013.886311,-138.997849,1006.232856,59.961036,-0.002488,1,0
7.233000,-56.898505,207619.662466,-176.844524,206078.331257,63.163402,205975.294952,101.261256,998.477142,-18.787908,1005.906391,-138.695434,1003.386740,59.954655,0.001658,1,0
7.267000,-56.957022,205511.425616,-176.888448,205029.222592,63.022536,205350.544302,101.131874,1007.073531,-18.820013,1009.584810,-139.098020,1015.472081,59.952811,0.002009,1,0
7.300000,-56.764338,207093.178091,-176.803546,205806.025883,63.059368,206993.475779,101.057404,1004.748012,-18.926137,1012.691936,-138.877923,1008.498795,59.952761,-0.008710,1,0
7.333000,-56.835330,205265.344983,-176.783180,205709.816349,63.114563,206793.342477,101.174767,1003.831008,-18.966495,1018.331252,-138.898832,1014.849369,59.951359,0.000748,1,0
7.367000,-56.929285,206795.622252,-176.874342,206569.178682,63.141334,208212.080055,100.813087,1018.844390,-18.849433,1004.978951,-138.813266,1007.680382,59.956962,0.012734,1,0
7.400000,-56.727720,209007.241021,-176.733352,207239.187292,63.260085,208963.513499,101.155945,1001.348369,-18.694537,1013.866789,-138.588579,1011.567041,59.959708,0.003805,1,0
7.433000,-56.992159,206646.870018,-176.785613,208688.632236,63.122676,207274.545340,101.097784,1008.243867,-18.670866,1018.222304,-139.403682,1010.956296,59.957220,-0.014071,1,0
7.467000,-56.818015,206481.030746,-176.935047,206279.746205,63.082538,208438.701716,101.139131,1005.498530,-18.888704,1015.970593,-138.592216,1004.572041,59.954826,-0.001797,1,0
7.500000,-56.984206,206678.935557,-176.969045,205609.448875,63.050354,208036.969526,101.125989,1014.511741,-19.047450,1007.109538,-138.992962,1012.103088,59.951475,0.001119,1,0
7.533000,-56.693615,207286.160355,-176.760580,209454.027651,63.139404,205479.783974,101.209489,1016.847324,-18.406605,999.462073,-138.950150,1008.874081,59.948126,0.007677,1,0
7.567000,-56.835717,207689.484145,-176.779834,207522.814695,63.068940,208190.442399,100.910499,1003.965665,-18.799679,1019.490426,-138.939966,1005.091143,59.956838,0.008223,1,0
7.600000,-56.892703,207157.676884,-176.937853,206470.241302,63.084781,207766.143384,101.156057,1007.276640,-19.032956,1016.327529,-138.687690,1003.019299,59.955191,-0.001287,1,0
7.633000,-56.926193,207110.813517,-177.001343,206857.125406,63.233887,207724.650942,101.143243,1012.869670,-19.074029,1007.808338,-138.429751,998.231383,59.961451,-0.001596,1,0
7.667000,-56.861207,205264.518194,-176.858632,208828.819478,63.127298,207235.218564,101.071403,1015.589826,-18.808729,1003.211341,-138.781210,1013.799007,59.955110,0.000839,1,0
7.700000,-56.786363,207239.925727,-176.835681,206526.905773,63.113606,207966.074289,100.935983,1005.963788,-18.632491,1008.225254,-139.083394,1011.090550,59.962849,-0.004745,1,0
7.733000,-56.858358,206770.560502,-176.917916,205595.805188,63.211785,207793.824330,101.010380,1011.387996,-18.835594,1001.796234,-138.639399,999.167930,59.958322,0.001912,1,0
7.767000,-56.860555,207277.258771,-176.801853,206573.174433,63.193798,207174.502316,101.017514,1001.606923,-18.664106,1003.298750,-138.933555,1008.062301,59.953055,-0.004947,1,0
7.800000,-56.770146,205636.967550,-177.064051,204773.935715,63.311684,207039.912063,101.096800,994.297444,-19.012593,1004.710891,-138.538426,1002.534789,59.955094,-0.005247,1,0
7.833000,-56.855269,204739.433162,-176.697375,206665.932442,63.156506,207319.699375,101.206771,1007.535344,-18.741620,1002.618769,-139.032057,1007.872914,59.960755,0.004470,1,0
7.867000,-56.961943,204331.349852,-176.669120,205874.958197,63.298898,208617.769061,101.139485,1011.509138,-18.583572,1005.339606,-138.967859,994.820276,59.954588,0.010732,1,0
7.900000,-56.733349,206519.254864,-176.912295,205003.518324,63.172571,207263.704309,101.094878,1001.948709,-18.957972,1001.362085,-138.994725,999.251589,59.964465,-0.005367,1,0
7.933000,-56.877275,205546.037962,-176.796599,206494.678880,63.230036,207319.206022,100.927858,1003.208166,-19.046756,994.907129,-138.611206,1002.889251,59.965712,-0.018405,1,0
7.967000,-56.720639,206212.876055,-176.801752,206292.127414,63.365631,207500.951754,101.326694,1007.514463,-18.651053,1003.929523,-138.715765,998.545066,59.959681,-0.004584,1,0
8.000000,-56.612841,205598.502894,-176.889956,203227.660330,63.317469,205753.933634,101.575051,1006.603893,-18.730373,999.114383,-138.644396,996.410721,59.959708,-0.002426,1,0
8.033000,-56.676797,207221.893083,-176.630384,203778.988499,63.305955,205272.257474,101.311575,1010.068315,-18.971624,1002.607797,-138.685627,990.068821,59.961522,-0.004885,1,0
8.067000,-56.950533,206430.817258,-176.923778,206987.340614,63.296669,207584.922173,101.015391,1000.037266,-18.418107,997.078140,-138.946303,1007.913635,59.967323,0.001557,1,0
8.100000,-56.796293,206623.420510,-176.681119,206377.750980,63.290457,207275.797712,101.567195,1003.302588,-18.618442,1000.518746,-138.874420,1004.484359,59.964960,-0.002434,1,0
8.133000,-56.697615,206110.951715,-176.596930,205768.380556,63.228759,206067.164670,101.459009,998.837162,-18.680731,1002.172719,-138.553632,998.678234,59.954189,0.001928,1,0
8.167000,-56.789392,206871.924389,-176.736782,206825.615226,63.118349,205070.413439,101.382427,1002.840141,-18.776329,1005.720973,-139.025946,1000.516871,59.965620,-0.020032,1,0
8.200000,-56.874186,207412.434590,-176.773499,205444.176029,63.253020,208115.639137,101.116476,998.524047,-18.809702,1008.029819,-138.567089,1005.127609,59.963082,-0.014748,1,0
8.233000,-56.796166,206129.667369,-176.517299,205858.741943,63.302782,205786.501994,101.113192,999.692198,-18.819069,994.112807,-138.864155,995.726841,59.966260,0.004018,1,0
8.267000,-56.870666,209157.078527,-176.709482,207299.606594,63.203514,207138.205907,101.197976,1005.642564,-18.796911,1000.353341,-138.949102,1002.202920,59.959022,0.003865,1,0
8.300000,-56.791961,203853.874008,-176.719603,205567.885164,63.161586,206305.640475,101.489753,1007.904508,-18.843653,997.793000,-138.932337,1004.582876,59.960803,0.006565,1,0
8.333000,-56.634666,206844.676472,-176.878000,205625.717726,63.396007,207163.631239,101.265056,1007.431187,-18.955292,1007.769148,-138.529942,997.183105,59.965215,0.008871,1,0
8.367000,-56.778749,206782.421933,-176.859343,208436.189983,63.258044,205757.683190,101.025627,1008.336403,-18.881339,1006.260808,-138.528380,1003.139383,59.967488,0.005628,1,0
8.400000,-56.727283,205723.472528,-176.746594,207498.484348,63.329564,206850.006067,101.063405,1001.363343,-18.424820,1000.622026,-138.919750,1007.403887,59.967758,0.013319,1,0
8.433000,-56.510854,206857.396783,-176.929894,205535.161878,63.240539,206322.546967,101.559475,998.126831,-18.791805,1005.265951,-138.892713,1005.559597,59.964579,0.000202,1,0
8.467000,-56.733522,205727.297749,-176.898487,206067.316238,63.081690,207507.130741,101.353966,997.660187,-18.700072,1005.288269,-138.927251,1014.259145,59.965711,0.005837,1,0
8.500000,-56.721388,207408.434436,-176.764336,206777.850784,63.116223,207008.405045,101.395190,997.417789,-18.568096,1001.203781,-138.866405,998.905305,59.965680,-0.005898,1,0
8.533000,-56.800515,205979.669993,-176.870466,205086.074781,63.085206,207066.610295,101.323956,1003.968535,-18.838443,1006.583288,-139.154536,1003.730589,59.964425,-0.000053,1,0
8.567000,-56.845847,205716.534161,-176.930246,208043.298036,63.185691,208937.132455,100.848336,999.701837,-19.029951,1006.468468,-138.600200,1001.223017,59.969054,-0.004162,1,0
8.600000,-56.619256,206426.089979,-176.690267,207933.425107,63.120028,207377.932820,101.503216,994.382031,-18.443931,1012.924653,-138.743584,995.076060,59.968966,0.011674,1,0
8.633000,-56.628048,207796.768957,-176.698517,206274.819823,63.297220,206273.277800,101.029047,1007.264423,-18.758935,1002.066319,-138.981013,1004.126043,59.959923,-0.000573,1,0
8.667000,-56.900366,205922.504790,-176.967048,206072.502936,63.121499,206569.594522,100.664321,1011.069808,-18.589023,1001.061828,-138.891232,1010.236422,59.963622,0.000521,1,0
8.700000,-56.648869,207058.518838,-176.833418,206457.188813,63.326784,206422.506471,101.065306,996.675455,-18.942314,992.772035,-138.497719,1000.288322,59.964816,0.005344,1,0
8.733000,-56.769600,205233.364481,-176.732149,206841.975231,63.201140,206139.637731,101.381004,998.342867,-18.686592,996.663643,-138.897575,1007.101712,59.972048,-0.001448,1,0
8.767000,-56.881007,206045.485973,-176.626475,206621.018822,63.061994,206141.258167,101.118692,1006.497628,-18.449090,1001.532943,-138.943534,1005.561882,59.958281,0.001010,1,0
8.800000,-56.933231,207210.133628,-176.784058,207286.296123,63.261306,207770.592449,100.957317,1009.489142,-18.902122,998.057190,-138.947482,999.512621,59.965205,0.003453,1,0
8.833000,-56.756770,206834.842167,-176.739845,206305.286774,63.255995,207912.710556,101.100887,1007.976785,-18.534413,999.658794,-139.014796,1003.190745,59.960903,0.000836,1,0
8.867000,-56.846937,206617.563130,-176.710207,208939.788697,63.116368,207064.658892,101.361982,1014.314489,-18.813749,1001.707838,-139.089200,1009.285411,59.964108,0.004200,1,0
8.900000,-56.626099,205505.264557,-176.734826,207659.459925,63.358688,205462.070179,101.421045,1015.163035,-18.890661,1017.005565,-138.708759,1007.200262,59.966214,0.000873,1,0
8.933000,-56.729353,206960.878718,-176.741214,206393.443756,63.068753,206126.682639,101.261155,1011.863240,-19.078473,1006.199268,-138.686295,1007.080481,59.959469,0.000610,1,0
8.967000,-56.704704,208003.420855,-176.746153,205989.920469,63.112919,208209.983883,101.124984,998.770268,-18.604792,1002.405525,-138.881795,1015.579255,59.968078,-0.004341,1,0
9.000000,-56.883113,207264.805215,-176.747566,206902.949967,63.120354,206637.908747,101.117312,1012.393318,-18.435266,1012.787825,-139.047764,1013.851868,59.964664,-0.005835,1,0
9.033000,-56.914111,206653.234117,-176.877880,206545.460175,63.081956,206025.742091,101.414572,1006.920235,-18.612357,1013.884411,-138.723040,1014.790895,59.972805,-0.002634,1,0
9.067000,-56.837048,207408.173332,-176.786477,205241.831591,63.068555,207451.994765,101.373749,1006.653985,-19.228922,1010.444772,-138.911349,1013.846789,59.969996,0.009315,1,0
9.100000,-56.746711,206994.662253,-176.952291,206258.410114,63.136314,206752.000565,101.179211,1007.958246,-18.987762,1022.114722,-138.731358,1007.859088,59.964999,0.007665,1,0
9.133000,-56.734803,206163.962170,-176.916161,204923.051669,63.103312,208624.567438,101.232412,1015.525940,-19.035609,1013.771888,-138.918926,1017.753973,59.971990,0.000752,1,0
9.167000,-56.733788,206505.567613,-176.724792,205878.734108,63.094697,206639.872576,101.080373,1015.157889,-18.904089,1010.927364,-138.678773,1021.648345,59.956082,-0.009013,1,0
9.200000,-56.896295,205780.023154,-176.787787,206046.735841,63.103556,207028.409238,101.094756,1016.507780,-18.691176,1021.582737,-139.132973,1011.871062,59.963723,-0.003591,1,0
9.233000,-56.860363,207016.213935,-176.858455,206802.799777,63.032051,206921.312689,100.960614,1014.075101,-18.919746,1005.316084,-139.193589,1011.398778,59.966791,0.004584,1,0
9.267000,-56.883975,206968.500014,-176.926289,207170.781605,63.250556,207833.910247,101.178435,1001.083170,-19.301419,1020.274803,-138.887147,1007.677159,59.965428,0.003891,1,0
9.300000,-56.841595,207459.898745,-177.103668,205253.590952,62.908485,206801.616432,100.849919,1009.635428,-18.875587,998.545277,-139.232978,1004.167332,59.971039,0.004474,1,0
9.333000,-56.739405,206510.716093,-177.154104,209006.306231,63.055053,205795.954586,101.158590,1016.216001,-18.967266,1014.749050,-138.910138,1010.248063,59.964929,-0.018563,1,0
9.367000,-56.902783,205780.389133,-176.983241,205843.471950,62.933525,207543.425902,101.228143,1021.595461,-18.829732,1009.352841,-139.435118,1019.624049,59.967012,0.007343,1,0
9.400000,-56.945778,205929.604091,-176.876904,206456.165674,63.139998,207977.083123,101.099951,1013.410269,-18.812997,1012.256049,-139.010862,1014.952839,59.964854,0.003800,1,0
9.433000,-56.859729,207164.120098,-176.964754,206735.463952,63.009093,205682.160732,100.976686,1013.607436,-18.962165,1019.203983,-139.008390,1015.630485,59.960156,0.001155,1,0
9.467000,-57.012859,206317.039241,-177.007494,206392.314107,63.048024,207667.576335,100.971861,1019.459868,-18.839448,1014.816764,-138.900586,1009.173769,59.967194,-0.006778,1,0
9.500000,-56.968934,207260.946303,-176.973455,207132.591401,62.925881,206248.490024,101.077291,1014.426950,-18.966094,1004.480406,-139.299970,1009.028644,59.968009,-0.014530,1,0
9.533000,-56.896398,208022.761036,-176.918110,207655.108491,62.958059,207131.846106,101.194432,1017.011168,-19.084870,1019.359647,-139.121515,1013.960218,59.974400,0.013200,1,0
9.567000,-57.015080,207723.136071,-176.969548,207837.447734,62.976581,207403.221097,100.823700,1003.766020,-19.209745,1018.465884,-138.825356,1003.141920,59.962222,-0.010725,1,0
9.600000,-56.973624,206749.048847,-177.071312,206949.001544,62.969418,208591.450460,101.033827,1005.796557,-19.017067,1015.748118,-139.022662,1009.172108,59.965489,-0.010790,1,0
9.633000,-57.160165,207874.031980,-177.091454,206892.607530,63.024513,208279.576268,100.943032,1017.513952,-19.455352,1017.095570,-138.837020,1021.399923,59.969147,0.000353,1,0
9.667000,-56.929774,207015.203277,-177.157493,208155.495200,62.944046,206301.384198,100.839220,1009.423865,-19.367739,1019.845114,-138.802375,1018.836068,59.962948,-0.003319,1,0
9.700000,-57.104320,206636.227284,-177.028967,206090.287101,62.933715,207066.901931,100.721418,1003.834625,-18.928048,1013.833974,-139.010052,1007.374939,59.968952,0.010538,1,0
9.733000,-57.195004,207686.198680,-176.834387,205867.068017,63.016521,207085.577016,101.235839,1008.561291,-18.695756,1005.022690,-139.066181,1004.188323,59.963617,-0.000934,1,0
9.767000,-56.990328,208752.575616,-177.041051,208030.462384,62.853043,206212.045933,101.180110,1010.009830,-18.977068,1001.339057,-138.988867,1011.520898,59.956626,-0.001623,1,0
9.800000,-56.912120,209265.879017,-176.806087,206177.541732,62.947995,207245.839951,100.853126,1012.925996,-18.640392,999.457881,-139.183686,1020.233689,59.968724,0.005303,1,0
9.833000,-56.800369,209548.411012,-176.924478,206904.602673,63.051975,205667.471471,101.229556,1002.746239,-19.037574,1010.182317,-138.921632,1009.789921,59.962670,0.005875,1,0
9.867000,-56.955186,206644.605497,-177.091697,207498.572958,62.857785,207892.946455,101.122923,1008.861285,-18.947058,1010.435260,-139.214830,1006.981400,59.962816,-0.014785,1,0
9.900000,-56.997223,206073.019333,-177.046552,208117.621818,62.905481,206235.617033,101.217977,1005.274448,-19.098249,1007.183094,-138.986870,1010.899137,59.967223,-0.001411,1,0
9.933000,-56.870740,207640.437028,-177.049176,207423.670072,62.935369,207771.465942,101.245270,1006.929335,-19.003206,1005.124256,-139.197299,1013.437086,59.959750,0.008245,1,0
9.967000,-56.901739,208359.674808,-177.101440,207116.142408,63.118188,207211.327095,100.990378,1005.612895,-19.353204,1002.049937,-138.767529,1007.981821,59.961040,-0.010183,1,0
10.000000,-57.187155,206176.146192,-177.066524,207881.683064,62.869892,208716.158513,100.660782,1006.713842,-18.915806,1003.305378,-139.072458,1002.003718,59.965787,-0.014784,1,0
10.033000,-57.067046,207594.282333,-177.047490,206943.371995,62.999350,207284.444045,101.064383,996.868898,-18.986208,996.044742,-139.482680,1001.169324,59.965933,0.000641,1,0
10.067000,-56.966270,208258.961640,-176.993151,208377.018013,62.946474,208289.585466,100.914229,1003.725909,-19.144801,1003.462388,-138.868936,1007.093672,59.964847,-0.001031,1,0
10.100000,-57.070587,207283.356568,-177.236402,206349.361060,62.868624,208551.892013,100.951625,1013.554547,-19.291282,1002.555767,-139.096074,1004.790747,59.960303,0.004189,1,0
10.133000,-56.887527,208248.910662,-177.118985,207296.476604,62.950672,207611.403764,101.075161,1004.504850,-19.340730,1004.127235,-139.112288,1012.319635,59.962835,0.009752,1,0
10.167000,-56.820753,208332.277162,-177.061303,206869.740178,63.078143,206872.556246,101.174889,1013.251874,-18.825206,999.543227,-139.007516,1002.744696,59.963837,0.009894,1,0
10.200000,-56.967509,209679.145321,-176.908570,207694.102327,63.168590,207640.380266,100.937907,1011.031377,-19.021414,1001.557803,-138.497733,1002.095260,59.959296,0.006371,1,0
10.233000,-57.007399,209693.615182,-176.930724,208454.278571,63.056376,206082.739466,101.050873,1015.089582,-19.376348,1000.680607,-138.829881,1004.251969,59.964096,0.000193,1,0
10.267000,-57.006352,208216.320577,-176.947522,208482.753475,62.915639,208213.323287,100.998823,1003.641962,-18.552092,1011.263819,-139.020039,1007.676009,59.961080,-0.001483,1,0
10.300000,-56.887438,208652.794958,-176.884112,207563.698207,62.922285,205652.634212,101.132980,1010.300153,-19.025847,1007.075492,-139.137772,1009.265460,59.959460,0.013444,1,0
10.333000,-57.071592,207504.095381,-177.024370,207869.653948,63.065781,209735.487610,100.658156,998.629783,-18.623420,1007.628351,-138.947945,1008.603620,59.951706,0.006233,1,0
10.367000,-56.944616,206668.375201,-176.846978,207925.069126,63.008438,208387.605870,101.085522,1004.423935,-18.904201,997.499356,-138.846812,1002.383196,59.956365,0.007052,1,0
10.400000,-57.026943,207911.727358,-177.163360,208037.726919,63.050113,208273.248340,101.052361,1005.703342,-18.839914,1001.372798,-139.089795,1013.051997,59.964147,0.003102,1,0
10.433000,-57.064541,206431.904905,-177.010515,205401.188061,63.078980,207485.056509,100.935117,1018.344697,-19.157903,1006.930004,-138.970399,996.023029,59.966962,-0.004665,1,0
10.467000,-56.752524,209071.833266,-177.024325,205964.705934,63.072319,207940.169884,100.956485,1010.431692,-18.876050,1010.739228,-139.280574,1021.072679,59.963683,0.000246,1,0
10.500000,-57.070312,207096.986606,-176.783591,206919.824397,63.193901,206444.691460,100.915269,1006.171370,-18.980439,1005.726970,-139.031175,994.179795,59.963106,-0.007452,1,0
10.533000,-57.091392,206916.540854,-176.984459,206871.420738,62.927339,208764.674692,101.091638,1011.676814,-19.279092,1012.021176,-139.164905,1007.493565,59.956045,0.005812,1,0
10.567000,-57.098842,207797.478699,-176.765848,207293.188453,63.112729,208310.562403,100.856275,1000.340721,-18.807551,997.765459,-138.856411,1007.223246,59.968250,0.006410,1,0
10.600000,-57.056262,207739.717302,-177.085981,207828.342380,63.170655,208288.003885,100.784937,995.889229,-19.162581,1009.856741,-138.674783,988.507029,59.967486,0.007576,1,0
10.633000,-57.073581,206331.158362,-176.912696,206128.667095,63.115883,207877.906564,100.898373,995.084562,-18.834425,1014.411460,-138.565719,1004.540476,59.959512,-0.004159,1,0
10.667000,-56.949495,207620.438212,-176.855040,206446.227444,63.004688,208347.400204,101.291167,991.213085,-18.903209,993.317577,-138.798097,999.850508,59.958357,0.005694,1,0
10.700000,-57.247586,207202.627530,-176.961694,208132.150118,62.727443,205531.587705,100.525529,1003.390212,-18.896572,979.992127,-139.493171,994.375971,59.975360,-0.002197,1,0
10.733000,-57.049751,209625.697678,-177.177563,206323.906764,62.990218,206139.864512,100.971126,1003.679603,-19.507085,1002.671818,-138.985787,1008.391115,59.966218,0.009866,1,0
10.767000,-57.063931,206331.515493,-176.894013,206817.068646,62.824141,206904.886786,100.957739,1008.778552,-18.514027,1008.237875,-138.985610,1006.361604,59.958820,0.002621,1,0
10.800000,-56.885984,207305.929259,-176.980938,208089.304447,62.969018,206466.810458,101.009696,999.839276,-19.036529,1005.104434,-139.009873,1018.773168,59.965729,0.013160,1,0
10.833000,-56.925950,205862.377188,-177.102825,206730.218470,63.053446,206622.530713,101.000362,1004.421359,-19.501757,999.851631,-139.252798,1012.141599,59.956850,-0.004929,1,0
10.867000,-56.950381,207210.443857,-176.762879,206515.771680,63.187920,207695.381699,101.060566,994.031194,-18.723255,1016.430111,-138.698686,1016.844257,59.956703,0.004408,1,0
10.900000,-57.123969,207205.601364,-176.902076,206777.190891,63.090691,207710.388985,100.986662,1012.539379,-19.035160,1022.543731,-139.281896,1016.584912,59.959506,-0.005831,1,0
10.933000,-57.037460,206445.064497,-176.937579,207516.830191,63.144230,206773.764396,101.224715,1014.137565,-18.797587,1018.474478,-138.970895,1014.829173,59.965625,0.001337,1,0
10.967000,-56.819484,206663.205930,-176.924388,206523.381977,63.185869,207483.370301,101.191150,1013.423516,-18.752076,1020.668211,-138.847563,1009.695667,59.956361,-0.011407,1,0
11.000000,-56.908302,205658.415377,-176.822306,207258.449762,63.037999,207555.152552,101.243055,1010.561632,-18.664891,1019.043197,-139.522149,1017.521640,59.952262,-0.004944,1,0
11.033000,-56.979536,205344.628289,-176.788609,206997.903963,63.233172,206989.113636,101.006312,1027.515851,-18.849123,1015.128977,-138.773251,1006.761288,59.951498,-0.012064,1,0
11.067000,-56.803036,207359.572917,-176.849394,205428.898340,63.090340,206654.683873,101.174751,1009.053316,-19.072627,1007.986497,-139.134966,1022.581418,59.949362,0.000051,1,0
11.100000,-56.845572,206697.555794,-176.813420,206887.304173,63.209975,207534.507660,100.848431,1018.086017,-18.402973,1009.314765,-139.298897,1010.884064,59.963319,-0.016244,1,0
11.133000,-57.034381,206010.160198,-176.909758,205721.954387,63.110118,205901.382574,101.028105,1010.458367,-18.827787,1010.548011,-138.765038,1018.860337,59.947316,0.007947,1,0
11.167000,-57.057304,205210.507106,-176.930829,208098.892352,63.054239,208045.547658,100.802356,1008.446802,-18.912905,1013.114168,-139.010343,1006.662932,59.958323,-0.009312,1,0
11.200000,-56.945346,205981.403158,-177.125365,207049.732413,63.023189,207993.947348,101.148803,1018.073757,-19.160433,1017.489070,-138.729108,1015.230456,59.958135,0.002867,1,0
11.233000,-56.952053,206095.776894,-176.986835,206216.392377,63.026804,208568.977467,100.741388,1024.063162,-18.982156,1009.993819,-138.958643,1016.284919,59.957055,0.007806,1,0
11.267000,-56.814922,205549.961771,-177.065681,208385.548666,63.060315,205415.775117,101.343178,1015.944601,-19.365565,1020.589068,-138.781159,1022.327619,59.962730,-0.000173,1,0
11.300000,-57.024942,208502.137655,-176.992464,206313.444117,62.895299,205991.198360,101.014236,1030.516222,-18.743805,1023.940808,-138.963474,1017.379171,59.962785,-0.002872,1,0
11.333000,-56.977866,208106.288887,-176.729887,207145.503910,63.084022,207190.385367,101.132172,1028.991033,-18.450951,1020.134205,-138.954646,1020.355680,59.965587,0.007902,1,0
11.367000,-56.963757,206235.020467,-176.975335,208272.456651,63.097086,207679.070126,101.299749,1023.577893,-19.088662,1020.209788,-138.811391,1010.902849,59.969398,0.001215,1,0
11.400000,-56.972231,207370.064223,-176.874089,208132.294260,62.927334,208450.401823,101.045846,1018.599080,-18.559195,1021.049138,-138.955568,1026.472710,59.959501,0.006264,1,0
11.433000,-56.873484,206310.757018,-176.810995,207478.268012,62.962775,207133.015110,101.182250,1037.371650,-19.306006,1026.655800,-139.040702,1034.671304,59.956694,-0.006139,1,0
11.467000,-57.129497,208582.123058,-176.967755,206149.375437,63.113600,206935.108794,100.890794,1024.970401,-18.972716,1028.001226,-138.983593,1036.991543,59.956603,0.002459,1,0
11.500000,-56.979751,207836.150752,-177.136639,206769.301230,62.803459,207335.882331,101.001706,1027.909410,-18.999842,1044.198231,-139.475031,1026.793910,59.960319,-0.011254,1,0
11.533000,-57.088862,208018.816952,-177.009719,207360.942931,63.195805,205757.474098,100.690119,1037.776969,-19.156464,1026.319133,-138.829279,1023.994243,59.964403,0.003931,1,0
11.567000,-57.298962,208144.251632,-177.005965,207555.798415,62.858590,208124.455701,100.736055,1027.898992,-19.066987,1022.604109,-139.383244,1030.834080,59.972397,-0.001167,1,0
11.600000,-57.134170,207984.718047,-177.094498,207245.453073,62.704879,207402.347519,100.507520,1021.483953,-19.008700,1026.816073,-139.224756,1015.006311,59.971899,0.006872,1,0
11.633000,-57.034668,207830.396211,-177.147093,209300.551796,62.736872,208208.772902,101.205851,1022.109853,-18.936340,1029.151501,-139.431579,1022.847928,59.972145,0.002377,1,0
11.667000,-56.843174,206736.100202,-176.978591,208508.647907,62.906918,207299.985440,101.206717,1023.880983,-18.789560,1026.500810,-138.803177,1025.560127,59.967575,-0.008554,1,0
11.700000,-56.951719,210097.040810,-177.036398,207324.868733,62.895590,207829.946755,100.821313,1015.301039,-19.081811,1023.569894,-139.359378,1016.985588,59.969442,-0.011604,1,0
11.733000,-56.947408,208559.756150,-176.924556,206328.452584,62.953768,208371.083674,100.927451,1025.553016,-18.926203,1011.099996,-139.232451,1024.411342,59.966214,0.000840,1,0
11.767000,-57.139873,207770.586820,-176.973057,206969.517750,62.849862,207382.762175,100.719193,1024.747247,-18.902302,1020.739388,-139.214056,1025.246336,59.966588,0.003625,1,0
11.800000,-57.207421,206176.927437,-177.102943,208070.446114,62.830947,208870.671420,100.546530,1022.219927,-19.271398,1014.656424,-139.207971,1019.228450,59.960369,-0.002432,1,0
11.833000,-56.978410,208156.197578,-177.074197,208652.046312,63.066379,207437.598599,100.942098,1023.520858,-19.113138,1011.211682,-138.858248,1028.451264,59.970518,-0.000602,1,0
11.867000,-57.142688,207843.601515,-177.126594,208970.958230,62.779536,207774.225842,100.978809,1020.487249,-19.164188,1025.538170,-139.141793,1024.002072,59.970790,-0.000767,1,0
11.900000,-57.019208,207145.212365,-177.158209,206883.658880,62.773972,207330.067188,101.018820,1031.104671,-19.275173,1018.010339,-139.266999,1032.563410,59.967089,0.002242,1,0
11.933000,-57.018173,208032.903833,-177.122882,207100.369643,62.968373,207440.142151,101.090456,1020.564125,-18.947478,1020.358346,-139.111755,1022.475976,59.962327,-0.005087,1,0
11.967000,-57.185883,207855.410102,-176.929963,208437.066946,62.873838,209248.669945,100.789059,1008.199437,-18.976140,1024.078406,-138.931290,1016.915605,59.965733,-0.009210,1,0
12.000000,-57.074657,207516.780783,-176.961356,205717.270530,62.944778,208959.073768,100.977048,1022.634292,-19.057198,1032.083958,-139.227025,1020.331568,59.960466,-0.010263,1,0
12.033000,-57.188495,206838.968366,-177.146221,207964.778486,63.095552,205882.998944,100.917662,1022.114126,-19.215325,1019.009473,-139.182350,1014.972318,59.970304,0.015930,1,0
12.067000,-57.105378,208832.824937,-177.040586,207972.297205,62.775581,208725.787768,100.935503,1021.946915,-19.058706,1019.560921,-139.341400,1023.766370,59.967739,0.002770,1,0
12.100000,-57.173049,208028.040887,-176.987321,206209.078478,62.806914,208829.272537,100.827123,1021.067043,-19.021725,1030.600631,-139.040681,1030.501623,59.956203,-0.009253,1,0
12.133000,-57.117950,208301.649792,-177.060233,207515.997710,62.924203,207586.122294,101.138237,1028.884958,-19.026746,1027.571880,-138.616608,1015.495829,59.965322,-0.002181,1,0
12.167000,-57.072802,208475.386492,-177.073682,206162.915154,63.013193,207310.413971,100.825036,1016.525375,-18.900340,1017.943029,-139.000402,1023.841086,59.963655,0.010132,1,0
12.200000,-57.203369,207194.689262,-177.051682,206270.964674,62.852507,207820.143691,100.771144,1025.299418,-19.008375,1020.085898,-139.089280,1028.260047,59.962631,0.006100,1,0
12.233000,-57.117870,208139.456682,-177.157772,207295.615530,62.639322,206566.273784,100.931783,1017.566492,-19.237067,1017.068209,-139.254498,1025.257314,59.961650,0.010548,1,0
12.267000,-57.037887,207806.790042,-177.121827,207470.800671,62.778928,206108.584228,100.603463,1027.495247,-19.201533,1024.785753,-139.244680,1016.217287,59.976345,0.005655,1,0
12.300000,-57.019449,207292.165164,-177.280735,208009.576948,62.714559,207761.882282,101.129080,1017.328647,-19.219979,1013.309702,-139.629533,1019.591605,59.961504,-0.004611,1,0
12.333000,-57.086752,209146.326036,-177.070792,208952.982716,62.755853,206729.058928,101.129052,1024.960311,-19.239929,1026.386597,-139.289117,1028.653484,59.959864,-0.003610,1,0
12.367000,-57.380461,208262.061355,-177.146251,207545.635821,62.914990,208235.329491,100.504811,1032.447721,-19.047530,1034.895497,-139.273181,1023.269286,59.963974,0.018024,1,0
12.400000,-57.068548,206119.903305,-177.184903,207932.342785,62.861617,209237.655361,100.808497,1027.719579,-19.013280,1025.551048,-139.209737,1022.243603,59.968939,0.017256,1,0
12.433000,-57.126551,208856.467000,-177.248642,209348.933937,62.727593,207609.308466,100.974895,1028.672921,-19.152968,1032.527570,-139.027344,1025.501654,59.958107,0.003664,1,0
12.467000,-57.359056,208060.960288,-177.032516,209251.999319,62.657254,207777.314740,100.630907,1024.638586,-19.051198,1028.606768,-139.462512,1023.680818,59.962720,-0.001306,1,0
12.500000,-57.032319,208956.551141,-177.168413,208590.001416,62.673707,209665.914616,101.383941,1027.684869,-19.215150,1018.970864,-139.272685,1039.752258,59.963964,-0.017386,1,0
12.533000,-57.238489,209517.272747,-177.148119,208040.135492,62.807512,207741.592872,100.854988,1026.439055,-19.460298,1042.256416,-139.415610,1041.020154,59.956294,-0.002896,1,0
12.567000,-57.072349,208098.115154,-177.237338,207426.969172,62.994971,207988.092586,100.527415,1031.240722,-19.226236,1033.823039,-139.439889,1036.915081,59.957268,-0.002533,1,0
12.600000,-57.280371,208588.891257,-177.116458,206847.127973,62.945380,208855.594821,100.680966,1039.697827,-19.276635,1028.226101,-139.048569,1027.694975,59.948448,0.003487,1,0
12.633000,-57.120615,208235.159748,-177.117798,206665.889367,62.772088,207784.626634,100.610425,1030.012792,-18.950019,1024.088794,-139.342665,1024.578666,59.957800,-0.011594,1,0
12.667000,-57.039656,208078.692559,-177.072624,206890.770896,62.885568,208660.305705,100.702461,1028.493502,-19.399307,1024.840311,-139.023154,1024.861674,59.959340,0.004165,1,0
12.700000,-57.307278,208573.970891,-177.042044,208453.754953,62.769054,206713.163344,100.925273,1032.965163,-19.252178,1028.571487,-139.354628,1026.077671,59.960735,-0.008482,1,0
12.733000,-57.117051,207892.409260,-177.141720,208497.780477,62.774859,209837.046178,100.826558,1025.300926,-19.273219,1030.494517,-139.236614,1022.078252,59.974210,0.008607,1,0
12.767000,-57.122150,208196.995864,-177.084509,208421.635713,62.827696,208894.278091,100.891290,1014.410802,-19.170488,1024.988671,-139.135993,1015.392009,59.957946,-0.000760,1,0
12.800000,-57.082405,207115.497918,-177.232602,206167.636120,62.973970,207724.656319,101.043234,1027.375144,-19.227063,1025.943916,-138.954917,1026.583794,59.960232,0.002126,1,0
12.833000,-57.301229,208149.389186,-177.067701,209724.524656,62.934717,209675.711372,100.827997,1023.520625,-18.968294,1018.308809,-139.119025,1013.464905,59.960143,-0.001160,1,0
12.867000,-57.176408,208545.909847,-177.075510,207364.429216,62.607750,209251.888256,100.849407,1016.468274,-18.684622,1029.866908,-139.525478,1014.813891,59.970371,0.005149,1,0
12.900000,-57.202948,207975.115996,-177.155843,209649.383581,62.872106,208814.977466,100.760854,1023.315503,-18.942114,1019.474436,-139.061757,1019.084184,59.955998,-0.000198,1,0
12.933000,-57.124034,207281.952163,-177.200894,209087.038110,62.605781,207806.982634,100.882185,1022.887202,-19.255039,1015.218627,-139.586322,1016.375462,59.961724,0.000145,1,0
12.967000,-57.017635,206861.837670,-177.082575,206318.563084,62.831215,206902.677304,101.209920,1015.379958,-19.245465,1025.204953,-139.618952,1012.480729,59.965970,-0.007070,1,0
13.000000,-57.206833,207813.384821,-177.036206,207243.687994,62.842753,208555.254069,100.868536,1031.778071,-19.054564,1004.620288,-138.684606,1018.184986,59.962195,-0.006712,1,0
13.033000,-57.353649,208321.107966,-177.361791,206243.621766,62.654084,208706.570593,100.720428,1028.619552,-19.381506,1021.163084,-139.649134,1019.547678,59.957441,-0.002857,1,0
13.067000,-57.090406,207238.481443,-177.087081,207334.021214,62.614329,207027.081351,101.146129,1026.986648,-19.098991,1018.744116,-139.194984,1027.504063,59.955667,0.008280,1,0
13.100000,-57.397655,206433.112263,-177.160155,207543.243396,62.749288,207473.930259,100.498900,1023.682522,-19.161575,1016.624750,-139.227298,1025.711637,59.959840,-0.006899,1,0
13.133000,-57.255263,207113.249741,-177.030230,208217.062873,62.652968,207396.191775,100.309148,1015.488642,-19.028478,1020.729456,-139.571399,1021.869217,59.955105,-0.010112,1,0
13.167000,-57.311885,209328.357800,-177.177176,208992.586009,62.838680,209005.444003,100.624640,1025.581269,-19.048524,1026.178413,-138.991334,1025.501039,59.949319,-0.010144,1,0
13.200000,-57.118731,206927.697295,-177.183935,206675.858494,62.869832,208232.034328,100.835860,1021.678344,-19.195362,1024.899153,-139.009773,1031.694239,59.954303,0.009788,1,0
13.233000,-57.174180,206880.977451,-177.323878,207596.549841,63.008760,206208.210721,100.564053,1015.842030,-19.403921,1023.141985,-138.724330,1020.894245,59.950513,-0.013352,1,0
13.267000,-57.020072,208436.763082,-177.059035,208102.171142,62.757731,208810.989545,100.972784,1011.410911,-19.145303,1026.490913,-139.181181,1020.206184,59.950557,0.007734,1,0
13.300000,-57.249236,207680.530518,-177.323616,208235.674874,62.603498,208909.254885,100.729894,1023.776299,-19.252526,1014.463978,-139.453390,1033.589547,59.954669,0.003277,1,0
13.333000,-57.366961,207867.764967,-177.169634,209014.808499,62.637787,207677.962246,100.672784,1034.961230,-19.086199,1018.181801,-139.423013,1020.017968,59.954907,-0.003855,1,0
13.367000,-57.105918,207490.341222,-177.150524,208251.334340,62.692681,208858.887664,100.805290,1014.006636,-19.100731,1019.042967,-139.411673,1014.680358,59.954008,0.004973,1,0
13.400000,-57.229611,207119.718411,-177.331817,209235.460290,62.684398,208721.725667,100.784562,1022.690626,-19.405600,1025.966536,-139.445657,1024.912557,59.959419,-0.009417,1,0
13.433000,-57.241498,208588.379586,-177.434405,207390.478465,62.592673,207887.685972,100.643578,1025.675618,-19.404759,1017.202257,-139.688929,1028.531500,59.950662,-0.003605,1,0
13.467000,-57.163985,208166.472519,-177.152196,208641.098577,62.780748,208431.912227,100.814681,1025.077752,-19.564639,1023.850566,-139.438474,1011.863767,59.961750,0.000086,1,0
13.500000,-57.067844,207118.455807,-177.340099,208270.062105,62.851693,207208.255409,100.943866,1019.549563,-19.327028,1027.335187,-138.874915,1026.904167,59.956857,0.003079,1,0
13.533000,-57.331474,207438.629518,-177.145359,208947.216713,62.863474,208095.589751,100.764762,1021.639255,-19.003420,1015.127246,-139.487218,1034.973746,59.948837,-0.000039,1,0
13.567000,-57.453387,205854.154033,-177.470738,208334.344724,62.636762,209209.463784,100.435629,1022.041056,-19.526827,1018.948101,-139.164928,1016.833390,59.948727,-0.000337,1,0
13.600000,-57.241337,207330.209419,-177.239119,207578.081745,62.615779,206706.266711,100.487763,1024.546848,-19.272304,1017.472489,-139.391487,1022.008780,59.938354,0.001186,1,0
13.633000,-57.498249,209715.038603,-177.350740,208174.404148,62.613112,206438.676015,100.504742,1028.851164,-19.316305,1019.695630,-139.125618,1010.513603,59.947656,0.001028,1,0
13.667000,-57.357395,206328.175239,-177.518159,207656.639585,62.716210,207986.866689,100.769913,1017.252892,-19.547632,1022.155818,-139.282091,1014.140997,59.945431,-0.011195,1,0
13.700000,-57.442307,207078.585744,-177.440248,209233.016729,62.743516,209398.870616,100.501141,1012.889055,-19.495959,1014.711435,-139.513375,1014.586124,59.946312,-0.013264,1,0
13.733000,-57.428934,206673.250138,-177.245458,206839.900309,62.493028,207238.298903,100.484338,1019.023999,-19.190762,1009.118478,-139.772332,1018.648205,59.948522,-0.001827,1,0
13.767000,-57.469599,206942.139390,-177.389223,207155.152399,62.704103,206075.175877,100.422297,1010.758766,-19.827348,1023.391219,-139.169328,1010.704963,59.939823,-0.007793,1,0
13.800000,-57.312808,207192.452994,-177.316798,207965.463491,62.712985,207578.947196,100.614487,1007.737034,-19.385188,1008.456013,-139.275301,1015.628671,59.940490,-0.004741,1,0
13.833000,-57.474940,206962.982755,-177.435005,207390.796426,62.758989,208399.878243,100.620206,1004.870802,-19.508849,1017.132415,-139.156204,1003.708622,59.943549,0.003425,1,0
13.867000,-57.333025,208541.588818,-177.310465,206927.742539,62.442267,207007.733855,100.499171,1010.766411,-19.593817,1007.557117,-139.478122,1017.272234,59.942700,-0.005474,1,0
13.900000,-57.368044,208430.302869,-177.290165,207937.341240,62.568694,207353.708701,100.897184,1017.628456,-19.067066,1017.099253,-139.587273,1014.599805,59.941861,0.004043,1,0
13.933000,-57.385607,207719.494382,-177.431154,207559.154233,62.438551,208536.419244,100.523158,1015.358370,-19.325806,1024.616746,-139.629878,1027.966689,59.942190,0.007274,1,0
13.967000,-57.332049,208958.923792,-177.478551,206803.647707,62.586441,208059.174336,100.644777,1025.006513,-19.196181,1016.911566,-139.474682,1010.181235,59.940288,-0.005067,1,0
14.000000,-57.371220,207761.864233,-177.351115,207135.419261,62.768959,205924.573086,100.408157,1026.867215,-19.568426,1022.211519,-138.679468,1014.602057,59.946182,0.008001,1,0
14.033000,-57.329026,206523.902324,-177.349852,208366.119995,62.667719,207762.452065,100.643078,1037.419147,-19.214696,1014.235083,-139.815869,1028.286463,59.936536,-0.005657,1,0
14.067000,-57.427006,206804.842766,-177.131486,207673.694638,62.692913,207032.886147,100.355396,1018.283765,-19.246035,1010.760518,-139.084529,1014.717738,59.939417,-0.000749,1,0
14.100000,-57.291453,207494.821631,-177.286948,206602.594320,62.557445,208293.063195,100.470438,1016.922265,-19.206143,1025.353608,-139.389968,1019.543758,59.944597,-0.003597,1,0
14.133000,-57.328196,207095.829104,-177.392566,204745.681932,62.623626,208552.854526,100.694094,1020.582382,-19.361333,1006.638300,-139.429395,1022.441740,59.939047,-0.008554,1,0
14.167000,-57.306155,206710.439511,-177.399747,207215.943891,62.659121,206481.010324,100.882890,1019.831338,-19.638730,1021.144187,-139.677102,1014.931903,59.943368,-0.002185,1,0
14.200000,-57.353035,207075.682855,-177.283275,206763.536578,62.685238,208227.395740,100.433555,1023.900775,-19.404517,1023.076266,-139.182310,1016.135752,59.936241,-0.001747,1,0
14.233000,-57.341618,206540.266774,-177.270691,205805.819522,62.509844,206228.745029,100.446135,1015.844649,-19.487973,1004.831412,-139.166715,1013.661227,59.934293,-0.006519,1,0
14.267000,-57.275104,206873.939236,-177.350025,205150.253455,62.863622,208755.984739,100.902836,1014.475877,-19.053519,1015.322868,-139.281226,1019.902700,59.938232,0.002147,1,0
14.300000,-57.603178,206223.316814,-177.297728,209319.663797,62.575997,206334.079885,100.439075,1020.907487,-19.061790,1018.924399,-139.330055,1023.202397,59.935577,0.006005,1,0
14.333000,-57.304879,206290.026241,-177.355803,207085.136341,62.693459,207259.164744,100.670388,1031.183121,-19.700470,1020.309947,-139.372689,1030.512640,59.942207,0.006421,1,0
14.367000,-57.306262,206222.430134,-177.285522,207758.622419,62.647402,208469.778913,100.609399,1016.786126,-19.499010,1026.540913,-139.349784,1013.641105,59.931633,0.005554,1,0
14.400000,-57.301373,207234.748447,-177.198613,207777.345304,62.775786,207916.029347,100.449273,1021.889477,-19.065404,1019.698010,-139.190553,1019.755412,59.943592,-0.015875,1,0
14.433000,-57.365926,207490.569046,-177.246838,206811.018327,62.795163,207751.963629,100.516237,1023.170234,-19.067957,1028.066451,-139.313735,1021.838416,59.933450,-0.000831,1,0
14.467000,-57.223553,208970.590140,-177.524598,206521.784456,62.719074,206025.492204,100.877235,1033.104429,-19.486881,1021.992965,-138.933993,1025.084302,59.936726,0.000850,1,0
14.500000,-57.370613,207386.494830,-177.250147,207303.983931,62.759542,208189.307371,100.465330,1034.820874,-19.245827,1024.591740,-139.561396,1032.218413,59.925818,0.013916,1,0
14.533000,-57.176187,207463.681954,-177.255573,207938.249911,62.578483,207035.831705,101.214688,1025.661524,-19.053910,1025.130396,-139.454534,1022.200998,59.935611,0.008574,1,0
14.567000,-57.358054,206066.552036,-177.382679,206616.907328,62.609627,207607.443648,100.822100,1035.603496,-19.365261,1033.239346,-139.436185,1018.466060,59.935015,-0.004110,1,0
14.600000,-57.270008,205569.439308,-177.440878,206743.749381,62.710132,205979.811756,100.551184,1032.678971,-19.141364,1026.528455,-139.198989,1018.017777,59.937207,-0.005717,1,0
14.633000,-57.421028,206670.272500,-177.435863,207258.204274,62.688165,208695.147829,100.476081,1033.038518,-19.566819,1021.841133,-139.398711,1031.383601,59.938610,-0.007445,1,0
14.667000,-57.143385,208813.682883,-177.205493,206689.287191,62.508799,207845.772725,100.784414,1029.791117,-19.317116,1039.357209,-139.410046,1021.693976,59.922447,-0.002285,1,0
14.700000,-57.392850,207469.232171,-177.266865,205520.140910,62.882697,207239.494854,100.602955,1028.832169,-19.132486,1024.936644,-139.132181,1031.723044,59.931322,0.003207,1,0
14.733000,-57.242804,205518.129223,-177.211383,208510.636958,62.775667,206433.555657,100.858965,1031.108773,-19.296289,1027.344519,-139.066296,1028.797022,59.928103,0.002590,1,0
14.767000,-57.342835,205604.074885,-177.213775,207269.837027,62.666290,206233.310174,100.916291,1026.769178,-19.022228,1031.713291,-139.322551,1030.307665,59.936568,0.000101,1,0
14.800000,-57.154078,207144.014664,-177.116584,207331.033076,62.767979,206664.623700,100.808576,1035.863217,-18.848939,1035.535450,-139.217300,1035.279658,59.933202,-0.006284,1,0
14.833000,-57.122855,208188.540968,-177.353247,207802.064566,62.764983,208820.357634,100.793655,1035.275432,-19.416411,1045.308041,-138.864995,1035.875764,59.934577,-0.018250,1,0
14.867000,-57.338994,207877.461111,-177.259931,206346.453680,62.678331,206482.206819,100.782339,1037.240577,-19.290102,1033.299260,-139.192985,1039.997037,59.925040,-0.005863,1,0
14.900000,-57.195692,207365.412566,-177.262795,207050.351559,62.782696,207082.023110,100.934280,1027.440707,-19.463828,1034.537633,-139.195467,1039.179093,59.928056,0.010761,1,0
14.933000,-57.520091,207617.022520,-177.154928,207143.125394,62.829771,208042.002603,100.430878,1027.806664,-19.051840,1034.235671,-139.638315,1042.503972,59.925427,-0.000053,1,0
14.967000,-57.258239,208687.656471,-177.300016,205910.924656,62.793239,208126.851826,100.870845,1034.202937,-19.587844,1039.782622,-139.070675,1032.381728,59.931114,0.022033,1,0
15.000000,-57.036424,207923.921527,-177.507797,208558.215985,62.812889,207543.203448,101.300087,1039.007643,-19.430297,1038.919034,-138.672847,1025.301141,59.933755,0.004274,1,0
15.033000,-57.162318,206359.943845,-177.319857,208000.560554,62.925331,207725.701263,100.671677,1032.457168,-19.447020,1032.815536,-138.974882,1016.279226,59.923894,-0.008094,1,0
15.067000,-57.215989,206581.579733,-177.337431,205082.928830,62.889874,206965.290490,101.088418,1033.075445,-19.337961,1036.952856,-138.918434,1045.267265,59.927108,-0.012934,1,0
15.100000,-57.316406,207095.193685,-177.193850,206975.414796,62.651218,206168.091210,100.478358,1045.028923,-18.976117,1035.989130,-139.787958,1033.043872,59.927012,0.008226,1,0
15.133000,-57.055227,207554.493428,-177.245966,207126.046765,62.666885,208460.827971,101.048386,1033.875926,-19.102006,1041.285688,-139.299415,1034.667613,59.932353,0.000018,1,0
15.167000,-57.118643,207049.920201,-177.264029,205803.886142,62.890123,206459.441127,100.820920,1034.835672,-19.342156,1038.225820,-139.102540,1040.389115,59.941371,-0.003268,1,0
15.200000,-57.229456,208860.047482,-177.144223,206003.070937,62.683512,207423.133336,101.202691,1039.332326,-18.920304,1044.122758,-139.578761,1033.112172,59.941413,-0.000505,1,0
15.233000,-57.194721,206572.123269,-177.197612,206510.078099,62.741122,208201.271512,100.707987,1039.186773,-19.219250,1028.091316,-139.244748,1034.628704,59.934866,0.002983,1,0
15.267000,-57.265194,207057.171325,-177.158238,207676.757181,62.733040,207857.669194,100.903804,1032.385203,-19.462963,1026.412573,-139.400374,1028.338104,59.934970,-0.005193,1,0
15.300000,-57.291877,209011.522147,-177.427612,209026.542565,62.735172,207661.680804,100.707733,1032.932230,-19.276877,1034.736949,-138.896866,1036.178895,59.938075,0.002473,1,0
15.333000,-57.153423,207146.087814,-177.387308,208247.068479,62.643111,209018.279759,100.607881,1012.710253,-19.323772,1020.369236,-139.531379,1027.127590,59.940548,-0.007294,1,0
15.367000,-57.209773,207379.202367,-177.219688,205606.150119,62.636003,207366.721377,100.633529,1024.424250,-19.326115,1031.306093,-139.509668,1018.742379,59.939797,0.007330,1,0
15.400000,-57.202583,210738.959074,-177.173385,207337.507244,62.863299,208371.374278,100.613043,1021.531750,-19.136537,1031.806566,-139.173517,1029.984684,59.932765,0.012373,1,0
15.433000,-57.408364,207295.217037,-177.259306,207563.992333,62.929656,208058.945877,100.779272,1030.380890,-19.038378,1038.598608,-139.267431,1035.837251,59.937051,0.006655,1,0
15.467000,-57.343464,206922.494126,-177.326218,208064.316544,62.477423,209021.139715,100.788801,1039.808626,-19.016915,1034.656022,-139.639826,1025.504389,59.931662,-0.002903,1,0
15.500000,-57.388434,207103.159320,-177.215424,207786.232771,62.745234,206679.232450,100.655339,1025.017211,-18.836064,1035.161050,-139.103562,1029.836239,59.936237,0.001747,1,0
15.533000,-57.325260,206861.819205,-177.411473,207582.633018,62.631704,209058.592040,100.906938,1037.908034,-19.186358,1040.965841,-139.166912,1038.022086,59.929190,-0.013240,1,0
15.567000,-57.157281,206167.537806,-177.294711,207232.330289,62.995497,207220.500697,101.056626,1035.127768,-19.265059,1039.542027,-139.176532,1040.961049,59.937860,-0.000100,1,0
15.600000,-57.237927,208751.140991,-177.265385,208466.548349,62.932034,207996.534182,100.921299,1042.461284,-19.388440,1036.817767,-139.221895,1030.051879,59.936119,0.004903,1,0
15.633000,-57.083046,208871.508859,-177.174225,208071.451857,62.646756,208466.056341,100.734439,1030.744127,-19.122498,1039.026169,-139.575406,1025.043799,59.947035,-0.003125,1,0
15.667000,-57.354075,206164.881592,-177.127165,208085.998108,62.757059,206313.270117,100.895887,1034.857623,-19.026617,1041.799693,-139.161170,1028.206461,59.933464,-0.000343,1,0
15.700000,-57.107392,209153.421188,-177.203041,207095.268025,62.779379,208880.043662,100.922299,1032.421857,-19.206899,1029.103711,-139.262487,1025.798315,59.933727,0.007296,1,0
15.733000,-57.312648,209428.735957,-177.314640,207858.671620,62.839889,208894.765291,100.944778,1028.752056,-19.230823,1032.196496,-139.359609,1024.725950,59.932981,-0.015904,1,0
15.767000,-57.320373,208494.522612,-177.204575,209039.244243,62.597360,208319.894833,100.776721,1035.013401,-19.032137,1033.250294,-139.495237,1039.316622,59.936857,-0.004045,1,0
15.800000,-57.404631,209244.448652,-177.076585,207584.824862,62.939889,207603.156256,100.500055,1041.997109,-19.238131,1037.108259,-138.773273,1032.546749,59.932654,0.000249,1,0
15.833000,-57.151618,209416.299151,-177.348881,209284.149911,62.744175,208275.205454,100.924730,1031.291140,-19.244676,1027.989082,-139.276312,1039.655778,59.935344,-0.004788,1,0
15.867000,-57.286751,208269.521809,-177.187410,206875.104613,62.631617,207866.981101,100.276515,1037.738749,-19.018722,1034.620090,-139.308983,1034.803287,59.928837,0.004032,1,0
15.900000,-57.139675,207965.499153,-177.267522,207210.909822,62.760608,208238.014280,100.866503,1039.074281,-19.392738,1034.577290,-139.425882,1023.630884,59.929091,-0.002542,1,0
15.933000,-57.470005,208770.304146,-177.175701,208789.103304,63.007197,209319.143902,100.130466,1041.281118,-19.389878,1020.517925,-138.929575,1019.809675,59.934648,0.000540,1,0
15.967000,-57.266916,208687.359700,-177.225121,208155.184737,62.727689,209179.953749,100.799651,1045.433916,-19.149016,1031.108072,-139.153440,1037.109864,59.929713,0.000487,1,0
16.000000,-57.200148,207772.804105,-177.169513,206955.374586,62.949523,208144.956199,100.950058,1027.588740,-19.201625,1021.265194,-139.326737,1023.305099,59.928563,0.003629,1,0
16.033000,-57.314116,208013.905010,-177.431807,208478.054953,62.690185,210449.823759,100.720226,1038.714616,-19.489069,1035.714540,-139.418853,1026.011594,59.935472,-0.004279,1,0
16.067000,-57.185826,208219.682778,-177.300573,207204.480559,62.764264,208164.647070,100.720086,1030.723885,-19.698633,1037.766994,-139.284669,1038.357035,59.939621,0.001290,1,0
16.100000,-57.235767,209070.253409,-177.156526,207659.553392,62.986350,209589.699078,100.836491,1032.422240,-19.184995,1033.778422,-139.125729,1040.506681,59.923330,0.005788,1,0
16.133000,-57.179169,208474.679783,-177.058601,209819.276949,62.666175,208730.047333,100.744826,1038.938720,-19.128066,1030.054277,-139.098947,1033.251669,59.934619,-0.000909,1,0
16.167000,-57.211541,207281.297874,-177.124265,209024.881336,62.768513,208589.879572,100.887599,1029.208677,-19.188942,1045.952396,-139.100600,1040.294516,59.928756,0.009398,1,0
16.200000,-57.265424,209352.016667,-177.059331,210334.243688,62.894642,208892.953257,100.805515,1038.114593,-19.254461,1034.227671,-139.002010,1030.875738,59.924271,0.002832,1,0
16.233000,-57.047506,208856.531930,-177.162415,208972.780903,62.924491,209816.358336,101.311384,1033.863556,-19.063721,1042.808007,-139.223364,1041.209862,59.931874,0.003485,1,0
16.267000,-57.183665,209530.542045,-177.118295,209160.494985,62.940734,211145.623850,101.209384,1037.353085,-19.196509,1044.346071,-138.837893,1040.720591,59.922593,0.001661,1,0
16.300000,-57.102710,208882.141894,-177.223627,207294.139330,62.933837,208829.412730,100.683356,1035.984887,-19.090697,1037.886415,-138.846443,1041.890823,59.935649,0.001065,1,0
16.333000,-56.835817,208836.164746,-177.004170,209011.740496,63.099957,209609.907973,101.057076,1036.938688,-18.639076,1031.437739,-139.051361,1040.584407,59.924655,0.001438,1,0
16.367000,-56.889601,208218.873873,-177.014860,208249.657902,62.879242,211045.876149,101.208000,1036.530176,-19.221312,1040.889763,-139.309010,1042.663691,59.931492,0.002072,1,0
16.400000,-56.813616,209329.413712,-177.049566,207898.230549,62.974552,209875.117246,101.089815,1038.668413,-18.952111,1046.630578,-139.090268,1041.174005,59.932686,0.016384,1,0
16.433000,-56.948239,209074.750246,-176.993238,209233.823469,62.736022,207589.693313,101.085103,1040.619772,-19.142468,1054.053247,-139.413844,1041.698461,59.930145,0.007255,1,0
16.467000,-57.159055,209497.632370,-177.019393,210434.673076,62.919210,209734.293019,100.762753,1050.540378,-19.167341,1043.617926,-139.010110,1034.457052,59.923695,-0.001941,1,0
16.500000,-56.806464,208928.640631,-177.068610,209120.660646,62.862999,209176.217624,100.920563,1044.762369,-19.067141,1044.140987,-139.187659,1040.537184,59.928137,0.006349,1,0
16.533000,-56.848430,208214.098829,-176.964683,209827.120228,63.127696,210994.387109,100.980538,1047.260476,-19.106274,1048.497514,-138.638677,1043.447452,59.931271,-0.003300,1,0
16.567000,-56.942379,208812.165761,-177.021578,209472.133111,63.028825,209365.189274,100.968603,1043.358083,-19.077991,1035.985754,-138.800717,1041.124382,59.936513,-0.005307,1,0
16.600000,-57.123472,210361.832602,-176.902896,209749.120168,63.074338,208895.774245,100.765818,1045.062191,-18.738843,1039.082378,-138.881316,1039.045321,59.938968,-0.018532,1,0
16.633000,-56.903174,208783.136364,-177.065147,210782.409979,62.899387,211249.380607,100.920106,1044.290503,-18.984019,1044.747550,-139.151716,1051.108938,59.945840,-0.009361,1,0
16.667000,-57.147142,209249.668757,-176.980771,208801.153915,63.042862,209271.014299,100.666542,1044.377570,-19.237526,1047.360528,-138.959079,1045.251141,59.926470,-0.011816,1,0
16.700000,-57.064775,211059.746967,-176.895809,208177.930103,63.071406,209834.890954,101.145329,1043.928816,-18.898030,1056.854775,-139.006595,1041.623838,59.931061,-0.005395,1,0
16.733000,-57.156917,209380.002061,-176.997581,208669.670000,62.689786,207275.685961,100.950770,1042.663994,-19.004200,1036.731740,-139.362496,1046.774574,59.933961,-0.006801,1,0
16.767000,-57.152242,209740.670859,-177.076101,208410.993403,62.769607,210269.245773,101.024310,1054.455060,-19.170714,1050.587608,-139.363840,1058.120253,59.937277,-0.009385,1,0
16.800000,-57.267814,209560.869925,-177.174821,208802.188042,63.068378,210911.381305,100.329684,1050.167191,-18.883640,1049.968006,-138.812215,1042.863481,59.938990,-0.006679,1,0
16.833000,-57.047828,209366.454989,-177.076662,209249.739079,62.953732,210931.414527,100.648517,1054.681052,-19.068559,1046.120687,-138.930672,1046.975553,59.926845,0.002327,1,0
16.867000,-57.047988,211152.743138,-177.230545,209843.290086,63.000980,210510.066438,100.887102,1062.503554,-19.541191,1050.224159,-139.101525,1050.825838,59.929503,0.000022,1,0
16.900000,-57.149680,210186.038863,-177.191496,210637.867750,62.792449,209268.006901,100.859640,1049.763103,-19.252437,1047.094593,-138.911100,1060.171731,59.930458,0.003810,1,0
16.933000,-57.048985,210578.788609,-177.069870,210663.282784,63.001570,208152.215844,101.258807,1053.990483,-19.187929,1059.962681,-138.852286,1052.883815,59.940344,0.000540,1,0
16.967000,-57.017489,210271.287396,-177.201939,209888.467551,62.926896,211423.810157,101.215091,1050.577313,-19.209410,1049.068379,-139.219782,1057.820210,59.934636,-0.003635,1,0
17.000000,-57.033672,209868.034604,-177.190977,208777.568584,62.983073,211492.545886,100.965597,1063.649861,-19.260855,1045.869290,-139.011656,1061.130917,59.947787,0.003077,1,0
17.033000,-57.152247,210667.775503,-176.957965,210308.556531,62.851012,210856.583916,100.605749,1064.152167,-19.291034,1058.245944,-139.441930,1060.992067,59.947360,-0.002318,1,0
17.067000,-57.376344,209764.157868,-177.111774,209476.785203,62.977690,209831.251240,100.570458,1053.020497,-19.240283,1064.246258,-138.711053,1059.406330,59.933269,0.005471,1,0
17.100000,-57.085066,209524.480973,-177.257570,209952.242633,62.807924,212034.131893,101.051803,1062.141661,-19.551008,1062.355550,-139.301991,1050.479598,59.932834,0.000878,1,0
17.133000,-57.147927,210060.513458,-177.279927,210059.379109,62.893467,210171.071020,101.056705,1067.778042,-19.420171,1053.433874,-139.187121,1058.738614,59.931672,-0.005669,1,0
17.167000,-57.303168,210299.001119,-177.196742,208503.671098,62.846029,210481.641046,100.494772,1056.353490,-19.295957,1056.076836,-139.287867,1062.998213,59.930599,-0.001006,1,0
17.200000,-57.212860,210064.950016,-177.025695,211336.672145,62.938917,210453.050904,100.929354,1057.574962,-19.122203,1066.561818,-138.819550,1060.281736,59.935546,0.004062,1,0
17.233000,-56.912374,212056.713240,-176.987266,210873.233322,63.025436,209292.015545,100.721494,1057.204893,-18.962242,1068.681772,-139.059356,1073.484541,59.938249,-0.010475,1,0
17.267000,-57.378385,211474.944889,-177.198074,210323.243476,62.826317,209764.490237,100.674922,1068.428597,-19.077400,1060.006359,-139.104211,1067.497248,59.936228,0.004474,1,0
17.300000,-57.217612,211538.303167,-176.990268,209297.807644,62.738237,211189.454251,100.570084,1046.849718,-18.963881,1063.462808,-139.206671,1050.400377,59.935798,0.004577,1,0
17.333000,-57.156472,210631.983402,-177.199439,210851.425647,62.900581,209965.788675,100.732209,1046.356263,-19.004717,1057.344291,-139.191215,1061.494785,59.936243,-0.004010,1,0
17.367000,-57.317816,211615.597524,-177.363373,210840.163857,62.889070,210879.071686,100.881182,1062.491190,-19.326850,1068.334672,-139.023249,1053.265443,59.934506,-0.004066,1,0
17.400000,-57.205238,210327.481375,-177.178924,210138.905962,62.641667,210345.380977,100.573135,1052.238052,-18.997036,1057.395920,-139.423379,1070.669099,59.933407,0.004671,1,0
17.433000,-57.158210,209198.145588,-177.193485,210053.913160,62.767058,209875.191133,100.640265,1063.056367,-19.254732,1058.638044,-139.094312,1054.780340,59.941234,-0.009636,1,0
17.467000,-57.343161,211635.767725,-177.250945,209283.541016,62.737452,211681.829435,100.703699,1059.922380,-19.208919,1055.204819,-139.103771,1049.725818,59.933833,-0.002079,1,0
17.500000,-57.307018,210564.589523,-177.231476,210403.404878,62.617891,210267.790114,100.448792,1050.851838,-19.304111,1073.633042,-139.082220,1065.218636,59.934398,-0.014365,1,0
17.533000,-57.412866,208795.958636,-177.232414,211612.797658,62.837916,210379.947956,100.480932,1066.420651,-19.027567,1067.101994,-139.181712,1056.524371,59.936798,0.004780,1,0
17.567000,-57.218726,212628.948131,-177.376296,210410.803181,62.781307,210716.261719,100.847880,1060.592742,-19.131584,1059.733433,-138.969686,1058.778102,59.931007,0.003294,1,0
17.600000,-57.188783,209485.312736,-177.145668,210761.433486,62.706899,210756.220259,100.860527,1053.833496,-19.182882,1058.902089,-139.320862,1062.528178,59.933336,-0.001543,1,0
17.633000,-57.496598,209619.275511,-177.391845,209335.863508,62.703041,210994.746363,100.336767,1066.434037,-19.383194,1066.211215,-139.597524,1057.830734,59.934454,0.009590,1,0
17.667000,-57.248430,207943.236615,-177.329618,211766.168717,62.727843,210233.191974,101.049785,1061.547870,-19.376121,1056.402100,-138.892556,1048.673165,59.934237,0.004890,1,0
17.700000,-57.176608,209533.928776,-177.219531,208849.218797,62.540962,209219.634141,100.509055,1054.041915,-19.097744,1058.393001,-139.571214,1047.895899,59.938671,0.002945,1,0
17.733000,-57.211260,211194.307694,-177.532043,209169.548586,62.825210,211021.659161,100.954682,1062.360265,-19.400748,1056.542320,-139.354266,1059.866484,59.937311,0.002338,1,0
17.767000,-57.389645,211147.203458,-177.316537,210188.038157,62.728357,212423.080304,100.661431,1055.393634,-19.095011,1048.058423,-139.388984,1054.772255,59.938641,-0.004084,1,0
17.800000,-57.359896,209804.349277,-177.411373,211564.642898,62.619618,210739.686344,100.424355,1051.119024,-19.726804,1051.337616,-139.425245,1051.089201,59.931574,-0.004563,1,0
17.833000,-57.228869,210590.622800,-177.410146,210316.034036,62.549793,210871.779705,100.897663,1043.925947,-19.278103,1056.334757,-139.025799,1059.448042,59.938962,-0.002070,1,0
17.867000,-57.269625,211331.623017,-177.446727,211228.864187,62.639577,210684.876902,100.737455,1063.871530,-19.415985,1065.660896,-139.639595,1045.335763,59.943340,0.002832,1,0
17.900000,-57.369581,209744.962656,-177.203004,210368.335235,62.729659,210715.952754,100.669003,1055.164901,-19.532728,1065.950798,-139.243602,1055.316147,59.940161,0.001448,1,0
17.933000,-57.351823,211707.345160,-177.350212,211515.435210,62.621663,210839.621301,100.912659,1063.587574,-19.281654,1068.890044,-139.697654,1056.733378,59.940113,0.007715,1,0
17.967000,-57.350155,211174.814016,-177.472418,209971.341880,62.624829,210495.663379,100.526518,1066.127228,-19.444285,1049.751890,-139.642067,1052.183300,59.933768,0.001330,1,0
18.000000,-57.173863,209919.501971,-177.356734,210260.523370,62.608885,210475.918114,100.571978,1053.992743,-19.178437,1062.819193,-139.170991,1048.508770,59.935267,-0.005215,1,0
18.033000,-57.150108,210622.428534,-177.244814,212243.374663,62.571652,209474.173156,101.014632,1052.012149,-19.369214,1056.519363,-139.172055,1053.391435,59.936176,0.000555,1,0
18.067000,-57.395023,211112.611995,-177.220312,209952.343015,62.806844,210616.697515,100.658650,1045.985300,-19.254290,1058.081815,-139.191217,1045.278263,59.931585,0.000456,1,0
18.100000,-57.059445,210822.910247,-177.224546,208893.438229,62.609683,209220.421320,101.117334,1043.883585,-19.123678,1045.343908,-139.406517,1044.424005,59.938304,0.009886,1,0
18.133000,-57.169412,211141.612316,-177.262279,212282.559153,62.690899,210083.976609,100.892869,1043.633862,-19.173267,1052.852494,-139.165953,1047.696387,59.937536,0.011643,1,0
18.167000,-57.285064,211328.849721,-177.402211,211170.881949,62.750997,208895.800800,100.701980,1051.148034,-19.689254,1056.892220,-138.944598,1040.310993,59.926430,-0.006484,1,0
18.200000,-57.390507,210679.476699,-177.353310,210448.595333,62.827302,211253.825882,100.564206,1043.173644,-19.012834,1053.155878,-139.299093,1057.320765,59.929283,0.004456,1,0
18.233000,-57.195539,210486.681884,-177.314080,207275.845067,62.612913,209389.110714,100.664738,1048.912775,-19.439541,1044.873013,-139.551040,1056.730697,59.930335,0.005390,1,0
18.267000,-57.204084,209643.671129,-177.258684,210231.196504,62.840000,211066.086578,100.503943,1058.576039,-19.205477,1042.643824,-138.926551,1041.986631,59.937674,0.005757,1,0
18.300000,-56.816851,209794.244714,-177.053211,210173.298762,62.842295,209376.456927,100.830020,1049.440612,-19.002635,1039.769333,-139.286279,1057.212617,59.932975,0.000587,1,0
18.333000,-56.872354,210015.587407,-177.236806,209565.444220,62.981537,210684.862885,101.018059,1045.595423,-19.195117,1046.478251,-139.001890,1042.442282,59.936481,0.010426,1,0
18.367000,-57.204984,209394.824594,-177.263633,210554.148309,62.761707,212698.197478,100.950969,1033.841165,-19.221071,1040.226756,-139.448934,1046.569118,59.940839,0.005862,1,0
18.400000,-57.045503,209878.104509,-177.058090,209462.908182,62.724016,210469.118715,101.199313,1035.960393,-19.197940,1033.317104,-139.611979,1034.985390,59.929771,-0.007838,1,0
18.433000,-57.064277,209991.964665,-176.868505,210420.551295,62.786703,211092.008361,101.073687,1050.394698,-18.954809,1043.139638,-139.374691,1042.072119,59.932420,-0.002801,1,0
18.467000,-57.305446,208252.352191,-177.214951,210383.047836,63.011945,210046.325108,100.248332,1047.264314,-19.323659,1048.834909,-139.054925,1032.665167,59.939649,0.009517,1,0
18.500000,-56.980732,210281.905292,-177.313481,209275.347900,62.655501,210519.589548,100.988593,1036.041959,-19.295732,1040.061339,-138.951319,1046.546460,59.938448,0.000532,1,0
18.533000,-57.140328,211371.396474,-177.163697,207263.510898,62.803712,210845.530908,100.714103,1041.857662,-19.145192,1043.402294,-138.780574,1035.425416,59.944568,0.000217,1,0
18.567000,-57.172052,210332.917545,-177.174079,211231.475449,62.860110,209460.149819,100.828354,1044.231840,-19.055159,1039.747057,-139.307341,1039.797044,59.948899,0.003123,1,0
18.600000,-56.987954,209396.608992,-177.165870,211122.387290,63.028115,211957.039143,101.104169,1044.011286,-19.231362,1047.232552,-138.942678,1043.004034,59.935898,0.006816,1,0
18.633000,-57.126407,210402.483983,-176.967150,209997.714504,62.745753,209073.323990,101.107365,1044.168143,-18.965142,1052.433322,-139.173710,1054.412099,59.947137,-0.004144,1,0
18.667000,-56.988277,210757.282532,-177.202193,210134.803666,62.972727,210490.560603,101.176625,1044.518178,-19.020410,1032.192926,-139.138039,1042.342055,59.942996,-0.007374,1,0
18.700000,-57.250858,210642.374127,-177.034240,208653.675242,62.988439,209840.136846,100.814522,1050.029145,-19.218238,1030.550513,-139.001170,1043.571686,59.947486,0.003928,1,0
18.733000,-57.066741,211413.319381,-177.205551,210331.923192,62.814686,209799.762315,101.057522,1049.876121,-18.898971,1035.380795,-139.461825,1041.299103,59.945334,0.008987,1,0
18.767000,-57.179879,208235.212887,-177.120914,208713.725697,62.765592,210357.376624,100.628271,1037.049828,-19.046590,1033.813543,-139.163804,1045.513695,59.946149,0.005558,1,0
18.800000,-57.123035,209325.807014,-176.902521,212779.902071,62.789984,210880.498007,100.802005,1042.546670,-19.153846,1039.799356,-139.168032,1038.220034,59.942015,0.010129,1,0
18.833000,-56.938713,209001.885309,-176.926750,210714.978954,62.981320,210060.467723,100.507654,1041.816566,-19.224533,1033.162259,-139.046299,1044.895354,59.952560,0.002772,1,0
18.867000,-57.091045,210452.601092,-177.174629,209143.991856,63.170487,212779.833014,101.072834,1032.639951,-19.204118,1035.150440,-139.025282,1032.131823,59.945446,0.000436,1,0
18.900000,-57.036648,208946.455177,-177.238847,208891.008833,62.996560,211790.959064,101.030388,1043.934886,-19.571227,1039.961941,-138.943678,1033.755788,59.938954,0.012233,1,0
18.933000,-57.260113,209760.886995,-176.958045,210035.772112,63.021989,208865.562712,100.715500,1047.694591,-18.730492,1037.735078,-138.964454,1034.742735,59.944596,0.003661,1,0
18.967000,-57.162824,210133.380712,-176.918658,210025.760346,62.816402,211939.881561,100.613319,1038.180722,-18.678990,1036.869575,-139.056129,1042.675535,59.938640,-0.000189,1,0
19.000000,-57.074695,208568.907772,-177.136584,210508.389993,62.984687,209396.001695,100.825165,1039.077445,-19.055057,1032.731662,-139.062425,1033.611743,59.944599,0.001785,1,0
19.033000,-57.046914,210835.025496,-177.002829,210432.942471,63.010452,209244.006942,100.856272,1023.212859,-18.982851,1029.937101,-139.225996,1041.724401,59.945441,-0.006601,1,0
19.067000,-57.076820,209633.086605,-177.162947,208941.559944,62.903788,210156.741083,100.910662,1039.156352,-18.926979,1046.939949,-139.151040,1029.000476,59.946483,0.006626,1,0
19.100000,-57.013131,211027.535115,-176.927417,209853.041252,62.950671,209216.291560,101.137307,1041.075601,-18.663148,1039.254449,-138.796845,1037.718993,59.939337,-0.015334,1,0
19.133000,-57.162893,208681.715792,-176.999245,210604.474160,62.899707,212027.515348,100.831591,1034.518311,-19.257900,1031.142604,-139.301937,1025.880431,59.941450,-0.014821,1,0
19.167000,-57.028576,210148.371573,-177.065857,211154.909307,63.055602,209057.386035,100.853710,1033.473029,-19.187736,1031.965005,-138.986611,1037.900127,59.939905,-0.007903,1,0
19.200000,-56.950866,209599.708559,-177.023460,211333.489506,62.928953,210240.667294,100.963753,1045.667144,-19.032637,1029.953937,-139.363428,1020.334775,59.944886,0.004199,1,0
19.233000,-57.110553,207797.394375,-176.831126,209457.128589,62.880333,210759.935270,100.819921,1023.456803,-18.946202,1030.382415,-139.464410,1032.838822,59.948420,-0.014904,1,0
19.267000,-57.023755,209387.891302,-177.104370,210403.768438,63.058703,209788.649543,100.893514,1028.308759,-19.026715,1030.864706,-138.952921,1033.239153,59.946582,0.007830,1,0
19.300000,-57.187099,209836.291359,-177.053178,210457.514717,62.933033,211626.144732,101.008073,1033.210209,-18.795864,1029.237827,-139.259173,1035.715717,59.947903,-0.010654,1,0
19.333000,-57.106758,208892.267810,-176.899598,209147.584258,62.950139,210616.392799,100.863174,1041.148077,-19.044000,1040.780178,-139.044375,1035.513354,59.937947,0.003350,1,0
19.367000,-57.087774,209483.566070,-177.080396,208102.133882,62.797568,212887.520111,101.071286,1029.730106,-18.848289,1038.753120,-139.187107,1040.765107,59.938357,-0.000891,1,0
19.400000,-56.991656,209792.998412,-177.021883,211608.959455,62.961341,208979.905838,101.285950,1033.826148,-18.843864,1036.753736,-138.810569,1031.232222,59.949428,0.000676,1,0
19.433000,-57.161154,209244.395706,-176.969503,208817.215063,62.883409,209566.859602,100.695932,1030.640375,-19.071546,1037.051407,-139.067121,1046.700510,59.943758,0.001435,1,0
19.467000,-56.978742,210401.922144,-177.025713,208129.459596,62.793721,210733.464378,100.905463,1048.572705,-19.010037,1044.166283,-139.488538,1037.185728,59.951862,-0.001831,1,0
19.500000,-57.012452,209393.080720,-177.047249,207991.944269,63.160140,208839.422180,101.067019,1040.130438,-19.169081,1041.423305,-138.946029,1041.773168,59.952898,-0.000994,1,0
19.533000,-57.089254,209399.487273,-177.038088,208528.428244,62.971958,207390.417945,100.890423,1039.908837,-18.746322,1034.620762,-139.147190,1018.314695,59.950230,-0.001507,1,0
19.567000,-57.122106,209918.445446,-177.165786,210162.193286,63.069757,210483.401464,100.878385,1036.653432,-19.139516,1031.912112,-139.085406,1038.965753,59.953036,-0.002278,1,0
19.600000,-56.917028,208874.563517,-177.040087,209972.641376,63.020567,208166.551369,101.005416,1043.761725,-18.963581,1038.794668,-139.291720,1049.248154,59.955803,0.005142,1,0
19.633000,-57.151417,210073.968076,-177.241095,209353.813744,62.897578,210261.910248,100.757594,1025.337886,-19.229371,1034.988256,-139.076015,1027.731932,59.955437,0.004717,1,0
19.667000,-57.026011,210377.757668,-177.122923,209486.553450,62.925410,211722.822479,100.978683,1028.038523,-19.111543,1023.772780,-139.292674,1022.210329,59.956693,0.005409,1,0
19.700000,-57.231863,210723.435297,-177.121990,209554.186487,63.003668,209478.226973,100.973681,1030.377145,-18.821154,1038.780622,-138.595692,1032.703630,59.952819,0.001849,1,0
19.733000,-57.075005,208939.262745,-177.075050,210467.854601,63.054609,209534.245837,100.880257,1010.944814,-19.487871,1023.770383,-138.802760,1020.232684,59.955931,0.004594,1,0
19.767000,-57.150611,209875.812246,-176.960628,211282.880633,63.019653,212353.453654,100.916415,1023.655327,-18.871832,1032.619269,-138.936347,1032.444088,59.948621,0.014820,1,0
19.800000,-57.306309,210299.508938,-177.088717,212615.838521,63.195130,210044.054972,100.812025,1014.527434,-18.908143,1037.767889,-138.584768,1032.200821,59.944119,0.007885,1,0
19.833000,-57.115190,210996.132229,-177.083695,209563.055657,62.845951,209628.309780,101.035505,1018.404990,-19.228171,1021.073483,-139.242278,1027.054080,59.946547,-0.005789,1,0
19.867000,-57.078296,211374.126458,-177.189288,211439.022924,62.879986,210813.956451,101.055739,1027.766750,-19.123073,1033.410893,-138.838709,1026.814706,59.951086,0.003960,1,0
19.900000,-56.905538,209683.518947,-176.900391,210914.912438,62.932617,211117.975020,100.990292,1021.504601,-18.737232,1031.552914,-138.996971,1035.140537,59.949661,-0.004921,1,0
19.933000,-57.074478,209519.291110,-177.118865,211964.181285,63.082278,210719.091558,101.250612,1031.218880,-19.131651,1030.821375,-138.671953,1025.338163,59.955380,0.014970,1,0
19.967000,-56.857606,209328.189223,-177.003966,208424.797127,63.024982,209850.190434,101.238179,1015.077206,-18.855889,1034.755043,-138.932015,1024.256405,59.948610,0.002002,1,0
20.000000,-57.010879,211295.514327,-177.261774,211319.373820,63.229156,210918.615441,100.723001,1033.383532,-19.273282,1022.253798,-138.872808,1026.883535,59.953934,0.001495,1,0
20.033000,-57.074817,211295.229738,-177.049756,209260.227246,63.084672,211306.292633,101.177411,1037.023484,-19.001403,1024.407134,-138.736936,1025.209382,59.947296,0.001849,1,0
20.067000,-57.061461,209055.399326,-176.855645,209050.793711,63.018423,210878.150230,100.874271,1028.387327,-18.992200,1029.281097,-138.944404,1032.100407,59.959346,0.000245,1,0
20.100000,-56.972309,210022.013802,-177.176480,211916.425140,63.124582,211336.294662,101.294314,1026.990542,-19.147383,1029.271935,-138.753131,1026.736192,59.961976,-0.002643,1,0
20.133000,-57.042308,213453.091603,-177.008394,210351.519413,63.025802,210167.452206,101.042336,1028.950819,-19.065285,1020.274232,-138.968446,1024.650652,59.960735,0.010027,1,0
20.167000,-57.030320,208515.927258,-176.899691,211489.323133,63.287752,212805.668965,100.989133,1034.697912,-18.879753,1032.065726,-138.755212,1023.670925,59.965556,0.001495,1,0
20.200000,-57.035202,211752.131188,-176.844557,210030.090322,63.196353,211146.021969,101.387646,1023.658062,-18.713857,1021.233817,-139.065997,1031.917446,59.961408,0.004563,1,0
20.233000,-56.855407,209015.677561,-176.939168,210270.185716,63.038544,207950.787890,101.037049,1020.500176,-18.910127,1033.051780,-138.668546,1032.345900,59.961070,-0.009615,1,0
20.267000,-56.925624,209182.996689,-176.703244,210735.732894,63.164394,211196.301967,100.951935,1028.341573,-18.840951,1025.059893,-138.959609,1030.771824,59.961832,-0.007477,1,0
20.300000,-56.940715,210246.034009,-176.900099,210847.993179,63.253827,209965.295549,100.968549,1020.698849,-18.774890,1021.248374,-139.041498,1033.287473,59.955128,-0.005437,1,0
20.333000,-56.723616,210355.048892,-176.854034,209290.871568,63.060142,206847.524074,101.880759,1020.846460,-19.101991,1031.352241,-139.060362,1029.663017,59.955787,0.012386,1,0
20.367000,-56.963757,211240.149374,-176.832277,209478.021540,63.013817,212966.374570,101.184185,1038.868999,-18.599759,1021.951021,-138.716145,1033.032012,59.961613,-0.003891,1,0
20.400000,-56.916038,212985.983719,-176.796846,210284.873979,63.274619,211921.832316,101.065338,1036.345975,-18.843201,1029.604464,-138.721180,1032.142637,59.950527,0.006932,1,0
20.433000,-56.771886,209440.703166,-177.029341,209409.518689,62.985727,212847.808347,101.356897,1034.685332,-18.928004,1039.330250,-138.723030,1037.705840,59.950959,0.002704,1,0
20.467000,-56.890603,209447.253952,-176.895050,211705.301076,63.244588,210877.120952,101.004604,1037.742589,-19.022088,1040.923106,-138.815663,1026.844457,59.955699,0.002059,1,0
20.500000,-57.031625,210275.367725,-176.736505,211754.695552,62.831485,211596.910644,100.949173,1034.532369,-18.902287,1029.243646,-139.164713,1030.714603,59.955254,-0.005024,1,0
20.533000,-56.849109,211320.598638,-176.908832,207740.653354,63.052294,208717.030488,101.207257,1021.760882,-18.530555,1032.550595,-139.000834,1036.727766,59.956005,0.007147,1,0
20.567000,-56.888379,209313.728984,-177.118570,210091.310218,63.209990,210652.669678,101.012807,1032.683638,-18.884150,1025.012318,-138.932584,1028.562893,59.962473,-0.000445,1,0
20.600000,-57.065101,210410.672904,-177.091425,211291.633849,63.065790,209697.350931,100.962591,1035.871691,-19.165892,1028.290896,-139.195872,1025.598226,59.955214,0.000967,1,0
20.633000,-57.054298,210842.374030,-176.795328,211056.377736,62.851880,210475.915283,101.306202,1037.440417,-18.692642,1035.840495,-139.230831,1022.010581,59.954178,0.003387,1,0
20.667000,-57.097791,211229.034698,-176.886069,209626.747934,63.230553,210838.838107,101.209706,1040.422716,-18.834884,1030.905462,-138.765003,1033.401410,59.957915,0.003302,1,0
20.700000,-56.949926,210836.342712,-176.798979,210120.254498,63.098844,208925.408609,101.200606,1034.293649,-18.945216,1034.564385,-139.203339,1038.449611,59.964464,0.001470,1,0
20.733000,-56.896699,209889.504604,-176.983987,208565.764361,62.931146,211128.676952,101.017010,1024.873136,-18.991332,1034.934720,-138.969161,1039.880358,59.965919,0.010848,1,0
20.767000,-57.102558,210863.908951,-176.818870,209963.184848,63.116207,211529.676997,100.683513,1047.863576,-18.944142,1032.920692,-138.851711,1048.081432,59.954399,-0.002497,1,0
20.800000,-56.917118,209040.600550,-176.819156,208758.581854,63.181136,208816.301029,100.983681,1040.779238,-18.962952,1033.488611,-138.653935,1045.512758,59.958343,0.000955,1,0
20.833000,-57.002910,209077.408653,-176.924229,211440.974660,63.227753,209008.492702,100.841259,1035.549708,-19.055245,1026.363922,-138.887394,1030.713888,59.963224,0.008749,1,0
20.867000,-57.021670,209244.010415,-176.932902,211858.030198,63.076578,210442.083688,100.792419,1031.507137,-18.988131,1029.383613,-139.215158,1027.563375,59.958165,0.003264,1,0
20.900000,-56.913526,210171.484253,-176.732045,209031.929693,63.040462,209645.526774,101.299777,1029.240699,-18.801188,1031.856172,-138.798749,1044.495755,59.967577,-0.013459,1,0
20.933000,-56.917294,210491.758893,-176.748991,209480.776348,63.079532,210799.589771,101.004196,1036.966861,-18.765943,1043.995103,-138.838869,1045.932978,59.962037,0.006199,1,0
20.967000,-56.993294,209983.755580,-176.806783,210412.673032,63.047585,209944.126398,101.089790,1032.997996,-19.125921,1038.605389,-139.200624,1042.731581,59.959193,-0.003602,1,0
21.000000,-56.833207,210219.999199,-176.896735,210651.233396,63.159315,212268.737179,100.976900,1032.705928,-18.964365,1034.621235,-139.015896,1037.495272,59.962231,-0.003329,1,0
21.033000,-56.958138,208089.626039,-176.903078,212796.788137,63.196509,211327.348513,101.151632,1040.645231,-19.249331,1054.579547,-138.631490,1039.845688,59.968488,0.009701,1,0
21.067000,-56.879405,208759.178610,-176.793799,208556.891416,63.205258,211242.529008,101.141087,1039.007171,-18.692443,1044.884092,-139.010059,1037.155946,59.966350,-0.012491,1,0
21.100000,-56.596391,210168.142882,-176.759116,208906.112468,63.120052,210722.843936,101.462672,1020.955875,-18.739374,1030.869230,-138.889805,1037.846636,59.971919,0.008352,1,0
21.133000,-56.781799,209891.547719,-176.752399,209686.541923,63.194703,211483.026808,101.017436,1038.516219,-18.584870,1038.975071,-138.556483,1046.313658,59.975839,0.000875,1,0
21.167000,-56.737800,210409.016326,-177.014427,210452.647766,63.041078,211870.107196,101.499816,1033.320816,-19.040643,1030.459277,-139.267854,1032.087681,59.963448,-0.000726,1,0
21.200000,-56.956653,211330.855653,-176.866706,210737.598714,63.277447,209343.210676,100.951680,1039.664729,-18.852708,1022.974090,-138.790799,1040.288752,59.964432,0.008134,1,0
21.233000,-56.858890,209276.284346,-176.861624,209306.587463,63.168207,212590.907453,101.229200,1040.502196,-18.446884,1033.391896,-139.251879,1028.556681,59.971872,-0.007822,1,0
21.267000,-56.768264,209907.193097,-176.781778,210090.033855,63.033459,210877.808285,101.029252,1030.790043,-18.888202,1037.125493,-138.906377,1026.029514,59.967972,0.008355,1,0
21.300000,-56.777286,211497.893510,-176.810277,209682.489141,63.015658,210865.018838,101.106816,1033.264594,-18.745629,1047.861060,-138.869154,1024.989139,59.963769,0.001943,1,0
21.333000,-56.942007,210104.999047,-176.805506,209186.812148,63.134491,210147.729093,101.046235,1033.060576,-18.475523,1031.932486,-139.039392,1032.184140,59.968011,0.003631,1,0
21.367000,-56.885594,211297.142977,-176.802065,208706.126245,63.159742,210731.872942,101.054572,1022.484240,-18.917385,1030.731868,-138.796965,1037.172405,59.969948,0.006537,1,0
21.400000,-56.801342,210805.419223,-176.830671,209697.995934,63.217535,210792.749359,100.745052,1026.900318,-18.876266,1036.390462,-138.852631,1039.574415,59.975462,0.011148,1,0
21.433000,-56.756339,209586.125073,-176.655293,209062.522855,63.229526,210187.086200,101.324388,1039.669143,-18.704860,1033.112496,-138.711298,1021.721443,59.968723,-0.009303,1,0
21.467000,-56.624967,208788.663070,-176.602680,210632.655224,63.219397,209305.008208,101.223480,1028.288691,-18.789760,1025.945456,-138.547123,1032.837100,59.959949,0.008700,1,0
21.500000,-56.808185,211159.267630,-176.972113,210064.306541,63.092484,210023.539829,101.233462,1032.086468,-19.008359,1045.508450,-138.873902,1029.694323,59.967917,-0.002779,1,0
21.533000,-56.840370,209128.685905,-177.023016,210306.648473,63.215692,208908.371267,101.057941,1026.604613,-18.776541,1029.256829,-139.184576,1022.445000,59.968979,-0.012594,1,0
21.567000,-56.818114,210229.738494,-176.953480,209510.478152,63.221593,210595.087476,100.910059,1035.680697,-19.174299,1024.015738,-138.762784,1027.486328,59.971057,-0.011438,1,0
21.600000,-56.966069,209072.640214,-176.768458,209503.559974,63.142903,209808.951122,101.113807,1030.131601,-18.865142,1032.469782,-138.827735,1018.254324,59.966657,0.007650,1,0
21.633000,-56.724403,210880.689981,-176.854919,208394.933454,63.087591,210966.818512,101.506440,1035.642176,-19.101828,1020.871731,-138.938495,1034.615489,59.973809,-0.001917,1,0
21.667000,-56.889288,210753.653889,-176.647069,208318.709981,63.319798,210620.874769,100.818239,1031.027936,-18.867994,1031.133648,-138.949092,1015.846031,59.956723,-0.002483,1,0
21.700000,-56.798895,208395.669667,-176.719239,208733.168235,63.248297,209534.601137,101.008942,1021.665283,-18.921697,1024.638792,-138.519188,1032.244148,59.961255,0.003705,1,0
21.733000,-56.797079,209361.617611,-176.753102,211227.268005,63.126879,209881.231155,101.391201,1029.558015,-19.089555,1022.753282,-138.775944,1038.601383,59.964473,0.001902,1,0
21.767000,-56.737866,210827.732268,-176.878433,209934.724167,63.165403,210143.172009,101.291789,1021.337569,-18.817793,1025.687668,-138.741456,1034.387742,59.966930,-0.009040,1,0
21.800000,-56.836322,210001.907306,-176.644173,208675.783184,63.379136,211540.183933,101.163472,1026.463448,-18.656430,1033.503011,-138.453493,1039.246849,59.958490,-0.006716,1,0
21.833000,-56.833522,210310.001963,-176.712156,209310.056607,63.208175,210396.298339,101.312417,1018.186839,-18.449699,1032.232915,-138.257222,1019.786709,59.967217,0.001816,1,0
21.867000,-56.725064,210521.863371,-176.771517,211790.890068,63.254080,211365.720439,101.273574,1024.574983,-18.830579,1028.460134,-139.097149,1023.916295,59.968193,0.007160,1,0
21.900000,-56.735028,210328.489259,-176.730445,209433.790517,63.194511,210114.927781,101.132687,1026.582705,-18.409841,1018.495176,-138.731507,1031.896958,59.962824,0.007223,1,0
21.933000,-56.918866,210509.100891,-176.903299,210579.180527,63.225156,211293.689897,101.134773,1029.470818,-18.900455,1029.789652,-139.076262,1022.642977,59.966204,-0.007294,1,0
21.967000,-57.019734,209929.617145,-176.886402,208962.698062,63.006132,210240.399203,100.750386,1035.652084,-18.578284,1026.493473,-139.192879,1028.703216,59.961308,-0.006014,1,0
22.000000,-56.946430,210970.061130,-176.900049,210032.763016,63.130055,208972.205725,100.999794,1034.438857,-18.793302,1024.380299,-138.889725,1030.949093,59.964180,0.009222,1,0
22.033000,-56.840490,210308.064801,-177.084012,208805.678335,63.057198,210452.091974,101.471974,1027.702616,-19.166174,1022.561089,-139.170436,1019.027571,59.961166,0.006550,1,0
22.067000,-56.797101,209834.334719,-176.820375,209789.116285,63.281747,211537.132606,101.397078,1017.358178,-18.860842,1023.684975,-138.611834,1021.994064,59.976374,-0.004995,1,0
22.100000,-56.816780,210383.740608,-176.715085,210372.165892,63.393094,210477.943779,101.236355,1030.149478,-18.573214,1034.534047,-138.636454,1006.831591,59.970015,0.000627,1,0
22.133000,-56.793698,210704.939844,-176.747971,209080.386158,63.177369,208732.435045,100.976873,1013.851832,-18.920456,1026.543506,-138.863927,1020.737490,59.971233,-0.000649,1,0
22.167000,-56.820594,209833.612210,-176.839012,209398.795861,63.156594,210156.836104,101.002280,1024.289456,-18.771861,1012.380660,-138.690713,1024.120160,59.976190,0.000457,1,0
22.200000,-56.871301,210911.088417,-176.971150,210503.486221,63.095493,210771.693017,101.131616,1026.739359,-18.975405,1010.756384,-139.186504,1015.527948,59.966550,0.001178,1,0
22.233000,-56.599483,210538.568932,-176.775498,211536.290343,63.142475,209822.331824,101.447389,1016.658521,-18.877308,1019.001191,-139.096521,1008.029850,59.964841,-0.007363,1,0
22.267000,-56.739948,210708.557443,-176.730466,213067.134036,63.303017,208963.425073,101.515897,1027.122399,-18.380956,1022.950558,-138.692502,1019.418702,59.970564,0.005237,1,0
22.300000,-56.739122,209956.561128,-176.750402,209005.242362,63.190304,209512.890008,101.234745,1018.436246,-18.743065,1023.475028,-138.880196,1023.706538,59.962286,0.011979,1,0
22.333000,-56.773492,210393.805481,-176.769342,209004.746896,63.168520,210024.583096,101.273539,1022.232785,-18.551713,1010.073304,-138.859757,1022.587012,59.970654,-0.006355,1,0
22.367000,-56.776255,210642.566384,-176.916925,209143.171485,63.259055,210676.721176,100.819316,1031.843312,-18.859103,1014.869974,-138.685139,1018.964998,59.964483,-0.004405,1,0
22.400000,-56.804084,209345.412635,-176.690323,210492.070868,63.246828,211146.675803,100.923851,1020.408498,-18.826409,1008.242050,-138.602870,1028.208270,59.965981,-0.002235,1,0
22.433000,-56.722823,208238.810564,-176.605000,209709.988463,63.332707,210117.194706,101.394710,1014.655423,-18.598578,1019.234976,-138.387327,1015.419323,59.965701,-0.004937,1,0
22.467000,-56.771661,210016.008193,-176.912629,210395.999168,63.248153,209687.623782,101.371255,1028.794504,-18.713811,1023.238146,-138.684830,1014.215641,59.964092,-0.001102,1,0
22.500000,-56.796558,210017.808139,-176.750645,210249.011956,63.139329,211135.468352,101.090906,1021.598550,-18.606268,1018.183266,-139.055000,1012.308855,59.969933,-0.001026,1,0
22.533000,-56.752904,208679.430445,-176.726146,211907.862638,63.361518,208989.133939,101.355537,1008.223078,-18.706150,1018.477711,-138.594917,1014.096990,59.951976,-0.009650,1,0
22.567000,-56.631998,209295.829921,-176.765087,209165.308894,63.459657,210979.998871,101.266348,1016.020222,-18.912286,1018.348010,-138.338378,1016.976980,59.957471,-0.009134,1,0
22.600000,-56.510205,209444.340848,-176.736649,210876.515383,63.306170,209954.992699,101.283571,1017.240045,-18.604719,1013.872710,-138.653213,1016.472292,59.954011,-0.000040,1,0
22.633000,-56.552429,209885.617490,-176.481695,211373.739580,63.319651,209675.695942,100.570074,1019.614904,-18.407484,1022.159763,-138.664362,1010.470431,59.958507,0.000838,1,0
22.667000,-56.690788,210599.242825,-176.395019,209699.759258,63.244954,211190.975151,101.209517,1010.040288,-18.607293,1023.844852,-139.041356,1014.127497,59.965036,-0.005807,1,0
22.700000,-56.777080,211021.090407,-176.549177,211464.089727,63.300816,210466.387102,101.192407,1022.247858,-18.423293,1007.057891,-138.878862,1015.418050,59.956714,-0.007651,1,0
22.733000,-56.703902,209638.454442,-176.742557,210884.816814,63.316995,209929.385135,101.224123,1011.876538,-19.041676,1003.173115,-138.503912,1014.407491,59.951512,0.000612,1,0
22.767000,-56.733865,210519.694196,-176.804195,209697.443757,63.472288,211529.313653,101.258237,1013.464309,-18.714035,1001.867150,-138.423742,1017.639714,59.952437,-0.011793,1,0
22.800000,-56.694791,209664.169892,-176.568574,209679.904880,63.333923,209461.490684,101.241908,1020.603737,-18.521302,1018.835750,-138.597377,1021.338141,59.962361,-0.006504,1,0
22.833000,-56.709416,210352.810025,-176.718253,210647.411445,63.528161,210153.540812,101.302236,1011.940009,-18.517400,1011.385398,-138.500036,1015.719059,59.967066,-0.009045,1,0
22.867000,-56.574918,209998.236248,-176.555512,210803.847552,63.473689,211046.763044,101.353381,1009.462374,-18.683202,1023.222589,-138.413488,1014.582053,59.959414,0.006256,1,0
22.900000,-56.750471,209513.100855,-176.645394,208366.591761,63.307683,211153.867939,101.520055,1012.728085,-18.480832,1022.841539,-138.575996,1009.186496,59.966449,-0.002799,1,0
22.933000,-56.613060,211368.286298,-176.822733,210383.051317,63.516091,209902.578957,101.080627,1006.780081,-18.818658,1020.852913,-138.251587,1015.106119,59.963052,-0.003570,1,0
22.967000,-56.611449,210642.881827,-176.605270,211501.404384,63.437512,211034.269552,101.050225,1008.551582,-18.660708,1007.599357,-138.587992,1011.368778,59.969709,0.005137,1,0
23.000000,-56.665200,210014.427249,-176.748123,209883.445671,63.229563,209714.174297,101.611623,1011.585035,-18.952114,1011.587374,-138.550969,1000.522336,59.970477,-0.016857,1,0
23.033000,-56.643883,210541.864116,-176.498085,211006.437726,63.348209,211599.372292,101.311493,1011.073520,-18.694708,1006.192161,-138.619543,1003.198976,59.966800,-0.017571,1,0
23.067000,-56.641656,210698.683042,-176.731775,211515.901568,63.379396,209212.947743,101.060487,1012.070848,-18.386864,1018.338425,-138.595097,1002.906399,59.967748,0.011716,1,0
23.100000,-56.501301,210591.512448,-176.760243,209626.697912,63.332514,209831.976598,101.431674,1008.110502,-19.128975,1008.706662,-138.479523,1020.847738,59.964874,-0.002595,1,0
23.133000,-56.763347,211629.020808,-176.837432,210723.574483,63.406164,210616.889122,101.024148,1008.705430,-18.870186,1013.147492,-138.394758,1003.730008,59.962576,0.004110,1,0
23.167000,-56.711161,210642.194207,-176.695686,210868.078834,63.377950,210146.396639,101.413934,1004.229575,-18.983012,1001.955743,-138.459577,1007.697888,59.962403,0.008141,1,0
23.200000,-56.630120,210039.371430,-176.613172,210670.909477,63.364195,211642.686810,101.231201,1007.394212,-18.547641,1003.623375,-138.906649,1002.760556,59.972688,0.000355,1,0
23.233000,-56.733143,209517.688718,-176.568774,212149.479788,63.300685,211592.758927,101.016141,1008.622067,-18.490192,1009.718395,-138.539725,1001.748961,59.978955,0.004874,1,0
23.267000,-56.681033,210714.962112,-176.714514,209428.077351,63.318173,212608.491840,101.198799,1002.917883,-18.865806,1006.779828,-138.857397,1003.563726,59.965550,-0.006372,1,0
23.300000,-56.630034,211215.314317,-176.659021,211237.445840,63.164779,212904.393250,101.308481,1009.599018,-18.636122,1004.918078,-138.873138,998.958678,59.964503,-0.002215,1,0
23.333000,-56.616153,211234.115763,-176.574489,210252.537637,63.532556,211825.503528,101.376774,1002.276584,-17.919303,1011.696756,-138.507259,1009.162751,59.965128,-0.001435,1,0
23.367000,-56.628669,211445.575084,-176.672947,210918.479695,63.148635,211946.029370,101.422933,1015.088149,-18.787203,1003.025906,-138.940493,1003.969357,59.965861,-0.004226,1,0
23.400000,-56.597408,211085.603434,-176.399317,210758.606768,63.350466,212748.029519,101.429786,1015.026996,-18.570707,1010.730047,-138.946736,1013.117954,59.970539,0.008615,1,0
23.433000,-56.335171,210935.024349,-176.601406,211685.472139,63.456617,210417.441686,101.527705,1004.722813,-18.464386,996.584697,-138.414085,1012.042230,59.966240,0.010889,1,0
23.467000,-56.693498,210903.543287,-176.644681,209945.373101,63.245203,210001.187806,101.023741,1012.421883,-18.830222,1001.676225,-138.927632,1005.914534,59.971554,0.002439,1,0
23.500000,-56.670185,211099.363934,-176.749861,211823.739967,63.383397,210486.726179,101.245638,1006.831776,-18.793660,1015.890602,-138.993018,1012.813792,59.963195,0.011021,1,0
23.533000,-56.524905,211049.625985,-176.428246,211046.971154,63.532256,211511.280239,101.434565,1023.313676,-18.519388,1009.423582,-138.330979,1015.908530,59.972632,0.002126,1,0
23.567000,-56.693039,209892.953721,-176.242408,210952.280088,63.415170,211992.813005,101.223940,1016.247004,-18.057908,1007.951198,-138.514018,1011.158964,59.970540,0.009861,1,0
23.600000,-56.649007,211435.884773,-176.553286,209922.721439,63.426166,209586.658639,101.114367,1013.644178,-18.569507,1014.301405,-138.495022,1016.693660,59.976891,-0.001656,1,0
23.633000,-56.569471,208758.586833,-176.599309,209280.269440,63.561408,212383.225757,101.246093,1025.327961,-18.300858,1007.489645,-138.275409,1002.210429,59.977276,-0.009295,1,0
23.667000,-56.415649,209936.947445,-176.363317,211093.068034,63.475979,209840.168846,101.493357,1019.649880,-18.319011,1012.493423,-138.914493,1002.391535,59.972291,-0.001966,1,0
23.700000,-56.593257,208892.852226,-176.645832,210447.662497,63.512968,210738.007809,101.278990,998.227320,-18.611411,1009.367700,-138.174572,1008.717056,59.975244,-0.005458,1,0
23.733000,-56.462733,209843.950035,-176.473713,210423.135377,63.365380,209725.797346,101.627225,1009.738782,-18.884498,1010.293826,-138.842073,1006.489952,59.971287,-0.003160,1,0
23.767000,-56.305566,211690.839616,-176.486080,208905.886322,63.570293,210964.576267,101.588392,1004.802410,-18.748260,1007.478555,-138.170612,1008.044737,59.971819,-0.006343,1,0
23.800000,-56.734212,212199.526760,-176.532361,211181.620092,63.410334,210347.546404,101.239746,1018.284499,-18.487741,1014.134053,-138.752881,997.511326,59.967135,0.015504,1,0
23.833000,-56.477214,210823.494700,-176.527472,210758.000155,63.466899,212384.904199,101.485738,1011.913514,-18.763158,1004.077005,-138.653954,1023.321700,59.977210,-0.005014,1,0
23.867000,-56.709647,209914.117315,-176.489124,211276.892867,63.280737,210332.454165,101.534167,996.346130,-18.522637,1016.838195,-139.052371,1004.922715,59.976970,-0.001649,1,0
23.900000,-56.651765,210347.261587,-176.449853,211625.748550,63.537016,211378.179303,101.510432,1003.904674,-18.792415,1013.875317,-138.255814,1005.199811,59.974781,-0.012137,1,0
23.933000,-56.720594,209996.002081,-176.377174,210917.515620,63.604510,210856.810216,101.080609,1003.980937,-18.490600,1001.581815,-138.010604,1005.291031,59.983921,0.008739,1,0
23.967000,-56.565179,211173.113954,-176.594461,209581.865136,63.468525,212008.186943,101.422306,996.097052,-18.472492,1004.619923,-138.624535,1008.016995,59.972387,0.008532,1,0
24.000000,-56.532570,210096.577413,-176.681130,209674.472835,63.401286,210159.425715,101.442509,1002.783070,-18.898192,1010.140475,-138.407502,1016.390785,59.973268,0.005408,1,0
24.033000,-56.648138,210313.525944,-176.580904,210350.768175,63.334326,211170.065837,101.352590,1007.913252,-18.809563,1004.908583,-138.821695,1013.102150,59.978229,0.006369,1,0
24.067000,-56.706107,211251.919969,-176.681666,209821.409725,63.314379,209751.892864,101.244974,1004.763436,-18.635343,998.744907,-138.664079,1004.039074,59.974122,0.000967,1,0
24.100000,-56.689436,210913.807174,-176.615242,210557.269351,63.414223,211580.496083,100.939944,1015.083871,-18.884931,1008.179108,-138.562472,1004.797466,59.970423,-0.007706,1,0
24.133000,-56.591497,210239.952178,-176.450306,211076.653852,63.212515,209785.785102,101.403220,1009.933126,-18.572590,1009.028804,-138.680129,1011.887005,59.983970,-0.002693,1,0
24.167000,-56.551721,210385.116059,-176.637521,210034.446341,63.534770,208808.770861,101.202075,1003.398940,-18.786191,1011.707051,-138.462793,1021.840684,59.981414,0.003933,1,0
24.200000,-56.594869,210732.721873,-176.390014,208964.068391,63.363804,211537.483944,101.492878,1000.634339,-18.568532,1014.214005,-138.483898,1000.283476,59.977309,0.001052,1,0
24.233000,-56.481640,209219.893351,-176.731072,209711.166959,63.371629,208539.324710,101.185212,993.322486,-19.129342,1009.200693,-138.564592,1004.351552,59.976343,-0.004666,1,0
24.267000,-56.712417,209283.654941,-176.573721,209460.448049,63.301631,209922.440054,101.385365,998.717680,-18.481905,996.858666,-138.872276,1006.611636,59.975200,-0.007981,1,0
24.300000,-56.571705,210146.116260,-176.635413,210864.799368,63.250068,210849.946937,101.341518,999.012947,-18.600727,993.032996,-138.730867,1004.052438,59.981243,-0.003300,1,0
24.333000,-56.555409,210630.847816,-176.720839,209230.193605,63.287607,210601.370941,101.584571,1003.611439,-18.735651,1006.155423,-138.577122,995.051441,59.976641,-0.003320,1,0
24.367000,-56.672672,210199.239155,-176.670110,209423.597365,63.410195,211303.338156,101.696582,1000.558208,-18.722270,1014.060305,-138.356808,994.394189,59.968981,-0.005707,1,0
24.400000,-56.511312,210976.866744,-176.553621,211445.361255,63.279832,209988.732365,100.961748,1000.764576,-18.473413,1000.417210,-138.589179,998.316563,59.972604,-0.003793,1,0
24.433000,-56.579232,210724.446393,-176.750801,210238.854302,63.280358,211007.209915,101.396337,1004.422119,-18.660176,993.559598,-138.579012,1002.093659,59.974674,0.002848,1,0
24.467000,-56.534854,212154.213147,-176.753151,210856.721233,63.326667,210960.987389,101.636933,997.501688,-18.628817,988.434460,-138.735059,1004.061848,59.967399,0.000550,1,0
24.500000,-56.556537,211689.051727,-176.692732,210941.395083,63.353800,211361.981747,101.557694,1008.767031,-18.613849,999.772811,-138.698052,994.046570,59.975513,-0.004179,1,0
24.533000,-56.706301,209719.572949,-176.898597,210355.787485,63.176926,213391.138423,101.225422,995.369411,-19.015417,1005.162803,-138.695241,998.937347,59.964237,-0.005650,1,0
24.567000,-56.577276,210148.320199,-176.665540,211369.486601,63.157045,211112.381715,101.436470,1000.921068,-18.659572,1008.296237,-138.854227,1021.620552,59.966224,-0.005855,1,0
24.600000,-56.845163,212435.776636,-176.698996,210740.425236,63.458442,209950.690564,100.828136,1001.427949,-18.460391,1000.057425,-138.391612,1001.977667,59.965365,0.001879,1,0
24.633000,-56.711514,209693.460933,-176.692400,210854.894655,63.213186,212403.371541,101.169668,987.827653,-18.907535,1013.535652,-139.080318,998.961680,59.966503,-0.000447,1,0
24.667000,-56.772077,210480.407446,-176.594045,209185.787091,63.473884,211664.159385,101.232726,999.797284,-18.834726,1007.353870,-138.680490,1007.064102,59.962822,-0.006972,1,0
24.700000,-56.699163,210651.609627,-176.782696,212707.427635,63.502358,209830.890194,101.004931,996.879064,-18.393912,1010.934685,-138.450895,1004.187079,59.969376,0.001178,1,0
24.733000,-56.732811,209827.038504,-176.674610,213700.454391,63.310030,210503.068836,101.171194,1008.834644,-18.510324,1011.376749,-138.771852,1009.870093,59.967553,-0.005467,1,0
24.767000,-56.760552,209743.186374,-176.802545,210059.003218,63.065733,211423.620925,101.476211,1013.058704,-19.127432,1017.564935,-138.922784,1003.376407,59.966256,0.003431,1,0
24.800000,-56.787306,209582.270093,-176.809755,211472.678440,63.430211,208819.546622,101.130681,1003.216957,-18.688353,1018.219515,-138.586560,1008.229323,59.962967,-0.006073,1,0
24.833000,-56.828774,211084.402159,-176.909708,211639.673532,63.206020,210385.974463,101.134192,1007.639825,-18.672949,1013.139105,-138.836269,1015.236894,59.968018,-0.004778,1,0
24.867000,-56.685727,210925.456764,-176.689796,209451.583102,63.364134,211820.115179,101.328783,1006.760318,-18.770148,1019.854179,-138.897581,1012.811014,59.973305,0.000372,1,0
24.900000,-56.825405,209228.900869,-176.809220,210266.913969,63.390112,209839.427823,101.111360,1003.924368,-18.768437,1002.167618,-138.485062,1006.826179,59.972806,-0.005325,1,0
24.933000,-56.701152,208911.787964,-176.827138,209167.051692,63.240030,209294.668720,101.440914,996.065789,-18.755442,1012.068548,-138.893273,1005.284186,59.970141,-0.006577,1,0
24.967000,-56.742965,211349.647031,-176.868497,211708.153327,63.272916,210204.042675,101.295634,1008.060504,-18.850696,997.857721,-138.716221,1011.069528,59.966501,0.008882,1,0
25.000000,-56.608038,210568.943475,-176.696034,209440.694218,63.319775,209494.539240,101.346550,1017.507666,-18.805205,1006.243179,-138.626922,1001.593466,59.968971,0.004097,1,0
25.033000,-56.686849,211193.767080,-176.613551,210655.844708,63.247723,209888.669665,101.573064,1009.445068,-18.351499,1011.803458,-138.760540,1004.952379,59.976051,0.003734,1,0
25.067000,-56.941336,210073.769216,-176.625445,212187.935464,63.250364,210182.961186,101.219416,995.098983,-18.395895,1007.476744,-138.742687,998.712000,59.964311,-0.000979,1,0
25.100000,-56.564895,211100.819014,-176.678101,210454.645152,63.295767,209387.235941,101.281800,1004.630400,-18.772834,992.003331,-138.699454,1005.879271,59.964834,0.006279,1,0
25.133000,-56.710060,210891.876048,-176.668774,210627.349763,63.390356,211271.007181,101.506787,998.872185,-18.854067,1005.147377,-138.614944,991.105622,59.972144,-0.009043,1,0
25.167000,-56.695427,210113.309096,-176.720663,211521.976561,63.282446,210190.798476,100.842700,1006.567356,-18.609168,996.253419,-138.509300,993.827472,59.968273,-0.000545,1,0
25.200000,-56.723271,209653.352514,-176.825865,210883.673377,63.310984,210189.087549,101.360728,998.378701,-19.006316,1004.582299,-138.708026,981.862403,59.964974,0.001444,1,0
25.233000,-56.605050,208859.884586,-176.634648,209940.563688,63.238194,210160.170014,101.054003,1007.954571,-18.474148,1002.453539,-138.696962,993.822413,59.966780,0.005997,1,0
25.267000,-56.742849,212391.339041,-176.660679,211525.544963,63.398438,209917.393166,100.760420,1004.637607,-18.573168,994.878649,-138.971725,996.969579,59.966638,0.000647,1,0
25.300000,-56.836742,209283.416917,-176.675821,210589.529060,63.175561,209417.995947,101.368898,993.062309,-18.796808,992.087154,-138.498250,997.966813,59.966025,-0.007439,1,0
25.333000,-56.476958,212069.821186,-176.712196,208907.223729,63.226051,210342.521130,101.442547,999.337411,-18.883139,996.017645,-138.547749,1008.651866,59.956873,0.001948,1,0
25.367000,-56.879090,211811.208996,-176.854451,209754.320545,63.213457,211266.086602,101.102003,1003.512063,-18.733694,1002.063515,-138.789523,1009.458087,59.957847,-0.007007,1,0
25.400000,-56.584091,209840.730955,-176.927930,210001.879003,63.104792,210730.181611,101.579479,1000.531426,-19.157758,994.695492,-139.132980,1000.953176,59.963227,0.002836,1,0
25.433000,-56.896301,208861.210155,-176.677399,211734.102748,63.192400,211571.559765,101.164070,990.516459,-18.555793,1015.346595,-138.802701,992.465843,59.959591,-0.006442,1,0
25.467000,-56.815768,210056.743838,-176.749491,210651.064419,63.243423,211577.434172,101.283132,1009.924538,-18.671839,995.850015,-138.943604,998.515618,59.960889,0.006378,1,0
25.500000,-56.742604,209555.933940,-176.722356,210143.035608,63.362785,210940.775971,101.107162,993.849710,-18.835762,996.846023,-138.537209,1008.883821,59.960086,-0.006534,1,0
25.533000,-56.977386,210667.733808,-176.998644,210766.264341,63.074183,211027.707122,101.071133,1004.389237,-19.288744,1012.199064,-139.038701,1004.524989,59.961979,-0.004612,1,0
25.567000,-56.713611,211765.345441,-176.853885,210615.838574,63.222292,209982.987191,101.384277,1011.617875,-18.601037,1006.779662,-138.582710,997.158951,59.956545,0.012546,1,0
25.600000,-56.897654,210804.193439,-176.801759,211627.962542,63.190980,211715.976316,101.312001,1006.461267,-18.980438,1005.912117,-138.362691,1004.272830,59.954422,0.006676,1,0
25.633000,-56.657461,211816.394324,-176.935614,210805.424319,63.307822,209802.276430,101.430553,1008.038663,-19.123900,992.006518,-138.384728,998.390431,59.959285,-0.002936,1,0
25.667000,-56.860442,211002.934517,-176.867063,210476.872814,63.212033,210672.930816,100.907957,1015.112405,-18.826150,1004.916716,-138.893970,1003.269097,59.963839,0.003850,1,0
25.700000,-56.861341,211150.734092,-176.727005,211580.130025,63.272652,211580.597005,101.162275,996.084461,-18.517482,1010.720454,-139.021905,994.115508,59.962321,-0.003460,1,0
25.733000,-56.948539,210169.351493,-176.790130,210924.362366,62.966397,210627.200365,101.020437,1001.824153,-18.727765,1013.058480,-139.375084,996.839224,59.950969,-0.006030,1,0
25.767000,-57.037498,210955.943242,-176.997510,210491.007831,63.203333,211762.773586,100.804828,1001.497499,-19.146789,997.518266,-138.941310,1003.181874,59.959822,-0.003136,1,0
25.800000,-56.832395,210589.781972,-176.686732,209396.574930,63.101646,209955.522341,101.201306,998.924704,-18.734645,998.296259,-138.768247,1001.455667,59.961741,-0.000531,1,0
25.833000,-56.735008,210636.928871,-176.880336,210907.876171,63.107165,209260.302582,101.060318,996.071515,-19.223281,994.347753,-138.927534,998.961432,59.960073,0.004279,1,0
25.867000,-56.917262,209520.204430,-177.071572,209513.685878,63.120027,210837.251929,101.033245,996.611859,-19.177561,1001.897845,-138.784386,1008.003551,59.951412,-0.000764,1,0
25.900000,-56.822598,210848.759173,-176.939669,211515.397280,63.150908,210480.879439,101.372732,1003.111240,-18.739554,996.479622,-138.741424,1002.228944,59.953066,-0.007057,1,0
25.933000,-57.003375,210542.432638,-176.855686,209187.075636,63.235667,211584.781956,101.324150,1003.516146,-18.830099,1002.495750,-138.823559,1005.198829,59.953269,-0.000464,1,0
25.967000,-56.810052,211346.289985,-176.885666,211492.657546,63.227848,210316.865191,101.137485,997.735910,-18.807191,1002.990504,-138.992034,1000.161398,59.953109,-0.002797,1,0
26.000000,-56.933637,211351.065376,-176.920298,211701.990755,63.029672,211016.420505,101.016005,1008.060721,-19.189398,1003.991936,-138.940220,999.687708,59.954094,0.001352,1,0
26.033000,-56.833296,210602.216124,-176.874277,212005.695387,63.188055,210110.063391,101.297646,1007.715153,-18.799698,998.362179,-139.058107,994.430529,59.945958,0.001093,1,0
26.067000,-56.868226,210326.159618,-176.803452,212418.304419,63.179583,211149.507499,101.427376,999.126624,-18.892407,994.313293,-138.563296,1008.603286,59.949565,-0.005309,1,0
26.100000,-56.962694,209991.649955,-176.945213,210290.043828,63.139044,209150.192313,101.223715,984.527657,-18.893786,996.345313,-138.903631,995.444248,59.948990,-0.000855,1,0
26.133000,-56.705636,211880.638243,-176.707756,210222.909448,63.082092,210160.502275,101.109959,1000.344548,-18.892821,997.253521,-138.822257,998.619727,59.945530,-0.004991,1,0
26.167000,-56.915638,209819.653983,-176.661356,209086.292806,63.308395,210176.578553,101.114613,998.640644,-18.653063,997.120381,-138.557223,1002.607268,59.948853,-0.008822,1,0
26.200000,-56.787920,210019.155399,-176.891225,209823.283781,63.223161,209295.099109,101.226529,993.356933,-18.516062,999.447968,-138.662532,998.970754,59.940772,-0.007853,1,0
26.233000,-56.731802,210306.186512,-176.768816,210775.267314,63.200491,212049.099284,101.271149,1002.569355,-18.915367,1008.384344,-139.233142,998.627383,59.944276,-0.005988,1,0
26.267000,-56.738648,210537.541187,-176.797943,212573.184405,63.150268,210190.241799,101.311965,991.996061,-18.423966,995.350513,-138.736214,996.367600,59.953475,-0.002365,1,0
26.300000,-56.683956,210374.160086,-176.766120,210067.802833,63.217714,210868.715089,101.518258,989.244807,-18.716578,990.387868,-139.000795,1003.764751,59.946127,0.012800,1,0
26.333000,-56.747452,210172.047412,-176.807278,210205.344248,63.176727,212637.533587,101.631254,1003.514268,-18.991753,1005.660860,-138.654406,994.651185,59.945773,-0.008208,1,0
26.367000,-56.827080,211170.333005,-176.810255,209341.275056,63.240244,210102.113503,101.097458,996.165153,-18.962409,999.399474,-138.752928,1003.581772,59.947247,0.011438,1,0
26.400000,-56.855798,209602.160140,-176.662879,209792.462111,63.467267,209550.991173,101.198570,984.217935,-18.370810,1002.432122,-138.340800,993.713236,59.945142,0.004789,1,0
26.433000,-56.743001,210366.136039,-177.041669,209071.557239,63.151779,209764.087168,101.420461,998.427443,-19.079217,985.423622,-138.978378,992.460574,59.943018,-0.000028,1,0
26.467000,-56.872787,210157.777144,-176.942120,211130.185761,63.395786,210169.469671,100.954716,986.692103,-18.821895,991.160876,-138.326453,993.507714,59.951029,0.005919,1,0
26.500000,-56.879213,210220.756488,-176.931519,209391.679377,63.165001,210106.074485,101.072433,985.027271,-18.724080,1000.879980,-138.985404,983.288348,59.944986,-0.001973,1,0
26.533000,-56.854596,208376.332613,-176.654658,209252.033052,63.056101,209854.586537,101.586085,997.970295,-18.460815,987.192894,-138.710523,996.787093,59.947500,0.013915,1,0
26.567000,-56.659525,209962.750465,-176.799080,212308.329376,63.220752,209989.032502,101.306724,986.590086,-18.684968,994.500021,-138.714066,996.121145,59.943750,0.002795,1,0
26.600000,-56.682000,210902.992693,-176.792247,210051.532263,63.247879,210975.272820,101.210039,996.517831,-18.790447,1005.627512,-138.483653,994.158453,59.944401,0.001467,1,0
26.633000,-56.807628,211053.445450,-176.786479,210628.668943,63.306861,210551.371562,101.357734,998.236668,-19.043255,999.627328,-138.743817,998.153121,59.948414,0.002690,1,0
26.667000,-56.814259,210277.944826,-176.629759,209224.863514,63.037489,209568.626106,100.908797,986.747635,-18.579926,994.842969,-138.827457,997.699142,59.953045,0.000440,1,0
26.700000,-56.870526,210212.129058,-176.563246,208735.531082,63.342815,210450.764987,101.219045,994.003108,-18.292420,992.154557,-138.848578,991.289228,59.949558,-0.000610,1,0
26.733000,-56.649266,210963.102405,-176.834997,209735.846902,63.176242,209776.070048,101.286260,999.837192,-18.587158,1011.482985,-138.577141,996.023765,59.942452,0.009231,1,0
26.767000,-56.866169,210323.472828,-176.918670,208924.946404,63.127120,210251.853854,101.279037,998.302323,-18.991926,998.512219,-138.893719,994.047749,59.944488,-0.009905,1,0
26.800000,-56.688002,209720.038448,-176.770208,210027.380838,63.093731,209578.838745,101.235870,995.491674,-18.510483,988.782327,-139.048746,997.279281,59.943332,0.007334,1,0
26.833000,-57.104950,209744.008840,-176.637252,209354.541900,63.228686,210396.838625,101.097818,1007.041395,-18.418102,1001.345181,-138.694657,999.612756,59.944764,-0.006015,1,0
26.867000,-56.791619,210062.936917,-176.890953,208380.137073,63.213147,209577.645095,101.572965,1006.453287,-19.115285,991.231271,-138.539051,997.187105,59.945374,-0.014183,1,0
26.900000,-56.683879,210110.772734,-176.926614,209685.018687,63.191725,208558.408117,101.445261,992.707523,-19.093239,998.641808,-138.778058,996.367516,59.940621,-0.019798,1,0
26.933000,-56.794856,210390.464205,-176.815028,209157.525112,63.156519,210971.104106,101.347838,993.914843,-18.678534,991.104732,-138.646238,981.396477,59.946376,0.004641,1,0
26.967000,-56.781346,210091.680729,-176.758892,209485.459946,63.329804,209406.087553,101.293148,993.507614,-18.884183,991.486581,-138.687316,996.576613,59.944784,0.005198,1,0
27.000000,-56.699792,210221.717519,-176.720905,210872.623740,63.209788,209300.115173,101.388547,989.682753,-18.648902,1002.961387,-138.526764,992.046167,59.946657,-0.002384,1,0
27.033000,-56.698786,209779.684244,-176.716330,209281.198346,63.266208,210600.148450,101.352059,994.429174,-19.050449,987.653092,-138.803458,997.717946,59.942272,-0.009059,1,0
27.067000,-56.656628,208978.269942,-176.650546,209220.479917,63.288504,209266.580275,101.324328,1005.147040,-18.927732,997.712189,-138.642403,1004.313645,59.944943,0.006096,1,0
27.100000,-56.783636,210649.498627,-176.732415,209812.854915,63.205504,210101.267681,102.085959,993.665503,-18.765802,990.421010,-138.625874,997.423790,59.940397,-0.001963,1,0
27.133000,-56.666988,208952.536954,-176.742547,210286.798658,63.363235,209213.222025,101.219691,984.767403,-19.157008,993.542573,-138.435552,993.218481,59.940882,0.004422,1,0
27.167000,-56.697495,209077.173421,-176.853276,210477.324199,63.277275,211745.538590,101.619529,998.701890,-18.743835,986.558922,-138.690975,996.744434,59.944723,-0.015113,1,0
27.200000,-56.754949,209084.440943,-176.722909,210088.720872,63.394410,210057.785554,101.084697,998.520643,-19.066873,994.571303,-139.126271,987.074739,59.944132,0.007077,1,0
27.233000,-56.976903,209100.206887,-176.668966,208764.625775,63.185696,209276.209477,100.875969,990.229235,-18.594165,998.754998,-138.881810,999.459405,59.935353,0.000902,1,0
27.267000,-56.606148,210653.379400,-176.690724,209282.091281,63.299561,210061.808076,101.242664,1007.766496,-18.765271,1000.560381,-138.763465,1003.462579,59.942956,0.005585,1,0
27.300000,-56.780069,210579.685256,-176.663788,209932.708887,63.257465,210934.909758,101.329815,986.616471,-18.849221,994.971391,-138.679057,1000.376774,59.941254,-0.000492,1,0
27.333000,-56.703287,213233.627392,-176.686443,208267.330754,63.093872,210483.532626,101.030075,999.075611,-18.724532,997.719481,-138.671893,990.177267,59.948471,0.000154,1,0
27.367000,-56.932618,210135.215087,-176.723722,208507.960345,63.317278,209319.872015,101.337981,1003.108589,-18.795893,996.286172,-138.782583,997.428570,59.939198,0.013796,1,0
27.400000,-56.785758,210824.227691,-176.550754,210991.491102,63.431301,211212.433354,101.144037,1003.977554,-18.378831,985.969059,-138.757924,994.803982,59.944533,-0.000014,1,0
27.433000,-56.672168,208246.165658,-176.478735,207977.388243,63.231112,210216.051193,101.091693,991.035456,-18.602684,995.031751,-138.764335,989.770837,59.939139,0.007183,1,0
27.467000,-56.904643,207600.970348,-176.688646,207919.452746,63.435911,209298.985354,101.257843,1001.534950,-18.599819,992.121082,-138.519826,1003.450274,59.947537,0.001401,1,0
27.500000,-56.538689,209299.794286,-176.746782,209557.638931,63.413634,208921.706344,101.392103,992.601765,-18.675538,1002.476033,-138.491726,994.740216,59.951496,-0.005715,1,0
27.533000,-56.700621,210375.523219,-176.740179,209725.537741,63.416593,210522.690812,101.336975,997.451549,-18.681283,1001.858133,-138.663374,1004.857809,59.943209,-0.000469,1,0
27.567000,-56.684220,208958.778949,-176.379325,211244.440973,63.488967,209523.505536,101.194103,1004.698507,-18.510810,1009.588274,-138.378034,1001.806791,59.946084,-0.003093,1,0
27.600000,-56.669595,209087.870686,-176.443310,207488.986144,63.156701,209394.784001,101.465242,996.473334,-18.051106,1002.689738,-138.893843,999.040673,59.939313,0.011758,1,0
27.633000,-56.685663,208737.091935,-176.693586,208186.196842,63.284052,210272.061616,101.536343,998.780529,-18.800474,982.710423,-138.377002,987.813604,59.940409,0.007581,1,0
27.667000,-56.615551,209338.660009,-176.610754,208822.988134,63.357881,210053.008334,101.388296,986.089274,-18.323180,991.156247,-138.668138,995.622350,59.940838,0.011252,1,0
27.700000,-56.627707,208400.718861,-176.666566,208905.102453,63.390860,208865.594416,101.378855,1001.577390,-18.740096,989.296374,-138.682276,992.522798,59.945361,0.008135,1,0
27.733000,-56.563053,208162.763858,-176.496058,209234.660665,63.323822,207802.328393,101.596940,1000.178301,-18.415290,992.112920,-138.649437,982.809587,59.937811,0.003249,1,0
27.767000,-56.614946,211032.712363,-176.685186,209509.312944,63.304222,210421.857038,101.422854,1006.491381,-18.392620,1000.413605,-138.910732,994.118563,59.941206,0.000548,1,0
27.800000,-56.591908,208542.693809,-176.443161,211488.790774,63.326327,209136.031774,101.129026,988.222051,-18.534943,995.485616,-138.457675,988.306398,59.948843,0.008310,1,0
27.833000,-56.684212,209382.466625,-176.588148,209801.812674,63.301208,211009.998689,101.392064,1003.892957,-18.605097,988.655968,-138.768092,999.603285,59.939675,-0.001004,1,0
27.867000,-56.586028,210493.015990,-176.531154,210289.997550,63.656477,211253.026760,101.478826,1002.825643,-18.080602,1001.737513,-138.546214,995.084058,59.947904,0.012933,1,0
27.900000,-56.625195,210952.326611,-176.211079,209700.774908,63.491826,210394.984147,101.445459,1006.647914,-18.680693,1007.876167,-138.191399,994.420801,59.948073,0.001429,1,0
27.933000,-56.649497,209629.919391,-176.337963,210654.955675,63.507593,208886.095276,101.488780,996.579096,-18.144611,998.387715,-138.363813,996.902012,59.938548,0.007463,1,0
27.967000,-56.397943,210069.450975,-176.407300,210644.579677,63.416789,210378.368492,101.544187,997.418400,-18.685167,997.115583,-138.208035,995.613502,59.950060,0.008070,1,0
28.000000,-56.432289,210530.547779,-176.565567,210692.047133,63.413974,209822.504709,101.630539,997.427611,-18.920725,993.153983,-138.715146,993.560153,59.946132,0.000454,1,0
28.033000,-56.391816,209193.246521,-176.692318,210788.494777,63.639471,209656.102889,101.449024,999.246431,-18.462338,986.095284,-138.444104,989.181148,59.950282,0.007435,1,0
28.067000,-56.574886,209974.108343,-176.570585,208597.818184,63.426489,210171.430802,101.695717,1011.935516,-18.521747,998.693898,-138.493834,995.998003,59.945973,0.003848,1,0
28.100000,-56.228304,210746.986063,-176.508031,209478.517700,63.637066,210041.458096,101.548786,994.339062,-18.299843,994.188836,-138.284021,996.424812,59.951241,0.000986,1,0
28.133000,-56.616616,209291.246924,-176.544925,209858.974421,63.505017,209164.456574,101.530629,1011.111423,-18.454288,1007.367995,-138.641728,992.280898,59.951648,0.006384,1,0
28.167000,-56.616708,208974.255586,-176.671223,209397.522532,63.360253,209246.317249,101.184122,1006.627413,-18.624246,997.320042,-138.779211,998.388894,59.957091,0.007671,1,0
28.200000,-56.598958,208982.142944,-176.667879,209827.086742,63.349963,208858.122546,101.444491,999.752164,-18.948101,1002.354630,-138.658033,992.748337,59.947525,0.013568,1,0
28.233000,-56.467429,209234.439912,-176.485333,209155.449808,63.693113,208052.542081,101.818791,1003.211177,-18.235227,1001.872818,-138.539046,985.604785,59.954629,-0.011097,1,0
28.267000,-56.528822,210380.250073,-176.414836,209396.929132,63.349909,209398.795874,101.254109,999.003163,-18.437750,1000.436121,-138.760486,988.874078,59.948400,0.012150,1,0
28.300000,-56.518018,209234.114185,-176.521520,208332.968733,63.462100,208691.911493,101.377518,997.630071,-18.746132,991.630230,-138.736182,997.519920,59.938934,-0.001433,1,0
28.333000,-56.613401,208871.526819,-176.712578,208495.277510,63.323596,209002.331223,101.455168,999.806447,-18.927084,1004.999177,-138.929291,988.682171,59.946617,-0.004788,1,0
28.367000,-56.614117,209880.271783,-176.529454,209628.252641,63.361162,210015.800256,101.290793,1000.529350,-18.536442,993.856574,-138.745999,988.021082,59.949307,-0.000540,1,0
28.400000,-56.405971,209836.426746,-176.484041,207859.873942,63.445116,208066.626422,101.808667,1000.646063,-18.542008,1009.570922,-138.313298,1008.202430,59.957258,-0.008960,1,0
28.433000,-56.658788,207681.522353,-176.666555,208263.227093,63.303339,208734.827932,101.503463,997.556629,-18.647786,994.839832,-138.710329,999.011076,59.957824,0.003746,1,0
28.467000,-56.541697,209638.179215,-176.543110,210365.865193,63.388523,208763.093644,101.409320,999.052370,-18.506460,996.892869,-139.056856,985.379915,59.954845,0.002469,1,0
28.500000,-56.782560,207902.315433,-176.643586,210010.104019,63.274608,209328.727467,101.406328,987.954890,-18.633384,988.058679,-138.538296,998.529470,59.959622,-0.007122,1,0
28.533000,-56.719886,208531.968918,-176.495565,208815.530302,63.497173,210067.093518,101.432411,993.050076,-18.362411,1000.050718,-138.298937,993.134580,59.954407,-0.000573,1,0
28.567000,-56.545255,209548.593248,-176.723666,207966.980588,63.316602,209227.872103,101.558555,990.482112,-18.797359,995.504579,-138.692382,996.024084,59.954342,-0.009232,1,0
28.600000,-56.636517,209911.078288,-176.434446,209327.933413,63.307127,209710.766445,101.207255,1003.592046,-18.407383,1002.885223,-138.807692,1002.150111,59.957054,0.000275,1,0
28.633000,-56.766470,209688.163974,-176.537155,208718.781133,63.416563,208183.230437,101.365410,1002.398905,-18.485686,999.223985,-138.630307,1001.803680,59.950639,-0.006099,1,0
28.667000,-56.447554,207802.168401,-176.606568,208347.300749,63.359752,207283.799114,101.563031,995.002349,-18.823176,1005.065741,-138.157646,989.072403,59.952440,0.005812,1,0
28.700000,-56.610091,209163.857239,-176.565502,209072.099686,63.587773,208420.817860,101.318883,989.298133,-18.773767,1001.150044,-138.441577,1007.334901,59.956057,-0.000549,1,0
28.733000,-56.605186,209146.975227,-176.424278,208270.148191,63.294289,209726.786714,101.484380,987.084790,-18.383429,1006.177342,-138.702222,982.462197,59.949366,0.008662,1,0
28.767000,-56.578070,207756.846947,-176.587577,209270.707884,63.527467,208439.409139,101.825302,1004.742409,-18.731355,978.104419,-138.605110,1000.098340,59.945340,-0.001549,1,0
28.800000,-56.524675,209842.333828,-176.822609,208657.835387,63.427773,208281.238276,101.272048,998.085789,-18.994532,994.580497,-138.234973,993.134437,59.951371,-0.005903,1,0
28.833000,-56.666270,208825.397090,-176.418726,209035.786990,63.339864,208394.082820,101.443544,985.425982,-18.595404,1000.970467,-138.415456,990.077740,59.952226,-0.004542,1,0
28.867000,-56.576406,207995.907158,-176.597621,208499.367793,63.445308,209268.650790,101.223266,991.521675,-19.024509,995.204324,-138.366985,980.229546,59.954665,-0.003945,1,0
28.900000,-56.518377,209005.573371,-176.712980,209663.392105,63.467330,208506.594254,101.502354,999.834968,-18.776550,1002.184157,-138.670690,999.320735,59.948916,-0.000378,1,0
28.933000,-56.637972,207403.745908,-176.595779,209761.451401,63.571405,209923.103755,101.089400,990.730511,-18.838517,1010.134390,-138.476261,983.178393,59.952326,0.008308,1,0
28.967000,-56.541211,208678.925147,-176.576686,207573.786595,63.389315,209276.958323,101.525746,983.505269,-18.664487,993.602387,-138.344822,992.519608,59.957277,0.007225,1,0
29.000000,-56.544378,207420.913803,-176.393189,208314.238322,63.483303,208116.969512,101.410821,986.676139,-18.230031,993.534775,-138.084876,991.116558,59.950378,-0.008004,1,0
29.033000,-56.642471,206607.608022,-176.536660,210445.979022,63.430640,208586.649368,101.569694,992.588581,-18.544268,993.172423,-138.556415,992.912138,59.956465,-0.000643,1,0
29.067000,-56.660149,208933.407174,-176.599202,209391.376523,63.511039,210139.370139,101.542499,986.673727,-18.502173,990.550145,-139.009384,986.450604,59.958209,0.004964,1,0
29.100000,-56.520627,208439.780212,-176.606075,208518.689146,63.665304,208208.665254,101.445420,985.087977,-18.954133,988.459611,-138.434687,989.376052,59.955502,0.006446,1,0
29.133000,-56.642097,207438.407030,-176.569349,209952.161431,63.312231,209455.550383,101.329129,993.870592,-18.407421,992.123088,-138.448906,985.976248,59.950040,0.008155,1,0
29.167000,-56.484991,206782.742857,-176.473070,208819.446804,63.567797,208663.825430,101.286209,984.098951,-18.757988,985.166867,-138.449525,997.555825,59.950188,-0.006901,1,0
29.200000,-56.482664,207856.138159,-176.540030,207522.948871,63.475996,210022.960195,101.541288,980.185084,-18.658144,992.282063,-138.628185,995.314050,59.956973,0.006453,1,0
29.233000,-56.522791,209095.952726,-176.428735,208855.387069,63.360099,208436.591956,101.552133,989.134343,-18.299067,980.701873,-139.047880,995.895053,59.954506,-0.004482,1,0
29.267000,-56.516338,208141.486356,-176.442295,209249.800327,63.535301,208000.518141,101.456874,984.983426,-18.350972,984.709661,-138.318847,987.462182,59.960499,0.015221,1,0
29.300000,-56.466277,207955.988833,-176.392311,209572.126745,63.678055,208862.270315,101.459273,996.271554,-18.625836,980.464175,-138.131636,994.580241,59.952389,-0.013849,1,0
29.333000,-56.371461,208648.274478,-176.599954,206343.334186,63.553385,208826.452692,101.929783,987.000363,-18.709547,987.011727,-138.436636,987.633083,59.947414,-0.009206,1,0
29.367000,-56.485099,208145.396317,-176.518934,209482.774791,63.719955,209160.864745,102.135976,998.556336,-18.367843,988.115041,-138.390750,989.353908,59.956839,-0.006955,1,0
29.400000,-56.537065,207858.861220,-176.370069,209276.828745,63.491256,207595.972000,101.755457,986.035671,-18.367448,997.718571,-138.418658,990.484386,59.947516,0.000309,1,0
29.433000,-56.342892,208974.018814,-176.500559,209719.568033,63.617868,210554.741665,101.326048,997.933072,-18.785195,985.763492,-138.213660,995.937851,59.939453,0.010307,1,0
29.467000,-56.481631,208647.836185,-176.368704,209144.625401,63.403047,208604.480561,101.498839,999.078367,-18.513828,988.989802,-138.743081,986.981902,59.955452,-0.006745,1,0
29.500000,-56.366618,208396.031168,-176.540548,209036.007569,63.634550,208626.786534,101.562138,986.706168,-18.481377,989.338121,-138.487876,989.152461,59.946150,-0.009310,1,0
29.533000,-56.381065,209549.267583,-176.399022,209516.592843,63.688204,208800.322974,101.559406,984.028826,-18.685924,992.282442,-138.295319,985.482270,59.945918,0.008831,1,0
29.567000,-56.156417,208898.960887,-176.599430,208349.482071,63.501746,207589.268195,101.506218,983.869978,-18.552227,982.566808,-138.614251,990.958065,59.945813,-0.003795,1,0
29.600000,-56.158404,208354.379868,-176.517906,208366.623414,63.749920,209102.956046,101.709969,977.413073,-18.479079,996.196478,-138.108679,980.144667,59.934014,-0.011370,1,0
29.633000,-56.353747,208466.899494,-176.371618,207765.609398,63.613722,211337.689893,101.909964,982.702309,-18.505818,983.462714,-138.378496,988.506650,59.934635,-0.006251,1,0
29.667000,-56.343621,210118.846492,-176.357599,207562.001896,63.573965,207969.089336,101.370714,982.574123,-18.225162,994.392872,-138.420975,988.426572,59.934558,-0.002074,1,0
29.700000,-56.336456,207942.619605,-176.485335,208060.642063,63.598464,209176.798278,101.655874,987.285010,-18.441893,984.722285,-137.996753,983.086396,59.938841,0.009382,1,0
29.733000,-56.415945,209417.019054,-176.576341,208762.103467,63.832641,208922.348612,101.407521,970.463633,-18.450456,967.331248,-137.911486,977.180759,59.933804,0.001255,1,0
29.767000,-56.612288,207980.948600,-176.457262,208363.629596,63.355219,207909.173697,101.214549,976.798260,-18.390875,981.758223,-138.522413,983.274282,59.933556,0.008108,1,0
29.800000,-56.393648,207618.758266,-176.228297,210462.250497,63.579222,210253.409507,101.866164,973.923013,-18.375504,971.310777,-138.486914,979.872485,59.942300,0.002215,1,0
29.833000,-56.541027,209843.173574,-176.596223,208752.880157,63.507682,208952.310385,101.349153,982.581078,-18.625074,972.781649,-138.531509,966.437913,59.940098,-0.014249,1,0
29.867000,-56.216333,208421.661226,-176.497670,208703.015063,63.528000,209329.180971,101.837153,980.588512,-18.788411,967.015457,-138.337363,972.555925,59.943054,0.016644,1,0
29.900000,-56.510785,210380.320206,-176.391752,208929.156057,63.661151,209748.213058,101.324783,979.857907,-18.226980,981.324653,-138.544669,976.131608,59.943124,-0.010824,1,0
29.933000,-56.433827,209151.085252,-176.583768,208745.379973,63.532859,210359.875914,101.419575,983.759412,-18.526763,971.699380,-138.439396,977.414784,59.942699,0.004263,1,0
29.967000,-56.418294,209478.360360,-176.387570,209317.742787,63.475245,208894.111229,101.621153,971.928234,-18.676021,975.813154,-138.403288,978.018765,59.948763,0.000886,1,0
30.000000,-56.449108,207791.687154,-176.545093,209886.953961,63.648103,210453.167905,101.540711,984.059742,-18.829015,970.929584,-138.456686,977.658778,59.944437,-0.004745,1,0
